solid OpenSCAD_Model
  facet normal 1 -0 0
    outer loop
      vertex 23.396 0.7 5.2
      vertex 23.396 2.05 3.5
      vertex 23.396 2.05 5.2
    endloop
  endfacet
  facet normal 1 0 0
    outer loop
      vertex 23.396 2.05 3.5
      vertex 23.396 0.7 5.2
      vertex 23.396 2.05 1.7
    endloop
  endfacet
  facet normal 1 0 0
    outer loop
      vertex 23.396 0.7 0
      vertex 23.396 2.05 1.7
      vertex 23.396 0.7 5.2
    endloop
  endfacet
  facet normal 1 0 0
    outer loop
      vertex 23.396 2.05 1.7
      vertex 23.396 0.7 0
      vertex 23.396 2.05 0
    endloop
  endfacet
  facet normal 1 0 0
    outer loop
      vertex 23.396 2.1 1.7
      vertex 23.396 3.05 2.85
      vertex 23.396 2.1 3.5
    endloop
  endfacet
  facet normal 1 0 0
    outer loop
      vertex 23.396 3.05 2.85
      vertex 23.396 2.1 1.7
      vertex 23.396 3.05 2.15
    endloop
  endfacet
  facet normal 1 -0 0
    outer loop
      vertex 23.396 2.05 3.5
      vertex 23.396 2.1 1.7
      vertex 23.396 2.1 3.5
    endloop
  endfacet
  facet normal 1 0 0
    outer loop
      vertex 23.396 2.1 1.7
      vertex 23.396 2.05 3.5
      vertex 23.396 2.05 1.7
    endloop
  endfacet
  facet normal 0 0 -1
    outer loop
      vertex 16.196 0.7 0
      vertex 23.396 2.05 0
      vertex 23.396 0.7 0
    endloop
  endfacet
  facet normal -0 0 -1
    outer loop
      vertex 23.396 2.05 0
      vertex 16.196 0.7 0
      vertex 16.196 2.05 0
    endloop
  endfacet
  facet normal -1 0 0
    outer loop
      vertex 16.196 0.7 0
      vertex 16.196 2.05 1.7
      vertex 16.196 2.05 0
    endloop
  endfacet
  facet normal -1 -0 0
    outer loop
      vertex 16.196 2.05 1.7
      vertex 16.196 0.7 0
      vertex 16.196 2.05 3.5
    endloop
  endfacet
  facet normal -1 0 0
    outer loop
      vertex 16.196 0.7 5.2
      vertex 16.196 2.05 3.5
      vertex 16.196 0.7 0
    endloop
  endfacet
  facet normal -1 0 0
    outer loop
      vertex 16.196 2.05 3.5
      vertex 16.196 0.7 5.2
      vertex 16.196 2.05 5.2
    endloop
  endfacet
  facet normal -1 0 0
    outer loop
      vertex 16.196 2.1 1.7
      vertex 16.196 3.05 2.85
      vertex 16.196 3.05 2.15
    endloop
  endfacet
  facet normal -1 0 0
    outer loop
      vertex 16.196 2.1 1.7
      vertex 16.196 2.1 3.5
      vertex 16.196 3.05 2.85
    endloop
  endfacet
  facet normal -1 0 0
    outer loop
      vertex 16.196 2.05 1.7
      vertex 16.196 2.1 3.5
      vertex 16.196 2.1 1.7
    endloop
  endfacet
  facet normal -1 -0 0
    outer loop
      vertex 16.196 2.1 3.5
      vertex 16.196 2.05 1.7
      vertex 16.196 2.05 3.5
    endloop
  endfacet
  facet normal 0 1 -0
    outer loop
      vertex 23.396 2.05 3.5
      vertex 16.196 2.05 5.2
      vertex 23.396 2.05 5.2
    endloop
  endfacet
  facet normal 0 1 0
    outer loop
      vertex 16.196 2.05 5.2
      vertex 23.396 2.05 3.5
      vertex 16.196 2.05 3.5
    endloop
  endfacet
  facet normal 0 1 0
    outer loop
      vertex 23.396 2.05 1.7
      vertex 20.146 2.05 0.599999
      vertex 20.146 2.05 1.7
    endloop
  endfacet
  facet normal 0 1 0
    outer loop
      vertex 20.146 2.05 0.599999
      vertex 23.396 2.05 0
      vertex 19.446 2.05 0.599999
    endloop
  endfacet
  facet normal 0 1 -0
    outer loop
      vertex 23.396 2.05 0
      vertex 20.146 2.05 0.599999
      vertex 23.396 2.05 1.7
    endloop
  endfacet
  facet normal 0 1 -0
    outer loop
      vertex 19.446 2.05 0.599999
      vertex 16.196 2.05 1.7
      vertex 19.446 2.05 1.7
    endloop
  endfacet
  facet normal 0 1 0
    outer loop
      vertex 19.446 2.05 0.599999
      vertex 16.196 2.05 0
      vertex 16.196 2.05 1.7
    endloop
  endfacet
  facet normal 0 1 0
    outer loop
      vertex 16.196 2.05 0
      vertex 19.446 2.05 0.599999
      vertex 23.396 2.05 0
    endloop
  endfacet
  facet normal 0 -1 0
    outer loop
      vertex 16.196 0.7 5.2
      vertex 19.446 0.7 3.4
      vertex 23.396 0.7 5.2
    endloop
  endfacet
  facet normal 0 -1 0
    outer loop
      vertex 16.196 0.7 0
      vertex 19.446 0.7 3.4
      vertex 16.196 0.7 5.2
    endloop
  endfacet
  facet normal 0 -1 -0
    outer loop
      vertex 19.446 0.7 0.599999
      vertex 16.196 0.7 0
      vertex 20.146 0.7 0.599999
    endloop
  endfacet
  facet normal 0 -1 -0
    outer loop
      vertex 19.446 0.7 3.4
      vertex 16.196 0.7 0
      vertex 19.446 0.7 0.599999
    endloop
  endfacet
  facet normal 0 -1 0
    outer loop
      vertex 20.146 0.7 3.4
      vertex 23.396 0.7 5.2
      vertex 19.446 0.7 3.4
    endloop
  endfacet
  facet normal 0 -1 0
    outer loop
      vertex 23.396 0.7 0
      vertex 20.146 0.7 3.4
      vertex 20.146 0.7 0.599999
    endloop
  endfacet
  facet normal 0 -1 0
    outer loop
      vertex 20.146 0.7 3.4
      vertex 23.396 0.7 0
      vertex 23.396 0.7 5.2
    endloop
  endfacet
  facet normal 0 -1 0
    outer loop
      vertex 23.396 0.7 0
      vertex 20.146 0.7 0.599999
      vertex 16.196 0.7 0
    endloop
  endfacet
  facet normal 0 0.428086 -0.903738
    outer loop
      vertex 16.196 2.1 1.7
      vertex 19.446 3.05 2.15
      vertex 19.446 2.1 1.7
    endloop
  endfacet
  facet normal 0 0.428086 -0.903738
    outer loop
      vertex 19.446 3.05 2.15
      vertex 16.196 2.1 1.7
      vertex 16.196 3.05 2.15
    endloop
  endfacet
  facet normal 0 0.428086 -0.903738
    outer loop
      vertex 20.146 2.1 1.7
      vertex 23.396 3.05 2.15
      vertex 23.396 2.1 1.7
    endloop
  endfacet
  facet normal 0 0.428086 -0.903738
    outer loop
      vertex 23.396 3.05 2.15
      vertex 20.146 2.1 1.7
      vertex 20.146 3.05 2.15
    endloop
  endfacet
  facet normal 0 0.564682 0.825309
    outer loop
      vertex 19.446 3.05 2.85
      vertex 16.196 3.05 2.85
      vertex 19.446 2.24615 3.4
    endloop
  endfacet
  facet normal 0 0.564682 0.825309
    outer loop
      vertex 20.146 2.24615 3.4
      vertex 23.396 3.05 2.85
      vertex 20.146 3.05 2.85
    endloop
  endfacet
  facet normal -6.68265e-07 0.564684 0.825307
    outer loop
      vertex 23.396 3.05 2.85
      vertex 20.146 2.24615 3.4
      vertex 23.396 2.1 3.5
    endloop
  endfacet
  facet normal -0 0.564694 0.8253
    outer loop
      vertex 19.446 2.24615 3.4
      vertex 23.396 2.1 3.5
      vertex 20.146 2.24615 3.4
    endloop
  endfacet
  facet normal 0 0.564694 0.8253
    outer loop
      vertex 19.446 2.24615 3.4
      vertex 16.196 2.1 3.5
      vertex 23.396 2.1 3.5
    endloop
  endfacet
  facet normal 6.68265e-07 0.564684 0.825307
    outer loop
      vertex 16.196 2.1 3.5
      vertex 19.446 2.24615 3.4
      vertex 16.196 3.05 2.85
    endloop
  endfacet
  facet normal -0 0 1
    outer loop
      vertex 16.196 2.1 3.5
      vertex 23.396 2.05 3.5
      vertex 23.396 2.1 3.5
    endloop
  endfacet
  facet normal 0 0 1
    outer loop
      vertex 23.396 2.05 3.5
      vertex 16.196 2.1 3.5
      vertex 16.196 2.05 3.5
    endloop
  endfacet
  facet normal 0 0 -1
    outer loop
      vertex 16.196 2.05 1.7
      vertex 19.446 2.1 1.7
      vertex 19.446 2.05 1.7
    endloop
  endfacet
  facet normal -0 0 -1
    outer loop
      vertex 19.446 2.1 1.7
      vertex 16.196 2.05 1.7
      vertex 16.196 2.1 1.7
    endloop
  endfacet
  facet normal 0 0 -1
    outer loop
      vertex 20.146 2.05 1.7
      vertex 23.396 2.1 1.7
      vertex 23.396 2.05 1.7
    endloop
  endfacet
  facet normal -0 0 -1
    outer loop
      vertex 23.396 2.1 1.7
      vertex 20.146 2.05 1.7
      vertex 20.146 2.1 1.7
    endloop
  endfacet
  facet normal 0 1 -0
    outer loop
      vertex 23.396 3.05 2.15
      vertex 20.146 3.05 2.85
      vertex 23.396 3.05 2.85
    endloop
  endfacet
  facet normal 0 1 0
    outer loop
      vertex 20.146 3.05 2.85
      vertex 23.396 3.05 2.15
      vertex 20.146 3.05 2.15
    endloop
  endfacet
  facet normal 0 1 -0
    outer loop
      vertex 19.446 3.05 2.15
      vertex 16.196 3.05 2.85
      vertex 19.446 3.05 2.85
    endloop
  endfacet
  facet normal 0 1 0
    outer loop
      vertex 16.196 3.05 2.85
      vertex 19.446 3.05 2.15
      vertex 16.196 3.05 2.15
    endloop
  endfacet
  facet normal -1 0 0
    outer loop
      vertex 20.146 2.05 0.599999
      vertex 20.146 0.7 0.599999
      vertex 20.146 2.05 1.7
    endloop
  endfacet
  facet normal -1 0 0
    outer loop
      vertex 20.146 2.1 1.7
      vertex 20.146 3.05 2.85
      vertex 20.146 3.05 2.15
    endloop
  endfacet
  facet normal -1 -0 0
    outer loop
      vertex 20.146 3.05 2.85
      vertex 20.146 2.1 1.7
      vertex 20.146 2.24615 3.4
    endloop
  endfacet
  facet normal -1 0 0
    outer loop
      vertex 20.146 2.05 1.7
      vertex 20.146 2.24615 3.4
      vertex 20.146 2.1 1.7
    endloop
  endfacet
  facet normal -1 0 0
    outer loop
      vertex 20.146 0.7 3.4
      vertex 20.146 2.05 1.7
      vertex 20.146 0.7 0.599999
    endloop
  endfacet
  facet normal -1 0 0
    outer loop
      vertex 20.146 2.05 1.7
      vertex 20.146 0.7 3.4
      vertex 20.146 2.24615 3.4
    endloop
  endfacet
  facet normal 0 0 -1
    outer loop
      vertex 19.446 0.7 3.4
      vertex 20.146 2.24615 3.4
      vertex 20.146 0.7 3.4
    endloop
  endfacet
  facet normal -0 0 -1
    outer loop
      vertex 20.146 2.24615 3.4
      vertex 19.446 0.7 3.4
      vertex 19.446 2.24615 3.4
    endloop
  endfacet
  facet normal -0 0 1
    outer loop
      vertex 19.446 2.05 0.599999
      vertex 20.146 0.7 0.599999
      vertex 20.146 2.05 0.599999
    endloop
  endfacet
  facet normal 0 0 1
    outer loop
      vertex 20.146 0.7 0.599999
      vertex 19.446 2.05 0.599999
      vertex 19.446 0.7 0.599999
    endloop
  endfacet
  facet normal 1 0 0
    outer loop
      vertex 19.446 2.1 1.7
      vertex 19.446 3.05 2.85
      vertex 19.446 2.24615 3.4
    endloop
  endfacet
  facet normal 1 0 0
    outer loop
      vertex 19.446 3.05 2.85
      vertex 19.446 2.1 1.7
      vertex 19.446 3.05 2.15
    endloop
  endfacet
  facet normal 1 0 0
    outer loop
      vertex 19.446 2.24615 3.4
      vertex 19.446 2.05 1.7
      vertex 19.446 2.1 1.7
    endloop
  endfacet
  facet normal 1 -0 0
    outer loop
      vertex 19.446 0.7 3.4
      vertex 19.446 2.05 1.7
      vertex 19.446 2.24615 3.4
    endloop
  endfacet
  facet normal 1 0 0
    outer loop
      vertex 19.446 0.7 0.599999
      vertex 19.446 2.05 1.7
      vertex 19.446 0.7 3.4
    endloop
  endfacet
  facet normal 1 0 0
    outer loop
      vertex 19.446 2.05 1.7
      vertex 19.446 0.7 0.599999
      vertex 19.446 2.05 0.599999
    endloop
  endfacet
  facet normal 1 -0 0
    outer loop
      vertex 23.396 32.7 2.85
      vertex 23.396 33.65 1.7
      vertex 23.396 33.65 3.5
    endloop
  endfacet
  facet normal 1 0 0
    outer loop
      vertex 23.396 33.65 1.7
      vertex 23.396 32.7 2.85
      vertex 23.396 32.7 2.15
    endloop
  endfacet
  facet normal 1 0 0
    outer loop
      vertex 23.396 33.65 3.5
      vertex 23.396 35 5
      vertex 23.396 33.65 5
    endloop
  endfacet
  facet normal 1 0 0
    outer loop
      vertex 23.396 33.65 1.7
      vertex 23.396 35 5
      vertex 23.396 33.65 3.5
    endloop
  endfacet
  facet normal 1 0 0
    outer loop
      vertex 23.396 35 5
      vertex 23.396 33.65 1.7
      vertex 23.396 35 0
    endloop
  endfacet
  facet normal 1 0 0
    outer loop
      vertex 23.396 35 0
      vertex 23.396 33.65 1.7
      vertex 23.396 33.65 0
    endloop
  endfacet
  facet normal 0 0 -1
    outer loop
      vertex 16.196 33.65 0
      vertex 23.396 35 0
      vertex 23.396 33.65 0
    endloop
  endfacet
  facet normal -0 0 -1
    outer loop
      vertex 23.396 35 0
      vertex 16.196 33.65 0
      vertex 16.196 35 0
    endloop
  endfacet
  facet normal -1 0 0
    outer loop
      vertex 16.196 32.7 2.85
      vertex 16.196 33.65 1.7
      vertex 16.196 32.7 2.15
    endloop
  endfacet
  facet normal -1 0 0
    outer loop
      vertex 16.196 33.65 1.7
      vertex 16.196 32.7 2.85
      vertex 16.196 33.65 3.5
    endloop
  endfacet
  facet normal -1 0 0
    outer loop
      vertex 16.196 33.65 1.7
      vertex 16.196 35 0
      vertex 16.196 33.65 0
    endloop
  endfacet
  facet normal -1 0 0
    outer loop
      vertex 16.196 35 0
      vertex 16.196 33.65 1.7
      vertex 16.196 35 5
    endloop
  endfacet
  facet normal -1 0 0
    outer loop
      vertex 16.196 33.65 3.5
      vertex 16.196 35 5
      vertex 16.196 33.65 1.7
    endloop
  endfacet
  facet normal -1 -0 0
    outer loop
      vertex 16.196 35 5
      vertex 16.196 33.65 3.5
      vertex 16.196 33.65 5
    endloop
  endfacet
  facet normal 0 1 0
    outer loop
      vertex 23.396 35 5
      vertex 20.146 35 3.4
      vertex 16.196 35 5
    endloop
  endfacet
  facet normal 0 1 -0
    outer loop
      vertex 23.396 35 0
      vertex 20.146 35 3.4
      vertex 23.396 35 5
    endloop
  endfacet
  facet normal 0 1 0
    outer loop
      vertex 20.146 35 0.599999
      vertex 23.396 35 0
      vertex 19.446 35 0.599999
    endloop
  endfacet
  facet normal 0 1 0
    outer loop
      vertex 20.146 35 3.4
      vertex 23.396 35 0
      vertex 20.146 35 0.599999
    endloop
  endfacet
  facet normal 0 1 -0
    outer loop
      vertex 19.446 35 3.4
      vertex 16.196 35 5
      vertex 20.146 35 3.4
    endloop
  endfacet
  facet normal 0 1 0
    outer loop
      vertex 16.196 35 0
      vertex 19.446 35 3.4
      vertex 19.446 35 0.599999
    endloop
  endfacet
  facet normal 0 1 0
    outer loop
      vertex 19.446 35 3.4
      vertex 16.196 35 0
      vertex 16.196 35 5
    endloop
  endfacet
  facet normal 0 1 0
    outer loop
      vertex 16.196 35 0
      vertex 19.446 35 0.599999
      vertex 23.396 35 0
    endloop
  endfacet
  facet normal 0 -1 0
    outer loop
      vertex 16.196 33.65 3.5
      vertex 23.396 33.65 5
      vertex 16.196 33.65 5
    endloop
  endfacet
  facet normal 0 -1 -0
    outer loop
      vertex 23.396 33.65 5
      vertex 16.196 33.65 3.5
      vertex 23.396 33.65 3.5
    endloop
  endfacet
  facet normal 0 -1 0
    outer loop
      vertex 16.196 33.65 1.7
      vertex 19.446 33.65 0.599999
      vertex 19.446 33.65 1.7
    endloop
  endfacet
  facet normal 0 -1 -0
    outer loop
      vertex 19.446 33.65 0.599999
      vertex 16.196 33.65 0
      vertex 20.146 33.65 0.599999
    endloop
  endfacet
  facet normal 0 -1 0
    outer loop
      vertex 16.196 33.65 0
      vertex 19.446 33.65 0.599999
      vertex 16.196 33.65 1.7
    endloop
  endfacet
  facet normal 0 -1 0
    outer loop
      vertex 20.146 33.65 0.599999
      vertex 23.396 33.65 1.7
      vertex 20.146 33.65 1.7
    endloop
  endfacet
  facet normal 0 -1 0
    outer loop
      vertex 20.146 33.65 0.599999
      vertex 23.396 33.65 0
      vertex 23.396 33.65 1.7
    endloop
  endfacet
  facet normal 0 -1 0
    outer loop
      vertex 23.396 33.65 0
      vertex 20.146 33.65 0.599999
      vertex 16.196 33.65 0
    endloop
  endfacet
  facet normal -4.39063e-07 -0.428086 -0.903738
    outer loop
      vertex 23.396 32.7 2.15
      vertex 20.146 33.55 1.74737
      vertex 23.396 33.65 1.7
    endloop
  endfacet
  facet normal 0 -0.428085 -0.903738
    outer loop
      vertex 23.396 32.7 2.15
      vertex 19.446 33.55 1.74737
      vertex 20.146 33.55 1.74737
    endloop
  endfacet
  facet normal 0 -0.428085 -0.903738
    outer loop
      vertex 16.196 32.7 2.15
      vertex 19.446 33.55 1.74737
      vertex 23.396 32.7 2.15
    endloop
  endfacet
  facet normal 4.39063e-07 -0.428086 -0.903738
    outer loop
      vertex 16.196 33.65 1.7
      vertex 19.446 33.55 1.74737
      vertex 16.196 32.7 2.15
    endloop
  endfacet
  facet normal 0 -0.428098 -0.903732
    outer loop
      vertex 19.446 33.55 1.74737
      vertex 16.196 33.65 1.7
      vertex 19.446 33.65 1.7
    endloop
  endfacet
  facet normal -0 -0.428098 -0.903732
    outer loop
      vertex 23.396 33.65 1.7
      vertex 20.146 33.55 1.74737
      vertex 20.146 33.65 1.7
    endloop
  endfacet
  facet normal 0 -1 0
    outer loop
      vertex 16.196 32.7 2.15
      vertex 23.396 32.7 2.85
      vertex 16.196 32.7 2.85
    endloop
  endfacet
  facet normal 0 -1 -0
    outer loop
      vertex 23.396 32.7 2.85
      vertex 16.196 32.7 2.15
      vertex 23.396 32.7 2.15
    endloop
  endfacet
  facet normal 0 -0.564684 0.825307
    outer loop
      vertex 16.196 33.65 3.5
      vertex 23.396 32.7 2.85
      vertex 23.396 33.65 3.5
    endloop
  endfacet
  facet normal 0 -0.564684 0.825307
    outer loop
      vertex 23.396 32.7 2.85
      vertex 16.196 33.65 3.5
      vertex 16.196 32.7 2.85
    endloop
  endfacet
  facet normal -1 0 0
    outer loop
      vertex 20.146 33.65 1.7
      vertex 20.146 35 0.599999
      vertex 20.146 33.65 0.599999
    endloop
  endfacet
  facet normal -1 0 0
    outer loop
      vertex 20.146 35 0.599999
      vertex 20.146 33.65 1.7
      vertex 20.146 35 3.4
    endloop
  endfacet
  facet normal -1 0 0
    outer loop
      vertex 20.146 33.55 3.4
      vertex 20.146 33.65 1.7
      vertex 20.146 33.55 1.74737
    endloop
  endfacet
  facet normal -1 0 0
    outer loop
      vertex 20.146 33.65 1.7
      vertex 20.146 33.55 3.4
      vertex 20.146 35 3.4
    endloop
  endfacet
  facet normal 0 0 -1
    outer loop
      vertex 19.446 33.55 3.4
      vertex 20.146 35 3.4
      vertex 20.146 33.55 3.4
    endloop
  endfacet
  facet normal -0 0 -1
    outer loop
      vertex 20.146 35 3.4
      vertex 19.446 33.55 3.4
      vertex 19.446 35 3.4
    endloop
  endfacet
  facet normal -0 0 1
    outer loop
      vertex 19.446 35 0.599999
      vertex 20.146 33.65 0.599999
      vertex 20.146 35 0.599999
    endloop
  endfacet
  facet normal 0 0 1
    outer loop
      vertex 20.146 33.65 0.599999
      vertex 19.446 35 0.599999
      vertex 19.446 33.65 0.599999
    endloop
  endfacet
  facet normal 1 0 0
    outer loop
      vertex 19.446 35 3.4
      vertex 19.446 33.65 1.7
      vertex 19.446 35 0.599999
    endloop
  endfacet
  facet normal 1 -0 0
    outer loop
      vertex 19.446 33.55 3.4
      vertex 19.446 33.65 1.7
      vertex 19.446 35 3.4
    endloop
  endfacet
  facet normal 1 0 0
    outer loop
      vertex 19.446 33.65 1.7
      vertex 19.446 33.55 3.4
      vertex 19.446 33.55 1.74737
    endloop
  endfacet
  facet normal 1 0 0
    outer loop
      vertex 19.446 35 0.599999
      vertex 19.446 33.65 1.7
      vertex 19.446 33.65 0.599999
    endloop
  endfacet
  facet normal 0 1 -0
    outer loop
      vertex 20.146 33.55 1.74737
      vertex 19.446 33.55 3.4
      vertex 20.146 33.55 3.4
    endloop
  endfacet
  facet normal 0 1 0
    outer loop
      vertex 19.446 33.55 3.4
      vertex 20.146 33.55 1.74737
      vertex 19.446 33.55 1.74737
    endloop
  endfacet
  facet normal 1 -0 0
    outer loop
      vertex 54.504 0.7 5.2
      vertex 54.504 2.05 3.5
      vertex 54.504 2.05 5.2
    endloop
  endfacet
  facet normal 1 0 0
    outer loop
      vertex 54.504 2.05 3.5
      vertex 54.504 0.7 5.2
      vertex 54.504 2.05 1.7
    endloop
  endfacet
  facet normal 1 0 0
    outer loop
      vertex 54.504 0.7 0
      vertex 54.504 2.05 1.7
      vertex 54.504 0.7 5.2
    endloop
  endfacet
  facet normal 1 0 0
    outer loop
      vertex 54.504 2.05 1.7
      vertex 54.504 0.7 0
      vertex 54.504 2.05 0
    endloop
  endfacet
  facet normal 1 0 0
    outer loop
      vertex 54.504 2.1 1.7
      vertex 54.504 3.05 2.85
      vertex 54.504 2.1 3.5
    endloop
  endfacet
  facet normal 1 0 0
    outer loop
      vertex 54.504 3.05 2.85
      vertex 54.504 2.1 1.7
      vertex 54.504 3.05 2.15
    endloop
  endfacet
  facet normal 1 -0 0
    outer loop
      vertex 54.504 2.05 3.5
      vertex 54.504 2.1 1.7
      vertex 54.504 2.1 3.5
    endloop
  endfacet
  facet normal 1 0 0
    outer loop
      vertex 54.504 2.1 1.7
      vertex 54.504 2.05 3.5
      vertex 54.504 2.05 1.7
    endloop
  endfacet
  facet normal 0 0 -1
    outer loop
      vertex 47.304 0.7 0
      vertex 54.504 2.05 0
      vertex 54.504 0.7 0
    endloop
  endfacet
  facet normal -0 0 -1
    outer loop
      vertex 54.504 2.05 0
      vertex 47.304 0.7 0
      vertex 47.304 2.05 0
    endloop
  endfacet
  facet normal -1 0 0
    outer loop
      vertex 47.304 0.7 0
      vertex 47.304 2.05 1.7
      vertex 47.304 2.05 0
    endloop
  endfacet
  facet normal -1 -0 0
    outer loop
      vertex 47.304 2.05 1.7
      vertex 47.304 0.7 0
      vertex 47.304 2.05 3.5
    endloop
  endfacet
  facet normal -1 0 0
    outer loop
      vertex 47.304 0.7 5.2
      vertex 47.304 2.05 3.5
      vertex 47.304 0.7 0
    endloop
  endfacet
  facet normal -1 0 0
    outer loop
      vertex 47.304 2.05 3.5
      vertex 47.304 0.7 5.2
      vertex 47.304 2.05 5.2
    endloop
  endfacet
  facet normal -1 0 0
    outer loop
      vertex 47.304 2.1 1.7
      vertex 47.304 3.05 2.85
      vertex 47.304 3.05 2.15
    endloop
  endfacet
  facet normal -1 0 0
    outer loop
      vertex 47.304 2.1 1.7
      vertex 47.304 2.1 3.5
      vertex 47.304 3.05 2.85
    endloop
  endfacet
  facet normal -1 0 0
    outer loop
      vertex 47.304 2.05 1.7
      vertex 47.304 2.1 3.5
      vertex 47.304 2.1 1.7
    endloop
  endfacet
  facet normal -1 -0 0
    outer loop
      vertex 47.304 2.1 3.5
      vertex 47.304 2.05 1.7
      vertex 47.304 2.05 3.5
    endloop
  endfacet
  facet normal 0 1 -0
    outer loop
      vertex 54.504 2.05 3.5
      vertex 47.304 2.05 5.2
      vertex 54.504 2.05 5.2
    endloop
  endfacet
  facet normal 0 1 0
    outer loop
      vertex 47.304 2.05 5.2
      vertex 54.504 2.05 3.5
      vertex 47.304 2.05 3.5
    endloop
  endfacet
  facet normal 0 1 0
    outer loop
      vertex 54.504 2.05 1.7
      vertex 51.254 2.05 0.599999
      vertex 51.254 2.05 1.7
    endloop
  endfacet
  facet normal 0 1 0
    outer loop
      vertex 51.254 2.05 0.599999
      vertex 54.504 2.05 0
      vertex 50.554 2.05 0.599999
    endloop
  endfacet
  facet normal 0 1 -0
    outer loop
      vertex 54.504 2.05 0
      vertex 51.254 2.05 0.599999
      vertex 54.504 2.05 1.7
    endloop
  endfacet
  facet normal 0 1 -0
    outer loop
      vertex 50.554 2.05 0.599999
      vertex 47.304 2.05 1.7
      vertex 50.554 2.05 1.7
    endloop
  endfacet
  facet normal 0 1 0
    outer loop
      vertex 50.554 2.05 0.599999
      vertex 47.304 2.05 0
      vertex 47.304 2.05 1.7
    endloop
  endfacet
  facet normal 0 1 0
    outer loop
      vertex 47.304 2.05 0
      vertex 50.554 2.05 0.599999
      vertex 54.504 2.05 0
    endloop
  endfacet
  facet normal 0 -1 0
    outer loop
      vertex 47.304 0.7 5.2
      vertex 50.554 0.7 3.4
      vertex 54.504 0.7 5.2
    endloop
  endfacet
  facet normal 0 -1 0
    outer loop
      vertex 47.304 0.7 0
      vertex 50.554 0.7 3.4
      vertex 47.304 0.7 5.2
    endloop
  endfacet
  facet normal 0 -1 -0
    outer loop
      vertex 50.554 0.7 0.599999
      vertex 47.304 0.7 0
      vertex 51.254 0.7 0.599999
    endloop
  endfacet
  facet normal 0 -1 -0
    outer loop
      vertex 50.554 0.7 3.4
      vertex 47.304 0.7 0
      vertex 50.554 0.7 0.599999
    endloop
  endfacet
  facet normal 0 -1 0
    outer loop
      vertex 51.254 0.7 3.4
      vertex 54.504 0.7 5.2
      vertex 50.554 0.7 3.4
    endloop
  endfacet
  facet normal 0 -1 0
    outer loop
      vertex 54.504 0.7 0
      vertex 51.254 0.7 3.4
      vertex 51.254 0.7 0.599999
    endloop
  endfacet
  facet normal 0 -1 0
    outer loop
      vertex 51.254 0.7 3.4
      vertex 54.504 0.7 0
      vertex 54.504 0.7 5.2
    endloop
  endfacet
  facet normal 0 -1 0
    outer loop
      vertex 54.504 0.7 0
      vertex 51.254 0.7 0.599999
      vertex 47.304 0.7 0
    endloop
  endfacet
  facet normal 0 0.428086 -0.903738
    outer loop
      vertex 47.304 2.1 1.7
      vertex 50.554 3.05 2.15
      vertex 50.554 2.1 1.7
    endloop
  endfacet
  facet normal 0 0.428086 -0.903738
    outer loop
      vertex 50.554 3.05 2.15
      vertex 47.304 2.1 1.7
      vertex 47.304 3.05 2.15
    endloop
  endfacet
  facet normal 0 0.428086 -0.903738
    outer loop
      vertex 51.254 2.1 1.7
      vertex 54.504 3.05 2.15
      vertex 54.504 2.1 1.7
    endloop
  endfacet
  facet normal 0 0.428086 -0.903738
    outer loop
      vertex 54.504 3.05 2.15
      vertex 51.254 2.1 1.7
      vertex 51.254 3.05 2.15
    endloop
  endfacet
  facet normal 0 0.564682 0.825309
    outer loop
      vertex 50.554 3.05 2.85
      vertex 47.304 3.05 2.85
      vertex 50.554 2.24615 3.4
    endloop
  endfacet
  facet normal 0 0.564682 0.825309
    outer loop
      vertex 51.254 2.24615 3.4
      vertex 54.504 3.05 2.85
      vertex 51.254 3.05 2.85
    endloop
  endfacet
  facet normal -6.68265e-07 0.564684 0.825307
    outer loop
      vertex 54.504 3.05 2.85
      vertex 51.254 2.24615 3.4
      vertex 54.504 2.1 3.5
    endloop
  endfacet
  facet normal -0 0.564694 0.8253
    outer loop
      vertex 50.554 2.24615 3.4
      vertex 54.504 2.1 3.5
      vertex 51.254 2.24615 3.4
    endloop
  endfacet
  facet normal 0 0.564694 0.8253
    outer loop
      vertex 50.554 2.24615 3.4
      vertex 47.304 2.1 3.5
      vertex 54.504 2.1 3.5
    endloop
  endfacet
  facet normal 6.68265e-07 0.564684 0.825307
    outer loop
      vertex 47.304 2.1 3.5
      vertex 50.554 2.24615 3.4
      vertex 47.304 3.05 2.85
    endloop
  endfacet
  facet normal -0 0 1
    outer loop
      vertex 47.304 2.1 3.5
      vertex 54.504 2.05 3.5
      vertex 54.504 2.1 3.5
    endloop
  endfacet
  facet normal 0 0 1
    outer loop
      vertex 54.504 2.05 3.5
      vertex 47.304 2.1 3.5
      vertex 47.304 2.05 3.5
    endloop
  endfacet
  facet normal 0 0 -1
    outer loop
      vertex 47.304 2.05 1.7
      vertex 50.554 2.1 1.7
      vertex 50.554 2.05 1.7
    endloop
  endfacet
  facet normal -0 0 -1
    outer loop
      vertex 50.554 2.1 1.7
      vertex 47.304 2.05 1.7
      vertex 47.304 2.1 1.7
    endloop
  endfacet
  facet normal 0 0 -1
    outer loop
      vertex 51.254 2.05 1.7
      vertex 54.504 2.1 1.7
      vertex 54.504 2.05 1.7
    endloop
  endfacet
  facet normal -0 0 -1
    outer loop
      vertex 54.504 2.1 1.7
      vertex 51.254 2.05 1.7
      vertex 51.254 2.1 1.7
    endloop
  endfacet
  facet normal 0 1 -0
    outer loop
      vertex 54.504 3.05 2.15
      vertex 51.254 3.05 2.85
      vertex 54.504 3.05 2.85
    endloop
  endfacet
  facet normal 0 1 0
    outer loop
      vertex 51.254 3.05 2.85
      vertex 54.504 3.05 2.15
      vertex 51.254 3.05 2.15
    endloop
  endfacet
  facet normal 0 1 -0
    outer loop
      vertex 50.554 3.05 2.15
      vertex 47.304 3.05 2.85
      vertex 50.554 3.05 2.85
    endloop
  endfacet
  facet normal 0 1 0
    outer loop
      vertex 47.304 3.05 2.85
      vertex 50.554 3.05 2.15
      vertex 47.304 3.05 2.15
    endloop
  endfacet
  facet normal -1 0 0
    outer loop
      vertex 51.254 2.05 0.599999
      vertex 51.254 0.7 0.599999
      vertex 51.254 2.05 1.7
    endloop
  endfacet
  facet normal -1 0 0
    outer loop
      vertex 51.254 2.1 1.7
      vertex 51.254 3.05 2.85
      vertex 51.254 3.05 2.15
    endloop
  endfacet
  facet normal -1 -0 0
    outer loop
      vertex 51.254 3.05 2.85
      vertex 51.254 2.1 1.7
      vertex 51.254 2.24615 3.4
    endloop
  endfacet
  facet normal -1 0 0
    outer loop
      vertex 51.254 2.05 1.7
      vertex 51.254 2.24615 3.4
      vertex 51.254 2.1 1.7
    endloop
  endfacet
  facet normal -1 0 0
    outer loop
      vertex 51.254 0.7 3.4
      vertex 51.254 2.05 1.7
      vertex 51.254 0.7 0.599999
    endloop
  endfacet
  facet normal -1 0 0
    outer loop
      vertex 51.254 2.05 1.7
      vertex 51.254 0.7 3.4
      vertex 51.254 2.24615 3.4
    endloop
  endfacet
  facet normal 0 0 -1
    outer loop
      vertex 50.554 0.7 3.4
      vertex 51.254 2.24615 3.4
      vertex 51.254 0.7 3.4
    endloop
  endfacet
  facet normal -0 0 -1
    outer loop
      vertex 51.254 2.24615 3.4
      vertex 50.554 0.7 3.4
      vertex 50.554 2.24615 3.4
    endloop
  endfacet
  facet normal -0 0 1
    outer loop
      vertex 50.554 2.05 0.599999
      vertex 51.254 0.7 0.599999
      vertex 51.254 2.05 0.599999
    endloop
  endfacet
  facet normal 0 0 1
    outer loop
      vertex 51.254 0.7 0.599999
      vertex 50.554 2.05 0.599999
      vertex 50.554 0.7 0.599999
    endloop
  endfacet
  facet normal 1 0 0
    outer loop
      vertex 50.554 2.1 1.7
      vertex 50.554 3.05 2.85
      vertex 50.554 2.24615 3.4
    endloop
  endfacet
  facet normal 1 0 0
    outer loop
      vertex 50.554 3.05 2.85
      vertex 50.554 2.1 1.7
      vertex 50.554 3.05 2.15
    endloop
  endfacet
  facet normal 1 0 0
    outer loop
      vertex 50.554 2.24615 3.4
      vertex 50.554 2.05 1.7
      vertex 50.554 2.1 1.7
    endloop
  endfacet
  facet normal 1 -0 0
    outer loop
      vertex 50.554 0.7 3.4
      vertex 50.554 2.05 1.7
      vertex 50.554 2.24615 3.4
    endloop
  endfacet
  facet normal 1 0 0
    outer loop
      vertex 50.554 0.7 0.599999
      vertex 50.554 2.05 1.7
      vertex 50.554 0.7 3.4
    endloop
  endfacet
  facet normal 1 0 0
    outer loop
      vertex 50.554 2.05 1.7
      vertex 50.554 0.7 0.599999
      vertex 50.554 2.05 0.599999
    endloop
  endfacet
  facet normal 1 -0 0
    outer loop
      vertex 54.504 32.7 2.85
      vertex 54.504 33.65 1.7
      vertex 54.504 33.65 3.5
    endloop
  endfacet
  facet normal 1 0 0
    outer loop
      vertex 54.504 33.65 1.7
      vertex 54.504 32.7 2.85
      vertex 54.504 32.7 2.15
    endloop
  endfacet
  facet normal 1 0 0
    outer loop
      vertex 54.504 33.65 3.5
      vertex 54.504 35 5
      vertex 54.504 33.65 5
    endloop
  endfacet
  facet normal 1 0 0
    outer loop
      vertex 54.504 33.65 1.7
      vertex 54.504 35 5
      vertex 54.504 33.65 3.5
    endloop
  endfacet
  facet normal 1 0 0
    outer loop
      vertex 54.504 35 5
      vertex 54.504 33.65 1.7
      vertex 54.504 35 0
    endloop
  endfacet
  facet normal 1 0 0
    outer loop
      vertex 54.504 35 0
      vertex 54.504 33.65 1.7
      vertex 54.504 33.65 0
    endloop
  endfacet
  facet normal 0 0 -1
    outer loop
      vertex 47.304 33.65 0
      vertex 54.504 35 0
      vertex 54.504 33.65 0
    endloop
  endfacet
  facet normal -0 0 -1
    outer loop
      vertex 54.504 35 0
      vertex 47.304 33.65 0
      vertex 47.304 35 0
    endloop
  endfacet
  facet normal -1 0 0
    outer loop
      vertex 47.304 32.7 2.85
      vertex 47.304 33.65 1.7
      vertex 47.304 32.7 2.15
    endloop
  endfacet
  facet normal -1 0 0
    outer loop
      vertex 47.304 33.65 1.7
      vertex 47.304 32.7 2.85
      vertex 47.304 33.65 3.5
    endloop
  endfacet
  facet normal -1 0 0
    outer loop
      vertex 47.304 33.65 1.7
      vertex 47.304 35 0
      vertex 47.304 33.65 0
    endloop
  endfacet
  facet normal -1 0 0
    outer loop
      vertex 47.304 35 0
      vertex 47.304 33.65 1.7
      vertex 47.304 35 5
    endloop
  endfacet
  facet normal -1 0 0
    outer loop
      vertex 47.304 33.65 3.5
      vertex 47.304 35 5
      vertex 47.304 33.65 1.7
    endloop
  endfacet
  facet normal -1 -0 0
    outer loop
      vertex 47.304 35 5
      vertex 47.304 33.65 3.5
      vertex 47.304 33.65 5
    endloop
  endfacet
  facet normal 0 1 0
    outer loop
      vertex 54.504 35 5
      vertex 51.254 35 3.4
      vertex 47.304 35 5
    endloop
  endfacet
  facet normal 0 1 -0
    outer loop
      vertex 54.504 35 0
      vertex 51.254 35 3.4
      vertex 54.504 35 5
    endloop
  endfacet
  facet normal 0 1 0
    outer loop
      vertex 51.254 35 0.599999
      vertex 54.504 35 0
      vertex 50.554 35 0.599999
    endloop
  endfacet
  facet normal 0 1 0
    outer loop
      vertex 51.254 35 3.4
      vertex 54.504 35 0
      vertex 51.254 35 0.599999
    endloop
  endfacet
  facet normal 0 1 -0
    outer loop
      vertex 50.554 35 3.4
      vertex 47.304 35 5
      vertex 51.254 35 3.4
    endloop
  endfacet
  facet normal 0 1 0
    outer loop
      vertex 47.304 35 0
      vertex 50.554 35 3.4
      vertex 50.554 35 0.599999
    endloop
  endfacet
  facet normal 0 1 0
    outer loop
      vertex 50.554 35 3.4
      vertex 47.304 35 0
      vertex 47.304 35 5
    endloop
  endfacet
  facet normal 0 1 0
    outer loop
      vertex 47.304 35 0
      vertex 50.554 35 0.599999
      vertex 54.504 35 0
    endloop
  endfacet
  facet normal 0 -1 0
    outer loop
      vertex 47.304 33.65 3.5
      vertex 54.504 33.65 5
      vertex 47.304 33.65 5
    endloop
  endfacet
  facet normal 0 -1 -0
    outer loop
      vertex 54.504 33.65 5
      vertex 47.304 33.65 3.5
      vertex 54.504 33.65 3.5
    endloop
  endfacet
  facet normal 0 -1 0
    outer loop
      vertex 47.304 33.65 1.7
      vertex 50.554 33.65 0.599999
      vertex 50.554 33.65 1.7
    endloop
  endfacet
  facet normal 0 -1 -0
    outer loop
      vertex 50.554 33.65 0.599999
      vertex 47.304 33.65 0
      vertex 51.254 33.65 0.599999
    endloop
  endfacet
  facet normal 0 -1 0
    outer loop
      vertex 47.304 33.65 0
      vertex 50.554 33.65 0.599999
      vertex 47.304 33.65 1.7
    endloop
  endfacet
  facet normal 0 -1 0
    outer loop
      vertex 51.254 33.65 0.599999
      vertex 54.504 33.65 1.7
      vertex 51.254 33.65 1.7
    endloop
  endfacet
  facet normal 0 -1 0
    outer loop
      vertex 51.254 33.65 0.599999
      vertex 54.504 33.65 0
      vertex 54.504 33.65 1.7
    endloop
  endfacet
  facet normal 0 -1 0
    outer loop
      vertex 54.504 33.65 0
      vertex 51.254 33.65 0.599999
      vertex 47.304 33.65 0
    endloop
  endfacet
  facet normal -4.39063e-07 -0.428086 -0.903738
    outer loop
      vertex 54.504 32.7 2.15
      vertex 51.254 33.55 1.74737
      vertex 54.504 33.65 1.7
    endloop
  endfacet
  facet normal 0 -0.428085 -0.903738
    outer loop
      vertex 54.504 32.7 2.15
      vertex 50.554 33.55 1.74737
      vertex 51.254 33.55 1.74737
    endloop
  endfacet
  facet normal 0 -0.428085 -0.903738
    outer loop
      vertex 47.304 32.7 2.15
      vertex 50.554 33.55 1.74737
      vertex 54.504 32.7 2.15
    endloop
  endfacet
  facet normal 4.39063e-07 -0.428086 -0.903738
    outer loop
      vertex 47.304 33.65 1.7
      vertex 50.554 33.55 1.74737
      vertex 47.304 32.7 2.15
    endloop
  endfacet
  facet normal 0 -0.428098 -0.903732
    outer loop
      vertex 50.554 33.55 1.74737
      vertex 47.304 33.65 1.7
      vertex 50.554 33.65 1.7
    endloop
  endfacet
  facet normal -0 -0.428098 -0.903732
    outer loop
      vertex 54.504 33.65 1.7
      vertex 51.254 33.55 1.74737
      vertex 51.254 33.65 1.7
    endloop
  endfacet
  facet normal 0 -1 0
    outer loop
      vertex 47.304 32.7 2.15
      vertex 54.504 32.7 2.85
      vertex 47.304 32.7 2.85
    endloop
  endfacet
  facet normal 0 -1 -0
    outer loop
      vertex 54.504 32.7 2.85
      vertex 47.304 32.7 2.15
      vertex 54.504 32.7 2.15
    endloop
  endfacet
  facet normal 0 -0.564684 0.825307
    outer loop
      vertex 47.304 33.65 3.5
      vertex 54.504 32.7 2.85
      vertex 54.504 33.65 3.5
    endloop
  endfacet
  facet normal 0 -0.564684 0.825307
    outer loop
      vertex 54.504 32.7 2.85
      vertex 47.304 33.65 3.5
      vertex 47.304 32.7 2.85
    endloop
  endfacet
  facet normal -1 0 0
    outer loop
      vertex 51.254 33.65 1.7
      vertex 51.254 35 0.599999
      vertex 51.254 33.65 0.599999
    endloop
  endfacet
  facet normal -1 0 0
    outer loop
      vertex 51.254 35 0.599999
      vertex 51.254 33.65 1.7
      vertex 51.254 35 3.4
    endloop
  endfacet
  facet normal -1 0 0
    outer loop
      vertex 51.254 33.55 3.4
      vertex 51.254 33.65 1.7
      vertex 51.254 33.55 1.74737
    endloop
  endfacet
  facet normal -1 0 0
    outer loop
      vertex 51.254 33.65 1.7
      vertex 51.254 33.55 3.4
      vertex 51.254 35 3.4
    endloop
  endfacet
  facet normal 0 0 -1
    outer loop
      vertex 50.554 33.55 3.4
      vertex 51.254 35 3.4
      vertex 51.254 33.55 3.4
    endloop
  endfacet
  facet normal -0 0 -1
    outer loop
      vertex 51.254 35 3.4
      vertex 50.554 33.55 3.4
      vertex 50.554 35 3.4
    endloop
  endfacet
  facet normal -0 0 1
    outer loop
      vertex 50.554 35 0.599999
      vertex 51.254 33.65 0.599999
      vertex 51.254 35 0.599999
    endloop
  endfacet
  facet normal 0 0 1
    outer loop
      vertex 51.254 33.65 0.599999
      vertex 50.554 35 0.599999
      vertex 50.554 33.65 0.599999
    endloop
  endfacet
  facet normal 1 0 0
    outer loop
      vertex 50.554 35 3.4
      vertex 50.554 33.65 1.7
      vertex 50.554 35 0.599999
    endloop
  endfacet
  facet normal 1 -0 0
    outer loop
      vertex 50.554 33.55 3.4
      vertex 50.554 33.65 1.7
      vertex 50.554 35 3.4
    endloop
  endfacet
  facet normal 1 0 0
    outer loop
      vertex 50.554 33.65 1.7
      vertex 50.554 33.55 3.4
      vertex 50.554 33.55 1.74737
    endloop
  endfacet
  facet normal 1 0 0
    outer loop
      vertex 50.554 35 0.599999
      vertex 50.554 33.65 1.7
      vertex 50.554 33.65 0.599999
    endloop
  endfacet
  facet normal 0 1 -0
    outer loop
      vertex 51.254 33.55 1.74737
      vertex 50.554 33.55 3.4
      vertex 51.254 33.55 3.4
    endloop
  endfacet
  facet normal 0 1 0
    outer loop
      vertex 50.554 33.55 3.4
      vertex 51.254 33.55 1.74737
      vertex 50.554 33.55 1.74737
    endloop
  endfacet
  facet normal 1 -0 0
    outer loop
      vertex 70.7 5.2 7.4
      vertex 70.7 30.5 5.2
      vertex 70.7 30.5 7.4
    endloop
  endfacet
  facet normal 1 0 0
    outer loop
      vertex 70.7 30.5 5.2
      vertex 70.7 5.2 7.4
      vertex 70.7 5.2 5.2
    endloop
  endfacet
  facet normal -0.852662 0.522462 0
    outer loop
      vertex 0.566766 32.8607 5.2
      vertex 0.993112 33.5565 7.4
      vertex 0.993112 33.5565 5.2
    endloop
  endfacet
  facet normal -0.852662 0.522462 0
    outer loop
      vertex 0.993112 33.5565 7.4
      vertex 0.566766 32.8607 5.2
      vertex 0.566766 32.8607 7.4
    endloop
  endfacet
  facet normal -0.382726 0.923862 0
    outer loop
      vertex 3.59311 35.4455 5.2
      vertex 2.83925 35.1332 7.4
      vertex 3.59311 35.4455 7.4
    endloop
  endfacet
  facet normal -0.382726 0.923862 0
    outer loop
      vertex 2.83925 35.1332 7.4
      vertex 3.59311 35.4455 5.2
      vertex 2.83925 35.1332 5.2
    endloop
  endfacet
  facet normal 0.522421 0.852688 -0
    outer loop
      vertex 68.5565 34.7069 5.2
      vertex 67.8607 35.1332 7.4
      vertex 68.5565 34.7069 7.4
    endloop
  endfacet
  facet normal 0.522421 0.852688 0
    outer loop
      vertex 67.8607 35.1332 7.4
      vertex 68.5565 34.7069 5.2
      vertex 67.8607 35.1332 5.2
    endloop
  endfacet
  facet normal -0.996917 -0.0784585 0
    outer loop
      vertex 0.0640202 4.38654 5.2
      vertex 0 5.2 7.4
      vertex 0 5.2 5.2
    endloop
  endfacet
  facet normal -0.996917 -0.0784585 0
    outer loop
      vertex 0 5.2 7.4
      vertex 0.0640202 4.38654 5.2
      vertex 0.0640202 4.38654 7.4
    endloop
  endfacet
  facet normal -0.923868 0.38271 0
    outer loop
      vertex 0.254506 32.1069 5.2
      vertex 0.566766 32.8607 7.4
      vertex 0.566766 32.8607 5.2
    endloop
  endfacet
  facet normal -0.923868 0.38271 0
    outer loop
      vertex 0.566766 32.8607 7.4
      vertex 0.254506 32.1069 5.2
      vertex 0.254506 32.1069 7.4
    endloop
  endfacet
  facet normal 0.852688 0.522421 0
    outer loop
      vertex 70.1332 32.8607 7.4
      vertex 69.7069 33.5565 5.2
      vertex 69.7069 33.5565 7.4
    endloop
  endfacet
  facet normal 0.852688 0.522421 0
    outer loop
      vertex 69.7069 33.5565 5.2
      vertex 70.1332 32.8607 7.4
      vertex 70.1332 32.8607 5.2
    endloop
  endfacet
  facet normal -0.233462 0.972366 0
    outer loop
      vertex 4.38654 35.636 5.2
      vertex 3.59311 35.4455 7.4
      vertex 4.38654 35.636 7.4
    endloop
  endfacet
  facet normal -0.233462 0.972366 0
    outer loop
      vertex 3.59311 35.4455 7.4
      vertex 4.38654 35.636 5.2
      vertex 3.59311 35.4455 5.2
    endloop
  endfacet
  facet normal -0.760413 -0.64944 0
    outer loop
      vertex 1.52304 1.52304 5.2
      vertex 0.993112 2.14352 7.4
      vertex 0.993112 2.14352 5.2
    endloop
  endfacet
  facet normal -0.760413 -0.64944 0
    outer loop
      vertex 0.993112 2.14352 7.4
      vertex 1.52304 1.52304 5.2
      vertex 1.52304 1.52304 7.4
    endloop
  endfacet
  facet normal 0 1 -0
    outer loop
      vertex 65.5 35.7 5.2
      vertex 61.5 35.7 7.4
      vertex 65.5 35.7 7.4
    endloop
  endfacet
  facet normal 0 1 0
    outer loop
      vertex 61.5 35.7 7.4
      vertex 65.5 35.7 5.2
      vertex 61.5 35.7 5.2
    endloop
  endfacet
  facet normal 0 1 -0
    outer loop
      vertex 9.1 35.7 5.2
      vertex 5.2 35.7 7.4
      vertex 9.1 35.7 7.4
    endloop
  endfacet
  facet normal 0 1 0
    outer loop
      vertex 5.2 35.7 7.4
      vertex 9.1 35.7 5.2
      vertex 5.2 35.7 5.2
    endloop
  endfacet
  facet normal -0.64942 0.76043 0
    outer loop
      vertex 2.14352 34.7069 5.2
      vertex 1.52304 34.177 7.4
      vertex 2.14352 34.7069 7.4
    endloop
  endfacet
  facet normal -0.64942 0.76043 0
    outer loop
      vertex 1.52304 34.177 7.4
      vertex 2.14352 34.7069 5.2
      vertex 1.52304 34.177 5.2
    endloop
  endfacet
  facet normal -0.0784339 0.996919 0
    outer loop
      vertex 5.2 35.7 5.2
      vertex 4.38654 35.636 7.4
      vertex 5.2 35.7 7.4
    endloop
  endfacet
  facet normal -0.0784339 0.996919 0
    outer loop
      vertex 4.38654 35.636 7.4
      vertex 5.2 35.7 5.2
      vertex 4.38654 35.636 5.2
    endloop
  endfacet
  facet normal 0.382752 0.923851 -0
    outer loop
      vertex 67.8607 35.1332 5.2
      vertex 67.1069 35.4455 7.4
      vertex 67.8607 35.1332 7.4
    endloop
  endfacet
  facet normal 0.382752 0.923851 0
    outer loop
      vertex 67.1069 35.4455 7.4
      vertex 67.8607 35.1332 5.2
      vertex 67.1069 35.4455 5.2
    endloop
  endfacet
  facet normal -0.64944 -0.760413 0
    outer loop
      vertex 1.52304 1.52304 5.2
      vertex 2.14352 0.993112 7.4
      vertex 1.52304 1.52304 7.4
    endloop
  endfacet
  facet normal -0.64944 -0.760413 -0
    outer loop
      vertex 2.14352 0.993112 7.4
      vertex 1.52304 1.52304 5.2
      vertex 2.14352 0.993112 5.2
    endloop
  endfacet
  facet normal -1 0 0
    outer loop
      vertex 0 5.2 5.2
      vertex 0 30.5 7.4
      vertex 0 30.5 5.2
    endloop
  endfacet
  facet normal -1 -0 0
    outer loop
      vertex 0 30.5 7.4
      vertex 0 5.2 5.2
      vertex 0 5.2 7.4
    endloop
  endfacet
  facet normal -0.0784585 -0.996917 0
    outer loop
      vertex 4.38654 0.0640202 5.2
      vertex 5.2 0 7.4
      vertex 4.38654 0.0640202 7.4
    endloop
  endfacet
  facet normal -0.0784585 -0.996917 -0
    outer loop
      vertex 5.2 0 7.4
      vertex 4.38654 0.0640202 5.2
      vertex 5.2 0 5.2
    endloop
  endfacet
  facet normal 0.522462 -0.852662 0
    outer loop
      vertex 67.8607 0.566766 5.2
      vertex 68.5565 0.993112 7.4
      vertex 67.8607 0.566766 7.4
    endloop
  endfacet
  facet normal 0.522462 -0.852662 0
    outer loop
      vertex 68.5565 0.993112 7.4
      vertex 67.8607 0.566766 5.2
      vertex 68.5565 0.993112 5.2
    endloop
  endfacet
  facet normal -0.996918 0.0784547 0
    outer loop
      vertex 0 30.5 5.2
      vertex 0.0640202 31.3135 7.4
      vertex 0.0640202 31.3135 5.2
    endloop
  endfacet
  facet normal -0.996918 0.0784547 0
    outer loop
      vertex 0.0640202 31.3135 7.4
      vertex 0 30.5 5.2
      vertex 0 30.5 7.4
    endloop
  endfacet
  facet normal -0.760424 0.649427 0
    outer loop
      vertex 0.993112 33.5565 5.2
      vertex 1.52304 34.177 7.4
      vertex 1.52304 34.177 5.2
    endloop
  endfacet
  facet normal -0.760424 0.649427 0
    outer loop
      vertex 1.52304 34.177 7.4
      vertex 0.993112 33.5565 5.2
      vertex 0.993112 33.5565 7.4
    endloop
  endfacet
  facet normal -0.5225 -0.852639 0
    outer loop
      vertex 2.14352 0.993112 5.2
      vertex 2.83925 0.566766 7.4
      vertex 2.14352 0.993112 7.4
    endloop
  endfacet
  facet normal -0.5225 -0.852639 -0
    outer loop
      vertex 2.83925 0.566766 7.4
      vertex 2.14352 0.993112 5.2
      vertex 2.83925 0.566766 5.2
    endloop
  endfacet
  facet normal 0.0784301 0.99692 -0
    outer loop
      vertex 66.3135 35.636 5.2
      vertex 65.5 35.7 7.4
      vertex 66.3135 35.636 7.4
    endloop
  endfacet
  facet normal 0.0784301 0.99692 0
    outer loop
      vertex 65.5 35.7 7.4
      vertex 66.3135 35.636 5.2
      vertex 65.5 35.7 5.2
    endloop
  endfacet
  facet normal 0.972364 0.23347 0
    outer loop
      vertex 70.636 31.3135 7.4
      vertex 70.4455 32.1069 5.2
      vertex 70.4455 32.1069 7.4
    endloop
  endfacet
  facet normal 0.972364 0.23347 0
    outer loop
      vertex 70.4455 32.1069 5.2
      vertex 70.636 31.3135 7.4
      vertex 70.636 31.3135 5.2
    endloop
  endfacet
  facet normal -0.382684 -0.923879 0
    outer loop
      vertex 2.83925 0.566766 5.2
      vertex 3.59311 0.254506 7.4
      vertex 2.83925 0.566766 7.4
    endloop
  endfacet
  facet normal -0.382684 -0.923879 -0
    outer loop
      vertex 3.59311 0.254506 7.4
      vertex 2.83925 0.566766 5.2
      vertex 3.59311 0.254506 5.2
    endloop
  endfacet
  facet normal 0.76043 -0.64942 0
    outer loop
      vertex 69.177 1.52304 7.4
      vertex 69.7069 2.14352 5.2
      vertex 69.7069 2.14352 7.4
    endloop
  endfacet
  facet normal 0.76043 -0.64942 0
    outer loop
      vertex 69.7069 2.14352 5.2
      vertex 69.177 1.52304 7.4
      vertex 69.177 1.52304 5.2
    endloop
  endfacet
  facet normal -0.852639 -0.5225 0
    outer loop
      vertex 0.993112 2.14352 5.2
      vertex 0.566766 2.83925 7.4
      vertex 0.566766 2.83925 5.2
    endloop
  endfacet
  facet normal -0.852639 -0.5225 0
    outer loop
      vertex 0.566766 2.83925 7.4
      vertex 0.993112 2.14352 5.2
      vertex 0.993112 2.14352 7.4
    endloop
  endfacet
  facet normal 0.23347 0.972364 -0
    outer loop
      vertex 67.1069 35.4455 5.2
      vertex 66.3135 35.636 7.4
      vertex 67.1069 35.4455 7.4
    endloop
  endfacet
  facet normal 0.23347 0.972364 0
    outer loop
      vertex 66.3135 35.636 7.4
      vertex 67.1069 35.4455 5.2
      vertex 66.3135 35.636 5.2
    endloop
  endfacet
  facet normal -0.522459 0.852664 0
    outer loop
      vertex 2.83925 35.1332 5.2
      vertex 2.14352 34.7069 7.4
      vertex 2.83925 35.1332 7.4
    endloop
  endfacet
  facet normal -0.522459 0.852664 0
    outer loop
      vertex 2.14352 34.7069 7.4
      vertex 2.83925 35.1332 5.2
      vertex 2.14352 34.7069 5.2
    endloop
  endfacet
  facet normal 0.760441 0.649408 0
    outer loop
      vertex 69.7069 33.5565 7.4
      vertex 69.177 34.177 5.2
      vertex 69.177 34.177 7.4
    endloop
  endfacet
  facet normal 0.760441 0.649408 0
    outer loop
      vertex 69.177 34.177 5.2
      vertex 69.7069 33.5565 7.4
      vertex 69.7069 33.5565 5.2
    endloop
  endfacet
  facet normal -0.97237 -0.233445 0
    outer loop
      vertex 0.254506 3.59311 5.2
      vertex 0.0640202 4.38654 7.4
      vertex 0.0640202 4.38654 5.2
    endloop
  endfacet
  facet normal -0.97237 -0.233445 0
    outer loop
      vertex 0.0640202 4.38654 7.4
      vertex 0.254506 3.59311 5.2
      vertex 0.254506 3.59311 7.4
    endloop
  endfacet
  facet normal -0.233445 -0.97237 0
    outer loop
      vertex 3.59311 0.254506 5.2
      vertex 4.38654 0.0640202 7.4
      vertex 3.59311 0.254506 7.4
    endloop
  endfacet
  facet normal -0.233445 -0.97237 -0
    outer loop
      vertex 4.38654 0.0640202 7.4
      vertex 3.59311 0.254506 5.2
      vertex 4.38654 0.0640202 5.2
    endloop
  endfacet
  facet normal 0.38271 -0.923868 0
    outer loop
      vertex 67.1069 0.254506 5.2
      vertex 67.8607 0.566766 7.4
      vertex 67.1069 0.254506 7.4
    endloop
  endfacet
  facet normal 0.38271 -0.923868 0
    outer loop
      vertex 67.8607 0.566766 7.4
      vertex 67.1069 0.254506 5.2
      vertex 67.8607 0.566766 5.2
    endloop
  endfacet
  facet normal 0 0 1
    outer loop
      vertex 7.57307 7.30229 7.4
      vertex 8.10686 7.62015 7.4
      vertex 7.84436 7.84436 7.4
    endloop
  endfacet
  facet normal 0 0 1
    outer loop
      vertex 8.10686 7.62015 7.4
      vertex 7.83215 6.67683 7.4
      vertex 7.85 6.45 7.4
    endloop
  endfacet
  facet normal 0 0 1
    outer loop
      vertex 8.10686 7.62015 7.4
      vertex 7.77903 6.89807 7.4
      vertex 7.83215 6.67683 7.4
    endloop
  endfacet
  facet normal 0 0 1
    outer loop
      vertex 8.10686 7.62015 7.4
      vertex 7.69196 7.10829 7.4
      vertex 7.77903 6.89807 7.4
    endloop
  endfacet
  facet normal 0 0 1
    outer loop
      vertex 7.25229 7.62307 7.4
      vertex 7.84436 7.84436 7.4
      vertex 7.62015 8.10686 7.4
    endloop
  endfacet
  facet normal 0 0 1
    outer loop
      vertex 8.10686 7.62015 7.4
      vertex 7.57307 7.30229 7.4
      vertex 7.69196 7.10829 7.4
    endloop
  endfacet
  facet normal 0 0 1
    outer loop
      vertex 7.05829 7.74196 7.4
      vertex 7.62015 8.10686 7.4
      vertex 7.43977 8.40121 7.4
    endloop
  endfacet
  facet normal 0 0 1
    outer loop
      vertex 7.84436 7.84436 7.4
      vertex 7.4253 7.4753 7.4
      vertex 7.57307 7.30229 7.4
    endloop
  endfacet
  facet normal 0 0 1
    outer loop
      vertex 7.05829 7.74196 7.4
      vertex 7.43977 8.40121 7.4
      vertex 7.30766 8.72015 7.4
    endloop
  endfacet
  facet normal 0 0 1
    outer loop
      vertex 7.84436 7.84436 7.4
      vertex 7.25229 7.62307 7.4
      vertex 7.4253 7.4753 7.4
    endloop
  endfacet
  facet normal 0 0 1
    outer loop
      vertex 7.05829 7.74196 7.4
      vertex 7.30766 8.72015 7.4
      vertex 7.22708 9.05583 7.4
    endloop
  endfacet
  facet normal 0 0 1
    outer loop
      vertex 7.05829 7.74196 7.4
      vertex 7.22708 9.05583 7.4
      vertex 7.2 9.39999 7.4
    endloop
  endfacet
  facet normal 0 0 1
    outer loop
      vertex 7.62015 8.10686 7.4
      vertex 7.05829 7.74196 7.4
      vertex 7.25229 7.62307 7.4
    endloop
  endfacet
  facet normal 0 0 1
    outer loop
      vertex 7.2 9.99823 7.4
      vertex 7.05829 7.74196 7.4
      vertex 7.2 9.39999 7.4
    endloop
  endfacet
  facet normal 0 0 1
    outer loop
      vertex 7.30766 23.4798 7.4
      vertex 5.59771 28.1269 7.4
      vertex 7.22708 23.1441 7.4
    endloop
  endfacet
  facet normal 0 0 1
    outer loop
      vertex 7.2 15.5408 7.4
      vertex 6.84807 7.82903 7.4
      vertex 7.05829 7.74196 7.4
    endloop
  endfacet
  facet normal 0 0 1
    outer loop
      vertex 5.4247 28.2747 7.4
      vertex 7.22708 23.1441 7.4
      vertex 5.59771 28.1269 7.4
    endloop
  endfacet
  facet normal 0 0 1
    outer loop
      vertex 7.2 15.5408 7.4
      vertex 6.62683 7.88215 7.4
      vertex 6.84807 7.82903 7.4
    endloop
  endfacet
  facet normal 0 0 1
    outer loop
      vertex 0 30.5 7.4
      vertex 7.22708 23.1441 7.4
      vertex 5.4247 28.2747 7.4
    endloop
  endfacet
  facet normal 0 0 1
    outer loop
      vertex 7.2 15.5408 7.4
      vertex 6.4 7.9 7.4
      vertex 6.62683 7.88215 7.4
    endloop
  endfacet
  facet normal 0 0 1
    outer loop
      vertex 7.22708 23.1441 7.4
      vertex 0 30.5 7.4
      vertex 7.2 22.8 7.4
    endloop
  endfacet
  facet normal 0 0 1
    outer loop
      vertex 7.2 15.5408 7.4
      vertex 6.17317 7.88215 7.4
      vertex 6.4 7.9 7.4
    endloop
  endfacet
  facet normal 0 0 1
    outer loop
      vertex 7.2 22.8 7.4
      vertex 0 30.5 7.4
      vertex 7.2 22.3997 7.4
    endloop
  endfacet
  facet normal 0 0 1
    outer loop
      vertex 7.2 15.5408 7.4
      vertex 5.95193 7.82903 7.4
      vertex 6.17317 7.88215 7.4
    endloop
  endfacet
  facet normal 0 0 1
    outer loop
      vertex 7.2 22.3997 7.4
      vertex 0 30.5 7.4
      vertex 7.2 21.0834 7.4
    endloop
  endfacet
  facet normal 0 0 1
    outer loop
      vertex 7.2 15.5408 7.4
      vertex 5.74171 7.74196 7.4
      vertex 5.95193 7.82903 7.4
    endloop
  endfacet
  facet normal 0 0 1
    outer loop
      vertex 0 5.2 7.4
      vertex 7.2 16.8571 7.4
      vertex 0 30.5 7.4
    endloop
  endfacet
  facet normal 0 0 1
    outer loop
      vertex 7.2 15.5408 7.4
      vertex 5.54771 7.62307 7.4
      vertex 5.74171 7.74196 7.4
    endloop
  endfacet
  facet normal 0 0 1
    outer loop
      vertex 7.2 21.0834 7.4
      vertex 0 30.5 7.4
      vertex 7.2 16.8571 7.4
    endloop
  endfacet
  facet normal 0 0 1
    outer loop
      vertex 7.2 16.8571 7.4
      vertex 0 5.2 7.4
      vertex 7.2 15.5408 7.4
    endloop
  endfacet
  facet normal 0 0 1
    outer loop
      vertex 0 30.5 7.4
      vertex 5.4247 28.2747 7.4
      vertex 5.27693 28.4477 7.4
    endloop
  endfacet
  facet normal 0 -0 1
    outer loop
      vertex 5.37469 7.4753 7.4
      vertex 7.2 15.5408 7.4
      vertex 0 5.2 7.4
    endloop
  endfacet
  facet normal 0 0 1
    outer loop
      vertex 0 30.5 7.4
      vertex 5.27693 28.4477 7.4
      vertex 5.15804 28.6417 7.4
    endloop
  endfacet
  facet normal 0 0 1
    outer loop
      vertex 7.2 15.5408 7.4
      vertex 5.37469 7.4753 7.4
      vertex 5.54771 7.62307 7.4
    endloop
  endfacet
  facet normal 0 0 1
    outer loop
      vertex 0 30.5 7.4
      vertex 5.15804 28.6417 7.4
      vertex 5.07097 28.8519 7.4
    endloop
  endfacet
  facet normal 0 0 1
    outer loop
      vertex 5.37469 7.4753 7.4
      vertex 0 5.2 7.4
      vertex 5.22692 7.30229 7.4
    endloop
  endfacet
  facet normal 0 0 1
    outer loop
      vertex 0 30.5 7.4
      vertex 5.07097 28.8519 7.4
      vertex 5.01785 29.0732 7.4
    endloop
  endfacet
  facet normal 0 0 1
    outer loop
      vertex 0 30.5 7.4
      vertex 5.01785 29.0732 7.4
      vertex 5 29.3 7.4
    endloop
  endfacet
  facet normal 0 0 1
    outer loop
      vertex 5.22692 7.30229 7.4
      vertex 0 5.2 7.4
      vertex 5.10804 7.10829 7.4
    endloop
  endfacet
  facet normal -0 0 1
    outer loop
      vertex 7.2 9.99823 7.4
      vertex 8.96997 9.3689 7.4
      vertex 7.2 11.3146 7.4
    endloop
  endfacet
  facet normal 0 0 1
    outer loop
      vertex 8.96997 9.3689 7.4
      vertex 7.2 9.99823 7.4
      vertex 8.63 9.17262 7.4
    endloop
  endfacet
  facet normal -0 0 1
    outer loop
      vertex 7.2 15.5408 7.4
      vertex 8.96997 14.9115 7.4
      vertex 7.2 16.8571 7.4
    endloop
  endfacet
  facet normal 0 0 1
    outer loop
      vertex 8.96997 14.9115 7.4
      vertex 7.2 15.5408 7.4
      vertex 8.63 14.7152 7.4
    endloop
  endfacet
  facet normal -0 0 1
    outer loop
      vertex 7.2 21.0834 7.4
      vertex 8.96997 20.454 7.4
      vertex 7.2 22.3997 7.4
    endloop
  endfacet
  facet normal 0 0 1
    outer loop
      vertex 8.96997 20.454 7.4
      vertex 7.2 21.0834 7.4
      vertex 8.63 20.2577 7.4
    endloop
  endfacet
  facet normal -0 0 1
    outer loop
      vertex 7.88215 29.5268 7.4
      vertex 9.1 26.44 7.4
      vertex 9.1 35.7 7.4
    endloop
  endfacet
  facet normal -0 0 1
    outer loop
      vertex 7.2 22.3997 7.4
      vertex 8.96997 20.454 7.4
      vertex 8.96997 23.029 7.4
    endloop
  endfacet
  facet normal 0 0 1
    outer loop
      vertex 8.96997 20.454 7.4
      vertex 8.63 20.2577 7.4
      vertex 8.96997 17.4865 7.4
    endloop
  endfacet
  facet normal 0 0 1
    outer loop
      vertex 7.2 16.8571 7.4
      vertex 8.96997 17.4865 7.4
      vertex 8.63 17.6827 7.4
    endloop
  endfacet
  facet normal 0 0 1
    outer loop
      vertex 8.96997 17.4865 7.4
      vertex 7.2 16.8571 7.4
      vertex 8.96997 14.9115 7.4
    endloop
  endfacet
  facet normal -0 0 1
    outer loop
      vertex 8.63 23.2253 7.4
      vertex 8.96997 23.029 7.4
      vertex 8.63 24.855 7.4
    endloop
  endfacet
  facet normal 0 0 1
    outer loop
      vertex 9.1 26.44 7.4
      vertex 8.63 24.855 7.4
      vertex 8.96997 23.029 7.4
    endloop
  endfacet
  facet normal -0 0 1
    outer loop
      vertex 7.88215 29.0732 7.4
      vertex 9.1 26.44 7.4
      vertex 7.9 29.3 7.4
    endloop
  endfacet
  facet normal -0 0 1
    outer loop
      vertex 7.82903 28.8519 7.4
      vertex 9.1 26.44 7.4
      vertex 7.88215 29.0732 7.4
    endloop
  endfacet
  facet normal -0 0 1
    outer loop
      vertex 7.74196 28.6417 7.4
      vertex 9.1 26.44 7.4
      vertex 7.82903 28.8519 7.4
    endloop
  endfacet
  facet normal 0 0 1
    outer loop
      vertex 9.1 26.44 7.4
      vertex 7.88215 29.5268 7.4
      vertex 7.9 29.3 7.4
    endloop
  endfacet
  facet normal 0 0 1
    outer loop
      vertex 9.1 35.7 7.4
      vertex 7.82903 29.7481 7.4
      vertex 7.88215 29.5268 7.4
    endloop
  endfacet
  facet normal 0 0 1
    outer loop
      vertex 9.1 35.7 7.4
      vertex 7.74196 29.9583 7.4
      vertex 7.82903 29.7481 7.4
    endloop
  endfacet
  facet normal 0 0 1
    outer loop
      vertex 9.1 35.7 7.4
      vertex 7.62307 30.1523 7.4
      vertex 7.74196 29.9583 7.4
    endloop
  endfacet
  facet normal 0 0 1
    outer loop
      vertex 9.1 35.7 7.4
      vertex 7.4753 30.3253 7.4
      vertex 7.62307 30.1523 7.4
    endloop
  endfacet
  facet normal 0 0 1
    outer loop
      vertex 9.1 35.7 7.4
      vertex 7.30229 30.4731 7.4
      vertex 7.4753 30.3253 7.4
    endloop
  endfacet
  facet normal 0 0 1
    outer loop
      vertex 9.1 35.7 7.4
      vertex 7.10829 30.592 7.4
      vertex 7.30229 30.4731 7.4
    endloop
  endfacet
  facet normal 0 0 1
    outer loop
      vertex 9.1 35.7 7.4
      vertex 6.89807 30.679 7.4
      vertex 7.10829 30.592 7.4
    endloop
  endfacet
  facet normal 0 0 1
    outer loop
      vertex 9.1 35.7 7.4
      vertex 6.67683 30.7321 7.4
      vertex 6.89807 30.679 7.4
    endloop
  endfacet
  facet normal -0 0 1
    outer loop
      vertex 5.2 35.7 7.4
      vertex 6.67683 30.7321 7.4
      vertex 9.1 35.7 7.4
    endloop
  endfacet
  facet normal 0 0 1
    outer loop
      vertex 6.67683 30.7321 7.4
      vertex 5.2 35.7 7.4
      vertex 6.45 30.75 7.4
    endloop
  endfacet
  facet normal 0 0 1
    outer loop
      vertex 6.45 30.75 7.4
      vertex 5.2 35.7 7.4
      vertex 6.22317 30.7321 7.4
    endloop
  endfacet
  facet normal 0 0 1
    outer loop
      vertex 6.22317 30.7321 7.4
      vertex 5.2 35.7 7.4
      vertex 6.00192 30.679 7.4
    endloop
  endfacet
  facet normal -0 0 1
    outer loop
      vertex 4.38654 35.636 7.4
      vertex 6.00192 30.679 7.4
      vertex 5.2 35.7 7.4
    endloop
  endfacet
  facet normal 0 0 1
    outer loop
      vertex 6.00192 30.679 7.4
      vertex 4.38654 35.636 7.4
      vertex 5.79171 30.592 7.4
    endloop
  endfacet
  facet normal -0 0 1
    outer loop
      vertex 3.59311 35.4455 7.4
      vertex 5.79171 30.592 7.4
      vertex 4.38654 35.636 7.4
    endloop
  endfacet
  facet normal 0 0 1
    outer loop
      vertex 5.79171 30.592 7.4
      vertex 3.59311 35.4455 7.4
      vertex 5.59771 30.4731 7.4
    endloop
  endfacet
  facet normal -0 0 1
    outer loop
      vertex 2.83925 35.1332 7.4
      vertex 5.59771 30.4731 7.4
      vertex 3.59311 35.4455 7.4
    endloop
  endfacet
  facet normal -0 0 1
    outer loop
      vertex 2.14352 34.7069 7.4
      vertex 5.59771 30.4731 7.4
      vertex 2.83925 35.1332 7.4
    endloop
  endfacet
  facet normal 0 0 1
    outer loop
      vertex 5.59771 30.4731 7.4
      vertex 2.14352 34.7069 7.4
      vertex 5.4247 30.3253 7.4
    endloop
  endfacet
  facet normal -0 0 1
    outer loop
      vertex 1.52304 34.177 7.4
      vertex 5.4247 30.3253 7.4
      vertex 2.14352 34.7069 7.4
    endloop
  endfacet
  facet normal 0 0 1
    outer loop
      vertex 5.10804 7.10829 7.4
      vertex 0 5.2 7.4
      vertex 5.02097 6.89807 7.4
    endloop
  endfacet
  facet normal 0 0 1
    outer loop
      vertex 5.4247 30.3253 7.4
      vertex 0.993112 33.5565 7.4
      vertex 5.27693 30.1523 7.4
    endloop
  endfacet
  facet normal -0 0 1
    outer loop
      vertex 0.993112 33.5565 7.4
      vertex 5.4247 30.3253 7.4
      vertex 1.52304 34.177 7.4
    endloop
  endfacet
  facet normal -0 0 1
    outer loop
      vertex 7.62307 28.4477 7.4
      vertex 9.1 26.44 7.4
      vertex 7.74196 28.6417 7.4
    endloop
  endfacet
  facet normal -0 0 1
    outer loop
      vertex 7.4753 28.2747 7.4
      vertex 9.1 26.44 7.4
      vertex 7.62307 28.4477 7.4
    endloop
  endfacet
  facet normal -0 0 1
    outer loop
      vertex 7.30229 28.1269 7.4
      vertex 9.1 26.44 7.4
      vertex 7.4753 28.2747 7.4
    endloop
  endfacet
  facet normal -0 0 1
    outer loop
      vertex 7.10829 28.008 7.4
      vertex 9.1 26.44 7.4
      vertex 7.30229 28.1269 7.4
    endloop
  endfacet
  facet normal -0 0 1
    outer loop
      vertex 6.89807 27.921 7.4
      vertex 9.1 26.44 7.4
      vertex 7.10829 28.008 7.4
    endloop
  endfacet
  facet normal 0 0 1
    outer loop
      vertex 9.1 26.44 7.4
      vertex 8.40121 24.7602 7.4
      vertex 8.63 24.855 7.4
    endloop
  endfacet
  facet normal 0 0 1
    outer loop
      vertex 9.1 26.44 7.4
      vertex 6.89807 27.921 7.4
      vertex 8.40121 24.7602 7.4
    endloop
  endfacet
  facet normal 0 0 1
    outer loop
      vertex 8.40121 24.7602 7.4
      vertex 6.89807 27.921 7.4
      vertex 8.10686 24.5798 7.4
    endloop
  endfacet
  facet normal -0 0 1
    outer loop
      vertex 6.67683 27.8679 7.4
      vertex 8.10686 24.5798 7.4
      vertex 6.89807 27.921 7.4
    endloop
  endfacet
  facet normal 0 0 1
    outer loop
      vertex 8.10686 24.5798 7.4
      vertex 6.67683 27.8679 7.4
      vertex 7.84436 24.3556 7.4
    endloop
  endfacet
  facet normal -0 0 1
    outer loop
      vertex 6.45 27.85 7.4
      vertex 7.84436 24.3556 7.4
      vertex 6.67683 27.8679 7.4
    endloop
  endfacet
  facet normal 0 0 1
    outer loop
      vertex 6.22317 27.8679 7.4
      vertex 7.84436 24.3556 7.4
      vertex 6.45 27.85 7.4
    endloop
  endfacet
  facet normal 0 0 1
    outer loop
      vertex 7.62015 24.0931 7.4
      vertex 6.00192 27.921 7.4
      vertex 7.43977 23.7988 7.4
    endloop
  endfacet
  facet normal 0 0 1
    outer loop
      vertex 5.79171 28.008 7.4
      vertex 7.43977 23.7988 7.4
      vertex 6.00192 27.921 7.4
    endloop
  endfacet
  facet normal 0 0 1
    outer loop
      vertex 6.00192 27.921 7.4
      vertex 7.62015 24.0931 7.4
      vertex 6.22317 27.8679 7.4
    endloop
  endfacet
  facet normal 0 0 1
    outer loop
      vertex 7.43977 23.7988 7.4
      vertex 5.79171 28.008 7.4
      vertex 7.30766 23.4798 7.4
    endloop
  endfacet
  facet normal 0 0 1
    outer loop
      vertex 5.59771 28.1269 7.4
      vertex 7.30766 23.4798 7.4
      vertex 5.79171 28.008 7.4
    endloop
  endfacet
  facet normal 0 0 1
    outer loop
      vertex 7.2 15.5408 7.4
      vertex 7.05829 7.74196 7.4
      vertex 7.2 11.3146 7.4
    endloop
  endfacet
  facet normal 0 0 1
    outer loop
      vertex 7.2 11.3146 7.4
      vertex 7.05829 7.74196 7.4
      vertex 7.2 9.99823 7.4
    endloop
  endfacet
  facet normal 0 0 1
    outer loop
      vertex 7.84436 24.3556 7.4
      vertex 6.22317 27.8679 7.4
      vertex 7.62015 24.0931 7.4
    endloop
  endfacet
  facet normal -0 0 1
    outer loop
      vertex 11.2 8.08141 7.4
      vertex 12.0467 7.2 7.4
      vertex 13.43 9.3689 7.4
    endloop
  endfacet
  facet normal 0 0 1
    outer loop
      vertex 11.2 8.08141 7.4
      vertex 11.2 7.68884 7.4
      vertex 12.0467 7.2 7.4
    endloop
  endfacet
  facet normal 0 0 1
    outer loop
      vertex 11.2 8.08141 7.4
      vertex 10.3533 7.2 7.4
      vertex 11.2 7.68884 7.4
    endloop
  endfacet
  facet normal 0 -0 1
    outer loop
      vertex 10.3533 7.2 7.4
      vertex 11.2 8.08141 7.4
      vertex 8.96997 9.3689 7.4
    endloop
  endfacet
  facet normal -0 0 1
    outer loop
      vertex 11.2 13.624 7.4
      vertex 13.43 11.9439 7.4
      vertex 13.43 14.9115 7.4
    endloop
  endfacet
  facet normal 0 0 1
    outer loop
      vertex 11.2 13.624 7.4
      vertex 11.2 13.2314 7.4
      vertex 13.43 11.9439 7.4
    endloop
  endfacet
  facet normal 0 0 1
    outer loop
      vertex 8.96997 14.9115 7.4
      vertex 11.2 13.2314 7.4
      vertex 11.2 13.624 7.4
    endloop
  endfacet
  facet normal 0 0 1
    outer loop
      vertex 11.2 13.2314 7.4
      vertex 8.96997 14.9115 7.4
      vertex 8.96997 11.9439 7.4
    endloop
  endfacet
  facet normal -0 0 1
    outer loop
      vertex 11.2 19.1665 7.4
      vertex 13.43 17.4865 7.4
      vertex 13.43 20.454 7.4
    endloop
  endfacet
  facet normal 0 0 1
    outer loop
      vertex 11.2 19.1665 7.4
      vertex 11.2 18.774 7.4
      vertex 13.43 17.4865 7.4
    endloop
  endfacet
  facet normal 0 0 1
    outer loop
      vertex 8.96997 20.454 7.4
      vertex 11.2 18.774 7.4
      vertex 11.2 19.1665 7.4
    endloop
  endfacet
  facet normal 0 0 1
    outer loop
      vertex 11.2 18.774 7.4
      vertex 8.96997 20.454 7.4
      vertex 8.96997 17.4865 7.4
    endloop
  endfacet
  facet normal -0 0 1
    outer loop
      vertex 16 10.8527 7.4
      vertex 18.23 9.17262 7.4
      vertex 18.23 12.1402 7.4
    endloop
  endfacet
  facet normal 0 0 1
    outer loop
      vertex 16 10.8527 7.4
      vertex 16 10.4601 7.4
      vertex 18.23 9.17262 7.4
    endloop
  endfacet
  facet normal 0 0 1
    outer loop
      vertex 13.77 12.1402 7.4
      vertex 16 10.4601 7.4
      vertex 16 10.8527 7.4
    endloop
  endfacet
  facet normal 0 0 1
    outer loop
      vertex 16 10.4601 7.4
      vertex 13.77 12.1402 7.4
      vertex 13.77 9.17262 7.4
    endloop
  endfacet
  facet normal -0 0 1
    outer loop
      vertex 16 16.3952 7.4
      vertex 18.23 14.7152 7.4
      vertex 18.23 17.6827 7.4
    endloop
  endfacet
  facet normal 0 0 1
    outer loop
      vertex 16 16.3952 7.4
      vertex 16 16.0027 7.4
      vertex 18.23 14.7152 7.4
    endloop
  endfacet
  facet normal 0 0 1
    outer loop
      vertex 13.77 17.6827 7.4
      vertex 16 16.0027 7.4
      vertex 16 16.3952 7.4
    endloop
  endfacet
  facet normal 0 0 1
    outer loop
      vertex 16 16.0027 7.4
      vertex 13.77 17.6827 7.4
      vertex 13.77 14.7152 7.4
    endloop
  endfacet
  facet normal -0 0 1
    outer loop
      vertex 16 21.9378 7.4
      vertex 18.23 20.2577 7.4
      vertex 18.23 23.2253 7.4
    endloop
  endfacet
  facet normal 0 0 1
    outer loop
      vertex 16 21.9378 7.4
      vertex 16 21.5452 7.4
      vertex 18.23 20.2577 7.4
    endloop
  endfacet
  facet normal 0 0 1
    outer loop
      vertex 13.77 23.2253 7.4
      vertex 16 21.5452 7.4
      vertex 16 21.9378 7.4
    endloop
  endfacet
  facet normal 0 0 1
    outer loop
      vertex 16 21.5452 7.4
      vertex 13.77 23.2253 7.4
      vertex 13.77 20.2577 7.4
    endloop
  endfacet
  facet normal 0 0 1
    outer loop
      vertex 11.2 24.3165 7.4
      vertex 11.7038 25 7.4
      vertex 11.2 24.7091 7.4
    endloop
  endfacet
  facet normal 0 0 1
    outer loop
      vertex 11.7038 25 7.4
      vertex 11.2 24.3165 7.4
      vertex 13.43 23.029 7.4
    endloop
  endfacet
  facet normal 0 0 1
    outer loop
      vertex 10.6962 25 7.4
      vertex 11.2 24.3165 7.4
      vertex 11.2 24.7091 7.4
    endloop
  endfacet
  facet normal 0 0 1
    outer loop
      vertex 8.96997 23.029 7.4
      vertex 10.6962 25 7.4
      vertex 9.1 26.44 7.4
    endloop
  endfacet
  facet normal 0 0 1
    outer loop
      vertex 10.6962 25 7.4
      vertex 8.96997 23.029 7.4
      vertex 11.2 24.3165 7.4
    endloop
  endfacet
  facet normal -0 0 1
    outer loop
      vertex 20.8 13.624 7.4
      vertex 23.03 11.9439 7.4
      vertex 23.03 14.9115 7.4
    endloop
  endfacet
  facet normal 0 0 1
    outer loop
      vertex 20.8 13.624 7.4
      vertex 20.8 13.2314 7.4
      vertex 23.03 11.9439 7.4
    endloop
  endfacet
  facet normal 0 0 1
    outer loop
      vertex 18.57 14.9115 7.4
      vertex 20.8 13.2314 7.4
      vertex 20.8 13.624 7.4
    endloop
  endfacet
  facet normal 0 0 1
    outer loop
      vertex 20.8 13.2314 7.4
      vertex 18.57 14.9115 7.4
      vertex 18.57 11.9439 7.4
    endloop
  endfacet
  facet normal -0 0 1
    outer loop
      vertex 20.8 19.1665 7.4
      vertex 23.03 17.4865 7.4
      vertex 23.03 20.454 7.4
    endloop
  endfacet
  facet normal 0 0 1
    outer loop
      vertex 20.8 19.1665 7.4
      vertex 20.8 18.774 7.4
      vertex 23.03 17.4865 7.4
    endloop
  endfacet
  facet normal 0 0 1
    outer loop
      vertex 18.57 20.454 7.4
      vertex 20.8 18.774 7.4
      vertex 20.8 19.1665 7.4
    endloop
  endfacet
  facet normal 0 0 1
    outer loop
      vertex 20.8 18.774 7.4
      vertex 18.57 20.454 7.4
      vertex 18.57 17.4865 7.4
    endloop
  endfacet
  facet normal -0 0 1
    outer loop
      vertex 25.6 10.8527 7.4
      vertex 27.83 9.17262 7.4
      vertex 27.83 12.1402 7.4
    endloop
  endfacet
  facet normal 0 0 1
    outer loop
      vertex 25.6 10.8527 7.4
      vertex 25.6 10.4601 7.4
      vertex 27.83 9.17262 7.4
    endloop
  endfacet
  facet normal 0 0 1
    outer loop
      vertex 23.37 12.1402 7.4
      vertex 25.6 10.4601 7.4
      vertex 25.6 10.8527 7.4
    endloop
  endfacet
  facet normal 0 0 1
    outer loop
      vertex 25.6 10.4601 7.4
      vertex 23.37 12.1402 7.4
      vertex 23.37 9.17262 7.4
    endloop
  endfacet
  facet normal -0 0 1
    outer loop
      vertex 25.6 16.3952 7.4
      vertex 27.83 14.7152 7.4
      vertex 27.83 17.6827 7.4
    endloop
  endfacet
  facet normal 0 0 1
    outer loop
      vertex 25.6 16.3952 7.4
      vertex 25.6 16.0027 7.4
      vertex 27.83 14.7152 7.4
    endloop
  endfacet
  facet normal 0 0 1
    outer loop
      vertex 23.37 17.6827 7.4
      vertex 25.6 16.0027 7.4
      vertex 25.6 16.3952 7.4
    endloop
  endfacet
  facet normal 0 0 1
    outer loop
      vertex 25.6 16.0027 7.4
      vertex 23.37 17.6827 7.4
      vertex 23.37 14.7152 7.4
    endloop
  endfacet
  facet normal -0 0 1
    outer loop
      vertex 25.6 21.9378 7.4
      vertex 27.83 20.2577 7.4
      vertex 27.83 23.2253 7.4
    endloop
  endfacet
  facet normal 0 0 1
    outer loop
      vertex 25.6 21.9378 7.4
      vertex 25.6 21.5452 7.4
      vertex 27.83 20.2577 7.4
    endloop
  endfacet
  facet normal 0 0 1
    outer loop
      vertex 23.37 23.2253 7.4
      vertex 25.6 21.5452 7.4
      vertex 25.6 21.9378 7.4
    endloop
  endfacet
  facet normal 0 0 1
    outer loop
      vertex 25.6 21.5452 7.4
      vertex 23.37 23.2253 7.4
      vertex 23.37 20.2577 7.4
    endloop
  endfacet
  facet normal -0 0 1
    outer loop
      vertex 27.1841 4.97274 7.4
      vertex 29.1219 4.0605 7.4
      vertex 29.2791 4.97274 7.4
    endloop
  endfacet
  facet normal 0 0 1
    outer loop
      vertex 29.1219 4.0605 7.4
      vertex 27.1841 4.97274 7.4
      vertex 27.1841 4.0605 7.4
    endloop
  endfacet
  facet normal 0 0 1
    outer loop
      vertex 29.1219 4.0605 7.4
      vertex 30.1366 5.56026 7.4
      vertex 29.2791 4.97274 7.4
    endloop
  endfacet
  facet normal 0 0 1
    outer loop
      vertex 29.1219 3.47301 7.4
      vertex 30.1366 5.56026 7.4
      vertex 29.1219 4.0605 7.4
    endloop
  endfacet
  facet normal 0 0 1
    outer loop
      vertex 30.1366 5.56026 7.4
      vertex 29.1219 3.47301 7.4
      vertex 29.3847 2.51696 7.4
    endloop
  endfacet
  facet normal 0 0 1
    outer loop
      vertex 27.1841 2.51696 7.4
      vertex 29.1219 3.47301 7.4
      vertex 27.1841 3.47301 7.4
    endloop
  endfacet
  facet normal 0 0 1
    outer loop
      vertex 29.1219 3.47301 7.4
      vertex 27.1841 2.51696 7.4
      vertex 29.3847 2.51696 7.4
    endloop
  endfacet
  facet normal 0 0 1
    outer loop
      vertex 26.4239 5.56026 7.4
      vertex 25.6367 5.03199 7.4
      vertex 25.7423 2.52472 7.4
    endloop
  endfacet
  facet normal 0 0 1
    outer loop
      vertex 25.7423 2.52472 7.4
      vertex 25.6367 5.03199 7.4
      vertex 23.6731 2.52472 7.4
    endloop
  endfacet
  facet normal 0 0 1
    outer loop
      vertex 24.7915 4.96498 7.4
      vertex 23.0237 4.96498 7.4
      vertex 22.8279 2.46802 7.4
    endloop
  endfacet
  facet normal 0 0 1
    outer loop
      vertex 20.8 24.3165 7.4
      vertex 21.3038 25 7.4
      vertex 20.8 24.7091 7.4
    endloop
  endfacet
  facet normal 0 0 1
    outer loop
      vertex 21.3038 25 7.4
      vertex 20.8 24.3165 7.4
      vertex 23.03 23.029 7.4
    endloop
  endfacet
  facet normal 0 0 1
    outer loop
      vertex 20.2961 25 7.4
      vertex 20.8 24.3165 7.4
      vertex 20.8 24.7091 7.4
    endloop
  endfacet
  facet normal 0 0 1
    outer loop
      vertex 20.8 24.3165 7.4
      vertex 20.2961 25 7.4
      vertex 18.57 23.029 7.4
    endloop
  endfacet
  facet normal -0 0 1
    outer loop
      vertex 30.4 13.624 7.4
      vertex 32.63 11.9439 7.4
      vertex 32.63 14.9115 7.4
    endloop
  endfacet
  facet normal 0 0 1
    outer loop
      vertex 30.4 13.624 7.4
      vertex 30.4 13.2314 7.4
      vertex 32.63 11.9439 7.4
    endloop
  endfacet
  facet normal 0 0 1
    outer loop
      vertex 28.17 14.9115 7.4
      vertex 30.4 13.2314 7.4
      vertex 30.4 13.624 7.4
    endloop
  endfacet
  facet normal 0 0 1
    outer loop
      vertex 30.4 13.2314 7.4
      vertex 28.17 14.9115 7.4
      vertex 28.17 11.9439 7.4
    endloop
  endfacet
  facet normal -0 0 1
    outer loop
      vertex 30.4 19.1665 7.4
      vertex 32.63 17.4865 7.4
      vertex 32.63 20.454 7.4
    endloop
  endfacet
  facet normal 0 0 1
    outer loop
      vertex 30.4 19.1665 7.4
      vertex 30.4 18.774 7.4
      vertex 32.63 17.4865 7.4
    endloop
  endfacet
  facet normal 0 0 1
    outer loop
      vertex 28.17 20.454 7.4
      vertex 30.4 18.774 7.4
      vertex 30.4 19.1665 7.4
    endloop
  endfacet
  facet normal 0 0 1
    outer loop
      vertex 30.4 18.774 7.4
      vertex 28.17 20.454 7.4
      vertex 28.17 17.4865 7.4
    endloop
  endfacet
  facet normal -0 0 1
    outer loop
      vertex 35.2 10.8527 7.4
      vertex 37.43 9.17262 7.4
      vertex 37.43 12.1402 7.4
    endloop
  endfacet
  facet normal 0 0 1
    outer loop
      vertex 35.2 10.8527 7.4
      vertex 35.2 10.4601 7.4
      vertex 37.43 9.17262 7.4
    endloop
  endfacet
  facet normal 0 0 1
    outer loop
      vertex 32.97 12.1402 7.4
      vertex 35.2 10.4601 7.4
      vertex 35.2 10.8527 7.4
    endloop
  endfacet
  facet normal 0 0 1
    outer loop
      vertex 35.2 10.4601 7.4
      vertex 32.97 12.1402 7.4
      vertex 32.97 9.17262 7.4
    endloop
  endfacet
  facet normal -0 0 1
    outer loop
      vertex 35.2 16.3952 7.4
      vertex 37.43 14.7152 7.4
      vertex 37.43 17.6827 7.4
    endloop
  endfacet
  facet normal 0 0 1
    outer loop
      vertex 35.2 16.3952 7.4
      vertex 35.2 16.0027 7.4
      vertex 37.43 14.7152 7.4
    endloop
  endfacet
  facet normal 0 0 1
    outer loop
      vertex 32.97 17.6827 7.4
      vertex 35.2 16.0027 7.4
      vertex 35.2 16.3952 7.4
    endloop
  endfacet
  facet normal 0 0 1
    outer loop
      vertex 35.2 16.0027 7.4
      vertex 32.97 17.6827 7.4
      vertex 32.97 14.7152 7.4
    endloop
  endfacet
  facet normal -0 0 1
    outer loop
      vertex 35.2 21.9378 7.4
      vertex 37.43 20.2577 7.4
      vertex 37.43 23.2253 7.4
    endloop
  endfacet
  facet normal 0 0 1
    outer loop
      vertex 35.2 21.9378 7.4
      vertex 35.2 21.5452 7.4
      vertex 37.43 20.2577 7.4
    endloop
  endfacet
  facet normal 0 0 1
    outer loop
      vertex 32.97 23.2253 7.4
      vertex 35.2 21.5452 7.4
      vertex 35.2 21.9378 7.4
    endloop
  endfacet
  facet normal 0 0 1
    outer loop
      vertex 35.2 21.5452 7.4
      vertex 32.97 23.2253 7.4
      vertex 32.97 20.2577 7.4
    endloop
  endfacet
  facet normal 0 0 1
    outer loop
      vertex 37.77 17.4865 7.4
      vertex 37.43 17.6827 7.4
      vertex 37.77 14.9115 7.4
    endloop
  endfacet
  facet normal 0 0 1
    outer loop
      vertex 37.43 14.7152 7.4
      vertex 37.77 14.9115 7.4
      vertex 37.43 17.6827 7.4
    endloop
  endfacet
  facet normal 0 0 1
    outer loop
      vertex 37.77 14.9115 7.4
      vertex 37.43 14.7152 7.4
      vertex 37.77 11.9439 7.4
    endloop
  endfacet
  facet normal -0 0 1
    outer loop
      vertex 37.43 12.1402 7.4
      vertex 37.77 11.9439 7.4
      vertex 37.43 14.7152 7.4
    endloop
  endfacet
  facet normal 0 0 1
    outer loop
      vertex 37.43 9.17262 7.4
      vertex 37.77 11.9439 7.4
      vertex 37.43 12.1402 7.4
    endloop
  endfacet
  facet normal 0 0 1
    outer loop
      vertex 37.43 7.2 7.4
      vertex 37.77 11.9439 7.4
      vertex 37.43 9.17262 7.4
    endloop
  endfacet
  facet normal 0 0 1
    outer loop
      vertex 37.77 11.9439 7.4
      vertex 37.43 7.2 7.4
      vertex 37.4709 4.74883 7.4
    endloop
  endfacet
  facet normal 0 0 1
    outer loop
      vertex 37.43 7.2 7.4
      vertex 37.3495 4.94445 7.4
      vertex 37.4709 4.74883 7.4
    endloop
  endfacet
  facet normal 0 0 1
    outer loop
      vertex 37.43 7.2 7.4
      vertex 37.2011 5.1196 7.4
      vertex 37.3495 4.94445 7.4
    endloop
  endfacet
  facet normal 0 0 1
    outer loop
      vertex 37.43 7.2 7.4
      vertex 37.0287 5.27079 7.4
      vertex 37.2011 5.1196 7.4
    endloop
  endfacet
  facet normal 0 0 1
    outer loop
      vertex 37.43 7.2 7.4
      vertex 36.8353 5.39447 7.4
      vertex 37.0287 5.27079 7.4
    endloop
  endfacet
  facet normal 0 0 1
    outer loop
      vertex 37.43 7.2 7.4
      vertex 36.621 5.49068 7.4
      vertex 36.8353 5.39447 7.4
    endloop
  endfacet
  facet normal 0 0 1
    outer loop
      vertex 37.43 7.2 7.4
      vertex 36.3856 5.55939 7.4
      vertex 36.621 5.49068 7.4
    endloop
  endfacet
  facet normal 0 0 1
    outer loop
      vertex 37.43 7.2 7.4
      vertex 36.1294 5.60062 7.4
      vertex 36.3856 5.55939 7.4
    endloop
  endfacet
  facet normal 0 0 1
    outer loop
      vertex 37.43 7.2 7.4
      vertex 35.8521 5.61437 7.4
      vertex 36.1294 5.60062 7.4
    endloop
  endfacet
  facet normal 0 0 1
    outer loop
      vertex 37.43 7.2 7.4
      vertex 35.5749 5.60077 7.4
      vertex 35.8521 5.61437 7.4
    endloop
  endfacet
  facet normal -0 0 1
    outer loop
      vertex 32.97 7.2 7.4
      vertex 35.5749 5.60077 7.4
      vertex 37.43 7.2 7.4
    endloop
  endfacet
  facet normal 0 0 1
    outer loop
      vertex 35.5749 5.60077 7.4
      vertex 32.97 7.2 7.4
      vertex 35.3187 5.55997 7.4
    endloop
  endfacet
  facet normal 0 0 1
    outer loop
      vertex 35.3187 5.55997 7.4
      vertex 32.97 7.2 7.4
      vertex 35.0836 5.49196 7.4
    endloop
  endfacet
  facet normal 0 0 1
    outer loop
      vertex 35.0836 5.49196 7.4
      vertex 32.97 7.2 7.4
      vertex 34.8695 5.39675 7.4
    endloop
  endfacet
  facet normal 0 0 1
    outer loop
      vertex 33.2521 4.12267 7.4
      vertex 34.0199 3.7616 7.4
      vertex 34.0334 4.04212 7.4
    endloop
  endfacet
  facet normal -0 0 1
    outer loop
      vertex 33.2822 4.23531 7.4
      vertex 34.0334 4.04212 7.4
      vertex 34.0738 4.3013 7.4
    endloop
  endfacet
  facet normal -0 0 1
    outer loop
      vertex 33.3002 4.35375 7.4
      vertex 34.0738 4.3013 7.4
      vertex 33.3062 4.47797 7.4
    endloop
  endfacet
  facet normal 0 0 1
    outer loop
      vertex 34.1411 4.53916 7.4
      vertex 33.3062 4.47797 7.4
      vertex 34.0738 4.3013 7.4
    endloop
  endfacet
  facet normal 0 0 1
    outer loop
      vertex 33.267 4.79965 7.4
      vertex 34.1411 4.53916 7.4
      vertex 34.2353 4.75568 7.4
    endloop
  endfacet
  facet normal -0 0 1
    outer loop
      vertex 33.2179 4.9402 7.4
      vertex 34.2353 4.75568 7.4
      vertex 34.3564 4.95087 7.4
    endloop
  endfacet
  facet normal -0 0 1
    outer loop
      vertex 33.1493 5.06722 7.4
      vertex 34.3564 4.95087 7.4
      vertex 34.5044 5.12473 7.4
    endloop
  endfacet
  facet normal -0 0 1
    outer loop
      vertex 33.061 5.1807 7.4
      vertex 34.5044 5.12473 7.4
      vertex 34.6764 5.27434 7.4
    endloop
  endfacet
  facet normal 0 0 1
    outer loop
      vertex 34.8695 5.39675 7.4
      vertex 32.97 7.2 7.4
      vertex 34.6764 5.27434 7.4
    endloop
  endfacet
  facet normal 0 0 1
    outer loop
      vertex 34.1411 4.53916 7.4
      vertex 33.2964 4.64559 7.4
      vertex 33.3062 4.47797 7.4
    endloop
  endfacet
  facet normal 0 0 1
    outer loop
      vertex 34.1411 4.53916 7.4
      vertex 33.267 4.79965 7.4
      vertex 33.2964 4.64559 7.4
    endloop
  endfacet
  facet normal 0 0 1
    outer loop
      vertex 34.2353 4.75568 7.4
      vertex 33.2179 4.9402 7.4
      vertex 33.267 4.79965 7.4
    endloop
  endfacet
  facet normal 0 0 1
    outer loop
      vertex 34.3564 4.95087 7.4
      vertex 33.1493 5.06722 7.4
      vertex 33.2179 4.9402 7.4
    endloop
  endfacet
  facet normal -0 0 1
    outer loop
      vertex 32.9532 5.28064 7.4
      vertex 34.6764 5.27434 7.4
      vertex 32.97 7.2 7.4
    endloop
  endfacet
  facet normal 0 0 1
    outer loop
      vertex 34.5044 5.12473 7.4
      vertex 33.061 5.1807 7.4
      vertex 33.1493 5.06722 7.4
    endloop
  endfacet
  facet normal 0 0 1
    outer loop
      vertex 34.6764 5.27434 7.4
      vertex 32.9532 5.28064 7.4
      vertex 33.061 5.1807 7.4
    endloop
  endfacet
  facet normal 0 0 1
    outer loop
      vertex 33.2822 4.23531 7.4
      vertex 34.0738 4.3013 7.4
      vertex 33.3002 4.35375 7.4
    endloop
  endfacet
  facet normal 0 0 1
    outer loop
      vertex 34.0334 4.04212 7.4
      vertex 33.2822 4.23531 7.4
      vertex 33.2521 4.12267 7.4
    endloop
  endfacet
  facet normal 0 0 1
    outer loop
      vertex 34.0199 3.7616 7.4
      vertex 33.2521 4.12267 7.4
      vertex 33.21 4.01583 7.4
    endloop
  endfacet
  facet normal 0 0 1
    outer loop
      vertex 34.0199 3.7616 7.4
      vertex 33.21 4.01583 7.4
      vertex 33.1559 3.91478 7.4
    endloop
  endfacet
  facet normal 0 0 1
    outer loop
      vertex 34.0199 3.7616 7.4
      vertex 33.1559 3.91478 7.4
      vertex 33.0897 3.81955 7.4
    endloop
  endfacet
  facet normal 0 0 1
    outer loop
      vertex 34.0199 3.7616 7.4
      vertex 33.0897 3.81955 7.4
      vertex 33.0134 3.73249 7.4
    endloop
  endfacet
  facet normal 0 0 1
    outer loop
      vertex 32.9285 3.65595 7.4
      vertex 34.0199 3.7616 7.4
      vertex 33.0134 3.73249 7.4
    endloop
  endfacet
  facet normal 0 0 1
    outer loop
      vertex 34.0199 3.7616 7.4
      vertex 32.9285 3.65595 7.4
      vertex 33.4866 1.92945 7.4
    endloop
  endfacet
  facet normal -0 0 1
    outer loop
      vertex 32.8353 3.58992 7.4
      vertex 33.4866 1.92945 7.4
      vertex 32.9285 3.65595 7.4
    endloop
  endfacet
  facet normal -0 0 1
    outer loop
      vertex 32.7336 3.53441 7.4
      vertex 33.4866 1.92945 7.4
      vertex 32.8353 3.58992 7.4
    endloop
  endfacet
  facet normal -0 0 1
    outer loop
      vertex 32.6234 3.48943 7.4
      vertex 33.4866 1.92945 7.4
      vertex 32.7336 3.53441 7.4
    endloop
  endfacet
  facet normal 0 0 1
    outer loop
      vertex 33.4866 1.92945 7.4
      vertex 32.6234 3.48943 7.4
      vertex 32.5048 3.45496 7.4
    endloop
  endfacet
  facet normal -0 0 1
    outer loop
      vertex 32.63 14.9115 7.4
      vertex 32.97 14.7152 7.4
      vertex 32.63 17.4865 7.4
    endloop
  endfacet
  facet normal 0 0 1
    outer loop
      vertex 32.97 14.7152 7.4
      vertex 32.63 14.9115 7.4
      vertex 32.97 12.1402 7.4
    endloop
  endfacet
  facet normal 0 0 1
    outer loop
      vertex 32.63 11.9439 7.4
      vertex 32.97 12.1402 7.4
      vertex 32.63 14.9115 7.4
    endloop
  endfacet
  facet normal 0 0 1
    outer loop
      vertex 32.63 9.3689 7.4
      vertex 32.97 12.1402 7.4
      vertex 32.63 11.9439 7.4
    endloop
  endfacet
  facet normal 0 0 1
    outer loop
      vertex 32.97 12.1402 7.4
      vertex 32.63 9.3689 7.4
      vertex 32.6849 5.43599 7.4
    endloop
  endfacet
  facet normal -0 0 1
    outer loop
      vertex 31.2467 7.2 7.4
      vertex 32.6849 5.43599 7.4
      vertex 32.63 9.3689 7.4
    endloop
  endfacet
  facet normal 0 0 1
    outer loop
      vertex 32.6849 5.43599 7.4
      vertex 31.2467 7.2 7.4
      vertex 32.5261 5.49036 7.4
    endloop
  endfacet
  facet normal 0 0 1
    outer loop
      vertex 32.5261 5.49036 7.4
      vertex 31.2467 7.2 7.4
      vertex 32.3507 5.52919 7.4
    endloop
  endfacet
  facet normal 0 0 1
    outer loop
      vertex 32.3507 5.52919 7.4
      vertex 31.2467 7.2 7.4
      vertex 32.159 5.55249 7.4
    endloop
  endfacet
  facet normal 0 0 1
    outer loop
      vertex 32.159 5.55249 7.4
      vertex 31.2467 7.2 7.4
      vertex 31.9508 5.56026 7.4
    endloop
  endfacet
  facet normal -0 0 1
    outer loop
      vertex 30.4 8.08141 7.4
      vertex 31.2467 7.2 7.4
      vertex 32.63 9.3689 7.4
    endloop
  endfacet
  facet normal 0 0 1
    outer loop
      vertex 30.4 8.08141 7.4
      vertex 30.4 7.68884 7.4
      vertex 31.2467 7.2 7.4
    endloop
  endfacet
  facet normal 0 0 1
    outer loop
      vertex 30.4 8.08141 7.4
      vertex 29.5533 7.2 7.4
      vertex 30.4 7.68884 7.4
    endloop
  endfacet
  facet normal 0 0 1
    outer loop
      vertex 29.2791 4.97274 7.4
      vertex 30.1366 5.56026 7.4
      vertex 29.2791 5.56026 7.4
    endloop
  endfacet
  facet normal 0 0 1
    outer loop
      vertex 28.17 9.3689 7.4
      vertex 29.5533 7.2 7.4
      vertex 30.4 8.08141 7.4
    endloop
  endfacet
  facet normal 0 0 1
    outer loop
      vertex 27.83 7.2 7.4
      vertex 29.5533 7.2 7.4
      vertex 28.17 9.3689 7.4
    endloop
  endfacet
  facet normal 0 0 1
    outer loop
      vertex 28.17 17.4865 7.4
      vertex 27.83 17.6827 7.4
      vertex 28.17 14.9115 7.4
    endloop
  endfacet
  facet normal 0 0 1
    outer loop
      vertex 27.83 14.7152 7.4
      vertex 28.17 14.9115 7.4
      vertex 27.83 17.6827 7.4
    endloop
  endfacet
  facet normal 0 0 1
    outer loop
      vertex 28.17 14.9115 7.4
      vertex 27.83 14.7152 7.4
      vertex 28.17 11.9439 7.4
    endloop
  endfacet
  facet normal -0 0 1
    outer loop
      vertex 27.83 12.1402 7.4
      vertex 28.17 11.9439 7.4
      vertex 27.83 14.7152 7.4
    endloop
  endfacet
  facet normal 0 0 1
    outer loop
      vertex 28.17 11.9439 7.4
      vertex 27.83 12.1402 7.4
      vertex 28.17 9.3689 7.4
    endloop
  endfacet
  facet normal 0 0 1
    outer loop
      vertex 27.83 9.17262 7.4
      vertex 28.17 9.3689 7.4
      vertex 27.83 12.1402 7.4
    endloop
  endfacet
  facet normal 0 0 1
    outer loop
      vertex 27.83 7.2 7.4
      vertex 28.17 9.3689 7.4
      vertex 27.83 9.17262 7.4
    endloop
  endfacet
  facet normal 0 0 1
    outer loop
      vertex 29.5533 7.2 7.4
      vertex 27.83 7.2 7.4
      vertex 29.2791 5.56026 7.4
    endloop
  endfacet
  facet normal 0 0 1
    outer loop
      vertex 27.83 7.2 7.4
      vertex 26.4239 5.56026 7.4
      vertex 29.2791 5.56026 7.4
    endloop
  endfacet
  facet normal 0 0 1
    outer loop
      vertex 26.4239 5.56026 7.4
      vertex 25.7423 2.52472 7.4
      vertex 26.4239 1.92945 7.4
    endloop
  endfacet
  facet normal 0 0 1
    outer loop
      vertex 25.6367 5.03199 7.4
      vertex 26.4239 5.56026 7.4
      vertex 25.6367 5.56026 7.4
    endloop
  endfacet
  facet normal 0 0 1
    outer loop
      vertex 27.83 7.2 7.4
      vertex 25.6367 5.56026 7.4
      vertex 26.4239 5.56026 7.4
    endloop
  endfacet
  facet normal -0 0 1
    outer loop
      vertex 23.37 7.2 7.4
      vertex 25.6367 5.56026 7.4
      vertex 27.83 7.2 7.4
    endloop
  endfacet
  facet normal 0 0 1
    outer loop
      vertex 23.37 14.7152 7.4
      vertex 23.03 14.9115 7.4
      vertex 23.37 12.1402 7.4
    endloop
  endfacet
  facet normal 0 0 1
    outer loop
      vertex 23.03 11.9439 7.4
      vertex 23.37 12.1402 7.4
      vertex 23.03 14.9115 7.4
    endloop
  endfacet
  facet normal 0 0 1
    outer loop
      vertex 23.37 12.1402 7.4
      vertex 23.03 11.9439 7.4
      vertex 23.37 9.17262 7.4
    endloop
  endfacet
  facet normal -0 0 1
    outer loop
      vertex 23.03 9.3689 7.4
      vertex 23.37 9.17262 7.4
      vertex 23.03 11.9439 7.4
    endloop
  endfacet
  facet normal 0 0 1
    outer loop
      vertex 23.37 9.17262 7.4
      vertex 23.03 9.3689 7.4
      vertex 23.37 7.2 7.4
    endloop
  endfacet
  facet normal 0 0 1
    outer loop
      vertex 23.37 7.2 7.4
      vertex 23.0237 5.56026 7.4
      vertex 25.6367 5.56026 7.4
    endloop
  endfacet
  facet normal 0 0 1
    outer loop
      vertex 21.6467 7.2 7.4
      vertex 23.37 7.2 7.4
      vertex 23.03 9.3689 7.4
    endloop
  endfacet
  facet normal 0 0 1
    outer loop
      vertex 21.6467 7.2 7.4
      vertex 23.0237 4.96498 7.4
      vertex 23.0237 5.56026 7.4
    endloop
  endfacet
  facet normal 0 0 1
    outer loop
      vertex 23.37 7.2 7.4
      vertex 21.6467 7.2 7.4
      vertex 23.0237 5.56026 7.4
    endloop
  endfacet
  facet normal 0 0 1
    outer loop
      vertex 23.0237 4.96498 7.4
      vertex 19.9533 7.2 7.4
      vertex 22.8279 2.46802 7.4
    endloop
  endfacet
  facet normal 0 0 1
    outer loop
      vertex 23.0237 4.96498 7.4
      vertex 21.6467 7.2 7.4
      vertex 19.9533 7.2 7.4
    endloop
  endfacet
  facet normal -0 0 1
    outer loop
      vertex 20.8 8.08141 7.4
      vertex 21.6467 7.2 7.4
      vertex 23.03 9.3689 7.4
    endloop
  endfacet
  facet normal 0 0 1
    outer loop
      vertex 20.8 8.08141 7.4
      vertex 20.8 7.68884 7.4
      vertex 21.6467 7.2 7.4
    endloop
  endfacet
  facet normal 0 0 1
    outer loop
      vertex 20.8 8.08141 7.4
      vertex 19.9533 7.2 7.4
      vertex 20.8 7.68884 7.4
    endloop
  endfacet
  facet normal 0 -0 1
    outer loop
      vertex 19.9533 7.2 7.4
      vertex 20.8 8.08141 7.4
      vertex 18.57 9.3689 7.4
    endloop
  endfacet
  facet normal 0 0 1
    outer loop
      vertex 31.2467 7.2 7.4
      vertex 30.1366 5.56026 7.4
      vertex 31.9508 5.56026 7.4
    endloop
  endfacet
  facet normal 0 0 1
    outer loop
      vertex 29.2791 5.56026 7.4
      vertex 30.1366 5.56026 7.4
      vertex 29.5533 7.2 7.4
    endloop
  endfacet
  facet normal -0 0 1
    outer loop
      vertex 29.5533 7.2 7.4
      vertex 30.1366 5.56026 7.4
      vertex 31.2467 7.2 7.4
    endloop
  endfacet
  facet normal 0 0 1
    outer loop
      vertex 30.4 24.3165 7.4
      vertex 30.9038 25 7.4
      vertex 30.4 24.7091 7.4
    endloop
  endfacet
  facet normal 0 0 1
    outer loop
      vertex 30.9038 25 7.4
      vertex 30.4 24.3165 7.4
      vertex 32.63 23.029 7.4
    endloop
  endfacet
  facet normal 0 0 1
    outer loop
      vertex 29.8961 25 7.4
      vertex 30.4 24.3165 7.4
      vertex 30.4 24.7091 7.4
    endloop
  endfacet
  facet normal 0 0 1
    outer loop
      vertex 30.4 24.3165 7.4
      vertex 29.8961 25 7.4
      vertex 28.17 23.029 7.4
    endloop
  endfacet
  facet normal -0 0 1
    outer loop
      vertex 40 13.624 7.4
      vertex 42.23 11.9439 7.4
      vertex 42.23 14.9115 7.4
    endloop
  endfacet
  facet normal 0 0 1
    outer loop
      vertex 40 13.624 7.4
      vertex 40 13.2314 7.4
      vertex 42.23 11.9439 7.4
    endloop
  endfacet
  facet normal 0 0 1
    outer loop
      vertex 37.77 14.9115 7.4
      vertex 40 13.2314 7.4
      vertex 40 13.624 7.4
    endloop
  endfacet
  facet normal 0 0 1
    outer loop
      vertex 40 13.2314 7.4
      vertex 37.77 14.9115 7.4
      vertex 37.77 11.9439 7.4
    endloop
  endfacet
  facet normal -0 0 1
    outer loop
      vertex 40 19.1665 7.4
      vertex 42.23 17.4865 7.4
      vertex 42.23 20.454 7.4
    endloop
  endfacet
  facet normal 0 0 1
    outer loop
      vertex 40 19.1665 7.4
      vertex 40 18.774 7.4
      vertex 42.23 17.4865 7.4
    endloop
  endfacet
  facet normal 0 0 1
    outer loop
      vertex 37.77 20.454 7.4
      vertex 40 18.774 7.4
      vertex 40 19.1665 7.4
    endloop
  endfacet
  facet normal 0 0 1
    outer loop
      vertex 40 18.774 7.4
      vertex 37.77 20.454 7.4
      vertex 37.77 17.4865 7.4
    endloop
  endfacet
  facet normal -0 0 1
    outer loop
      vertex 42.3091 4.43473 7.4
      vertex 42.399 3.15676 7.4
      vertex 42.3258 4.53801 7.4
    endloop
  endfacet
  facet normal 0 0 1
    outer loop
      vertex 42.399 3.15676 7.4
      vertex 42.3091 4.43473 7.4
      vertex 42.3677 3.2562 7.4
    endloop
  endfacet
  facet normal -0 0 1
    outer loop
      vertex 42.2814 4.33817 7.4
      vertex 42.3677 3.2562 7.4
      vertex 42.3091 4.43473 7.4
    endloop
  endfacet
  facet normal 0 0 1
    outer loop
      vertex 42.3677 3.2562 7.4
      vertex 42.2814 4.33817 7.4
      vertex 42.3239 3.34871 7.4
    endloop
  endfacet
  facet normal -0 0 1
    outer loop
      vertex 42.2426 4.24834 7.4
      vertex 42.3239 3.34871 7.4
      vertex 42.2814 4.33817 7.4
    endloop
  endfacet
  facet normal 0 0 1
    outer loop
      vertex 42.3239 3.34871 7.4
      vertex 42.2426 4.24834 7.4
      vertex 42.2675 3.43428 7.4
    endloop
  endfacet
  facet normal -0 0 1
    outer loop
      vertex 42.1926 4.16523 7.4
      vertex 42.2675 3.43428 7.4
      vertex 42.2426 4.24834 7.4
    endloop
  endfacet
  facet normal 0 0 1
    outer loop
      vertex 42.2675 3.43428 7.4
      vertex 42.1926 4.16523 7.4
      vertex 42.1986 3.51291 7.4
    endloop
  endfacet
  facet normal -0 0 1
    outer loop
      vertex 42.1316 4.08885 7.4
      vertex 42.1986 3.51291 7.4
      vertex 42.1926 4.16523 7.4
    endloop
  endfacet
  facet normal 0 0 1
    outer loop
      vertex 42.1316 4.08885 7.4
      vertex 42.1181 3.58316 7.4
      vertex 42.1986 3.51291 7.4
    endloop
  endfacet
  facet normal -0 0 1
    outer loop
      vertex 42.0601 4.01993 7.4
      vertex 42.1181 3.58316 7.4
      vertex 42.1316 4.08885 7.4
    endloop
  endfacet
  facet normal 0 0 1
    outer loop
      vertex 42.0601 4.01993 7.4
      vertex 42.027 3.64362 7.4
      vertex 42.1181 3.58316 7.4
    endloop
  endfacet
  facet normal -0 0 1
    outer loop
      vertex 41.9789 3.95916 7.4
      vertex 42.027 3.64362 7.4
      vertex 42.0601 4.01993 7.4
    endloop
  endfacet
  facet normal 0 0 1
    outer loop
      vertex 41.9789 3.95916 7.4
      vertex 41.9251 3.69426 7.4
      vertex 42.027 3.64362 7.4
    endloop
  endfacet
  facet normal -0 0 1
    outer loop
      vertex 41.8878 3.90654 7.4
      vertex 41.9251 3.69426 7.4
      vertex 41.9789 3.95916 7.4
    endloop
  endfacet
  facet normal 0 0 1
    outer loop
      vertex 41.8878 3.90654 7.4
      vertex 41.8127 3.7351 7.4
      vertex 41.9251 3.69426 7.4
    endloop
  endfacet
  facet normal -0 0 1
    outer loop
      vertex 41.7869 3.86209 7.4
      vertex 41.8127 3.7351 7.4
      vertex 41.8878 3.90654 7.4
    endloop
  endfacet
  facet normal 0 0 1
    outer loop
      vertex 41.7869 3.86209 7.4
      vertex 41.6895 3.76613 7.4
      vertex 41.8127 3.7351 7.4
    endloop
  endfacet
  facet normal -0 0 1
    outer loop
      vertex 41.6762 3.82579 7.4
      vertex 41.6895 3.76613 7.4
      vertex 41.7869 3.86209 7.4
    endloop
  endfacet
  facet normal 0 0 1
    outer loop
      vertex 41.5557 3.78736 7.4
      vertex 41.6762 3.82579 7.4
      vertex 41.5557 3.79766 7.4
    endloop
  endfacet
  facet normal 0 0 1
    outer loop
      vertex 41.6762 3.82579 7.4
      vertex 41.5557 3.78736 7.4
      vertex 41.6895 3.76613 7.4
    endloop
  endfacet
  facet normal -0 0 1
    outer loop
      vertex 42.23 14.9115 7.4
      vertex 42.57 14.7152 7.4
      vertex 42.23 17.4865 7.4
    endloop
  endfacet
  facet normal 0 0 1
    outer loop
      vertex 42.57 14.7152 7.4
      vertex 42.23 14.9115 7.4
      vertex 42.57 12.1402 7.4
    endloop
  endfacet
  facet normal 0 0 1
    outer loop
      vertex 42.23 11.9439 7.4
      vertex 42.57 12.1402 7.4
      vertex 42.23 14.9115 7.4
    endloop
  endfacet
  facet normal 0 0 1
    outer loop
      vertex 42.23 9.3689 7.4
      vertex 42.57 12.1402 7.4
      vertex 42.23 11.9439 7.4
    endloop
  endfacet
  facet normal 0 0 1
    outer loop
      vertex 42.57 12.1402 7.4
      vertex 42.23 9.3689 7.4
      vertex 42.2511 5.05226 7.4
    endloop
  endfacet
  facet normal 0 0 1
    outer loop
      vertex 42.23 9.3689 7.4
      vertex 42.1887 5.16512 7.4
      vertex 42.2511 5.05226 7.4
    endloop
  endfacet
  facet normal 0 0 1
    outer loop
      vertex 42.23 9.3689 7.4
      vertex 42.1085 5.267 7.4
      vertex 42.1887 5.16512 7.4
    endloop
  endfacet
  facet normal 0 0 1
    outer loop
      vertex 42.23 9.3689 7.4
      vertex 42.0105 5.35794 7.4
      vertex 42.1085 5.267 7.4
    endloop
  endfacet
  facet normal 0 0 1
    outer loop
      vertex 42.23 9.3689 7.4
      vertex 41.8967 5.4363 7.4
      vertex 42.0105 5.35794 7.4
    endloop
  endfacet
  facet normal -0 0 1
    outer loop
      vertex 40.8467 7.2 7.4
      vertex 41.8967 5.4363 7.4
      vertex 42.23 9.3689 7.4
    endloop
  endfacet
  facet normal 0 0 1
    outer loop
      vertex 41.8967 5.4363 7.4
      vertex 40.8467 7.2 7.4
      vertex 41.769 5.5004 7.4
    endloop
  endfacet
  facet normal 0 0 1
    outer loop
      vertex 41.769 5.5004 7.4
      vertex 40.8467 7.2 7.4
      vertex 41.6275 5.55027 7.4
    endloop
  endfacet
  facet normal 0 0 1
    outer loop
      vertex 41.6275 5.55027 7.4
      vertex 40.8467 7.2 7.4
      vertex 41.4722 5.58588 7.4
    endloop
  endfacet
  facet normal 0 0 1
    outer loop
      vertex 41.4722 5.58588 7.4
      vertex 40.8467 7.2 7.4
      vertex 41.3031 5.60724 7.4
    endloop
  endfacet
  facet normal 0 0 1
    outer loop
      vertex 41.3031 5.60724 7.4
      vertex 40.8467 7.2 7.4
      vertex 41.1202 5.61437 7.4
    endloop
  endfacet
  facet normal 0 0 1
    outer loop
      vertex 41.1202 5.61437 7.4
      vertex 40.8467 7.2 7.4
      vertex 40.9472 5.607 7.4
    endloop
  endfacet
  facet normal -0 0 1
    outer loop
      vertex 40 8.08141 7.4
      vertex 40.8467 7.2 7.4
      vertex 42.23 9.3689 7.4
    endloop
  endfacet
  facet normal 0 0 1
    outer loop
      vertex 40 8.08141 7.4
      vertex 40 7.68884 7.4
      vertex 40.8467 7.2 7.4
    endloop
  endfacet
  facet normal 0 0 1
    outer loop
      vertex 40 8.08141 7.4
      vertex 39.1533 7.2 7.4
      vertex 40 7.68884 7.4
    endloop
  endfacet
  facet normal 0 -0 1
    outer loop
      vertex 39.1533 7.2 7.4
      vertex 40 8.08141 7.4
      vertex 37.77 9.3689 7.4
    endloop
  endfacet
  facet normal 0 0 1
    outer loop
      vertex 40.8467 7.2 7.4
      vertex 40.7855 5.58487 7.4
      vertex 40.9472 5.607 7.4
    endloop
  endfacet
  facet normal 0 0 1
    outer loop
      vertex 40.8467 7.2 7.4
      vertex 40.6351 5.54801 7.4
      vertex 40.7855 5.58487 7.4
    endloop
  endfacet
  facet normal 0 0 1
    outer loop
      vertex 40.8467 7.2 7.4
      vertex 40.496 5.4964 7.4
      vertex 40.6351 5.54801 7.4
    endloop
  endfacet
  facet normal -0 0 1
    outer loop
      vertex 39.1533 7.2 7.4
      vertex 40.496 5.4964 7.4
      vertex 40.8467 7.2 7.4
    endloop
  endfacet
  facet normal 0 0 1
    outer loop
      vertex 40.496 5.4964 7.4
      vertex 39.1533 7.2 7.4
      vertex 40.3682 5.43004 7.4
    endloop
  endfacet
  facet normal 0 0 1
    outer loop
      vertex 40.3682 5.43004 7.4
      vertex 39.1533 7.2 7.4
      vertex 40.2518 5.34894 7.4
    endloop
  endfacet
  facet normal 0 0 1
    outer loop
      vertex 40.2518 5.34894 7.4
      vertex 39.1533 7.2 7.4
      vertex 40.1486 5.25481 7.4
    endloop
  endfacet
  facet normal 0 0 1
    outer loop
      vertex 40.1486 5.25481 7.4
      vertex 39.1533 7.2 7.4
      vertex 40.0608 5.14939 7.4
    endloop
  endfacet
  facet normal 0 0 1
    outer loop
      vertex 40.0608 5.14939 7.4
      vertex 39.1533 7.2 7.4
      vertex 39.9883 5.03264 7.4
    endloop
  endfacet
  facet normal 0 0 1
    outer loop
      vertex 39.8893 4.76523 7.4
      vertex 37.6868 3.7616 7.4
      vertex 39.8627 4.61455 7.4
    endloop
  endfacet
  facet normal 0 0 1
    outer loop
      vertex 39.9311 4.90459 7.4
      vertex 37.6868 3.7616 7.4
      vertex 39.8893 4.76523 7.4
    endloop
  endfacet
  facet normal 0 0 1
    outer loop
      vertex 37.6868 3.7616 7.4
      vertex 39.9311 4.90459 7.4
      vertex 39.1533 7.2 7.4
    endloop
  endfacet
  facet normal 0 0 1
    outer loop
      vertex 39.9883 5.03264 7.4
      vertex 39.1533 7.2 7.4
      vertex 39.9311 4.90459 7.4
    endloop
  endfacet
  facet normal 0 0 1
    outer loop
      vertex 40 24.3165 7.4
      vertex 40.5038 25 7.4
      vertex 40 24.7091 7.4
    endloop
  endfacet
  facet normal 0 0 1
    outer loop
      vertex 40.5038 25 7.4
      vertex 40 24.3165 7.4
      vertex 42.23 23.029 7.4
    endloop
  endfacet
  facet normal 0 0 1
    outer loop
      vertex 39.4962 25 7.4
      vertex 40 24.3165 7.4
      vertex 40 24.7091 7.4
    endloop
  endfacet
  facet normal 0 0 1
    outer loop
      vertex 40 24.3165 7.4
      vertex 39.4962 25 7.4
      vertex 37.77 23.029 7.4
    endloop
  endfacet
  facet normal 0 0 1
    outer loop
      vertex 41.184 5.0336 7.4
      vertex 41.5969 4.55785 7.4
      vertex 41.5935 4.62989 7.4
    endloop
  endfacet
  facet normal 0 0 1
    outer loop
      vertex 41.184 5.0336 7.4
      vertex 41.5935 4.62989 7.4
      vertex 41.5831 4.69657 7.4
    endloop
  endfacet
  facet normal 0 0 1
    outer loop
      vertex 41.1073 5.03714 7.4
      vertex 41.5969 4.55785 7.4
      vertex 41.184 5.0336 7.4
    endloop
  endfacet
  facet normal 0 0 1
    outer loop
      vertex 41.2544 5.02297 7.4
      vertex 41.5831 4.69657 7.4
      vertex 41.5657 4.75786 7.4
    endloop
  endfacet
  facet normal 0 0 1
    outer loop
      vertex 41.5969 4.55785 7.4
      vertex 41.2439 4.09755 7.4
      vertex 41.5926 4.48186 7.4
    endloop
  endfacet
  facet normal 0 0 1
    outer loop
      vertex 41.3183 5.00525 7.4
      vertex 41.5657 4.75786 7.4
      vertex 41.5414 4.8138 7.4
    endloop
  endfacet
  facet normal 0 0 1
    outer loop
      vertex 41.5926 4.48186 7.4
      vertex 41.3178 4.12235 7.4
      vertex 41.5795 4.41196 7.4
    endloop
  endfacet
  facet normal 0 0 1
    outer loop
      vertex 41.3183 5.00525 7.4
      vertex 41.5414 4.8138 7.4
      vertex 41.5102 4.86437 7.4
    endloop
  endfacet
  facet normal 0 0 1
    outer loop
      vertex 41.5831 4.69657 7.4
      vertex 41.2544 5.02297 7.4
      vertex 41.184 5.0336 7.4
    endloop
  endfacet
  facet normal 0 0 1
    outer loop
      vertex 41.3183 5.00525 7.4
      vertex 41.5102 4.86437 7.4
      vertex 41.472 4.90958 7.4
    endloop
  endfacet
  facet normal 0 -0 1
    outer loop
      vertex 41.383 4.15424 7.4
      vertex 41.5795 4.41196 7.4
      vertex 41.3178 4.12235 7.4
    endloop
  endfacet
  facet normal 0 0 1
    outer loop
      vertex 41.3183 5.00525 7.4
      vertex 41.472 4.90958 7.4
      vertex 41.4271 4.94857 7.4
    endloop
  endfacet
  facet normal 0 0 1
    outer loop
      vertex 41.5657 4.75786 7.4
      vertex 41.3183 5.00525 7.4
      vertex 41.2544 5.02297 7.4
    endloop
  endfacet
  facet normal 0 0 1
    outer loop
      vertex 41.3183 5.00525 7.4
      vertex 41.4271 4.94857 7.4
      vertex 41.3759 4.98046 7.4
    endloop
  endfacet
  facet normal 0 0 1
    outer loop
      vertex 41.5795 4.41196 7.4
      vertex 41.383 4.15424 7.4
      vertex 41.5576 4.34815 7.4
    endloop
  endfacet
  facet normal 0 0 1
    outer loop
      vertex 41.4878 4.23877 7.4
      vertex 41.383 4.15424 7.4
      vertex 41.4397 4.19321 7.4
    endloop
  endfacet
  facet normal 0 0 1
    outer loop
      vertex 41.5271 4.29042 7.4
      vertex 41.383 4.15424 7.4
      vertex 41.4878 4.23877 7.4
    endloop
  endfacet
  facet normal 0 0 1
    outer loop
      vertex 41.5576 4.34815 7.4
      vertex 41.383 4.15424 7.4
      vertex 41.5271 4.29042 7.4
    endloop
  endfacet
  facet normal 0 0 1
    outer loop
      vertex 41.5926 4.48186 7.4
      vertex 41.2439 4.09755 7.4
      vertex 41.3178 4.12235 7.4
    endloop
  endfacet
  facet normal 0 0 1
    outer loop
      vertex 41.5969 4.55785 7.4
      vertex 41.1073 5.03714 7.4
      vertex 41.2439 4.09755 7.4
    endloop
  endfacet
  facet normal 0 0 1
    outer loop
      vertex 41.2439 4.09755 7.4
      vertex 41.1073 5.03714 7.4
      vertex 41.1614 4.07985 7.4
    endloop
  endfacet
  facet normal -0 0 1
    outer loop
      vertex 41.035 5.03371 7.4
      vertex 41.1614 4.07985 7.4
      vertex 41.1073 5.03714 7.4
    endloop
  endfacet
  facet normal -0 0 1
    outer loop
      vertex 40.5969 4.63571 7.4
      vertex 41.1614 4.07985 7.4
      vertex 41.035 5.03371 7.4
    endloop
  endfacet
  facet normal 0 0 1
    outer loop
      vertex 41.1614 4.07985 7.4
      vertex 40.5969 4.63571 7.4
      vertex 41.0704 4.06922 7.4
    endloop
  endfacet
  facet normal 0 0 1
    outer loop
      vertex 40.5969 4.63571 7.4
      vertex 41.035 5.03371 7.4
      vertex 40.9674 5.02341 7.4
    endloop
  endfacet
  facet normal 0 0 1
    outer loop
      vertex 40.6136 4.70272 7.4
      vertex 40.9674 5.02341 7.4
      vertex 40.9047 5.00623 7.4
    endloop
  endfacet
  facet normal 0 0 1
    outer loop
      vertex 40.6136 4.70272 7.4
      vertex 40.9047 5.00623 7.4
      vertex 40.8467 4.98217 7.4
    endloop
  endfacet
  facet normal 0 0 1
    outer loop
      vertex 40.6136 4.70272 7.4
      vertex 40.8467 4.98217 7.4
      vertex 40.7936 4.95125 7.4
    endloop
  endfacet
  facet normal 0 0 1
    outer loop
      vertex 40.6136 4.70272 7.4
      vertex 40.7936 4.95125 7.4
      vertex 40.7452 4.91346 7.4
    endloop
  endfacet
  facet normal -0 0 1
    outer loop
      vertex 40.5868 4.56298 7.4
      vertex 41.0704 4.06922 7.4
      vertex 40.5969 4.63571 7.4
    endloop
  endfacet
  facet normal 0 0 1
    outer loop
      vertex 39.8627 4.61455 7.4
      vertex 40.7337 3.48072 7.4
      vertex 40.7337 4.06568 7.4
    endloop
  endfacet
  facet normal 0 0 1
    outer loop
      vertex 40.6136 4.70272 7.4
      vertex 40.7452 4.91346 7.4
      vertex 40.7026 4.86936 7.4
    endloop
  endfacet
  facet normal 0 0 1
    outer loop
      vertex 40.9707 4.06568 7.4
      vertex 40.5868 4.56298 7.4
      vertex 40.7337 4.06568 7.4
    endloop
  endfacet
  facet normal 0 0 1
    outer loop
      vertex 40.6136 4.70272 7.4
      vertex 40.7026 4.86936 7.4
      vertex 40.6664 4.81954 7.4
    endloop
  endfacet
  facet normal 0 0 1
    outer loop
      vertex 40.6136 4.70272 7.4
      vertex 40.6664 4.81954 7.4
      vertex 40.6367 4.764 7.4
    endloop
  endfacet
  facet normal 0 0 1
    outer loop
      vertex 39.8627 4.61455 7.4
      vertex 40.7337 4.06568 7.4
      vertex 40.5868 4.56298 7.4
    endloop
  endfacet
  facet normal 0 0 1
    outer loop
      vertex 40.9674 5.02341 7.4
      vertex 40.6136 4.70272 7.4
      vertex 40.5969 4.63571 7.4
    endloop
  endfacet
  facet normal 0 0 1
    outer loop
      vertex 41.0704 4.06922 7.4
      vertex 40.5868 4.56298 7.4
      vertex 40.9707 4.06568 7.4
    endloop
  endfacet
  facet normal 0 -0 1
    outer loop
      vertex 40.5737 2.82099 7.4
      vertex 40.7337 3.48072 7.4
      vertex 40.5378 2.98082 7.4
    endloop
  endfacet
  facet normal 0 0 1
    outer loop
      vertex 40.7337 3.48072 7.4
      vertex 40.5737 2.82099 7.4
      vertex 40.7214 2.5885 7.4
    endloop
  endfacet
  facet normal 0 0 1
    outer loop
      vertex 40.7214 2.5885 7.4
      vertex 40.5737 2.82099 7.4
      vertex 40.6349 2.69022 7.4
    endloop
  endfacet
  facet normal 0 0 1
    outer loop
      vertex 40.7337 3.48072 7.4
      vertex 39.8627 4.61455 7.4
      vertex 39.8008 2.91638 7.4
    endloop
  endfacet
  facet normal 0 0 1
    outer loop
      vertex 40.7337 3.48072 7.4
      vertex 39.8008 2.91638 7.4
      vertex 40.5378 2.98082 7.4
    endloop
  endfacet
  facet normal 0 0 1
    outer loop
      vertex 41.371 3.42345 7.4
      vertex 41.682 2.98082 7.4
      vertex 41.6771 3.05841 7.4
    endloop
  endfacet
  facet normal 0 0 1
    outer loop
      vertex 41.682 2.98082 7.4
      vertex 41.371 3.42345 7.4
      vertex 41.6779 2.89615 7.4
    endloop
  endfacet
  facet normal 0 0 1
    outer loop
      vertex 41.4436 3.39124 7.4
      vertex 41.6771 3.05841 7.4
      vertex 41.6625 3.1297 7.4
    endloop
  endfacet
  facet normal 0 0 1
    outer loop
      vertex 41.2937 2.47203 7.4
      vertex 41.6779 2.89615 7.4
      vertex 41.371 3.42345 7.4
    endloop
  endfacet
  facet normal 0 0 1
    outer loop
      vertex 41.5067 3.35186 7.4
      vertex 41.6625 3.1297 7.4
      vertex 41.6381 3.19469 7.4
    endloop
  endfacet
  facet normal 0 0 1
    outer loop
      vertex 41.6771 3.05841 7.4
      vertex 41.4436 3.39124 7.4
      vertex 41.371 3.42345 7.4
    endloop
  endfacet
  facet normal 0 0 1
    outer loop
      vertex 41.5067 3.35186 7.4
      vertex 41.6381 3.19469 7.4
      vertex 41.6041 3.25338 7.4
    endloop
  endfacet
  facet normal 0 0 1
    outer loop
      vertex 41.6779 2.89615 7.4
      vertex 41.2937 2.47203 7.4
      vertex 41.6659 2.81905 7.4
    endloop
  endfacet
  facet normal 0 0 1
    outer loop
      vertex 41.5067 3.35186 7.4
      vertex 41.6041 3.25338 7.4
      vertex 41.5603 3.30577 7.4
    endloop
  endfacet
  facet normal 0 0 1
    outer loop
      vertex 41.6625 3.1297 7.4
      vertex 41.5067 3.35186 7.4
      vertex 41.4436 3.39124 7.4
    endloop
  endfacet
  facet normal 0 -0 1
    outer loop
      vertex 41.4286 2.51497 7.4
      vertex 41.6459 2.74955 7.4
      vertex 41.3643 2.48993 7.4
    endloop
  endfacet
  facet normal 0 0 1
    outer loop
      vertex 41.5817 2.63329 7.4
      vertex 41.4863 2.54718 7.4
      vertex 41.5376 2.58654 7.4
    endloop
  endfacet
  facet normal 0 -0 1
    outer loop
      vertex 41.4863 2.54718 7.4
      vertex 41.6459 2.74955 7.4
      vertex 41.4286 2.51497 7.4
    endloop
  endfacet
  facet normal 0 0 1
    outer loop
      vertex 41.6178 2.68762 7.4
      vertex 41.4863 2.54718 7.4
      vertex 41.5817 2.63329 7.4
    endloop
  endfacet
  facet normal 0 -0 1
    outer loop
      vertex 41.3643 2.48993 7.4
      vertex 41.6659 2.81905 7.4
      vertex 41.2937 2.47203 7.4
    endloop
  endfacet
  facet normal 0 0 1
    outer loop
      vertex 41.6459 2.74955 7.4
      vertex 41.4863 2.54718 7.4
      vertex 41.6178 2.68762 7.4
    endloop
  endfacet
  facet normal 0 0 1
    outer loop
      vertex 41.6659 2.81905 7.4
      vertex 41.3643 2.48993 7.4
      vertex 41.6459 2.74955 7.4
    endloop
  endfacet
  facet normal 0 0 1
    outer loop
      vertex 41.289 3.4485 7.4
      vertex 41.2937 2.47203 7.4
      vertex 41.371 3.42345 7.4
    endloop
  endfacet
  facet normal 0 0 1
    outer loop
      vertex 41.289 3.4485 7.4
      vertex 41.2166 2.46131 7.4
      vertex 41.2937 2.47203 7.4
    endloop
  endfacet
  facet normal 0 0 1
    outer loop
      vertex 41.1331 2.45772 7.4
      vertex 41.289 3.4485 7.4
      vertex 41.1975 3.4664 7.4
    endloop
  endfacet
  facet normal 0 0 1
    outer loop
      vertex 41.289 3.4485 7.4
      vertex 41.1331 2.45772 7.4
      vertex 41.2166 2.46131 7.4
    endloop
  endfacet
  facet normal 0 0 1
    outer loop
      vertex 41.0966 3.47715 7.4
      vertex 41.1331 2.45772 7.4
      vertex 41.1975 3.4664 7.4
    endloop
  endfacet
  facet normal 0 0 1
    outer loop
      vertex 40.7214 2.5885 7.4
      vertex 41.0966 3.47715 7.4
      vertex 40.9862 3.48072 7.4
    endloop
  endfacet
  facet normal 0 0 1
    outer loop
      vertex 41.0966 3.47715 7.4
      vertex 40.9705 2.47225 7.4
      vertex 41.1331 2.45772 7.4
    endloop
  endfacet
  facet normal 0 0 1
    outer loop
      vertex 41.0966 3.47715 7.4
      vertex 40.8333 2.51584 7.4
      vertex 40.9705 2.47225 7.4
    endloop
  endfacet
  facet normal 0 0 1
    outer loop
      vertex 40.7214 2.5885 7.4
      vertex 40.9862 3.48072 7.4
      vertex 40.7337 3.48072 7.4
    endloop
  endfacet
  facet normal 0 0 1
    outer loop
      vertex 41.0966 3.47715 7.4
      vertex 40.7214 2.5885 7.4
      vertex 40.8333 2.51584 7.4
    endloop
  endfacet
  facet normal -0 0 1
    outer loop
      vertex 44.8 10.8527 7.4
      vertex 47.03 9.17262 7.4
      vertex 47.03 12.1402 7.4
    endloop
  endfacet
  facet normal 0 0 1
    outer loop
      vertex 44.8 10.8527 7.4
      vertex 44.8 10.4601 7.4
      vertex 47.03 9.17262 7.4
    endloop
  endfacet
  facet normal 0 0 1
    outer loop
      vertex 42.57 12.1402 7.4
      vertex 44.8 10.4601 7.4
      vertex 44.8 10.8527 7.4
    endloop
  endfacet
  facet normal 0 0 1
    outer loop
      vertex 44.8 10.4601 7.4
      vertex 42.57 12.1402 7.4
      vertex 42.57 9.17262 7.4
    endloop
  endfacet
  facet normal -0 0 1
    outer loop
      vertex 44.8 16.3952 7.4
      vertex 47.03 14.7152 7.4
      vertex 47.03 17.6827 7.4
    endloop
  endfacet
  facet normal 0 0 1
    outer loop
      vertex 44.8 16.3952 7.4
      vertex 44.8 16.0027 7.4
      vertex 47.03 14.7152 7.4
    endloop
  endfacet
  facet normal 0 0 1
    outer loop
      vertex 42.57 17.6827 7.4
      vertex 44.8 16.0027 7.4
      vertex 44.8 16.3952 7.4
    endloop
  endfacet
  facet normal 0 0 1
    outer loop
      vertex 44.8 16.0027 7.4
      vertex 42.57 17.6827 7.4
      vertex 42.57 14.7152 7.4
    endloop
  endfacet
  facet normal -0 0 1
    outer loop
      vertex 44.8 21.9378 7.4
      vertex 47.03 20.2577 7.4
      vertex 47.03 23.2253 7.4
    endloop
  endfacet
  facet normal 0 0 1
    outer loop
      vertex 44.8 21.9378 7.4
      vertex 44.8 21.5452 7.4
      vertex 47.03 20.2577 7.4
    endloop
  endfacet
  facet normal 0 0 1
    outer loop
      vertex 42.57 23.2253 7.4
      vertex 44.8 21.5452 7.4
      vertex 44.8 21.9378 7.4
    endloop
  endfacet
  facet normal 0 0 1
    outer loop
      vertex 44.8 21.5452 7.4
      vertex 42.57 23.2253 7.4
      vertex 42.57 20.2577 7.4
    endloop
  endfacet
  facet normal -0 0 1
    outer loop
      vertex 49.6 8.08141 7.4
      vertex 50.4467 7.2 7.4
      vertex 51.83 9.3689 7.4
    endloop
  endfacet
  facet normal 0 0 1
    outer loop
      vertex 49.6 8.08141 7.4
      vertex 49.6 7.68884 7.4
      vertex 50.4467 7.2 7.4
    endloop
  endfacet
  facet normal 0 0 1
    outer loop
      vertex 49.6 8.08141 7.4
      vertex 48.7533 7.2 7.4
      vertex 49.6 7.68884 7.4
    endloop
  endfacet
  facet normal 0 0 1
    outer loop
      vertex 47.37 9.3689 7.4
      vertex 48.7533 7.2 7.4
      vertex 49.6 8.08141 7.4
    endloop
  endfacet
  facet normal 0 0 1
    outer loop
      vertex 47.03 7.2 7.4
      vertex 48.7533 7.2 7.4
      vertex 47.37 9.3689 7.4
    endloop
  endfacet
  facet normal 0 0 1
    outer loop
      vertex 47.37 17.4865 7.4
      vertex 47.03 17.6827 7.4
      vertex 47.37 14.9115 7.4
    endloop
  endfacet
  facet normal 0 0 1
    outer loop
      vertex 47.03 14.7152 7.4
      vertex 47.37 14.9115 7.4
      vertex 47.03 17.6827 7.4
    endloop
  endfacet
  facet normal 0 0 1
    outer loop
      vertex 47.37 14.9115 7.4
      vertex 47.03 14.7152 7.4
      vertex 47.37 11.9439 7.4
    endloop
  endfacet
  facet normal -0 0 1
    outer loop
      vertex 47.03 12.1402 7.4
      vertex 47.37 11.9439 7.4
      vertex 47.03 14.7152 7.4
    endloop
  endfacet
  facet normal 0 0 1
    outer loop
      vertex 47.37 11.9439 7.4
      vertex 47.03 12.1402 7.4
      vertex 47.37 9.3689 7.4
    endloop
  endfacet
  facet normal 0 0 1
    outer loop
      vertex 47.03 9.17262 7.4
      vertex 47.37 9.3689 7.4
      vertex 47.03 12.1402 7.4
    endloop
  endfacet
  facet normal 0 0 1
    outer loop
      vertex 47.03 7.2 7.4
      vertex 47.37 9.3689 7.4
      vertex 47.03 9.17262 7.4
    endloop
  endfacet
  facet normal 0 0 1
    outer loop
      vertex 48.7533 7.2 7.4
      vertex 47.03 7.2 7.4
      vertex 47.7514 5.56026 7.4
    endloop
  endfacet
  facet normal 0 0 1
    outer loop
      vertex 47.03 7.2 7.4
      vertex 46.9809 5.56026 7.4
      vertex 47.7514 5.56026 7.4
    endloop
  endfacet
  facet normal 0 0 1
    outer loop
      vertex 45.7002 5.56026 7.4
      vertex 46.9809 5.56026 7.4
      vertex 47.03 7.2 7.4
    endloop
  endfacet
  facet normal 0 -0 1
    outer loop
      vertex 46.1589 3.62758 7.4
      vertex 46.9809 5.56026 7.4
      vertex 45.7002 5.56026 7.4
    endloop
  endfacet
  facet normal -0 -0 1
    outer loop
      vertex 46.179 3.54027 7.4
      vertex 46.5429 3.54 7.4
      vertex 46.1589 3.62758 7.4
    endloop
  endfacet
  facet normal 0 0 1
    outer loop
      vertex 46.4063 2.94731 7.4
      vertex 46.301 2.88747 7.4
      vertex 46.3419 2.64841 7.4
    endloop
  endfacet
  facet normal 0 0 1
    outer loop
      vertex 46.4063 2.94731 7.4
      vertex 46.2643 3.09619 7.4
      vertex 46.301 2.88747 7.4
    endloop
  endfacet
  facet normal 0 0 1
    outer loop
      vertex 46.5429 3.54 7.4
      vertex 46.2643 3.09619 7.4
      vertex 46.4063 2.94731 7.4
    endloop
  endfacet
  facet normal 0 -0 1
    outer loop
      vertex 46.2643 3.09619 7.4
      vertex 46.5429 3.54 7.4
      vertex 46.2317 3.27457 7.4
    endloop
  endfacet
  facet normal 0 -0 1
    outer loop
      vertex 46.2317 3.27457 7.4
      vertex 46.5429 3.54 7.4
      vertex 46.2033 3.4226 7.4
    endloop
  endfacet
  facet normal 0 -0 1
    outer loop
      vertex 46.2033 3.4226 7.4
      vertex 46.5429 3.54 7.4
      vertex 46.179 3.54027 7.4
    endloop
  endfacet
  facet normal 0 0 1
    outer loop
      vertex 46.9809 5.56026 7.4
      vertex 46.1589 3.62758 7.4
      vertex 46.5429 3.54 7.4
    endloop
  endfacet
  facet normal 0 0 1
    outer loop
      vertex 47.03 7.2 7.4
      vertex 44.8499 5.56026 7.4
      vertex 45.7002 5.56026 7.4
    endloop
  endfacet
  facet normal 0 0 1
    outer loop
      vertex 44.2193 2.76691 7.4
      vertex 44.0768 3.21529 7.4
      vertex 44.1954 2.64841 7.4
    endloop
  endfacet
  facet normal 0 0 1
    outer loop
      vertex 44.243 2.88362 7.4
      vertex 44.0768 3.21529 7.4
      vertex 44.2193 2.76691 7.4
    endloop
  endfacet
  facet normal 0 0 1
    outer loop
      vertex 44.2665 2.99854 7.4
      vertex 44.0768 3.21529 7.4
      vertex 44.243 2.88362 7.4
    endloop
  endfacet
  facet normal 0 0 1
    outer loop
      vertex 44.2898 3.11167 7.4
      vertex 44.0768 3.21529 7.4
      vertex 44.2665 2.99854 7.4
    endloop
  endfacet
  facet normal 0 0 1
    outer loop
      vertex 44.3129 3.22301 7.4
      vertex 44.0768 3.21529 7.4
      vertex 44.2898 3.11167 7.4
    endloop
  endfacet
  facet normal 0 0 1
    outer loop
      vertex 44.3358 3.33255 7.4
      vertex 44.0768 3.21529 7.4
      vertex 44.3129 3.22301 7.4
    endloop
  endfacet
  facet normal 0 0 1
    outer loop
      vertex 44.369 3.48499 7.4
      vertex 44.0768 3.21529 7.4
      vertex 44.3358 3.33255 7.4
    endloop
  endfacet
  facet normal 0 0 1
    outer loop
      vertex 44.4233 3.72493 7.4
      vertex 44.0768 3.21529 7.4
      vertex 44.369 3.48499 7.4
    endloop
  endfacet
  facet normal 0 0 1
    outer loop
      vertex 44.4985 4.05245 7.4
      vertex 44.0768 3.21529 7.4
      vertex 44.4233 3.72493 7.4
    endloop
  endfacet
  facet normal 0 0 1
    outer loop
      vertex 43.5511 5.56026 7.4
      vertex 44.4985 4.05245 7.4
      vertex 44.5946 4.4675 7.4
    endloop
  endfacet
  facet normal 0 0 1
    outer loop
      vertex 43.5511 5.56026 7.4
      vertex 44.5946 4.4675 7.4
      vertex 44.7118 4.97011 7.4
    endloop
  endfacet
  facet normal -0 0 1
    outer loop
      vertex 43.5511 5.56026 7.4
      vertex 44.7118 4.97011 7.4
      vertex 44.8499 5.56026 7.4
    endloop
  endfacet
  facet normal 0 0 1
    outer loop
      vertex 44.4985 4.05245 7.4
      vertex 43.5511 5.56026 7.4
      vertex 44.0768 3.21529 7.4
    endloop
  endfacet
  facet normal -0 0 1
    outer loop
      vertex 42.57 7.2 7.4
      vertex 44.8499 5.56026 7.4
      vertex 47.03 7.2 7.4
    endloop
  endfacet
  facet normal 0 0 1
    outer loop
      vertex 44.8499 5.56026 7.4
      vertex 42.57 7.2 7.4
      vertex 43.5511 5.56026 7.4
    endloop
  endfacet
  facet normal 0 0 1
    outer loop
      vertex 43.5511 5.56026 7.4
      vertex 42.57 7.2 7.4
      vertex 42.7806 5.56026 7.4
    endloop
  endfacet
  facet normal -0 0 1
    outer loop
      vertex 49.6 13.624 7.4
      vertex 51.83 11.9439 7.4
      vertex 51.83 14.9115 7.4
    endloop
  endfacet
  facet normal 0 0 1
    outer loop
      vertex 49.6 13.624 7.4
      vertex 49.6 13.2314 7.4
      vertex 51.83 11.9439 7.4
    endloop
  endfacet
  facet normal 0 0 1
    outer loop
      vertex 47.37 14.9115 7.4
      vertex 49.6 13.2314 7.4
      vertex 49.6 13.624 7.4
    endloop
  endfacet
  facet normal 0 0 1
    outer loop
      vertex 49.6 13.2314 7.4
      vertex 47.37 14.9115 7.4
      vertex 47.37 11.9439 7.4
    endloop
  endfacet
  facet normal -0 0 1
    outer loop
      vertex 49.6 19.1665 7.4
      vertex 51.83 17.4865 7.4
      vertex 51.83 20.454 7.4
    endloop
  endfacet
  facet normal 0 0 1
    outer loop
      vertex 49.6 19.1665 7.4
      vertex 49.6 18.774 7.4
      vertex 51.83 17.4865 7.4
    endloop
  endfacet
  facet normal 0 0 1
    outer loop
      vertex 47.37 20.454 7.4
      vertex 49.6 18.774 7.4
      vertex 49.6 19.1665 7.4
    endloop
  endfacet
  facet normal 0 0 1
    outer loop
      vertex 49.6 18.774 7.4
      vertex 47.37 20.454 7.4
      vertex 47.37 17.4865 7.4
    endloop
  endfacet
  facet normal -0 0 1
    outer loop
      vertex 54.4 10.8527 7.4
      vertex 56.63 9.17262 7.4
      vertex 56.63 12.1402 7.4
    endloop
  endfacet
  facet normal 0 0 1
    outer loop
      vertex 54.4 10.8527 7.4
      vertex 54.4 10.4601 7.4
      vertex 56.63 9.17262 7.4
    endloop
  endfacet
  facet normal 0 0 1
    outer loop
      vertex 52.17 12.1402 7.4
      vertex 54.4 10.4601 7.4
      vertex 54.4 10.8527 7.4
    endloop
  endfacet
  facet normal 0 0 1
    outer loop
      vertex 54.4 10.4601 7.4
      vertex 52.17 12.1402 7.4
      vertex 52.17 9.17262 7.4
    endloop
  endfacet
  facet normal -0 0 1
    outer loop
      vertex 54.4 16.3952 7.4
      vertex 56.63 14.7152 7.4
      vertex 56.63 17.6827 7.4
    endloop
  endfacet
  facet normal 0 0 1
    outer loop
      vertex 54.4 16.3952 7.4
      vertex 54.4 16.0027 7.4
      vertex 56.63 14.7152 7.4
    endloop
  endfacet
  facet normal 0 0 1
    outer loop
      vertex 52.17 17.6827 7.4
      vertex 54.4 16.0027 7.4
      vertex 54.4 16.3952 7.4
    endloop
  endfacet
  facet normal 0 0 1
    outer loop
      vertex 54.4 16.0027 7.4
      vertex 52.17 17.6827 7.4
      vertex 52.17 14.7152 7.4
    endloop
  endfacet
  facet normal -0 0 1
    outer loop
      vertex 54.4 21.9378 7.4
      vertex 56.63 20.2577 7.4
      vertex 56.63 23.2253 7.4
    endloop
  endfacet
  facet normal 0 0 1
    outer loop
      vertex 54.4 21.9378 7.4
      vertex 54.4 21.5452 7.4
      vertex 56.63 20.2577 7.4
    endloop
  endfacet
  facet normal 0 0 1
    outer loop
      vertex 52.17 23.2253 7.4
      vertex 54.4 21.5452 7.4
      vertex 54.4 21.9378 7.4
    endloop
  endfacet
  facet normal 0 0 1
    outer loop
      vertex 54.4 21.5452 7.4
      vertex 52.17 23.2253 7.4
      vertex 52.17 20.2577 7.4
    endloop
  endfacet
  facet normal 0 0 1
    outer loop
      vertex 49.6 24.3165 7.4
      vertex 50.1038 25 7.4
      vertex 49.6 24.7091 7.4
    endloop
  endfacet
  facet normal 0 0 1
    outer loop
      vertex 50.1038 25 7.4
      vertex 49.6 24.3165 7.4
      vertex 51.83 23.029 7.4
    endloop
  endfacet
  facet normal 0 0 1
    outer loop
      vertex 49.0961 25 7.4
      vertex 49.6 24.3165 7.4
      vertex 49.6 24.7091 7.4
    endloop
  endfacet
  facet normal 0 0 1
    outer loop
      vertex 49.6 24.3165 7.4
      vertex 49.0961 25 7.4
      vertex 47.37 23.029 7.4
    endloop
  endfacet
  facet normal -0 0 1
    outer loop
      vertex 59.2 8.08141 7.4
      vertex 60.0467 7.2 7.4
      vertex 61.43 9.3689 7.4
    endloop
  endfacet
  facet normal 0 0 1
    outer loop
      vertex 59.2 8.08141 7.4
      vertex 59.2 7.68884 7.4
      vertex 60.0467 7.2 7.4
    endloop
  endfacet
  facet normal 0 0 1
    outer loop
      vertex 59.2 8.08141 7.4
      vertex 58.3533 7.2 7.4
      vertex 59.2 7.68884 7.4
    endloop
  endfacet
  facet normal 0 -0 1
    outer loop
      vertex 58.3533 7.2 7.4
      vertex 59.2 8.08141 7.4
      vertex 56.97 9.3689 7.4
    endloop
  endfacet
  facet normal -0 0 1
    outer loop
      vertex 59.2 13.624 7.4
      vertex 61.43 11.9439 7.4
      vertex 61.43 14.9115 7.4
    endloop
  endfacet
  facet normal 0 0 1
    outer loop
      vertex 59.2 13.624 7.4
      vertex 59.2 13.2314 7.4
      vertex 61.43 11.9439 7.4
    endloop
  endfacet
  facet normal 0 0 1
    outer loop
      vertex 56.97 14.9115 7.4
      vertex 59.2 13.2314 7.4
      vertex 59.2 13.624 7.4
    endloop
  endfacet
  facet normal 0 0 1
    outer loop
      vertex 59.2 13.2314 7.4
      vertex 56.97 14.9115 7.4
      vertex 56.97 11.9439 7.4
    endloop
  endfacet
  facet normal -0 0 1
    outer loop
      vertex 59.2 19.1665 7.4
      vertex 61.43 17.4865 7.4
      vertex 61.43 20.454 7.4
    endloop
  endfacet
  facet normal 0 0 1
    outer loop
      vertex 59.2 19.1665 7.4
      vertex 59.2 18.774 7.4
      vertex 61.43 17.4865 7.4
    endloop
  endfacet
  facet normal 0 0 1
    outer loop
      vertex 56.97 20.454 7.4
      vertex 59.2 18.774 7.4
      vertex 59.2 19.1665 7.4
    endloop
  endfacet
  facet normal 0 0 1
    outer loop
      vertex 59.2 18.774 7.4
      vertex 56.97 20.454 7.4
      vertex 56.97 17.4865 7.4
    endloop
  endfacet
  facet normal 0 0 1
    outer loop
      vertex 61.77 24.9427 7.4
      vertex 59.7038 25 7.4
      vertex 61.43 23.029 7.4
    endloop
  endfacet
  facet normal 0 0 1
    outer loop
      vertex 61.5 26.44 7.4
      vertex 58.6962 25 7.4
      vertex 59.7038 25 7.4
    endloop
  endfacet
  facet normal 0 0 1
    outer loop
      vertex 56.63 20.2577 7.4
      vertex 56.97 20.454 7.4
      vertex 56.97 23.029 7.4
    endloop
  endfacet
  facet normal 0 0 1
    outer loop
      vertex 56.97 20.454 7.4
      vertex 56.63 20.2577 7.4
      vertex 56.97 17.4865 7.4
    endloop
  endfacet
  facet normal 0 0 1
    outer loop
      vertex 56.97 17.4865 7.4
      vertex 56.63 17.6827 7.4
      vertex 56.97 14.9115 7.4
    endloop
  endfacet
  facet normal 0 0 1
    outer loop
      vertex 56.63 14.7152 7.4
      vertex 56.97 14.9115 7.4
      vertex 56.63 17.6827 7.4
    endloop
  endfacet
  facet normal -0 0 1
    outer loop
      vertex 56.63 23.2253 7.4
      vertex 56.97 23.029 7.4
      vertex 56.63 25 7.4
    endloop
  endfacet
  facet normal 0 0 1
    outer loop
      vertex 58.6962 25 7.4
      vertex 56.63 25 7.4
      vertex 56.97 23.029 7.4
    endloop
  endfacet
  facet normal 0 0 1
    outer loop
      vertex 61.5 26.44 7.4
      vertex 56.63 25 7.4
      vertex 58.6962 25 7.4
    endloop
  endfacet
  facet normal 0 0 1
    outer loop
      vertex 61.5 26.44 7.4
      vertex 52.17 25 7.4
      vertex 56.63 25 7.4
    endloop
  endfacet
  facet normal 0 0 1
    outer loop
      vertex 51.83 23.029 7.4
      vertex 52.17 23.2253 7.4
      vertex 52.17 25 7.4
    endloop
  endfacet
  facet normal 0 0 1
    outer loop
      vertex 52.17 23.2253 7.4
      vertex 51.83 23.029 7.4
      vertex 52.17 20.2577 7.4
    endloop
  endfacet
  facet normal 0 0 1
    outer loop
      vertex 52.17 20.2577 7.4
      vertex 51.83 20.454 7.4
      vertex 52.17 17.6827 7.4
    endloop
  endfacet
  facet normal 0 0 1
    outer loop
      vertex 51.83 17.4865 7.4
      vertex 52.17 17.6827 7.4
      vertex 51.83 20.454 7.4
    endloop
  endfacet
  facet normal -0 0 1
    outer loop
      vertex 51.83 14.9115 7.4
      vertex 52.17 14.7152 7.4
      vertex 51.83 17.4865 7.4
    endloop
  endfacet
  facet normal 0 0 1
    outer loop
      vertex 52.17 14.7152 7.4
      vertex 51.83 14.9115 7.4
      vertex 52.17 12.1402 7.4
    endloop
  endfacet
  facet normal 0 0 1
    outer loop
      vertex 52.17 20.2577 7.4
      vertex 51.83 23.029 7.4
      vertex 51.83 20.454 7.4
    endloop
  endfacet
  facet normal 0 0 1
    outer loop
      vertex 52.17 25 7.4
      vertex 50.1038 25 7.4
      vertex 51.83 23.029 7.4
    endloop
  endfacet
  facet normal 0 0 1
    outer loop
      vertex 61.5 26.44 7.4
      vertex 50.1038 25 7.4
      vertex 52.17 25 7.4
    endloop
  endfacet
  facet normal 0 0 1
    outer loop
      vertex 61.5 26.44 7.4
      vertex 49.0961 25 7.4
      vertex 50.1038 25 7.4
    endloop
  endfacet
  facet normal -0 0 1
    outer loop
      vertex 47.03 23.2253 7.4
      vertex 47.37 23.029 7.4
      vertex 47.03 25 7.4
    endloop
  endfacet
  facet normal 0 0 1
    outer loop
      vertex 47.37 23.029 7.4
      vertex 47.03 23.2253 7.4
      vertex 47.37 20.454 7.4
    endloop
  endfacet
  facet normal 0 0 1
    outer loop
      vertex 47.03 20.2577 7.4
      vertex 47.37 20.454 7.4
      vertex 47.03 23.2253 7.4
    endloop
  endfacet
  facet normal 0 0 1
    outer loop
      vertex 47.37 20.454 7.4
      vertex 47.03 20.2577 7.4
      vertex 47.37 17.4865 7.4
    endloop
  endfacet
  facet normal -0 0 1
    outer loop
      vertex 47.03 17.6827 7.4
      vertex 47.37 17.4865 7.4
      vertex 47.03 20.2577 7.4
    endloop
  endfacet
  facet normal 0 0 1
    outer loop
      vertex 49.0961 25 7.4
      vertex 47.03 25 7.4
      vertex 47.37 23.029 7.4
    endloop
  endfacet
  facet normal 0 0 1
    outer loop
      vertex 61.5 26.44 7.4
      vertex 47.03 25 7.4
      vertex 49.0961 25 7.4
    endloop
  endfacet
  facet normal 0 0 1
    outer loop
      vertex 61.5 26.44 7.4
      vertex 42.57 25 7.4
      vertex 47.03 25 7.4
    endloop
  endfacet
  facet normal 0 0 1
    outer loop
      vertex 42.23 23.029 7.4
      vertex 42.57 23.2253 7.4
      vertex 42.57 25 7.4
    endloop
  endfacet
  facet normal 0 0 1
    outer loop
      vertex 42.57 23.2253 7.4
      vertex 42.23 23.029 7.4
      vertex 42.57 20.2577 7.4
    endloop
  endfacet
  facet normal -0 0 1
    outer loop
      vertex 42.23 20.454 7.4
      vertex 42.57 20.2577 7.4
      vertex 42.23 23.029 7.4
    endloop
  endfacet
  facet normal 0 0 1
    outer loop
      vertex 42.57 20.2577 7.4
      vertex 42.23 20.454 7.4
      vertex 42.57 17.6827 7.4
    endloop
  endfacet
  facet normal 0 0 1
    outer loop
      vertex 42.23 17.4865 7.4
      vertex 42.57 17.6827 7.4
      vertex 42.23 20.454 7.4
    endloop
  endfacet
  facet normal 0 0 1
    outer loop
      vertex 42.57 17.6827 7.4
      vertex 42.23 17.4865 7.4
      vertex 42.57 14.7152 7.4
    endloop
  endfacet
  facet normal 0 0 1
    outer loop
      vertex 42.57 12.1402 7.4
      vertex 42.2511 5.05226 7.4
      vertex 42.57 9.17262 7.4
    endloop
  endfacet
  facet normal 0 0 1
    outer loop
      vertex 42.57 7.2 7.4
      vertex 42.4178 3.05036 7.4
      vertex 42.4241 2.93701 7.4
    endloop
  endfacet
  facet normal 0 0 1
    outer loop
      vertex 42.57 7.2 7.4
      vertex 42.3313 4.64803 7.4
      vertex 42.4178 3.05036 7.4
    endloop
  endfacet
  facet normal -0 0 1
    outer loop
      vertex 42.3258 4.53801 7.4
      vertex 42.4178 3.05036 7.4
      vertex 42.3313 4.64803 7.4
    endloop
  endfacet
  facet normal 0 0 1
    outer loop
      vertex 42.4178 3.05036 7.4
      vertex 42.3258 4.53801 7.4
      vertex 42.399 3.15676 7.4
    endloop
  endfacet
  facet normal 0 0 1
    outer loop
      vertex 42.57 7.2 7.4
      vertex 42.3224 4.79372 7.4
      vertex 42.3313 4.64803 7.4
    endloop
  endfacet
  facet normal 0 0 1
    outer loop
      vertex 42.57 9.17262 7.4
      vertex 42.2511 5.05226 7.4
      vertex 42.57 7.2 7.4
    endloop
  endfacet
  facet normal 0 0 1
    outer loop
      vertex 42.57 7.2 7.4
      vertex 42.2957 4.92847 7.4
      vertex 42.3224 4.79372 7.4
    endloop
  endfacet
  facet normal 0 0 1
    outer loop
      vertex 42.57 7.2 7.4
      vertex 42.2511 5.05226 7.4
      vertex 42.2957 4.92847 7.4
    endloop
  endfacet
  facet normal 0 0 1
    outer loop
      vertex 42.57 25 7.4
      vertex 40.5038 25 7.4
      vertex 42.23 23.029 7.4
    endloop
  endfacet
  facet normal 0 0 1
    outer loop
      vertex 61.5 26.44 7.4
      vertex 40.5038 25 7.4
      vertex 42.57 25 7.4
    endloop
  endfacet
  facet normal 0 0 1
    outer loop
      vertex 61.5 26.44 7.4
      vertex 39.4962 25 7.4
      vertex 40.5038 25 7.4
    endloop
  endfacet
  facet normal -0 0 1
    outer loop
      vertex 37.43 23.2253 7.4
      vertex 37.77 23.029 7.4
      vertex 37.43 25 7.4
    endloop
  endfacet
  facet normal 0 0 1
    outer loop
      vertex 37.77 23.029 7.4
      vertex 37.43 23.2253 7.4
      vertex 37.77 20.454 7.4
    endloop
  endfacet
  facet normal 0 0 1
    outer loop
      vertex 37.43 20.2577 7.4
      vertex 37.77 20.454 7.4
      vertex 37.43 23.2253 7.4
    endloop
  endfacet
  facet normal 0 0 1
    outer loop
      vertex 37.77 20.454 7.4
      vertex 37.43 20.2577 7.4
      vertex 37.77 17.4865 7.4
    endloop
  endfacet
  facet normal -0 0 1
    outer loop
      vertex 37.43 17.6827 7.4
      vertex 37.77 17.4865 7.4
      vertex 37.43 20.2577 7.4
    endloop
  endfacet
  facet normal 0 0 1
    outer loop
      vertex 37.77 9.3689 7.4
      vertex 37.6733 4.03911 7.4
      vertex 37.6868 3.7616 7.4
    endloop
  endfacet
  facet normal 0 0 1
    outer loop
      vertex 37.77 9.3689 7.4
      vertex 37.6328 4.29616 7.4
      vertex 37.6733 4.03911 7.4
    endloop
  endfacet
  facet normal 0 0 1
    outer loop
      vertex 37.77 9.3689 7.4
      vertex 37.5654 4.53272 7.4
      vertex 37.6328 4.29616 7.4
    endloop
  endfacet
  facet normal 0 0 1
    outer loop
      vertex 37.77 9.3689 7.4
      vertex 37.4709 4.74883 7.4
      vertex 37.5654 4.53272 7.4
    endloop
  endfacet
  facet normal 0 0 1
    outer loop
      vertex 37.77 11.9439 7.4
      vertex 37.4709 4.74883 7.4
      vertex 37.77 9.3689 7.4
    endloop
  endfacet
  facet normal 0 0 1
    outer loop
      vertex 39.4962 25 7.4
      vertex 37.43 25 7.4
      vertex 37.77 23.029 7.4
    endloop
  endfacet
  facet normal 0 0 1
    outer loop
      vertex 61.5 26.44 7.4
      vertex 37.43 25 7.4
      vertex 39.4962 25 7.4
    endloop
  endfacet
  facet normal 0 0 1
    outer loop
      vertex 61.5 26.44 7.4
      vertex 32.97 25 7.4
      vertex 37.43 25 7.4
    endloop
  endfacet
  facet normal 0 0 1
    outer loop
      vertex 32.63 23.029 7.4
      vertex 32.97 23.2253 7.4
      vertex 32.97 25 7.4
    endloop
  endfacet
  facet normal 0 0 1
    outer loop
      vertex 32.97 23.2253 7.4
      vertex 32.63 23.029 7.4
      vertex 32.97 20.2577 7.4
    endloop
  endfacet
  facet normal -0 0 1
    outer loop
      vertex 32.63 20.454 7.4
      vertex 32.97 20.2577 7.4
      vertex 32.63 23.029 7.4
    endloop
  endfacet
  facet normal 0 0 1
    outer loop
      vertex 32.97 20.2577 7.4
      vertex 32.63 20.454 7.4
      vertex 32.97 17.6827 7.4
    endloop
  endfacet
  facet normal 0 0 1
    outer loop
      vertex 32.63 17.4865 7.4
      vertex 32.97 17.6827 7.4
      vertex 32.63 20.454 7.4
    endloop
  endfacet
  facet normal 0 0 1
    outer loop
      vertex 32.97 17.6827 7.4
      vertex 32.63 17.4865 7.4
      vertex 32.97 14.7152 7.4
    endloop
  endfacet
  facet normal 0 0 1
    outer loop
      vertex 32.97 12.1402 7.4
      vertex 32.6849 5.43599 7.4
      vertex 32.97 9.17262 7.4
    endloop
  endfacet
  facet normal 0 0 1
    outer loop
      vertex 32.97 9.17262 7.4
      vertex 32.6849 5.43599 7.4
      vertex 32.97 7.2 7.4
    endloop
  endfacet
  facet normal 0 0 1
    outer loop
      vertex 32.97 7.2 7.4
      vertex 32.8272 5.36609 7.4
      vertex 32.9532 5.28064 7.4
    endloop
  endfacet
  facet normal 0 0 1
    outer loop
      vertex 32.97 7.2 7.4
      vertex 32.6849 5.43599 7.4
      vertex 32.8272 5.36609 7.4
    endloop
  endfacet
  facet normal 0 0 1
    outer loop
      vertex 32.97 25 7.4
      vertex 30.9038 25 7.4
      vertex 32.63 23.029 7.4
    endloop
  endfacet
  facet normal -0 0 1
    outer loop
      vertex 9.1 26.44 7.4
      vertex 32.97 25 7.4
      vertex 61.5 26.44 7.4
    endloop
  endfacet
  facet normal 0 0 1
    outer loop
      vertex 32.97 25 7.4
      vertex 9.1 26.44 7.4
      vertex 30.9038 25 7.4
    endloop
  endfacet
  facet normal -0 0 1
    outer loop
      vertex 27.83 23.2253 7.4
      vertex 28.17 23.029 7.4
      vertex 27.83 25 7.4
    endloop
  endfacet
  facet normal 0 0 1
    outer loop
      vertex 28.17 23.029 7.4
      vertex 27.83 23.2253 7.4
      vertex 28.17 20.454 7.4
    endloop
  endfacet
  facet normal 0 0 1
    outer loop
      vertex 27.83 20.2577 7.4
      vertex 28.17 20.454 7.4
      vertex 27.83 23.2253 7.4
    endloop
  endfacet
  facet normal 0 0 1
    outer loop
      vertex 28.17 20.454 7.4
      vertex 27.83 20.2577 7.4
      vertex 28.17 17.4865 7.4
    endloop
  endfacet
  facet normal -0 0 1
    outer loop
      vertex 27.83 17.6827 7.4
      vertex 28.17 17.4865 7.4
      vertex 27.83 20.2577 7.4
    endloop
  endfacet
  facet normal 0 0 1
    outer loop
      vertex 29.8961 25 7.4
      vertex 27.83 25 7.4
      vertex 28.17 23.029 7.4
    endloop
  endfacet
  facet normal 0 0 1
    outer loop
      vertex 30.9038 25 7.4
      vertex 9.1 26.44 7.4
      vertex 29.8961 25 7.4
    endloop
  endfacet
  facet normal 0 0 1
    outer loop
      vertex 29.8961 25 7.4
      vertex 9.1 26.44 7.4
      vertex 27.83 25 7.4
    endloop
  endfacet
  facet normal 0 0 1
    outer loop
      vertex 23.03 23.029 7.4
      vertex 23.37 23.2253 7.4
      vertex 23.37 25 7.4
    endloop
  endfacet
  facet normal 0 0 1
    outer loop
      vertex 23.37 23.2253 7.4
      vertex 23.03 23.029 7.4
      vertex 23.37 20.2577 7.4
    endloop
  endfacet
  facet normal -0 0 1
    outer loop
      vertex 23.03 20.454 7.4
      vertex 23.37 20.2577 7.4
      vertex 23.03 23.029 7.4
    endloop
  endfacet
  facet normal 0 0 1
    outer loop
      vertex 23.37 20.2577 7.4
      vertex 23.03 20.454 7.4
      vertex 23.37 17.6827 7.4
    endloop
  endfacet
  facet normal 0 0 1
    outer loop
      vertex 23.03 17.4865 7.4
      vertex 23.37 17.6827 7.4
      vertex 23.03 20.454 7.4
    endloop
  endfacet
  facet normal 0 0 1
    outer loop
      vertex 23.37 17.6827 7.4
      vertex 23.03 17.4865 7.4
      vertex 23.37 14.7152 7.4
    endloop
  endfacet
  facet normal -0 0 1
    outer loop
      vertex 23.03 14.9115 7.4
      vertex 23.37 14.7152 7.4
      vertex 23.03 17.4865 7.4
    endloop
  endfacet
  facet normal 0 0 1
    outer loop
      vertex 23.37 25 7.4
      vertex 21.3038 25 7.4
      vertex 23.03 23.029 7.4
    endloop
  endfacet
  facet normal 0 0 1
    outer loop
      vertex 27.83 25 7.4
      vertex 9.1 26.44 7.4
      vertex 23.37 25 7.4
    endloop
  endfacet
  facet normal 0 0 1
    outer loop
      vertex 23.37 25 7.4
      vertex 9.1 26.44 7.4
      vertex 21.3038 25 7.4
    endloop
  endfacet
  facet normal 0 0 1
    outer loop
      vertex 18.23 20.2577 7.4
      vertex 18.57 20.454 7.4
      vertex 18.57 23.029 7.4
    endloop
  endfacet
  facet normal 0 0 1
    outer loop
      vertex 18.57 20.454 7.4
      vertex 18.23 20.2577 7.4
      vertex 18.57 17.4865 7.4
    endloop
  endfacet
  facet normal 0 0 1
    outer loop
      vertex 18.57 17.4865 7.4
      vertex 18.23 17.6827 7.4
      vertex 18.57 14.9115 7.4
    endloop
  endfacet
  facet normal 0 0 1
    outer loop
      vertex 18.23 14.7152 7.4
      vertex 18.57 14.9115 7.4
      vertex 18.23 17.6827 7.4
    endloop
  endfacet
  facet normal -0 0 1
    outer loop
      vertex 18.23 23.2253 7.4
      vertex 18.57 23.029 7.4
      vertex 18.23 25 7.4
    endloop
  endfacet
  facet normal 0 0 1
    outer loop
      vertex 20.2961 25 7.4
      vertex 18.23 25 7.4
      vertex 18.57 23.029 7.4
    endloop
  endfacet
  facet normal 0 0 1
    outer loop
      vertex 21.3038 25 7.4
      vertex 9.1 26.44 7.4
      vertex 20.2961 25 7.4
    endloop
  endfacet
  facet normal 0 0 1
    outer loop
      vertex 20.2961 25 7.4
      vertex 9.1 26.44 7.4
      vertex 18.23 25 7.4
    endloop
  endfacet
  facet normal 0 0 1
    outer loop
      vertex 13.43 23.029 7.4
      vertex 13.77 23.2253 7.4
      vertex 13.77 25 7.4
    endloop
  endfacet
  facet normal 0 0 1
    outer loop
      vertex 13.77 23.2253 7.4
      vertex 13.43 23.029 7.4
      vertex 13.77 20.2577 7.4
    endloop
  endfacet
  facet normal 0 0 1
    outer loop
      vertex 13.77 20.2577 7.4
      vertex 13.43 20.454 7.4
      vertex 13.77 17.6827 7.4
    endloop
  endfacet
  facet normal 0 0 1
    outer loop
      vertex 13.43 17.4865 7.4
      vertex 13.77 17.6827 7.4
      vertex 13.43 20.454 7.4
    endloop
  endfacet
  facet normal -0 0 1
    outer loop
      vertex 13.43 14.9115 7.4
      vertex 13.77 14.7152 7.4
      vertex 13.43 17.4865 7.4
    endloop
  endfacet
  facet normal 0 0 1
    outer loop
      vertex 13.77 14.7152 7.4
      vertex 13.43 14.9115 7.4
      vertex 13.77 12.1402 7.4
    endloop
  endfacet
  facet normal 0 0 1
    outer loop
      vertex 13.77 20.2577 7.4
      vertex 13.43 23.029 7.4
      vertex 13.43 20.454 7.4
    endloop
  endfacet
  facet normal 0 0 1
    outer loop
      vertex 13.77 25 7.4
      vertex 11.7038 25 7.4
      vertex 13.43 23.029 7.4
    endloop
  endfacet
  facet normal 0 0 1
    outer loop
      vertex 18.23 25 7.4
      vertex 9.1 26.44 7.4
      vertex 13.77 25 7.4
    endloop
  endfacet
  facet normal 0 0 1
    outer loop
      vertex 13.77 25 7.4
      vertex 9.1 26.44 7.4
      vertex 11.7038 25 7.4
    endloop
  endfacet
  facet normal 0 0 1
    outer loop
      vertex 11.7038 25 7.4
      vertex 9.1 26.44 7.4
      vertex 10.6962 25 7.4
    endloop
  endfacet
  facet normal 0 0 1
    outer loop
      vertex 59.2 24.3165 7.4
      vertex 59.7038 25 7.4
      vertex 59.2 24.7091 7.4
    endloop
  endfacet
  facet normal 0 0 1
    outer loop
      vertex 59.7038 25 7.4
      vertex 59.2 24.3165 7.4
      vertex 61.43 23.029 7.4
    endloop
  endfacet
  facet normal 0 0 1
    outer loop
      vertex 58.6962 25 7.4
      vertex 59.2 24.3165 7.4
      vertex 59.2 24.7091 7.4
    endloop
  endfacet
  facet normal 0 0 1
    outer loop
      vertex 59.2 24.3165 7.4
      vertex 58.6962 25 7.4
      vertex 56.97 23.029 7.4
    endloop
  endfacet
  facet normal -0 0 1
    outer loop
      vertex 61.43 11.9439 7.4
      vertex 63.5 11.1414 7.4
      vertex 61.77 12.1402 7.4
    endloop
  endfacet
  facet normal 0 0 1
    outer loop
      vertex 63.5 11.1414 7.4
      vertex 61.43 11.9439 7.4
      vertex 63.5 10.1714 7.4
    endloop
  endfacet
  facet normal -0 0 1
    outer loop
      vertex 61.43 17.4865 7.4
      vertex 63.5 16.6839 7.4
      vertex 61.77 17.6827 7.4
    endloop
  endfacet
  facet normal 0 0 1
    outer loop
      vertex 63.5 16.6839 7.4
      vertex 61.43 17.4865 7.4
      vertex 63.5 15.714 7.4
    endloop
  endfacet
  facet normal -0 0 1
    outer loop
      vertex 61.43 23.029 7.4
      vertex 63.5 22.2265 7.4
      vertex 61.77 23.2253 7.4
    endloop
  endfacet
  facet normal 0 0 1
    outer loop
      vertex 63.5 22.2265 7.4
      vertex 61.43 23.029 7.4
      vertex 63.5 21.2566 7.4
    endloop
  endfacet
  facet normal 0 0 1
    outer loop
      vertex 65.542 28.6917 7.4
      vertex 70.7 30.5 7.4
      vertex 65.629 28.9019 7.4
    endloop
  endfacet
  facet normal 0 0 1
    outer loop
      vertex 70.7 5.2 7.4
      vertex 65.6821 6.67683 7.4
      vertex 65.7 6.45 7.4
    endloop
  endfacet
  facet normal 0 0 1
    outer loop
      vertex 65.4231 28.4977 7.4
      vertex 70.7 30.5 7.4
      vertex 65.542 28.6917 7.4
    endloop
  endfacet
  facet normal 0 0 1
    outer loop
      vertex 70.7 5.2 7.4
      vertex 65.629 6.89807 7.4
      vertex 65.6821 6.67683 7.4
    endloop
  endfacet
  facet normal 0 0 1
    outer loop
      vertex 63.5 16.6839 7.4
      vertex 70.7 30.5 7.4
      vertex 63.5 21.2566 7.4
    endloop
  endfacet
  facet normal -0 0 1
    outer loop
      vertex 63.5 15.714 7.4
      vertex 70.7 5.2 7.4
      vertex 63.5 16.6839 7.4
    endloop
  endfacet
  facet normal 0 0 1
    outer loop
      vertex 65.2753 28.3247 7.4
      vertex 70.7 30.5 7.4
      vertex 65.4231 28.4977 7.4
    endloop
  endfacet
  facet normal 0 0 1
    outer loop
      vertex 70.7 5.2 7.4
      vertex 65.542 7.10829 7.4
      vertex 65.629 6.89807 7.4
    endloop
  endfacet
  facet normal 0 0 1
    outer loop
      vertex 63.4729 23.1441 7.4
      vertex 70.7 30.5 7.4
      vertex 65.2753 28.3247 7.4
    endloop
  endfacet
  facet normal -0 0 1
    outer loop
      vertex 63.5 11.1414 7.4
      vertex 70.7 5.2 7.4
      vertex 63.5 15.714 7.4
    endloop
  endfacet
  facet normal 0 0 1
    outer loop
      vertex 63.4729 23.1441 7.4
      vertex 65.2753 28.3247 7.4
      vertex 65.1023 28.1769 7.4
    endloop
  endfacet
  facet normal 0 0 1
    outer loop
      vertex 70.7 5.2 7.4
      vertex 65.4231 7.30229 7.4
      vertex 65.542 7.10829 7.4
    endloop
  endfacet
  facet normal 0 0 1
    outer loop
      vertex 63.3923 23.4798 7.4
      vertex 65.1023 28.1769 7.4
      vertex 64.9083 28.058 7.4
    endloop
  endfacet
  facet normal -0 -0 1
    outer loop
      vertex 65.2753 7.4753 7.4
      vertex 70.7 5.2 7.4
      vertex 63.5 11.1414 7.4
    endloop
  endfacet
  facet normal 0 0 1
    outer loop
      vertex 63.2602 23.7988 7.4
      vertex 64.9083 28.058 7.4
      vertex 64.6981 27.971 7.4
    endloop
  endfacet
  facet normal 0 0 1
    outer loop
      vertex 70.7 5.2 7.4
      vertex 65.2753 7.4753 7.4
      vertex 65.4231 7.30229 7.4
    endloop
  endfacet
  facet normal 0 0 1
    outer loop
      vertex 63.0798 24.0931 7.4
      vertex 64.6981 27.971 7.4
      vertex 64.4768 27.9179 7.4
    endloop
  endfacet
  facet normal 0 0 1
    outer loop
      vertex 65.2753 7.4753 7.4
      vertex 63.5 11.1414 7.4
      vertex 65.1023 7.62307 7.4
    endloop
  endfacet
  facet normal 0 0 1
    outer loop
      vertex 62.8556 24.3556 7.4
      vertex 64.4768 27.9179 7.4
      vertex 64.25 27.9 7.4
    endloop
  endfacet
  facet normal -0 0 1
    outer loop
      vertex 63.5 10.1714 7.4
      vertex 65.1023 7.62307 7.4
      vertex 63.5 11.1414 7.4
    endloop
  endfacet
  facet normal 0 0 1
    outer loop
      vertex 62.8556 24.3556 7.4
      vertex 64.25 27.9 7.4
      vertex 64.0232 27.9179 7.4
    endloop
  endfacet
  facet normal 0 0 1
    outer loop
      vertex 65.1023 7.62307 7.4
      vertex 63.5 10.1714 7.4
      vertex 64.9083 7.74196 7.4
    endloop
  endfacet
  facet normal 0 0 1
    outer loop
      vertex 62.5931 24.5798 7.4
      vertex 64.0232 27.9179 7.4
      vertex 63.8019 27.971 7.4
    endloop
  endfacet
  facet normal 0 0 1
    outer loop
      vertex 64.9083 7.74196 7.4
      vertex 63.5 10.1714 7.4
      vertex 64.6981 7.82903 7.4
    endloop
  endfacet
  facet normal 0 0 1
    outer loop
      vertex 61.5 26.44 7.4
      vertex 63.8019 27.971 7.4
      vertex 63.5917 28.058 7.4
    endloop
  endfacet
  facet normal 0 0 1
    outer loop
      vertex 70.7 30.5 7.4
      vertex 63.5 22.2265 7.4
      vertex 63.5 21.2566 7.4
    endloop
  endfacet
  facet normal 0 0 1
    outer loop
      vertex 70.7 30.5 7.4
      vertex 63.5 22.8 7.4
      vertex 63.5 22.2265 7.4
    endloop
  endfacet
  facet normal 0 0 1
    outer loop
      vertex 70.7 30.5 7.4
      vertex 63.4729 23.1441 7.4
      vertex 63.5 22.8 7.4
    endloop
  endfacet
  facet normal 0 0 1
    outer loop
      vertex 61.5 26.44 7.4
      vertex 63.5917 28.058 7.4
      vertex 63.3977 28.1769 7.4
    endloop
  endfacet
  facet normal 0 0 1
    outer loop
      vertex 65.1023 28.1769 7.4
      vertex 63.3923 23.4798 7.4
      vertex 63.4729 23.1441 7.4
    endloop
  endfacet
  facet normal 0 0 1
    outer loop
      vertex 64.9083 28.058 7.4
      vertex 63.2602 23.7988 7.4
      vertex 63.3923 23.4798 7.4
    endloop
  endfacet
  facet normal 0 0 1
    outer loop
      vertex 61.5 26.44 7.4
      vertex 63.3977 28.1769 7.4
      vertex 63.2247 28.3247 7.4
    endloop
  endfacet
  facet normal 0 0 1
    outer loop
      vertex 64.6981 27.971 7.4
      vertex 63.0798 24.0931 7.4
      vertex 63.2602 23.7988 7.4
    endloop
  endfacet
  facet normal 0 0 1
    outer loop
      vertex 61.5 26.44 7.4
      vertex 63.2247 28.3247 7.4
      vertex 63.0769 28.4977 7.4
    endloop
  endfacet
  facet normal 0 0 1
    outer loop
      vertex 61.5 26.44 7.4
      vertex 63.0769 28.4977 7.4
      vertex 62.958 28.6917 7.4
    endloop
  endfacet
  facet normal 0 0 1
    outer loop
      vertex 61.5 26.44 7.4
      vertex 62.958 28.6917 7.4
      vertex 62.871 28.9019 7.4
    endloop
  endfacet
  facet normal 0 0 1
    outer loop
      vertex 64.4768 27.9179 7.4
      vertex 62.8556 24.3556 7.4
      vertex 63.0798 24.0931 7.4
    endloop
  endfacet
  facet normal 0 0 1
    outer loop
      vertex 61.5 26.44 7.4
      vertex 62.871 28.9019 7.4
      vertex 62.8179 29.1232 7.4
    endloop
  endfacet
  facet normal 0 0 1
    outer loop
      vertex 61.5 26.44 7.4
      vertex 62.8179 29.1232 7.4
      vertex 62.8 29.35 7.4
    endloop
  endfacet
  facet normal 0 0 1
    outer loop
      vertex 64.0232 27.9179 7.4
      vertex 62.5931 24.5798 7.4
      vertex 62.8556 24.3556 7.4
    endloop
  endfacet
  facet normal 0 0 1
    outer loop
      vertex 65.629 29.7981 7.4
      vertex 70.7 30.5 7.4
      vertex 70.636 31.3135 7.4
    endloop
  endfacet
  facet normal 0 0 1
    outer loop
      vertex 65.6821 29.1232 7.4
      vertex 70.7 30.5 7.4
      vertex 65.7 29.35 7.4
    endloop
  endfacet
  facet normal 0 0 1
    outer loop
      vertex 65.542 30.0083 7.4
      vertex 70.636 31.3135 7.4
      vertex 70.4455 32.1069 7.4
    endloop
  endfacet
  facet normal 0 0 1
    outer loop
      vertex 65.629 28.9019 7.4
      vertex 70.7 30.5 7.4
      vertex 65.6821 29.1232 7.4
    endloop
  endfacet
  facet normal 0 0 1
    outer loop
      vertex 65.542 30.0083 7.4
      vertex 70.4455 32.1069 7.4
      vertex 70.1332 32.8607 7.4
    endloop
  endfacet
  facet normal -0 0 1
    outer loop
      vertex 65.6821 6.22317 7.4
      vertex 70.7 5.2 7.4
      vertex 65.7 6.45 7.4
    endloop
  endfacet
  facet normal 0 0 1
    outer loop
      vertex 65.4231 30.2023 7.4
      vertex 70.1332 32.8607 7.4
      vertex 69.7069 33.5565 7.4
    endloop
  endfacet
  facet normal -0 0 1
    outer loop
      vertex 65.629 6.00192 7.4
      vertex 70.7 5.2 7.4
      vertex 65.6821 6.22317 7.4
    endloop
  endfacet
  facet normal 0 0 1
    outer loop
      vertex 65.2753 30.3753 7.4
      vertex 69.7069 33.5565 7.4
      vertex 69.177 34.177 7.4
    endloop
  endfacet
  facet normal 0 0 1
    outer loop
      vertex 70.7 5.2 7.4
      vertex 65.629 6.00192 7.4
      vertex 70.636 4.38654 7.4
    endloop
  endfacet
  facet normal 0 0 1
    outer loop
      vertex 65.2753 30.3753 7.4
      vertex 69.177 34.177 7.4
      vertex 68.5565 34.7069 7.4
    endloop
  endfacet
  facet normal -0 0 1
    outer loop
      vertex 65.542 5.79171 7.4
      vertex 70.636 4.38654 7.4
      vertex 65.629 6.00192 7.4
    endloop
  endfacet
  facet normal 0 0 1
    outer loop
      vertex 65.1023 30.5231 7.4
      vertex 68.5565 34.7069 7.4
      vertex 67.8607 35.1332 7.4
    endloop
  endfacet
  facet normal 0 0 1
    outer loop
      vertex 70.636 4.38654 7.4
      vertex 65.542 5.79171 7.4
      vertex 70.4455 3.59311 7.4
    endloop
  endfacet
  facet normal 0 0 1
    outer loop
      vertex 65.1023 30.5231 7.4
      vertex 67.8607 35.1332 7.4
      vertex 67.1069 35.4455 7.4
    endloop
  endfacet
  facet normal 0 0 1
    outer loop
      vertex 70.4455 3.59311 7.4
      vertex 65.542 5.79171 7.4
      vertex 70.1332 2.83925 7.4
    endloop
  endfacet
  facet normal 0 0 1
    outer loop
      vertex 64.9083 30.642 7.4
      vertex 67.1069 35.4455 7.4
      vertex 66.3135 35.636 7.4
    endloop
  endfacet
  facet normal -0 0 1
    outer loop
      vertex 65.4231 5.59771 7.4
      vertex 70.1332 2.83925 7.4
      vertex 65.542 5.79171 7.4
    endloop
  endfacet
  facet normal 0 0 1
    outer loop
      vertex 70.1332 2.83925 7.4
      vertex 65.4231 5.59771 7.4
      vertex 69.7069 2.14352 7.4
    endloop
  endfacet
  facet normal 0 0 1
    outer loop
      vertex 70.7 30.5 7.4
      vertex 65.6821 29.5768 7.4
      vertex 65.7 29.35 7.4
    endloop
  endfacet
  facet normal 0 0 1
    outer loop
      vertex 70.7 30.5 7.4
      vertex 65.629 29.7981 7.4
      vertex 65.6821 29.5768 7.4
    endloop
  endfacet
  facet normal 0 0 1
    outer loop
      vertex 70.636 31.3135 7.4
      vertex 65.542 30.0083 7.4
      vertex 65.629 29.7981 7.4
    endloop
  endfacet
  facet normal 0 0 1
    outer loop
      vertex 64.6981 30.729 7.4
      vertex 66.3135 35.636 7.4
      vertex 65.5 35.7 7.4
    endloop
  endfacet
  facet normal 0 0 1
    outer loop
      vertex 70.1332 32.8607 7.4
      vertex 65.4231 30.2023 7.4
      vertex 65.542 30.0083 7.4
    endloop
  endfacet
  facet normal 0 0 1
    outer loop
      vertex 69.7069 33.5565 7.4
      vertex 65.2753 30.3753 7.4
      vertex 65.4231 30.2023 7.4
    endloop
  endfacet
  facet normal 0 0 1
    outer loop
      vertex 68.5565 34.7069 7.4
      vertex 65.1023 30.5231 7.4
      vertex 65.2753 30.3753 7.4
    endloop
  endfacet
  facet normal 0 0 1
    outer loop
      vertex 67.1069 35.4455 7.4
      vertex 64.9083 30.642 7.4
      vertex 65.1023 30.5231 7.4
    endloop
  endfacet
  facet normal 0 0 1
    outer loop
      vertex 66.3135 35.636 7.4
      vertex 64.6981 30.729 7.4
      vertex 64.9083 30.642 7.4
    endloop
  endfacet
  facet normal 0 0 1
    outer loop
      vertex 65.5 35.7 7.4
      vertex 64.4768 30.7821 7.4
      vertex 64.6981 30.729 7.4
    endloop
  endfacet
  facet normal 0 0 1
    outer loop
      vertex 65.5 35.7 7.4
      vertex 64.25 30.8 7.4
      vertex 64.4768 30.7821 7.4
    endloop
  endfacet
  facet normal 0 0 1
    outer loop
      vertex 65.5 35.7 7.4
      vertex 64.0232 30.7821 7.4
      vertex 64.25 30.8 7.4
    endloop
  endfacet
  facet normal -0 0 1
    outer loop
      vertex 61.5 35.7 7.4
      vertex 64.0232 30.7821 7.4
      vertex 65.5 35.7 7.4
    endloop
  endfacet
  facet normal 0 0 1
    outer loop
      vertex 64.0232 30.7821 7.4
      vertex 61.5 35.7 7.4
      vertex 63.8019 30.729 7.4
    endloop
  endfacet
  facet normal 0 0 1
    outer loop
      vertex 63.8019 30.729 7.4
      vertex 61.5 35.7 7.4
      vertex 63.5917 30.642 7.4
    endloop
  endfacet
  facet normal 0 0 1
    outer loop
      vertex 63.5917 30.642 7.4
      vertex 61.5 35.7 7.4
      vertex 63.3977 30.5231 7.4
    endloop
  endfacet
  facet normal 0 0 1
    outer loop
      vertex 63.3977 30.5231 7.4
      vertex 61.5 35.7 7.4
      vertex 63.2247 30.3753 7.4
    endloop
  endfacet
  facet normal 0 0 1
    outer loop
      vertex 63.2247 30.3753 7.4
      vertex 61.5 35.7 7.4
      vertex 63.0769 30.2023 7.4
    endloop
  endfacet
  facet normal 0 0 1
    outer loop
      vertex 63.8019 27.971 7.4
      vertex 61.5 26.44 7.4
      vertex 62.2988 24.7602 7.4
    endloop
  endfacet
  facet normal 0 0 1
    outer loop
      vertex 61.5 26.44 7.4
      vertex 62.8 29.35 7.4
      vertex 62.8179 29.5768 7.4
    endloop
  endfacet
  facet normal 0 0 1
    outer loop
      vertex 63.8019 27.971 7.4
      vertex 62.2988 24.7602 7.4
      vertex 62.5931 24.5798 7.4
    endloop
  endfacet
  facet normal 0 0 1
    outer loop
      vertex 62.2988 24.7602 7.4
      vertex 61.5 26.44 7.4
      vertex 61.9798 24.8923 7.4
    endloop
  endfacet
  facet normal 0 0 1
    outer loop
      vertex 61.43 23.029 7.4
      vertex 61.77 23.2253 7.4
      vertex 61.77 24.9427 7.4
    endloop
  endfacet
  facet normal 0 0 1
    outer loop
      vertex 61.43 20.454 7.4
      vertex 63.5 21.2566 7.4
      vertex 61.43 23.029 7.4
    endloop
  endfacet
  facet normal 0 0 1
    outer loop
      vertex 61.77 20.2577 7.4
      vertex 61.43 20.454 7.4
      vertex 61.77 17.6827 7.4
    endloop
  endfacet
  facet normal 0 0 1
    outer loop
      vertex 61.43 17.4865 7.4
      vertex 61.77 17.6827 7.4
      vertex 61.43 20.454 7.4
    endloop
  endfacet
  facet normal 0 0 1
    outer loop
      vertex 63.5 15.714 7.4
      vertex 61.43 14.9115 7.4
      vertex 61.77 14.7152 7.4
    endloop
  endfacet
  facet normal 0 0 1
    outer loop
      vertex 61.77 14.7152 7.4
      vertex 61.43 14.9115 7.4
      vertex 61.77 12.1402 7.4
    endloop
  endfacet
  facet normal 0 0 1
    outer loop
      vertex 61.9798 24.8923 7.4
      vertex 61.5 26.44 7.4
      vertex 61.77 24.9427 7.4
    endloop
  endfacet
  facet normal 0 0 1
    outer loop
      vertex 61.5 26.44 7.4
      vertex 62.8179 29.5768 7.4
      vertex 61.5 35.7 7.4
    endloop
  endfacet
  facet normal 0 0 1
    outer loop
      vertex 62.871 29.7981 7.4
      vertex 61.5 35.7 7.4
      vertex 62.8179 29.5768 7.4
    endloop
  endfacet
  facet normal 0 0 1
    outer loop
      vertex 62.958 30.0083 7.4
      vertex 61.5 35.7 7.4
      vertex 62.871 29.7981 7.4
    endloop
  endfacet
  facet normal 0 0 1
    outer loop
      vertex 63.0769 30.2023 7.4
      vertex 61.5 35.7 7.4
      vertex 62.958 30.0083 7.4
    endloop
  endfacet
  facet normal -0 0 1
    outer loop
      vertex 65.2753 5.4247 7.4
      vertex 69.7069 2.14352 7.4
      vertex 65.4231 5.59771 7.4
    endloop
  endfacet
  facet normal 0 0 1
    outer loop
      vertex 69.7069 2.14352 7.4
      vertex 65.2753 5.4247 7.4
      vertex 69.177 1.52304 7.4
    endloop
  endfacet
  facet normal 0 0 1
    outer loop
      vertex 69.177 1.52304 7.4
      vertex 65.2753 5.4247 7.4
      vertex 68.5565 0.993112 7.4
    endloop
  endfacet
  facet normal -0 0 1
    outer loop
      vertex 65.1023 5.27693 7.4
      vertex 68.5565 0.993112 7.4
      vertex 65.2753 5.4247 7.4
    endloop
  endfacet
  facet normal 0 0 1
    outer loop
      vertex 68.5565 0.993112 7.4
      vertex 65.1023 5.27693 7.4
      vertex 67.8607 0.566766 7.4
    endloop
  endfacet
  facet normal 0 0 1
    outer loop
      vertex 67.8607 0.566766 7.4
      vertex 65.1023 5.27693 7.4
      vertex 67.1069 0.254506 7.4
    endloop
  endfacet
  facet normal -0 0 1
    outer loop
      vertex 64.9083 5.15804 7.4
      vertex 67.1069 0.254506 7.4
      vertex 65.1023 5.27693 7.4
    endloop
  endfacet
  facet normal 0 0 1
    outer loop
      vertex 67.1069 0.254506 7.4
      vertex 64.9083 5.15804 7.4
      vertex 66.3135 0.0640202 7.4
    endloop
  endfacet
  facet normal -0 0 1
    outer loop
      vertex 64.6981 5.07097 7.4
      vertex 66.3135 0.0640202 7.4
      vertex 64.9083 5.15804 7.4
    endloop
  endfacet
  facet normal 0 0 1
    outer loop
      vertex 66.3135 0.0640202 7.4
      vertex 64.6981 5.07097 7.4
      vertex 65.5 0 7.4
    endloop
  endfacet
  facet normal -0 0 1
    outer loop
      vertex 64.4768 5.01785 7.4
      vertex 65.5 0 7.4
      vertex 64.6981 5.07097 7.4
    endloop
  endfacet
  facet normal -0 0 1
    outer loop
      vertex 64.25 5 7.4
      vertex 65.5 0 7.4
      vertex 64.4768 5.01785 7.4
    endloop
  endfacet
  facet normal 0 0 1
    outer loop
      vertex 64.0232 5.01785 7.4
      vertex 65.5 0 7.4
      vertex 64.25 5 7.4
    endloop
  endfacet
  facet normal 0 0 1
    outer loop
      vertex 63.8019 5.07097 7.4
      vertex 65.5 0 7.4
      vertex 64.0232 5.01785 7.4
    endloop
  endfacet
  facet normal 0 0 1
    outer loop
      vertex 63.5917 5.15804 7.4
      vertex 65.5 0 7.4
      vertex 63.8019 5.07097 7.4
    endloop
  endfacet
  facet normal 0 0 1
    outer loop
      vertex 63.3977 5.27693 7.4
      vertex 65.5 0 7.4
      vertex 63.5917 5.15804 7.4
    endloop
  endfacet
  facet normal 0 0 1
    outer loop
      vertex 63.2247 5.4247 7.4
      vertex 65.5 0 7.4
      vertex 63.3977 5.27693 7.4
    endloop
  endfacet
  facet normal 0 0 1
    outer loop
      vertex 60.0467 7.2 7.4
      vertex 63.2247 5.4247 7.4
      vertex 63.0769 5.59771 7.4
    endloop
  endfacet
  facet normal 0 0 1
    outer loop
      vertex 60.0467 7.2 7.4
      vertex 63.0769 5.59771 7.4
      vertex 62.958 5.79171 7.4
    endloop
  endfacet
  facet normal -0 0 1
    outer loop
      vertex 61.9798 7.30766 7.4
      vertex 62.8179 6.67683 7.4
      vertex 62.2988 7.43977 7.4
    endloop
  endfacet
  facet normal 0 0 1
    outer loop
      vertex 62.8179 6.67683 7.4
      vertex 61.9798 7.30766 7.4
      vertex 62.8 6.45 7.4
    endloop
  endfacet
  facet normal -0 0 1
    outer loop
      vertex 61.77 7.25729 7.4
      vertex 62.8 6.45 7.4
      vertex 61.9798 7.30766 7.4
    endloop
  endfacet
  facet normal 0 0 1
    outer loop
      vertex 62.8 6.45 7.4
      vertex 61.77 7.25729 7.4
      vertex 62.8179 6.22317 7.4
    endloop
  endfacet
  facet normal 0 0 1
    outer loop
      vertex 62.8179 6.22317 7.4
      vertex 61.77 7.25729 7.4
      vertex 62.871 6.00192 7.4
    endloop
  endfacet
  facet normal -0 0 1
    outer loop
      vertex 60.0467 7.2 7.4
      vertex 62.871 6.00192 7.4
      vertex 61.77 7.25729 7.4
    endloop
  endfacet
  facet normal 0 0 1
    outer loop
      vertex 62.871 6.00192 7.4
      vertex 60.0467 7.2 7.4
      vertex 62.958 5.79171 7.4
    endloop
  endfacet
  facet normal -0 0 1
    outer loop
      vertex 59.7038 25 7.4
      vertex 61.77 24.9427 7.4
      vertex 61.5 26.44 7.4
    endloop
  endfacet
  facet normal 0 0 1
    outer loop
      vertex 63.5 21.2566 7.4
      vertex 61.43 20.454 7.4
      vertex 61.77 20.2577 7.4
    endloop
  endfacet
  facet normal 0 0 1
    outer loop
      vertex 61.43 14.9115 7.4
      vertex 63.5 15.714 7.4
      vertex 61.43 17.4865 7.4
    endloop
  endfacet
  facet normal 0 0 1
    outer loop
      vertex 61.43 11.9439 7.4
      vertex 61.77 12.1402 7.4
      vertex 61.43 14.9115 7.4
    endloop
  endfacet
  facet normal 0 0 1
    outer loop
      vertex 61.43 9.3689 7.4
      vertex 63.5 10.1714 7.4
      vertex 61.43 11.9439 7.4
    endloop
  endfacet
  facet normal 0 0 1
    outer loop
      vertex 63.5 10.1714 7.4
      vertex 61.43 9.3689 7.4
      vertex 61.77 9.17262 7.4
    endloop
  endfacet
  facet normal 0 0 1
    outer loop
      vertex 61.77 9.17262 7.4
      vertex 61.43 9.3689 7.4
      vertex 61.77 7.25729 7.4
    endloop
  endfacet
  facet normal 0 0 1
    outer loop
      vertex 60.0467 7.2 7.4
      vertex 61.77 7.25729 7.4
      vertex 61.43 9.3689 7.4
    endloop
  endfacet
  facet normal 0 0 1
    outer loop
      vertex 63.2247 5.4247 7.4
      vertex 60.0467 7.2 7.4
      vertex 58.3533 7.2 7.4
    endloop
  endfacet
  facet normal 0 0 1
    outer loop
      vertex 63.2247 5.4247 7.4
      vertex 58.3533 7.2 7.4
      vertex 65.5 0 7.4
    endloop
  endfacet
  facet normal 0 0 1
    outer loop
      vertex 56.63 20.2577 7.4
      vertex 56.97 23.029 7.4
      vertex 56.63 23.2253 7.4
    endloop
  endfacet
  facet normal 0 0 1
    outer loop
      vertex 56.97 17.4865 7.4
      vertex 56.63 20.2577 7.4
      vertex 56.63 17.6827 7.4
    endloop
  endfacet
  facet normal 0 0 1
    outer loop
      vertex 56.97 14.9115 7.4
      vertex 56.63 14.7152 7.4
      vertex 56.97 11.9439 7.4
    endloop
  endfacet
  facet normal -0 0 1
    outer loop
      vertex 56.63 12.1402 7.4
      vertex 56.97 11.9439 7.4
      vertex 56.63 14.7152 7.4
    endloop
  endfacet
  facet normal 0 0 1
    outer loop
      vertex 56.97 11.9439 7.4
      vertex 56.63 12.1402 7.4
      vertex 56.97 9.3689 7.4
    endloop
  endfacet
  facet normal 0 0 1
    outer loop
      vertex 56.63 9.17262 7.4
      vertex 56.97 9.3689 7.4
      vertex 56.63 12.1402 7.4
    endloop
  endfacet
  facet normal 0 0 1
    outer loop
      vertex 56.63 7.2 7.4
      vertex 56.97 9.3689 7.4
      vertex 56.63 9.17262 7.4
    endloop
  endfacet
  facet normal 0 0 1
    outer loop
      vertex 56.97 9.3689 7.4
      vertex 56.63 7.2 7.4
      vertex 58.3533 7.2 7.4
    endloop
  endfacet
  facet normal -0 0 1
    outer loop
      vertex 56.63 7.2 7.4
      vertex 65.5 0 7.4
      vertex 58.3533 7.2 7.4
    endloop
  endfacet
  facet normal 0 0 1
    outer loop
      vertex 46.8134 1.92945 7.4
      vertex 56.63 7.2 7.4
      vertex 52.17 7.2 7.4
    endloop
  endfacet
  facet normal 0 0 1
    outer loop
      vertex 52.17 17.6827 7.4
      vertex 51.83 17.4865 7.4
      vertex 52.17 14.7152 7.4
    endloop
  endfacet
  facet normal 0 0 1
    outer loop
      vertex 51.83 11.9439 7.4
      vertex 52.17 12.1402 7.4
      vertex 51.83 14.9115 7.4
    endloop
  endfacet
  facet normal 0 0 1
    outer loop
      vertex 52.17 12.1402 7.4
      vertex 51.83 11.9439 7.4
      vertex 52.17 9.17262 7.4
    endloop
  endfacet
  facet normal -0 0 1
    outer loop
      vertex 51.83 9.3689 7.4
      vertex 52.17 9.17262 7.4
      vertex 51.83 11.9439 7.4
    endloop
  endfacet
  facet normal 0 0 1
    outer loop
      vertex 52.17 9.17262 7.4
      vertex 51.83 9.3689 7.4
      vertex 52.17 7.2 7.4
    endloop
  endfacet
  facet normal 0 0 1
    outer loop
      vertex 50.4467 7.2 7.4
      vertex 52.17 7.2 7.4
      vertex 51.83 9.3689 7.4
    endloop
  endfacet
  facet normal 0 0 1
    outer loop
      vertex 46.8134 1.92945 7.4
      vertex 52.17 7.2 7.4
      vertex 50.4467 7.2 7.4
    endloop
  endfacet
  facet normal 0 0 1
    outer loop
      vertex 47.7514 5.56026 7.4
      vertex 50.4467 7.2 7.4
      vertex 48.7533 7.2 7.4
    endloop
  endfacet
  facet normal 0 0 1
    outer loop
      vertex 46.8134 1.92945 7.4
      vertex 50.4467 7.2 7.4
      vertex 47.7514 5.56026 7.4
    endloop
  endfacet
  facet normal 0 0 1
    outer loop
      vertex 56.63 7.2 7.4
      vertex 46.8134 1.92945 7.4
      vertex 65.5 0 7.4
    endloop
  endfacet
  facet normal -0 0 1
    outer loop
      vertex 45.9116 1.92945 7.4
      vertex 65.5 0 7.4
      vertex 46.8134 1.92945 7.4
    endloop
  endfacet
  facet normal 0 0 1
    outer loop
      vertex 45.1408 4.1765 7.4
      vertex 45.4194 4.02957 7.4
      vertex 45.3901 4.15419 7.4
    endloop
  endfacet
  facet normal -0 0 1
    outer loop
      vertex 45.2474 4.69718 7.4
      vertex 45.2887 4.6713 7.4
      vertex 45.2673 4.80522 7.4
    endloop
  endfacet
  facet normal 0 0 1
    outer loop
      vertex 45.2287 4.59807 7.4
      vertex 45.2887 4.6713 7.4
      vertex 45.2474 4.69718 7.4
    endloop
  endfacet
  facet normal 0 0 1
    outer loop
      vertex 45.2887 4.6713 7.4
      vertex 45.2287 4.59807 7.4
      vertex 45.3117 4.53923 7.4
    endloop
  endfacet
  facet normal 0 0 1
    outer loop
      vertex 45.2113 4.50791 7.4
      vertex 45.3117 4.53923 7.4
      vertex 45.2287 4.59807 7.4
    endloop
  endfacet
  facet normal 0 0 1
    outer loop
      vertex 45.3117 4.53923 7.4
      vertex 45.2113 4.50791 7.4
      vertex 45.3363 4.40903 7.4
    endloop
  endfacet
  facet normal -0 0 1
    outer loop
      vertex 45.1952 4.4267 7.4
      vertex 45.3363 4.40903 7.4
      vertex 45.2113 4.50791 7.4
    endloop
  endfacet
  facet normal 0 0 1
    outer loop
      vertex 45.1804 4.35443 7.4
      vertex 45.3363 4.40903 7.4
      vertex 45.1952 4.4267 7.4
    endloop
  endfacet
  facet normal 0 0 1
    outer loop
      vertex 45.3363 4.40903 7.4
      vertex 45.1804 4.35443 7.4
      vertex 45.3624 4.28067 7.4
    endloop
  endfacet
  facet normal -0 0 1
    outer loop
      vertex 45.1668 4.29113 7.4
      vertex 45.3624 4.28067 7.4
      vertex 45.1804 4.35443 7.4
    endloop
  endfacet
  facet normal 0 0 1
    outer loop
      vertex 45.1408 4.1765 7.4
      vertex 45.3624 4.28067 7.4
      vertex 45.1668 4.29113 7.4
    endloop
  endfacet
  facet normal 0 0 1
    outer loop
      vertex 45.3624 4.28067 7.4
      vertex 45.1408 4.1765 7.4
      vertex 45.3901 4.15419 7.4
    endloop
  endfacet
  facet normal 0 0 1
    outer loop
      vertex 45.4194 4.02957 7.4
      vertex 45.1408 4.1765 7.4
      vertex 45.0887 3.95027 7.4
    endloop
  endfacet
  facet normal 0 0 1
    outer loop
      vertex 45.4194 4.02957 7.4
      vertex 45.0887 3.95027 7.4
      vertex 45.0103 3.61246 7.4
    endloop
  endfacet
  facet normal 0 0 1
    outer loop
      vertex 44.9057 3.16306 7.4
      vertex 45.4194 4.02957 7.4
      vertex 45.0103 3.61246 7.4
    endloop
  endfacet
  facet normal 0 0 1
    outer loop
      vertex 45.4194 4.02957 7.4
      vertex 44.9057 3.16306 7.4
      vertex 45.9116 1.92945 7.4
    endloop
  endfacet
  facet normal -0 0 1
    outer loop
      vertex 44.7749 2.60204 7.4
      vertex 45.9116 1.92945 7.4
      vertex 44.9057 3.16306 7.4
    endloop
  endfacet
  facet normal 0 0 1
    outer loop
      vertex 44.618 1.92945 7.4
      vertex 45.9116 1.92945 7.4
      vertex 44.7749 2.60204 7.4
    endloop
  endfacet
  facet normal -0 0 1
    outer loop
      vertex 44.618 1.92945 7.4
      vertex 65.5 0 7.4
      vertex 45.9116 1.92945 7.4
    endloop
  endfacet
  facet normal -0 0 1
    outer loop
      vertex 43.7161 1.92945 7.4
      vertex 65.5 0 7.4
      vertex 44.618 1.92945 7.4
    endloop
  endfacet
  facet normal 0 0 1
    outer loop
      vertex 42.4241 2.93701 7.4
      vertex 42.7806 5.56026 7.4
      vertex 42.57 7.2 7.4
    endloop
  endfacet
  facet normal -0 0 1
    outer loop
      vertex 42.4241 2.93701 7.4
      vertex 43.7161 1.92945 7.4
      vertex 42.7806 5.56026 7.4
    endloop
  endfacet
  facet normal -0 0 1
    outer loop
      vertex 42.4148 2.77338 7.4
      vertex 43.7161 1.92945 7.4
      vertex 42.4241 2.93701 7.4
    endloop
  endfacet
  facet normal -0 0 1
    outer loop
      vertex 42.3869 2.62264 7.4
      vertex 43.7161 1.92945 7.4
      vertex 42.4148 2.77338 7.4
    endloop
  endfacet
  facet normal -0 0 1
    outer loop
      vertex 42.3403 2.48477 7.4
      vertex 43.7161 1.92945 7.4
      vertex 42.3869 2.62264 7.4
    endloop
  endfacet
  facet normal -0 0 1
    outer loop
      vertex 42.2752 2.35979 7.4
      vertex 43.7161 1.92945 7.4
      vertex 42.3403 2.48477 7.4
    endloop
  endfacet
  facet normal -0 0 1
    outer loop
      vertex 42.1914 2.24768 7.4
      vertex 43.7161 1.92945 7.4
      vertex 42.2752 2.35979 7.4
    endloop
  endfacet
  facet normal -0 0 1
    outer loop
      vertex 42.0891 2.14847 7.4
      vertex 43.7161 1.92945 7.4
      vertex 42.1914 2.24768 7.4
    endloop
  endfacet
  facet normal -0 0 1
    outer loop
      vertex 41.9696 2.06343 7.4
      vertex 43.7161 1.92945 7.4
      vertex 42.0891 2.14847 7.4
    endloop
  endfacet
  facet normal -0 0 1
    outer loop
      vertex 41.8343 1.99385 7.4
      vertex 43.7161 1.92945 7.4
      vertex 41.9696 2.06343 7.4
    endloop
  endfacet
  facet normal -0 0 1
    outer loop
      vertex 41.6833 1.93975 7.4
      vertex 43.7161 1.92945 7.4
      vertex 41.8343 1.99385 7.4
    endloop
  endfacet
  facet normal 0 0 1
    outer loop
      vertex 41.5165 1.9011 7.4
      vertex 43.7161 1.92945 7.4
      vertex 41.6833 1.93975 7.4
    endloop
  endfacet
  facet normal 0 0 1
    outer loop
      vertex 41.3339 1.8779 7.4
      vertex 43.7161 1.92945 7.4
      vertex 41.5165 1.9011 7.4
    endloop
  endfacet
  facet normal 0 0 1
    outer loop
      vertex 43.7161 1.92945 7.4
      vertex 41.3339 1.8779 7.4
      vertex 65.5 0 7.4
    endloop
  endfacet
  facet normal -0 0 1
    outer loop
      vertex 41.1357 1.87017 7.4
      vertex 65.5 0 7.4
      vertex 41.3339 1.8779 7.4
    endloop
  endfacet
  facet normal 0 0 1
    outer loop
      vertex 35.8469 1.87792 7.4
      vertex 41.1357 1.87017 7.4
      vertex 40.9473 1.87764 7.4
    endloop
  endfacet
  facet normal 0 0 1
    outer loop
      vertex 37.6868 3.7616 7.4
      vertex 39.1533 7.2 7.4
      vertex 37.77 9.3689 7.4
    endloop
  endfacet
  facet normal 0 0 1
    outer loop
      vertex 39.8627 4.61455 7.4
      vertex 37.6868 3.7616 7.4
      vertex 39.8008 2.91638 7.4
    endloop
  endfacet
  facet normal -0 0 1
    outer loop
      vertex 37.6806 3.57643 7.4
      vertex 39.8008 2.91638 7.4
      vertex 37.6868 3.7616 7.4
    endloop
  endfacet
  facet normal -0 0 1
    outer loop
      vertex 37.6619 3.39884 7.4
      vertex 39.8008 2.91638 7.4
      vertex 37.6806 3.57643 7.4
    endloop
  endfacet
  facet normal -0 0 1
    outer loop
      vertex 37.6308 3.22884 7.4
      vertex 39.8008 2.91638 7.4
      vertex 37.6619 3.39884 7.4
    endloop
  endfacet
  facet normal -0 0 1
    outer loop
      vertex 37.5872 3.06642 7.4
      vertex 39.8008 2.91638 7.4
      vertex 37.6308 3.22884 7.4
    endloop
  endfacet
  facet normal 0 0 1
    outer loop
      vertex 39.8008 2.91638 7.4
      vertex 37.5872 3.06642 7.4
      vertex 39.8285 2.75379 7.4
    endloop
  endfacet
  facet normal -0 0 1
    outer loop
      vertex 37.5311 2.91159 7.4
      vertex 39.8285 2.75379 7.4
      vertex 37.5872 3.06642 7.4
    endloop
  endfacet
  facet normal 0 0 1
    outer loop
      vertex 39.8285 2.75379 7.4
      vertex 37.5311 2.91159 7.4
      vertex 39.8721 2.60443 7.4
    endloop
  endfacet
  facet normal -0 0 1
    outer loop
      vertex 37.4626 2.76435 7.4
      vertex 39.8721 2.60443 7.4
      vertex 37.5311 2.91159 7.4
    endloop
  endfacet
  facet normal -0 0 1
    outer loop
      vertex 37.3825 2.62653 7.4
      vertex 39.8721 2.60443 7.4
      vertex 37.4626 2.76435 7.4
    endloop
  endfacet
  facet normal 0 0 1
    outer loop
      vertex 39.8721 2.60443 7.4
      vertex 37.3825 2.62653 7.4
      vertex 39.9316 2.46833 7.4
    endloop
  endfacet
  facet normal -0 0 1
    outer loop
      vertex 37.2917 2.49994 7.4
      vertex 39.9316 2.46833 7.4
      vertex 37.3825 2.62653 7.4
    endloop
  endfacet
  facet normal 0 0 1
    outer loop
      vertex 39.9316 2.46833 7.4
      vertex 37.2917 2.49994 7.4
      vertex 40.007 2.34545 7.4
    endloop
  endfacet
  facet normal -0 0 1
    outer loop
      vertex 37.1901 2.38459 7.4
      vertex 40.007 2.34545 7.4
      vertex 37.2917 2.49994 7.4
    endloop
  endfacet
  facet normal 0 0 1
    outer loop
      vertex 40.007 2.34545 7.4
      vertex 37.1901 2.38459 7.4
      vertex 40.0983 2.23583 7.4
    endloop
  endfacet
  facet normal -0 0 1
    outer loop
      vertex 37.0778 2.28047 7.4
      vertex 40.0983 2.23583 7.4
      vertex 37.1901 2.38459 7.4
    endloop
  endfacet
  facet normal 0 0 1
    outer loop
      vertex 40.0983 2.23583 7.4
      vertex 37.0778 2.28047 7.4
      vertex 40.2054 2.13944 7.4
    endloop
  endfacet
  facet normal -0 0 1
    outer loop
      vertex 36.9548 2.18759 7.4
      vertex 40.2054 2.13944 7.4
      vertex 37.0778 2.28047 7.4
    endloop
  endfacet
  facet normal 0 0 1
    outer loop
      vertex 40.2054 2.13944 7.4
      vertex 36.9548 2.18759 7.4
      vertex 40.3272 2.05716 7.4
    endloop
  endfacet
  facet normal -0 0 1
    outer loop
      vertex 36.821 2.10596 7.4
      vertex 40.3272 2.05716 7.4
      vertex 36.9548 2.18759 7.4
    endloop
  endfacet
  facet normal 0 0 1
    outer loop
      vertex 36.678 2.03627 7.4
      vertex 40.3272 2.05716 7.4
      vertex 36.821 2.10596 7.4
    endloop
  endfacet
  facet normal 0 0 1
    outer loop
      vertex 40.3272 2.05716 7.4
      vertex 36.678 2.03627 7.4
      vertex 40.4623 1.98984 7.4
    endloop
  endfacet
  facet normal 0 0 1
    outer loop
      vertex 36.5272 1.97927 7.4
      vertex 40.4623 1.98984 7.4
      vertex 36.678 2.03627 7.4
    endloop
  endfacet
  facet normal 0 0 1
    outer loop
      vertex 40.4623 1.98984 7.4
      vertex 36.5272 1.97927 7.4
      vertex 40.6106 1.93749 7.4
    endloop
  endfacet
  facet normal 0 0 1
    outer loop
      vertex 36.3688 1.93492 7.4
      vertex 40.6106 1.93749 7.4
      vertex 36.5272 1.97927 7.4
    endloop
  endfacet
  facet normal 0 0 1
    outer loop
      vertex 40.6106 1.93749 7.4
      vertex 36.3688 1.93492 7.4
      vertex 40.7723 1.90009 7.4
    endloop
  endfacet
  facet normal -0 0 1
    outer loop
      vertex 36.2025 1.90325 7.4
      vertex 40.7723 1.90009 7.4
      vertex 36.3688 1.93492 7.4
    endloop
  endfacet
  facet normal 0 0 1
    outer loop
      vertex 40.7723 1.90009 7.4
      vertex 36.2025 1.90325 7.4
      vertex 40.9473 1.87764 7.4
    endloop
  endfacet
  facet normal -0 0 1
    outer loop
      vertex 36.0286 1.88425 7.4
      vertex 40.9473 1.87764 7.4
      vertex 36.2025 1.90325 7.4
    endloop
  endfacet
  facet normal -0 0 1
    outer loop
      vertex 35.8469 1.87792 7.4
      vertex 40.9473 1.87764 7.4
      vertex 36.0286 1.88425 7.4
    endloop
  endfacet
  facet normal 0 0 1
    outer loop
      vertex 41.1357 1.87017 7.4
      vertex 35.8469 1.87792 7.4
      vertex 65.5 0 7.4
    endloop
  endfacet
  facet normal 0 0 1
    outer loop
      vertex 33.4866 1.92945 7.4
      vertex 35.8469 1.87792 7.4
      vertex 35.572 1.89191 7.4
    endloop
  endfacet
  facet normal 0 0 1
    outer loop
      vertex 33.4866 1.92945 7.4
      vertex 34.0334 3.47991 7.4
      vertex 34.0199 3.7616 7.4
    endloop
  endfacet
  facet normal 0 0 1
    outer loop
      vertex 33.4866 1.92945 7.4
      vertex 34.0739 3.21887 7.4
      vertex 34.0334 3.47991 7.4
    endloop
  endfacet
  facet normal 0 0 1
    outer loop
      vertex 33.4866 1.92945 7.4
      vertex 34.1414 2.97855 7.4
      vertex 34.0739 3.21887 7.4
    endloop
  endfacet
  facet normal 0 0 1
    outer loop
      vertex 33.4866 1.92945 7.4
      vertex 34.2358 2.7589 7.4
      vertex 34.1414 2.97855 7.4
    endloop
  endfacet
  facet normal 0 0 1
    outer loop
      vertex 33.4866 1.92945 7.4
      vertex 34.3573 2.55995 7.4
      vertex 34.2358 2.7589 7.4
    endloop
  endfacet
  facet normal 0 0 1
    outer loop
      vertex 33.4866 1.92945 7.4
      vertex 34.5057 2.38169 7.4
      vertex 34.3573 2.55995 7.4
    endloop
  endfacet
  facet normal 0 0 1
    outer loop
      vertex 33.4866 1.92945 7.4
      vertex 34.6779 2.22776 7.4
      vertex 34.5057 2.38169 7.4
    endloop
  endfacet
  facet normal 0 0 1
    outer loop
      vertex 33.4866 1.92945 7.4
      vertex 34.8706 2.10181 7.4
      vertex 34.6779 2.22776 7.4
    endloop
  endfacet
  facet normal 0 0 1
    outer loop
      vertex 33.4866 1.92945 7.4
      vertex 35.0839 2.00386 7.4
      vertex 34.8706 2.10181 7.4
    endloop
  endfacet
  facet normal 0 0 1
    outer loop
      vertex 33.4866 1.92945 7.4
      vertex 35.3177 1.93389 7.4
      vertex 35.0839 2.00386 7.4
    endloop
  endfacet
  facet normal -0 0 1
    outer loop
      vertex 33.4866 1.92945 7.4
      vertex 35.572 1.89191 7.4
      vertex 35.3177 1.93389 7.4
    endloop
  endfacet
  facet normal -0 0 1
    outer loop
      vertex 32.6311 1.92945 7.4
      vertex 35.8469 1.87792 7.4
      vertex 33.4866 1.92945 7.4
    endloop
  endfacet
  facet normal 0 0 1
    outer loop
      vertex 35.8469 1.87792 7.4
      vertex 32.6311 1.92945 7.4
      vertex 5.2 0 7.4
    endloop
  endfacet
  facet normal 0 0 1
    outer loop
      vertex 30.8968 1.92945 7.4
      vertex 31.7884 3.30808 7.4
      vertex 30.8968 3.30808 7.4
    endloop
  endfacet
  facet normal 0 0 1
    outer loop
      vertex 31.7884 3.30808 7.4
      vertex 30.8968 1.92945 7.4
      vertex 32.6311 1.92945 7.4
    endloop
  endfacet
  facet normal 0 0 1
    outer loop
      vertex 5.2 0 7.4
      vertex 32.6311 1.92945 7.4
      vertex 30.8968 1.92945 7.4
    endloop
  endfacet
  facet normal 0 0 1
    outer loop
      vertex 5.2 0 7.4
      vertex 30.8968 1.92945 7.4
      vertex 30.1366 1.92945 7.4
    endloop
  endfacet
  facet normal 0 0 1
    outer loop
      vertex 30.1366 5.56026 7.4
      vertex 29.3847 2.51696 7.4
      vertex 30.1366 1.92945 7.4
    endloop
  endfacet
  facet normal 0 0 1
    outer loop
      vertex 29.3847 1.92945 7.4
      vertex 30.1366 1.92945 7.4
      vertex 29.3847 2.51696 7.4
    endloop
  endfacet
  facet normal 0 0 1
    outer loop
      vertex 5.2 0 7.4
      vertex 30.1366 1.92945 7.4
      vertex 29.3847 1.92945 7.4
    endloop
  endfacet
  facet normal 0 0 1
    outer loop
      vertex 5.2 0 7.4
      vertex 29.3847 1.92945 7.4
      vertex 26.4239 1.92945 7.4
    endloop
  endfacet
  facet normal 0 0 1
    outer loop
      vertex 25.7423 1.92945 7.4
      vertex 26.4239 1.92945 7.4
      vertex 25.7423 2.52472 7.4
    endloop
  endfacet
  facet normal 0 0 1
    outer loop
      vertex 5.2 0 7.4
      vertex 26.4239 1.92945 7.4
      vertex 25.7423 1.92945 7.4
    endloop
  endfacet
  facet normal 0 0 1
    outer loop
      vertex 5.2 0 7.4
      vertex 25.7423 1.92945 7.4
      vertex 22.8279 1.92945 7.4
    endloop
  endfacet
  facet normal -0 0 1
    outer loop
      vertex 18.23 7.2 7.4
      vertex 22.8279 2.46802 7.4
      vertex 19.9533 7.2 7.4
    endloop
  endfacet
  facet normal 0 0 1
    outer loop
      vertex 18.23 7.2 7.4
      vertex 19.9533 7.2 7.4
      vertex 18.57 9.3689 7.4
    endloop
  endfacet
  facet normal 0 0 1
    outer loop
      vertex 18.23 20.2577 7.4
      vertex 18.57 23.029 7.4
      vertex 18.23 23.2253 7.4
    endloop
  endfacet
  facet normal 0 0 1
    outer loop
      vertex 18.57 17.4865 7.4
      vertex 18.23 20.2577 7.4
      vertex 18.23 17.6827 7.4
    endloop
  endfacet
  facet normal 0 0 1
    outer loop
      vertex 18.57 14.9115 7.4
      vertex 18.23 14.7152 7.4
      vertex 18.57 11.9439 7.4
    endloop
  endfacet
  facet normal -0 0 1
    outer loop
      vertex 18.23 12.1402 7.4
      vertex 18.57 11.9439 7.4
      vertex 18.23 14.7152 7.4
    endloop
  endfacet
  facet normal 0 0 1
    outer loop
      vertex 18.57 11.9439 7.4
      vertex 18.23 12.1402 7.4
      vertex 18.57 9.3689 7.4
    endloop
  endfacet
  facet normal 0 0 1
    outer loop
      vertex 18.23 9.17262 7.4
      vertex 18.57 9.3689 7.4
      vertex 18.23 12.1402 7.4
    endloop
  endfacet
  facet normal 0 0 1
    outer loop
      vertex 18.23 7.2 7.4
      vertex 18.57 9.3689 7.4
      vertex 18.23 9.17262 7.4
    endloop
  endfacet
  facet normal 0 0 1
    outer loop
      vertex 22.8279 2.46802 7.4
      vertex 18.23 7.2 7.4
      vertex 22.8279 1.92945 7.4
    endloop
  endfacet
  facet normal -0 0 1
    outer loop
      vertex 13.77 7.2 7.4
      vertex 22.8279 1.92945 7.4
      vertex 18.23 7.2 7.4
    endloop
  endfacet
  facet normal 0 0 1
    outer loop
      vertex 13.77 17.6827 7.4
      vertex 13.43 17.4865 7.4
      vertex 13.77 14.7152 7.4
    endloop
  endfacet
  facet normal 0 0 1
    outer loop
      vertex 13.43 11.9439 7.4
      vertex 13.77 12.1402 7.4
      vertex 13.43 14.9115 7.4
    endloop
  endfacet
  facet normal 0 0 1
    outer loop
      vertex 13.77 12.1402 7.4
      vertex 13.43 11.9439 7.4
      vertex 13.77 9.17262 7.4
    endloop
  endfacet
  facet normal -0 0 1
    outer loop
      vertex 13.43 9.3689 7.4
      vertex 13.77 9.17262 7.4
      vertex 13.43 11.9439 7.4
    endloop
  endfacet
  facet normal 0 0 1
    outer loop
      vertex 13.77 9.17262 7.4
      vertex 13.43 9.3689 7.4
      vertex 13.77 7.2 7.4
    endloop
  endfacet
  facet normal 0 0 1
    outer loop
      vertex 12.0467 7.2 7.4
      vertex 13.77 7.2 7.4
      vertex 13.43 9.3689 7.4
    endloop
  endfacet
  facet normal 0 0 1
    outer loop
      vertex 5.2 0 7.4
      vertex 13.77 7.2 7.4
      vertex 12.0467 7.2 7.4
    endloop
  endfacet
  facet normal 0 0 1
    outer loop
      vertex 7.57307 5.59771 7.4
      vertex 12.0467 7.2 7.4
      vertex 10.3533 7.2 7.4
    endloop
  endfacet
  facet normal 0 0 1
    outer loop
      vertex 7.2 22.3997 7.4
      vertex 8.96997 23.029 7.4
      vertex 8.63 23.2253 7.4
    endloop
  endfacet
  facet normal 0 0 1
    outer loop
      vertex 8.96997 17.4865 7.4
      vertex 8.63 20.2577 7.4
      vertex 8.63 17.6827 7.4
    endloop
  endfacet
  facet normal 0 0 1
    outer loop
      vertex 8.96997 14.9115 7.4
      vertex 8.63 14.7152 7.4
      vertex 8.96997 11.9439 7.4
    endloop
  endfacet
  facet normal -0 0 1
    outer loop
      vertex 8.63 12.1402 7.4
      vertex 8.96997 11.9439 7.4
      vertex 8.63 14.7152 7.4
    endloop
  endfacet
  facet normal 0 0 1
    outer loop
      vertex 7.2 11.3146 7.4
      vertex 8.96997 11.9439 7.4
      vertex 8.63 12.1402 7.4
    endloop
  endfacet
  facet normal 0 0 1
    outer loop
      vertex 8.96997 11.9439 7.4
      vertex 7.2 11.3146 7.4
      vertex 8.96997 9.3689 7.4
    endloop
  endfacet
  facet normal 0 0 1
    outer loop
      vertex 8.63 7.345 7.4
      vertex 8.96997 9.3689 7.4
      vertex 8.63 9.17262 7.4
    endloop
  endfacet
  facet normal 0 0 1
    outer loop
      vertex 8.96997 9.3689 7.4
      vertex 8.63 7.345 7.4
      vertex 10.3533 7.2 7.4
    endloop
  endfacet
  facet normal 0 0 1
    outer loop
      vertex 7.83215 6.22317 7.4
      vertex 10.3533 7.2 7.4
      vertex 8.63 7.345 7.4
    endloop
  endfacet
  facet normal 0 0 1
    outer loop
      vertex 7.85 6.45 7.4
      vertex 8.40121 7.43977 7.4
      vertex 8.10686 7.62015 7.4
    endloop
  endfacet
  facet normal 0 0 1
    outer loop
      vertex 7.85 6.45 7.4
      vertex 8.63 7.345 7.4
      vertex 8.40121 7.43977 7.4
    endloop
  endfacet
  facet normal 0 0 1
    outer loop
      vertex 7.83215 6.22317 7.4
      vertex 8.63 7.345 7.4
      vertex 7.85 6.45 7.4
    endloop
  endfacet
  facet normal 0 0 1
    outer loop
      vertex 10.3533 7.2 7.4
      vertex 7.83215 6.22317 7.4
      vertex 7.77903 6.00192 7.4
    endloop
  endfacet
  facet normal 0 0 1
    outer loop
      vertex 10.3533 7.2 7.4
      vertex 7.77903 6.00192 7.4
      vertex 7.69196 5.79171 7.4
    endloop
  endfacet
  facet normal 0 0 1
    outer loop
      vertex 7.57307 5.59771 7.4
      vertex 10.3533 7.2 7.4
      vertex 7.69196 5.79171 7.4
    endloop
  endfacet
  facet normal 0 0 1
    outer loop
      vertex 12.0467 7.2 7.4
      vertex 7.57307 5.59771 7.4
      vertex 7.4253 5.4247 7.4
    endloop
  endfacet
  facet normal 0 0 1
    outer loop
      vertex 12.0467 7.2 7.4
      vertex 7.4253 5.4247 7.4
      vertex 5.2 0 7.4
    endloop
  endfacet
  facet normal 0 0 1
    outer loop
      vertex 5.2 0 7.4
      vertex 7.4253 5.4247 7.4
      vertex 7.25229 5.27693 7.4
    endloop
  endfacet
  facet normal 0 0 1
    outer loop
      vertex 5.2 0 7.4
      vertex 7.25229 5.27693 7.4
      vertex 7.05829 5.15804 7.4
    endloop
  endfacet
  facet normal 0 0 1
    outer loop
      vertex 5.2 0 7.4
      vertex 7.05829 5.15804 7.4
      vertex 6.84807 5.07097 7.4
    endloop
  endfacet
  facet normal 0 0 1
    outer loop
      vertex 5.2 0 7.4
      vertex 6.84807 5.07097 7.4
      vertex 6.62683 5.01785 7.4
    endloop
  endfacet
  facet normal 0 0 1
    outer loop
      vertex 5.2 0 7.4
      vertex 6.62683 5.01785 7.4
      vertex 6.4 5 7.4
    endloop
  endfacet
  facet normal 0 0 1
    outer loop
      vertex 5.2 0 7.4
      vertex 6.4 5 7.4
      vertex 6.17317 5.01785 7.4
    endloop
  endfacet
  facet normal 0 0 1
    outer loop
      vertex 35.8469 1.87792 7.4
      vertex 5.2 0 7.4
      vertex 65.5 0 7.4
    endloop
  endfacet
  facet normal 0 0 1
    outer loop
      vertex 13.77 7.2 7.4
      vertex 5.2 0 7.4
      vertex 22.8279 1.92945 7.4
    endloop
  endfacet
  facet normal 0 0 1
    outer loop
      vertex 5.95193 5.07097 7.4
      vertex 5.2 0 7.4
      vertex 6.17317 5.01785 7.4
    endloop
  endfacet
  facet normal 0 0 1
    outer loop
      vertex 4.38654 0.0640202 7.4
      vertex 5.95193 5.07097 7.4
      vertex 5.74171 5.15804 7.4
    endloop
  endfacet
  facet normal 0 0 1
    outer loop
      vertex 3.59311 0.254506 7.4
      vertex 5.74171 5.15804 7.4
      vertex 5.54771 5.27693 7.4
    endloop
  endfacet
  facet normal 0 0 1
    outer loop
      vertex 2.14352 0.993112 7.4
      vertex 5.54771 5.27693 7.4
      vertex 5.37469 5.4247 7.4
    endloop
  endfacet
  facet normal 0 0 1
    outer loop
      vertex 0.993112 2.14352 7.4
      vertex 5.37469 5.4247 7.4
      vertex 5.22692 5.59771 7.4
    endloop
  endfacet
  facet normal 0 0 1
    outer loop
      vertex 0.254506 3.59311 7.4
      vertex 5.22692 5.59771 7.4
      vertex 5.10804 5.79171 7.4
    endloop
  endfacet
  facet normal 0 0 1
    outer loop
      vertex 0.0640202 4.38654 7.4
      vertex 5.10804 5.79171 7.4
      vertex 5.02097 6.00192 7.4
    endloop
  endfacet
  facet normal 0 0 1
    outer loop
      vertex 0 5.2 7.4
      vertex 5.02097 6.00192 7.4
      vertex 4.96785 6.22317 7.4
    endloop
  endfacet
  facet normal 0 0 1
    outer loop
      vertex 0 5.2 7.4
      vertex 4.96785 6.22317 7.4
      vertex 4.95 6.45 7.4
    endloop
  endfacet
  facet normal 0 0 1
    outer loop
      vertex 5.95193 5.07097 7.4
      vertex 4.38654 0.0640202 7.4
      vertex 5.2 0 7.4
    endloop
  endfacet
  facet normal 0 0 1
    outer loop
      vertex 5.02097 6.89807 7.4
      vertex 0 5.2 7.4
      vertex 4.96785 6.67683 7.4
    endloop
  endfacet
  facet normal -0 0 1
    outer loop
      vertex 0.566766 32.8607 7.4
      vertex 5.27693 30.1523 7.4
      vertex 0.993112 33.5565 7.4
    endloop
  endfacet
  facet normal 0 0 1
    outer loop
      vertex 4.96785 6.67683 7.4
      vertex 0 5.2 7.4
      vertex 4.95 6.45 7.4
    endloop
  endfacet
  facet normal 0 0 1
    outer loop
      vertex 5.27693 30.1523 7.4
      vertex 0.566766 32.8607 7.4
      vertex 5.15804 29.9583 7.4
    endloop
  endfacet
  facet normal 0 0 1
    outer loop
      vertex 5.02097 6.00192 7.4
      vertex 0 5.2 7.4
      vertex 0.0640202 4.38654 7.4
    endloop
  endfacet
  facet normal -0 0 1
    outer loop
      vertex 0.254506 32.1069 7.4
      vertex 5.15804 29.9583 7.4
      vertex 0.566766 32.8607 7.4
    endloop
  endfacet
  facet normal 0 0 1
    outer loop
      vertex 5.74171 5.15804 7.4
      vertex 3.59311 0.254506 7.4
      vertex 4.38654 0.0640202 7.4
    endloop
  endfacet
  facet normal -0 0 1
    outer loop
      vertex 0.0640202 31.3135 7.4
      vertex 5.15804 29.9583 7.4
      vertex 0.254506 32.1069 7.4
    endloop
  endfacet
  facet normal 0 0 1
    outer loop
      vertex 5.54771 5.27693 7.4
      vertex 2.83925 0.566766 7.4
      vertex 3.59311 0.254506 7.4
    endloop
  endfacet
  facet normal 0 0 1
    outer loop
      vertex 5.15804 29.9583 7.4
      vertex 0.0640202 31.3135 7.4
      vertex 5.07097 29.7481 7.4
    endloop
  endfacet
  facet normal 0 0 1
    outer loop
      vertex 5.54771 5.27693 7.4
      vertex 2.14352 0.993112 7.4
      vertex 2.83925 0.566766 7.4
    endloop
  endfacet
  facet normal -0 0 1
    outer loop
      vertex 0 30.5 7.4
      vertex 5.07097 29.7481 7.4
      vertex 0.0640202 31.3135 7.4
    endloop
  endfacet
  facet normal 0 0 1
    outer loop
      vertex 5.37469 5.4247 7.4
      vertex 1.52304 1.52304 7.4
      vertex 2.14352 0.993112 7.4
    endloop
  endfacet
  facet normal 0 0 1
    outer loop
      vertex 5.07097 29.7481 7.4
      vertex 0 30.5 7.4
      vertex 5.01785 29.5268 7.4
    endloop
  endfacet
  facet normal 0 0 1
    outer loop
      vertex 5.37469 5.4247 7.4
      vertex 0.993112 2.14352 7.4
      vertex 1.52304 1.52304 7.4
    endloop
  endfacet
  facet normal 0 0 1
    outer loop
      vertex 5.01785 29.5268 7.4
      vertex 0 30.5 7.4
      vertex 5 29.3 7.4
    endloop
  endfacet
  facet normal 0 0 1
    outer loop
      vertex 5.22692 5.59771 7.4
      vertex 0.566766 2.83925 7.4
      vertex 0.993112 2.14352 7.4
    endloop
  endfacet
  facet normal 0 0 1
    outer loop
      vertex 5.22692 5.59771 7.4
      vertex 0.254506 3.59311 7.4
      vertex 0.566766 2.83925 7.4
    endloop
  endfacet
  facet normal 0 0 1
    outer loop
      vertex 5.10804 5.79171 7.4
      vertex 0.0640202 4.38654 7.4
      vertex 0.254506 3.59311 7.4
    endloop
  endfacet
  facet normal 0 0 1
    outer loop
      vertex 70.7 30.5 7.4
      vertex 63.5 16.6839 7.4
      vertex 70.7 5.2 7.4
    endloop
  endfacet
  facet normal -0 0 1
    outer loop
      vertex 63.5 9.39999 7.4
      vertex 64.6981 7.82903 7.4
      vertex 63.5 10.1714 7.4
    endloop
  endfacet
  facet normal 0 0 1
    outer loop
      vertex 64.6981 7.82903 7.4
      vertex 63.5 9.39999 7.4
      vertex 64.4768 7.88215 7.4
    endloop
  endfacet
  facet normal -0 0 1
    outer loop
      vertex 63.4729 9.05583 7.4
      vertex 64.4768 7.88215 7.4
      vertex 63.5 9.39999 7.4
    endloop
  endfacet
  facet normal 0 0 1
    outer loop
      vertex 64.4768 7.88215 7.4
      vertex 63.4729 9.05583 7.4
      vertex 64.25 7.9 7.4
    endloop
  endfacet
  facet normal -0 0 1
    outer loop
      vertex 63.3923 8.72015 7.4
      vertex 64.25 7.9 7.4
      vertex 63.4729 9.05583 7.4
    endloop
  endfacet
  facet normal 0 0 1
    outer loop
      vertex 64.25 7.9 7.4
      vertex 63.3923 8.72015 7.4
      vertex 64.0232 7.88215 7.4
    endloop
  endfacet
  facet normal -0 0 1
    outer loop
      vertex 63.2602 8.40121 7.4
      vertex 64.0232 7.88215 7.4
      vertex 63.3923 8.72015 7.4
    endloop
  endfacet
  facet normal 0 0 1
    outer loop
      vertex 64.0232 7.88215 7.4
      vertex 63.2602 8.40121 7.4
      vertex 63.8019 7.82903 7.4
    endloop
  endfacet
  facet normal 0 0 1
    outer loop
      vertex 63.8019 7.82903 7.4
      vertex 63.2602 8.40121 7.4
      vertex 63.5917 7.74196 7.4
    endloop
  endfacet
  facet normal -0 0 1
    outer loop
      vertex 63.0798 8.10686 7.4
      vertex 63.5917 7.74196 7.4
      vertex 63.2602 8.40121 7.4
    endloop
  endfacet
  facet normal 0 0 1
    outer loop
      vertex 63.5917 7.74196 7.4
      vertex 63.0798 8.10686 7.4
      vertex 63.3977 7.62307 7.4
    endloop
  endfacet
  facet normal -0 0 1
    outer loop
      vertex 62.8556 7.84436 7.4
      vertex 63.3977 7.62307 7.4
      vertex 63.0798 8.10686 7.4
    endloop
  endfacet
  facet normal 0 0 1
    outer loop
      vertex 63.3977 7.62307 7.4
      vertex 62.8556 7.84436 7.4
      vertex 63.2247 7.4753 7.4
    endloop
  endfacet
  facet normal 0 0 1
    outer loop
      vertex 63.2247 7.4753 7.4
      vertex 62.8556 7.84436 7.4
      vertex 63.0769 7.30229 7.4
    endloop
  endfacet
  facet normal -0 0 1
    outer loop
      vertex 62.5931 7.62015 7.4
      vertex 63.0769 7.30229 7.4
      vertex 62.8556 7.84436 7.4
    endloop
  endfacet
  facet normal 0 0 1
    outer loop
      vertex 63.0769 7.30229 7.4
      vertex 62.5931 7.62015 7.4
      vertex 62.958 7.10829 7.4
    endloop
  endfacet
  facet normal -0 0 1
    outer loop
      vertex 62.2988 7.43977 7.4
      vertex 62.958 7.10829 7.4
      vertex 62.5931 7.62015 7.4
    endloop
  endfacet
  facet normal 0 0 1
    outer loop
      vertex 62.958 7.10829 7.4
      vertex 62.2988 7.43977 7.4
      vertex 62.871 6.89807 7.4
    endloop
  endfacet
  facet normal 0 0 1
    outer loop
      vertex 62.871 6.89807 7.4
      vertex 62.2988 7.43977 7.4
      vertex 62.8179 6.67683 7.4
    endloop
  endfacet
  facet normal 0 0 1
    outer loop
      vertex 32.1724 3.93424 7.4
      vertex 32.5363 4.36351 7.4
      vertex 32.5409 4.44704 7.4
    endloop
  endfacet
  facet normal 0 0 1
    outer loop
      vertex 32.2431 4.91204 7.4
      vertex 32.5409 4.44704 7.4
      vertex 32.5222 4.60688 7.4
    endloop
  endfacet
  facet normal 0 0 1
    outer loop
      vertex 32.0756 4.95562 7.4
      vertex 32.5409 4.44704 7.4
      vertex 32.2431 4.91204 7.4
    endloop
  endfacet
  facet normal 0 -0 1
    outer loop
      vertex 32.1724 3.93424 7.4
      vertex 32.5409 4.44704 7.4
      vertex 32.0756 4.95562 7.4
    endloop
  endfacet
  facet normal 0 0 1
    outer loop
      vertex 32.3734 4.83937 7.4
      vertex 32.5222 4.60688 7.4
      vertex 32.4664 4.73766 7.4
    endloop
  endfacet
  facet normal 0 -0 1
    outer loop
      vertex 32.2488 3.9623 7.4
      vertex 32.5225 4.28641 7.4
      vertex 32.1724 3.93424 7.4
    endloop
  endfacet
  facet normal 0 -0 1
    outer loop
      vertex 32.3167 3.99837 7.4
      vertex 32.4996 4.21576 7.4
      vertex 32.2488 3.9623 7.4
    endloop
  endfacet
  facet normal 0 0 1
    outer loop
      vertex 32.5222 4.60688 7.4
      vertex 32.3734 4.83937 7.4
      vertex 32.2431 4.91204 7.4
    endloop
  endfacet
  facet normal 0 0 1
    outer loop
      vertex 32.4996 4.21576 7.4
      vertex 32.3167 3.99837 7.4
      vertex 32.4676 4.15155 7.4
    endloop
  endfacet
  facet normal 0 0 1
    outer loop
      vertex 32.4263 4.09378 7.4
      vertex 32.3167 3.99837 7.4
      vertex 32.3759 4.04245 7.4
    endloop
  endfacet
  facet normal 0 0 1
    outer loop
      vertex 32.4676 4.15155 7.4
      vertex 32.3167 3.99837 7.4
      vertex 32.4263 4.09378 7.4
    endloop
  endfacet
  facet normal 0 0 1
    outer loop
      vertex 32.5225 4.28641 7.4
      vertex 32.2488 3.9623 7.4
      vertex 32.4996 4.21576 7.4
    endloop
  endfacet
  facet normal 0 0 1
    outer loop
      vertex 32.5363 4.36351 7.4
      vertex 32.1724 3.93424 7.4
      vertex 32.5225 4.28641 7.4
    endloop
  endfacet
  facet normal 0 0 1
    outer loop
      vertex 32.1724 3.93424 7.4
      vertex 32.0756 4.95562 7.4
      vertex 32.0873 3.9142 7.4
    endloop
  endfacet
  facet normal 0 0 1
    outer loop
      vertex 32.0756 4.95562 7.4
      vertex 31.9937 3.90218 7.4
      vertex 32.0873 3.9142 7.4
    endloop
  endfacet
  facet normal 0 0 1
    outer loop
      vertex 31.8709 4.97016 7.4
      vertex 31.9937 3.90218 7.4
      vertex 32.0756 4.95562 7.4
    endloop
  endfacet
  facet normal 0 0 1
    outer loop
      vertex 31.9937 3.90218 7.4
      vertex 31.8709 4.97016 7.4
      vertex 31.8915 3.89817 7.4
    endloop
  endfacet
  facet normal 0 0 1
    outer loop
      vertex 30.8968 3.89817 7.4
      vertex 31.8709 4.97016 7.4
      vertex 30.8968 4.97016 7.4
    endloop
  endfacet
  facet normal 0 0 1
    outer loop
      vertex 31.8709 4.97016 7.4
      vertex 30.8968 3.89817 7.4
      vertex 31.8915 3.89817 7.4
    endloop
  endfacet
  facet normal 0 0 1
    outer loop
      vertex 34.7853 3.7616 7.4
      vertex 36.9112 3.7616 7.4
      vertex 36.9035 3.95038 7.4
    endloop
  endfacet
  facet normal 0 0 1
    outer loop
      vertex 36.9112 3.7616 7.4
      vertex 34.7853 3.7616 7.4
      vertex 36.9035 3.56412 7.4
    endloop
  endfacet
  facet normal -0 0 1
    outer loop
      vertex 34.793 3.95189 7.4
      vertex 36.9035 3.95038 7.4
      vertex 36.8803 4.12508 7.4
    endloop
  endfacet
  facet normal -0 -0 1
    outer loop
      vertex 34.7932 3.56938 7.4
      vertex 36.9035 3.56412 7.4
      vertex 34.7853 3.7616 7.4
    endloop
  endfacet
  facet normal -0 0 1
    outer loop
      vertex 34.8162 4.12766 7.4
      vertex 36.8803 4.12508 7.4
      vertex 36.8416 4.28566 7.4
    endloop
  endfacet
  facet normal 0 -0 1
    outer loop
      vertex 34.8169 3.39125 7.4
      vertex 36.9035 3.56412 7.4
      vertex 34.7932 3.56938 7.4
    endloop
  endfacet
  facet normal 0 0 1
    outer loop
      vertex 35.8521 5.01651 7.4
      vertex 36.8416 4.28566 7.4
      vertex 36.7875 4.43213 7.4
    endloop
  endfacet
  facet normal 0 0 1
    outer loop
      vertex 36.9035 3.56412 7.4
      vertex 34.8169 3.39125 7.4
      vertex 36.8804 3.38225 7.4
    endloop
  endfacet
  facet normal 0 0 1
    outer loop
      vertex 36.0134 5.00724 7.4
      vertex 36.7875 4.43213 7.4
      vertex 36.7179 4.56452 7.4
    endloop
  endfacet
  facet normal 0 -0 1
    outer loop
      vertex 34.8565 3.22722 7.4
      vertex 36.8804 3.38225 7.4
      vertex 34.8169 3.39125 7.4
    endloop
  endfacet
  facet normal 0 0 1
    outer loop
      vertex 36.0134 5.00724 7.4
      vertex 36.7179 4.56452 7.4
      vertex 36.6329 4.6828 7.4
    endloop
  endfacet
  facet normal 0 0 1
    outer loop
      vertex 36.8804 3.38225 7.4
      vertex 34.8565 3.22722 7.4
      vertex 36.8419 3.21596 7.4
    endloop
  endfacet
  facet normal 0 0 1
    outer loop
      vertex 36.1622 4.97943 7.4
      vertex 36.6329 4.6828 7.4
      vertex 36.5339 4.78476 7.4
    endloop
  endfacet
  facet normal 0 -0 1
    outer loop
      vertex 35.8469 2.47573 7.4
      vertex 36.8419 3.21596 7.4
      vertex 34.8565 3.22722 7.4
    endloop
  endfacet
  facet normal 0 0 1
    outer loop
      vertex 36.1622 4.97943 7.4
      vertex 36.5339 4.78476 7.4
      vertex 36.4224 4.8682 7.4
    endloop
  endfacet
  facet normal 0 0 1
    outer loop
      vertex 36.8419 3.21596 7.4
      vertex 35.8469 2.47573 7.4
      vertex 36.7881 3.06528 7.4
    endloop
  endfacet
  facet normal 0 0 1
    outer loop
      vertex 36.1622 4.97943 7.4
      vertex 36.4224 4.8682 7.4
      vertex 36.2985 4.93308 7.4
    endloop
  endfacet
  facet normal 0 0 1
    outer loop
      vertex 36.6329 4.6828 7.4
      vertex 36.1622 4.97943 7.4
      vertex 36.0134 5.00724 7.4
    endloop
  endfacet
  facet normal 0 -0 1
    outer loop
      vertex 36.0105 2.48503 7.4
      vertex 36.7881 3.06528 7.4
      vertex 35.8469 2.47573 7.4
    endloop
  endfacet
  facet normal 0 0 1
    outer loop
      vertex 36.7875 4.43213 7.4
      vertex 36.0134 5.00724 7.4
      vertex 35.8521 5.01651 7.4
    endloop
  endfacet
  facet normal 0 -0 1
    outer loop
      vertex 36.1612 2.51296 7.4
      vertex 36.7188 2.93021 7.4
      vertex 36.0105 2.48503 7.4
    endloop
  endfacet
  facet normal 0 0 1
    outer loop
      vertex 36.8416 4.28566 7.4
      vertex 35.8521 5.01651 7.4
      vertex 34.8162 4.12766 7.4
    endloop
  endfacet
  facet normal 0 0 1
    outer loop
      vertex 36.6342 2.81075 7.4
      vertex 36.1612 2.51296 7.4
      vertex 36.5353 2.70838 7.4
    endloop
  endfacet
  facet normal 0 0 1
    outer loop
      vertex 36.4236 2.62462 7.4
      vertex 36.1612 2.51296 7.4
      vertex 36.2989 2.55948 7.4
    endloop
  endfacet
  facet normal 0 0 1
    outer loop
      vertex 34.8549 4.28888 7.4
      vertex 35.8521 5.01651 7.4
      vertex 35.6885 5.00731 7.4
    endloop
  endfacet
  facet normal 0 0 1
    outer loop
      vertex 36.5353 2.70838 7.4
      vertex 36.1612 2.51296 7.4
      vertex 36.4236 2.62462 7.4
    endloop
  endfacet
  facet normal 0 0 1
    outer loop
      vertex 34.909 4.43558 7.4
      vertex 35.6885 5.00731 7.4
      vertex 35.5377 4.97972 7.4
    endloop
  endfacet
  facet normal 0 0 1
    outer loop
      vertex 36.7188 2.93021 7.4
      vertex 36.1612 2.51296 7.4
      vertex 36.6342 2.81075 7.4
    endloop
  endfacet
  facet normal 0 0 1
    outer loop
      vertex 34.9785 4.56775 7.4
      vertex 35.5377 4.97972 7.4
      vertex 35.3998 4.93373 7.4
    endloop
  endfacet
  facet normal 0 0 1
    outer loop
      vertex 36.7881 3.06528 7.4
      vertex 36.0105 2.48503 7.4
      vertex 36.7188 2.93021 7.4
    endloop
  endfacet
  facet normal 0 0 1
    outer loop
      vertex 35.0636 4.68538 7.4
      vertex 35.3998 4.93373 7.4
      vertex 35.2749 4.86934 7.4
    endloop
  endfacet
  facet normal -0 -0 1
    outer loop
      vertex 34.9118 3.07729 7.4
      vertex 35.8469 2.47573 7.4
      vertex 34.8565 3.22722 7.4
    endloop
  endfacet
  facet normal 0 0 1
    outer loop
      vertex 35.0636 4.68538 7.4
      vertex 35.2749 4.86934 7.4
      vertex 35.1628 4.78656 7.4
    endloop
  endfacet
  facet normal 0 0 1
    outer loop
      vertex 35.8469 2.47573 7.4
      vertex 34.9118 3.07729 7.4
      vertex 35.6886 2.48529 7.4
    endloop
  endfacet
  facet normal 0 0 1
    outer loop
      vertex 35.3998 4.93373 7.4
      vertex 35.0636 4.68538 7.4
      vertex 34.9785 4.56775 7.4
    endloop
  endfacet
  facet normal -0 -0 1
    outer loop
      vertex 34.983 2.94147 7.4
      vertex 35.6886 2.48529 7.4
      vertex 34.9118 3.07729 7.4
    endloop
  endfacet
  facet normal 0 0 1
    outer loop
      vertex 35.5377 4.97972 7.4
      vertex 34.9785 4.56775 7.4
      vertex 34.909 4.43558 7.4
    endloop
  endfacet
  facet normal 0 0 1
    outer loop
      vertex 35.6886 2.48529 7.4
      vertex 34.983 2.94147 7.4
      vertex 35.5419 2.51395 7.4
    endloop
  endfacet
  facet normal 0 0 1
    outer loop
      vertex 35.6885 5.00731 7.4
      vertex 34.909 4.43558 7.4
      vertex 34.8549 4.28888 7.4
    endloop
  endfacet
  facet normal 0 0 1
    outer loop
      vertex 35.5419 2.51395 7.4
      vertex 34.983 2.94147 7.4
      vertex 35.4066 2.56174 7.4
    endloop
  endfacet
  facet normal 0 0 1
    outer loop
      vertex 35.8521 5.01651 7.4
      vertex 34.8549 4.28888 7.4
      vertex 34.8162 4.12766 7.4
    endloop
  endfacet
  facet normal 0 0 1
    outer loop
      vertex 35.1707 2.71463 7.4
      vertex 34.983 2.94147 7.4
      vertex 35.07 2.81975 7.4
    endloop
  endfacet
  facet normal 0 0 1
    outer loop
      vertex 36.8803 4.12508 7.4
      vertex 34.8162 4.12766 7.4
      vertex 34.793 3.95189 7.4
    endloop
  endfacet
  facet normal 0 0 1
    outer loop
      vertex 35.2829 2.62863 7.4
      vertex 34.983 2.94147 7.4
      vertex 35.1707 2.71463 7.4
    endloop
  endfacet
  facet normal 0 0 1
    outer loop
      vertex 36.9035 3.95038 7.4
      vertex 34.793 3.95189 7.4
      vertex 34.7853 3.7616 7.4
    endloop
  endfacet
  facet normal 0 0 1
    outer loop
      vertex 35.4066 2.56174 7.4
      vertex 34.983 2.94147 7.4
      vertex 35.2829 2.62863 7.4
    endloop
  endfacet
  facet normal 0 0 -1
    outer loop
      vertex 9.1 26.44 5.2
      vertex 7.88215 29.0732 5.2
      vertex 7.9 29.3 5.2
    endloop
  endfacet
  facet normal 0 0 -1
    outer loop
      vertex 6.67683 27.8679 5.2
      vertex 8.10686 24.5798 5.2
      vertex 7.84436 24.3556 5.2
    endloop
  endfacet
  facet normal 0 0 -1
    outer loop
      vertex 9.1 26.44 5.2
      vertex 7.82903 28.8519 5.2
      vertex 7.88215 29.0732 5.2
    endloop
  endfacet
  facet normal 0 0 -1
    outer loop
      vertex 9.1 26.44 5.2
      vertex 7.74196 28.6417 5.2
      vertex 7.82903 28.8519 5.2
    endloop
  endfacet
  facet normal 0 0 -1
    outer loop
      vertex 9.1 26.44 5.2
      vertex 7.62307 28.4477 5.2
      vertex 7.74196 28.6417 5.2
    endloop
  endfacet
  facet normal 0 0 -1
    outer loop
      vertex 6.22317 27.8679 5.2
      vertex 7.84436 24.3556 5.2
      vertex 7.62015 24.0931 5.2
    endloop
  endfacet
  facet normal 0 0 -1
    outer loop
      vertex 9.1 26.44 5.2
      vertex 7.4753 28.2747 5.2
      vertex 7.62307 28.4477 5.2
    endloop
  endfacet
  facet normal 0 0 -1
    outer loop
      vertex 6.00192 27.921 5.2
      vertex 7.62015 24.0931 5.2
      vertex 7.43977 23.7988 5.2
    endloop
  endfacet
  facet normal 0 0 -1
    outer loop
      vertex 5.79171 28.008 5.2
      vertex 7.43977 23.7988 5.2
      vertex 7.30766 23.4798 5.2
    endloop
  endfacet
  facet normal 0 0 -1
    outer loop
      vertex 9.1 26.44 5.2
      vertex 7.30229 28.1269 5.2
      vertex 7.4753 28.2747 5.2
    endloop
  endfacet
  facet normal 0 0 -1
    outer loop
      vertex 5.59771 28.1269 5.2
      vertex 7.30766 23.4798 5.2
      vertex 7.22708 23.1441 5.2
    endloop
  endfacet
  facet normal 0 0 -1
    outer loop
      vertex 5.4247 28.2747 5.2
      vertex 7.22708 23.1441 5.2
      vertex 7.2 22.8 5.2
    endloop
  endfacet
  facet normal 0 0 -1
    outer loop
      vertex 9.1 26.44 5.2
      vertex 7.10829 28.008 5.2
      vertex 7.30229 28.1269 5.2
    endloop
  endfacet
  facet normal 0 0 -1
    outer loop
      vertex 7.2 22.3997 5.2
      vertex 8.96997 23.029 5.2
      vertex 7.2 21.0834 5.2
    endloop
  endfacet
  facet normal -0 0 -1
    outer loop
      vertex 8.96997 23.029 5.2
      vertex 7.2 22.3997 5.2
      vertex 8.63 23.2253 5.2
    endloop
  endfacet
  facet normal 0 0 -1
    outer loop
      vertex 7.2 16.8571 5.2
      vertex 8.96997 17.4865 5.2
      vertex 7.2 15.5408 5.2
    endloop
  endfacet
  facet normal -0 0 -1
    outer loop
      vertex 8.96997 17.4865 5.2
      vertex 7.2 16.8571 5.2
      vertex 8.63 17.6827 5.2
    endloop
  endfacet
  facet normal 0 0 -1
    outer loop
      vertex 7.2 11.3146 5.2
      vertex 8.96997 11.9439 5.2
      vertex 7.2 9.99823 5.2
    endloop
  endfacet
  facet normal -0 0 -1
    outer loop
      vertex 8.96997 11.9439 5.2
      vertex 7.2 11.3146 5.2
      vertex 8.63 12.1402 5.2
    endloop
  endfacet
  facet normal 0 0 -1
    outer loop
      vertex 11.2 24.3165 5.2
      vertex 11.7038 25 5.2
      vertex 13.43 23.029 5.2
    endloop
  endfacet
  facet normal 0 0 -1
    outer loop
      vertex 11.2 24.3165 5.2
      vertex 11.2 24.7091 5.2
      vertex 11.7038 25 5.2
    endloop
  endfacet
  facet normal 0 0 -1
    outer loop
      vertex 11.2 24.3165 5.2
      vertex 10.6962 25 5.2
      vertex 11.2 24.7091 5.2
    endloop
  endfacet
  facet normal 0 0 -1
    outer loop
      vertex 8.96997 23.029 5.2
      vertex 10.6962 25 5.2
      vertex 11.2 24.3165 5.2
    endloop
  endfacet
  facet normal 0 0 -1
    outer loop
      vertex 10.6962 25 5.2
      vertex 8.96997 23.029 5.2
      vertex 8.63 24.855 5.2
    endloop
  endfacet
  facet normal -0 0 -1
    outer loop
      vertex 10.6962 25 5.2
      vertex 8.63 24.855 5.2
      vertex 9.1 26.44 5.2
    endloop
  endfacet
  facet normal 0 0 -1
    outer loop
      vertex 7.2 15.5408 5.2
      vertex 8.96997 14.9115 5.2
      vertex 8.63 14.7152 5.2
    endloop
  endfacet
  facet normal 0 0 -1
    outer loop
      vertex 8.96997 14.9115 5.2
      vertex 7.2 15.5408 5.2
      vertex 8.96997 17.4865 5.2
    endloop
  endfacet
  facet normal 0 0 -1
    outer loop
      vertex 8.96997 17.4865 5.2
      vertex 8.63 17.6827 5.2
      vertex 8.96997 20.454 5.2
    endloop
  endfacet
  facet normal 0 0 -1
    outer loop
      vertex 8.63 20.2577 5.2
      vertex 8.96997 20.454 5.2
      vertex 8.63 17.6827 5.2
    endloop
  endfacet
  facet normal 0 0 -1
    outer loop
      vertex 7.2 21.0834 5.2
      vertex 8.96997 20.454 5.2
      vertex 8.63 20.2577 5.2
    endloop
  endfacet
  facet normal 0 0 -1
    outer loop
      vertex 8.96997 20.454 5.2
      vertex 7.2 21.0834 5.2
      vertex 8.96997 23.029 5.2
    endloop
  endfacet
  facet normal 0 0 -1
    outer loop
      vertex 8.63 24.855 5.2
      vertex 8.96997 23.029 5.2
      vertex 8.63 23.2253 5.2
    endloop
  endfacet
  facet normal 0 0 -1
    outer loop
      vertex 8.40121 24.7602 5.2
      vertex 9.1 26.44 5.2
      vertex 8.63 24.855 5.2
    endloop
  endfacet
  facet normal 0 0 -1
    outer loop
      vertex 8.10686 24.5798 5.2
      vertex 9.1 26.44 5.2
      vertex 8.40121 24.7602 5.2
    endloop
  endfacet
  facet normal 0 0 -1
    outer loop
      vertex 6.89807 27.921 5.2
      vertex 9.1 26.44 5.2
      vertex 8.10686 24.5798 5.2
    endloop
  endfacet
  facet normal 0 0 -1
    outer loop
      vertex 7.88215 29.5268 5.2
      vertex 9.1 26.44 5.2
      vertex 7.9 29.3 5.2
    endloop
  endfacet
  facet normal 0 0 -1
    outer loop
      vertex 9.1 26.44 5.2
      vertex 7.88215 29.5268 5.2
      vertex 9.1 35.7 5.2
    endloop
  endfacet
  facet normal 0 0 -1
    outer loop
      vertex 7.82903 29.7481 5.2
      vertex 9.1 35.7 5.2
      vertex 7.88215 29.5268 5.2
    endloop
  endfacet
  facet normal 0 0 -1
    outer loop
      vertex 7.74196 29.9583 5.2
      vertex 9.1 35.7 5.2
      vertex 7.82903 29.7481 5.2
    endloop
  endfacet
  facet normal 0 0 -1
    outer loop
      vertex 7.62307 30.1523 5.2
      vertex 9.1 35.7 5.2
      vertex 7.74196 29.9583 5.2
    endloop
  endfacet
  facet normal 0 0 -1
    outer loop
      vertex 7.4753 30.3253 5.2
      vertex 9.1 35.7 5.2
      vertex 7.62307 30.1523 5.2
    endloop
  endfacet
  facet normal 0 0 -1
    outer loop
      vertex 7.30229 30.4731 5.2
      vertex 9.1 35.7 5.2
      vertex 7.4753 30.3253 5.2
    endloop
  endfacet
  facet normal 0 0 -1
    outer loop
      vertex 7.10829 30.592 5.2
      vertex 9.1 35.7 5.2
      vertex 7.30229 30.4731 5.2
    endloop
  endfacet
  facet normal 0 0 -1
    outer loop
      vertex 6.89807 30.679 5.2
      vertex 9.1 35.7 5.2
      vertex 7.10829 30.592 5.2
    endloop
  endfacet
  facet normal 0 0 -1
    outer loop
      vertex 6.67683 30.7321 5.2
      vertex 9.1 35.7 5.2
      vertex 6.89807 30.679 5.2
    endloop
  endfacet
  facet normal 0 0 -1
    outer loop
      vertex 5.2 35.7 5.2
      vertex 6.67683 30.7321 5.2
      vertex 6.45 30.75 5.2
    endloop
  endfacet
  facet normal 0 0 -1
    outer loop
      vertex 5.2 35.7 5.2
      vertex 6.45 30.75 5.2
      vertex 6.22317 30.7321 5.2
    endloop
  endfacet
  facet normal 0 0 -1
    outer loop
      vertex 5.2 35.7 5.2
      vertex 6.22317 30.7321 5.2
      vertex 6.00192 30.679 5.2
    endloop
  endfacet
  facet normal 0 0 -1
    outer loop
      vertex 4.38654 35.636 5.2
      vertex 6.00192 30.679 5.2
      vertex 5.79171 30.592 5.2
    endloop
  endfacet
  facet normal 0 0 -1
    outer loop
      vertex 3.59311 35.4455 5.2
      vertex 5.79171 30.592 5.2
      vertex 5.59771 30.4731 5.2
    endloop
  endfacet
  facet normal 0 0 -1
    outer loop
      vertex 2.14352 34.7069 5.2
      vertex 5.59771 30.4731 5.2
      vertex 5.4247 30.3253 5.2
    endloop
  endfacet
  facet normal 0 0 -1
    outer loop
      vertex 0.993112 33.5565 5.2
      vertex 5.4247 30.3253 5.2
      vertex 5.27693 30.1523 5.2
    endloop
  endfacet
  facet normal 0 0 -1
    outer loop
      vertex 6.67683 30.7321 5.2
      vertex 5.2 35.7 5.2
      vertex 9.1 35.7 5.2
    endloop
  endfacet
  facet normal 0 0 -1
    outer loop
      vertex 0.566766 32.8607 5.2
      vertex 5.27693 30.1523 5.2
      vertex 5.15804 29.9583 5.2
    endloop
  endfacet
  facet normal 0 0 -1
    outer loop
      vertex 0.0640202 31.3135 5.2
      vertex 5.15804 29.9583 5.2
      vertex 5.07097 29.7481 5.2
    endloop
  endfacet
  facet normal 0 0 -1
    outer loop
      vertex 0 30.5 5.2
      vertex 5.07097 29.7481 5.2
      vertex 5.01785 29.5268 5.2
    endloop
  endfacet
  facet normal 0 0 -1
    outer loop
      vertex 0 30.5 5.2
      vertex 5.01785 29.5268 5.2
      vertex 5 29.3 5.2
    endloop
  endfacet
  facet normal 0 0 -1
    outer loop
      vertex 0 5.2 5.2
      vertex 4.96785 6.67683 5.2
      vertex 4.95 6.45 5.2
    endloop
  endfacet
  facet normal -0 0 -1
    outer loop
      vertex 5.37469 5.4247 5.2
      vertex 0.993112 2.14352 5.2
      vertex 5.22692 5.59771 5.2
    endloop
  endfacet
  facet normal 0 0 -1
    outer loop
      vertex 6.00192 30.679 5.2
      vertex 4.38654 35.636 5.2
      vertex 5.2 35.7 5.2
    endloop
  endfacet
  facet normal -0 0 -1
    outer loop
      vertex 4.96785 6.67683 5.2
      vertex 0 5.2 5.2
      vertex 0 30.5 5.2
    endloop
  endfacet
  facet normal 0 0 -1
    outer loop
      vertex 0.566766 2.83925 5.2
      vertex 5.22692 5.59771 5.2
      vertex 0.993112 2.14352 5.2
    endloop
  endfacet
  facet normal 0 0 -1
    outer loop
      vertex 4.96785 6.67683 5.2
      vertex 0 30.5 5.2
      vertex 5 29.3 5.2
    endloop
  endfacet
  facet normal 0 0 -1
    outer loop
      vertex 0.254506 3.59311 5.2
      vertex 5.22692 5.59771 5.2
      vertex 0.566766 2.83925 5.2
    endloop
  endfacet
  facet normal 0 0 -1
    outer loop
      vertex 5.07097 29.7481 5.2
      vertex 0 30.5 5.2
      vertex 0.0640202 31.3135 5.2
    endloop
  endfacet
  facet normal -0 0 -1
    outer loop
      vertex 5.22692 5.59771 5.2
      vertex 0.254506 3.59311 5.2
      vertex 5.10804 5.79171 5.2
    endloop
  endfacet
  facet normal 0 0 -1
    outer loop
      vertex 5.79171 30.592 5.2
      vertex 3.59311 35.4455 5.2
      vertex 4.38654 35.636 5.2
    endloop
  endfacet
  facet normal 0 0 -1
    outer loop
      vertex 0.0640202 4.38654 5.2
      vertex 5.10804 5.79171 5.2
      vertex 0.254506 3.59311 5.2
    endloop
  endfacet
  facet normal 0 0 -1
    outer loop
      vertex 5.59771 30.4731 5.2
      vertex 2.83925 35.1332 5.2
      vertex 3.59311 35.4455 5.2
    endloop
  endfacet
  facet normal -0 0 -1
    outer loop
      vertex 5.10804 5.79171 5.2
      vertex 0.0640202 4.38654 5.2
      vertex 5.02097 6.00192 5.2
    endloop
  endfacet
  facet normal 0 0 -1
    outer loop
      vertex 5.59771 30.4731 5.2
      vertex 2.14352 34.7069 5.2
      vertex 2.83925 35.1332 5.2
    endloop
  endfacet
  facet normal 0 0 -1
    outer loop
      vertex 0 5.2 5.2
      vertex 5.02097 6.00192 5.2
      vertex 0.0640202 4.38654 5.2
    endloop
  endfacet
  facet normal 0 0 -1
    outer loop
      vertex 5.4247 30.3253 5.2
      vertex 1.52304 34.177 5.2
      vertex 2.14352 34.7069 5.2
    endloop
  endfacet
  facet normal -0 0 -1
    outer loop
      vertex 5.02097 6.00192 5.2
      vertex 0 5.2 5.2
      vertex 4.96785 6.22317 5.2
    endloop
  endfacet
  facet normal 0 0 -1
    outer loop
      vertex 5.4247 30.3253 5.2
      vertex 0.993112 33.5565 5.2
      vertex 1.52304 34.177 5.2
    endloop
  endfacet
  facet normal -0 0 -1
    outer loop
      vertex 4.96785 6.22317 5.2
      vertex 0 5.2 5.2
      vertex 4.95 6.45 5.2
    endloop
  endfacet
  facet normal 0 0 -1
    outer loop
      vertex 5.27693 30.1523 5.2
      vertex 0.566766 32.8607 5.2
      vertex 0.993112 33.5565 5.2
    endloop
  endfacet
  facet normal 0 0 -1
    outer loop
      vertex 5.15804 29.9583 5.2
      vertex 0.254506 32.1069 5.2
      vertex 0.566766 32.8607 5.2
    endloop
  endfacet
  facet normal 0 0 -1
    outer loop
      vertex 5.15804 29.9583 5.2
      vertex 0.0640202 31.3135 5.2
      vertex 0.254506 32.1069 5.2
    endloop
  endfacet
  facet normal 0 0 -1
    outer loop
      vertex 11.2 18.774 5.2
      vertex 13.43 20.454 5.2
      vertex 13.43 17.4865 5.2
    endloop
  endfacet
  facet normal 0 0 -1
    outer loop
      vertex 11.2 18.774 5.2
      vertex 11.2 19.1665 5.2
      vertex 13.43 20.454 5.2
    endloop
  endfacet
  facet normal 0 0 -1
    outer loop
      vertex 8.96997 17.4865 5.2
      vertex 11.2 19.1665 5.2
      vertex 11.2 18.774 5.2
    endloop
  endfacet
  facet normal -0 0 -1
    outer loop
      vertex 11.2 19.1665 5.2
      vertex 8.96997 17.4865 5.2
      vertex 8.96997 20.454 5.2
    endloop
  endfacet
  facet normal 0 0 -1
    outer loop
      vertex 11.2 13.2314 5.2
      vertex 13.43 14.9115 5.2
      vertex 13.43 11.9439 5.2
    endloop
  endfacet
  facet normal 0 0 -1
    outer loop
      vertex 11.2 13.2314 5.2
      vertex 11.2 13.624 5.2
      vertex 13.43 14.9115 5.2
    endloop
  endfacet
  facet normal 0 0 -1
    outer loop
      vertex 8.96997 11.9439 5.2
      vertex 11.2 13.624 5.2
      vertex 11.2 13.2314 5.2
    endloop
  endfacet
  facet normal -0 0 -1
    outer loop
      vertex 11.2 13.624 5.2
      vertex 8.96997 11.9439 5.2
      vertex 8.96997 14.9115 5.2
    endloop
  endfacet
  facet normal 0 0 -1
    outer loop
      vertex 16 21.5452 5.2
      vertex 18.23 23.2253 5.2
      vertex 18.23 20.2577 5.2
    endloop
  endfacet
  facet normal 0 0 -1
    outer loop
      vertex 16 21.5452 5.2
      vertex 16 21.9378 5.2
      vertex 18.23 23.2253 5.2
    endloop
  endfacet
  facet normal 0 0 -1
    outer loop
      vertex 13.77 20.2577 5.2
      vertex 16 21.9378 5.2
      vertex 16 21.5452 5.2
    endloop
  endfacet
  facet normal -0 0 -1
    outer loop
      vertex 16 21.9378 5.2
      vertex 13.77 20.2577 5.2
      vertex 13.77 23.2253 5.2
    endloop
  endfacet
  facet normal 0 0 -1
    outer loop
      vertex 16 16.0027 5.2
      vertex 18.23 17.6827 5.2
      vertex 18.23 14.7152 5.2
    endloop
  endfacet
  facet normal 0 0 -1
    outer loop
      vertex 16 16.0027 5.2
      vertex 16 16.3952 5.2
      vertex 18.23 17.6827 5.2
    endloop
  endfacet
  facet normal 0 0 -1
    outer loop
      vertex 13.77 14.7152 5.2
      vertex 16 16.3952 5.2
      vertex 16 16.0027 5.2
    endloop
  endfacet
  facet normal -0 0 -1
    outer loop
      vertex 16 16.3952 5.2
      vertex 13.77 14.7152 5.2
      vertex 13.77 17.6827 5.2
    endloop
  endfacet
  facet normal 0 0 -1
    outer loop
      vertex 16 10.4601 5.2
      vertex 18.23 12.1402 5.2
      vertex 18.23 9.17262 5.2
    endloop
  endfacet
  facet normal 0 0 -1
    outer loop
      vertex 16 10.4601 5.2
      vertex 16 10.8527 5.2
      vertex 18.23 12.1402 5.2
    endloop
  endfacet
  facet normal 0 0 -1
    outer loop
      vertex 13.77 9.17262 5.2
      vertex 16 10.8527 5.2
      vertex 16 10.4601 5.2
    endloop
  endfacet
  facet normal -0 0 -1
    outer loop
      vertex 16 10.8527 5.2
      vertex 13.77 9.17262 5.2
      vertex 13.77 12.1402 5.2
    endloop
  endfacet
  facet normal 0 0 -1
    outer loop
      vertex 11.2 8.08141 5.2
      vertex 12.0467 7.2 5.2
      vertex 11.2 7.68884 5.2
    endloop
  endfacet
  facet normal 0 0 -1
    outer loop
      vertex 12.0467 7.2 5.2
      vertex 11.2 8.08141 5.2
      vertex 13.43 9.3689 5.2
    endloop
  endfacet
  facet normal 0 0 -1
    outer loop
      vertex 10.3533 7.2 5.2
      vertex 11.2 8.08141 5.2
      vertex 11.2 7.68884 5.2
    endloop
  endfacet
  facet normal -0 0 -1
    outer loop
      vertex 11.2 8.08141 5.2
      vertex 10.3533 7.2 5.2
      vertex 8.96997 9.3689 5.2
    endloop
  endfacet
  facet normal 0 0 -1
    outer loop
      vertex 7.77903 6.89807 5.2
      vertex 8.40121 7.43977 5.2
      vertex 7.83215 6.67683 5.2
    endloop
  endfacet
  facet normal 0 0 -1
    outer loop
      vertex 7.69196 7.10829 5.2
      vertex 8.40121 7.43977 5.2
      vertex 7.77903 6.89807 5.2
    endloop
  endfacet
  facet normal -0 0 -1
    outer loop
      vertex 8.40121 7.43977 5.2
      vertex 7.69196 7.10829 5.2
      vertex 8.10686 7.62015 5.2
    endloop
  endfacet
  facet normal 0 0 -1
    outer loop
      vertex 7.57307 7.30229 5.2
      vertex 8.10686 7.62015 5.2
      vertex 7.69196 7.10829 5.2
    endloop
  endfacet
  facet normal -0 0 -1
    outer loop
      vertex 8.10686 7.62015 5.2
      vertex 7.57307 7.30229 5.2
      vertex 7.84436 7.84436 5.2
    endloop
  endfacet
  facet normal 0 0 -1
    outer loop
      vertex 7.4253 7.4753 5.2
      vertex 7.84436 7.84436 5.2
      vertex 7.57307 7.30229 5.2
    endloop
  endfacet
  facet normal 0 0 -1
    outer loop
      vertex 7.25229 7.62307 5.2
      vertex 7.84436 7.84436 5.2
      vertex 7.4253 7.4753 5.2
    endloop
  endfacet
  facet normal -0 0 -1
    outer loop
      vertex 7.84436 7.84436 5.2
      vertex 7.25229 7.62307 5.2
      vertex 7.62015 8.10686 5.2
    endloop
  endfacet
  facet normal 0 0 -1
    outer loop
      vertex 7.05829 7.74196 5.2
      vertex 7.62015 8.10686 5.2
      vertex 7.25229 7.62307 5.2
    endloop
  endfacet
  facet normal -0 0 -1
    outer loop
      vertex 7.62015 8.10686 5.2
      vertex 7.05829 7.74196 5.2
      vertex 7.43977 8.40121 5.2
    endloop
  endfacet
  facet normal 0 0 -1
    outer loop
      vertex 6.84807 7.82903 5.2
      vertex 7.43977 8.40121 5.2
      vertex 7.05829 7.74196 5.2
    endloop
  endfacet
  facet normal -0 0 -1
    outer loop
      vertex 7.43977 8.40121 5.2
      vertex 6.84807 7.82903 5.2
      vertex 7.30766 8.72015 5.2
    endloop
  endfacet
  facet normal 0 0 -1
    outer loop
      vertex 5.95193 7.82903 5.2
      vertex 7.2 9.99823 5.2
      vertex 7.2 9.39999 5.2
    endloop
  endfacet
  facet normal 0 0 -1
    outer loop
      vertex 5.54771 7.62307 5.2
      vertex 7.2 9.99823 5.2
      vertex 5.74171 7.74196 5.2
    endloop
  endfacet
  facet normal 0 0 -1
    outer loop
      vertex 5.37469 7.4753 5.2
      vertex 7.2 11.3146 5.2
      vertex 5.54771 7.62307 5.2
    endloop
  endfacet
  facet normal 0 0 -1
    outer loop
      vertex 5.22692 7.30229 5.2
      vertex 7.2 11.3146 5.2
      vertex 5.37469 7.4753 5.2
    endloop
  endfacet
  facet normal -0 0 -1
    outer loop
      vertex 7.2 11.3146 5.2
      vertex 5.22692 7.30229 5.2
      vertex 7.2 15.5408 5.2
    endloop
  endfacet
  facet normal -0 0 -1
    outer loop
      vertex 7.2 15.5408 5.2
      vertex 5.10804 7.10829 5.2
      vertex 7.2 16.8571 5.2
    endloop
  endfacet
  facet normal 0 -0 -1
    outer loop
      vertex 5.15804 28.6417 5.2
      vertex 7.2 16.8571 5.2
      vertex 5.10804 7.10829 5.2
    endloop
  endfacet
  facet normal 0 0 -1
    outer loop
      vertex 6.62683 7.88215 5.2
      vertex 7.30766 8.72015 5.2
      vertex 6.84807 7.82903 5.2
    endloop
  endfacet
  facet normal 0 0 -1
    outer loop
      vertex 6.4 7.9 5.2
      vertex 7.30766 8.72015 5.2
      vertex 6.62683 7.88215 5.2
    endloop
  endfacet
  facet normal 0 0 -1
    outer loop
      vertex 9.1 26.44 5.2
      vertex 6.89807 27.921 5.2
      vertex 7.10829 28.008 5.2
    endloop
  endfacet
  facet normal -0 0 -1
    outer loop
      vertex 7.30766 8.72015 5.2
      vertex 6.4 7.9 5.2
      vertex 7.22708 9.05583 5.2
    endloop
  endfacet
  facet normal 0 0 -1
    outer loop
      vertex 8.10686 24.5798 5.2
      vertex 6.67683 27.8679 5.2
      vertex 6.89807 27.921 5.2
    endloop
  endfacet
  facet normal 0 0 -1
    outer loop
      vertex 6.17317 7.88215 5.2
      vertex 7.22708 9.05583 5.2
      vertex 6.4 7.9 5.2
    endloop
  endfacet
  facet normal 0 0 -1
    outer loop
      vertex 7.84436 24.3556 5.2
      vertex 6.45 27.85 5.2
      vertex 6.67683 27.8679 5.2
    endloop
  endfacet
  facet normal -0 0 -1
    outer loop
      vertex 7.22708 9.05583 5.2
      vertex 6.17317 7.88215 5.2
      vertex 7.2 9.39999 5.2
    endloop
  endfacet
  facet normal 0 0 -1
    outer loop
      vertex 7.84436 24.3556 5.2
      vertex 6.22317 27.8679 5.2
      vertex 6.45 27.85 5.2
    endloop
  endfacet
  facet normal 0 0 -1
    outer loop
      vertex 5.95193 7.82903 5.2
      vertex 7.2 9.39999 5.2
      vertex 6.17317 7.88215 5.2
    endloop
  endfacet
  facet normal 0 0 -1
    outer loop
      vertex 7.62015 24.0931 5.2
      vertex 6.00192 27.921 5.2
      vertex 6.22317 27.8679 5.2
    endloop
  endfacet
  facet normal 0 0 -1
    outer loop
      vertex 7.2 9.99823 5.2
      vertex 5.95193 7.82903 5.2
      vertex 5.74171 7.74196 5.2
    endloop
  endfacet
  facet normal 0 0 -1
    outer loop
      vertex 7.43977 23.7988 5.2
      vertex 5.79171 28.008 5.2
      vertex 6.00192 27.921 5.2
    endloop
  endfacet
  facet normal -0 0 -1
    outer loop
      vertex 7.2 9.99823 5.2
      vertex 5.54771 7.62307 5.2
      vertex 7.2 11.3146 5.2
    endloop
  endfacet
  facet normal 0 0 -1
    outer loop
      vertex 7.30766 23.4798 5.2
      vertex 5.59771 28.1269 5.2
      vertex 5.79171 28.008 5.2
    endloop
  endfacet
  facet normal 0 0 -1
    outer loop
      vertex 5.10804 7.10829 5.2
      vertex 7.2 15.5408 5.2
      vertex 5.22692 7.30229 5.2
    endloop
  endfacet
  facet normal 0 0 -1
    outer loop
      vertex 7.22708 23.1441 5.2
      vertex 5.4247 28.2747 5.2
      vertex 5.59771 28.1269 5.2
    endloop
  endfacet
  facet normal 0 0 -1
    outer loop
      vertex 7.2 16.8571 5.2
      vertex 5.15804 28.6417 5.2
      vertex 7.2 21.0834 5.2
    endloop
  endfacet
  facet normal 0 0 -1
    outer loop
      vertex 7.2 22.8 5.2
      vertex 5.27693 28.4477 5.2
      vertex 5.4247 28.2747 5.2
    endloop
  endfacet
  facet normal -0 -0 -1
    outer loop
      vertex 5.27693 28.4477 5.2
      vertex 7.2 21.0834 5.2
      vertex 5.15804 28.6417 5.2
    endloop
  endfacet
  facet normal 0 0 -1
    outer loop
      vertex 7.2 22.3997 5.2
      vertex 5.27693 28.4477 5.2
      vertex 7.2 22.8 5.2
    endloop
  endfacet
  facet normal 0 0 -1
    outer loop
      vertex 7.2 21.0834 5.2
      vertex 5.27693 28.4477 5.2
      vertex 7.2 22.3997 5.2
    endloop
  endfacet
  facet normal 0 0 -1
    outer loop
      vertex 5.10804 7.10829 5.2
      vertex 5.07097 28.8519 5.2
      vertex 5.15804 28.6417 5.2
    endloop
  endfacet
  facet normal 0 0 -1
    outer loop
      vertex 5.02097 6.89807 5.2
      vertex 5.07097 28.8519 5.2
      vertex 5.10804 7.10829 5.2
    endloop
  endfacet
  facet normal 0 0 -1
    outer loop
      vertex 5.02097 6.89807 5.2
      vertex 5.01785 29.0732 5.2
      vertex 5.07097 28.8519 5.2
    endloop
  endfacet
  facet normal 0 0 -1
    outer loop
      vertex 4.96785 6.67683 5.2
      vertex 5.01785 29.0732 5.2
      vertex 5.02097 6.89807 5.2
    endloop
  endfacet
  facet normal -0 0 -1
    outer loop
      vertex 5.01785 29.0732 5.2
      vertex 4.96785 6.67683 5.2
      vertex 5 29.3 5.2
    endloop
  endfacet
  facet normal 0 0 -1
    outer loop
      vertex 20.8 24.3165 5.2
      vertex 21.3038 25 5.2
      vertex 23.03 23.029 5.2
    endloop
  endfacet
  facet normal 0 0 -1
    outer loop
      vertex 20.8 24.3165 5.2
      vertex 20.8 24.7091 5.2
      vertex 21.3038 25 5.2
    endloop
  endfacet
  facet normal 0 0 -1
    outer loop
      vertex 20.8 24.3165 5.2
      vertex 20.2961 25 5.2
      vertex 20.8 24.7091 5.2
    endloop
  endfacet
  facet normal 0 -0 -1
    outer loop
      vertex 20.2961 25 5.2
      vertex 20.8 24.3165 5.2
      vertex 18.57 23.029 5.2
    endloop
  endfacet
  facet normal 0 0 -1
    outer loop
      vertex 20.8 18.774 5.2
      vertex 23.03 20.454 5.2
      vertex 23.03 17.4865 5.2
    endloop
  endfacet
  facet normal 0 0 -1
    outer loop
      vertex 20.8 18.774 5.2
      vertex 20.8 19.1665 5.2
      vertex 23.03 20.454 5.2
    endloop
  endfacet
  facet normal 0 0 -1
    outer loop
      vertex 18.57 17.4865 5.2
      vertex 20.8 19.1665 5.2
      vertex 20.8 18.774 5.2
    endloop
  endfacet
  facet normal -0 0 -1
    outer loop
      vertex 20.8 19.1665 5.2
      vertex 18.57 17.4865 5.2
      vertex 18.57 20.454 5.2
    endloop
  endfacet
  facet normal 0 0 -1
    outer loop
      vertex 20.8 13.2314 5.2
      vertex 23.03 14.9115 5.2
      vertex 23.03 11.9439 5.2
    endloop
  endfacet
  facet normal 0 0 -1
    outer loop
      vertex 20.8 13.2314 5.2
      vertex 20.8 13.624 5.2
      vertex 23.03 14.9115 5.2
    endloop
  endfacet
  facet normal 0 0 -1
    outer loop
      vertex 18.57 11.9439 5.2
      vertex 20.8 13.624 5.2
      vertex 20.8 13.2314 5.2
    endloop
  endfacet
  facet normal -0 0 -1
    outer loop
      vertex 20.8 13.624 5.2
      vertex 18.57 11.9439 5.2
      vertex 18.57 14.9115 5.2
    endloop
  endfacet
  facet normal 0 0 -1
    outer loop
      vertex 25.6 21.5452 5.2
      vertex 27.83 23.2253 5.2
      vertex 27.83 20.2577 5.2
    endloop
  endfacet
  facet normal 0 0 -1
    outer loop
      vertex 25.6 21.5452 5.2
      vertex 25.6 21.9378 5.2
      vertex 27.83 23.2253 5.2
    endloop
  endfacet
  facet normal 0 0 -1
    outer loop
      vertex 23.37 20.2577 5.2
      vertex 25.6 21.9378 5.2
      vertex 25.6 21.5452 5.2
    endloop
  endfacet
  facet normal -0 0 -1
    outer loop
      vertex 25.6 21.9378 5.2
      vertex 23.37 20.2577 5.2
      vertex 23.37 23.2253 5.2
    endloop
  endfacet
  facet normal 0 0 -1
    outer loop
      vertex 25.6 16.0027 5.2
      vertex 27.83 17.6827 5.2
      vertex 27.83 14.7152 5.2
    endloop
  endfacet
  facet normal 0 0 -1
    outer loop
      vertex 25.6 16.0027 5.2
      vertex 25.6 16.3952 5.2
      vertex 27.83 17.6827 5.2
    endloop
  endfacet
  facet normal 0 0 -1
    outer loop
      vertex 23.37 14.7152 5.2
      vertex 25.6 16.3952 5.2
      vertex 25.6 16.0027 5.2
    endloop
  endfacet
  facet normal -0 0 -1
    outer loop
      vertex 25.6 16.3952 5.2
      vertex 23.37 14.7152 5.2
      vertex 23.37 17.6827 5.2
    endloop
  endfacet
  facet normal 0 0 -1
    outer loop
      vertex 25.6 10.4601 5.2
      vertex 27.83 12.1402 5.2
      vertex 27.83 9.17262 5.2
    endloop
  endfacet
  facet normal 0 0 -1
    outer loop
      vertex 25.6 10.4601 5.2
      vertex 25.6 10.8527 5.2
      vertex 27.83 12.1402 5.2
    endloop
  endfacet
  facet normal 0 0 -1
    outer loop
      vertex 23.37 9.17262 5.2
      vertex 25.6 10.8527 5.2
      vertex 25.6 10.4601 5.2
    endloop
  endfacet
  facet normal -0 0 -1
    outer loop
      vertex 25.6 10.8527 5.2
      vertex 23.37 9.17262 5.2
      vertex 23.37 12.1402 5.2
    endloop
  endfacet
  facet normal -0 0 -1
    outer loop
      vertex 29.5533 7.2 5.2
      vertex 23.396 2.05 5.2
      vertex 27.83 7.2 5.2
    endloop
  endfacet
  facet normal 0 0 -1
    outer loop
      vertex 23.396 2.05 5.2
      vertex 23.37 7.2 5.2
      vertex 27.83 7.2 5.2
    endloop
  endfacet
  facet normal 0 0 -1
    outer loop
      vertex 23.03 9.3689 5.2
      vertex 23.37 9.17262 5.2
      vertex 23.37 7.2 5.2
    endloop
  endfacet
  facet normal 0 0 -1
    outer loop
      vertex 23.37 9.17262 5.2
      vertex 23.03 9.3689 5.2
      vertex 23.37 12.1402 5.2
    endloop
  endfacet
  facet normal -0 0 -1
    outer loop
      vertex 23.37 12.1402 5.2
      vertex 23.03 11.9439 5.2
      vertex 23.37 14.7152 5.2
    endloop
  endfacet
  facet normal 0 0 -1
    outer loop
      vertex 23.03 14.9115 5.2
      vertex 23.37 14.7152 5.2
      vertex 23.03 11.9439 5.2
    endloop
  endfacet
  facet normal 0 0 -1
    outer loop
      vertex 23.03 17.4865 5.2
      vertex 23.37 17.6827 5.2
      vertex 23.03 14.9115 5.2
    endloop
  endfacet
  facet normal -0 0 -1
    outer loop
      vertex 23.37 17.6827 5.2
      vertex 23.03 17.4865 5.2
      vertex 23.37 20.2577 5.2
    endloop
  endfacet
  facet normal 0 0 -1
    outer loop
      vertex 23.37 12.1402 5.2
      vertex 23.03 9.3689 5.2
      vertex 23.03 11.9439 5.2
    endloop
  endfacet
  facet normal 0 0 -1
    outer loop
      vertex 21.6467 7.2 5.2
      vertex 23.37 7.2 5.2
      vertex 23.396 2.05 5.2
    endloop
  endfacet
  facet normal 0 0 -1
    outer loop
      vertex 23.37 7.2 5.2
      vertex 21.6467 7.2 5.2
      vertex 23.03 9.3689 5.2
    endloop
  endfacet
  facet normal 0 0 -1
    outer loop
      vertex 23.396 2.05 5.2
      vertex 19.9533 7.2 5.2
      vertex 21.6467 7.2 5.2
    endloop
  endfacet
  facet normal 0 0 -1
    outer loop
      vertex 18.23 12.1402 5.2
      vertex 18.57 11.9439 5.2
      vertex 18.57 9.3689 5.2
    endloop
  endfacet
  facet normal 0 0 -1
    outer loop
      vertex 18.57 11.9439 5.2
      vertex 18.23 12.1402 5.2
      vertex 18.57 14.9115 5.2
    endloop
  endfacet
  facet normal -0 0 -1
    outer loop
      vertex 18.57 14.9115 5.2
      vertex 18.23 14.7152 5.2
      vertex 18.57 17.4865 5.2
    endloop
  endfacet
  facet normal 0 0 -1
    outer loop
      vertex 18.23 17.6827 5.2
      vertex 18.57 17.4865 5.2
      vertex 18.23 14.7152 5.2
    endloop
  endfacet
  facet normal 0 0 -1
    outer loop
      vertex 18.23 9.17262 5.2
      vertex 18.57 9.3689 5.2
      vertex 18.23 7.2 5.2
    endloop
  endfacet
  facet normal 0 0 -1
    outer loop
      vertex 19.9533 7.2 5.2
      vertex 18.23 7.2 5.2
      vertex 18.57 9.3689 5.2
    endloop
  endfacet
  facet normal 0 0 -1
    outer loop
      vertex 16.196 2.05 5.2
      vertex 19.9533 7.2 5.2
      vertex 23.396 2.05 5.2
    endloop
  endfacet
  facet normal -0 0 -1
    outer loop
      vertex 19.9533 7.2 5.2
      vertex 16.196 2.05 5.2
      vertex 18.23 7.2 5.2
    endloop
  endfacet
  facet normal -0 0 -1
    outer loop
      vertex 18.23 7.2 5.2
      vertex 16.196 2.05 5.2
      vertex 13.77 7.2 5.2
    endloop
  endfacet
  facet normal 0 0 -1
    outer loop
      vertex 20.8 8.08141 5.2
      vertex 21.6467 7.2 5.2
      vertex 20.8 7.68884 5.2
    endloop
  endfacet
  facet normal 0 0 -1
    outer loop
      vertex 21.6467 7.2 5.2
      vertex 20.8 8.08141 5.2
      vertex 23.03 9.3689 5.2
    endloop
  endfacet
  facet normal 0 0 -1
    outer loop
      vertex 19.9533 7.2 5.2
      vertex 20.8 8.08141 5.2
      vertex 20.8 7.68884 5.2
    endloop
  endfacet
  facet normal -0 0 -1
    outer loop
      vertex 20.8 8.08141 5.2
      vertex 19.9533 7.2 5.2
      vertex 18.57 9.3689 5.2
    endloop
  endfacet
  facet normal 0 0 -1
    outer loop
      vertex 30.4 24.3165 5.2
      vertex 30.9038 25 5.2
      vertex 32.63 23.029 5.2
    endloop
  endfacet
  facet normal 0 0 -1
    outer loop
      vertex 30.4 24.3165 5.2
      vertex 30.4 24.7091 5.2
      vertex 30.9038 25 5.2
    endloop
  endfacet
  facet normal 0 0 -1
    outer loop
      vertex 30.4 24.3165 5.2
      vertex 29.8961 25 5.2
      vertex 30.4 24.7091 5.2
    endloop
  endfacet
  facet normal 0 -0 -1
    outer loop
      vertex 29.8961 25 5.2
      vertex 30.4 24.3165 5.2
      vertex 28.17 23.029 5.2
    endloop
  endfacet
  facet normal 0 0 -1
    outer loop
      vertex 30.4 18.774 5.2
      vertex 32.63 20.454 5.2
      vertex 32.63 17.4865 5.2
    endloop
  endfacet
  facet normal 0 0 -1
    outer loop
      vertex 30.4 18.774 5.2
      vertex 30.4 19.1665 5.2
      vertex 32.63 20.454 5.2
    endloop
  endfacet
  facet normal 0 0 -1
    outer loop
      vertex 28.17 17.4865 5.2
      vertex 30.4 19.1665 5.2
      vertex 30.4 18.774 5.2
    endloop
  endfacet
  facet normal -0 0 -1
    outer loop
      vertex 30.4 19.1665 5.2
      vertex 28.17 17.4865 5.2
      vertex 28.17 20.454 5.2
    endloop
  endfacet
  facet normal 0 0 -1
    outer loop
      vertex 30.4 13.2314 5.2
      vertex 32.63 14.9115 5.2
      vertex 32.63 11.9439 5.2
    endloop
  endfacet
  facet normal 0 0 -1
    outer loop
      vertex 30.4 13.2314 5.2
      vertex 30.4 13.624 5.2
      vertex 32.63 14.9115 5.2
    endloop
  endfacet
  facet normal 0 0 -1
    outer loop
      vertex 28.17 11.9439 5.2
      vertex 30.4 13.624 5.2
      vertex 30.4 13.2314 5.2
    endloop
  endfacet
  facet normal -0 0 -1
    outer loop
      vertex 30.4 13.624 5.2
      vertex 28.17 11.9439 5.2
      vertex 28.17 14.9115 5.2
    endloop
  endfacet
  facet normal 0 0 -1
    outer loop
      vertex 35.2 21.5452 5.2
      vertex 37.43 23.2253 5.2
      vertex 37.43 20.2577 5.2
    endloop
  endfacet
  facet normal 0 0 -1
    outer loop
      vertex 35.2 21.5452 5.2
      vertex 35.2 21.9378 5.2
      vertex 37.43 23.2253 5.2
    endloop
  endfacet
  facet normal 0 0 -1
    outer loop
      vertex 32.97 20.2577 5.2
      vertex 35.2 21.9378 5.2
      vertex 35.2 21.5452 5.2
    endloop
  endfacet
  facet normal -0 0 -1
    outer loop
      vertex 35.2 21.9378 5.2
      vertex 32.97 20.2577 5.2
      vertex 32.97 23.2253 5.2
    endloop
  endfacet
  facet normal 0 0 -1
    outer loop
      vertex 35.2 16.0027 5.2
      vertex 37.43 17.6827 5.2
      vertex 37.43 14.7152 5.2
    endloop
  endfacet
  facet normal 0 0 -1
    outer loop
      vertex 35.2 16.0027 5.2
      vertex 35.2 16.3952 5.2
      vertex 37.43 17.6827 5.2
    endloop
  endfacet
  facet normal 0 0 -1
    outer loop
      vertex 32.97 14.7152 5.2
      vertex 35.2 16.3952 5.2
      vertex 35.2 16.0027 5.2
    endloop
  endfacet
  facet normal -0 0 -1
    outer loop
      vertex 35.2 16.3952 5.2
      vertex 32.97 14.7152 5.2
      vertex 32.97 17.6827 5.2
    endloop
  endfacet
  facet normal 0 0 -1
    outer loop
      vertex 35.2 10.4601 5.2
      vertex 37.43 12.1402 5.2
      vertex 37.43 9.17262 5.2
    endloop
  endfacet
  facet normal 0 0 -1
    outer loop
      vertex 35.2 10.4601 5.2
      vertex 35.2 10.8527 5.2
      vertex 37.43 12.1402 5.2
    endloop
  endfacet
  facet normal 0 0 -1
    outer loop
      vertex 32.97 9.17262 5.2
      vertex 35.2 10.8527 5.2
      vertex 35.2 10.4601 5.2
    endloop
  endfacet
  facet normal -0 0 -1
    outer loop
      vertex 35.2 10.8527 5.2
      vertex 32.97 9.17262 5.2
      vertex 32.97 12.1402 5.2
    endloop
  endfacet
  facet normal 0 0 -1
    outer loop
      vertex 30.4 8.08141 5.2
      vertex 31.2467 7.2 5.2
      vertex 30.4 7.68884 5.2
    endloop
  endfacet
  facet normal 0 0 -1
    outer loop
      vertex 31.2467 7.2 5.2
      vertex 30.4 8.08141 5.2
      vertex 32.63 9.3689 5.2
    endloop
  endfacet
  facet normal 0 0 -1
    outer loop
      vertex 29.5533 7.2 5.2
      vertex 30.4 8.08141 5.2
      vertex 30.4 7.68884 5.2
    endloop
  endfacet
  facet normal -0 0 -1
    outer loop
      vertex 30.4 8.08141 5.2
      vertex 29.5533 7.2 5.2
      vertex 28.17 9.3689 5.2
    endloop
  endfacet
  facet normal 0 0 -1
    outer loop
      vertex 40 24.3165 5.2
      vertex 40.5038 25 5.2
      vertex 42.23 23.029 5.2
    endloop
  endfacet
  facet normal 0 0 -1
    outer loop
      vertex 40 24.3165 5.2
      vertex 40 24.7091 5.2
      vertex 40.5038 25 5.2
    endloop
  endfacet
  facet normal 0 0 -1
    outer loop
      vertex 40 24.3165 5.2
      vertex 39.4962 25 5.2
      vertex 40 24.7091 5.2
    endloop
  endfacet
  facet normal 0 -0 -1
    outer loop
      vertex 39.4962 25 5.2
      vertex 40 24.3165 5.2
      vertex 37.77 23.029 5.2
    endloop
  endfacet
  facet normal 0 0 -1
    outer loop
      vertex 40 18.774 5.2
      vertex 42.23 20.454 5.2
      vertex 42.23 17.4865 5.2
    endloop
  endfacet
  facet normal 0 0 -1
    outer loop
      vertex 40 18.774 5.2
      vertex 40 19.1665 5.2
      vertex 42.23 20.454 5.2
    endloop
  endfacet
  facet normal 0 0 -1
    outer loop
      vertex 37.77 17.4865 5.2
      vertex 40 19.1665 5.2
      vertex 40 18.774 5.2
    endloop
  endfacet
  facet normal -0 0 -1
    outer loop
      vertex 40 19.1665 5.2
      vertex 37.77 17.4865 5.2
      vertex 37.77 20.454 5.2
    endloop
  endfacet
  facet normal 0 0 -1
    outer loop
      vertex 40 13.2314 5.2
      vertex 42.23 14.9115 5.2
      vertex 42.23 11.9439 5.2
    endloop
  endfacet
  facet normal 0 0 -1
    outer loop
      vertex 40 13.2314 5.2
      vertex 40 13.624 5.2
      vertex 42.23 14.9115 5.2
    endloop
  endfacet
  facet normal 0 0 -1
    outer loop
      vertex 37.77 11.9439 5.2
      vertex 40 13.624 5.2
      vertex 40 13.2314 5.2
    endloop
  endfacet
  facet normal -0 0 -1
    outer loop
      vertex 40 13.624 5.2
      vertex 37.77 11.9439 5.2
      vertex 37.77 14.9115 5.2
    endloop
  endfacet
  facet normal 0 0 -1
    outer loop
      vertex 44.8 21.5452 5.2
      vertex 47.03 23.2253 5.2
      vertex 47.03 20.2577 5.2
    endloop
  endfacet
  facet normal 0 0 -1
    outer loop
      vertex 44.8 21.5452 5.2
      vertex 44.8 21.9378 5.2
      vertex 47.03 23.2253 5.2
    endloop
  endfacet
  facet normal 0 0 -1
    outer loop
      vertex 42.57 20.2577 5.2
      vertex 44.8 21.9378 5.2
      vertex 44.8 21.5452 5.2
    endloop
  endfacet
  facet normal -0 0 -1
    outer loop
      vertex 44.8 21.9378 5.2
      vertex 42.57 20.2577 5.2
      vertex 42.57 23.2253 5.2
    endloop
  endfacet
  facet normal 0 0 -1
    outer loop
      vertex 44.8 16.0027 5.2
      vertex 47.03 17.6827 5.2
      vertex 47.03 14.7152 5.2
    endloop
  endfacet
  facet normal 0 0 -1
    outer loop
      vertex 44.8 16.0027 5.2
      vertex 44.8 16.3952 5.2
      vertex 47.03 17.6827 5.2
    endloop
  endfacet
  facet normal 0 0 -1
    outer loop
      vertex 42.57 14.7152 5.2
      vertex 44.8 16.3952 5.2
      vertex 44.8 16.0027 5.2
    endloop
  endfacet
  facet normal -0 0 -1
    outer loop
      vertex 44.8 16.3952 5.2
      vertex 42.57 14.7152 5.2
      vertex 42.57 17.6827 5.2
    endloop
  endfacet
  facet normal 0 0 -1
    outer loop
      vertex 44.8 10.4601 5.2
      vertex 47.03 12.1402 5.2
      vertex 47.03 9.17262 5.2
    endloop
  endfacet
  facet normal 0 0 -1
    outer loop
      vertex 44.8 10.4601 5.2
      vertex 44.8 10.8527 5.2
      vertex 47.03 12.1402 5.2
    endloop
  endfacet
  facet normal 0 0 -1
    outer loop
      vertex 42.57 9.17262 5.2
      vertex 44.8 10.8527 5.2
      vertex 44.8 10.4601 5.2
    endloop
  endfacet
  facet normal -0 0 -1
    outer loop
      vertex 44.8 10.8527 5.2
      vertex 42.57 9.17262 5.2
      vertex 42.57 12.1402 5.2
    endloop
  endfacet
  facet normal 0 0 -1
    outer loop
      vertex 40 8.08141 5.2
      vertex 40.8467 7.2 5.2
      vertex 40 7.68884 5.2
    endloop
  endfacet
  facet normal 0 0 -1
    outer loop
      vertex 40.8467 7.2 5.2
      vertex 40 8.08141 5.2
      vertex 42.23 9.3689 5.2
    endloop
  endfacet
  facet normal 0 0 -1
    outer loop
      vertex 39.1533 7.2 5.2
      vertex 40 8.08141 5.2
      vertex 40 7.68884 5.2
    endloop
  endfacet
  facet normal -0 0 -1
    outer loop
      vertex 40 8.08141 5.2
      vertex 39.1533 7.2 5.2
      vertex 37.77 9.3689 5.2
    endloop
  endfacet
  facet normal 0 0 -1
    outer loop
      vertex 49.6 24.3165 5.2
      vertex 50.1038 25 5.2
      vertex 51.83 23.029 5.2
    endloop
  endfacet
  facet normal 0 0 -1
    outer loop
      vertex 49.6 24.3165 5.2
      vertex 49.6 24.7091 5.2
      vertex 50.1038 25 5.2
    endloop
  endfacet
  facet normal 0 0 -1
    outer loop
      vertex 49.6 24.3165 5.2
      vertex 49.0961 25 5.2
      vertex 49.6 24.7091 5.2
    endloop
  endfacet
  facet normal 0 -0 -1
    outer loop
      vertex 49.0961 25 5.2
      vertex 49.6 24.3165 5.2
      vertex 47.37 23.029 5.2
    endloop
  endfacet
  facet normal 0 0 -1
    outer loop
      vertex 49.6 18.774 5.2
      vertex 51.83 20.454 5.2
      vertex 51.83 17.4865 5.2
    endloop
  endfacet
  facet normal 0 0 -1
    outer loop
      vertex 49.6 18.774 5.2
      vertex 49.6 19.1665 5.2
      vertex 51.83 20.454 5.2
    endloop
  endfacet
  facet normal 0 0 -1
    outer loop
      vertex 47.37 17.4865 5.2
      vertex 49.6 19.1665 5.2
      vertex 49.6 18.774 5.2
    endloop
  endfacet
  facet normal -0 0 -1
    outer loop
      vertex 49.6 19.1665 5.2
      vertex 47.37 17.4865 5.2
      vertex 47.37 20.454 5.2
    endloop
  endfacet
  facet normal 0 0 -1
    outer loop
      vertex 49.6 13.2314 5.2
      vertex 51.83 14.9115 5.2
      vertex 51.83 11.9439 5.2
    endloop
  endfacet
  facet normal 0 0 -1
    outer loop
      vertex 49.6 13.2314 5.2
      vertex 49.6 13.624 5.2
      vertex 51.83 14.9115 5.2
    endloop
  endfacet
  facet normal 0 0 -1
    outer loop
      vertex 47.37 11.9439 5.2
      vertex 49.6 13.624 5.2
      vertex 49.6 13.2314 5.2
    endloop
  endfacet
  facet normal -0 0 -1
    outer loop
      vertex 49.6 13.624 5.2
      vertex 47.37 11.9439 5.2
      vertex 47.37 14.9115 5.2
    endloop
  endfacet
  facet normal 0 0 -1
    outer loop
      vertex 54.4 21.5452 5.2
      vertex 56.63 23.2253 5.2
      vertex 56.63 20.2577 5.2
    endloop
  endfacet
  facet normal 0 0 -1
    outer loop
      vertex 54.4 21.5452 5.2
      vertex 54.4 21.9378 5.2
      vertex 56.63 23.2253 5.2
    endloop
  endfacet
  facet normal 0 0 -1
    outer loop
      vertex 52.17 20.2577 5.2
      vertex 54.4 21.9378 5.2
      vertex 54.4 21.5452 5.2
    endloop
  endfacet
  facet normal -0 0 -1
    outer loop
      vertex 54.4 21.9378 5.2
      vertex 52.17 20.2577 5.2
      vertex 52.17 23.2253 5.2
    endloop
  endfacet
  facet normal 0 0 -1
    outer loop
      vertex 54.4 16.0027 5.2
      vertex 56.63 17.6827 5.2
      vertex 56.63 14.7152 5.2
    endloop
  endfacet
  facet normal 0 0 -1
    outer loop
      vertex 54.4 16.0027 5.2
      vertex 54.4 16.3952 5.2
      vertex 56.63 17.6827 5.2
    endloop
  endfacet
  facet normal 0 0 -1
    outer loop
      vertex 52.17 14.7152 5.2
      vertex 54.4 16.3952 5.2
      vertex 54.4 16.0027 5.2
    endloop
  endfacet
  facet normal -0 0 -1
    outer loop
      vertex 54.4 16.3952 5.2
      vertex 52.17 14.7152 5.2
      vertex 52.17 17.6827 5.2
    endloop
  endfacet
  facet normal 0 0 -1
    outer loop
      vertex 54.4 10.4601 5.2
      vertex 56.63 12.1402 5.2
      vertex 56.63 9.17262 5.2
    endloop
  endfacet
  facet normal 0 0 -1
    outer loop
      vertex 54.4 10.4601 5.2
      vertex 54.4 10.8527 5.2
      vertex 56.63 12.1402 5.2
    endloop
  endfacet
  facet normal 0 0 -1
    outer loop
      vertex 52.17 9.17262 5.2
      vertex 54.4 10.8527 5.2
      vertex 54.4 10.4601 5.2
    endloop
  endfacet
  facet normal -0 0 -1
    outer loop
      vertex 54.4 10.8527 5.2
      vertex 52.17 9.17262 5.2
      vertex 52.17 12.1402 5.2
    endloop
  endfacet
  facet normal -0 0 -1
    outer loop
      vertex 58.3533 7.2 5.2
      vertex 54.504 2.05 5.2
      vertex 56.63 7.2 5.2
    endloop
  endfacet
  facet normal 0 0 -1
    outer loop
      vertex 54.504 2.05 5.2
      vertex 52.17 7.2 5.2
      vertex 56.63 7.2 5.2
    endloop
  endfacet
  facet normal 0 0 -1
    outer loop
      vertex 51.83 9.3689 5.2
      vertex 52.17 9.17262 5.2
      vertex 52.17 7.2 5.2
    endloop
  endfacet
  facet normal 0 0 -1
    outer loop
      vertex 52.17 9.17262 5.2
      vertex 51.83 9.3689 5.2
      vertex 52.17 12.1402 5.2
    endloop
  endfacet
  facet normal -0 0 -1
    outer loop
      vertex 52.17 12.1402 5.2
      vertex 51.83 11.9439 5.2
      vertex 52.17 14.7152 5.2
    endloop
  endfacet
  facet normal 0 0 -1
    outer loop
      vertex 51.83 14.9115 5.2
      vertex 52.17 14.7152 5.2
      vertex 51.83 11.9439 5.2
    endloop
  endfacet
  facet normal 0 0 -1
    outer loop
      vertex 51.83 17.4865 5.2
      vertex 52.17 17.6827 5.2
      vertex 51.83 14.9115 5.2
    endloop
  endfacet
  facet normal -0 0 -1
    outer loop
      vertex 52.17 17.6827 5.2
      vertex 51.83 17.4865 5.2
      vertex 52.17 20.2577 5.2
    endloop
  endfacet
  facet normal 0 0 -1
    outer loop
      vertex 52.17 12.1402 5.2
      vertex 51.83 9.3689 5.2
      vertex 51.83 11.9439 5.2
    endloop
  endfacet
  facet normal 0 0 -1
    outer loop
      vertex 52.17 7.2 5.2
      vertex 50.4467 7.2 5.2
      vertex 51.83 9.3689 5.2
    endloop
  endfacet
  facet normal 0 0 -1
    outer loop
      vertex 54.504 2.05 5.2
      vertex 50.4467 7.2 5.2
      vertex 52.17 7.2 5.2
    endloop
  endfacet
  facet normal 0 0 -1
    outer loop
      vertex 47.304 2.05 5.2
      vertex 50.4467 7.2 5.2
      vertex 54.504 2.05 5.2
    endloop
  endfacet
  facet normal 0 0 -1
    outer loop
      vertex 47.03 12.1402 5.2
      vertex 47.37 11.9439 5.2
      vertex 47.37 9.3689 5.2
    endloop
  endfacet
  facet normal 0 0 -1
    outer loop
      vertex 47.37 11.9439 5.2
      vertex 47.03 12.1402 5.2
      vertex 47.37 14.9115 5.2
    endloop
  endfacet
  facet normal -0 0 -1
    outer loop
      vertex 47.37 14.9115 5.2
      vertex 47.03 14.7152 5.2
      vertex 47.37 17.4865 5.2
    endloop
  endfacet
  facet normal 0 0 -1
    outer loop
      vertex 47.03 17.6827 5.2
      vertex 47.37 17.4865 5.2
      vertex 47.03 14.7152 5.2
    endloop
  endfacet
  facet normal 0 0 -1
    outer loop
      vertex 48.7533 7.2 5.2
      vertex 47.03 7.2 5.2
      vertex 47.37 9.3689 5.2
    endloop
  endfacet
  facet normal 0 0 -1
    outer loop
      vertex 47.03 7.2 5.2
      vertex 48.7533 7.2 5.2
      vertex 47.304 2.05 5.2
    endloop
  endfacet
  facet normal -0 0 -1
    outer loop
      vertex 50.4467 7.2 5.2
      vertex 47.304 2.05 5.2
      vertex 48.7533 7.2 5.2
    endloop
  endfacet
  facet normal 0 0 -1
    outer loop
      vertex 49.6 8.08141 5.2
      vertex 50.4467 7.2 5.2
      vertex 49.6 7.68884 5.2
    endloop
  endfacet
  facet normal 0 0 -1
    outer loop
      vertex 50.4467 7.2 5.2
      vertex 49.6 8.08141 5.2
      vertex 51.83 9.3689 5.2
    endloop
  endfacet
  facet normal 0 0 -1
    outer loop
      vertex 48.7533 7.2 5.2
      vertex 49.6 8.08141 5.2
      vertex 49.6 7.68884 5.2
    endloop
  endfacet
  facet normal -0 0 -1
    outer loop
      vertex 49.6 8.08141 5.2
      vertex 48.7533 7.2 5.2
      vertex 47.37 9.3689 5.2
    endloop
  endfacet
  facet normal 0 0 -1
    outer loop
      vertex 59.2 24.3165 5.2
      vertex 59.7038 25 5.2
      vertex 61.43 23.029 5.2
    endloop
  endfacet
  facet normal 0 0 -1
    outer loop
      vertex 59.2 24.3165 5.2
      vertex 59.2 24.7091 5.2
      vertex 59.7038 25 5.2
    endloop
  endfacet
  facet normal 0 0 -1
    outer loop
      vertex 59.2 24.3165 5.2
      vertex 58.6962 25 5.2
      vertex 59.2 24.7091 5.2
    endloop
  endfacet
  facet normal 0 -0 -1
    outer loop
      vertex 58.6962 25 5.2
      vertex 59.2 24.3165 5.2
      vertex 56.97 23.029 5.2
    endloop
  endfacet
  facet normal 0 0 -1
    outer loop
      vertex 59.2 18.774 5.2
      vertex 61.43 20.454 5.2
      vertex 61.43 17.4865 5.2
    endloop
  endfacet
  facet normal 0 0 -1
    outer loop
      vertex 59.2 18.774 5.2
      vertex 59.2 19.1665 5.2
      vertex 61.43 20.454 5.2
    endloop
  endfacet
  facet normal 0 0 -1
    outer loop
      vertex 56.97 17.4865 5.2
      vertex 59.2 19.1665 5.2
      vertex 59.2 18.774 5.2
    endloop
  endfacet
  facet normal -0 0 -1
    outer loop
      vertex 59.2 19.1665 5.2
      vertex 56.97 17.4865 5.2
      vertex 56.97 20.454 5.2
    endloop
  endfacet
  facet normal 0 0 -1
    outer loop
      vertex 59.2 13.2314 5.2
      vertex 61.43 14.9115 5.2
      vertex 61.43 11.9439 5.2
    endloop
  endfacet
  facet normal 0 0 -1
    outer loop
      vertex 59.2 13.2314 5.2
      vertex 59.2 13.624 5.2
      vertex 61.43 14.9115 5.2
    endloop
  endfacet
  facet normal 0 0 -1
    outer loop
      vertex 56.97 11.9439 5.2
      vertex 59.2 13.624 5.2
      vertex 59.2 13.2314 5.2
    endloop
  endfacet
  facet normal -0 0 -1
    outer loop
      vertex 59.2 13.624 5.2
      vertex 56.97 11.9439 5.2
      vertex 56.97 14.9115 5.2
    endloop
  endfacet
  facet normal 0 0 -1
    outer loop
      vertex 63.5 16.6839 5.2
      vertex 61.43 17.4865 5.2
      vertex 61.77 17.6827 5.2
    endloop
  endfacet
  facet normal -0 0 -1
    outer loop
      vertex 61.77 17.6827 5.2
      vertex 61.43 17.4865 5.2
      vertex 61.77 20.2577 5.2
    endloop
  endfacet
  facet normal 0 0 -1
    outer loop
      vertex 61.43 20.454 5.2
      vertex 61.77 20.2577 5.2
      vertex 61.43 17.4865 5.2
    endloop
  endfacet
  facet normal 0 0 -1
    outer loop
      vertex 61.43 23.029 5.2
      vertex 61.77 20.2577 5.2
      vertex 61.43 20.454 5.2
    endloop
  endfacet
  facet normal 0 0 -1
    outer loop
      vertex 61.77 20.2577 5.2
      vertex 61.43 23.029 5.2
      vertex 61.5 26.44 5.2
    endloop
  endfacet
  facet normal 0 0 -1
    outer loop
      vertex 59.7038 25 5.2
      vertex 61.5 26.44 5.2
      vertex 61.43 23.029 5.2
    endloop
  endfacet
  facet normal 0 0 -1
    outer loop
      vertex 58.6962 25 5.2
      vertex 61.5 26.44 5.2
      vertex 59.7038 25 5.2
    endloop
  endfacet
  facet normal -0 0 -1
    outer loop
      vertex 56.97 14.9115 5.2
      vertex 56.63 14.7152 5.2
      vertex 56.97 17.4865 5.2
    endloop
  endfacet
  facet normal 0 0 -1
    outer loop
      vertex 56.63 17.6827 5.2
      vertex 56.97 17.4865 5.2
      vertex 56.63 14.7152 5.2
    endloop
  endfacet
  facet normal 0 0 -1
    outer loop
      vertex 56.97 17.4865 5.2
      vertex 56.63 17.6827 5.2
      vertex 56.97 20.454 5.2
    endloop
  endfacet
  facet normal 0 0 -1
    outer loop
      vertex 56.63 20.2577 5.2
      vertex 56.97 20.454 5.2
      vertex 56.63 17.6827 5.2
    endloop
  endfacet
  facet normal -0 0 -1
    outer loop
      vertex 56.97 20.454 5.2
      vertex 56.63 20.2577 5.2
      vertex 56.97 23.029 5.2
    endloop
  endfacet
  facet normal 0 0 -1
    outer loop
      vertex 56.63 23.2253 5.2
      vertex 56.97 23.029 5.2
      vertex 56.63 20.2577 5.2
    endloop
  endfacet
  facet normal 0 0 -1
    outer loop
      vertex 56.63 25 5.2
      vertex 56.97 23.029 5.2
      vertex 56.63 23.2253 5.2
    endloop
  endfacet
  facet normal 0 0 -1
    outer loop
      vertex 56.97 23.029 5.2
      vertex 56.63 25 5.2
      vertex 58.6962 25 5.2
    endloop
  endfacet
  facet normal 0 0 -1
    outer loop
      vertex 56.63 25 5.2
      vertex 61.5 26.44 5.2
      vertex 58.6962 25 5.2
    endloop
  endfacet
  facet normal 0 0 -1
    outer loop
      vertex 52.17 25 5.2
      vertex 61.5 26.44 5.2
      vertex 56.63 25 5.2
    endloop
  endfacet
  facet normal 0 0 -1
    outer loop
      vertex 52.17 14.7152 5.2
      vertex 51.83 14.9115 5.2
      vertex 52.17 17.6827 5.2
    endloop
  endfacet
  facet normal 0 0 -1
    outer loop
      vertex 51.83 20.454 5.2
      vertex 52.17 20.2577 5.2
      vertex 51.83 17.4865 5.2
    endloop
  endfacet
  facet normal 0 0 -1
    outer loop
      vertex 52.17 20.2577 5.2
      vertex 51.83 20.454 5.2
      vertex 52.17 23.2253 5.2
    endloop
  endfacet
  facet normal 0 0 -1
    outer loop
      vertex 51.83 23.029 5.2
      vertex 52.17 23.2253 5.2
      vertex 51.83 20.454 5.2
    endloop
  endfacet
  facet normal -0 0 -1
    outer loop
      vertex 52.17 23.2253 5.2
      vertex 51.83 23.029 5.2
      vertex 52.17 25 5.2
    endloop
  endfacet
  facet normal 0 0 -1
    outer loop
      vertex 50.1038 25 5.2
      vertex 52.17 25 5.2
      vertex 51.83 23.029 5.2
    endloop
  endfacet
  facet normal 0 0 -1
    outer loop
      vertex 50.1038 25 5.2
      vertex 61.5 26.44 5.2
      vertex 52.17 25 5.2
    endloop
  endfacet
  facet normal 0 0 -1
    outer loop
      vertex 49.0961 25 5.2
      vertex 61.5 26.44 5.2
      vertex 50.1038 25 5.2
    endloop
  endfacet
  facet normal 0 0 -1
    outer loop
      vertex 47.37 9.3689 5.2
      vertex 47.03 7.2 5.2
      vertex 47.03 9.17262 5.2
    endloop
  endfacet
  facet normal -0 0 -1
    outer loop
      vertex 47.37 9.3689 5.2
      vertex 47.03 9.17262 5.2
      vertex 47.03 12.1402 5.2
    endloop
  endfacet
  facet normal 0 0 -1
    outer loop
      vertex 47.37 14.9115 5.2
      vertex 47.03 12.1402 5.2
      vertex 47.03 14.7152 5.2
    endloop
  endfacet
  facet normal 0 0 -1
    outer loop
      vertex 47.37 17.4865 5.2
      vertex 47.03 17.6827 5.2
      vertex 47.37 20.454 5.2
    endloop
  endfacet
  facet normal 0 0 -1
    outer loop
      vertex 47.03 20.2577 5.2
      vertex 47.37 20.454 5.2
      vertex 47.03 17.6827 5.2
    endloop
  endfacet
  facet normal -0 0 -1
    outer loop
      vertex 47.37 20.454 5.2
      vertex 47.03 20.2577 5.2
      vertex 47.37 23.029 5.2
    endloop
  endfacet
  facet normal 0 0 -1
    outer loop
      vertex 47.03 23.2253 5.2
      vertex 47.37 23.029 5.2
      vertex 47.03 20.2577 5.2
    endloop
  endfacet
  facet normal 0 0 -1
    outer loop
      vertex 47.03 25 5.2
      vertex 47.37 23.029 5.2
      vertex 47.03 23.2253 5.2
    endloop
  endfacet
  facet normal 0 0 -1
    outer loop
      vertex 47.37 23.029 5.2
      vertex 47.03 25 5.2
      vertex 49.0961 25 5.2
    endloop
  endfacet
  facet normal 0 0 -1
    outer loop
      vertex 47.03 25 5.2
      vertex 61.5 26.44 5.2
      vertex 49.0961 25 5.2
    endloop
  endfacet
  facet normal 0 0 -1
    outer loop
      vertex 42.57 25 5.2
      vertex 61.5 26.44 5.2
      vertex 47.03 25 5.2
    endloop
  endfacet
  facet normal -0 0 -1
    outer loop
      vertex 42.57 17.6827 5.2
      vertex 42.23 17.4865 5.2
      vertex 42.57 20.2577 5.2
    endloop
  endfacet
  facet normal 0 0 -1
    outer loop
      vertex 42.23 20.454 5.2
      vertex 42.57 20.2577 5.2
      vertex 42.23 17.4865 5.2
    endloop
  endfacet
  facet normal 0 0 -1
    outer loop
      vertex 42.57 20.2577 5.2
      vertex 42.23 20.454 5.2
      vertex 42.57 23.2253 5.2
    endloop
  endfacet
  facet normal 0 0 -1
    outer loop
      vertex 42.23 23.029 5.2
      vertex 42.57 23.2253 5.2
      vertex 42.23 20.454 5.2
    endloop
  endfacet
  facet normal -0 0 -1
    outer loop
      vertex 42.57 23.2253 5.2
      vertex 42.23 23.029 5.2
      vertex 42.57 25 5.2
    endloop
  endfacet
  facet normal 0 0 -1
    outer loop
      vertex 40.5038 25 5.2
      vertex 42.57 25 5.2
      vertex 42.23 23.029 5.2
    endloop
  endfacet
  facet normal 0 0 -1
    outer loop
      vertex 40.5038 25 5.2
      vertex 61.5 26.44 5.2
      vertex 42.57 25 5.2
    endloop
  endfacet
  facet normal 0 0 -1
    outer loop
      vertex 39.4962 25 5.2
      vertex 61.5 26.44 5.2
      vertex 40.5038 25 5.2
    endloop
  endfacet
  facet normal -0 0 -1
    outer loop
      vertex 37.77 14.9115 5.2
      vertex 37.43 14.7152 5.2
      vertex 37.77 17.4865 5.2
    endloop
  endfacet
  facet normal 0 0 -1
    outer loop
      vertex 37.43 17.6827 5.2
      vertex 37.77 17.4865 5.2
      vertex 37.43 14.7152 5.2
    endloop
  endfacet
  facet normal 0 0 -1
    outer loop
      vertex 37.77 17.4865 5.2
      vertex 37.43 17.6827 5.2
      vertex 37.77 20.454 5.2
    endloop
  endfacet
  facet normal 0 0 -1
    outer loop
      vertex 37.43 20.2577 5.2
      vertex 37.77 20.454 5.2
      vertex 37.43 17.6827 5.2
    endloop
  endfacet
  facet normal -0 0 -1
    outer loop
      vertex 37.77 20.454 5.2
      vertex 37.43 20.2577 5.2
      vertex 37.77 23.029 5.2
    endloop
  endfacet
  facet normal 0 0 -1
    outer loop
      vertex 37.43 23.2253 5.2
      vertex 37.77 23.029 5.2
      vertex 37.43 20.2577 5.2
    endloop
  endfacet
  facet normal 0 0 -1
    outer loop
      vertex 37.43 25 5.2
      vertex 37.77 23.029 5.2
      vertex 37.43 23.2253 5.2
    endloop
  endfacet
  facet normal 0 0 -1
    outer loop
      vertex 37.77 23.029 5.2
      vertex 37.43 25 5.2
      vertex 39.4962 25 5.2
    endloop
  endfacet
  facet normal 0 0 -1
    outer loop
      vertex 37.43 25 5.2
      vertex 61.5 26.44 5.2
      vertex 39.4962 25 5.2
    endloop
  endfacet
  facet normal 0 0 -1
    outer loop
      vertex 32.97 25 5.2
      vertex 61.5 26.44 5.2
      vertex 37.43 25 5.2
    endloop
  endfacet
  facet normal -0 0 -1
    outer loop
      vertex 32.97 17.6827 5.2
      vertex 32.63 17.4865 5.2
      vertex 32.97 20.2577 5.2
    endloop
  endfacet
  facet normal 0 0 -1
    outer loop
      vertex 32.63 20.454 5.2
      vertex 32.97 20.2577 5.2
      vertex 32.63 17.4865 5.2
    endloop
  endfacet
  facet normal 0 0 -1
    outer loop
      vertex 32.97 20.2577 5.2
      vertex 32.63 20.454 5.2
      vertex 32.97 23.2253 5.2
    endloop
  endfacet
  facet normal 0 0 -1
    outer loop
      vertex 32.63 23.029 5.2
      vertex 32.97 23.2253 5.2
      vertex 32.63 20.454 5.2
    endloop
  endfacet
  facet normal -0 0 -1
    outer loop
      vertex 32.97 23.2253 5.2
      vertex 32.63 23.029 5.2
      vertex 32.97 25 5.2
    endloop
  endfacet
  facet normal 0 0 -1
    outer loop
      vertex 30.9038 25 5.2
      vertex 32.97 25 5.2
      vertex 32.63 23.029 5.2
    endloop
  endfacet
  facet normal 0 0 -1
    outer loop
      vertex 9.1 26.44 5.2
      vertex 32.97 25 5.2
      vertex 30.9038 25 5.2
    endloop
  endfacet
  facet normal 0 0 -1
    outer loop
      vertex 9.1 26.44 5.2
      vertex 30.9038 25 5.2
      vertex 29.8961 25 5.2
    endloop
  endfacet
  facet normal -0 0 -1
    outer loop
      vertex 28.17 14.9115 5.2
      vertex 27.83 14.7152 5.2
      vertex 28.17 17.4865 5.2
    endloop
  endfacet
  facet normal 0 0 -1
    outer loop
      vertex 27.83 17.6827 5.2
      vertex 28.17 17.4865 5.2
      vertex 27.83 14.7152 5.2
    endloop
  endfacet
  facet normal 0 0 -1
    outer loop
      vertex 28.17 17.4865 5.2
      vertex 27.83 17.6827 5.2
      vertex 28.17 20.454 5.2
    endloop
  endfacet
  facet normal 0 0 -1
    outer loop
      vertex 27.83 20.2577 5.2
      vertex 28.17 20.454 5.2
      vertex 27.83 17.6827 5.2
    endloop
  endfacet
  facet normal -0 0 -1
    outer loop
      vertex 28.17 20.454 5.2
      vertex 27.83 20.2577 5.2
      vertex 28.17 23.029 5.2
    endloop
  endfacet
  facet normal 0 0 -1
    outer loop
      vertex 27.83 23.2253 5.2
      vertex 28.17 23.029 5.2
      vertex 27.83 20.2577 5.2
    endloop
  endfacet
  facet normal 0 0 -1
    outer loop
      vertex 27.83 25 5.2
      vertex 28.17 23.029 5.2
      vertex 27.83 23.2253 5.2
    endloop
  endfacet
  facet normal 0 0 -1
    outer loop
      vertex 28.17 23.029 5.2
      vertex 27.83 25 5.2
      vertex 29.8961 25 5.2
    endloop
  endfacet
  facet normal 0 0 -1
    outer loop
      vertex 9.1 26.44 5.2
      vertex 29.8961 25 5.2
      vertex 27.83 25 5.2
    endloop
  endfacet
  facet normal 0 0 -1
    outer loop
      vertex 9.1 26.44 5.2
      vertex 27.83 25 5.2
      vertex 23.37 25 5.2
    endloop
  endfacet
  facet normal 0 0 -1
    outer loop
      vertex 23.37 14.7152 5.2
      vertex 23.03 14.9115 5.2
      vertex 23.37 17.6827 5.2
    endloop
  endfacet
  facet normal 0 0 -1
    outer loop
      vertex 23.03 20.454 5.2
      vertex 23.37 20.2577 5.2
      vertex 23.03 17.4865 5.2
    endloop
  endfacet
  facet normal 0 0 -1
    outer loop
      vertex 23.37 20.2577 5.2
      vertex 23.03 20.454 5.2
      vertex 23.37 23.2253 5.2
    endloop
  endfacet
  facet normal 0 0 -1
    outer loop
      vertex 23.03 23.029 5.2
      vertex 23.37 23.2253 5.2
      vertex 23.03 20.454 5.2
    endloop
  endfacet
  facet normal -0 0 -1
    outer loop
      vertex 23.37 23.2253 5.2
      vertex 23.03 23.029 5.2
      vertex 23.37 25 5.2
    endloop
  endfacet
  facet normal 0 0 -1
    outer loop
      vertex 21.3038 25 5.2
      vertex 23.37 25 5.2
      vertex 23.03 23.029 5.2
    endloop
  endfacet
  facet normal 0 0 -1
    outer loop
      vertex 9.1 26.44 5.2
      vertex 23.37 25 5.2
      vertex 21.3038 25 5.2
    endloop
  endfacet
  facet normal 0 0 -1
    outer loop
      vertex 9.1 26.44 5.2
      vertex 21.3038 25 5.2
      vertex 20.2961 25 5.2
    endloop
  endfacet
  facet normal 0 0 -1
    outer loop
      vertex 18.23 12.1402 5.2
      vertex 18.57 9.3689 5.2
      vertex 18.23 9.17262 5.2
    endloop
  endfacet
  facet normal 0 0 -1
    outer loop
      vertex 18.57 14.9115 5.2
      vertex 18.23 12.1402 5.2
      vertex 18.23 14.7152 5.2
    endloop
  endfacet
  facet normal 0 0 -1
    outer loop
      vertex 18.57 17.4865 5.2
      vertex 18.23 17.6827 5.2
      vertex 18.57 20.454 5.2
    endloop
  endfacet
  facet normal 0 0 -1
    outer loop
      vertex 18.23 20.2577 5.2
      vertex 18.57 20.454 5.2
      vertex 18.23 17.6827 5.2
    endloop
  endfacet
  facet normal -0 0 -1
    outer loop
      vertex 18.57 20.454 5.2
      vertex 18.23 20.2577 5.2
      vertex 18.57 23.029 5.2
    endloop
  endfacet
  facet normal 0 0 -1
    outer loop
      vertex 18.23 23.2253 5.2
      vertex 18.57 23.029 5.2
      vertex 18.23 20.2577 5.2
    endloop
  endfacet
  facet normal 0 0 -1
    outer loop
      vertex 18.23 25 5.2
      vertex 18.57 23.029 5.2
      vertex 18.23 23.2253 5.2
    endloop
  endfacet
  facet normal 0 0 -1
    outer loop
      vertex 18.57 23.029 5.2
      vertex 18.23 25 5.2
      vertex 20.2961 25 5.2
    endloop
  endfacet
  facet normal 0 0 -1
    outer loop
      vertex 9.1 26.44 5.2
      vertex 20.2961 25 5.2
      vertex 18.23 25 5.2
    endloop
  endfacet
  facet normal 0 0 -1
    outer loop
      vertex 9.1 26.44 5.2
      vertex 18.23 25 5.2
      vertex 13.77 25 5.2
    endloop
  endfacet
  facet normal -0 0 -1
    outer loop
      vertex 13.77 17.6827 5.2
      vertex 13.43 17.4865 5.2
      vertex 13.77 20.2577 5.2
    endloop
  endfacet
  facet normal 0 0 -1
    outer loop
      vertex 13.43 20.454 5.2
      vertex 13.77 20.2577 5.2
      vertex 13.43 17.4865 5.2
    endloop
  endfacet
  facet normal 0 0 -1
    outer loop
      vertex 13.77 20.2577 5.2
      vertex 13.43 20.454 5.2
      vertex 13.77 23.2253 5.2
    endloop
  endfacet
  facet normal 0 0 -1
    outer loop
      vertex 13.43 23.029 5.2
      vertex 13.77 23.2253 5.2
      vertex 13.43 20.454 5.2
    endloop
  endfacet
  facet normal -0 0 -1
    outer loop
      vertex 13.77 23.2253 5.2
      vertex 13.43 23.029 5.2
      vertex 13.77 25 5.2
    endloop
  endfacet
  facet normal 0 0 -1
    outer loop
      vertex 11.7038 25 5.2
      vertex 13.77 25 5.2
      vertex 13.43 23.029 5.2
    endloop
  endfacet
  facet normal 0 0 -1
    outer loop
      vertex 9.1 26.44 5.2
      vertex 13.77 25 5.2
      vertex 11.7038 25 5.2
    endloop
  endfacet
  facet normal 0 0 -1
    outer loop
      vertex 9.1 26.44 5.2
      vertex 11.7038 25 5.2
      vertex 10.6962 25 5.2
    endloop
  endfacet
  facet normal 0 0 -1
    outer loop
      vertex 32.97 25 5.2
      vertex 9.1 26.44 5.2
      vertex 61.5 26.44 5.2
    endloop
  endfacet
  facet normal 0 0 -1
    outer loop
      vertex 59.2 8.08141 5.2
      vertex 60.0467 7.2 5.2
      vertex 59.2 7.68884 5.2
    endloop
  endfacet
  facet normal 0 0 -1
    outer loop
      vertex 60.0467 7.2 5.2
      vertex 59.2 8.08141 5.2
      vertex 61.43 9.3689 5.2
    endloop
  endfacet
  facet normal 0 0 -1
    outer loop
      vertex 58.3533 7.2 5.2
      vertex 59.2 8.08141 5.2
      vertex 59.2 7.68884 5.2
    endloop
  endfacet
  facet normal -0 0 -1
    outer loop
      vertex 59.2 8.08141 5.2
      vertex 58.3533 7.2 5.2
      vertex 56.97 9.3689 5.2
    endloop
  endfacet
  facet normal 0 0 -1
    outer loop
      vertex 61.77 20.2577 5.2
      vertex 63.5 22.2265 5.2
      vertex 63.5 21.2566 5.2
    endloop
  endfacet
  facet normal -0 0 -1
    outer loop
      vertex 63.5 22.2265 5.2
      vertex 61.77 20.2577 5.2
      vertex 61.77 23.2253 5.2
    endloop
  endfacet
  facet normal 0 0 -1
    outer loop
      vertex 61.43 14.9115 5.2
      vertex 63.5 15.714 5.2
      vertex 61.77 14.7152 5.2
    endloop
  endfacet
  facet normal -0 0 -1
    outer loop
      vertex 63.5 15.714 5.2
      vertex 61.43 14.9115 5.2
      vertex 63.5 16.6839 5.2
    endloop
  endfacet
  facet normal 0 0 -1
    outer loop
      vertex 61.43 9.3689 5.2
      vertex 63.5 10.1714 5.2
      vertex 61.77 9.17262 5.2
    endloop
  endfacet
  facet normal -0 0 -1
    outer loop
      vertex 63.5 10.1714 5.2
      vertex 61.43 9.3689 5.2
      vertex 63.5 11.1414 5.2
    endloop
  endfacet
  facet normal 0 0 -1
    outer loop
      vertex 65.542 7.10829 5.2
      vertex 70.7 5.2 5.2
      vertex 65.629 6.89807 5.2
    endloop
  endfacet
  facet normal 0 0 -1
    outer loop
      vertex 70.7 30.5 5.2
      vertex 65.6821 29.1232 5.2
      vertex 65.7 29.35 5.2
    endloop
  endfacet
  facet normal 0 0 -1
    outer loop
      vertex 65.4231 7.30229 5.2
      vertex 70.7 5.2 5.2
      vertex 65.542 7.10829 5.2
    endloop
  endfacet
  facet normal 0 0 -1
    outer loop
      vertex 70.7 30.5 5.2
      vertex 65.629 28.9019 5.2
      vertex 65.6821 29.1232 5.2
    endloop
  endfacet
  facet normal 0 0 -1
    outer loop
      vertex 63.5 16.6839 5.2
      vertex 70.7 5.2 5.2
      vertex 63.5 15.714 5.2
    endloop
  endfacet
  facet normal 0 0 -1
    outer loop
      vertex 63.5 21.2566 5.2
      vertex 70.7 30.5 5.2
      vertex 63.5 16.6839 5.2
    endloop
  endfacet
  facet normal 0 0 -1
    outer loop
      vertex 65.2753 7.4753 5.2
      vertex 70.7 5.2 5.2
      vertex 65.4231 7.30229 5.2
    endloop
  endfacet
  facet normal 0 0 -1
    outer loop
      vertex 70.7 30.5 5.2
      vertex 65.542 28.6917 5.2
      vertex 65.629 28.9019 5.2
    endloop
  endfacet
  facet normal 0 0 -1
    outer loop
      vertex 70.7 5.2 5.2
      vertex 65.2753 7.4753 5.2
      vertex 63.5 11.1414 5.2
    endloop
  endfacet
  facet normal 0 0 -1
    outer loop
      vertex 63.5 22.2265 5.2
      vertex 70.7 30.5 5.2
      vertex 63.5 21.2566 5.2
    endloop
  endfacet
  facet normal 0 0 -1
    outer loop
      vertex 63.5 11.1414 5.2
      vertex 65.2753 7.4753 5.2
      vertex 65.1023 7.62307 5.2
    endloop
  endfacet
  facet normal 0 0 -1
    outer loop
      vertex 70.7 30.5 5.2
      vertex 65.4231 28.4977 5.2
      vertex 65.542 28.6917 5.2
    endloop
  endfacet
  facet normal 0 0 -1
    outer loop
      vertex 63.5 10.1714 5.2
      vertex 65.1023 7.62307 5.2
      vertex 64.9083 7.74196 5.2
    endloop
  endfacet
  facet normal 0 0 -1
    outer loop
      vertex 63.5 22.8 5.2
      vertex 70.7 30.5 5.2
      vertex 63.5 22.2265 5.2
    endloop
  endfacet
  facet normal 0 0 -1
    outer loop
      vertex 63.5 10.1714 5.2
      vertex 64.9083 7.74196 5.2
      vertex 64.6981 7.82903 5.2
    endloop
  endfacet
  facet normal 0 0 -1
    outer loop
      vertex 63.4729 23.1441 5.2
      vertex 70.7 30.5 5.2
      vertex 63.5 22.8 5.2
    endloop
  endfacet
  facet normal 0 0 -1
    outer loop
      vertex 63.5 9.39999 5.2
      vertex 64.6981 7.82903 5.2
      vertex 64.4768 7.88215 5.2
    endloop
  endfacet
  facet normal 0 0 -1
    outer loop
      vertex 70.7 30.5 5.2
      vertex 65.2753 28.3247 5.2
      vertex 65.4231 28.4977 5.2
    endloop
  endfacet
  facet normal 0 0 -1
    outer loop
      vertex 63.4729 9.05583 5.2
      vertex 64.4768 7.88215 5.2
      vertex 64.25 7.9 5.2
    endloop
  endfacet
  facet normal 0 0 -1
    outer loop
      vertex 70.7 30.5 5.2
      vertex 63.4729 23.1441 5.2
      vertex 65.2753 28.3247 5.2
    endloop
  endfacet
  facet normal 0 0 -1
    outer loop
      vertex 63.3923 8.72015 5.2
      vertex 64.25 7.9 5.2
      vertex 64.0232 7.88215 5.2
    endloop
  endfacet
  facet normal 0 0 -1
    outer loop
      vertex 65.2753 28.3247 5.2
      vertex 63.4729 23.1441 5.2
      vertex 65.1023 28.1769 5.2
    endloop
  endfacet
  facet normal 0 0 -1
    outer loop
      vertex 63.2602 8.40121 5.2
      vertex 64.0232 7.88215 5.2
      vertex 63.8019 7.82903 5.2
    endloop
  endfacet
  facet normal 0 0 -1
    outer loop
      vertex 63.3923 23.4798 5.2
      vertex 65.1023 28.1769 5.2
      vertex 63.4729 23.1441 5.2
    endloop
  endfacet
  facet normal 0 0 -1
    outer loop
      vertex 63.2602 8.40121 5.2
      vertex 63.8019 7.82903 5.2
      vertex 63.5917 7.74196 5.2
    endloop
  endfacet
  facet normal 0 0 -1
    outer loop
      vertex 70.7 5.2 5.2
      vertex 63.5 16.6839 5.2
      vertex 70.7 30.5 5.2
    endloop
  endfacet
  facet normal 0 0 -1
    outer loop
      vertex 64.6981 7.82903 5.2
      vertex 63.5 9.39999 5.2
      vertex 63.5 10.1714 5.2
    endloop
  endfacet
  facet normal 0 0 -1
    outer loop
      vertex 64.4768 7.88215 5.2
      vertex 63.4729 9.05583 5.2
      vertex 63.5 9.39999 5.2
    endloop
  endfacet
  facet normal 0 0 -1
    outer loop
      vertex 63.0798 8.10686 5.2
      vertex 63.5917 7.74196 5.2
      vertex 63.3977 7.62307 5.2
    endloop
  endfacet
  facet normal 0 0 -1
    outer loop
      vertex 64.25 7.9 5.2
      vertex 63.3923 8.72015 5.2
      vertex 63.4729 9.05583 5.2
    endloop
  endfacet
  facet normal 0 0 -1
    outer loop
      vertex 64.0232 7.88215 5.2
      vertex 63.2602 8.40121 5.2
      vertex 63.3923 8.72015 5.2
    endloop
  endfacet
  facet normal 0 0 -1
    outer loop
      vertex 62.8556 7.84436 5.2
      vertex 63.3977 7.62307 5.2
      vertex 63.2247 7.4753 5.2
    endloop
  endfacet
  facet normal 0 0 -1
    outer loop
      vertex 63.5917 7.74196 5.2
      vertex 63.0798 8.10686 5.2
      vertex 63.2602 8.40121 5.2
    endloop
  endfacet
  facet normal 0 0 -1
    outer loop
      vertex 62.8556 7.84436 5.2
      vertex 63.2247 7.4753 5.2
      vertex 63.0769 7.30229 5.2
    endloop
  endfacet
  facet normal 0 0 -1
    outer loop
      vertex 62.5931 7.62015 5.2
      vertex 63.0769 7.30229 5.2
      vertex 62.958 7.10829 5.2
    endloop
  endfacet
  facet normal 0 0 -1
    outer loop
      vertex 62.2988 7.43977 5.2
      vertex 62.958 7.10829 5.2
      vertex 62.871 6.89807 5.2
    endloop
  endfacet
  facet normal 0 0 -1
    outer loop
      vertex 63.3977 7.62307 5.2
      vertex 62.8556 7.84436 5.2
      vertex 63.0798 8.10686 5.2
    endloop
  endfacet
  facet normal 0 0 -1
    outer loop
      vertex 62.2988 7.43977 5.2
      vertex 62.871 6.89807 5.2
      vertex 62.8179 6.67683 5.2
    endloop
  endfacet
  facet normal 0 0 -1
    outer loop
      vertex 61.9798 7.30766 5.2
      vertex 62.8179 6.67683 5.2
      vertex 62.8 6.45 5.2
    endloop
  endfacet
  facet normal 0 0 -1
    outer loop
      vertex 63.0769 7.30229 5.2
      vertex 62.5931 7.62015 5.2
      vertex 62.8556 7.84436 5.2
    endloop
  endfacet
  facet normal 0 0 -1
    outer loop
      vertex 65.629 6.00192 5.2
      vertex 70.7 5.2 5.2
      vertex 70.636 4.38654 5.2
    endloop
  endfacet
  facet normal 0 0 -1
    outer loop
      vertex 65.6821 6.67683 5.2
      vertex 70.7 5.2 5.2
      vertex 65.7 6.45 5.2
    endloop
  endfacet
  facet normal 0 0 -1
    outer loop
      vertex 65.542 5.79171 5.2
      vertex 70.636 4.38654 5.2
      vertex 70.4455 3.59311 5.2
    endloop
  endfacet
  facet normal 0 0 -1
    outer loop
      vertex 65.629 6.89807 5.2
      vertex 70.7 5.2 5.2
      vertex 65.6821 6.67683 5.2
    endloop
  endfacet
  facet normal 0 0 -1
    outer loop
      vertex 65.542 5.79171 5.2
      vertex 70.4455 3.59311 5.2
      vertex 70.1332 2.83925 5.2
    endloop
  endfacet
  facet normal 0 0 -1
    outer loop
      vertex 65.6821 29.5768 5.2
      vertex 70.7 30.5 5.2
      vertex 65.7 29.35 5.2
    endloop
  endfacet
  facet normal 0 0 -1
    outer loop
      vertex 65.4231 5.59771 5.2
      vertex 70.1332 2.83925 5.2
      vertex 69.7069 2.14352 5.2
    endloop
  endfacet
  facet normal 0 0 -1
    outer loop
      vertex 65.629 29.7981 5.2
      vertex 70.7 30.5 5.2
      vertex 65.6821 29.5768 5.2
    endloop
  endfacet
  facet normal 0 0 -1
    outer loop
      vertex 65.2753 5.4247 5.2
      vertex 69.7069 2.14352 5.2
      vertex 69.177 1.52304 5.2
    endloop
  endfacet
  facet normal -0 0 -1
    outer loop
      vertex 70.7 30.5 5.2
      vertex 65.629 29.7981 5.2
      vertex 70.636 31.3135 5.2
    endloop
  endfacet
  facet normal 0 0 -1
    outer loop
      vertex 65.2753 5.4247 5.2
      vertex 69.177 1.52304 5.2
      vertex 68.5565 0.993112 5.2
    endloop
  endfacet
  facet normal 0 0 -1
    outer loop
      vertex 65.542 30.0083 5.2
      vertex 70.636 31.3135 5.2
      vertex 65.629 29.7981 5.2
    endloop
  endfacet
  facet normal 0 0 -1
    outer loop
      vertex 65.1023 5.27693 5.2
      vertex 68.5565 0.993112 5.2
      vertex 67.8607 0.566766 5.2
    endloop
  endfacet
  facet normal -0 0 -1
    outer loop
      vertex 70.636 31.3135 5.2
      vertex 65.542 30.0083 5.2
      vertex 70.4455 32.1069 5.2
    endloop
  endfacet
  facet normal 0 0 -1
    outer loop
      vertex 65.1023 5.27693 5.2
      vertex 67.8607 0.566766 5.2
      vertex 67.1069 0.254506 5.2
    endloop
  endfacet
  facet normal -0 0 -1
    outer loop
      vertex 70.4455 32.1069 5.2
      vertex 65.542 30.0083 5.2
      vertex 70.1332 32.8607 5.2
    endloop
  endfacet
  facet normal 0 0 -1
    outer loop
      vertex 64.9083 5.15804 5.2
      vertex 67.1069 0.254506 5.2
      vertex 66.3135 0.0640202 5.2
    endloop
  endfacet
  facet normal 0 0 -1
    outer loop
      vertex 65.4231 30.2023 5.2
      vertex 70.1332 32.8607 5.2
      vertex 65.542 30.0083 5.2
    endloop
  endfacet
  facet normal -0 0 -1
    outer loop
      vertex 70.1332 32.8607 5.2
      vertex 65.4231 30.2023 5.2
      vertex 69.7069 33.5565 5.2
    endloop
  endfacet
  facet normal 0 0 -1
    outer loop
      vertex 70.7 5.2 5.2
      vertex 65.6821 6.22317 5.2
      vertex 65.7 6.45 5.2
    endloop
  endfacet
  facet normal 0 0 -1
    outer loop
      vertex 70.7 5.2 5.2
      vertex 65.629 6.00192 5.2
      vertex 65.6821 6.22317 5.2
    endloop
  endfacet
  facet normal 0 0 -1
    outer loop
      vertex 70.636 4.38654 5.2
      vertex 65.542 5.79171 5.2
      vertex 65.629 6.00192 5.2
    endloop
  endfacet
  facet normal 0 0 -1
    outer loop
      vertex 64.6981 5.07097 5.2
      vertex 66.3135 0.0640202 5.2
      vertex 65.5 0 5.2
    endloop
  endfacet
  facet normal 0 0 -1
    outer loop
      vertex 70.1332 2.83925 5.2
      vertex 65.4231 5.59771 5.2
      vertex 65.542 5.79171 5.2
    endloop
  endfacet
  facet normal 0 0 -1
    outer loop
      vertex 69.7069 2.14352 5.2
      vertex 65.2753 5.4247 5.2
      vertex 65.4231 5.59771 5.2
    endloop
  endfacet
  facet normal 0 0 -1
    outer loop
      vertex 68.5565 0.993112 5.2
      vertex 65.1023 5.27693 5.2
      vertex 65.2753 5.4247 5.2
    endloop
  endfacet
  facet normal 0 0 -1
    outer loop
      vertex 67.1069 0.254506 5.2
      vertex 64.9083 5.15804 5.2
      vertex 65.1023 5.27693 5.2
    endloop
  endfacet
  facet normal 0 0 -1
    outer loop
      vertex 66.3135 0.0640202 5.2
      vertex 64.6981 5.07097 5.2
      vertex 64.9083 5.15804 5.2
    endloop
  endfacet
  facet normal 0 0 -1
    outer loop
      vertex 65.5 0 5.2
      vertex 64.4768 5.01785 5.2
      vertex 64.6981 5.07097 5.2
    endloop
  endfacet
  facet normal 0 0 -1
    outer loop
      vertex 65.5 0 5.2
      vertex 64.25 5 5.2
      vertex 64.4768 5.01785 5.2
    endloop
  endfacet
  facet normal 0 0 -1
    outer loop
      vertex 65.5 0 5.2
      vertex 64.0232 5.01785 5.2
      vertex 64.25 5 5.2
    endloop
  endfacet
  facet normal 0 0 -1
    outer loop
      vertex 65.5 0 5.2
      vertex 63.8019 5.07097 5.2
      vertex 64.0232 5.01785 5.2
    endloop
  endfacet
  facet normal 0 0 -1
    outer loop
      vertex 65.5 0 5.2
      vertex 63.5917 5.15804 5.2
      vertex 63.8019 5.07097 5.2
    endloop
  endfacet
  facet normal 0 0 -1
    outer loop
      vertex 65.5 0 5.2
      vertex 63.3977 5.27693 5.2
      vertex 63.5917 5.15804 5.2
    endloop
  endfacet
  facet normal 0 0 -1
    outer loop
      vertex 54.504 0.7 5.2
      vertex 63.3977 5.27693 5.2
      vertex 65.5 0 5.2
    endloop
  endfacet
  facet normal -0 0 -1
    outer loop
      vertex 63.3977 5.27693 5.2
      vertex 54.504 0.7 5.2
      vertex 63.2247 5.4247 5.2
    endloop
  endfacet
  facet normal 0 0 -1
    outer loop
      vertex 54.504 2.05 5.2
      vertex 63.2247 5.4247 5.2
      vertex 54.504 0.7 5.2
    endloop
  endfacet
  facet normal 0 0 -1
    outer loop
      vertex 61.77 7.25729 5.2
      vertex 62.8 6.45 5.2
      vertex 62.8179 6.22317 5.2
    endloop
  endfacet
  facet normal 0 0 -1
    outer loop
      vertex 62.958 7.10829 5.2
      vertex 62.2988 7.43977 5.2
      vertex 62.5931 7.62015 5.2
    endloop
  endfacet
  facet normal 0 0 -1
    outer loop
      vertex 61.77 7.25729 5.2
      vertex 62.8179 6.22317 5.2
      vertex 62.871 6.00192 5.2
    endloop
  endfacet
  facet normal 0 0 -1
    outer loop
      vertex 62.8179 6.67683 5.2
      vertex 61.9798 7.30766 5.2
      vertex 62.2988 7.43977 5.2
    endloop
  endfacet
  facet normal 0 0 -1
    outer loop
      vertex 60.0467 7.2 5.2
      vertex 62.871 6.00192 5.2
      vertex 62.958 5.79171 5.2
    endloop
  endfacet
  facet normal -0 0 -1
    outer loop
      vertex 63.2247 5.4247 5.2
      vertex 54.504 2.05 5.2
      vertex 63.0769 5.59771 5.2
    endloop
  endfacet
  facet normal 0 0 -1
    outer loop
      vertex 62.8 6.45 5.2
      vertex 61.77 7.25729 5.2
      vertex 61.9798 7.30766 5.2
    endloop
  endfacet
  facet normal 0 0 -1
    outer loop
      vertex 61.43 9.3689 5.2
      vertex 61.77 9.17262 5.2
      vertex 61.77 7.25729 5.2
    endloop
  endfacet
  facet normal 0 0 -1
    outer loop
      vertex 61.43 11.9439 5.2
      vertex 63.5 11.1414 5.2
      vertex 61.43 9.3689 5.2
    endloop
  endfacet
  facet normal 0 0 -1
    outer loop
      vertex 63.5 11.1414 5.2
      vertex 61.43 11.9439 5.2
      vertex 61.77 12.1402 5.2
    endloop
  endfacet
  facet normal -0 0 -1
    outer loop
      vertex 61.77 12.1402 5.2
      vertex 61.43 11.9439 5.2
      vertex 61.77 14.7152 5.2
    endloop
  endfacet
  facet normal 0 0 -1
    outer loop
      vertex 61.43 14.9115 5.2
      vertex 61.77 14.7152 5.2
      vertex 61.43 11.9439 5.2
    endloop
  endfacet
  facet normal 0 0 -1
    outer loop
      vertex 61.43 17.4865 5.2
      vertex 63.5 16.6839 5.2
      vertex 61.43 14.9115 5.2
    endloop
  endfacet
  facet normal 0 0 -1
    outer loop
      vertex 61.77 20.2577 5.2
      vertex 61.5 26.44 5.2
      vertex 61.77 23.2253 5.2
    endloop
  endfacet
  facet normal 0 0 -1
    outer loop
      vertex 61.77 23.2253 5.2
      vertex 61.5 26.44 5.2
      vertex 61.77 24.9427 5.2
    endloop
  endfacet
  facet normal -0 0 -1
    outer loop
      vertex 61.77 7.25729 5.2
      vertex 60.0467 7.2 5.2
      vertex 61.43 9.3689 5.2
    endloop
  endfacet
  facet normal 0 0 -1
    outer loop
      vertex 62.871 6.00192 5.2
      vertex 60.0467 7.2 5.2
      vertex 61.77 7.25729 5.2
    endloop
  endfacet
  facet normal 0 0 -1
    outer loop
      vertex 63.0769 5.59771 5.2
      vertex 60.0467 7.2 5.2
      vertex 62.958 5.79171 5.2
    endloop
  endfacet
  facet normal 0 0 -1
    outer loop
      vertex 56.63 9.17262 5.2
      vertex 56.97 9.3689 5.2
      vertex 56.63 7.2 5.2
    endloop
  endfacet
  facet normal -0 0 -1
    outer loop
      vertex 56.97 9.3689 5.2
      vertex 56.63 9.17262 5.2
      vertex 56.97 11.9439 5.2
    endloop
  endfacet
  facet normal 0 0 -1
    outer loop
      vertex 56.63 12.1402 5.2
      vertex 56.97 11.9439 5.2
      vertex 56.63 9.17262 5.2
    endloop
  endfacet
  facet normal 0 0 -1
    outer loop
      vertex 56.97 11.9439 5.2
      vertex 56.63 12.1402 5.2
      vertex 56.97 14.9115 5.2
    endloop
  endfacet
  facet normal 0 0 -1
    outer loop
      vertex 56.63 14.7152 5.2
      vertex 56.97 14.9115 5.2
      vertex 56.63 12.1402 5.2
    endloop
  endfacet
  facet normal 0 0 -1
    outer loop
      vertex 58.3533 7.2 5.2
      vertex 56.63 7.2 5.2
      vertex 56.97 9.3689 5.2
    endloop
  endfacet
  facet normal -0 0 -1
    outer loop
      vertex 63.0769 5.59771 5.2
      vertex 54.504 2.05 5.2
      vertex 60.0467 7.2 5.2
    endloop
  endfacet
  facet normal -0 0 -1
    outer loop
      vertex 60.0467 7.2 5.2
      vertex 54.504 2.05 5.2
      vertex 58.3533 7.2 5.2
    endloop
  endfacet
  facet normal 0 0 -1
    outer loop
      vertex 65.5 0 5.2
      vertex 47.304 0.7 5.2
      vertex 54.504 0.7 5.2
    endloop
  endfacet
  facet normal 0 0 -1
    outer loop
      vertex 40.8467 7.2 5.2
      vertex 47.304 2.05 5.2
      vertex 47.304 0.7 5.2
    endloop
  endfacet
  facet normal 0 0 -1
    outer loop
      vertex 47.304 2.05 5.2
      vertex 42.57 7.2 5.2
      vertex 47.03 7.2 5.2
    endloop
  endfacet
  facet normal 0 0 -1
    outer loop
      vertex 42.23 9.3689 5.2
      vertex 42.57 9.17262 5.2
      vertex 42.57 7.2 5.2
    endloop
  endfacet
  facet normal 0 0 -1
    outer loop
      vertex 42.57 9.17262 5.2
      vertex 42.23 9.3689 5.2
      vertex 42.57 12.1402 5.2
    endloop
  endfacet
  facet normal 0 0 -1
    outer loop
      vertex 42.23 11.9439 5.2
      vertex 42.57 12.1402 5.2
      vertex 42.23 9.3689 5.2
    endloop
  endfacet
  facet normal -0 0 -1
    outer loop
      vertex 42.57 12.1402 5.2
      vertex 42.23 11.9439 5.2
      vertex 42.57 14.7152 5.2
    endloop
  endfacet
  facet normal 0 0 -1
    outer loop
      vertex 42.23 14.9115 5.2
      vertex 42.57 14.7152 5.2
      vertex 42.23 11.9439 5.2
    endloop
  endfacet
  facet normal 0 0 -1
    outer loop
      vertex 42.57 14.7152 5.2
      vertex 42.23 14.9115 5.2
      vertex 42.57 17.6827 5.2
    endloop
  endfacet
  facet normal 0 0 -1
    outer loop
      vertex 42.23 17.4865 5.2
      vertex 42.57 17.6827 5.2
      vertex 42.23 14.9115 5.2
    endloop
  endfacet
  facet normal 0 0 -1
    outer loop
      vertex 42.57 7.2 5.2
      vertex 40.8467 7.2 5.2
      vertex 42.23 9.3689 5.2
    endloop
  endfacet
  facet normal 0 0 -1
    outer loop
      vertex 47.304 2.05 5.2
      vertex 40.8467 7.2 5.2
      vertex 42.57 7.2 5.2
    endloop
  endfacet
  facet normal 0 0 -1
    outer loop
      vertex 47.304 0.7 5.2
      vertex 39.1533 7.2 5.2
      vertex 40.8467 7.2 5.2
    endloop
  endfacet
  facet normal 0 0 -1
    outer loop
      vertex 37.43 9.17262 5.2
      vertex 37.77 9.3689 5.2
      vertex 37.43 7.2 5.2
    endloop
  endfacet
  facet normal -0 0 -1
    outer loop
      vertex 37.77 9.3689 5.2
      vertex 37.43 9.17262 5.2
      vertex 37.77 11.9439 5.2
    endloop
  endfacet
  facet normal 0 0 -1
    outer loop
      vertex 37.43 12.1402 5.2
      vertex 37.77 11.9439 5.2
      vertex 37.43 9.17262 5.2
    endloop
  endfacet
  facet normal 0 0 -1
    outer loop
      vertex 37.77 11.9439 5.2
      vertex 37.43 12.1402 5.2
      vertex 37.77 14.9115 5.2
    endloop
  endfacet
  facet normal 0 0 -1
    outer loop
      vertex 37.43 14.7152 5.2
      vertex 37.77 14.9115 5.2
      vertex 37.43 12.1402 5.2
    endloop
  endfacet
  facet normal 0 0 -1
    outer loop
      vertex 39.1533 7.2 5.2
      vertex 37.43 7.2 5.2
      vertex 37.77 9.3689 5.2
    endloop
  endfacet
  facet normal 0 0 -1
    outer loop
      vertex 47.304 0.7 5.2
      vertex 37.43 7.2 5.2
      vertex 39.1533 7.2 5.2
    endloop
  endfacet
  facet normal 0 0 -1
    outer loop
      vertex 23.396 0.7 5.2
      vertex 37.43 7.2 5.2
      vertex 47.304 0.7 5.2
    endloop
  endfacet
  facet normal 0 0 -1
    outer loop
      vertex 32.63 9.3689 5.2
      vertex 32.97 9.17262 5.2
      vertex 32.97 7.2 5.2
    endloop
  endfacet
  facet normal 0 0 -1
    outer loop
      vertex 32.97 9.17262 5.2
      vertex 32.63 9.3689 5.2
      vertex 32.97 12.1402 5.2
    endloop
  endfacet
  facet normal 0 0 -1
    outer loop
      vertex 32.63 11.9439 5.2
      vertex 32.97 12.1402 5.2
      vertex 32.63 9.3689 5.2
    endloop
  endfacet
  facet normal -0 0 -1
    outer loop
      vertex 32.97 12.1402 5.2
      vertex 32.63 11.9439 5.2
      vertex 32.97 14.7152 5.2
    endloop
  endfacet
  facet normal 0 0 -1
    outer loop
      vertex 32.63 14.9115 5.2
      vertex 32.97 14.7152 5.2
      vertex 32.63 11.9439 5.2
    endloop
  endfacet
  facet normal 0 0 -1
    outer loop
      vertex 32.97 14.7152 5.2
      vertex 32.63 14.9115 5.2
      vertex 32.97 17.6827 5.2
    endloop
  endfacet
  facet normal 0 0 -1
    outer loop
      vertex 32.63 17.4865 5.2
      vertex 32.97 17.6827 5.2
      vertex 32.63 14.9115 5.2
    endloop
  endfacet
  facet normal 0 0 -1
    outer loop
      vertex 32.97 7.2 5.2
      vertex 31.2467 7.2 5.2
      vertex 32.63 9.3689 5.2
    endloop
  endfacet
  facet normal -0 0 -1
    outer loop
      vertex 37.43 7.2 5.2
      vertex 23.396 0.7 5.2
      vertex 32.97 7.2 5.2
    endloop
  endfacet
  facet normal -0 0 -1
    outer loop
      vertex 32.97 7.2 5.2
      vertex 23.396 0.7 5.2
      vertex 31.2467 7.2 5.2
    endloop
  endfacet
  facet normal 0 0 -1
    outer loop
      vertex 27.83 9.17262 5.2
      vertex 28.17 9.3689 5.2
      vertex 27.83 7.2 5.2
    endloop
  endfacet
  facet normal -0 0 -1
    outer loop
      vertex 28.17 9.3689 5.2
      vertex 27.83 9.17262 5.2
      vertex 28.17 11.9439 5.2
    endloop
  endfacet
  facet normal 0 0 -1
    outer loop
      vertex 27.83 12.1402 5.2
      vertex 28.17 11.9439 5.2
      vertex 27.83 9.17262 5.2
    endloop
  endfacet
  facet normal 0 0 -1
    outer loop
      vertex 28.17 11.9439 5.2
      vertex 27.83 12.1402 5.2
      vertex 28.17 14.9115 5.2
    endloop
  endfacet
  facet normal 0 0 -1
    outer loop
      vertex 27.83 14.7152 5.2
      vertex 28.17 14.9115 5.2
      vertex 27.83 12.1402 5.2
    endloop
  endfacet
  facet normal 0 0 -1
    outer loop
      vertex 29.5533 7.2 5.2
      vertex 27.83 7.2 5.2
      vertex 28.17 9.3689 5.2
    endloop
  endfacet
  facet normal -0 0 -1
    outer loop
      vertex 31.2467 7.2 5.2
      vertex 23.396 0.7 5.2
      vertex 29.5533 7.2 5.2
    endloop
  endfacet
  facet normal 0 0 -1
    outer loop
      vertex 23.396 2.05 5.2
      vertex 29.5533 7.2 5.2
      vertex 23.396 0.7 5.2
    endloop
  endfacet
  facet normal 0 0 -1
    outer loop
      vertex 65.5 0 5.2
      vertex 23.396 0.7 5.2
      vertex 47.304 0.7 5.2
    endloop
  endfacet
  facet normal 0 0 -1
    outer loop
      vertex 5.2 0 5.2
      vertex 23.396 0.7 5.2
      vertex 65.5 0 5.2
    endloop
  endfacet
  facet normal 0 0 -1
    outer loop
      vertex 7.4253 5.4247 5.2
      vertex 16.196 2.05 5.2
      vertex 16.196 0.7 5.2
    endloop
  endfacet
  facet normal 0 0 -1
    outer loop
      vertex 13.43 9.3689 5.2
      vertex 13.77 9.17262 5.2
      vertex 13.77 7.2 5.2
    endloop
  endfacet
  facet normal 0 0 -1
    outer loop
      vertex 13.77 9.17262 5.2
      vertex 13.43 9.3689 5.2
      vertex 13.77 12.1402 5.2
    endloop
  endfacet
  facet normal 0 0 -1
    outer loop
      vertex 13.43 11.9439 5.2
      vertex 13.77 12.1402 5.2
      vertex 13.43 9.3689 5.2
    endloop
  endfacet
  facet normal -0 0 -1
    outer loop
      vertex 13.77 12.1402 5.2
      vertex 13.43 11.9439 5.2
      vertex 13.77 14.7152 5.2
    endloop
  endfacet
  facet normal 0 0 -1
    outer loop
      vertex 13.43 14.9115 5.2
      vertex 13.77 14.7152 5.2
      vertex 13.43 11.9439 5.2
    endloop
  endfacet
  facet normal 0 0 -1
    outer loop
      vertex 13.77 14.7152 5.2
      vertex 13.43 14.9115 5.2
      vertex 13.77 17.6827 5.2
    endloop
  endfacet
  facet normal 0 0 -1
    outer loop
      vertex 13.43 17.4865 5.2
      vertex 13.77 17.6827 5.2
      vertex 13.43 14.9115 5.2
    endloop
  endfacet
  facet normal 0 0 -1
    outer loop
      vertex 13.77 7.2 5.2
      vertex 12.0467 7.2 5.2
      vertex 13.43 9.3689 5.2
    endloop
  endfacet
  facet normal 0 0 -1
    outer loop
      vertex 16.196 2.05 5.2
      vertex 12.0467 7.2 5.2
      vertex 13.77 7.2 5.2
    endloop
  endfacet
  facet normal 0 0 -1
    outer loop
      vertex 16.196 2.05 5.2
      vertex 7.4253 5.4247 5.2
      vertex 12.0467 7.2 5.2
    endloop
  endfacet
  facet normal 0 0 -1
    outer loop
      vertex 8.63 9.17262 5.2
      vertex 8.96997 9.3689 5.2
      vertex 8.63 7.345 5.2
    endloop
  endfacet
  facet normal 0 0 -1
    outer loop
      vertex 7.2 9.99823 5.2
      vertex 8.96997 9.3689 5.2
      vertex 8.63 9.17262 5.2
    endloop
  endfacet
  facet normal 0 0 -1
    outer loop
      vertex 8.96997 9.3689 5.2
      vertex 7.2 9.99823 5.2
      vertex 8.96997 11.9439 5.2
    endloop
  endfacet
  facet normal 0 0 -1
    outer loop
      vertex 8.96997 11.9439 5.2
      vertex 8.63 12.1402 5.2
      vertex 8.96997 14.9115 5.2
    endloop
  endfacet
  facet normal 0 0 -1
    outer loop
      vertex 8.63 14.7152 5.2
      vertex 8.96997 14.9115 5.2
      vertex 8.63 12.1402 5.2
    endloop
  endfacet
  facet normal 0 0 -1
    outer loop
      vertex 10.3533 7.2 5.2
      vertex 8.63 7.345 5.2
      vertex 8.96997 9.3689 5.2
    endloop
  endfacet
  facet normal -0 0 -1
    outer loop
      vertex 12.0467 7.2 5.2
      vertex 7.57307 5.59771 5.2
      vertex 10.3533 7.2 5.2
    endloop
  endfacet
  facet normal 0 -0 -1
    outer loop
      vertex 7.83215 6.22317 5.2
      vertex 10.3533 7.2 5.2
      vertex 7.77903 6.00192 5.2
    endloop
  endfacet
  facet normal -0 0 -1
    outer loop
      vertex 10.3533 7.2 5.2
      vertex 7.83215 6.22317 5.2
      vertex 8.63 7.345 5.2
    endloop
  endfacet
  facet normal 0 0 -1
    outer loop
      vertex 7.83215 6.67683 5.2
      vertex 8.63 7.345 5.2
      vertex 7.85 6.45 5.2
    endloop
  endfacet
  facet normal -0 0 -1
    outer loop
      vertex 8.63 7.345 5.2
      vertex 7.83215 6.67683 5.2
      vertex 8.40121 7.43977 5.2
    endloop
  endfacet
  facet normal 0 -0 -1
    outer loop
      vertex 7.85 6.45 5.2
      vertex 8.63 7.345 5.2
      vertex 7.83215 6.22317 5.2
    endloop
  endfacet
  facet normal 0 0 -1
    outer loop
      vertex 10.3533 7.2 5.2
      vertex 7.69196 5.79171 5.2
      vertex 7.77903 6.00192 5.2
    endloop
  endfacet
  facet normal 0 0 -1
    outer loop
      vertex 10.3533 7.2 5.2
      vertex 7.57307 5.59771 5.2
      vertex 7.69196 5.79171 5.2
    endloop
  endfacet
  facet normal 0 0 -1
    outer loop
      vertex 12.0467 7.2 5.2
      vertex 7.4253 5.4247 5.2
      vertex 7.57307 5.59771 5.2
    endloop
  endfacet
  facet normal 0 0 -1
    outer loop
      vertex 16.196 0.7 5.2
      vertex 7.25229 5.27693 5.2
      vertex 7.4253 5.4247 5.2
    endloop
  endfacet
  facet normal 0 0 -1
    outer loop
      vertex 5.2 0 5.2
      vertex 7.25229 5.27693 5.2
      vertex 16.196 0.7 5.2
    endloop
  endfacet
  facet normal 0 0 -1
    outer loop
      vertex 7.25229 5.27693 5.2
      vertex 5.2 0 5.2
      vertex 7.05829 5.15804 5.2
    endloop
  endfacet
  facet normal 0 0 -1
    outer loop
      vertex 7.05829 5.15804 5.2
      vertex 5.2 0 5.2
      vertex 6.84807 5.07097 5.2
    endloop
  endfacet
  facet normal 0 0 -1
    outer loop
      vertex 6.84807 5.07097 5.2
      vertex 5.2 0 5.2
      vertex 6.62683 5.01785 5.2
    endloop
  endfacet
  facet normal 0 0 -1
    outer loop
      vertex 6.62683 5.01785 5.2
      vertex 5.2 0 5.2
      vertex 6.4 5 5.2
    endloop
  endfacet
  facet normal -0 0 -1
    outer loop
      vertex 6.4 5 5.2
      vertex 5.2 0 5.2
      vertex 6.17317 5.01785 5.2
    endloop
  endfacet
  facet normal -0 0 -1
    outer loop
      vertex 6.17317 5.01785 5.2
      vertex 5.2 0 5.2
      vertex 5.95193 5.07097 5.2
    endloop
  endfacet
  facet normal -0 0 -1
    outer loop
      vertex 23.396 0.7 5.2
      vertex 5.2 0 5.2
      vertex 16.196 0.7 5.2
    endloop
  endfacet
  facet normal 0 0 -1
    outer loop
      vertex 4.38654 0.0640202 5.2
      vertex 5.95193 5.07097 5.2
      vertex 5.2 0 5.2
    endloop
  endfacet
  facet normal -0 0 -1
    outer loop
      vertex 5.95193 5.07097 5.2
      vertex 4.38654 0.0640202 5.2
      vertex 5.74171 5.15804 5.2
    endloop
  endfacet
  facet normal 0 0 -1
    outer loop
      vertex 3.59311 0.254506 5.2
      vertex 5.74171 5.15804 5.2
      vertex 4.38654 0.0640202 5.2
    endloop
  endfacet
  facet normal -0 0 -1
    outer loop
      vertex 5.74171 5.15804 5.2
      vertex 3.59311 0.254506 5.2
      vertex 5.54771 5.27693 5.2
    endloop
  endfacet
  facet normal 0 0 -1
    outer loop
      vertex 2.83925 0.566766 5.2
      vertex 5.54771 5.27693 5.2
      vertex 3.59311 0.254506 5.2
    endloop
  endfacet
  facet normal 0 0 -1
    outer loop
      vertex 2.14352 0.993112 5.2
      vertex 5.54771 5.27693 5.2
      vertex 2.83925 0.566766 5.2
    endloop
  endfacet
  facet normal -0 0 -1
    outer loop
      vertex 5.54771 5.27693 5.2
      vertex 2.14352 0.993112 5.2
      vertex 5.37469 5.4247 5.2
    endloop
  endfacet
  facet normal 0 0 -1
    outer loop
      vertex 1.52304 1.52304 5.2
      vertex 5.37469 5.4247 5.2
      vertex 2.14352 0.993112 5.2
    endloop
  endfacet
  facet normal 0 0 -1
    outer loop
      vertex 0.993112 2.14352 5.2
      vertex 5.37469 5.4247 5.2
      vertex 1.52304 1.52304 5.2
    endloop
  endfacet
  facet normal 0 0 -1
    outer loop
      vertex 65.2753 30.3753 5.2
      vertex 69.7069 33.5565 5.2
      vertex 65.4231 30.2023 5.2
    endloop
  endfacet
  facet normal -0 0 -1
    outer loop
      vertex 69.7069 33.5565 5.2
      vertex 65.2753 30.3753 5.2
      vertex 69.177 34.177 5.2
    endloop
  endfacet
  facet normal -0 0 -1
    outer loop
      vertex 69.177 34.177 5.2
      vertex 65.2753 30.3753 5.2
      vertex 68.5565 34.7069 5.2
    endloop
  endfacet
  facet normal 0 0 -1
    outer loop
      vertex 65.1023 30.5231 5.2
      vertex 68.5565 34.7069 5.2
      vertex 65.2753 30.3753 5.2
    endloop
  endfacet
  facet normal -0 0 -1
    outer loop
      vertex 68.5565 34.7069 5.2
      vertex 65.1023 30.5231 5.2
      vertex 67.8607 35.1332 5.2
    endloop
  endfacet
  facet normal -0 0 -1
    outer loop
      vertex 67.8607 35.1332 5.2
      vertex 65.1023 30.5231 5.2
      vertex 67.1069 35.4455 5.2
    endloop
  endfacet
  facet normal 0 0 -1
    outer loop
      vertex 64.9083 30.642 5.2
      vertex 67.1069 35.4455 5.2
      vertex 65.1023 30.5231 5.2
    endloop
  endfacet
  facet normal -0 0 -1
    outer loop
      vertex 67.1069 35.4455 5.2
      vertex 64.9083 30.642 5.2
      vertex 66.3135 35.636 5.2
    endloop
  endfacet
  facet normal 0 0 -1
    outer loop
      vertex 64.6981 30.729 5.2
      vertex 66.3135 35.636 5.2
      vertex 64.9083 30.642 5.2
    endloop
  endfacet
  facet normal -0 0 -1
    outer loop
      vertex 66.3135 35.636 5.2
      vertex 64.6981 30.729 5.2
      vertex 65.5 35.7 5.2
    endloop
  endfacet
  facet normal 0 0 -1
    outer loop
      vertex 64.4768 30.7821 5.2
      vertex 65.5 35.7 5.2
      vertex 64.6981 30.729 5.2
    endloop
  endfacet
  facet normal 0 0 -1
    outer loop
      vertex 64.25 30.8 5.2
      vertex 65.5 35.7 5.2
      vertex 64.4768 30.7821 5.2
    endloop
  endfacet
  facet normal 0 0 -1
    outer loop
      vertex 64.0232 30.7821 5.2
      vertex 65.5 35.7 5.2
      vertex 64.25 30.8 5.2
    endloop
  endfacet
  facet normal 0 0 -1
    outer loop
      vertex 61.5 35.7 5.2
      vertex 64.0232 30.7821 5.2
      vertex 63.8019 30.729 5.2
    endloop
  endfacet
  facet normal 0 0 -1
    outer loop
      vertex 61.5 35.7 5.2
      vertex 63.8019 30.729 5.2
      vertex 63.5917 30.642 5.2
    endloop
  endfacet
  facet normal 0 0 -1
    outer loop
      vertex 61.5 35.7 5.2
      vertex 63.5917 30.642 5.2
      vertex 63.3977 30.5231 5.2
    endloop
  endfacet
  facet normal 0 0 -1
    outer loop
      vertex 61.5 35.7 5.2
      vertex 63.3977 30.5231 5.2
      vertex 63.2247 30.3753 5.2
    endloop
  endfacet
  facet normal 0 0 -1
    outer loop
      vertex 61.5 35.7 5.2
      vertex 63.2247 30.3753 5.2
      vertex 63.0769 30.2023 5.2
    endloop
  endfacet
  facet normal 0 0 -1
    outer loop
      vertex 61.5 35.7 5.2
      vertex 63.0769 30.2023 5.2
      vertex 62.958 30.0083 5.2
    endloop
  endfacet
  facet normal -0 0 -1
    outer loop
      vertex 62.871 28.9019 5.2
      vertex 61.5 26.44 5.2
      vertex 62.8179 29.1232 5.2
    endloop
  endfacet
  facet normal -0 0 -1
    outer loop
      vertex 62.8179 29.1232 5.2
      vertex 61.5 26.44 5.2
      vertex 62.8 29.35 5.2
    endloop
  endfacet
  facet normal 0 0 -1
    outer loop
      vertex 61.5 26.44 5.2
      vertex 62.2988 24.7602 5.2
      vertex 61.9798 24.8923 5.2
    endloop
  endfacet
  facet normal 0 0 -1
    outer loop
      vertex 61.5 26.44 5.2
      vertex 61.9798 24.8923 5.2
      vertex 61.77 24.9427 5.2
    endloop
  endfacet
  facet normal -0 0 -1
    outer loop
      vertex 62.8 29.35 5.2
      vertex 61.5 26.44 5.2
      vertex 62.8179 29.5768 5.2
    endloop
  endfacet
  facet normal 0 0 -1
    outer loop
      vertex 61.5 35.7 5.2
      vertex 62.8179 29.5768 5.2
      vertex 61.5 26.44 5.2
    endloop
  endfacet
  facet normal 0 0 -1
    outer loop
      vertex 64.0232 30.7821 5.2
      vertex 61.5 35.7 5.2
      vertex 65.5 35.7 5.2
    endloop
  endfacet
  facet normal 0 0 -1
    outer loop
      vertex 62.871 29.7981 5.2
      vertex 61.5 35.7 5.2
      vertex 62.958 30.0083 5.2
    endloop
  endfacet
  facet normal 0 0 -1
    outer loop
      vertex 62.8179 29.5768 5.2
      vertex 61.5 35.7 5.2
      vertex 62.871 29.7981 5.2
    endloop
  endfacet
  facet normal 0 0 -1
    outer loop
      vertex 65.1023 7.62307 5.2
      vertex 63.5 10.1714 5.2
      vertex 63.5 11.1414 5.2
    endloop
  endfacet
  facet normal 0 0 -1
    outer loop
      vertex 70.7 5.2 5.2
      vertex 63.5 11.1414 5.2
      vertex 63.5 15.714 5.2
    endloop
  endfacet
  facet normal 0 0 -1
    outer loop
      vertex 65.1023 28.1769 5.2
      vertex 63.3923 23.4798 5.2
      vertex 64.9083 28.058 5.2
    endloop
  endfacet
  facet normal 0 0 -1
    outer loop
      vertex 63.2602 23.7988 5.2
      vertex 64.9083 28.058 5.2
      vertex 63.3923 23.4798 5.2
    endloop
  endfacet
  facet normal 0 0 -1
    outer loop
      vertex 64.9083 28.058 5.2
      vertex 63.2602 23.7988 5.2
      vertex 64.6981 27.971 5.2
    endloop
  endfacet
  facet normal 0 0 -1
    outer loop
      vertex 63.0798 24.0931 5.2
      vertex 64.6981 27.971 5.2
      vertex 63.2602 23.7988 5.2
    endloop
  endfacet
  facet normal 0 0 -1
    outer loop
      vertex 64.6981 27.971 5.2
      vertex 63.0798 24.0931 5.2
      vertex 64.4768 27.9179 5.2
    endloop
  endfacet
  facet normal 0 0 -1
    outer loop
      vertex 62.8556 24.3556 5.2
      vertex 64.4768 27.9179 5.2
      vertex 63.0798 24.0931 5.2
    endloop
  endfacet
  facet normal 0 0 -1
    outer loop
      vertex 64.4768 27.9179 5.2
      vertex 62.8556 24.3556 5.2
      vertex 64.25 27.9 5.2
    endloop
  endfacet
  facet normal -0 0 -1
    outer loop
      vertex 64.25 27.9 5.2
      vertex 62.8556 24.3556 5.2
      vertex 64.0232 27.9179 5.2
    endloop
  endfacet
  facet normal 0 0 -1
    outer loop
      vertex 62.5931 24.5798 5.2
      vertex 64.0232 27.9179 5.2
      vertex 62.8556 24.3556 5.2
    endloop
  endfacet
  facet normal -0 0 -1
    outer loop
      vertex 64.0232 27.9179 5.2
      vertex 62.5931 24.5798 5.2
      vertex 63.8019 27.971 5.2
    endloop
  endfacet
  facet normal 0 0 -1
    outer loop
      vertex 62.2988 24.7602 5.2
      vertex 63.8019 27.971 5.2
      vertex 62.5931 24.5798 5.2
    endloop
  endfacet
  facet normal 0 0 -1
    outer loop
      vertex 61.5 26.44 5.2
      vertex 63.8019 27.971 5.2
      vertex 62.2988 24.7602 5.2
    endloop
  endfacet
  facet normal -0 0 -1
    outer loop
      vertex 63.8019 27.971 5.2
      vertex 61.5 26.44 5.2
      vertex 63.5917 28.058 5.2
    endloop
  endfacet
  facet normal -0 0 -1
    outer loop
      vertex 63.5917 28.058 5.2
      vertex 61.5 26.44 5.2
      vertex 63.3977 28.1769 5.2
    endloop
  endfacet
  facet normal -0 0 -1
    outer loop
      vertex 63.3977 28.1769 5.2
      vertex 61.5 26.44 5.2
      vertex 63.2247 28.3247 5.2
    endloop
  endfacet
  facet normal -0 0 -1
    outer loop
      vertex 63.2247 28.3247 5.2
      vertex 61.5 26.44 5.2
      vertex 63.0769 28.4977 5.2
    endloop
  endfacet
  facet normal -0 0 -1
    outer loop
      vertex 63.0769 28.4977 5.2
      vertex 61.5 26.44 5.2
      vertex 62.958 28.6917 5.2
    endloop
  endfacet
  facet normal -0 0 -1
    outer loop
      vertex 62.958 28.6917 5.2
      vertex 61.5 26.44 5.2
      vertex 62.871 28.9019 5.2
    endloop
  endfacet
  facet normal 0 -1 0
    outer loop
      vertex 5.2 0 5.2
      vertex 65.5 0 7.4
      vertex 5.2 0 7.4
    endloop
  endfacet
  facet normal 0 -1 -0
    outer loop
      vertex 65.5 0 7.4
      vertex 5.2 0 5.2
      vertex 65.5 0 5.2
    endloop
  endfacet
  facet normal 0.923851 0.382752 0
    outer loop
      vertex 70.4455 32.1069 7.4
      vertex 70.1332 32.8607 5.2
      vertex 70.1332 32.8607 7.4
    endloop
  endfacet
  facet normal 0.923851 0.382752 0
    outer loop
      vertex 70.1332 32.8607 5.2
      vertex 70.4455 32.1069 7.4
      vertex 70.4455 32.1069 5.2
    endloop
  endfacet
  facet normal -0.923879 -0.382684 0
    outer loop
      vertex 0.566766 2.83925 5.2
      vertex 0.254506 3.59311 7.4
      vertex 0.254506 3.59311 5.2
    endloop
  endfacet
  facet normal -0.923879 -0.382684 0
    outer loop
      vertex 0.254506 3.59311 7.4
      vertex 0.566766 2.83925 5.2
      vertex 0.566766 2.83925 7.4
    endloop
  endfacet
  facet normal 0.996919 -0.0784339 0
    outer loop
      vertex 70.636 4.38654 7.4
      vertex 70.7 5.2 5.2
      vertex 70.7 5.2 7.4
    endloop
  endfacet
  facet normal 0.996919 -0.0784339 0
    outer loop
      vertex 70.7 5.2 5.2
      vertex 70.636 4.38654 7.4
      vertex 70.636 4.38654 5.2
    endloop
  endfacet
  facet normal 0.99692 0.0784301 0
    outer loop
      vertex 70.7 30.5 7.4
      vertex 70.636 31.3135 5.2
      vertex 70.636 31.3135 7.4
    endloop
  endfacet
  facet normal 0.99692 0.0784301 0
    outer loop
      vertex 70.636 31.3135 5.2
      vertex 70.7 30.5 7.4
      vertex 70.7 30.5 5.2
    endloop
  endfacet
  facet normal 0.649408 0.760441 -0
    outer loop
      vertex 69.177 34.177 5.2
      vertex 68.5565 34.7069 7.4
      vertex 69.177 34.177 7.4
    endloop
  endfacet
  facet normal 0.649408 0.760441 0
    outer loop
      vertex 68.5565 34.7069 7.4
      vertex 69.177 34.177 5.2
      vertex 68.5565 34.7069 5.2
    endloop
  endfacet
  facet normal 0.649427 -0.760424 0
    outer loop
      vertex 68.5565 0.993112 5.2
      vertex 69.177 1.52304 7.4
      vertex 68.5565 0.993112 7.4
    endloop
  endfacet
  facet normal 0.649427 -0.760424 0
    outer loop
      vertex 69.177 1.52304 7.4
      vertex 68.5565 0.993112 5.2
      vertex 69.177 1.52304 5.2
    endloop
  endfacet
  facet normal -0.972368 0.233454 0
    outer loop
      vertex 0.0640202 31.3135 5.2
      vertex 0.254506 32.1069 7.4
      vertex 0.254506 32.1069 5.2
    endloop
  endfacet
  facet normal -0.972368 0.233454 0
    outer loop
      vertex 0.254506 32.1069 7.4
      vertex 0.0640202 31.3135 5.2
      vertex 0.0640202 31.3135 7.4
    endloop
  endfacet
  facet normal 0.0784547 -0.996918 0
    outer loop
      vertex 65.5 0 5.2
      vertex 66.3135 0.0640202 7.4
      vertex 65.5 0 7.4
    endloop
  endfacet
  facet normal 0.0784547 -0.996918 0
    outer loop
      vertex 66.3135 0.0640202 7.4
      vertex 65.5 0 5.2
      vertex 66.3135 0.0640202 5.2
    endloop
  endfacet
  facet normal 0.923862 -0.382726 0
    outer loop
      vertex 70.1332 2.83925 7.4
      vertex 70.4455 3.59311 5.2
      vertex 70.4455 3.59311 7.4
    endloop
  endfacet
  facet normal 0.923862 -0.382726 0
    outer loop
      vertex 70.4455 3.59311 5.2
      vertex 70.1332 2.83925 7.4
      vertex 70.1332 2.83925 5.2
    endloop
  endfacet
  facet normal 0.972366 -0.233462 0
    outer loop
      vertex 70.4455 3.59311 7.4
      vertex 70.636 4.38654 5.2
      vertex 70.636 4.38654 7.4
    endloop
  endfacet
  facet normal 0.972366 -0.233462 0
    outer loop
      vertex 70.636 4.38654 5.2
      vertex 70.4455 3.59311 7.4
      vertex 70.4455 3.59311 5.2
    endloop
  endfacet
  facet normal 0.233454 -0.972368 0
    outer loop
      vertex 66.3135 0.0640202 5.2
      vertex 67.1069 0.254506 7.4
      vertex 66.3135 0.0640202 7.4
    endloop
  endfacet
  facet normal 0.233454 -0.972368 0
    outer loop
      vertex 67.1069 0.254506 7.4
      vertex 66.3135 0.0640202 5.2
      vertex 67.1069 0.254506 5.2
    endloop
  endfacet
  facet normal 0.852664 -0.522459 0
    outer loop
      vertex 69.7069 2.14352 7.4
      vertex 70.1332 2.83925 5.2
      vertex 70.1332 2.83925 7.4
    endloop
  endfacet
  facet normal 0.852664 -0.522459 0
    outer loop
      vertex 70.1332 2.83925 5.2
      vertex 69.7069 2.14352 7.4
      vertex 69.7069 2.14352 5.2
    endloop
  endfacet
  facet normal -0.233466 0.972365 0
    outer loop
      vertex 6.84807 5.07097 5.2
      vertex 6.62683 5.01785 7.4
      vertex 6.84807 5.07097 7.4
    endloop
  endfacet
  facet normal -0.233466 0.972365 0
    outer loop
      vertex 6.62683 5.01785 7.4
      vertex 6.84807 5.07097 5.2
      vertex 6.62683 5.01785 5.2
    endloop
  endfacet
  facet normal -0.972365 -0.233466 0
    outer loop
      vertex 7.83215 6.67683 5.2
      vertex 7.77903 6.89807 7.4
      vertex 7.77903 6.89807 5.2
    endloop
  endfacet
  facet normal -0.972365 -0.233466 0
    outer loop
      vertex 7.77903 6.89807 7.4
      vertex 7.83215 6.67683 5.2
      vertex 7.83215 6.67683 7.4
    endloop
  endfacet
  facet normal -0.996918 -0.0784508 0
    outer loop
      vertex 7.85 6.45 5.2
      vertex 7.83215 6.67683 7.4
      vertex 7.83215 6.67683 5.2
    endloop
  endfacet
  facet normal -0.996918 -0.0784508 0
    outer loop
      vertex 7.83215 6.67683 7.4
      vertex 7.85 6.45 5.2
      vertex 7.85 6.45 7.4
    endloop
  endfacet
  facet normal -0.923889 -0.382661 0
    outer loop
      vertex 7.77903 6.89807 5.2
      vertex 7.69196 7.10829 7.4
      vertex 7.69196 7.10829 5.2
    endloop
  endfacet
  facet normal -0.923889 -0.382661 0
    outer loop
      vertex 7.69196 7.10829 7.4
      vertex 7.77903 6.89807 5.2
      vertex 7.77903 6.89807 7.4
    endloop
  endfacet
  facet normal 0.52252 -0.852627 0
    outer loop
      vertex 5.54771 7.62307 5.2
      vertex 5.74171 7.74196 7.4
      vertex 5.54771 7.62307 7.4
    endloop
  endfacet
  facet normal 0.52252 -0.852627 0
    outer loop
      vertex 5.74171 7.74196 7.4
      vertex 5.54771 7.62307 5.2
      vertex 5.74171 7.74196 5.2
    endloop
  endfacet
  facet normal -0.972367 0.233456 0
    outer loop
      vertex 7.77903 6.00192 5.2
      vertex 7.83215 6.22317 7.4
      vertex 7.83215 6.22317 5.2
    endloop
  endfacet
  facet normal -0.972367 0.233456 0
    outer loop
      vertex 7.83215 6.22317 7.4
      vertex 7.77903 6.00192 5.2
      vertex 7.77903 6.00192 7.4
    endloop
  endfacet
  facet normal 0.760394 -0.649462 0
    outer loop
      vertex 5.22692 7.30229 7.4
      vertex 5.37469 7.4753 5.2
      vertex 5.37469 7.4753 7.4
    endloop
  endfacet
  facet normal 0.760394 -0.649462 0
    outer loop
      vertex 5.37469 7.4753 5.2
      vertex 5.22692 7.30229 7.4
      vertex 5.22692 7.30229 5.2
    endloop
  endfacet
  facet normal -0.923882 0.382677 0
    outer loop
      vertex 7.69196 5.79171 5.2
      vertex 7.77903 6.00192 7.4
      vertex 7.77903 6.00192 5.2
    endloop
  endfacet
  facet normal -0.923882 0.382677 0
    outer loop
      vertex 7.77903 6.00192 7.4
      vertex 7.69196 5.79171 5.2
      vertex 7.69196 5.79171 7.4
    endloop
  endfacet
  facet normal -0.649462 -0.760394 0
    outer loop
      vertex 7.25229 7.62307 5.2
      vertex 7.4253 7.4753 7.4
      vertex 7.25229 7.62307 7.4
    endloop
  endfacet
  facet normal -0.649462 -0.760394 -0
    outer loop
      vertex 7.4253 7.4753 7.4
      vertex 7.25229 7.62307 5.2
      vertex 7.4253 7.4753 5.2
    endloop
  endfacet
  facet normal -0.0784508 -0.996918 0
    outer loop
      vertex 6.4 7.9 5.2
      vertex 6.62683 7.88215 7.4
      vertex 6.4 7.9 7.4
    endloop
  endfacet
  facet normal -0.0784508 -0.996918 -0
    outer loop
      vertex 6.62683 7.88215 7.4
      vertex 6.4 7.9 5.2
      vertex 6.62683 7.88215 5.2
    endloop
  endfacet
  facet normal 0.0784508 -0.996918 0
    outer loop
      vertex 6.17317 7.88215 5.2
      vertex 6.4 7.9 7.4
      vertex 6.17317 7.88215 7.4
    endloop
  endfacet
  facet normal 0.0784508 -0.996918 0
    outer loop
      vertex 6.4 7.9 7.4
      vertex 6.17317 7.88215 5.2
      vertex 6.4 7.9 5.2
    endloop
  endfacet
  facet normal 0.972367 0.233456 0
    outer loop
      vertex 5.02097 6.00192 7.4
      vertex 4.96785 6.22317 5.2
      vertex 4.96785 6.22317 7.4
    endloop
  endfacet
  facet normal 0.972367 0.233456 0
    outer loop
      vertex 4.96785 6.22317 5.2
      vertex 5.02097 6.00192 7.4
      vertex 5.02097 6.00192 5.2
    endloop
  endfacet
  facet normal -0.852627 0.52252 0
    outer loop
      vertex 7.57307 5.59771 5.2
      vertex 7.69196 5.79171 7.4
      vertex 7.69196 5.79171 5.2
    endloop
  endfacet
  facet normal -0.852627 0.52252 0
    outer loop
      vertex 7.69196 5.79171 7.4
      vertex 7.57307 5.59771 5.2
      vertex 7.57307 5.59771 7.4
    endloop
  endfacet
  facet normal 0.852647 -0.522488 0
    outer loop
      vertex 5.10804 7.10829 7.4
      vertex 5.22692 7.30229 5.2
      vertex 5.22692 7.30229 7.4
    endloop
  endfacet
  facet normal 0.852647 -0.522488 0
    outer loop
      vertex 5.22692 7.30229 5.2
      vertex 5.10804 7.10829 7.4
      vertex 5.10804 7.10829 5.2
    endloop
  endfacet
  facet normal -0.382661 0.923889 0
    outer loop
      vertex 7.05829 5.15804 5.2
      vertex 6.84807 5.07097 7.4
      vertex 7.05829 5.15804 7.4
    endloop
  endfacet
  facet normal -0.382661 0.923889 0
    outer loop
      vertex 6.84807 5.07097 7.4
      vertex 7.05829 5.15804 5.2
      vertex 6.84807 5.07097 5.2
    endloop
  endfacet
  facet normal -0.52252 0.852627 0
    outer loop
      vertex 7.25229 5.27693 5.2
      vertex 7.05829 5.15804 7.4
      vertex 7.25229 5.27693 7.4
    endloop
  endfacet
  facet normal -0.52252 0.852627 0
    outer loop
      vertex 7.05829 5.15804 7.4
      vertex 7.25229 5.27693 5.2
      vertex 7.05829 5.15804 5.2
    endloop
  endfacet
  facet normal -0.382661 -0.923889 0
    outer loop
      vertex 6.84807 7.82903 5.2
      vertex 7.05829 7.74196 7.4
      vertex 6.84807 7.82903 7.4
    endloop
  endfacet
  facet normal -0.382661 -0.923889 -0
    outer loop
      vertex 7.05829 7.74196 7.4
      vertex 6.84807 7.82903 5.2
      vertex 7.05829 7.74196 5.2
    endloop
  endfacet
  facet normal 0.382661 -0.923889 0
    outer loop
      vertex 5.74171 7.74196 5.2
      vertex 5.95193 7.82903 7.4
      vertex 5.74171 7.74196 7.4
    endloop
  endfacet
  facet normal 0.382661 -0.923889 0
    outer loop
      vertex 5.95193 7.82903 7.4
      vertex 5.74171 7.74196 5.2
      vertex 5.95193 7.82903 5.2
    endloop
  endfacet
  facet normal 0.382661 0.923889 -0
    outer loop
      vertex 5.95193 5.07097 5.2
      vertex 5.74171 5.15804 7.4
      vertex 5.95193 5.07097 7.4
    endloop
  endfacet
  facet normal 0.382661 0.923889 0
    outer loop
      vertex 5.74171 5.15804 7.4
      vertex 5.95193 5.07097 5.2
      vertex 5.74171 5.15804 5.2
    endloop
  endfacet
  facet normal 0.972365 -0.233466 0
    outer loop
      vertex 4.96785 6.67683 7.4
      vertex 5.02097 6.89807 5.2
      vertex 5.02097 6.89807 7.4
    endloop
  endfacet
  facet normal 0.972365 -0.233466 0
    outer loop
      vertex 5.02097 6.89807 5.2
      vertex 4.96785 6.67683 7.4
      vertex 4.96785 6.67683 5.2
    endloop
  endfacet
  facet normal -0.233466 -0.972365 0
    outer loop
      vertex 6.62683 7.88215 5.2
      vertex 6.84807 7.82903 7.4
      vertex 6.62683 7.88215 7.4
    endloop
  endfacet
  facet normal -0.233466 -0.972365 -0
    outer loop
      vertex 6.84807 7.82903 7.4
      vertex 6.62683 7.88215 5.2
      vertex 6.84807 7.82903 5.2
    endloop
  endfacet
  facet normal 0.64944 -0.760413 0
    outer loop
      vertex 5.37469 7.4753 5.2
      vertex 5.54771 7.62307 7.4
      vertex 5.37469 7.4753 7.4
    endloop
  endfacet
  facet normal 0.64944 -0.760413 0
    outer loop
      vertex 5.54771 7.62307 7.4
      vertex 5.37469 7.4753 5.2
      vertex 5.54771 7.62307 5.2
    endloop
  endfacet
  facet normal 0.852647 0.522488 0
    outer loop
      vertex 5.22692 5.59771 7.4
      vertex 5.10804 5.79171 5.2
      vertex 5.10804 5.79171 7.4
    endloop
  endfacet
  facet normal 0.852647 0.522488 0
    outer loop
      vertex 5.10804 5.79171 5.2
      vertex 5.22692 5.59771 7.4
      vertex 5.22692 5.59771 5.2
    endloop
  endfacet
  facet normal -0.760394 -0.649462 0
    outer loop
      vertex 7.57307 7.30229 5.2
      vertex 7.4253 7.4753 7.4
      vertex 7.4253 7.4753 5.2
    endloop
  endfacet
  facet normal -0.760394 -0.649462 0
    outer loop
      vertex 7.4253 7.4753 7.4
      vertex 7.57307 7.30229 5.2
      vertex 7.57307 7.30229 7.4
    endloop
  endfacet
  facet normal -0.852627 -0.52252 0
    outer loop
      vertex 7.69196 7.10829 5.2
      vertex 7.57307 7.30229 7.4
      vertex 7.57307 7.30229 5.2
    endloop
  endfacet
  facet normal -0.852627 -0.52252 0
    outer loop
      vertex 7.57307 7.30229 7.4
      vertex 7.69196 7.10829 5.2
      vertex 7.69196 7.10829 7.4
    endloop
  endfacet
  facet normal 0.52252 0.852627 -0
    outer loop
      vertex 5.74171 5.15804 5.2
      vertex 5.54771 5.27693 7.4
      vertex 5.74171 5.15804 7.4
    endloop
  endfacet
  facet normal 0.52252 0.852627 0
    outer loop
      vertex 5.54771 5.27693 7.4
      vertex 5.74171 5.15804 5.2
      vertex 5.54771 5.27693 5.2
    endloop
  endfacet
  facet normal 0.923882 0.382677 0
    outer loop
      vertex 5.10804 5.79171 7.4
      vertex 5.02097 6.00192 5.2
      vertex 5.02097 6.00192 7.4
    endloop
  endfacet
  facet normal 0.923882 0.382677 0
    outer loop
      vertex 5.02097 6.00192 5.2
      vertex 5.10804 5.79171 7.4
      vertex 5.10804 5.79171 5.2
    endloop
  endfacet
  facet normal -0.0784508 0.996918 0
    outer loop
      vertex 6.62683 5.01785 5.2
      vertex 6.4 5 7.4
      vertex 6.62683 5.01785 7.4
    endloop
  endfacet
  facet normal -0.0784508 0.996918 0
    outer loop
      vertex 6.4 5 7.4
      vertex 6.62683 5.01785 5.2
      vertex 6.4 5 5.2
    endloop
  endfacet
  facet normal -0.996918 0.0784508 0
    outer loop
      vertex 7.83215 6.22317 5.2
      vertex 7.85 6.45 7.4
      vertex 7.85 6.45 5.2
    endloop
  endfacet
  facet normal -0.996918 0.0784508 0
    outer loop
      vertex 7.85 6.45 7.4
      vertex 7.83215 6.22317 5.2
      vertex 7.83215 6.22317 7.4
    endloop
  endfacet
  facet normal -0.52252 -0.852627 0
    outer loop
      vertex 7.05829 7.74196 5.2
      vertex 7.25229 7.62307 7.4
      vertex 7.05829 7.74196 7.4
    endloop
  endfacet
  facet normal -0.52252 -0.852627 -0
    outer loop
      vertex 7.25229 7.62307 7.4
      vertex 7.05829 7.74196 5.2
      vertex 7.25229 7.62307 5.2
    endloop
  endfacet
  facet normal -0.649462 0.760394 0
    outer loop
      vertex 7.4253 5.4247 5.2
      vertex 7.25229 5.27693 7.4
      vertex 7.4253 5.4247 7.4
    endloop
  endfacet
  facet normal -0.649462 0.760394 0
    outer loop
      vertex 7.25229 5.27693 7.4
      vertex 7.4253 5.4247 5.2
      vertex 7.25229 5.27693 5.2
    endloop
  endfacet
  facet normal 0.233466 -0.972365 0
    outer loop
      vertex 5.95193 7.82903 5.2
      vertex 6.17317 7.88215 7.4
      vertex 5.95193 7.82903 7.4
    endloop
  endfacet
  facet normal 0.233466 -0.972365 0
    outer loop
      vertex 6.17317 7.88215 7.4
      vertex 5.95193 7.82903 5.2
      vertex 6.17317 7.88215 5.2
    endloop
  endfacet
  facet normal 0.760394 0.649462 0
    outer loop
      vertex 5.37469 5.4247 7.4
      vertex 5.22692 5.59771 5.2
      vertex 5.22692 5.59771 7.4
    endloop
  endfacet
  facet normal 0.760394 0.649462 0
    outer loop
      vertex 5.22692 5.59771 5.2
      vertex 5.37469 5.4247 7.4
      vertex 5.37469 5.4247 5.2
    endloop
  endfacet
  facet normal 0.64944 0.760413 -0
    outer loop
      vertex 5.54771 5.27693 5.2
      vertex 5.37469 5.4247 7.4
      vertex 5.54771 5.27693 7.4
    endloop
  endfacet
  facet normal 0.64944 0.760413 0
    outer loop
      vertex 5.37469 5.4247 7.4
      vertex 5.54771 5.27693 5.2
      vertex 5.37469 5.4247 5.2
    endloop
  endfacet
  facet normal -0.760394 0.649462 0
    outer loop
      vertex 7.4253 5.4247 5.2
      vertex 7.57307 5.59771 7.4
      vertex 7.57307 5.59771 5.2
    endloop
  endfacet
  facet normal -0.760394 0.649462 0
    outer loop
      vertex 7.57307 5.59771 7.4
      vertex 7.4253 5.4247 5.2
      vertex 7.4253 5.4247 7.4
    endloop
  endfacet
  facet normal 0.996918 0.0784508 0
    outer loop
      vertex 4.96785 6.22317 7.4
      vertex 4.95 6.45 5.2
      vertex 4.95 6.45 7.4
    endloop
  endfacet
  facet normal 0.996918 0.0784508 0
    outer loop
      vertex 4.95 6.45 5.2
      vertex 4.96785 6.22317 7.4
      vertex 4.96785 6.22317 5.2
    endloop
  endfacet
  facet normal 0.923889 -0.382661 0
    outer loop
      vertex 5.02097 6.89807 7.4
      vertex 5.10804 7.10829 5.2
      vertex 5.10804 7.10829 7.4
    endloop
  endfacet
  facet normal 0.923889 -0.382661 0
    outer loop
      vertex 5.10804 7.10829 5.2
      vertex 5.02097 6.89807 7.4
      vertex 5.02097 6.89807 5.2
    endloop
  endfacet
  facet normal 0.996918 -0.0784508 0
    outer loop
      vertex 4.95 6.45 7.4
      vertex 4.96785 6.67683 5.2
      vertex 4.96785 6.67683 7.4
    endloop
  endfacet
  facet normal 0.996918 -0.0784508 0
    outer loop
      vertex 4.96785 6.67683 5.2
      vertex 4.95 6.45 7.4
      vertex 4.95 6.45 5.2
    endloop
  endfacet
  facet normal 0.233466 0.972365 -0
    outer loop
      vertex 6.17317 5.01785 5.2
      vertex 5.95193 5.07097 7.4
      vertex 6.17317 5.01785 7.4
    endloop
  endfacet
  facet normal 0.233466 0.972365 0
    outer loop
      vertex 5.95193 5.07097 7.4
      vertex 6.17317 5.01785 5.2
      vertex 5.95193 5.07097 5.2
    endloop
  endfacet
  facet normal 0.0784508 0.996918 -0
    outer loop
      vertex 6.4 5 5.2
      vertex 6.17317 5.01785 7.4
      vertex 6.4 5 7.4
    endloop
  endfacet
  facet normal 0.0784508 0.996918 0
    outer loop
      vertex 6.17317 5.01785 7.4
      vertex 6.4 5 5.2
      vertex 6.17317 5.01785 5.2
    endloop
  endfacet
  facet normal -0.972379 -0.233406 0
    outer loop
      vertex 7.88215 29.5268 5.2
      vertex 7.82903 29.7481 7.4
      vertex 7.82903 29.7481 5.2
    endloop
  endfacet
  facet normal -0.972379 -0.233406 0
    outer loop
      vertex 7.82903 29.7481 7.4
      vertex 7.88215 29.5268 5.2
      vertex 7.88215 29.5268 7.4
    endloop
  endfacet
  facet normal -0.996917 -0.0784611 0
    outer loop
      vertex 7.9 29.3 5.2
      vertex 7.88215 29.5268 7.4
      vertex 7.88215 29.5268 5.2
    endloop
  endfacet
  facet normal -0.996917 -0.0784611 0
    outer loop
      vertex 7.88215 29.5268 7.4
      vertex 7.9 29.3 5.2
      vertex 7.9 29.3 7.4
    endloop
  endfacet
  facet normal -0.923876 -0.382692 0
    outer loop
      vertex 7.82903 29.7481 5.2
      vertex 7.74196 29.9583 7.4
      vertex 7.74196 29.9583 5.2
    endloop
  endfacet
  facet normal -0.923876 -0.382692 0
    outer loop
      vertex 7.74196 29.9583 7.4
      vertex 7.82903 29.7481 5.2
      vertex 7.82903 29.7481 7.4
    endloop
  endfacet
  facet normal 0.972379 -0.233406 0
    outer loop
      vertex 5.01785 29.5268 7.4
      vertex 5.07097 29.7481 5.2
      vertex 5.07097 29.7481 7.4
    endloop
  endfacet
  facet normal 0.972379 -0.233406 0
    outer loop
      vertex 5.07097 29.7481 5.2
      vertex 5.01785 29.5268 7.4
      vertex 5.01785 29.5268 5.2
    endloop
  endfacet
  facet normal -0.852627 -0.52252 0
    outer loop
      vertex 7.74196 29.9583 5.2
      vertex 7.62307 30.1523 7.4
      vertex 7.62307 30.1523 5.2
    endloop
  endfacet
  facet normal -0.852627 -0.52252 0
    outer loop
      vertex 7.62307 30.1523 7.4
      vertex 7.74196 29.9583 5.2
      vertex 7.74196 29.9583 7.4
    endloop
  endfacet
  facet normal -0.0786692 0.996901 0
    outer loop
      vertex 6.67683 27.8679 5.2
      vertex 6.45 27.85 7.4
      vertex 6.67683 27.8679 7.4
    endloop
  endfacet
  facet normal -0.0786692 0.996901 0
    outer loop
      vertex 6.45 27.85 7.4
      vertex 6.67683 27.8679 5.2
      vertex 6.45 27.85 5.2
    endloop
  endfacet
  facet normal -0.649538 0.760329 0
    outer loop
      vertex 7.4753 28.2747 5.2
      vertex 7.30229 28.1269 7.4
      vertex 7.4753 28.2747 7.4
    endloop
  endfacet
  facet normal -0.649538 0.760329 0
    outer loop
      vertex 7.30229 28.1269 7.4
      vertex 7.4753 28.2747 5.2
      vertex 7.30229 28.1269 5.2
    endloop
  endfacet
  facet normal 0.852627 0.52252 0
    outer loop
      vertex 5.27693 28.4477 7.4
      vertex 5.15804 28.6417 5.2
      vertex 5.15804 28.6417 7.4
    endloop
  endfacet
  facet normal 0.852627 0.52252 0
    outer loop
      vertex 5.15804 28.6417 5.2
      vertex 5.27693 28.4477 7.4
      vertex 5.27693 28.4477 5.2
    endloop
  endfacet
  facet normal 0.760375 0.649484 0
    outer loop
      vertex 5.4247 28.2747 7.4
      vertex 5.27693 28.4477 5.2
      vertex 5.27693 28.4477 7.4
    endloop
  endfacet
  facet normal 0.760375 0.649484 0
    outer loop
      vertex 5.27693 28.4477 5.2
      vertex 5.4247 28.2747 7.4
      vertex 5.4247 28.2747 5.2
    endloop
  endfacet
  facet normal -0.760375 0.649484 0
    outer loop
      vertex 7.4753 28.2747 5.2
      vertex 7.62307 28.4477 7.4
      vertex 7.62307 28.4477 5.2
    endloop
  endfacet
  facet normal -0.760375 0.649484 0
    outer loop
      vertex 7.62307 28.4477 7.4
      vertex 7.4753 28.2747 5.2
      vertex 7.4753 28.2747 7.4
    endloop
  endfacet
  facet normal 0.233373 -0.972387 0
    outer loop
      vertex 6.00192 30.679 5.2
      vertex 6.22317 30.7321 7.4
      vertex 6.00192 30.679 7.4
    endloop
  endfacet
  facet normal 0.233373 -0.972387 0
    outer loop
      vertex 6.22317 30.7321 7.4
      vertex 6.00192 30.679 5.2
      vertex 6.22317 30.7321 5.2
    endloop
  endfacet
  facet normal 0.923876 -0.382692 0
    outer loop
      vertex 5.07097 29.7481 7.4
      vertex 5.15804 29.9583 5.2
      vertex 5.15804 29.9583 7.4
    endloop
  endfacet
  facet normal 0.923876 -0.382692 0
    outer loop
      vertex 5.15804 29.9583 5.2
      vertex 5.07097 29.7481 7.4
      vertex 5.07097 29.7481 5.2
    endloop
  endfacet
  facet normal 0.996917 0.0784611 0
    outer loop
      vertex 5.01785 29.0732 7.4
      vertex 5 29.3 5.2
      vertex 5 29.3 7.4
    endloop
  endfacet
  facet normal 0.996917 0.0784611 0
    outer loop
      vertex 5 29.3 5.2
      vertex 5.01785 29.0732 7.4
      vertex 5.01785 29.0732 5.2
    endloop
  endfacet
  facet normal -0.923876 0.382692 0
    outer loop
      vertex 7.74196 28.6417 5.2
      vertex 7.82903 28.8519 7.4
      vertex 7.82903 28.8519 5.2
    endloop
  endfacet
  facet normal -0.923876 0.382692 0
    outer loop
      vertex 7.82903 28.8519 7.4
      vertex 7.74196 28.6417 5.2
      vertex 7.74196 28.6417 7.4
    endloop
  endfacet
  facet normal -0.522552 -0.852608 0
    outer loop
      vertex 7.10829 30.592 5.2
      vertex 7.30229 30.4731 7.4
      vertex 7.10829 30.592 7.4
    endloop
  endfacet
  facet normal -0.522552 -0.852608 -0
    outer loop
      vertex 7.30229 30.4731 7.4
      vertex 7.10829 30.592 5.2
      vertex 7.30229 30.4731 5.2
    endloop
  endfacet
  facet normal 0.852627 -0.52252 0
    outer loop
      vertex 5.15804 29.9583 7.4
      vertex 5.27693 30.1523 5.2
      vertex 5.27693 30.1523 7.4
    endloop
  endfacet
  facet normal 0.852627 -0.52252 0
    outer loop
      vertex 5.27693 30.1523 5.2
      vertex 5.15804 29.9583 7.4
      vertex 5.15804 29.9583 5.2
    endloop
  endfacet
  facet normal -0.852627 0.52252 0
    outer loop
      vertex 7.62307 28.4477 5.2
      vertex 7.74196 28.6417 7.4
      vertex 7.74196 28.6417 5.2
    endloop
  endfacet
  facet normal -0.852627 0.52252 0
    outer loop
      vertex 7.74196 28.6417 7.4
      vertex 7.62307 28.4477 5.2
      vertex 7.62307 28.4477 7.4
    endloop
  endfacet
  facet normal 0.233373 0.972387 -0
    outer loop
      vertex 6.22317 27.8679 5.2
      vertex 6.00192 27.921 7.4
      vertex 6.22317 27.8679 7.4
    endloop
  endfacet
  facet normal 0.233373 0.972387 0
    outer loop
      vertex 6.00192 27.921 7.4
      vertex 6.22317 27.8679 5.2
      vertex 6.00192 27.921 5.2
    endloop
  endfacet
  facet normal -0.522552 0.852608 0
    outer loop
      vertex 7.30229 28.1269 5.2
      vertex 7.10829 28.008 7.4
      vertex 7.30229 28.1269 7.4
    endloop
  endfacet
  facet normal -0.522552 0.852608 0
    outer loop
      vertex 7.10829 28.008 7.4
      vertex 7.30229 28.1269 5.2
      vertex 7.10829 28.008 5.2
    endloop
  endfacet
  facet normal 0.996917 -0.0784611 0
    outer loop
      vertex 5 29.3 7.4
      vertex 5.01785 29.5268 5.2
      vertex 5.01785 29.5268 7.4
    endloop
  endfacet
  facet normal 0.996917 -0.0784611 0
    outer loop
      vertex 5.01785 29.5268 5.2
      vertex 5 29.3 7.4
      vertex 5 29.3 5.2
    endloop
  endfacet
  facet normal -0.233383 0.972385 0
    outer loop
      vertex 6.89807 27.921 5.2
      vertex 6.67683 27.8679 7.4
      vertex 6.89807 27.921 7.4
    endloop
  endfacet
  facet normal -0.233383 0.972385 0
    outer loop
      vertex 6.67683 27.8679 7.4
      vertex 6.89807 27.921 5.2
      vertex 6.67683 27.8679 5.2
    endloop
  endfacet
  facet normal 0.760375 -0.649484 0
    outer loop
      vertex 5.27693 30.1523 7.4
      vertex 5.4247 30.3253 5.2
      vertex 5.4247 30.3253 7.4
    endloop
  endfacet
  facet normal 0.760375 -0.649484 0
    outer loop
      vertex 5.4247 30.3253 5.2
      vertex 5.27693 30.1523 7.4
      vertex 5.27693 30.1523 5.2
    endloop
  endfacet
  facet normal 0.923876 0.382692 0
    outer loop
      vertex 5.15804 28.6417 7.4
      vertex 5.07097 28.8519 5.2
      vertex 5.07097 28.8519 7.4
    endloop
  endfacet
  facet normal 0.923876 0.382692 0
    outer loop
      vertex 5.07097 28.8519 5.2
      vertex 5.15804 28.6417 7.4
      vertex 5.15804 28.6417 5.2
    endloop
  endfacet
  facet normal 0.649538 -0.760329 0
    outer loop
      vertex 5.4247 30.3253 5.2
      vertex 5.59771 30.4731 7.4
      vertex 5.4247 30.3253 7.4
    endloop
  endfacet
  facet normal 0.649538 -0.760329 0
    outer loop
      vertex 5.59771 30.4731 7.4
      vertex 5.4247 30.3253 5.2
      vertex 5.59771 30.4731 5.2
    endloop
  endfacet
  facet normal -0.760375 -0.649484 0
    outer loop
      vertex 7.62307 30.1523 5.2
      vertex 7.4753 30.3253 7.4
      vertex 7.4753 30.3253 5.2
    endloop
  endfacet
  facet normal -0.760375 -0.649484 0
    outer loop
      vertex 7.4753 30.3253 7.4
      vertex 7.62307 30.1523 5.2
      vertex 7.62307 30.1523 7.4
    endloop
  endfacet
  facet normal -0.382398 0.923998 0
    outer loop
      vertex 7.10829 28.008 5.2
      vertex 6.89807 27.921 7.4
      vertex 7.10829 28.008 7.4
    endloop
  endfacet
  facet normal -0.382398 0.923998 0
    outer loop
      vertex 6.89807 27.921 7.4
      vertex 7.10829 28.008 5.2
      vertex 6.89807 27.921 5.2
    endloop
  endfacet
  facet normal -0.649538 -0.760329 0
    outer loop
      vertex 7.30229 30.4731 5.2
      vertex 7.4753 30.3253 7.4
      vertex 7.30229 30.4731 7.4
    endloop
  endfacet
  facet normal -0.649538 -0.760329 -0
    outer loop
      vertex 7.4753 30.3253 7.4
      vertex 7.30229 30.4731 5.2
      vertex 7.4753 30.3253 5.2
    endloop
  endfacet
  facet normal -0.996917 0.0784611 0
    outer loop
      vertex 7.88215 29.0732 5.2
      vertex 7.9 29.3 7.4
      vertex 7.9 29.3 5.2
    endloop
  endfacet
  facet normal -0.996917 0.0784611 0
    outer loop
      vertex 7.9 29.3 7.4
      vertex 7.88215 29.0732 5.2
      vertex 7.88215 29.0732 7.4
    endloop
  endfacet
  facet normal 0.0786692 -0.996901 0
    outer loop
      vertex 6.22317 30.7321 5.2
      vertex 6.45 30.75 7.4
      vertex 6.22317 30.7321 7.4
    endloop
  endfacet
  facet normal 0.0786692 -0.996901 0
    outer loop
      vertex 6.45 30.75 7.4
      vertex 6.22317 30.7321 5.2
      vertex 6.45 30.75 5.2
    endloop
  endfacet
  facet normal -0.972379 0.233406 0
    outer loop
      vertex 7.82903 28.8519 5.2
      vertex 7.88215 29.0732 7.4
      vertex 7.88215 29.0732 5.2
    endloop
  endfacet
  facet normal -0.972379 0.233406 0
    outer loop
      vertex 7.88215 29.0732 7.4
      vertex 7.82903 28.8519 5.2
      vertex 7.82903 28.8519 7.4
    endloop
  endfacet
  facet normal 0.649538 0.760329 -0
    outer loop
      vertex 5.59771 28.1269 5.2
      vertex 5.4247 28.2747 7.4
      vertex 5.59771 28.1269 7.4
    endloop
  endfacet
  facet normal 0.649538 0.760329 0
    outer loop
      vertex 5.4247 28.2747 7.4
      vertex 5.59771 28.1269 5.2
      vertex 5.4247 28.2747 5.2
    endloop
  endfacet
  facet normal 0.382414 -0.923991 0
    outer loop
      vertex 5.79171 30.592 5.2
      vertex 6.00192 30.679 7.4
      vertex 5.79171 30.592 7.4
    endloop
  endfacet
  facet normal 0.382414 -0.923991 0
    outer loop
      vertex 6.00192 30.679 7.4
      vertex 5.79171 30.592 5.2
      vertex 6.00192 30.679 5.2
    endloop
  endfacet
  facet normal -0.382398 -0.923998 0
    outer loop
      vertex 6.89807 30.679 5.2
      vertex 7.10829 30.592 7.4
      vertex 6.89807 30.679 7.4
    endloop
  endfacet
  facet normal -0.382398 -0.923998 -0
    outer loop
      vertex 7.10829 30.592 7.4
      vertex 6.89807 30.679 5.2
      vertex 7.10829 30.592 5.2
    endloop
  endfacet
  facet normal 0.972379 0.233406 0
    outer loop
      vertex 5.07097 28.8519 7.4
      vertex 5.01785 29.0732 5.2
      vertex 5.01785 29.0732 7.4
    endloop
  endfacet
  facet normal 0.972379 0.233406 0
    outer loop
      vertex 5.01785 29.0732 5.2
      vertex 5.07097 28.8519 7.4
      vertex 5.07097 28.8519 5.2
    endloop
  endfacet
  facet normal 0.0786692 0.996901 -0
    outer loop
      vertex 6.45 27.85 5.2
      vertex 6.22317 27.8679 7.4
      vertex 6.45 27.85 7.4
    endloop
  endfacet
  facet normal 0.0786692 0.996901 0
    outer loop
      vertex 6.22317 27.8679 7.4
      vertex 6.45 27.85 5.2
      vertex 6.22317 27.8679 5.2
    endloop
  endfacet
  facet normal -0.0786692 -0.996901 0
    outer loop
      vertex 6.45 30.75 5.2
      vertex 6.67683 30.7321 7.4
      vertex 6.45 30.75 7.4
    endloop
  endfacet
  facet normal -0.0786692 -0.996901 -0
    outer loop
      vertex 6.67683 30.7321 7.4
      vertex 6.45 30.75 5.2
      vertex 6.67683 30.7321 5.2
    endloop
  endfacet
  facet normal -0.233383 -0.972385 0
    outer loop
      vertex 6.67683 30.7321 5.2
      vertex 6.89807 30.679 7.4
      vertex 6.67683 30.7321 7.4
    endloop
  endfacet
  facet normal -0.233383 -0.972385 -0
    outer loop
      vertex 6.89807 30.679 7.4
      vertex 6.67683 30.7321 5.2
      vertex 6.89807 30.679 5.2
    endloop
  endfacet
  facet normal 0.522552 -0.852608 0
    outer loop
      vertex 5.59771 30.4731 5.2
      vertex 5.79171 30.592 7.4
      vertex 5.59771 30.4731 7.4
    endloop
  endfacet
  facet normal 0.522552 -0.852608 0
    outer loop
      vertex 5.79171 30.592 7.4
      vertex 5.59771 30.4731 5.2
      vertex 5.79171 30.592 5.2
    endloop
  endfacet
  facet normal 0.382414 0.923991 -0
    outer loop
      vertex 6.00192 27.921 5.2
      vertex 5.79171 28.008 7.4
      vertex 6.00192 27.921 7.4
    endloop
  endfacet
  facet normal 0.382414 0.923991 0
    outer loop
      vertex 5.79171 28.008 7.4
      vertex 6.00192 27.921 5.2
      vertex 5.79171 28.008 5.2
    endloop
  endfacet
  facet normal 0.522552 0.852608 -0
    outer loop
      vertex 5.79171 28.008 5.2
      vertex 5.59771 28.1269 7.4
      vertex 5.79171 28.008 7.4
    endloop
  endfacet
  facet normal 0.522552 0.852608 0
    outer loop
      vertex 5.59771 28.1269 7.4
      vertex 5.79171 28.008 5.2
      vertex 5.59771 28.1269 5.2
    endloop
  endfacet
  facet normal -0.233406 0.972379 0
    outer loop
      vertex 64.6981 5.07097 5.2
      vertex 64.4768 5.01785 7.4
      vertex 64.6981 5.07097 7.4
    endloop
  endfacet
  facet normal -0.233406 0.972379 0
    outer loop
      vertex 64.4768 5.01785 7.4
      vertex 64.6981 5.07097 5.2
      vertex 64.4768 5.01785 5.2
    endloop
  endfacet
  facet normal -0.972385 -0.233383 0
    outer loop
      vertex 65.6821 6.67683 5.2
      vertex 65.629 6.89807 7.4
      vertex 65.629 6.89807 5.2
    endloop
  endfacet
  facet normal -0.972385 -0.233383 0
    outer loop
      vertex 65.629 6.89807 7.4
      vertex 65.6821 6.67683 5.2
      vertex 65.6821 6.67683 7.4
    endloop
  endfacet
  facet normal -0.996901 -0.0786692 0
    outer loop
      vertex 65.7 6.45 5.2
      vertex 65.6821 6.67683 7.4
      vertex 65.6821 6.67683 5.2
    endloop
  endfacet
  facet normal -0.996901 -0.0786692 0
    outer loop
      vertex 65.6821 6.67683 7.4
      vertex 65.7 6.45 5.2
      vertex 65.7 6.45 7.4
    endloop
  endfacet
  facet normal -0.923998 -0.382398 0
    outer loop
      vertex 65.629 6.89807 5.2
      vertex 65.542 7.10829 7.4
      vertex 65.542 7.10829 5.2
    endloop
  endfacet
  facet normal -0.923998 -0.382398 0
    outer loop
      vertex 65.542 7.10829 7.4
      vertex 65.629 6.89807 5.2
      vertex 65.629 6.89807 7.4
    endloop
  endfacet
  facet normal 0.852608 0.522552 0
    outer loop
      vertex 63.0769 5.59771 7.4
      vertex 62.958 5.79171 5.2
      vertex 62.958 5.79171 7.4
    endloop
  endfacet
  facet normal 0.852608 0.522552 0
    outer loop
      vertex 62.958 5.79171 5.2
      vertex 63.0769 5.59771 7.4
      vertex 63.0769 5.59771 5.2
    endloop
  endfacet
  facet normal -0.382692 -0.923876 0
    outer loop
      vertex 64.6981 7.82903 5.2
      vertex 64.9083 7.74196 7.4
      vertex 64.6981 7.82903 7.4
    endloop
  endfacet
  facet normal -0.382692 -0.923876 -0
    outer loop
      vertex 64.9083 7.74196 7.4
      vertex 64.6981 7.82903 5.2
      vertex 64.9083 7.74196 5.2
    endloop
  endfacet
  facet normal 0.233406 0.972379 -0
    outer loop
      vertex 64.0232 5.01785 5.2
      vertex 63.8019 5.07097 7.4
      vertex 64.0232 5.01785 7.4
    endloop
  endfacet
  facet normal 0.233406 0.972379 0
    outer loop
      vertex 63.8019 5.07097 7.4
      vertex 64.0232 5.01785 5.2
      vertex 63.8019 5.07097 5.2
    endloop
  endfacet
  facet normal 0.52252 -0.852627 0
    outer loop
      vertex 63.3977 7.62307 5.2
      vertex 63.5917 7.74196 7.4
      vertex 63.3977 7.62307 7.4
    endloop
  endfacet
  facet normal 0.52252 -0.852627 0
    outer loop
      vertex 63.5917 7.74196 7.4
      vertex 63.3977 7.62307 5.2
      vertex 63.5917 7.74196 5.2
    endloop
  endfacet
  facet normal -0.649484 0.760375 0
    outer loop
      vertex 65.2753 5.4247 5.2
      vertex 65.1023 5.27693 7.4
      vertex 65.2753 5.4247 7.4
    endloop
  endfacet
  facet normal -0.649484 0.760375 0
    outer loop
      vertex 65.1023 5.27693 7.4
      vertex 65.2753 5.4247 5.2
      vertex 65.1023 5.27693 5.2
    endloop
  endfacet
  facet normal -0.52252 0.852627 0
    outer loop
      vertex 65.1023 5.27693 5.2
      vertex 64.9083 5.15804 7.4
      vertex 65.1023 5.27693 7.4
    endloop
  endfacet
  facet normal -0.52252 0.852627 0
    outer loop
      vertex 64.9083 5.15804 7.4
      vertex 65.1023 5.27693 5.2
      vertex 64.9083 5.15804 5.2
    endloop
  endfacet
  facet normal -0.382692 0.923876 0
    outer loop
      vertex 64.9083 5.15804 5.2
      vertex 64.6981 5.07097 7.4
      vertex 64.9083 5.15804 7.4
    endloop
  endfacet
  facet normal -0.382692 0.923876 0
    outer loop
      vertex 64.6981 5.07097 7.4
      vertex 64.9083 5.15804 5.2
      vertex 64.6981 5.07097 5.2
    endloop
  endfacet
  facet normal 0.760329 -0.649538 0
    outer loop
      vertex 63.0769 7.30229 7.4
      vertex 63.2247 7.4753 5.2
      vertex 63.2247 7.4753 7.4
    endloop
  endfacet
  facet normal 0.760329 -0.649538 0
    outer loop
      vertex 63.2247 7.4753 5.2
      vertex 63.0769 7.30229 7.4
      vertex 63.0769 7.30229 5.2
    endloop
  endfacet
  facet normal 0.972387 0.233373 0
    outer loop
      vertex 62.871 6.00192 7.4
      vertex 62.8179 6.22317 5.2
      vertex 62.8179 6.22317 7.4
    endloop
  endfacet
  facet normal 0.972387 0.233373 0
    outer loop
      vertex 62.8179 6.22317 5.2
      vertex 62.871 6.00192 7.4
      vertex 62.871 6.00192 5.2
    endloop
  endfacet
  facet normal 0.996901 -0.0786692 0
    outer loop
      vertex 62.8 6.45 7.4
      vertex 62.8179 6.67683 5.2
      vertex 62.8179 6.67683 7.4
    endloop
  endfacet
  facet normal 0.996901 -0.0786692 0
    outer loop
      vertex 62.8179 6.67683 5.2
      vertex 62.8 6.45 7.4
      vertex 62.8 6.45 5.2
    endloop
  endfacet
  facet normal -0.923991 0.382414 0
    outer loop
      vertex 65.542 5.79171 5.2
      vertex 65.629 6.00192 7.4
      vertex 65.629 6.00192 5.2
    endloop
  endfacet
  facet normal -0.923991 0.382414 0
    outer loop
      vertex 65.629 6.00192 7.4
      vertex 65.542 5.79171 5.2
      vertex 65.542 5.79171 7.4
    endloop
  endfacet
  facet normal 0.233406 -0.972379 0
    outer loop
      vertex 63.8019 7.82903 5.2
      vertex 64.0232 7.88215 7.4
      vertex 63.8019 7.82903 7.4
    endloop
  endfacet
  facet normal 0.233406 -0.972379 0
    outer loop
      vertex 64.0232 7.88215 7.4
      vertex 63.8019 7.82903 5.2
      vertex 64.0232 7.88215 5.2
    endloop
  endfacet
  facet normal 0.0784611 0.996917 -0
    outer loop
      vertex 64.25 5 5.2
      vertex 64.0232 5.01785 7.4
      vertex 64.25 5 7.4
    endloop
  endfacet
  facet normal 0.0784611 0.996917 0
    outer loop
      vertex 64.0232 5.01785 7.4
      vertex 64.25 5 5.2
      vertex 64.0232 5.01785 5.2
    endloop
  endfacet
  facet normal -0.0784611 -0.996917 0
    outer loop
      vertex 64.25 7.9 5.2
      vertex 64.4768 7.88215 7.4
      vertex 64.25 7.9 7.4
    endloop
  endfacet
  facet normal -0.0784611 -0.996917 -0
    outer loop
      vertex 64.4768 7.88215 7.4
      vertex 64.25 7.9 5.2
      vertex 64.4768 7.88215 5.2
    endloop
  endfacet
  facet normal -0.996901 0.0786692 0
    outer loop
      vertex 65.6821 6.22317 5.2
      vertex 65.7 6.45 7.4
      vertex 65.7 6.45 5.2
    endloop
  endfacet
  facet normal -0.996901 0.0786692 0
    outer loop
      vertex 65.7 6.45 7.4
      vertex 65.6821 6.22317 5.2
      vertex 65.6821 6.22317 7.4
    endloop
  endfacet
  facet normal 0.923998 -0.382398 0
    outer loop
      vertex 62.871 6.89807 7.4
      vertex 62.958 7.10829 5.2
      vertex 62.958 7.10829 7.4
    endloop
  endfacet
  facet normal 0.923998 -0.382398 0
    outer loop
      vertex 62.958 7.10829 5.2
      vertex 62.871 6.89807 7.4
      vertex 62.871 6.89807 5.2
    endloop
  endfacet
  facet normal 0.382692 0.923876 -0
    outer loop
      vertex 63.8019 5.07097 5.2
      vertex 63.5917 5.15804 7.4
      vertex 63.8019 5.07097 7.4
    endloop
  endfacet
  facet normal 0.382692 0.923876 0
    outer loop
      vertex 63.5917 5.15804 7.4
      vertex 63.8019 5.07097 5.2
      vertex 63.5917 5.15804 5.2
    endloop
  endfacet
  facet normal -0.852608 0.522552 0
    outer loop
      vertex 65.4231 5.59771 5.2
      vertex 65.542 5.79171 7.4
      vertex 65.542 5.79171 5.2
    endloop
  endfacet
  facet normal -0.852608 0.522552 0
    outer loop
      vertex 65.542 5.79171 7.4
      vertex 65.4231 5.59771 5.2
      vertex 65.4231 5.59771 7.4
    endloop
  endfacet
  facet normal -0.233406 -0.972379 0
    outer loop
      vertex 64.4768 7.88215 5.2
      vertex 64.6981 7.82903 7.4
      vertex 64.4768 7.88215 7.4
    endloop
  endfacet
  facet normal -0.233406 -0.972379 -0
    outer loop
      vertex 64.6981 7.82903 7.4
      vertex 64.4768 7.88215 5.2
      vertex 64.6981 7.82903 5.2
    endloop
  endfacet
  facet normal 0.649484 -0.760375 0
    outer loop
      vertex 63.2247 7.4753 5.2
      vertex 63.3977 7.62307 7.4
      vertex 63.2247 7.4753 7.4
    endloop
  endfacet
  facet normal 0.649484 -0.760375 0
    outer loop
      vertex 63.3977 7.62307 7.4
      vertex 63.2247 7.4753 5.2
      vertex 63.3977 7.62307 5.2
    endloop
  endfacet
  facet normal -0.760329 -0.649538 0
    outer loop
      vertex 65.4231 7.30229 5.2
      vertex 65.2753 7.4753 7.4
      vertex 65.2753 7.4753 5.2
    endloop
  endfacet
  facet normal -0.760329 -0.649538 0
    outer loop
      vertex 65.2753 7.4753 7.4
      vertex 65.4231 7.30229 5.2
      vertex 65.4231 7.30229 7.4
    endloop
  endfacet
  facet normal -0.649484 -0.760375 0
    outer loop
      vertex 65.1023 7.62307 5.2
      vertex 65.2753 7.4753 7.4
      vertex 65.1023 7.62307 7.4
    endloop
  endfacet
  facet normal -0.649484 -0.760375 -0
    outer loop
      vertex 65.2753 7.4753 7.4
      vertex 65.1023 7.62307 5.2
      vertex 65.2753 7.4753 5.2
    endloop
  endfacet
  facet normal 0.996901 0.0786692 0
    outer loop
      vertex 62.8179 6.22317 7.4
      vertex 62.8 6.45 5.2
      vertex 62.8 6.45 7.4
    endloop
  endfacet
  facet normal 0.996901 0.0786692 0
    outer loop
      vertex 62.8 6.45 5.2
      vertex 62.8179 6.22317 7.4
      vertex 62.8179 6.22317 5.2
    endloop
  endfacet
  facet normal -0.52252 -0.852627 0
    outer loop
      vertex 64.9083 7.74196 5.2
      vertex 65.1023 7.62307 7.4
      vertex 64.9083 7.74196 7.4
    endloop
  endfacet
  facet normal -0.52252 -0.852627 -0
    outer loop
      vertex 65.1023 7.62307 7.4
      vertex 64.9083 7.74196 5.2
      vertex 65.1023 7.62307 5.2
    endloop
  endfacet
  facet normal -0.972387 0.233373 0
    outer loop
      vertex 65.629 6.00192 5.2
      vertex 65.6821 6.22317 7.4
      vertex 65.6821 6.22317 5.2
    endloop
  endfacet
  facet normal -0.972387 0.233373 0
    outer loop
      vertex 65.6821 6.22317 7.4
      vertex 65.629 6.00192 5.2
      vertex 65.629 6.00192 7.4
    endloop
  endfacet
  facet normal -0.852608 -0.522552 0
    outer loop
      vertex 65.542 7.10829 5.2
      vertex 65.4231 7.30229 7.4
      vertex 65.4231 7.30229 5.2
    endloop
  endfacet
  facet normal -0.852608 -0.522552 0
    outer loop
      vertex 65.4231 7.30229 7.4
      vertex 65.542 7.10829 5.2
      vertex 65.542 7.10829 7.4
    endloop
  endfacet
  facet normal 0.760329 0.649538 0
    outer loop
      vertex 63.2247 5.4247 7.4
      vertex 63.0769 5.59771 5.2
      vertex 63.0769 5.59771 7.4
    endloop
  endfacet
  facet normal 0.760329 0.649538 0
    outer loop
      vertex 63.0769 5.59771 5.2
      vertex 63.2247 5.4247 7.4
      vertex 63.2247 5.4247 5.2
    endloop
  endfacet
  facet normal 0.0784611 -0.996917 0
    outer loop
      vertex 64.0232 7.88215 5.2
      vertex 64.25 7.9 7.4
      vertex 64.0232 7.88215 7.4
    endloop
  endfacet
  facet normal 0.0784611 -0.996917 0
    outer loop
      vertex 64.25 7.9 7.4
      vertex 64.0232 7.88215 5.2
      vertex 64.25 7.9 5.2
    endloop
  endfacet
  facet normal -0.0784611 0.996917 0
    outer loop
      vertex 64.4768 5.01785 5.2
      vertex 64.25 5 7.4
      vertex 64.4768 5.01785 7.4
    endloop
  endfacet
  facet normal -0.0784611 0.996917 0
    outer loop
      vertex 64.25 5 7.4
      vertex 64.4768 5.01785 5.2
      vertex 64.25 5 5.2
    endloop
  endfacet
  facet normal -0.760329 0.649538 0
    outer loop
      vertex 65.2753 5.4247 5.2
      vertex 65.4231 5.59771 7.4
      vertex 65.4231 5.59771 5.2
    endloop
  endfacet
  facet normal -0.760329 0.649538 0
    outer loop
      vertex 65.4231 5.59771 7.4
      vertex 65.2753 5.4247 5.2
      vertex 65.2753 5.4247 7.4
    endloop
  endfacet
  facet normal 0.649484 0.760375 -0
    outer loop
      vertex 63.3977 5.27693 5.2
      vertex 63.2247 5.4247 7.4
      vertex 63.3977 5.27693 7.4
    endloop
  endfacet
  facet normal 0.649484 0.760375 0
    outer loop
      vertex 63.2247 5.4247 7.4
      vertex 63.3977 5.27693 5.2
      vertex 63.2247 5.4247 5.2
    endloop
  endfacet
  facet normal 0.852608 -0.522552 0
    outer loop
      vertex 62.958 7.10829 7.4
      vertex 63.0769 7.30229 5.2
      vertex 63.0769 7.30229 7.4
    endloop
  endfacet
  facet normal 0.852608 -0.522552 0
    outer loop
      vertex 63.0769 7.30229 5.2
      vertex 62.958 7.10829 7.4
      vertex 62.958 7.10829 5.2
    endloop
  endfacet
  facet normal 0.972385 -0.233383 0
    outer loop
      vertex 62.8179 6.67683 7.4
      vertex 62.871 6.89807 5.2
      vertex 62.871 6.89807 7.4
    endloop
  endfacet
  facet normal 0.972385 -0.233383 0
    outer loop
      vertex 62.871 6.89807 5.2
      vertex 62.8179 6.67683 7.4
      vertex 62.8179 6.67683 5.2
    endloop
  endfacet
  facet normal 0.382692 -0.923876 0
    outer loop
      vertex 63.5917 7.74196 5.2
      vertex 63.8019 7.82903 7.4
      vertex 63.5917 7.74196 7.4
    endloop
  endfacet
  facet normal 0.382692 -0.923876 0
    outer loop
      vertex 63.8019 7.82903 7.4
      vertex 63.5917 7.74196 5.2
      vertex 63.8019 7.82903 5.2
    endloop
  endfacet
  facet normal 0.923991 0.382414 0
    outer loop
      vertex 62.958 5.79171 7.4
      vertex 62.871 6.00192 5.2
      vertex 62.871 6.00192 7.4
    endloop
  endfacet
  facet normal 0.923991 0.382414 0
    outer loop
      vertex 62.871 6.00192 5.2
      vertex 62.958 5.79171 7.4
      vertex 62.958 5.79171 5.2
    endloop
  endfacet
  facet normal 0.52252 0.852627 -0
    outer loop
      vertex 63.5917 5.15804 5.2
      vertex 63.3977 5.27693 7.4
      vertex 63.5917 5.15804 7.4
    endloop
  endfacet
  facet normal 0.52252 0.852627 0
    outer loop
      vertex 63.3977 5.27693 7.4
      vertex 63.5917 5.15804 5.2
      vertex 63.3977 5.27693 5.2
    endloop
  endfacet
  facet normal 0.233323 -0.972399 0
    outer loop
      vertex 63.8019 30.729 5.2
      vertex 64.0232 30.7821 7.4
      vertex 63.8019 30.729 7.4
    endloop
  endfacet
  facet normal 0.233323 -0.972399 0
    outer loop
      vertex 64.0232 30.7821 7.4
      vertex 63.8019 30.729 5.2
      vertex 64.0232 30.7821 5.2
    endloop
  endfacet
  facet normal -0.972399 -0.233323 0
    outer loop
      vertex 65.6821 29.5768 5.2
      vertex 65.629 29.7981 7.4
      vertex 65.629 29.7981 5.2
    endloop
  endfacet
  facet normal -0.972399 -0.233323 0
    outer loop
      vertex 65.629 29.7981 7.4
      vertex 65.6821 29.5768 5.2
      vertex 65.6821 29.5768 7.4
    endloop
  endfacet
  facet normal -0.9969 -0.0786795 0
    outer loop
      vertex 65.7 29.35 5.2
      vertex 65.6821 29.5768 7.4
      vertex 65.6821 29.5768 5.2
    endloop
  endfacet
  facet normal -0.9969 -0.0786795 0
    outer loop
      vertex 65.6821 29.5768 7.4
      vertex 65.7 29.35 5.2
      vertex 65.7 29.35 7.4
    endloop
  endfacet
  facet normal -0.923985 -0.382429 0
    outer loop
      vertex 65.629 29.7981 5.2
      vertex 65.542 30.0083 7.4
      vertex 65.542 30.0083 5.2
    endloop
  endfacet
  facet normal -0.923985 -0.382429 0
    outer loop
      vertex 65.542 30.0083 7.4
      vertex 65.629 29.7981 5.2
      vertex 65.629 29.7981 7.4
    endloop
  endfacet
  facet normal -0.972399 0.233323 0
    outer loop
      vertex 65.629 28.9019 5.2
      vertex 65.6821 29.1232 7.4
      vertex 65.6821 29.1232 5.2
    endloop
  endfacet
  facet normal -0.972399 0.233323 0
    outer loop
      vertex 65.6821 29.1232 7.4
      vertex 65.629 28.9019 5.2
      vertex 65.629 28.9019 7.4
    endloop
  endfacet
  facet normal -0.923985 0.382429 0
    outer loop
      vertex 65.542 28.6917 5.2
      vertex 65.629 28.9019 7.4
      vertex 65.629 28.9019 5.2
    endloop
  endfacet
  facet normal -0.923985 0.382429 0
    outer loop
      vertex 65.629 28.9019 7.4
      vertex 65.542 28.6917 5.2
      vertex 65.542 28.6917 7.4
    endloop
  endfacet
  facet normal -0.9969 0.0786795 0
    outer loop
      vertex 65.6821 29.1232 5.2
      vertex 65.7 29.35 7.4
      vertex 65.7 29.35 5.2
    endloop
  endfacet
  facet normal -0.9969 0.0786795 0
    outer loop
      vertex 65.7 29.35 7.4
      vertex 65.6821 29.1232 5.2
      vertex 65.6821 29.1232 7.4
    endloop
  endfacet
  facet normal 0.972399 -0.233323 0
    outer loop
      vertex 62.8179 29.5768 7.4
      vertex 62.871 29.7981 5.2
      vertex 62.871 29.7981 7.4
    endloop
  endfacet
  facet normal 0.972399 -0.233323 0
    outer loop
      vertex 62.871 29.7981 5.2
      vertex 62.8179 29.5768 7.4
      vertex 62.8179 29.5768 5.2
    endloop
  endfacet
  facet normal 0.76031 0.64956 0
    outer loop
      vertex 63.2247 28.3247 7.4
      vertex 63.0769 28.4977 5.2
      vertex 63.0769 28.4977 7.4
    endloop
  endfacet
  facet normal 0.76031 0.64956 0
    outer loop
      vertex 63.0769 28.4977 5.2
      vertex 63.2247 28.3247 7.4
      vertex 63.2247 28.3247 5.2
    endloop
  endfacet
  facet normal 0.64956 -0.76031 0
    outer loop
      vertex 63.2247 30.3753 5.2
      vertex 63.3977 30.5231 7.4
      vertex 63.2247 30.3753 7.4
    endloop
  endfacet
  facet normal 0.64956 -0.76031 0
    outer loop
      vertex 63.3977 30.5231 7.4
      vertex 63.2247 30.3753 5.2
      vertex 63.3977 30.5231 5.2
    endloop
  endfacet
  facet normal -0.233323 0.972399 0
    outer loop
      vertex 64.6981 27.971 5.2
      vertex 64.4768 27.9179 7.4
      vertex 64.6981 27.971 7.4
    endloop
  endfacet
  facet normal -0.233323 0.972399 0
    outer loop
      vertex 64.4768 27.9179 7.4
      vertex 64.6981 27.971 5.2
      vertex 64.4768 27.9179 5.2
    endloop
  endfacet
  facet normal 0.923985 -0.382429 0
    outer loop
      vertex 62.871 29.7981 7.4
      vertex 62.958 30.0083 5.2
      vertex 62.958 30.0083 7.4
    endloop
  endfacet
  facet normal 0.923985 -0.382429 0
    outer loop
      vertex 62.958 30.0083 5.2
      vertex 62.871 29.7981 7.4
      vertex 62.871 29.7981 5.2
    endloop
  endfacet
  facet normal 0.522552 -0.852608 0
    outer loop
      vertex 63.3977 30.5231 5.2
      vertex 63.5917 30.642 7.4
      vertex 63.3977 30.5231 7.4
    endloop
  endfacet
  facet normal 0.522552 -0.852608 0
    outer loop
      vertex 63.5917 30.642 7.4
      vertex 63.3977 30.5231 5.2
      vertex 63.5917 30.642 5.2
    endloop
  endfacet
  facet normal -0.64956 0.76031 0
    outer loop
      vertex 65.2753 28.3247 5.2
      vertex 65.1023 28.1769 7.4
      vertex 65.2753 28.3247 7.4
    endloop
  endfacet
  facet normal -0.64956 0.76031 0
    outer loop
      vertex 65.1023 28.1769 7.4
      vertex 65.2753 28.3247 5.2
      vertex 65.1023 28.1769 5.2
    endloop
  endfacet
  facet normal 0.76031 -0.64956 0
    outer loop
      vertex 63.0769 30.2023 7.4
      vertex 63.2247 30.3753 5.2
      vertex 63.2247 30.3753 7.4
    endloop
  endfacet
  facet normal 0.76031 -0.64956 0
    outer loop
      vertex 63.2247 30.3753 5.2
      vertex 63.0769 30.2023 7.4
      vertex 63.0769 30.2023 5.2
    endloop
  endfacet
  facet normal 0.382429 -0.923985 0
    outer loop
      vertex 63.5917 30.642 5.2
      vertex 63.8019 30.729 7.4
      vertex 63.5917 30.642 7.4
    endloop
  endfacet
  facet normal 0.382429 -0.923985 0
    outer loop
      vertex 63.8019 30.729 7.4
      vertex 63.5917 30.642 5.2
      vertex 63.8019 30.729 5.2
    endloop
  endfacet
  facet normal 0.0786795 0.9969 -0
    outer loop
      vertex 64.25 27.9 5.2
      vertex 64.0232 27.9179 7.4
      vertex 64.25 27.9 7.4
    endloop
  endfacet
  facet normal 0.0786795 0.9969 0
    outer loop
      vertex 64.0232 27.9179 7.4
      vertex 64.25 27.9 5.2
      vertex 64.0232 27.9179 5.2
    endloop
  endfacet
  facet normal -0.382429 -0.923985 0
    outer loop
      vertex 64.6981 30.729 5.2
      vertex 64.9083 30.642 7.4
      vertex 64.6981 30.729 7.4
    endloop
  endfacet
  facet normal -0.382429 -0.923985 -0
    outer loop
      vertex 64.9083 30.642 7.4
      vertex 64.6981 30.729 5.2
      vertex 64.9083 30.642 5.2
    endloop
  endfacet
  facet normal -0.522552 0.852608 0
    outer loop
      vertex 65.1023 28.1769 5.2
      vertex 64.9083 28.058 7.4
      vertex 65.1023 28.1769 7.4
    endloop
  endfacet
  facet normal -0.522552 0.852608 0
    outer loop
      vertex 64.9083 28.058 7.4
      vertex 65.1023 28.1769 5.2
      vertex 64.9083 28.058 5.2
    endloop
  endfacet
  facet normal -0.382429 0.923985 0
    outer loop
      vertex 64.9083 28.058 5.2
      vertex 64.6981 27.971 7.4
      vertex 64.9083 28.058 7.4
    endloop
  endfacet
  facet normal -0.382429 0.923985 0
    outer loop
      vertex 64.6981 27.971 7.4
      vertex 64.9083 28.058 5.2
      vertex 64.6981 27.971 5.2
    endloop
  endfacet
  facet normal -0.64956 -0.76031 0
    outer loop
      vertex 65.1023 30.5231 5.2
      vertex 65.2753 30.3753 7.4
      vertex 65.1023 30.5231 7.4
    endloop
  endfacet
  facet normal -0.64956 -0.76031 -0
    outer loop
      vertex 65.2753 30.3753 7.4
      vertex 65.1023 30.5231 5.2
      vertex 65.2753 30.3753 5.2
    endloop
  endfacet
  facet normal -0.76031 -0.64956 0
    outer loop
      vertex 65.4231 30.2023 5.2
      vertex 65.2753 30.3753 7.4
      vertex 65.2753 30.3753 5.2
    endloop
  endfacet
  facet normal -0.76031 -0.64956 0
    outer loop
      vertex 65.2753 30.3753 7.4
      vertex 65.4231 30.2023 5.2
      vertex 65.4231 30.2023 7.4
    endloop
  endfacet
  facet normal -0.522552 -0.852608 0
    outer loop
      vertex 64.9083 30.642 5.2
      vertex 65.1023 30.5231 7.4
      vertex 64.9083 30.642 7.4
    endloop
  endfacet
  facet normal -0.522552 -0.852608 -0
    outer loop
      vertex 65.1023 30.5231 7.4
      vertex 64.9083 30.642 5.2
      vertex 65.1023 30.5231 5.2
    endloop
  endfacet
  facet normal 0.0786795 -0.9969 0
    outer loop
      vertex 64.0232 30.7821 5.2
      vertex 64.25 30.8 7.4
      vertex 64.0232 30.7821 7.4
    endloop
  endfacet
  facet normal 0.0786795 -0.9969 0
    outer loop
      vertex 64.25 30.8 7.4
      vertex 64.0232 30.7821 5.2
      vertex 64.25 30.8 5.2
    endloop
  endfacet
  facet normal -0.852608 -0.522552 0
    outer loop
      vertex 65.542 30.0083 5.2
      vertex 65.4231 30.2023 7.4
      vertex 65.4231 30.2023 5.2
    endloop
  endfacet
  facet normal -0.852608 -0.522552 0
    outer loop
      vertex 65.4231 30.2023 7.4
      vertex 65.542 30.0083 5.2
      vertex 65.542 30.0083 7.4
    endloop
  endfacet
  facet normal 0.9969 -0.0786795 0
    outer loop
      vertex 62.8 29.35 7.4
      vertex 62.8179 29.5768 5.2
      vertex 62.8179 29.5768 7.4
    endloop
  endfacet
  facet normal 0.9969 -0.0786795 0
    outer loop
      vertex 62.8179 29.5768 5.2
      vertex 62.8 29.35 7.4
      vertex 62.8 29.35 5.2
    endloop
  endfacet
  facet normal 0.972399 0.233323 0
    outer loop
      vertex 62.871 28.9019 7.4
      vertex 62.8179 29.1232 5.2
      vertex 62.8179 29.1232 7.4
    endloop
  endfacet
  facet normal 0.972399 0.233323 0
    outer loop
      vertex 62.8179 29.1232 5.2
      vertex 62.871 28.9019 7.4
      vertex 62.871 28.9019 5.2
    endloop
  endfacet
  facet normal 0.852608 0.522552 0
    outer loop
      vertex 63.0769 28.4977 7.4
      vertex 62.958 28.6917 5.2
      vertex 62.958 28.6917 7.4
    endloop
  endfacet
  facet normal 0.852608 0.522552 0
    outer loop
      vertex 62.958 28.6917 5.2
      vertex 63.0769 28.4977 7.4
      vertex 63.0769 28.4977 5.2
    endloop
  endfacet
  facet normal 0.852608 -0.522552 0
    outer loop
      vertex 62.958 30.0083 7.4
      vertex 63.0769 30.2023 5.2
      vertex 63.0769 30.2023 7.4
    endloop
  endfacet
  facet normal 0.852608 -0.522552 0
    outer loop
      vertex 63.0769 30.2023 5.2
      vertex 62.958 30.0083 7.4
      vertex 62.958 30.0083 5.2
    endloop
  endfacet
  facet normal 0.923985 0.382429 0
    outer loop
      vertex 62.958 28.6917 7.4
      vertex 62.871 28.9019 5.2
      vertex 62.871 28.9019 7.4
    endloop
  endfacet
  facet normal 0.923985 0.382429 0
    outer loop
      vertex 62.871 28.9019 5.2
      vertex 62.958 28.6917 7.4
      vertex 62.958 28.6917 5.2
    endloop
  endfacet
  facet normal 0.382429 0.923985 -0
    outer loop
      vertex 63.8019 27.971 5.2
      vertex 63.5917 28.058 7.4
      vertex 63.8019 27.971 7.4
    endloop
  endfacet
  facet normal 0.382429 0.923985 0
    outer loop
      vertex 63.5917 28.058 7.4
      vertex 63.8019 27.971 5.2
      vertex 63.5917 28.058 5.2
    endloop
  endfacet
  facet normal 0.9969 0.0786795 0
    outer loop
      vertex 62.8179 29.1232 7.4
      vertex 62.8 29.35 5.2
      vertex 62.8 29.35 7.4
    endloop
  endfacet
  facet normal 0.9969 0.0786795 0
    outer loop
      vertex 62.8 29.35 5.2
      vertex 62.8179 29.1232 7.4
      vertex 62.8179 29.1232 5.2
    endloop
  endfacet
  facet normal -0.233323 -0.972399 0
    outer loop
      vertex 64.4768 30.7821 5.2
      vertex 64.6981 30.729 7.4
      vertex 64.4768 30.7821 7.4
    endloop
  endfacet
  facet normal -0.233323 -0.972399 -0
    outer loop
      vertex 64.6981 30.729 7.4
      vertex 64.4768 30.7821 5.2
      vertex 64.6981 30.729 5.2
    endloop
  endfacet
  facet normal 0.522552 0.852608 -0
    outer loop
      vertex 63.5917 28.058 5.2
      vertex 63.3977 28.1769 7.4
      vertex 63.5917 28.058 7.4
    endloop
  endfacet
  facet normal 0.522552 0.852608 0
    outer loop
      vertex 63.3977 28.1769 7.4
      vertex 63.5917 28.058 5.2
      vertex 63.3977 28.1769 5.2
    endloop
  endfacet
  facet normal -0.0786795 -0.9969 0
    outer loop
      vertex 64.25 30.8 5.2
      vertex 64.4768 30.7821 7.4
      vertex 64.25 30.8 7.4
    endloop
  endfacet
  facet normal -0.0786795 -0.9969 -0
    outer loop
      vertex 64.4768 30.7821 7.4
      vertex 64.25 30.8 5.2
      vertex 64.4768 30.7821 5.2
    endloop
  endfacet
  facet normal -0.76031 0.64956 0
    outer loop
      vertex 65.2753 28.3247 5.2
      vertex 65.4231 28.4977 7.4
      vertex 65.4231 28.4977 5.2
    endloop
  endfacet
  facet normal -0.76031 0.64956 0
    outer loop
      vertex 65.4231 28.4977 7.4
      vertex 65.2753 28.3247 5.2
      vertex 65.2753 28.3247 7.4
    endloop
  endfacet
  facet normal -0.852608 0.522552 0
    outer loop
      vertex 65.4231 28.4977 5.2
      vertex 65.542 28.6917 7.4
      vertex 65.542 28.6917 5.2
    endloop
  endfacet
  facet normal -0.852608 0.522552 0
    outer loop
      vertex 65.542 28.6917 7.4
      vertex 65.4231 28.4977 5.2
      vertex 65.4231 28.4977 7.4
    endloop
  endfacet
  facet normal -0.0786795 0.9969 0
    outer loop
      vertex 64.4768 27.9179 5.2
      vertex 64.25 27.9 7.4
      vertex 64.4768 27.9179 7.4
    endloop
  endfacet
  facet normal -0.0786795 0.9969 0
    outer loop
      vertex 64.25 27.9 7.4
      vertex 64.4768 27.9179 5.2
      vertex 64.25 27.9 5.2
    endloop
  endfacet
  facet normal 0.233323 0.972399 -0
    outer loop
      vertex 64.0232 27.9179 5.2
      vertex 63.8019 27.971 7.4
      vertex 64.0232 27.9179 7.4
    endloop
  endfacet
  facet normal 0.233323 0.972399 0
    outer loop
      vertex 63.8019 27.971 7.4
      vertex 64.0232 27.9179 5.2
      vertex 63.8019 27.971 5.2
    endloop
  endfacet
  facet normal 0.64956 0.76031 -0
    outer loop
      vertex 63.3977 28.1769 5.2
      vertex 63.2247 28.3247 7.4
      vertex 63.3977 28.1769 7.4
    endloop
  endfacet
  facet normal 0.64956 0.76031 0
    outer loop
      vertex 63.2247 28.3247 7.4
      vertex 63.3977 28.1769 5.2
      vertex 63.2247 28.3247 5.2
    endloop
  endfacet
  facet normal 0 -1 0
    outer loop
      vertex 10.6962 25 5.2
      vertex 11.7038 25 7.4
      vertex 10.6962 25 7.4
    endloop
  endfacet
  facet normal 0 -1 -0
    outer loop
      vertex 11.7038 25 7.4
      vertex 10.6962 25 5.2
      vertex 11.7038 25 5.2
    endloop
  endfacet
  facet normal 0.50004 0.866002 -0
    outer loop
      vertex 11.2 24.7091 5.2
      vertex 10.6962 25 7.4
      vertex 11.2 24.7091 7.4
    endloop
  endfacet
  facet normal 0.50004 0.866002 0
    outer loop
      vertex 10.6962 25 7.4
      vertex 11.2 24.7091 5.2
      vertex 10.6962 25 5.2
    endloop
  endfacet
  facet normal -0.50004 0.866002 0
    outer loop
      vertex 11.7038 25 5.2
      vertex 11.2 24.7091 7.4
      vertex 11.7038 25 7.4
    endloop
  endfacet
  facet normal -0.50004 0.866002 0
    outer loop
      vertex 11.2 24.7091 7.4
      vertex 11.7038 25 5.2
      vertex 11.2 24.7091 5.2
    endloop
  endfacet
  facet normal -1 0 0
    outer loop
      vertex 18.23 23.2253 5.2
      vertex 18.23 25 7.4
      vertex 18.23 25 5.2
    endloop
  endfacet
  facet normal -1 -0 0
    outer loop
      vertex 18.23 25 7.4
      vertex 18.23 23.2253 5.2
      vertex 18.23 23.2253 7.4
    endloop
  endfacet
  facet normal 0 -1 0
    outer loop
      vertex 13.77 25 5.2
      vertex 18.23 25 7.4
      vertex 13.77 25 7.4
    endloop
  endfacet
  facet normal 0 -1 -0
    outer loop
      vertex 18.23 25 7.4
      vertex 13.77 25 5.2
      vertex 18.23 25 5.2
    endloop
  endfacet
  facet normal 1 -0 0
    outer loop
      vertex 13.77 23.2253 7.4
      vertex 13.77 25 5.2
      vertex 13.77 25 7.4
    endloop
  endfacet
  facet normal 1 0 0
    outer loop
      vertex 13.77 25 5.2
      vertex 13.77 23.2253 7.4
      vertex 13.77 23.2253 5.2
    endloop
  endfacet
  facet normal 0.500003 0.866024 -0
    outer loop
      vertex 16 21.9378 5.2
      vertex 13.77 23.2253 7.4
      vertex 16 21.9378 7.4
    endloop
  endfacet
  facet normal 0.500003 0.866024 0
    outer loop
      vertex 13.77 23.2253 7.4
      vertex 16 21.9378 5.2
      vertex 13.77 23.2253 5.2
    endloop
  endfacet
  facet normal -0.500003 0.866024 0
    outer loop
      vertex 18.23 23.2253 5.2
      vertex 16 21.9378 7.4
      vertex 18.23 23.2253 7.4
    endloop
  endfacet
  facet normal -0.500003 0.866024 0
    outer loop
      vertex 16 21.9378 7.4
      vertex 18.23 23.2253 5.2
      vertex 16 21.9378 5.2
    endloop
  endfacet
  facet normal 0 -1 0
    outer loop
      vertex 20.2961 25 5.2
      vertex 21.3038 25 7.4
      vertex 20.2961 25 7.4
    endloop
  endfacet
  facet normal 0 -1 -0
    outer loop
      vertex 21.3038 25 7.4
      vertex 20.2961 25 5.2
      vertex 21.3038 25 5.2
    endloop
  endfacet
  facet normal 0.499965 0.866045 -0
    outer loop
      vertex 20.8 24.7091 5.2
      vertex 20.2961 25 7.4
      vertex 20.8 24.7091 7.4
    endloop
  endfacet
  facet normal 0.499965 0.866045 0
    outer loop
      vertex 20.2961 25 7.4
      vertex 20.8 24.7091 5.2
      vertex 20.2961 25 5.2
    endloop
  endfacet
  facet normal -0.50004 0.866002 0
    outer loop
      vertex 21.3038 25 5.2
      vertex 20.8 24.7091 7.4
      vertex 21.3038 25 7.4
    endloop
  endfacet
  facet normal -0.50004 0.866002 0
    outer loop
      vertex 20.8 24.7091 7.4
      vertex 21.3038 25 5.2
      vertex 20.8 24.7091 5.2
    endloop
  endfacet
  facet normal -1 0 0
    outer loop
      vertex 27.83 23.2253 5.2
      vertex 27.83 25 7.4
      vertex 27.83 25 5.2
    endloop
  endfacet
  facet normal -1 -0 0
    outer loop
      vertex 27.83 25 7.4
      vertex 27.83 23.2253 5.2
      vertex 27.83 23.2253 7.4
    endloop
  endfacet
  facet normal 0 -1 0
    outer loop
      vertex 23.37 25 5.2
      vertex 27.83 25 7.4
      vertex 23.37 25 7.4
    endloop
  endfacet
  facet normal 0 -1 -0
    outer loop
      vertex 27.83 25 7.4
      vertex 23.37 25 5.2
      vertex 27.83 25 5.2
    endloop
  endfacet
  facet normal 1 -0 0
    outer loop
      vertex 23.37 23.2253 7.4
      vertex 23.37 25 5.2
      vertex 23.37 25 7.4
    endloop
  endfacet
  facet normal 1 0 0
    outer loop
      vertex 23.37 25 5.2
      vertex 23.37 23.2253 7.4
      vertex 23.37 23.2253 5.2
    endloop
  endfacet
  facet normal 0.500003 0.866024 -0
    outer loop
      vertex 25.6 21.9378 5.2
      vertex 23.37 23.2253 7.4
      vertex 25.6 21.9378 7.4
    endloop
  endfacet
  facet normal 0.500003 0.866024 0
    outer loop
      vertex 23.37 23.2253 7.4
      vertex 25.6 21.9378 5.2
      vertex 23.37 23.2253 5.2
    endloop
  endfacet
  facet normal -0.500003 0.866024 0
    outer loop
      vertex 27.83 23.2253 5.2
      vertex 25.6 21.9378 7.4
      vertex 27.83 23.2253 7.4
    endloop
  endfacet
  facet normal -0.500003 0.866024 0
    outer loop
      vertex 25.6 21.9378 7.4
      vertex 27.83 23.2253 5.2
      vertex 25.6 21.9378 5.2
    endloop
  endfacet
  facet normal 0 -1 0
    outer loop
      vertex 29.8961 25 5.2
      vertex 30.9038 25 7.4
      vertex 29.8961 25 7.4
    endloop
  endfacet
  facet normal 0 -1 -0
    outer loop
      vertex 30.9038 25 7.4
      vertex 29.8961 25 5.2
      vertex 30.9038 25 5.2
    endloop
  endfacet
  facet normal 0.499965 0.866045 -0
    outer loop
      vertex 30.4 24.7091 5.2
      vertex 29.8961 25 7.4
      vertex 30.4 24.7091 7.4
    endloop
  endfacet
  facet normal 0.499965 0.866045 0
    outer loop
      vertex 29.8961 25 7.4
      vertex 30.4 24.7091 5.2
      vertex 29.8961 25 5.2
    endloop
  endfacet
  facet normal -0.50004 0.866002 0
    outer loop
      vertex 30.9038 25 5.2
      vertex 30.4 24.7091 7.4
      vertex 30.9038 25 7.4
    endloop
  endfacet
  facet normal -0.50004 0.866002 0
    outer loop
      vertex 30.4 24.7091 7.4
      vertex 30.9038 25 5.2
      vertex 30.4 24.7091 5.2
    endloop
  endfacet
  facet normal -1 0 0
    outer loop
      vertex 37.43 23.2253 5.2
      vertex 37.43 25 7.4
      vertex 37.43 25 5.2
    endloop
  endfacet
  facet normal -1 -0 0
    outer loop
      vertex 37.43 25 7.4
      vertex 37.43 23.2253 5.2
      vertex 37.43 23.2253 7.4
    endloop
  endfacet
  facet normal 0 -1 0
    outer loop
      vertex 32.97 25 5.2
      vertex 37.43 25 7.4
      vertex 32.97 25 7.4
    endloop
  endfacet
  facet normal 0 -1 -0
    outer loop
      vertex 37.43 25 7.4
      vertex 32.97 25 5.2
      vertex 37.43 25 5.2
    endloop
  endfacet
  facet normal 1 -0 0
    outer loop
      vertex 32.97 23.2253 7.4
      vertex 32.97 25 5.2
      vertex 32.97 25 7.4
    endloop
  endfacet
  facet normal 1 0 0
    outer loop
      vertex 32.97 25 5.2
      vertex 32.97 23.2253 7.4
      vertex 32.97 23.2253 5.2
    endloop
  endfacet
  facet normal 0.500003 0.866024 -0
    outer loop
      vertex 35.2 21.9378 5.2
      vertex 32.97 23.2253 7.4
      vertex 35.2 21.9378 7.4
    endloop
  endfacet
  facet normal 0.500003 0.866024 0
    outer loop
      vertex 32.97 23.2253 7.4
      vertex 35.2 21.9378 5.2
      vertex 32.97 23.2253 5.2
    endloop
  endfacet
  facet normal -0.500003 0.866024 0
    outer loop
      vertex 37.43 23.2253 5.2
      vertex 35.2 21.9378 7.4
      vertex 37.43 23.2253 7.4
    endloop
  endfacet
  facet normal -0.500003 0.866024 0
    outer loop
      vertex 35.2 21.9378 7.4
      vertex 37.43 23.2253 5.2
      vertex 35.2 21.9378 5.2
    endloop
  endfacet
  facet normal 0 -1 0
    outer loop
      vertex 39.4962 25 5.2
      vertex 40.5038 25 7.4
      vertex 39.4962 25 7.4
    endloop
  endfacet
  facet normal 0 -1 -0
    outer loop
      vertex 40.5038 25 7.4
      vertex 39.4962 25 5.2
      vertex 40.5038 25 5.2
    endloop
  endfacet
  facet normal 0.50004 0.866002 -0
    outer loop
      vertex 40 24.7091 5.2
      vertex 39.4962 25 7.4
      vertex 40 24.7091 7.4
    endloop
  endfacet
  facet normal 0.50004 0.866002 0
    outer loop
      vertex 39.4962 25 7.4
      vertex 40 24.7091 5.2
      vertex 39.4962 25 5.2
    endloop
  endfacet
  facet normal -0.50004 0.866002 0
    outer loop
      vertex 40.5038 25 5.2
      vertex 40 24.7091 7.4
      vertex 40.5038 25 7.4
    endloop
  endfacet
  facet normal -0.50004 0.866002 0
    outer loop
      vertex 40 24.7091 7.4
      vertex 40.5038 25 5.2
      vertex 40 24.7091 5.2
    endloop
  endfacet
  facet normal -1 0 0
    outer loop
      vertex 47.03 23.2253 5.2
      vertex 47.03 25 7.4
      vertex 47.03 25 5.2
    endloop
  endfacet
  facet normal -1 -0 0
    outer loop
      vertex 47.03 25 7.4
      vertex 47.03 23.2253 5.2
      vertex 47.03 23.2253 7.4
    endloop
  endfacet
  facet normal 0 -1 0
    outer loop
      vertex 42.57 25 5.2
      vertex 47.03 25 7.4
      vertex 42.57 25 7.4
    endloop
  endfacet
  facet normal 0 -1 -0
    outer loop
      vertex 47.03 25 7.4
      vertex 42.57 25 5.2
      vertex 47.03 25 5.2
    endloop
  endfacet
  facet normal 1 -0 0
    outer loop
      vertex 42.57 23.2253 7.4
      vertex 42.57 25 5.2
      vertex 42.57 25 7.4
    endloop
  endfacet
  facet normal 1 0 0
    outer loop
      vertex 42.57 25 5.2
      vertex 42.57 23.2253 7.4
      vertex 42.57 23.2253 5.2
    endloop
  endfacet
  facet normal 0.500003 0.866024 -0
    outer loop
      vertex 44.8 21.9378 5.2
      vertex 42.57 23.2253 7.4
      vertex 44.8 21.9378 7.4
    endloop
  endfacet
  facet normal 0.500003 0.866024 0
    outer loop
      vertex 42.57 23.2253 7.4
      vertex 44.8 21.9378 5.2
      vertex 42.57 23.2253 5.2
    endloop
  endfacet
  facet normal -0.500003 0.866024 0
    outer loop
      vertex 47.03 23.2253 5.2
      vertex 44.8 21.9378 7.4
      vertex 47.03 23.2253 7.4
    endloop
  endfacet
  facet normal -0.500003 0.866024 0
    outer loop
      vertex 44.8 21.9378 7.4
      vertex 47.03 23.2253 5.2
      vertex 44.8 21.9378 5.2
    endloop
  endfacet
  facet normal 0 -1 0
    outer loop
      vertex 49.0961 25 5.2
      vertex 50.1038 25 7.4
      vertex 49.0961 25 7.4
    endloop
  endfacet
  facet normal 0 -1 -0
    outer loop
      vertex 50.1038 25 7.4
      vertex 49.0961 25 5.2
      vertex 50.1038 25 5.2
    endloop
  endfacet
  facet normal 0.499965 0.866045 -0
    outer loop
      vertex 49.6 24.7091 5.2
      vertex 49.0961 25 7.4
      vertex 49.6 24.7091 7.4
    endloop
  endfacet
  facet normal 0.499965 0.866045 0
    outer loop
      vertex 49.0961 25 7.4
      vertex 49.6 24.7091 5.2
      vertex 49.0961 25 5.2
    endloop
  endfacet
  facet normal -0.50004 0.866002 0
    outer loop
      vertex 50.1038 25 5.2
      vertex 49.6 24.7091 7.4
      vertex 50.1038 25 7.4
    endloop
  endfacet
  facet normal -0.50004 0.866002 0
    outer loop
      vertex 49.6 24.7091 7.4
      vertex 50.1038 25 5.2
      vertex 49.6 24.7091 5.2
    endloop
  endfacet
  facet normal -1 0 0
    outer loop
      vertex 56.63 23.2253 5.2
      vertex 56.63 25 7.4
      vertex 56.63 25 5.2
    endloop
  endfacet
  facet normal -1 -0 0
    outer loop
      vertex 56.63 25 7.4
      vertex 56.63 23.2253 5.2
      vertex 56.63 23.2253 7.4
    endloop
  endfacet
  facet normal 0 -1 0
    outer loop
      vertex 52.17 25 5.2
      vertex 56.63 25 7.4
      vertex 52.17 25 7.4
    endloop
  endfacet
  facet normal 0 -1 -0
    outer loop
      vertex 56.63 25 7.4
      vertex 52.17 25 5.2
      vertex 56.63 25 5.2
    endloop
  endfacet
  facet normal 1 -0 0
    outer loop
      vertex 52.17 23.2253 7.4
      vertex 52.17 25 5.2
      vertex 52.17 25 7.4
    endloop
  endfacet
  facet normal 1 0 0
    outer loop
      vertex 52.17 25 5.2
      vertex 52.17 23.2253 7.4
      vertex 52.17 23.2253 5.2
    endloop
  endfacet
  facet normal 0.500003 0.866024 -0
    outer loop
      vertex 54.4 21.9378 5.2
      vertex 52.17 23.2253 7.4
      vertex 54.4 21.9378 7.4
    endloop
  endfacet
  facet normal 0.500003 0.866024 0
    outer loop
      vertex 52.17 23.2253 7.4
      vertex 54.4 21.9378 5.2
      vertex 52.17 23.2253 5.2
    endloop
  endfacet
  facet normal -0.500003 0.866024 0
    outer loop
      vertex 56.63 23.2253 5.2
      vertex 54.4 21.9378 7.4
      vertex 56.63 23.2253 7.4
    endloop
  endfacet
  facet normal -0.500003 0.866024 0
    outer loop
      vertex 54.4 21.9378 7.4
      vertex 56.63 23.2253 5.2
      vertex 54.4 21.9378 5.2
    endloop
  endfacet
  facet normal 0 -1 0
    outer loop
      vertex 58.6962 25 5.2
      vertex 59.7038 25 7.4
      vertex 58.6962 25 7.4
    endloop
  endfacet
  facet normal 0 -1 -0
    outer loop
      vertex 59.7038 25 7.4
      vertex 58.6962 25 5.2
      vertex 59.7038 25 5.2
    endloop
  endfacet
  facet normal 0.50004 0.866002 -0
    outer loop
      vertex 59.2 24.7091 5.2
      vertex 58.6962 25 7.4
      vertex 59.2 24.7091 7.4
    endloop
  endfacet
  facet normal 0.50004 0.866002 0
    outer loop
      vertex 58.6962 25 7.4
      vertex 59.2 24.7091 5.2
      vertex 58.6962 25 5.2
    endloop
  endfacet
  facet normal -0.50004 0.866002 0
    outer loop
      vertex 59.7038 25 5.2
      vertex 59.2 24.7091 7.4
      vertex 59.7038 25 7.4
    endloop
  endfacet
  facet normal -0.50004 0.866002 0
    outer loop
      vertex 59.2 24.7091 7.4
      vertex 59.7038 25 5.2
      vertex 59.2 24.7091 5.2
    endloop
  endfacet
  facet normal -0.996913 -0.0785131 0
    outer loop
      vertex 63.5 22.8 5.2
      vertex 63.4729 23.1441 7.4
      vertex 63.4729 23.1441 5.2
    endloop
  endfacet
  facet normal -0.996913 -0.0785131 0
    outer loop
      vertex 63.4729 23.1441 7.4
      vertex 63.5 22.8 5.2
      vertex 63.5 22.8 7.4
    endloop
  endfacet
  facet normal -0.972366 -0.233461 0
    outer loop
      vertex 63.4729 23.1441 5.2
      vertex 63.3923 23.4798 7.4
      vertex 63.3923 23.4798 5.2
    endloop
  endfacet
  facet normal -0.972366 -0.233461 0
    outer loop
      vertex 63.3923 23.4798 7.4
      vertex 63.4729 23.1441 5.2
      vertex 63.4729 23.1441 7.4
    endloop
  endfacet
  facet normal -0.923914 -0.382599 0
    outer loop
      vertex 63.3923 23.4798 5.2
      vertex 63.2602 23.7988 7.4
      vertex 63.2602 23.7988 5.2
    endloop
  endfacet
  facet normal -0.923914 -0.382599 0
    outer loop
      vertex 63.2602 23.7988 7.4
      vertex 63.3923 23.4798 5.2
      vertex 63.3923 23.4798 7.4
    endloop
  endfacet
  facet normal -0.852572 -0.52261 0
    outer loop
      vertex 63.2602 23.7988 5.2
      vertex 63.0798 24.0931 7.4
      vertex 63.0798 24.0931 5.2
    endloop
  endfacet
  facet normal -0.852572 -0.52261 0
    outer loop
      vertex 63.0798 24.0931 7.4
      vertex 63.2602 23.7988 5.2
      vertex 63.2602 23.7988 7.4
    endloop
  endfacet
  facet normal -0.760401 -0.649454 0
    outer loop
      vertex 63.0798 24.0931 5.2
      vertex 62.8556 24.3556 7.4
      vertex 62.8556 24.3556 5.2
    endloop
  endfacet
  facet normal -0.760401 -0.649454 0
    outer loop
      vertex 62.8556 24.3556 7.4
      vertex 63.0798 24.0931 5.2
      vertex 63.0798 24.0931 7.4
    endloop
  endfacet
  facet normal -0.649454 -0.760401 0
    outer loop
      vertex 62.5931 24.5798 5.2
      vertex 62.8556 24.3556 7.4
      vertex 62.5931 24.5798 7.4
    endloop
  endfacet
  facet normal -0.649454 -0.760401 -0
    outer loop
      vertex 62.8556 24.3556 7.4
      vertex 62.5931 24.5798 5.2
      vertex 62.8556 24.3556 5.2
    endloop
  endfacet
  facet normal -0.52261 -0.852572 0
    outer loop
      vertex 62.2988 24.7602 5.2
      vertex 62.5931 24.5798 7.4
      vertex 62.2988 24.7602 7.4
    endloop
  endfacet
  facet normal -0.52261 -0.852572 -0
    outer loop
      vertex 62.5931 24.5798 7.4
      vertex 62.2988 24.7602 5.2
      vertex 62.5931 24.5798 5.2
    endloop
  endfacet
  facet normal -0.382599 -0.923914 0
    outer loop
      vertex 61.9798 24.8923 5.2
      vertex 62.2988 24.7602 7.4
      vertex 61.9798 24.8923 7.4
    endloop
  endfacet
  facet normal -0.382599 -0.923914 -0
    outer loop
      vertex 62.2988 24.7602 7.4
      vertex 61.9798 24.8923 5.2
      vertex 62.2988 24.7602 5.2
    endloop
  endfacet
  facet normal -0.233583 -0.972337 0
    outer loop
      vertex 61.77 24.9427 5.2
      vertex 61.9798 24.8923 7.4
      vertex 61.77 24.9427 7.4
    endloop
  endfacet
  facet normal -0.233583 -0.972337 -0
    outer loop
      vertex 61.9798 24.8923 7.4
      vertex 61.77 24.9427 5.2
      vertex 61.9798 24.8923 5.2
    endloop
  endfacet
  facet normal 1 -0 0
    outer loop
      vertex 61.77 23.2253 7.4
      vertex 61.77 24.9427 5.2
      vertex 61.77 24.9427 7.4
    endloop
  endfacet
  facet normal 1 0 0
    outer loop
      vertex 61.77 24.9427 5.2
      vertex 61.77 23.2253 7.4
      vertex 61.77 23.2253 5.2
    endloop
  endfacet
  facet normal 0.499994 0.866029 -0
    outer loop
      vertex 63.5 22.2265 5.2
      vertex 61.77 23.2253 7.4
      vertex 63.5 22.2265 7.4
    endloop
  endfacet
  facet normal 0.499994 0.866029 0
    outer loop
      vertex 61.77 23.2253 7.4
      vertex 63.5 22.2265 5.2
      vertex 61.77 23.2253 5.2
    endloop
  endfacet
  facet normal -1 0 0
    outer loop
      vertex 63.5 22.2265 5.2
      vertex 63.5 22.8 7.4
      vertex 63.5 22.8 5.2
    endloop
  endfacet
  facet normal -1 -0 0
    outer loop
      vertex 63.5 22.8 7.4
      vertex 63.5 22.2265 5.2
      vertex 63.5 22.2265 7.4
    endloop
  endfacet
  facet normal -1 0 0
    outer loop
      vertex 8.63 23.2253 5.2
      vertex 8.63 24.855 7.4
      vertex 8.63 24.855 5.2
    endloop
  endfacet
  facet normal -1 -0 0
    outer loop
      vertex 8.63 24.855 7.4
      vertex 8.63 23.2253 5.2
      vertex 8.63 23.2253 7.4
    endloop
  endfacet
  facet normal 0.382794 -0.923834 0
    outer loop
      vertex 8.40121 24.7602 5.2
      vertex 8.63 24.855 7.4
      vertex 8.40121 24.7602 7.4
    endloop
  endfacet
  facet normal 0.382794 -0.923834 0
    outer loop
      vertex 8.63 24.855 7.4
      vertex 8.40121 24.7602 5.2
      vertex 8.63 24.855 5.2
    endloop
  endfacet
  facet normal 0.522545 -0.852612 0
    outer loop
      vertex 8.10686 24.5798 5.2
      vertex 8.40121 24.7602 7.4
      vertex 8.10686 24.5798 7.4
    endloop
  endfacet
  facet normal 0.522545 -0.852612 0
    outer loop
      vertex 8.40121 24.7602 7.4
      vertex 8.10686 24.5798 5.2
      vertex 8.40121 24.7602 5.2
    endloop
  endfacet
  facet normal 0.649454 -0.760401 0
    outer loop
      vertex 7.84436 24.3556 5.2
      vertex 8.10686 24.5798 7.4
      vertex 7.84436 24.3556 7.4
    endloop
  endfacet
  facet normal 0.649454 -0.760401 0
    outer loop
      vertex 8.10686 24.5798 7.4
      vertex 7.84436 24.3556 5.2
      vertex 8.10686 24.5798 5.2
    endloop
  endfacet
  facet normal 0.760386 -0.649471 0
    outer loop
      vertex 7.62015 24.0931 7.4
      vertex 7.84436 24.3556 5.2
      vertex 7.84436 24.3556 7.4
    endloop
  endfacet
  facet normal 0.760386 -0.649471 0
    outer loop
      vertex 7.84436 24.3556 5.2
      vertex 7.62015 24.0931 7.4
      vertex 7.62015 24.0931 5.2
    endloop
  endfacet
  facet normal 0.852598 -0.522567 0
    outer loop
      vertex 7.43977 23.7988 7.4
      vertex 7.62015 24.0931 5.2
      vertex 7.62015 24.0931 7.4
    endloop
  endfacet
  facet normal 0.852598 -0.522567 0
    outer loop
      vertex 7.62015 24.0931 5.2
      vertex 7.43977 23.7988 7.4
      vertex 7.43977 23.7988 5.2
    endloop
  endfacet
  facet normal 0.923904 -0.382624 0
    outer loop
      vertex 7.30766 23.4798 7.4
      vertex 7.43977 23.7988 5.2
      vertex 7.43977 23.7988 7.4
    endloop
  endfacet
  facet normal 0.923904 -0.382624 0
    outer loop
      vertex 7.43977 23.7988 5.2
      vertex 7.30766 23.4798 7.4
      vertex 7.30766 23.4798 5.2
    endloop
  endfacet
  facet normal 0.972379 -0.233406 0
    outer loop
      vertex 7.22708 23.1441 7.4
      vertex 7.30766 23.4798 5.2
      vertex 7.30766 23.4798 7.4
    endloop
  endfacet
  facet normal 0.972379 -0.233406 0
    outer loop
      vertex 7.30766 23.4798 5.2
      vertex 7.22708 23.1441 7.4
      vertex 7.22708 23.1441 5.2
    endloop
  endfacet
  facet normal 0.996918 -0.0784555 0
    outer loop
      vertex 7.2 22.8 7.4
      vertex 7.22708 23.1441 5.2
      vertex 7.22708 23.1441 7.4
    endloop
  endfacet
  facet normal 0.996918 -0.0784555 0
    outer loop
      vertex 7.22708 23.1441 5.2
      vertex 7.2 22.8 7.4
      vertex 7.2 22.8 5.2
    endloop
  endfacet
  facet normal 1 -0 0
    outer loop
      vertex 7.2 22.3997 7.4
      vertex 7.2 22.8 5.2
      vertex 7.2 22.8 7.4
    endloop
  endfacet
  facet normal 1 0 0
    outer loop
      vertex 7.2 22.8 5.2
      vertex 7.2 22.3997 7.4
      vertex 7.2 22.3997 5.2
    endloop
  endfacet
  facet normal -0.499995 0.866028 0
    outer loop
      vertex 8.63 23.2253 5.2
      vertex 7.2 22.3997 7.4
      vertex 8.63 23.2253 7.4
    endloop
  endfacet
  facet normal -0.499995 0.866028 0
    outer loop
      vertex 7.2 22.3997 7.4
      vertex 8.63 23.2253 5.2
      vertex 7.2 22.3997 5.2
    endloop
  endfacet
  facet normal -1 0 0
    outer loop
      vertex 32.63 20.454 5.2
      vertex 32.63 23.029 7.4
      vertex 32.63 23.029 5.2
    endloop
  endfacet
  facet normal -1 -0 0
    outer loop
      vertex 32.63 23.029 7.4
      vertex 32.63 20.454 5.2
      vertex 32.63 20.454 7.4
    endloop
  endfacet
  facet normal -0.500003 -0.866024 0
    outer loop
      vertex 30.4 24.3165 5.2
      vertex 32.63 23.029 7.4
      vertex 30.4 24.3165 7.4
    endloop
  endfacet
  facet normal -0.500003 -0.866024 -0
    outer loop
      vertex 32.63 23.029 7.4
      vertex 30.4 24.3165 5.2
      vertex 32.63 23.029 5.2
    endloop
  endfacet
  facet normal 0.500003 -0.866024 0
    outer loop
      vertex 28.17 23.029 5.2
      vertex 30.4 24.3165 7.4
      vertex 28.17 23.029 7.4
    endloop
  endfacet
  facet normal 0.500003 -0.866024 0
    outer loop
      vertex 30.4 24.3165 7.4
      vertex 28.17 23.029 5.2
      vertex 30.4 24.3165 5.2
    endloop
  endfacet
  facet normal 1 -0 0
    outer loop
      vertex 28.17 20.454 7.4
      vertex 28.17 23.029 5.2
      vertex 28.17 23.029 7.4
    endloop
  endfacet
  facet normal 1 0 0
    outer loop
      vertex 28.17 23.029 5.2
      vertex 28.17 20.454 7.4
      vertex 28.17 20.454 5.2
    endloop
  endfacet
  facet normal 0.500003 0.866024 -0
    outer loop
      vertex 30.4 19.1665 5.2
      vertex 28.17 20.454 7.4
      vertex 30.4 19.1665 7.4
    endloop
  endfacet
  facet normal 0.500003 0.866024 0
    outer loop
      vertex 28.17 20.454 7.4
      vertex 30.4 19.1665 5.2
      vertex 28.17 20.454 5.2
    endloop
  endfacet
  facet normal -0.500003 0.866024 0
    outer loop
      vertex 32.63 20.454 5.2
      vertex 30.4 19.1665 7.4
      vertex 32.63 20.454 7.4
    endloop
  endfacet
  facet normal -0.500003 0.866024 0
    outer loop
      vertex 30.4 19.1665 7.4
      vertex 32.63 20.454 5.2
      vertex 30.4 19.1665 5.2
    endloop
  endfacet
  facet normal -1 0 0
    outer loop
      vertex 13.43 20.454 5.2
      vertex 13.43 23.029 7.4
      vertex 13.43 23.029 5.2
    endloop
  endfacet
  facet normal -1 -0 0
    outer loop
      vertex 13.43 23.029 7.4
      vertex 13.43 20.454 5.2
      vertex 13.43 20.454 7.4
    endloop
  endfacet
  facet normal -0.500003 -0.866024 0
    outer loop
      vertex 11.2 24.3165 5.2
      vertex 13.43 23.029 7.4
      vertex 11.2 24.3165 7.4
    endloop
  endfacet
  facet normal -0.500003 -0.866024 -0
    outer loop
      vertex 13.43 23.029 7.4
      vertex 11.2 24.3165 5.2
      vertex 13.43 23.029 5.2
    endloop
  endfacet
  facet normal 0.499998 -0.866027 0
    outer loop
      vertex 8.96997 23.029 5.2
      vertex 11.2 24.3165 7.4
      vertex 8.96997 23.029 7.4
    endloop
  endfacet
  facet normal 0.499998 -0.866027 0
    outer loop
      vertex 11.2 24.3165 7.4
      vertex 8.96997 23.029 5.2
      vertex 11.2 24.3165 5.2
    endloop
  endfacet
  facet normal 1 -0 0
    outer loop
      vertex 8.96997 20.454 7.4
      vertex 8.96997 23.029 5.2
      vertex 8.96997 23.029 7.4
    endloop
  endfacet
  facet normal 1 0 0
    outer loop
      vertex 8.96997 23.029 5.2
      vertex 8.96997 20.454 7.4
      vertex 8.96997 20.454 5.2
    endloop
  endfacet
  facet normal 0.499998 0.866027 -0
    outer loop
      vertex 11.2 19.1665 5.2
      vertex 8.96997 20.454 7.4
      vertex 11.2 19.1665 7.4
    endloop
  endfacet
  facet normal 0.499998 0.866027 0
    outer loop
      vertex 8.96997 20.454 7.4
      vertex 11.2 19.1665 5.2
      vertex 8.96997 20.454 5.2
    endloop
  endfacet
  facet normal -0.500003 0.866024 0
    outer loop
      vertex 13.43 20.454 5.2
      vertex 11.2 19.1665 7.4
      vertex 13.43 20.454 7.4
    endloop
  endfacet
  facet normal -0.500003 0.866024 0
    outer loop
      vertex 11.2 19.1665 7.4
      vertex 13.43 20.454 5.2
      vertex 11.2 19.1665 5.2
    endloop
  endfacet
  facet normal -1 0 0
    outer loop
      vertex 42.23 20.454 5.2
      vertex 42.23 23.029 7.4
      vertex 42.23 23.029 5.2
    endloop
  endfacet
  facet normal -1 -0 0
    outer loop
      vertex 42.23 23.029 7.4
      vertex 42.23 20.454 5.2
      vertex 42.23 20.454 7.4
    endloop
  endfacet
  facet normal -0.500003 -0.866024 0
    outer loop
      vertex 40 24.3165 5.2
      vertex 42.23 23.029 7.4
      vertex 40 24.3165 7.4
    endloop
  endfacet
  facet normal -0.500003 -0.866024 -0
    outer loop
      vertex 42.23 23.029 7.4
      vertex 40 24.3165 5.2
      vertex 42.23 23.029 5.2
    endloop
  endfacet
  facet normal 0.500003 -0.866024 0
    outer loop
      vertex 37.77 23.029 5.2
      vertex 40 24.3165 7.4
      vertex 37.77 23.029 7.4
    endloop
  endfacet
  facet normal 0.500003 -0.866024 0
    outer loop
      vertex 40 24.3165 7.4
      vertex 37.77 23.029 5.2
      vertex 40 24.3165 5.2
    endloop
  endfacet
  facet normal 1 -0 0
    outer loop
      vertex 37.77 20.454 7.4
      vertex 37.77 23.029 5.2
      vertex 37.77 23.029 7.4
    endloop
  endfacet
  facet normal 1 0 0
    outer loop
      vertex 37.77 23.029 5.2
      vertex 37.77 20.454 7.4
      vertex 37.77 20.454 5.2
    endloop
  endfacet
  facet normal 0.500003 0.866024 -0
    outer loop
      vertex 40 19.1665 5.2
      vertex 37.77 20.454 7.4
      vertex 40 19.1665 7.4
    endloop
  endfacet
  facet normal 0.500003 0.866024 0
    outer loop
      vertex 37.77 20.454 7.4
      vertex 40 19.1665 5.2
      vertex 37.77 20.454 5.2
    endloop
  endfacet
  facet normal -0.500003 0.866024 0
    outer loop
      vertex 42.23 20.454 5.2
      vertex 40 19.1665 7.4
      vertex 42.23 20.454 7.4
    endloop
  endfacet
  facet normal -0.500003 0.866024 0
    outer loop
      vertex 40 19.1665 7.4
      vertex 42.23 20.454 5.2
      vertex 40 19.1665 5.2
    endloop
  endfacet
  facet normal -1 0 0
    outer loop
      vertex 61.43 20.454 5.2
      vertex 61.43 23.029 7.4
      vertex 61.43 23.029 5.2
    endloop
  endfacet
  facet normal -1 -0 0
    outer loop
      vertex 61.43 23.029 7.4
      vertex 61.43 20.454 5.2
      vertex 61.43 20.454 7.4
    endloop
  endfacet
  facet normal -0.500003 -0.866024 0
    outer loop
      vertex 59.2 24.3165 5.2
      vertex 61.43 23.029 7.4
      vertex 59.2 24.3165 7.4
    endloop
  endfacet
  facet normal -0.500003 -0.866024 -0
    outer loop
      vertex 61.43 23.029 7.4
      vertex 59.2 24.3165 5.2
      vertex 61.43 23.029 5.2
    endloop
  endfacet
  facet normal 0.500003 -0.866024 0
    outer loop
      vertex 56.97 23.029 5.2
      vertex 59.2 24.3165 7.4
      vertex 56.97 23.029 7.4
    endloop
  endfacet
  facet normal 0.500003 -0.866024 0
    outer loop
      vertex 59.2 24.3165 7.4
      vertex 56.97 23.029 5.2
      vertex 59.2 24.3165 5.2
    endloop
  endfacet
  facet normal 1 -0 0
    outer loop
      vertex 56.97 20.454 7.4
      vertex 56.97 23.029 5.2
      vertex 56.97 23.029 7.4
    endloop
  endfacet
  facet normal 1 0 0
    outer loop
      vertex 56.97 23.029 5.2
      vertex 56.97 20.454 7.4
      vertex 56.97 20.454 5.2
    endloop
  endfacet
  facet normal 0.500003 0.866024 -0
    outer loop
      vertex 59.2 19.1665 5.2
      vertex 56.97 20.454 7.4
      vertex 59.2 19.1665 7.4
    endloop
  endfacet
  facet normal 0.500003 0.866024 0
    outer loop
      vertex 56.97 20.454 7.4
      vertex 59.2 19.1665 5.2
      vertex 56.97 20.454 5.2
    endloop
  endfacet
  facet normal -0.500003 0.866024 0
    outer loop
      vertex 61.43 20.454 5.2
      vertex 59.2 19.1665 7.4
      vertex 61.43 20.454 7.4
    endloop
  endfacet
  facet normal -0.500003 0.866024 0
    outer loop
      vertex 59.2 19.1665 7.4
      vertex 61.43 20.454 5.2
      vertex 59.2 19.1665 5.2
    endloop
  endfacet
  facet normal -1 0 0
    outer loop
      vertex 23.03 20.454 5.2
      vertex 23.03 23.029 7.4
      vertex 23.03 23.029 5.2
    endloop
  endfacet
  facet normal -1 -0 0
    outer loop
      vertex 23.03 23.029 7.4
      vertex 23.03 20.454 5.2
      vertex 23.03 20.454 7.4
    endloop
  endfacet
  facet normal -0.500003 -0.866024 0
    outer loop
      vertex 20.8 24.3165 5.2
      vertex 23.03 23.029 7.4
      vertex 20.8 24.3165 7.4
    endloop
  endfacet
  facet normal -0.500003 -0.866024 -0
    outer loop
      vertex 23.03 23.029 7.4
      vertex 20.8 24.3165 5.2
      vertex 23.03 23.029 5.2
    endloop
  endfacet
  facet normal 0.500003 -0.866024 0
    outer loop
      vertex 18.57 23.029 5.2
      vertex 20.8 24.3165 7.4
      vertex 18.57 23.029 7.4
    endloop
  endfacet
  facet normal 0.500003 -0.866024 0
    outer loop
      vertex 20.8 24.3165 7.4
      vertex 18.57 23.029 5.2
      vertex 20.8 24.3165 5.2
    endloop
  endfacet
  facet normal 1 -0 0
    outer loop
      vertex 18.57 20.454 7.4
      vertex 18.57 23.029 5.2
      vertex 18.57 23.029 7.4
    endloop
  endfacet
  facet normal 1 0 0
    outer loop
      vertex 18.57 23.029 5.2
      vertex 18.57 20.454 7.4
      vertex 18.57 20.454 5.2
    endloop
  endfacet
  facet normal 0.500003 0.866024 -0
    outer loop
      vertex 20.8 19.1665 5.2
      vertex 18.57 20.454 7.4
      vertex 20.8 19.1665 7.4
    endloop
  endfacet
  facet normal 0.500003 0.866024 0
    outer loop
      vertex 18.57 20.454 7.4
      vertex 20.8 19.1665 5.2
      vertex 18.57 20.454 5.2
    endloop
  endfacet
  facet normal -0.500003 0.866024 0
    outer loop
      vertex 23.03 20.454 5.2
      vertex 20.8 19.1665 7.4
      vertex 23.03 20.454 7.4
    endloop
  endfacet
  facet normal -0.500003 0.866024 0
    outer loop
      vertex 20.8 19.1665 7.4
      vertex 23.03 20.454 5.2
      vertex 20.8 19.1665 5.2
    endloop
  endfacet
  facet normal -1 0 0
    outer loop
      vertex 51.83 20.454 5.2
      vertex 51.83 23.029 7.4
      vertex 51.83 23.029 5.2
    endloop
  endfacet
  facet normal -1 -0 0
    outer loop
      vertex 51.83 23.029 7.4
      vertex 51.83 20.454 5.2
      vertex 51.83 20.454 7.4
    endloop
  endfacet
  facet normal -0.500003 -0.866024 0
    outer loop
      vertex 49.6 24.3165 5.2
      vertex 51.83 23.029 7.4
      vertex 49.6 24.3165 7.4
    endloop
  endfacet
  facet normal -0.500003 -0.866024 -0
    outer loop
      vertex 51.83 23.029 7.4
      vertex 49.6 24.3165 5.2
      vertex 51.83 23.029 5.2
    endloop
  endfacet
  facet normal 0.500003 -0.866024 0
    outer loop
      vertex 47.37 23.029 5.2
      vertex 49.6 24.3165 7.4
      vertex 47.37 23.029 7.4
    endloop
  endfacet
  facet normal 0.500003 -0.866024 0
    outer loop
      vertex 49.6 24.3165 7.4
      vertex 47.37 23.029 5.2
      vertex 49.6 24.3165 5.2
    endloop
  endfacet
  facet normal 1 -0 0
    outer loop
      vertex 47.37 20.454 7.4
      vertex 47.37 23.029 5.2
      vertex 47.37 23.029 7.4
    endloop
  endfacet
  facet normal 1 0 0
    outer loop
      vertex 47.37 23.029 5.2
      vertex 47.37 20.454 7.4
      vertex 47.37 20.454 5.2
    endloop
  endfacet
  facet normal 0.500003 0.866024 -0
    outer loop
      vertex 49.6 19.1665 5.2
      vertex 47.37 20.454 7.4
      vertex 49.6 19.1665 7.4
    endloop
  endfacet
  facet normal 0.500003 0.866024 0
    outer loop
      vertex 47.37 20.454 7.4
      vertex 49.6 19.1665 5.2
      vertex 47.37 20.454 5.2
    endloop
  endfacet
  facet normal -0.500003 0.866024 0
    outer loop
      vertex 51.83 20.454 5.2
      vertex 49.6 19.1665 7.4
      vertex 51.83 20.454 7.4
    endloop
  endfacet
  facet normal -0.500003 0.866024 0
    outer loop
      vertex 49.6 19.1665 7.4
      vertex 51.83 20.454 5.2
      vertex 49.6 19.1665 5.2
    endloop
  endfacet
  facet normal -1 0 0
    outer loop
      vertex 18.23 17.6827 5.2
      vertex 18.23 20.2577 7.4
      vertex 18.23 20.2577 5.2
    endloop
  endfacet
  facet normal -1 -0 0
    outer loop
      vertex 18.23 20.2577 7.4
      vertex 18.23 17.6827 5.2
      vertex 18.23 17.6827 7.4
    endloop
  endfacet
  facet normal -0.500003 -0.866024 0
    outer loop
      vertex 16 21.5452 5.2
      vertex 18.23 20.2577 7.4
      vertex 16 21.5452 7.4
    endloop
  endfacet
  facet normal -0.500003 -0.866024 -0
    outer loop
      vertex 18.23 20.2577 7.4
      vertex 16 21.5452 5.2
      vertex 18.23 20.2577 5.2
    endloop
  endfacet
  facet normal 0.500003 -0.866024 0
    outer loop
      vertex 13.77 20.2577 5.2
      vertex 16 21.5452 7.4
      vertex 13.77 20.2577 7.4
    endloop
  endfacet
  facet normal 0.500003 -0.866024 0
    outer loop
      vertex 16 21.5452 7.4
      vertex 13.77 20.2577 5.2
      vertex 16 21.5452 5.2
    endloop
  endfacet
  facet normal 1 -0 0
    outer loop
      vertex 13.77 17.6827 7.4
      vertex 13.77 20.2577 5.2
      vertex 13.77 20.2577 7.4
    endloop
  endfacet
  facet normal 1 0 0
    outer loop
      vertex 13.77 20.2577 5.2
      vertex 13.77 17.6827 7.4
      vertex 13.77 17.6827 5.2
    endloop
  endfacet
  facet normal 0.500003 0.866024 -0
    outer loop
      vertex 16 16.3952 5.2
      vertex 13.77 17.6827 7.4
      vertex 16 16.3952 7.4
    endloop
  endfacet
  facet normal 0.500003 0.866024 0
    outer loop
      vertex 13.77 17.6827 7.4
      vertex 16 16.3952 5.2
      vertex 13.77 17.6827 5.2
    endloop
  endfacet
  facet normal -0.500003 0.866024 0
    outer loop
      vertex 18.23 17.6827 5.2
      vertex 16 16.3952 7.4
      vertex 18.23 17.6827 7.4
    endloop
  endfacet
  facet normal -0.500003 0.866024 0
    outer loop
      vertex 16 16.3952 7.4
      vertex 18.23 17.6827 5.2
      vertex 16 16.3952 5.2
    endloop
  endfacet
  facet normal -1 0 0
    outer loop
      vertex 27.83 17.6827 5.2
      vertex 27.83 20.2577 7.4
      vertex 27.83 20.2577 5.2
    endloop
  endfacet
  facet normal -1 -0 0
    outer loop
      vertex 27.83 20.2577 7.4
      vertex 27.83 17.6827 5.2
      vertex 27.83 17.6827 7.4
    endloop
  endfacet
  facet normal -0.500003 -0.866024 0
    outer loop
      vertex 25.6 21.5452 5.2
      vertex 27.83 20.2577 7.4
      vertex 25.6 21.5452 7.4
    endloop
  endfacet
  facet normal -0.500003 -0.866024 -0
    outer loop
      vertex 27.83 20.2577 7.4
      vertex 25.6 21.5452 5.2
      vertex 27.83 20.2577 5.2
    endloop
  endfacet
  facet normal 0.500003 -0.866024 0
    outer loop
      vertex 23.37 20.2577 5.2
      vertex 25.6 21.5452 7.4
      vertex 23.37 20.2577 7.4
    endloop
  endfacet
  facet normal 0.500003 -0.866024 0
    outer loop
      vertex 25.6 21.5452 7.4
      vertex 23.37 20.2577 5.2
      vertex 25.6 21.5452 5.2
    endloop
  endfacet
  facet normal 1 -0 0
    outer loop
      vertex 23.37 17.6827 7.4
      vertex 23.37 20.2577 5.2
      vertex 23.37 20.2577 7.4
    endloop
  endfacet
  facet normal 1 0 0
    outer loop
      vertex 23.37 20.2577 5.2
      vertex 23.37 17.6827 7.4
      vertex 23.37 17.6827 5.2
    endloop
  endfacet
  facet normal 0.500003 0.866024 -0
    outer loop
      vertex 25.6 16.3952 5.2
      vertex 23.37 17.6827 7.4
      vertex 25.6 16.3952 7.4
    endloop
  endfacet
  facet normal 0.500003 0.866024 0
    outer loop
      vertex 23.37 17.6827 7.4
      vertex 25.6 16.3952 5.2
      vertex 23.37 17.6827 5.2
    endloop
  endfacet
  facet normal -0.500003 0.866024 0
    outer loop
      vertex 27.83 17.6827 5.2
      vertex 25.6 16.3952 7.4
      vertex 27.83 17.6827 7.4
    endloop
  endfacet
  facet normal -0.500003 0.866024 0
    outer loop
      vertex 25.6 16.3952 7.4
      vertex 27.83 17.6827 5.2
      vertex 25.6 16.3952 5.2
    endloop
  endfacet
  facet normal -1 0 0
    outer loop
      vertex 47.03 17.6827 5.2
      vertex 47.03 20.2577 7.4
      vertex 47.03 20.2577 5.2
    endloop
  endfacet
  facet normal -1 -0 0
    outer loop
      vertex 47.03 20.2577 7.4
      vertex 47.03 17.6827 5.2
      vertex 47.03 17.6827 7.4
    endloop
  endfacet
  facet normal -0.500003 -0.866024 0
    outer loop
      vertex 44.8 21.5452 5.2
      vertex 47.03 20.2577 7.4
      vertex 44.8 21.5452 7.4
    endloop
  endfacet
  facet normal -0.500003 -0.866024 -0
    outer loop
      vertex 47.03 20.2577 7.4
      vertex 44.8 21.5452 5.2
      vertex 47.03 20.2577 5.2
    endloop
  endfacet
  facet normal 0.500003 -0.866024 0
    outer loop
      vertex 42.57 20.2577 5.2
      vertex 44.8 21.5452 7.4
      vertex 42.57 20.2577 7.4
    endloop
  endfacet
  facet normal 0.500003 -0.866024 0
    outer loop
      vertex 44.8 21.5452 7.4
      vertex 42.57 20.2577 5.2
      vertex 44.8 21.5452 5.2
    endloop
  endfacet
  facet normal 1 -0 0
    outer loop
      vertex 42.57 17.6827 7.4
      vertex 42.57 20.2577 5.2
      vertex 42.57 20.2577 7.4
    endloop
  endfacet
  facet normal 1 0 0
    outer loop
      vertex 42.57 20.2577 5.2
      vertex 42.57 17.6827 7.4
      vertex 42.57 17.6827 5.2
    endloop
  endfacet
  facet normal 0.500003 0.866024 -0
    outer loop
      vertex 44.8 16.3952 5.2
      vertex 42.57 17.6827 7.4
      vertex 44.8 16.3952 7.4
    endloop
  endfacet
  facet normal 0.500003 0.866024 0
    outer loop
      vertex 42.57 17.6827 7.4
      vertex 44.8 16.3952 5.2
      vertex 42.57 17.6827 5.2
    endloop
  endfacet
  facet normal -0.500003 0.866024 0
    outer loop
      vertex 47.03 17.6827 5.2
      vertex 44.8 16.3952 7.4
      vertex 47.03 17.6827 7.4
    endloop
  endfacet
  facet normal -0.500003 0.866024 0
    outer loop
      vertex 44.8 16.3952 7.4
      vertex 47.03 17.6827 5.2
      vertex 44.8 16.3952 5.2
    endloop
  endfacet
  facet normal -1 0 0
    outer loop
      vertex 56.63 17.6827 5.2
      vertex 56.63 20.2577 7.4
      vertex 56.63 20.2577 5.2
    endloop
  endfacet
  facet normal -1 -0 0
    outer loop
      vertex 56.63 20.2577 7.4
      vertex 56.63 17.6827 5.2
      vertex 56.63 17.6827 7.4
    endloop
  endfacet
  facet normal -0.500003 -0.866024 0
    outer loop
      vertex 54.4 21.5452 5.2
      vertex 56.63 20.2577 7.4
      vertex 54.4 21.5452 7.4
    endloop
  endfacet
  facet normal -0.500003 -0.866024 -0
    outer loop
      vertex 56.63 20.2577 7.4
      vertex 54.4 21.5452 5.2
      vertex 56.63 20.2577 5.2
    endloop
  endfacet
  facet normal 0.500003 -0.866024 0
    outer loop
      vertex 52.17 20.2577 5.2
      vertex 54.4 21.5452 7.4
      vertex 52.17 20.2577 7.4
    endloop
  endfacet
  facet normal 0.500003 -0.866024 0
    outer loop
      vertex 54.4 21.5452 7.4
      vertex 52.17 20.2577 5.2
      vertex 54.4 21.5452 5.2
    endloop
  endfacet
  facet normal 1 -0 0
    outer loop
      vertex 52.17 17.6827 7.4
      vertex 52.17 20.2577 5.2
      vertex 52.17 20.2577 7.4
    endloop
  endfacet
  facet normal 1 0 0
    outer loop
      vertex 52.17 20.2577 5.2
      vertex 52.17 17.6827 7.4
      vertex 52.17 17.6827 5.2
    endloop
  endfacet
  facet normal 0.500003 0.866024 -0
    outer loop
      vertex 54.4 16.3952 5.2
      vertex 52.17 17.6827 7.4
      vertex 54.4 16.3952 7.4
    endloop
  endfacet
  facet normal 0.500003 0.866024 0
    outer loop
      vertex 52.17 17.6827 7.4
      vertex 54.4 16.3952 5.2
      vertex 52.17 17.6827 5.2
    endloop
  endfacet
  facet normal -0.500003 0.866024 0
    outer loop
      vertex 56.63 17.6827 5.2
      vertex 54.4 16.3952 7.4
      vertex 56.63 17.6827 7.4
    endloop
  endfacet
  facet normal -0.500003 0.866024 0
    outer loop
      vertex 54.4 16.3952 7.4
      vertex 56.63 17.6827 5.2
      vertex 54.4 16.3952 5.2
    endloop
  endfacet
  facet normal -1 0 0
    outer loop
      vertex 37.43 17.6827 5.2
      vertex 37.43 20.2577 7.4
      vertex 37.43 20.2577 5.2
    endloop
  endfacet
  facet normal -1 -0 0
    outer loop
      vertex 37.43 20.2577 7.4
      vertex 37.43 17.6827 5.2
      vertex 37.43 17.6827 7.4
    endloop
  endfacet
  facet normal -0.500003 -0.866024 0
    outer loop
      vertex 35.2 21.5452 5.2
      vertex 37.43 20.2577 7.4
      vertex 35.2 21.5452 7.4
    endloop
  endfacet
  facet normal -0.500003 -0.866024 -0
    outer loop
      vertex 37.43 20.2577 7.4
      vertex 35.2 21.5452 5.2
      vertex 37.43 20.2577 5.2
    endloop
  endfacet
  facet normal 0.500003 -0.866024 0
    outer loop
      vertex 32.97 20.2577 5.2
      vertex 35.2 21.5452 7.4
      vertex 32.97 20.2577 7.4
    endloop
  endfacet
  facet normal 0.500003 -0.866024 0
    outer loop
      vertex 35.2 21.5452 7.4
      vertex 32.97 20.2577 5.2
      vertex 35.2 21.5452 5.2
    endloop
  endfacet
  facet normal 1 -0 0
    outer loop
      vertex 32.97 17.6827 7.4
      vertex 32.97 20.2577 5.2
      vertex 32.97 20.2577 7.4
    endloop
  endfacet
  facet normal 1 0 0
    outer loop
      vertex 32.97 20.2577 5.2
      vertex 32.97 17.6827 7.4
      vertex 32.97 17.6827 5.2
    endloop
  endfacet
  facet normal 0.500003 0.866024 -0
    outer loop
      vertex 35.2 16.3952 5.2
      vertex 32.97 17.6827 7.4
      vertex 35.2 16.3952 7.4
    endloop
  endfacet
  facet normal 0.500003 0.866024 0
    outer loop
      vertex 32.97 17.6827 7.4
      vertex 35.2 16.3952 5.2
      vertex 32.97 17.6827 5.2
    endloop
  endfacet
  facet normal -0.500003 0.866024 0
    outer loop
      vertex 37.43 17.6827 5.2
      vertex 35.2 16.3952 7.4
      vertex 37.43 17.6827 7.4
    endloop
  endfacet
  facet normal -0.500003 0.866024 0
    outer loop
      vertex 35.2 16.3952 7.4
      vertex 37.43 17.6827 5.2
      vertex 35.2 16.3952 5.2
    endloop
  endfacet
  facet normal 0.500032 -0.866007 0
    outer loop
      vertex 61.77 20.2577 5.2
      vertex 63.5 21.2566 7.4
      vertex 61.77 20.2577 7.4
    endloop
  endfacet
  facet normal 0.500032 -0.866007 0
    outer loop
      vertex 63.5 21.2566 7.4
      vertex 61.77 20.2577 5.2
      vertex 63.5 21.2566 5.2
    endloop
  endfacet
  facet normal 1 -0 0
    outer loop
      vertex 61.77 17.6827 7.4
      vertex 61.77 20.2577 5.2
      vertex 61.77 20.2577 7.4
    endloop
  endfacet
  facet normal 1 0 0
    outer loop
      vertex 61.77 20.2577 5.2
      vertex 61.77 17.6827 7.4
      vertex 61.77 17.6827 5.2
    endloop
  endfacet
  facet normal 0.499994 0.866029 -0
    outer loop
      vertex 63.5 16.6839 5.2
      vertex 61.77 17.6827 7.4
      vertex 63.5 16.6839 7.4
    endloop
  endfacet
  facet normal 0.499994 0.866029 0
    outer loop
      vertex 61.77 17.6827 7.4
      vertex 63.5 16.6839 5.2
      vertex 61.77 17.6827 5.2
    endloop
  endfacet
  facet normal -1 0 0
    outer loop
      vertex 63.5 16.6839 5.2
      vertex 63.5 21.2566 7.4
      vertex 63.5 21.2566 5.2
    endloop
  endfacet
  facet normal -1 -0 0
    outer loop
      vertex 63.5 21.2566 7.4
      vertex 63.5 16.6839 5.2
      vertex 63.5 16.6839 7.4
    endloop
  endfacet
  facet normal -1 0 0
    outer loop
      vertex 8.63 17.6827 5.2
      vertex 8.63 20.2577 7.4
      vertex 8.63 20.2577 5.2
    endloop
  endfacet
  facet normal -1 -0 0
    outer loop
      vertex 8.63 20.2577 7.4
      vertex 8.63 17.6827 5.2
      vertex 8.63 17.6827 7.4
    endloop
  endfacet
  facet normal -0.50004 -0.866002 0
    outer loop
      vertex 7.2 21.0834 5.2
      vertex 8.63 20.2577 7.4
      vertex 7.2 21.0834 7.4
    endloop
  endfacet
  facet normal -0.50004 -0.866002 -0
    outer loop
      vertex 8.63 20.2577 7.4
      vertex 7.2 21.0834 5.2
      vertex 8.63 20.2577 5.2
    endloop
  endfacet
  facet normal 1 -0 0
    outer loop
      vertex 7.2 16.8571 7.4
      vertex 7.2 21.0834 5.2
      vertex 7.2 21.0834 7.4
    endloop
  endfacet
  facet normal 1 0 0
    outer loop
      vertex 7.2 21.0834 5.2
      vertex 7.2 16.8571 7.4
      vertex 7.2 16.8571 5.2
    endloop
  endfacet
  facet normal -0.499995 0.866028 0
    outer loop
      vertex 8.63 17.6827 5.2
      vertex 7.2 16.8571 7.4
      vertex 8.63 17.6827 7.4
    endloop
  endfacet
  facet normal -0.499995 0.866028 0
    outer loop
      vertex 7.2 16.8571 7.4
      vertex 8.63 17.6827 5.2
      vertex 7.2 16.8571 5.2
    endloop
  endfacet
  facet normal -1 0 0
    outer loop
      vertex 51.83 14.9115 5.2
      vertex 51.83 17.4865 7.4
      vertex 51.83 17.4865 5.2
    endloop
  endfacet
  facet normal -1 -0 0
    outer loop
      vertex 51.83 17.4865 7.4
      vertex 51.83 14.9115 5.2
      vertex 51.83 14.9115 7.4
    endloop
  endfacet
  facet normal -0.500003 -0.866024 0
    outer loop
      vertex 49.6 18.774 5.2
      vertex 51.83 17.4865 7.4
      vertex 49.6 18.774 7.4
    endloop
  endfacet
  facet normal -0.500003 -0.866024 -0
    outer loop
      vertex 51.83 17.4865 7.4
      vertex 49.6 18.774 5.2
      vertex 51.83 17.4865 5.2
    endloop
  endfacet
  facet normal 0.500003 -0.866024 0
    outer loop
      vertex 47.37 17.4865 5.2
      vertex 49.6 18.774 7.4
      vertex 47.37 17.4865 7.4
    endloop
  endfacet
  facet normal 0.500003 -0.866024 0
    outer loop
      vertex 49.6 18.774 7.4
      vertex 47.37 17.4865 5.2
      vertex 49.6 18.774 5.2
    endloop
  endfacet
  facet normal 1 -0 0
    outer loop
      vertex 47.37 14.9115 7.4
      vertex 47.37 17.4865 5.2
      vertex 47.37 17.4865 7.4
    endloop
  endfacet
  facet normal 1 0 0
    outer loop
      vertex 47.37 17.4865 5.2
      vertex 47.37 14.9115 7.4
      vertex 47.37 14.9115 5.2
    endloop
  endfacet
  facet normal 0.500003 0.866024 -0
    outer loop
      vertex 49.6 13.624 5.2
      vertex 47.37 14.9115 7.4
      vertex 49.6 13.624 7.4
    endloop
  endfacet
  facet normal 0.500003 0.866024 0
    outer loop
      vertex 47.37 14.9115 7.4
      vertex 49.6 13.624 5.2
      vertex 47.37 14.9115 5.2
    endloop
  endfacet
  facet normal -0.500003 0.866024 0
    outer loop
      vertex 51.83 14.9115 5.2
      vertex 49.6 13.624 7.4
      vertex 51.83 14.9115 7.4
    endloop
  endfacet
  facet normal -0.500003 0.866024 0
    outer loop
      vertex 49.6 13.624 7.4
      vertex 51.83 14.9115 5.2
      vertex 49.6 13.624 5.2
    endloop
  endfacet
  facet normal -1 0 0
    outer loop
      vertex 23.03 14.9115 5.2
      vertex 23.03 17.4865 7.4
      vertex 23.03 17.4865 5.2
    endloop
  endfacet
  facet normal -1 -0 0
    outer loop
      vertex 23.03 17.4865 7.4
      vertex 23.03 14.9115 5.2
      vertex 23.03 14.9115 7.4
    endloop
  endfacet
  facet normal -0.500003 -0.866024 0
    outer loop
      vertex 20.8 18.774 5.2
      vertex 23.03 17.4865 7.4
      vertex 20.8 18.774 7.4
    endloop
  endfacet
  facet normal -0.500003 -0.866024 -0
    outer loop
      vertex 23.03 17.4865 7.4
      vertex 20.8 18.774 5.2
      vertex 23.03 17.4865 5.2
    endloop
  endfacet
  facet normal 0.500003 -0.866024 0
    outer loop
      vertex 18.57 17.4865 5.2
      vertex 20.8 18.774 7.4
      vertex 18.57 17.4865 7.4
    endloop
  endfacet
  facet normal 0.500003 -0.866024 0
    outer loop
      vertex 20.8 18.774 7.4
      vertex 18.57 17.4865 5.2
      vertex 20.8 18.774 5.2
    endloop
  endfacet
  facet normal 1 -0 0
    outer loop
      vertex 18.57 14.9115 7.4
      vertex 18.57 17.4865 5.2
      vertex 18.57 17.4865 7.4
    endloop
  endfacet
  facet normal 1 0 0
    outer loop
      vertex 18.57 17.4865 5.2
      vertex 18.57 14.9115 7.4
      vertex 18.57 14.9115 5.2
    endloop
  endfacet
  facet normal 0.500003 0.866024 -0
    outer loop
      vertex 20.8 13.624 5.2
      vertex 18.57 14.9115 7.4
      vertex 20.8 13.624 7.4
    endloop
  endfacet
  facet normal 0.500003 0.866024 0
    outer loop
      vertex 18.57 14.9115 7.4
      vertex 20.8 13.624 5.2
      vertex 18.57 14.9115 5.2
    endloop
  endfacet
  facet normal -0.500003 0.866024 0
    outer loop
      vertex 23.03 14.9115 5.2
      vertex 20.8 13.624 7.4
      vertex 23.03 14.9115 7.4
    endloop
  endfacet
  facet normal -0.500003 0.866024 0
    outer loop
      vertex 20.8 13.624 7.4
      vertex 23.03 14.9115 5.2
      vertex 20.8 13.624 5.2
    endloop
  endfacet
  facet normal -1 0 0
    outer loop
      vertex 13.43 14.9115 5.2
      vertex 13.43 17.4865 7.4
      vertex 13.43 17.4865 5.2
    endloop
  endfacet
  facet normal -1 -0 0
    outer loop
      vertex 13.43 17.4865 7.4
      vertex 13.43 14.9115 5.2
      vertex 13.43 14.9115 7.4
    endloop
  endfacet
  facet normal -0.500003 -0.866024 0
    outer loop
      vertex 11.2 18.774 5.2
      vertex 13.43 17.4865 7.4
      vertex 11.2 18.774 7.4
    endloop
  endfacet
  facet normal -0.500003 -0.866024 -0
    outer loop
      vertex 13.43 17.4865 7.4
      vertex 11.2 18.774 5.2
      vertex 13.43 17.4865 5.2
    endloop
  endfacet
  facet normal 0.499998 -0.866027 0
    outer loop
      vertex 8.96997 17.4865 5.2
      vertex 11.2 18.774 7.4
      vertex 8.96997 17.4865 7.4
    endloop
  endfacet
  facet normal 0.499998 -0.866027 0
    outer loop
      vertex 11.2 18.774 7.4
      vertex 8.96997 17.4865 5.2
      vertex 11.2 18.774 5.2
    endloop
  endfacet
  facet normal 1 -0 0
    outer loop
      vertex 8.96997 14.9115 7.4
      vertex 8.96997 17.4865 5.2
      vertex 8.96997 17.4865 7.4
    endloop
  endfacet
  facet normal 1 0 0
    outer loop
      vertex 8.96997 17.4865 5.2
      vertex 8.96997 14.9115 7.4
      vertex 8.96997 14.9115 5.2
    endloop
  endfacet
  facet normal 0.499998 0.866027 -0
    outer loop
      vertex 11.2 13.624 5.2
      vertex 8.96997 14.9115 7.4
      vertex 11.2 13.624 7.4
    endloop
  endfacet
  facet normal 0.499998 0.866027 0
    outer loop
      vertex 8.96997 14.9115 7.4
      vertex 11.2 13.624 5.2
      vertex 8.96997 14.9115 5.2
    endloop
  endfacet
  facet normal -0.500003 0.866024 0
    outer loop
      vertex 13.43 14.9115 5.2
      vertex 11.2 13.624 7.4
      vertex 13.43 14.9115 7.4
    endloop
  endfacet
  facet normal -0.500003 0.866024 0
    outer loop
      vertex 11.2 13.624 7.4
      vertex 13.43 14.9115 5.2
      vertex 11.2 13.624 5.2
    endloop
  endfacet
  facet normal -1 0 0
    outer loop
      vertex 61.43 14.9115 5.2
      vertex 61.43 17.4865 7.4
      vertex 61.43 17.4865 5.2
    endloop
  endfacet
  facet normal -1 -0 0
    outer loop
      vertex 61.43 17.4865 7.4
      vertex 61.43 14.9115 5.2
      vertex 61.43 14.9115 7.4
    endloop
  endfacet
  facet normal -0.500003 -0.866024 0
    outer loop
      vertex 59.2 18.774 5.2
      vertex 61.43 17.4865 7.4
      vertex 59.2 18.774 7.4
    endloop
  endfacet
  facet normal -0.500003 -0.866024 -0
    outer loop
      vertex 61.43 17.4865 7.4
      vertex 59.2 18.774 5.2
      vertex 61.43 17.4865 5.2
    endloop
  endfacet
  facet normal 0.500003 -0.866024 0
    outer loop
      vertex 56.97 17.4865 5.2
      vertex 59.2 18.774 7.4
      vertex 56.97 17.4865 7.4
    endloop
  endfacet
  facet normal 0.500003 -0.866024 0
    outer loop
      vertex 59.2 18.774 7.4
      vertex 56.97 17.4865 5.2
      vertex 59.2 18.774 5.2
    endloop
  endfacet
  facet normal 1 -0 0
    outer loop
      vertex 56.97 14.9115 7.4
      vertex 56.97 17.4865 5.2
      vertex 56.97 17.4865 7.4
    endloop
  endfacet
  facet normal 1 0 0
    outer loop
      vertex 56.97 17.4865 5.2
      vertex 56.97 14.9115 7.4
      vertex 56.97 14.9115 5.2
    endloop
  endfacet
  facet normal 0.500003 0.866024 -0
    outer loop
      vertex 59.2 13.624 5.2
      vertex 56.97 14.9115 7.4
      vertex 59.2 13.624 7.4
    endloop
  endfacet
  facet normal 0.500003 0.866024 0
    outer loop
      vertex 56.97 14.9115 7.4
      vertex 59.2 13.624 5.2
      vertex 56.97 14.9115 5.2
    endloop
  endfacet
  facet normal -0.500003 0.866024 0
    outer loop
      vertex 61.43 14.9115 5.2
      vertex 59.2 13.624 7.4
      vertex 61.43 14.9115 7.4
    endloop
  endfacet
  facet normal -0.500003 0.866024 0
    outer loop
      vertex 59.2 13.624 7.4
      vertex 61.43 14.9115 5.2
      vertex 59.2 13.624 5.2
    endloop
  endfacet
  facet normal -1 0 0
    outer loop
      vertex 32.63 14.9115 5.2
      vertex 32.63 17.4865 7.4
      vertex 32.63 17.4865 5.2
    endloop
  endfacet
  facet normal -1 -0 0
    outer loop
      vertex 32.63 17.4865 7.4
      vertex 32.63 14.9115 5.2
      vertex 32.63 14.9115 7.4
    endloop
  endfacet
  facet normal -0.500003 -0.866024 0
    outer loop
      vertex 30.4 18.774 5.2
      vertex 32.63 17.4865 7.4
      vertex 30.4 18.774 7.4
    endloop
  endfacet
  facet normal -0.500003 -0.866024 -0
    outer loop
      vertex 32.63 17.4865 7.4
      vertex 30.4 18.774 5.2
      vertex 32.63 17.4865 5.2
    endloop
  endfacet
  facet normal 0.500003 -0.866024 0
    outer loop
      vertex 28.17 17.4865 5.2
      vertex 30.4 18.774 7.4
      vertex 28.17 17.4865 7.4
    endloop
  endfacet
  facet normal 0.500003 -0.866024 0
    outer loop
      vertex 30.4 18.774 7.4
      vertex 28.17 17.4865 5.2
      vertex 30.4 18.774 5.2
    endloop
  endfacet
  facet normal 1 -0 0
    outer loop
      vertex 28.17 14.9115 7.4
      vertex 28.17 17.4865 5.2
      vertex 28.17 17.4865 7.4
    endloop
  endfacet
  facet normal 1 0 0
    outer loop
      vertex 28.17 17.4865 5.2
      vertex 28.17 14.9115 7.4
      vertex 28.17 14.9115 5.2
    endloop
  endfacet
  facet normal 0.500003 0.866024 -0
    outer loop
      vertex 30.4 13.624 5.2
      vertex 28.17 14.9115 7.4
      vertex 30.4 13.624 7.4
    endloop
  endfacet
  facet normal 0.500003 0.866024 0
    outer loop
      vertex 28.17 14.9115 7.4
      vertex 30.4 13.624 5.2
      vertex 28.17 14.9115 5.2
    endloop
  endfacet
  facet normal -0.500003 0.866024 0
    outer loop
      vertex 32.63 14.9115 5.2
      vertex 30.4 13.624 7.4
      vertex 32.63 14.9115 7.4
    endloop
  endfacet
  facet normal -0.500003 0.866024 0
    outer loop
      vertex 30.4 13.624 7.4
      vertex 32.63 14.9115 5.2
      vertex 30.4 13.624 5.2
    endloop
  endfacet
  facet normal -1 0 0
    outer loop
      vertex 42.23 14.9115 5.2
      vertex 42.23 17.4865 7.4
      vertex 42.23 17.4865 5.2
    endloop
  endfacet
  facet normal -1 -0 0
    outer loop
      vertex 42.23 17.4865 7.4
      vertex 42.23 14.9115 5.2
      vertex 42.23 14.9115 7.4
    endloop
  endfacet
  facet normal -0.500003 -0.866024 0
    outer loop
      vertex 40 18.774 5.2
      vertex 42.23 17.4865 7.4
      vertex 40 18.774 7.4
    endloop
  endfacet
  facet normal -0.500003 -0.866024 -0
    outer loop
      vertex 42.23 17.4865 7.4
      vertex 40 18.774 5.2
      vertex 42.23 17.4865 5.2
    endloop
  endfacet
  facet normal 0.500003 -0.866024 0
    outer loop
      vertex 37.77 17.4865 5.2
      vertex 40 18.774 7.4
      vertex 37.77 17.4865 7.4
    endloop
  endfacet
  facet normal 0.500003 -0.866024 0
    outer loop
      vertex 40 18.774 7.4
      vertex 37.77 17.4865 5.2
      vertex 40 18.774 5.2
    endloop
  endfacet
  facet normal 1 -0 0
    outer loop
      vertex 37.77 14.9115 7.4
      vertex 37.77 17.4865 5.2
      vertex 37.77 17.4865 7.4
    endloop
  endfacet
  facet normal 1 0 0
    outer loop
      vertex 37.77 17.4865 5.2
      vertex 37.77 14.9115 7.4
      vertex 37.77 14.9115 5.2
    endloop
  endfacet
  facet normal 0.500003 0.866024 -0
    outer loop
      vertex 40 13.624 5.2
      vertex 37.77 14.9115 7.4
      vertex 40 13.624 7.4
    endloop
  endfacet
  facet normal 0.500003 0.866024 0
    outer loop
      vertex 37.77 14.9115 7.4
      vertex 40 13.624 5.2
      vertex 37.77 14.9115 5.2
    endloop
  endfacet
  facet normal -0.500003 0.866024 0
    outer loop
      vertex 42.23 14.9115 5.2
      vertex 40 13.624 7.4
      vertex 42.23 14.9115 7.4
    endloop
  endfacet
  facet normal -0.500003 0.866024 0
    outer loop
      vertex 40 13.624 7.4
      vertex 42.23 14.9115 5.2
      vertex 40 13.624 5.2
    endloop
  endfacet
  facet normal -1 0 0
    outer loop
      vertex 47.03 12.1402 5.2
      vertex 47.03 14.7152 7.4
      vertex 47.03 14.7152 5.2
    endloop
  endfacet
  facet normal -1 -0 0
    outer loop
      vertex 47.03 14.7152 7.4
      vertex 47.03 12.1402 5.2
      vertex 47.03 12.1402 7.4
    endloop
  endfacet
  facet normal -0.500003 -0.866024 0
    outer loop
      vertex 44.8 16.0027 5.2
      vertex 47.03 14.7152 7.4
      vertex 44.8 16.0027 7.4
    endloop
  endfacet
  facet normal -0.500003 -0.866024 -0
    outer loop
      vertex 47.03 14.7152 7.4
      vertex 44.8 16.0027 5.2
      vertex 47.03 14.7152 5.2
    endloop
  endfacet
  facet normal 0.500003 -0.866024 0
    outer loop
      vertex 42.57 14.7152 5.2
      vertex 44.8 16.0027 7.4
      vertex 42.57 14.7152 7.4
    endloop
  endfacet
  facet normal 0.500003 -0.866024 0
    outer loop
      vertex 44.8 16.0027 7.4
      vertex 42.57 14.7152 5.2
      vertex 44.8 16.0027 5.2
    endloop
  endfacet
  facet normal 1 -0 0
    outer loop
      vertex 42.57 12.1402 7.4
      vertex 42.57 14.7152 5.2
      vertex 42.57 14.7152 7.4
    endloop
  endfacet
  facet normal 1 0 0
    outer loop
      vertex 42.57 14.7152 5.2
      vertex 42.57 12.1402 7.4
      vertex 42.57 12.1402 5.2
    endloop
  endfacet
  facet normal 0.500003 0.866024 -0
    outer loop
      vertex 44.8 10.8527 5.2
      vertex 42.57 12.1402 7.4
      vertex 44.8 10.8527 7.4
    endloop
  endfacet
  facet normal 0.500003 0.866024 0
    outer loop
      vertex 42.57 12.1402 7.4
      vertex 44.8 10.8527 5.2
      vertex 42.57 12.1402 5.2
    endloop
  endfacet
  facet normal -0.500003 0.866024 0
    outer loop
      vertex 47.03 12.1402 5.2
      vertex 44.8 10.8527 7.4
      vertex 47.03 12.1402 7.4
    endloop
  endfacet
  facet normal -0.500003 0.866024 0
    outer loop
      vertex 44.8 10.8527 7.4
      vertex 47.03 12.1402 5.2
      vertex 44.8 10.8527 5.2
    endloop
  endfacet
  facet normal -1 0 0
    outer loop
      vertex 27.83 12.1402 5.2
      vertex 27.83 14.7152 7.4
      vertex 27.83 14.7152 5.2
    endloop
  endfacet
  facet normal -1 -0 0
    outer loop
      vertex 27.83 14.7152 7.4
      vertex 27.83 12.1402 5.2
      vertex 27.83 12.1402 7.4
    endloop
  endfacet
  facet normal -0.500003 -0.866024 0
    outer loop
      vertex 25.6 16.0027 5.2
      vertex 27.83 14.7152 7.4
      vertex 25.6 16.0027 7.4
    endloop
  endfacet
  facet normal -0.500003 -0.866024 -0
    outer loop
      vertex 27.83 14.7152 7.4
      vertex 25.6 16.0027 5.2
      vertex 27.83 14.7152 5.2
    endloop
  endfacet
  facet normal 0.500003 -0.866024 0
    outer loop
      vertex 23.37 14.7152 5.2
      vertex 25.6 16.0027 7.4
      vertex 23.37 14.7152 7.4
    endloop
  endfacet
  facet normal 0.500003 -0.866024 0
    outer loop
      vertex 25.6 16.0027 7.4
      vertex 23.37 14.7152 5.2
      vertex 25.6 16.0027 5.2
    endloop
  endfacet
  facet normal 1 -0 0
    outer loop
      vertex 23.37 12.1402 7.4
      vertex 23.37 14.7152 5.2
      vertex 23.37 14.7152 7.4
    endloop
  endfacet
  facet normal 1 0 0
    outer loop
      vertex 23.37 14.7152 5.2
      vertex 23.37 12.1402 7.4
      vertex 23.37 12.1402 5.2
    endloop
  endfacet
  facet normal 0.500003 0.866024 -0
    outer loop
      vertex 25.6 10.8527 5.2
      vertex 23.37 12.1402 7.4
      vertex 25.6 10.8527 7.4
    endloop
  endfacet
  facet normal 0.500003 0.866024 0
    outer loop
      vertex 23.37 12.1402 7.4
      vertex 25.6 10.8527 5.2
      vertex 23.37 12.1402 5.2
    endloop
  endfacet
  facet normal -0.500003 0.866024 0
    outer loop
      vertex 27.83 12.1402 5.2
      vertex 25.6 10.8527 7.4
      vertex 27.83 12.1402 7.4
    endloop
  endfacet
  facet normal -0.500003 0.866024 0
    outer loop
      vertex 25.6 10.8527 7.4
      vertex 27.83 12.1402 5.2
      vertex 25.6 10.8527 5.2
    endloop
  endfacet
  facet normal -1 0 0
    outer loop
      vertex 18.23 12.1402 5.2
      vertex 18.23 14.7152 7.4
      vertex 18.23 14.7152 5.2
    endloop
  endfacet
  facet normal -1 -0 0
    outer loop
      vertex 18.23 14.7152 7.4
      vertex 18.23 12.1402 5.2
      vertex 18.23 12.1402 7.4
    endloop
  endfacet
  facet normal -0.500003 -0.866024 0
    outer loop
      vertex 16 16.0027 5.2
      vertex 18.23 14.7152 7.4
      vertex 16 16.0027 7.4
    endloop
  endfacet
  facet normal -0.500003 -0.866024 -0
    outer loop
      vertex 18.23 14.7152 7.4
      vertex 16 16.0027 5.2
      vertex 18.23 14.7152 5.2
    endloop
  endfacet
  facet normal 0.500003 -0.866024 0
    outer loop
      vertex 13.77 14.7152 5.2
      vertex 16 16.0027 7.4
      vertex 13.77 14.7152 7.4
    endloop
  endfacet
  facet normal 0.500003 -0.866024 0
    outer loop
      vertex 16 16.0027 7.4
      vertex 13.77 14.7152 5.2
      vertex 16 16.0027 5.2
    endloop
  endfacet
  facet normal 1 -0 0
    outer loop
      vertex 13.77 12.1402 7.4
      vertex 13.77 14.7152 5.2
      vertex 13.77 14.7152 7.4
    endloop
  endfacet
  facet normal 1 0 0
    outer loop
      vertex 13.77 14.7152 5.2
      vertex 13.77 12.1402 7.4
      vertex 13.77 12.1402 5.2
    endloop
  endfacet
  facet normal 0.500003 0.866024 -0
    outer loop
      vertex 16 10.8527 5.2
      vertex 13.77 12.1402 7.4
      vertex 16 10.8527 7.4
    endloop
  endfacet
  facet normal 0.500003 0.866024 0
    outer loop
      vertex 13.77 12.1402 7.4
      vertex 16 10.8527 5.2
      vertex 13.77 12.1402 5.2
    endloop
  endfacet
  facet normal -0.500003 0.866024 0
    outer loop
      vertex 18.23 12.1402 5.2
      vertex 16 10.8527 7.4
      vertex 18.23 12.1402 7.4
    endloop
  endfacet
  facet normal -0.500003 0.866024 0
    outer loop
      vertex 16 10.8527 7.4
      vertex 18.23 12.1402 5.2
      vertex 16 10.8527 5.2
    endloop
  endfacet
  facet normal -1 0 0
    outer loop
      vertex 56.63 12.1402 5.2
      vertex 56.63 14.7152 7.4
      vertex 56.63 14.7152 5.2
    endloop
  endfacet
  facet normal -1 -0 0
    outer loop
      vertex 56.63 14.7152 7.4
      vertex 56.63 12.1402 5.2
      vertex 56.63 12.1402 7.4
    endloop
  endfacet
  facet normal -0.500003 -0.866024 0
    outer loop
      vertex 54.4 16.0027 5.2
      vertex 56.63 14.7152 7.4
      vertex 54.4 16.0027 7.4
    endloop
  endfacet
  facet normal -0.500003 -0.866024 -0
    outer loop
      vertex 56.63 14.7152 7.4
      vertex 54.4 16.0027 5.2
      vertex 56.63 14.7152 5.2
    endloop
  endfacet
  facet normal 0.500003 -0.866024 0
    outer loop
      vertex 52.17 14.7152 5.2
      vertex 54.4 16.0027 7.4
      vertex 52.17 14.7152 7.4
    endloop
  endfacet
  facet normal 0.500003 -0.866024 0
    outer loop
      vertex 54.4 16.0027 7.4
      vertex 52.17 14.7152 5.2
      vertex 54.4 16.0027 5.2
    endloop
  endfacet
  facet normal 1 -0 0
    outer loop
      vertex 52.17 12.1402 7.4
      vertex 52.17 14.7152 5.2
      vertex 52.17 14.7152 7.4
    endloop
  endfacet
  facet normal 1 0 0
    outer loop
      vertex 52.17 14.7152 5.2
      vertex 52.17 12.1402 7.4
      vertex 52.17 12.1402 5.2
    endloop
  endfacet
  facet normal 0.500003 0.866024 -0
    outer loop
      vertex 54.4 10.8527 5.2
      vertex 52.17 12.1402 7.4
      vertex 54.4 10.8527 7.4
    endloop
  endfacet
  facet normal 0.500003 0.866024 0
    outer loop
      vertex 52.17 12.1402 7.4
      vertex 54.4 10.8527 5.2
      vertex 52.17 12.1402 5.2
    endloop
  endfacet
  facet normal -0.500003 0.866024 0
    outer loop
      vertex 56.63 12.1402 5.2
      vertex 54.4 10.8527 7.4
      vertex 56.63 12.1402 7.4
    endloop
  endfacet
  facet normal -0.500003 0.866024 0
    outer loop
      vertex 54.4 10.8527 7.4
      vertex 56.63 12.1402 5.2
      vertex 54.4 10.8527 5.2
    endloop
  endfacet
  facet normal -1 0 0
    outer loop
      vertex 37.43 12.1402 5.2
      vertex 37.43 14.7152 7.4
      vertex 37.43 14.7152 5.2
    endloop
  endfacet
  facet normal -1 -0 0
    outer loop
      vertex 37.43 14.7152 7.4
      vertex 37.43 12.1402 5.2
      vertex 37.43 12.1402 7.4
    endloop
  endfacet
  facet normal -0.500003 -0.866024 0
    outer loop
      vertex 35.2 16.0027 5.2
      vertex 37.43 14.7152 7.4
      vertex 35.2 16.0027 7.4
    endloop
  endfacet
  facet normal -0.500003 -0.866024 -0
    outer loop
      vertex 37.43 14.7152 7.4
      vertex 35.2 16.0027 5.2
      vertex 37.43 14.7152 5.2
    endloop
  endfacet
  facet normal 0.500003 -0.866024 0
    outer loop
      vertex 32.97 14.7152 5.2
      vertex 35.2 16.0027 7.4
      vertex 32.97 14.7152 7.4
    endloop
  endfacet
  facet normal 0.500003 -0.866024 0
    outer loop
      vertex 35.2 16.0027 7.4
      vertex 32.97 14.7152 5.2
      vertex 35.2 16.0027 5.2
    endloop
  endfacet
  facet normal 1 -0 0
    outer loop
      vertex 32.97 12.1402 7.4
      vertex 32.97 14.7152 5.2
      vertex 32.97 14.7152 7.4
    endloop
  endfacet
  facet normal 1 0 0
    outer loop
      vertex 32.97 14.7152 5.2
      vertex 32.97 12.1402 7.4
      vertex 32.97 12.1402 5.2
    endloop
  endfacet
  facet normal 0.500003 0.866024 -0
    outer loop
      vertex 35.2 10.8527 5.2
      vertex 32.97 12.1402 7.4
      vertex 35.2 10.8527 7.4
    endloop
  endfacet
  facet normal 0.500003 0.866024 0
    outer loop
      vertex 32.97 12.1402 7.4
      vertex 35.2 10.8527 5.2
      vertex 32.97 12.1402 5.2
    endloop
  endfacet
  facet normal -0.500003 0.866024 0
    outer loop
      vertex 37.43 12.1402 5.2
      vertex 35.2 10.8527 7.4
      vertex 37.43 12.1402 7.4
    endloop
  endfacet
  facet normal -0.500003 0.866024 0
    outer loop
      vertex 35.2 10.8527 7.4
      vertex 37.43 12.1402 5.2
      vertex 35.2 10.8527 5.2
    endloop
  endfacet
  facet normal 0.499994 -0.866029 0
    outer loop
      vertex 61.77 14.7152 5.2
      vertex 63.5 15.714 7.4
      vertex 61.77 14.7152 7.4
    endloop
  endfacet
  facet normal 0.499994 -0.866029 0
    outer loop
      vertex 63.5 15.714 7.4
      vertex 61.77 14.7152 5.2
      vertex 63.5 15.714 5.2
    endloop
  endfacet
  facet normal 1 -0 0
    outer loop
      vertex 61.77 12.1402 7.4
      vertex 61.77 14.7152 5.2
      vertex 61.77 14.7152 7.4
    endloop
  endfacet
  facet normal 1 0 0
    outer loop
      vertex 61.77 14.7152 5.2
      vertex 61.77 12.1402 7.4
      vertex 61.77 12.1402 5.2
    endloop
  endfacet
  facet normal 0.499994 0.866029 -0
    outer loop
      vertex 63.5 11.1414 5.2
      vertex 61.77 12.1402 7.4
      vertex 63.5 11.1414 7.4
    endloop
  endfacet
  facet normal 0.499994 0.866029 0
    outer loop
      vertex 61.77 12.1402 7.4
      vertex 63.5 11.1414 5.2
      vertex 61.77 12.1402 5.2
    endloop
  endfacet
  facet normal -1 0 0
    outer loop
      vertex 63.5 11.1414 5.2
      vertex 63.5 15.714 7.4
      vertex 63.5 15.714 5.2
    endloop
  endfacet
  facet normal -1 -0 0
    outer loop
      vertex 63.5 15.714 7.4
      vertex 63.5 11.1414 5.2
      vertex 63.5 11.1414 7.4
    endloop
  endfacet
  facet normal -1 0 0
    outer loop
      vertex 8.63 12.1402 5.2
      vertex 8.63 14.7152 7.4
      vertex 8.63 14.7152 5.2
    endloop
  endfacet
  facet normal -1 -0 0
    outer loop
      vertex 8.63 14.7152 7.4
      vertex 8.63 12.1402 5.2
      vertex 8.63 12.1402 7.4
    endloop
  endfacet
  facet normal -0.499995 -0.866028 0
    outer loop
      vertex 7.2 15.5408 5.2
      vertex 8.63 14.7152 7.4
      vertex 7.2 15.5408 7.4
    endloop
  endfacet
  facet normal -0.499995 -0.866028 -0
    outer loop
      vertex 8.63 14.7152 7.4
      vertex 7.2 15.5408 5.2
      vertex 8.63 14.7152 5.2
    endloop
  endfacet
  facet normal 1 -0 0
    outer loop
      vertex 7.2 11.3146 7.4
      vertex 7.2 15.5408 5.2
      vertex 7.2 15.5408 7.4
    endloop
  endfacet
  facet normal 1 0 0
    outer loop
      vertex 7.2 15.5408 5.2
      vertex 7.2 11.3146 7.4
      vertex 7.2 11.3146 5.2
    endloop
  endfacet
  facet normal -0.499995 0.866028 0
    outer loop
      vertex 8.63 12.1402 5.2
      vertex 7.2 11.3146 7.4
      vertex 8.63 12.1402 7.4
    endloop
  endfacet
  facet normal -0.499995 0.866028 0
    outer loop
      vertex 7.2 11.3146 7.4
      vertex 8.63 12.1402 5.2
      vertex 7.2 11.3146 5.2
    endloop
  endfacet
  facet normal -1 0 0
    outer loop
      vertex 51.83 9.3689 5.2
      vertex 51.83 11.9439 7.4
      vertex 51.83 11.9439 5.2
    endloop
  endfacet
  facet normal -1 -0 0
    outer loop
      vertex 51.83 11.9439 7.4
      vertex 51.83 9.3689 5.2
      vertex 51.83 9.3689 7.4
    endloop
  endfacet
  facet normal -0.500003 -0.866024 0
    outer loop
      vertex 49.6 13.2314 5.2
      vertex 51.83 11.9439 7.4
      vertex 49.6 13.2314 7.4
    endloop
  endfacet
  facet normal -0.500003 -0.866024 -0
    outer loop
      vertex 51.83 11.9439 7.4
      vertex 49.6 13.2314 5.2
      vertex 51.83 11.9439 5.2
    endloop
  endfacet
  facet normal 0.500003 -0.866024 0
    outer loop
      vertex 47.37 11.9439 5.2
      vertex 49.6 13.2314 7.4
      vertex 47.37 11.9439 7.4
    endloop
  endfacet
  facet normal 0.500003 -0.866024 0
    outer loop
      vertex 49.6 13.2314 7.4
      vertex 47.37 11.9439 5.2
      vertex 49.6 13.2314 5.2
    endloop
  endfacet
  facet normal 1 -0 0
    outer loop
      vertex 47.37 9.3689 7.4
      vertex 47.37 11.9439 5.2
      vertex 47.37 11.9439 7.4
    endloop
  endfacet
  facet normal 1 0 0
    outer loop
      vertex 47.37 11.9439 5.2
      vertex 47.37 9.3689 7.4
      vertex 47.37 9.3689 5.2
    endloop
  endfacet
  facet normal 0.5 0.866026 -0
    outer loop
      vertex 49.6 8.08141 5.2
      vertex 47.37 9.3689 7.4
      vertex 49.6 8.08141 7.4
    endloop
  endfacet
  facet normal 0.5 0.866026 0
    outer loop
      vertex 47.37 9.3689 7.4
      vertex 49.6 8.08141 5.2
      vertex 47.37 9.3689 5.2
    endloop
  endfacet
  facet normal -0.5 0.866026 0
    outer loop
      vertex 51.83 9.3689 5.2
      vertex 49.6 8.08141 7.4
      vertex 51.83 9.3689 7.4
    endloop
  endfacet
  facet normal -0.5 0.866026 0
    outer loop
      vertex 49.6 8.08141 7.4
      vertex 51.83 9.3689 5.2
      vertex 49.6 8.08141 5.2
    endloop
  endfacet
  facet normal -1 0 0
    outer loop
      vertex 13.43 9.3689 5.2
      vertex 13.43 11.9439 7.4
      vertex 13.43 11.9439 5.2
    endloop
  endfacet
  facet normal -1 -0 0
    outer loop
      vertex 13.43 11.9439 7.4
      vertex 13.43 9.3689 5.2
      vertex 13.43 9.3689 7.4
    endloop
  endfacet
  facet normal -0.500003 -0.866024 0
    outer loop
      vertex 11.2 13.2314 5.2
      vertex 13.43 11.9439 7.4
      vertex 11.2 13.2314 7.4
    endloop
  endfacet
  facet normal -0.500003 -0.866024 -0
    outer loop
      vertex 13.43 11.9439 7.4
      vertex 11.2 13.2314 5.2
      vertex 13.43 11.9439 5.2
    endloop
  endfacet
  facet normal 0.499998 -0.866027 0
    outer loop
      vertex 8.96997 11.9439 5.2
      vertex 11.2 13.2314 7.4
      vertex 8.96997 11.9439 7.4
    endloop
  endfacet
  facet normal 0.499998 -0.866027 0
    outer loop
      vertex 11.2 13.2314 7.4
      vertex 8.96997 11.9439 5.2
      vertex 11.2 13.2314 5.2
    endloop
  endfacet
  facet normal 1 -0 0
    outer loop
      vertex 8.96997 9.3689 7.4
      vertex 8.96997 11.9439 5.2
      vertex 8.96997 11.9439 7.4
    endloop
  endfacet
  facet normal 1 0 0
    outer loop
      vertex 8.96997 11.9439 5.2
      vertex 8.96997 9.3689 7.4
      vertex 8.96997 9.3689 5.2
    endloop
  endfacet
  facet normal 0.499995 0.866029 -0
    outer loop
      vertex 11.2 8.08141 5.2
      vertex 8.96997 9.3689 7.4
      vertex 11.2 8.08141 7.4
    endloop
  endfacet
  facet normal 0.499995 0.866029 0
    outer loop
      vertex 8.96997 9.3689 7.4
      vertex 11.2 8.08141 5.2
      vertex 8.96997 9.3689 5.2
    endloop
  endfacet
  facet normal -0.5 0.866026 0
    outer loop
      vertex 13.43 9.3689 5.2
      vertex 11.2 8.08141 7.4
      vertex 13.43 9.3689 7.4
    endloop
  endfacet
  facet normal -0.5 0.866026 0
    outer loop
      vertex 11.2 8.08141 7.4
      vertex 13.43 9.3689 5.2
      vertex 11.2 8.08141 5.2
    endloop
  endfacet
  facet normal -1 0 0
    outer loop
      vertex 23.03 9.3689 5.2
      vertex 23.03 11.9439 7.4
      vertex 23.03 11.9439 5.2
    endloop
  endfacet
  facet normal -1 -0 0
    outer loop
      vertex 23.03 11.9439 7.4
      vertex 23.03 9.3689 5.2
      vertex 23.03 9.3689 7.4
    endloop
  endfacet
  facet normal -0.500003 -0.866024 0
    outer loop
      vertex 20.8 13.2314 5.2
      vertex 23.03 11.9439 7.4
      vertex 20.8 13.2314 7.4
    endloop
  endfacet
  facet normal -0.500003 -0.866024 -0
    outer loop
      vertex 23.03 11.9439 7.4
      vertex 20.8 13.2314 5.2
      vertex 23.03 11.9439 5.2
    endloop
  endfacet
  facet normal 0.500003 -0.866024 0
    outer loop
      vertex 18.57 11.9439 5.2
      vertex 20.8 13.2314 7.4
      vertex 18.57 11.9439 7.4
    endloop
  endfacet
  facet normal 0.500003 -0.866024 0
    outer loop
      vertex 20.8 13.2314 7.4
      vertex 18.57 11.9439 5.2
      vertex 20.8 13.2314 5.2
    endloop
  endfacet
  facet normal 1 -0 0
    outer loop
      vertex 18.57 9.3689 7.4
      vertex 18.57 11.9439 5.2
      vertex 18.57 11.9439 7.4
    endloop
  endfacet
  facet normal 1 0 0
    outer loop
      vertex 18.57 11.9439 5.2
      vertex 18.57 9.3689 7.4
      vertex 18.57 9.3689 5.2
    endloop
  endfacet
  facet normal 0.5 0.866026 -0
    outer loop
      vertex 20.8 8.08141 5.2
      vertex 18.57 9.3689 7.4
      vertex 20.8 8.08141 7.4
    endloop
  endfacet
  facet normal 0.5 0.866026 0
    outer loop
      vertex 18.57 9.3689 7.4
      vertex 20.8 8.08141 5.2
      vertex 18.57 9.3689 5.2
    endloop
  endfacet
  facet normal -0.5 0.866026 0
    outer loop
      vertex 23.03 9.3689 5.2
      vertex 20.8 8.08141 7.4
      vertex 23.03 9.3689 7.4
    endloop
  endfacet
  facet normal -0.5 0.866026 0
    outer loop
      vertex 20.8 8.08141 7.4
      vertex 23.03 9.3689 5.2
      vertex 20.8 8.08141 5.2
    endloop
  endfacet
  facet normal -1 0 0
    outer loop
      vertex 32.63 9.3689 5.2
      vertex 32.63 11.9439 7.4
      vertex 32.63 11.9439 5.2
    endloop
  endfacet
  facet normal -1 -0 0
    outer loop
      vertex 32.63 11.9439 7.4
      vertex 32.63 9.3689 5.2
      vertex 32.63 9.3689 7.4
    endloop
  endfacet
  facet normal -0.500003 -0.866024 0
    outer loop
      vertex 30.4 13.2314 5.2
      vertex 32.63 11.9439 7.4
      vertex 30.4 13.2314 7.4
    endloop
  endfacet
  facet normal -0.500003 -0.866024 -0
    outer loop
      vertex 32.63 11.9439 7.4
      vertex 30.4 13.2314 5.2
      vertex 32.63 11.9439 5.2
    endloop
  endfacet
  facet normal 0.500003 -0.866024 0
    outer loop
      vertex 28.17 11.9439 5.2
      vertex 30.4 13.2314 7.4
      vertex 28.17 11.9439 7.4
    endloop
  endfacet
  facet normal 0.500003 -0.866024 0
    outer loop
      vertex 30.4 13.2314 7.4
      vertex 28.17 11.9439 5.2
      vertex 30.4 13.2314 5.2
    endloop
  endfacet
  facet normal 1 -0 0
    outer loop
      vertex 28.17 9.3689 7.4
      vertex 28.17 11.9439 5.2
      vertex 28.17 11.9439 7.4
    endloop
  endfacet
  facet normal 1 0 0
    outer loop
      vertex 28.17 11.9439 5.2
      vertex 28.17 9.3689 7.4
      vertex 28.17 9.3689 5.2
    endloop
  endfacet
  facet normal 0.5 0.866026 -0
    outer loop
      vertex 30.4 8.08141 5.2
      vertex 28.17 9.3689 7.4
      vertex 30.4 8.08141 7.4
    endloop
  endfacet
  facet normal 0.5 0.866026 0
    outer loop
      vertex 28.17 9.3689 7.4
      vertex 30.4 8.08141 5.2
      vertex 28.17 9.3689 5.2
    endloop
  endfacet
  facet normal -0.5 0.866026 0
    outer loop
      vertex 32.63 9.3689 5.2
      vertex 30.4 8.08141 7.4
      vertex 32.63 9.3689 7.4
    endloop
  endfacet
  facet normal -0.5 0.866026 0
    outer loop
      vertex 30.4 8.08141 7.4
      vertex 32.63 9.3689 5.2
      vertex 30.4 8.08141 5.2
    endloop
  endfacet
  facet normal -1 0 0
    outer loop
      vertex 61.43 9.3689 5.2
      vertex 61.43 11.9439 7.4
      vertex 61.43 11.9439 5.2
    endloop
  endfacet
  facet normal -1 -0 0
    outer loop
      vertex 61.43 11.9439 7.4
      vertex 61.43 9.3689 5.2
      vertex 61.43 9.3689 7.4
    endloop
  endfacet
  facet normal -0.500003 -0.866024 0
    outer loop
      vertex 59.2 13.2314 5.2
      vertex 61.43 11.9439 7.4
      vertex 59.2 13.2314 7.4
    endloop
  endfacet
  facet normal -0.500003 -0.866024 -0
    outer loop
      vertex 61.43 11.9439 7.4
      vertex 59.2 13.2314 5.2
      vertex 61.43 11.9439 5.2
    endloop
  endfacet
  facet normal 0.500003 -0.866024 0
    outer loop
      vertex 56.97 11.9439 5.2
      vertex 59.2 13.2314 7.4
      vertex 56.97 11.9439 7.4
    endloop
  endfacet
  facet normal 0.500003 -0.866024 0
    outer loop
      vertex 59.2 13.2314 7.4
      vertex 56.97 11.9439 5.2
      vertex 59.2 13.2314 5.2
    endloop
  endfacet
  facet normal 1 -0 0
    outer loop
      vertex 56.97 9.3689 7.4
      vertex 56.97 11.9439 5.2
      vertex 56.97 11.9439 7.4
    endloop
  endfacet
  facet normal 1 0 0
    outer loop
      vertex 56.97 11.9439 5.2
      vertex 56.97 9.3689 7.4
      vertex 56.97 9.3689 5.2
    endloop
  endfacet
  facet normal 0.5 0.866026 -0
    outer loop
      vertex 59.2 8.08141 5.2
      vertex 56.97 9.3689 7.4
      vertex 59.2 8.08141 7.4
    endloop
  endfacet
  facet normal 0.5 0.866026 0
    outer loop
      vertex 56.97 9.3689 7.4
      vertex 59.2 8.08141 5.2
      vertex 56.97 9.3689 5.2
    endloop
  endfacet
  facet normal -0.5 0.866026 0
    outer loop
      vertex 61.43 9.3689 5.2
      vertex 59.2 8.08141 7.4
      vertex 61.43 9.3689 7.4
    endloop
  endfacet
  facet normal -0.5 0.866026 0
    outer loop
      vertex 59.2 8.08141 7.4
      vertex 61.43 9.3689 5.2
      vertex 59.2 8.08141 5.2
    endloop
  endfacet
  facet normal -1 0 0
    outer loop
      vertex 42.23 9.3689 5.2
      vertex 42.23 11.9439 7.4
      vertex 42.23 11.9439 5.2
    endloop
  endfacet
  facet normal -1 -0 0
    outer loop
      vertex 42.23 11.9439 7.4
      vertex 42.23 9.3689 5.2
      vertex 42.23 9.3689 7.4
    endloop
  endfacet
  facet normal -0.500003 -0.866024 0
    outer loop
      vertex 40 13.2314 5.2
      vertex 42.23 11.9439 7.4
      vertex 40 13.2314 7.4
    endloop
  endfacet
  facet normal -0.500003 -0.866024 -0
    outer loop
      vertex 42.23 11.9439 7.4
      vertex 40 13.2314 5.2
      vertex 42.23 11.9439 5.2
    endloop
  endfacet
  facet normal 0.500003 -0.866024 0
    outer loop
      vertex 37.77 11.9439 5.2
      vertex 40 13.2314 7.4
      vertex 37.77 11.9439 7.4
    endloop
  endfacet
  facet normal 0.500003 -0.866024 0
    outer loop
      vertex 40 13.2314 7.4
      vertex 37.77 11.9439 5.2
      vertex 40 13.2314 5.2
    endloop
  endfacet
  facet normal 1 -0 0
    outer loop
      vertex 37.77 9.3689 7.4
      vertex 37.77 11.9439 5.2
      vertex 37.77 11.9439 7.4
    endloop
  endfacet
  facet normal 1 0 0
    outer loop
      vertex 37.77 11.9439 5.2
      vertex 37.77 9.3689 7.4
      vertex 37.77 9.3689 5.2
    endloop
  endfacet
  facet normal 0.5 0.866026 -0
    outer loop
      vertex 40 8.08141 5.2
      vertex 37.77 9.3689 7.4
      vertex 40 8.08141 7.4
    endloop
  endfacet
  facet normal 0.5 0.866026 0
    outer loop
      vertex 37.77 9.3689 7.4
      vertex 40 8.08141 5.2
      vertex 37.77 9.3689 5.2
    endloop
  endfacet
  facet normal -0.5 0.866026 0
    outer loop
      vertex 42.23 9.3689 5.2
      vertex 40 8.08141 7.4
      vertex 42.23 9.3689 7.4
    endloop
  endfacet
  facet normal -0.5 0.866026 0
    outer loop
      vertex 40 8.08141 7.4
      vertex 42.23 9.3689 5.2
      vertex 40 8.08141 5.2
    endloop
  endfacet
  facet normal -0.499997 -0.866027 0
    outer loop
      vertex 44.8 10.4601 5.2
      vertex 47.03 9.17262 7.4
      vertex 44.8 10.4601 7.4
    endloop
  endfacet
  facet normal -0.499997 -0.866027 -0
    outer loop
      vertex 47.03 9.17262 7.4
      vertex 44.8 10.4601 5.2
      vertex 47.03 9.17262 5.2
    endloop
  endfacet
  facet normal 0.499997 -0.866027 0
    outer loop
      vertex 42.57 9.17262 5.2
      vertex 44.8 10.4601 7.4
      vertex 42.57 9.17262 7.4
    endloop
  endfacet
  facet normal 0.499997 -0.866027 0
    outer loop
      vertex 44.8 10.4601 7.4
      vertex 42.57 9.17262 5.2
      vertex 44.8 10.4601 5.2
    endloop
  endfacet
  facet normal 1 -0 0
    outer loop
      vertex 42.57 7.2 7.4
      vertex 42.57 9.17262 5.2
      vertex 42.57 9.17262 7.4
    endloop
  endfacet
  facet normal 1 0 0
    outer loop
      vertex 42.57 9.17262 5.2
      vertex 42.57 7.2 7.4
      vertex 42.57 7.2 5.2
    endloop
  endfacet
  facet normal 0 1 -0
    outer loop
      vertex 47.03 7.2 5.2
      vertex 42.57 7.2 7.4
      vertex 47.03 7.2 7.4
    endloop
  endfacet
  facet normal 0 1 0
    outer loop
      vertex 42.57 7.2 7.4
      vertex 47.03 7.2 5.2
      vertex 42.57 7.2 5.2
    endloop
  endfacet
  facet normal -1 0 0
    outer loop
      vertex 47.03 7.2 5.2
      vertex 47.03 9.17262 7.4
      vertex 47.03 9.17262 5.2
    endloop
  endfacet
  facet normal -1 -0 0
    outer loop
      vertex 47.03 9.17262 7.4
      vertex 47.03 7.2 5.2
      vertex 47.03 7.2 7.4
    endloop
  endfacet
  facet normal -0.499997 -0.866027 0
    outer loop
      vertex 35.2 10.4601 5.2
      vertex 37.43 9.17262 7.4
      vertex 35.2 10.4601 7.4
    endloop
  endfacet
  facet normal -0.499997 -0.866027 -0
    outer loop
      vertex 37.43 9.17262 7.4
      vertex 35.2 10.4601 5.2
      vertex 37.43 9.17262 5.2
    endloop
  endfacet
  facet normal 0.499997 -0.866027 0
    outer loop
      vertex 32.97 9.17262 5.2
      vertex 35.2 10.4601 7.4
      vertex 32.97 9.17262 7.4
    endloop
  endfacet
  facet normal 0.499997 -0.866027 0
    outer loop
      vertex 35.2 10.4601 7.4
      vertex 32.97 9.17262 5.2
      vertex 35.2 10.4601 5.2
    endloop
  endfacet
  facet normal 1 -0 0
    outer loop
      vertex 32.97 7.2 7.4
      vertex 32.97 9.17262 5.2
      vertex 32.97 9.17262 7.4
    endloop
  endfacet
  facet normal 1 0 0
    outer loop
      vertex 32.97 9.17262 5.2
      vertex 32.97 7.2 7.4
      vertex 32.97 7.2 5.2
    endloop
  endfacet
  facet normal 0 1 -0
    outer loop
      vertex 37.43 7.2 5.2
      vertex 32.97 7.2 7.4
      vertex 37.43 7.2 7.4
    endloop
  endfacet
  facet normal 0 1 0
    outer loop
      vertex 32.97 7.2 7.4
      vertex 37.43 7.2 5.2
      vertex 32.97 7.2 5.2
    endloop
  endfacet
  facet normal -1 0 0
    outer loop
      vertex 37.43 7.2 5.2
      vertex 37.43 9.17262 7.4
      vertex 37.43 9.17262 5.2
    endloop
  endfacet
  facet normal -1 -0 0
    outer loop
      vertex 37.43 9.17262 7.4
      vertex 37.43 7.2 5.2
      vertex 37.43 7.2 7.4
    endloop
  endfacet
  facet normal -0.499997 -0.866027 0
    outer loop
      vertex 25.6 10.4601 5.2
      vertex 27.83 9.17262 7.4
      vertex 25.6 10.4601 7.4
    endloop
  endfacet
  facet normal -0.499997 -0.866027 -0
    outer loop
      vertex 27.83 9.17262 7.4
      vertex 25.6 10.4601 5.2
      vertex 27.83 9.17262 5.2
    endloop
  endfacet
  facet normal 0.499997 -0.866027 0
    outer loop
      vertex 23.37 9.17262 5.2
      vertex 25.6 10.4601 7.4
      vertex 23.37 9.17262 7.4
    endloop
  endfacet
  facet normal 0.499997 -0.866027 0
    outer loop
      vertex 25.6 10.4601 7.4
      vertex 23.37 9.17262 5.2
      vertex 25.6 10.4601 5.2
    endloop
  endfacet
  facet normal 1 -0 0
    outer loop
      vertex 23.37 7.2 7.4
      vertex 23.37 9.17262 5.2
      vertex 23.37 9.17262 7.4
    endloop
  endfacet
  facet normal 1 0 0
    outer loop
      vertex 23.37 9.17262 5.2
      vertex 23.37 7.2 7.4
      vertex 23.37 7.2 5.2
    endloop
  endfacet
  facet normal 0 1 -0
    outer loop
      vertex 27.83 7.2 5.2
      vertex 23.37 7.2 7.4
      vertex 27.83 7.2 7.4
    endloop
  endfacet
  facet normal 0 1 0
    outer loop
      vertex 23.37 7.2 7.4
      vertex 27.83 7.2 5.2
      vertex 23.37 7.2 5.2
    endloop
  endfacet
  facet normal -1 0 0
    outer loop
      vertex 27.83 7.2 5.2
      vertex 27.83 9.17262 7.4
      vertex 27.83 9.17262 5.2
    endloop
  endfacet
  facet normal -1 -0 0
    outer loop
      vertex 27.83 9.17262 7.4
      vertex 27.83 7.2 5.2
      vertex 27.83 7.2 7.4
    endloop
  endfacet
  facet normal -0.499997 -0.866027 0
    outer loop
      vertex 54.4 10.4601 5.2
      vertex 56.63 9.17262 7.4
      vertex 54.4 10.4601 7.4
    endloop
  endfacet
  facet normal -0.499997 -0.866027 -0
    outer loop
      vertex 56.63 9.17262 7.4
      vertex 54.4 10.4601 5.2
      vertex 56.63 9.17262 5.2
    endloop
  endfacet
  facet normal 0.499997 -0.866027 0
    outer loop
      vertex 52.17 9.17262 5.2
      vertex 54.4 10.4601 7.4
      vertex 52.17 9.17262 7.4
    endloop
  endfacet
  facet normal 0.499997 -0.866027 0
    outer loop
      vertex 54.4 10.4601 7.4
      vertex 52.17 9.17262 5.2
      vertex 54.4 10.4601 5.2
    endloop
  endfacet
  facet normal 1 -0 0
    outer loop
      vertex 52.17 7.2 7.4
      vertex 52.17 9.17262 5.2
      vertex 52.17 9.17262 7.4
    endloop
  endfacet
  facet normal 1 0 0
    outer loop
      vertex 52.17 9.17262 5.2
      vertex 52.17 7.2 7.4
      vertex 52.17 7.2 5.2
    endloop
  endfacet
  facet normal 0 1 -0
    outer loop
      vertex 56.63 7.2 5.2
      vertex 52.17 7.2 7.4
      vertex 56.63 7.2 7.4
    endloop
  endfacet
  facet normal 0 1 0
    outer loop
      vertex 52.17 7.2 7.4
      vertex 56.63 7.2 5.2
      vertex 52.17 7.2 5.2
    endloop
  endfacet
  facet normal -1 0 0
    outer loop
      vertex 56.63 7.2 5.2
      vertex 56.63 9.17262 7.4
      vertex 56.63 9.17262 5.2
    endloop
  endfacet
  facet normal -1 -0 0
    outer loop
      vertex 56.63 9.17262 7.4
      vertex 56.63 7.2 5.2
      vertex 56.63 7.2 7.4
    endloop
  endfacet
  facet normal -0.499997 -0.866027 0
    outer loop
      vertex 16 10.4601 5.2
      vertex 18.23 9.17262 7.4
      vertex 16 10.4601 7.4
    endloop
  endfacet
  facet normal -0.499997 -0.866027 -0
    outer loop
      vertex 18.23 9.17262 7.4
      vertex 16 10.4601 5.2
      vertex 18.23 9.17262 5.2
    endloop
  endfacet
  facet normal 0.499997 -0.866027 0
    outer loop
      vertex 13.77 9.17262 5.2
      vertex 16 10.4601 7.4
      vertex 13.77 9.17262 7.4
    endloop
  endfacet
  facet normal 0.499997 -0.866027 0
    outer loop
      vertex 16 10.4601 7.4
      vertex 13.77 9.17262 5.2
      vertex 16 10.4601 5.2
    endloop
  endfacet
  facet normal 1 -0 0
    outer loop
      vertex 13.77 7.2 7.4
      vertex 13.77 9.17262 5.2
      vertex 13.77 9.17262 7.4
    endloop
  endfacet
  facet normal 1 0 0
    outer loop
      vertex 13.77 9.17262 5.2
      vertex 13.77 7.2 7.4
      vertex 13.77 7.2 5.2
    endloop
  endfacet
  facet normal 0 1 -0
    outer loop
      vertex 18.23 7.2 5.2
      vertex 13.77 7.2 7.4
      vertex 18.23 7.2 7.4
    endloop
  endfacet
  facet normal 0 1 0
    outer loop
      vertex 13.77 7.2 7.4
      vertex 18.23 7.2 5.2
      vertex 13.77 7.2 5.2
    endloop
  endfacet
  facet normal -1 0 0
    outer loop
      vertex 18.23 7.2 5.2
      vertex 18.23 9.17262 7.4
      vertex 18.23 9.17262 5.2
    endloop
  endfacet
  facet normal -1 -0 0
    outer loop
      vertex 18.23 9.17262 7.4
      vertex 18.23 7.2 5.2
      vertex 18.23 7.2 7.4
    endloop
  endfacet
  facet normal -0.382624 0.923904 0
    outer loop
      vertex 62.2988 7.43977 5.2
      vertex 61.9798 7.30766 7.4
      vertex 62.2988 7.43977 7.4
    endloop
  endfacet
  facet normal -0.382624 0.923904 0
    outer loop
      vertex 61.9798 7.30766 7.4
      vertex 62.2988 7.43977 5.2
      vertex 61.9798 7.30766 5.2
    endloop
  endfacet
  facet normal -0.522567 0.852598 0
    outer loop
      vertex 62.5931 7.62015 5.2
      vertex 62.2988 7.43977 7.4
      vertex 62.5931 7.62015 7.4
    endloop
  endfacet
  facet normal -0.522567 0.852598 0
    outer loop
      vertex 62.2988 7.43977 7.4
      vertex 62.5931 7.62015 5.2
      vertex 62.2988 7.43977 5.2
    endloop
  endfacet
  facet normal -0.649471 0.760386 0
    outer loop
      vertex 62.8556 7.84436 5.2
      vertex 62.5931 7.62015 7.4
      vertex 62.8556 7.84436 7.4
    endloop
  endfacet
  facet normal -0.649471 0.760386 0
    outer loop
      vertex 62.5931 7.62015 7.4
      vertex 62.8556 7.84436 5.2
      vertex 62.5931 7.62015 5.2
    endloop
  endfacet
  facet normal -0.760401 0.649454 0
    outer loop
      vertex 62.8556 7.84436 5.2
      vertex 63.0798 8.10686 7.4
      vertex 63.0798 8.10686 5.2
    endloop
  endfacet
  facet normal -0.760401 0.649454 0
    outer loop
      vertex 63.0798 8.10686 7.4
      vertex 62.8556 7.84436 5.2
      vertex 62.8556 7.84436 7.4
    endloop
  endfacet
  facet normal -0.852612 0.522545 0
    outer loop
      vertex 63.0798 8.10686 5.2
      vertex 63.2602 8.40121 7.4
      vertex 63.2602 8.40121 5.2
    endloop
  endfacet
  facet normal -0.852612 0.522545 0
    outer loop
      vertex 63.2602 8.40121 7.4
      vertex 63.0798 8.10686 5.2
      vertex 63.0798 8.10686 7.4
    endloop
  endfacet
  facet normal -0.923889 0.382661 0
    outer loop
      vertex 63.2602 8.40121 5.2
      vertex 63.3923 8.72015 7.4
      vertex 63.3923 8.72015 5.2
    endloop
  endfacet
  facet normal -0.923889 0.382661 0
    outer loop
      vertex 63.3923 8.72015 7.4
      vertex 63.2602 8.40121 5.2
      vertex 63.2602 8.40121 7.4
    endloop
  endfacet
  facet normal -0.972363 0.233474 0
    outer loop
      vertex 63.3923 8.72015 5.2
      vertex 63.4729 9.05583 7.4
      vertex 63.4729 9.05583 5.2
    endloop
  endfacet
  facet normal -0.972363 0.233474 0
    outer loop
      vertex 63.4729 9.05583 7.4
      vertex 63.3923 8.72015 5.2
      vertex 63.3923 8.72015 7.4
    endloop
  endfacet
  facet normal -0.996914 0.0784995 0
    outer loop
      vertex 63.4729 9.05583 5.2
      vertex 63.5 9.39999 7.4
      vertex 63.5 9.39999 5.2
    endloop
  endfacet
  facet normal -0.996914 0.0784995 0
    outer loop
      vertex 63.5 9.39999 7.4
      vertex 63.4729 9.05583 5.2
      vertex 63.4729 9.05583 7.4
    endloop
  endfacet
  facet normal -1 0 0
    outer loop
      vertex 63.5 9.39999 5.2
      vertex 63.5 10.1714 7.4
      vertex 63.5 10.1714 5.2
    endloop
  endfacet
  facet normal -1 -0 0
    outer loop
      vertex 63.5 10.1714 7.4
      vertex 63.5 9.39999 5.2
      vertex 63.5 9.39999 7.4
    endloop
  endfacet
  facet normal 0.499986 -0.866033 0
    outer loop
      vertex 61.77 9.17262 5.2
      vertex 63.5 10.1714 7.4
      vertex 61.77 9.17262 7.4
    endloop
  endfacet
  facet normal 0.499986 -0.866033 0
    outer loop
      vertex 63.5 10.1714 7.4
      vertex 61.77 9.17262 5.2
      vertex 63.5 10.1714 5.2
    endloop
  endfacet
  facet normal 1 -0 0
    outer loop
      vertex 61.77 7.25729 7.4
      vertex 61.77 9.17262 5.2
      vertex 61.77 9.17262 7.4
    endloop
  endfacet
  facet normal 1 0 0
    outer loop
      vertex 61.77 9.17262 5.2
      vertex 61.77 7.25729 7.4
      vertex 61.77 7.25729 5.2
    endloop
  endfacet
  facet normal -0.233452 0.972368 0
    outer loop
      vertex 61.9798 7.30766 5.2
      vertex 61.77 7.25729 7.4
      vertex 61.9798 7.30766 7.4
    endloop
  endfacet
  facet normal -0.233452 0.972368 0
    outer loop
      vertex 61.77 7.25729 7.4
      vertex 61.9798 7.30766 5.2
      vertex 61.77 7.25729 5.2
    endloop
  endfacet
  facet normal -0.5 -0.866026 0
    outer loop
      vertex 7.2 9.99823 5.2
      vertex 8.63 9.17262 7.4
      vertex 7.2 9.99823 7.4
    endloop
  endfacet
  facet normal -0.5 -0.866026 -0
    outer loop
      vertex 8.63 9.17262 7.4
      vertex 7.2 9.99823 5.2
      vertex 8.63 9.17262 5.2
    endloop
  endfacet
  facet normal 1 -0 0
    outer loop
      vertex 7.2 9.39999 7.4
      vertex 7.2 9.99823 5.2
      vertex 7.2 9.99823 7.4
    endloop
  endfacet
  facet normal 1 0 0
    outer loop
      vertex 7.2 9.99823 5.2
      vertex 7.2 9.39999 7.4
      vertex 7.2 9.39999 5.2
    endloop
  endfacet
  facet normal 0.996919 0.0784419 0
    outer loop
      vertex 7.22708 9.05583 7.4
      vertex 7.2 9.39999 5.2
      vertex 7.2 9.39999 7.4
    endloop
  endfacet
  facet normal 0.996919 0.0784419 0
    outer loop
      vertex 7.2 9.39999 5.2
      vertex 7.22708 9.05583 7.4
      vertex 7.22708 9.05583 5.2
    endloop
  endfacet
  facet normal 0.972376 0.233419 0
    outer loop
      vertex 7.30766 8.72015 7.4
      vertex 7.22708 9.05583 5.2
      vertex 7.22708 9.05583 7.4
    endloop
  endfacet
  facet normal 0.972376 0.233419 0
    outer loop
      vertex 7.22708 9.05583 5.2
      vertex 7.30766 8.72015 7.4
      vertex 7.30766 8.72015 5.2
    endloop
  endfacet
  facet normal 0.923879 0.382685 0
    outer loop
      vertex 7.43977 8.40121 7.4
      vertex 7.30766 8.72015 5.2
      vertex 7.30766 8.72015 7.4
    endloop
  endfacet
  facet normal 0.923879 0.382685 0
    outer loop
      vertex 7.30766 8.72015 5.2
      vertex 7.43977 8.40121 7.4
      vertex 7.43977 8.40121 5.2
    endloop
  endfacet
  facet normal 0.852637 0.522503 0
    outer loop
      vertex 7.62015 8.10686 7.4
      vertex 7.43977 8.40121 5.2
      vertex 7.43977 8.40121 7.4
    endloop
  endfacet
  facet normal 0.852637 0.522503 0
    outer loop
      vertex 7.43977 8.40121 5.2
      vertex 7.62015 8.10686 7.4
      vertex 7.62015 8.10686 5.2
    endloop
  endfacet
  facet normal 0.760386 0.649471 0
    outer loop
      vertex 7.84436 7.84436 7.4
      vertex 7.62015 8.10686 5.2
      vertex 7.62015 8.10686 7.4
    endloop
  endfacet
  facet normal 0.760386 0.649471 0
    outer loop
      vertex 7.62015 8.10686 5.2
      vertex 7.84436 7.84436 7.4
      vertex 7.84436 7.84436 5.2
    endloop
  endfacet
  facet normal 0.649471 0.760386 -0
    outer loop
      vertex 8.10686 7.62015 5.2
      vertex 7.84436 7.84436 7.4
      vertex 8.10686 7.62015 7.4
    endloop
  endfacet
  facet normal 0.649471 0.760386 0
    outer loop
      vertex 7.84436 7.84436 7.4
      vertex 8.10686 7.62015 5.2
      vertex 7.84436 7.84436 5.2
    endloop
  endfacet
  facet normal 0.522503 0.852637 -0
    outer loop
      vertex 8.40121 7.43977 5.2
      vertex 8.10686 7.62015 7.4
      vertex 8.40121 7.43977 7.4
    endloop
  endfacet
  facet normal 0.522503 0.852637 0
    outer loop
      vertex 8.10686 7.62015 7.4
      vertex 8.40121 7.43977 5.2
      vertex 8.10686 7.62015 5.2
    endloop
  endfacet
  facet normal 0.382691 0.923877 -0
    outer loop
      vertex 8.63 7.345 5.2
      vertex 8.40121 7.43977 7.4
      vertex 8.63 7.345 7.4
    endloop
  endfacet
  facet normal 0.382691 0.923877 0
    outer loop
      vertex 8.40121 7.43977 7.4
      vertex 8.63 7.345 5.2
      vertex 8.40121 7.43977 5.2
    endloop
  endfacet
  facet normal -1 0 0
    outer loop
      vertex 8.63 7.345 5.2
      vertex 8.63 9.17262 7.4
      vertex 8.63 9.17262 5.2
    endloop
  endfacet
  facet normal -1 -0 0
    outer loop
      vertex 8.63 9.17262 7.4
      vertex 8.63 7.345 5.2
      vertex 8.63 7.345 7.4
    endloop
  endfacet
  facet normal 0.499998 -0.866026 0
    outer loop
      vertex 29.5533 7.2 5.2
      vertex 30.4 7.68884 7.4
      vertex 29.5533 7.2 7.4
    endloop
  endfacet
  facet normal 0.499998 -0.866026 0
    outer loop
      vertex 30.4 7.68884 7.4
      vertex 29.5533 7.2 5.2
      vertex 30.4 7.68884 5.2
    endloop
  endfacet
  facet normal 0 1 -0
    outer loop
      vertex 31.2467 7.2 5.2
      vertex 29.5533 7.2 7.4
      vertex 31.2467 7.2 7.4
    endloop
  endfacet
  facet normal 0 1 0
    outer loop
      vertex 29.5533 7.2 7.4
      vertex 31.2467 7.2 5.2
      vertex 29.5533 7.2 5.2
    endloop
  endfacet
  facet normal -0.499998 -0.866026 0
    outer loop
      vertex 30.4 7.68884 5.2
      vertex 31.2467 7.2 7.4
      vertex 30.4 7.68884 7.4
    endloop
  endfacet
  facet normal -0.499998 -0.866026 -0
    outer loop
      vertex 31.2467 7.2 7.4
      vertex 30.4 7.68884 5.2
      vertex 31.2467 7.2 5.2
    endloop
  endfacet
  facet normal 0.499998 -0.866026 0
    outer loop
      vertex 48.7533 7.2 5.2
      vertex 49.6 7.68884 7.4
      vertex 48.7533 7.2 7.4
    endloop
  endfacet
  facet normal 0.499998 -0.866026 0
    outer loop
      vertex 49.6 7.68884 7.4
      vertex 48.7533 7.2 5.2
      vertex 49.6 7.68884 5.2
    endloop
  endfacet
  facet normal 0 1 -0
    outer loop
      vertex 50.4467 7.2 5.2
      vertex 48.7533 7.2 7.4
      vertex 50.4467 7.2 7.4
    endloop
  endfacet
  facet normal 0 1 0
    outer loop
      vertex 48.7533 7.2 7.4
      vertex 50.4467 7.2 5.2
      vertex 48.7533 7.2 5.2
    endloop
  endfacet
  facet normal -0.499998 -0.866026 0
    outer loop
      vertex 49.6 7.68884 5.2
      vertex 50.4467 7.2 7.4
      vertex 49.6 7.68884 7.4
    endloop
  endfacet
  facet normal -0.499998 -0.866026 -0
    outer loop
      vertex 50.4467 7.2 7.4
      vertex 49.6 7.68884 5.2
      vertex 50.4467 7.2 5.2
    endloop
  endfacet
  facet normal 0.499998 -0.866026 0
    outer loop
      vertex 10.3533 7.2 5.2
      vertex 11.2 7.68884 7.4
      vertex 10.3533 7.2 7.4
    endloop
  endfacet
  facet normal 0.499998 -0.866026 0
    outer loop
      vertex 11.2 7.68884 7.4
      vertex 10.3533 7.2 5.2
      vertex 11.2 7.68884 5.2
    endloop
  endfacet
  facet normal 0 1 -0
    outer loop
      vertex 12.0467 7.2 5.2
      vertex 10.3533 7.2 7.4
      vertex 12.0467 7.2 7.4
    endloop
  endfacet
  facet normal 0 1 0
    outer loop
      vertex 10.3533 7.2 7.4
      vertex 12.0467 7.2 5.2
      vertex 10.3533 7.2 5.2
    endloop
  endfacet
  facet normal -0.499998 -0.866026 0
    outer loop
      vertex 11.2 7.68884 5.2
      vertex 12.0467 7.2 7.4
      vertex 11.2 7.68884 7.4
    endloop
  endfacet
  facet normal -0.499998 -0.866026 -0
    outer loop
      vertex 12.0467 7.2 7.4
      vertex 11.2 7.68884 5.2
      vertex 12.0467 7.2 5.2
    endloop
  endfacet
  facet normal 0.499998 -0.866026 0
    outer loop
      vertex 19.9533 7.2 5.2
      vertex 20.8 7.68884 7.4
      vertex 19.9533 7.2 7.4
    endloop
  endfacet
  facet normal 0.499998 -0.866026 0
    outer loop
      vertex 20.8 7.68884 7.4
      vertex 19.9533 7.2 5.2
      vertex 20.8 7.68884 5.2
    endloop
  endfacet
  facet normal 0 1 -0
    outer loop
      vertex 21.6467 7.2 5.2
      vertex 19.9533 7.2 7.4
      vertex 21.6467 7.2 7.4
    endloop
  endfacet
  facet normal 0 1 0
    outer loop
      vertex 19.9533 7.2 7.4
      vertex 21.6467 7.2 5.2
      vertex 19.9533 7.2 5.2
    endloop
  endfacet
  facet normal -0.499998 -0.866026 0
    outer loop
      vertex 20.8 7.68884 5.2
      vertex 21.6467 7.2 7.4
      vertex 20.8 7.68884 7.4
    endloop
  endfacet
  facet normal -0.499998 -0.866026 -0
    outer loop
      vertex 21.6467 7.2 7.4
      vertex 20.8 7.68884 5.2
      vertex 21.6467 7.2 5.2
    endloop
  endfacet
  facet normal 0.499998 -0.866026 0
    outer loop
      vertex 58.3533 7.2 5.2
      vertex 59.2 7.68884 7.4
      vertex 58.3533 7.2 7.4
    endloop
  endfacet
  facet normal 0.499998 -0.866026 0
    outer loop
      vertex 59.2 7.68884 7.4
      vertex 58.3533 7.2 5.2
      vertex 59.2 7.68884 5.2
    endloop
  endfacet
  facet normal 0 1 -0
    outer loop
      vertex 60.0467 7.2 5.2
      vertex 58.3533 7.2 7.4
      vertex 60.0467 7.2 7.4
    endloop
  endfacet
  facet normal 0 1 0
    outer loop
      vertex 58.3533 7.2 7.4
      vertex 60.0467 7.2 5.2
      vertex 58.3533 7.2 5.2
    endloop
  endfacet
  facet normal -0.499998 -0.866026 0
    outer loop
      vertex 59.2 7.68884 5.2
      vertex 60.0467 7.2 7.4
      vertex 59.2 7.68884 7.4
    endloop
  endfacet
  facet normal -0.499998 -0.866026 -0
    outer loop
      vertex 60.0467 7.2 7.4
      vertex 59.2 7.68884 5.2
      vertex 60.0467 7.2 5.2
    endloop
  endfacet
  facet normal 0.499998 -0.866026 0
    outer loop
      vertex 39.1533 7.2 5.2
      vertex 40 7.68884 7.4
      vertex 39.1533 7.2 7.4
    endloop
  endfacet
  facet normal 0.499998 -0.866026 0
    outer loop
      vertex 40 7.68884 7.4
      vertex 39.1533 7.2 5.2
      vertex 40 7.68884 5.2
    endloop
  endfacet
  facet normal 0 1 -0
    outer loop
      vertex 40.8467 7.2 5.2
      vertex 39.1533 7.2 7.4
      vertex 40.8467 7.2 7.4
    endloop
  endfacet
  facet normal 0 1 0
    outer loop
      vertex 39.1533 7.2 7.4
      vertex 40.8467 7.2 5.2
      vertex 39.1533 7.2 5.2
    endloop
  endfacet
  facet normal -0.499998 -0.866026 0
    outer loop
      vertex 40 7.68884 5.2
      vertex 40.8467 7.2 7.4
      vertex 40 7.68884 7.4
    endloop
  endfacet
  facet normal -0.499998 -0.866026 -0
    outer loop
      vertex 40.8467 7.2 7.4
      vertex 40 7.68884 5.2
      vertex 40.8467 7.2 5.2
    endloop
  endfacet
  facet normal -1 0 0
    outer loop
      vertex 61.5 26.44 5.2
      vertex 61.5 35.7 7.4
      vertex 61.5 35.7 5.2
    endloop
  endfacet
  facet normal -1 -0 0
    outer loop
      vertex 61.5 35.7 7.4
      vertex 61.5 26.44 5.2
      vertex 61.5 26.44 7.4
    endloop
  endfacet
  facet normal -0 0 1
    outer loop
      vertex 16.196 35 5
      vertex 23.396 33.65 5
      vertex 23.396 35 5
    endloop
  endfacet
  facet normal 0 0 1
    outer loop
      vertex 23.396 33.65 5
      vertex 16.196 35 5
      vertex 16.196 33.65 5
    endloop
  endfacet
  facet normal -0 0 1
    outer loop
      vertex 47.304 35 5
      vertex 54.504 33.65 5
      vertex 54.504 35 5
    endloop
  endfacet
  facet normal 0 0 1
    outer loop
      vertex 54.504 33.65 5
      vertex 47.304 35 5
      vertex 47.304 33.65 5
    endloop
  endfacet
  facet normal 1 -0 0
    outer loop
      vertex 9.1 26.44 7.4
      vertex 9.1 35.7 5.2
      vertex 9.1 35.7 7.4
    endloop
  endfacet
  facet normal 1 0 0
    outer loop
      vertex 9.1 35.7 5.2
      vertex 9.1 26.44 7.4
      vertex 9.1 26.44 5.2
    endloop
  endfacet
  facet normal 0 1 -0
    outer loop
      vertex 61.5 26.44 5.2
      vertex 9.1 26.44 7.4
      vertex 61.5 26.44 7.4
    endloop
  endfacet
  facet normal 0 1 0
    outer loop
      vertex 9.1 26.44 7.4
      vertex 61.5 26.44 5.2
      vertex 9.1 26.44 5.2
    endloop
  endfacet
  facet normal -0 0 1
    outer loop
      vertex 36.9035 3.95038 6.9
      vertex 37.6868 3.7616 6.9
      vertex 37.6733 4.03911 6.9
    endloop
  endfacet
  facet normal 0 0 1
    outer loop
      vertex 37.6868 3.7616 6.9
      vertex 36.9112 3.7616 6.9
      vertex 37.6806 3.57643 6.9
    endloop
  endfacet
  facet normal -0 0 1
    outer loop
      vertex 36.8803 4.12508 6.9
      vertex 37.6733 4.03911 6.9
      vertex 37.6328 4.29616 6.9
    endloop
  endfacet
  facet normal 0 0 1
    outer loop
      vertex 36.9035 3.56412 6.9
      vertex 37.6806 3.57643 6.9
      vertex 36.9112 3.7616 6.9
    endloop
  endfacet
  facet normal 0 0 1
    outer loop
      vertex 37.6806 3.57643 6.9
      vertex 36.9035 3.56412 6.9
      vertex 37.6619 3.39884 6.9
    endloop
  endfacet
  facet normal 0 0 1
    outer loop
      vertex 36.8416 4.28566 6.9
      vertex 37.6328 4.29616 6.9
      vertex 37.5654 4.53272 6.9
    endloop
  endfacet
  facet normal 0 0 1
    outer loop
      vertex 36.8804 3.38225 6.9
      vertex 37.6619 3.39884 6.9
      vertex 36.9035 3.56412 6.9
    endloop
  endfacet
  facet normal 0 0 1
    outer loop
      vertex 36.8416 4.28566 6.9
      vertex 37.5654 4.53272 6.9
      vertex 37.4709 4.74883 6.9
    endloop
  endfacet
  facet normal 0 0 1
    outer loop
      vertex 37.6619 3.39884 6.9
      vertex 36.8804 3.38225 6.9
      vertex 37.6308 3.22884 6.9
    endloop
  endfacet
  facet normal 0 0 1
    outer loop
      vertex 37.6308 3.22884 6.9
      vertex 36.8804 3.38225 6.9
      vertex 37.5872 3.06642 6.9
    endloop
  endfacet
  facet normal 0 0 1
    outer loop
      vertex 36.7875 4.43213 6.9
      vertex 37.4709 4.74883 6.9
      vertex 37.3495 4.94445 6.9
    endloop
  endfacet
  facet normal -0 0 1
    outer loop
      vertex 36.8419 3.21596 6.9
      vertex 37.5872 3.06642 6.9
      vertex 36.8804 3.38225 6.9
    endloop
  endfacet
  facet normal 0 0 1
    outer loop
      vertex 36.7179 4.56452 6.9
      vertex 37.3495 4.94445 6.9
      vertex 37.2011 5.1196 6.9
    endloop
  endfacet
  facet normal 0 0 1
    outer loop
      vertex 37.5872 3.06642 6.9
      vertex 36.8419 3.21596 6.9
      vertex 37.5311 2.91159 6.9
    endloop
  endfacet
  facet normal -0 0 1
    outer loop
      vertex 36.7881 3.06528 6.9
      vertex 37.5311 2.91159 6.9
      vertex 36.8419 3.21596 6.9
    endloop
  endfacet
  facet normal 0 0 1
    outer loop
      vertex 36.6329 4.6828 6.9
      vertex 37.2011 5.1196 6.9
      vertex 37.0287 5.27079 6.9
    endloop
  endfacet
  facet normal 0 0 1
    outer loop
      vertex 37.5311 2.91159 6.9
      vertex 36.7881 3.06528 6.9
      vertex 37.4626 2.76435 6.9
    endloop
  endfacet
  facet normal 0 0 1
    outer loop
      vertex 37.4626 2.76435 6.9
      vertex 36.7881 3.06528 6.9
      vertex 37.3825 2.62653 6.9
    endloop
  endfacet
  facet normal 0 0 1
    outer loop
      vertex 37.6868 3.7616 6.9
      vertex 36.9035 3.95038 6.9
      vertex 36.9112 3.7616 6.9
    endloop
  endfacet
  facet normal 0 0 1
    outer loop
      vertex 37.6733 4.03911 6.9
      vertex 36.8803 4.12508 6.9
      vertex 36.9035 3.95038 6.9
    endloop
  endfacet
  facet normal 0 0 1
    outer loop
      vertex 37.6328 4.29616 6.9
      vertex 36.8416 4.28566 6.9
      vertex 36.8803 4.12508 6.9
    endloop
  endfacet
  facet normal 0 0 1
    outer loop
      vertex 36.5339 4.78476 6.9
      vertex 37.0287 5.27079 6.9
      vertex 36.8353 5.39447 6.9
    endloop
  endfacet
  facet normal 0 0 1
    outer loop
      vertex 37.4709 4.74883 6.9
      vertex 36.7875 4.43213 6.9
      vertex 36.8416 4.28566 6.9
    endloop
  endfacet
  facet normal 0 0 1
    outer loop
      vertex 37.3495 4.94445 6.9
      vertex 36.7179 4.56452 6.9
      vertex 36.7875 4.43213 6.9
    endloop
  endfacet
  facet normal 0 0 1
    outer loop
      vertex 37.2011 5.1196 6.9
      vertex 36.6329 4.6828 6.9
      vertex 36.7179 4.56452 6.9
    endloop
  endfacet
  facet normal 0 0 1
    outer loop
      vertex 36.4224 4.8682 6.9
      vertex 36.8353 5.39447 6.9
      vertex 36.621 5.49068 6.9
    endloop
  endfacet
  facet normal 0 0 1
    outer loop
      vertex 37.0287 5.27079 6.9
      vertex 36.5339 4.78476 6.9
      vertex 36.6329 4.6828 6.9
    endloop
  endfacet
  facet normal 0 0 1
    outer loop
      vertex 36.8353 5.39447 6.9
      vertex 36.4224 4.8682 6.9
      vertex 36.5339 4.78476 6.9
    endloop
  endfacet
  facet normal 0 0 1
    outer loop
      vertex 36.2985 4.93308 6.9
      vertex 36.621 5.49068 6.9
      vertex 36.3856 5.55939 6.9
    endloop
  endfacet
  facet normal 0 0 1
    outer loop
      vertex 36.621 5.49068 6.9
      vertex 36.2985 4.93308 6.9
      vertex 36.4224 4.8682 6.9
    endloop
  endfacet
  facet normal 0 0 1
    outer loop
      vertex 36.3856 5.55939 6.9
      vertex 36.1622 4.97943 6.9
      vertex 36.2985 4.93308 6.9
    endloop
  endfacet
  facet normal 0 0 1
    outer loop
      vertex 36.1294 5.60062 6.9
      vertex 36.1622 4.97943 6.9
      vertex 36.3856 5.55939 6.9
    endloop
  endfacet
  facet normal 0 0 1
    outer loop
      vertex 36.1294 5.60062 6.9
      vertex 36.0134 5.00724 6.9
      vertex 36.1622 4.97943 6.9
    endloop
  endfacet
  facet normal 0 0 1
    outer loop
      vertex 35.8521 5.61437 6.9
      vertex 36.0134 5.00724 6.9
      vertex 36.1294 5.60062 6.9
    endloop
  endfacet
  facet normal 0 0 1
    outer loop
      vertex 35.8521 5.61437 6.9
      vertex 35.8521 5.01651 6.9
      vertex 36.0134 5.00724 6.9
    endloop
  endfacet
  facet normal 0 0 1
    outer loop
      vertex 35.8521 5.61437 6.9
      vertex 35.6885 5.00731 6.9
      vertex 35.8521 5.01651 6.9
    endloop
  endfacet
  facet normal -0 0 1
    outer loop
      vertex 35.5749 5.60077 6.9
      vertex 35.6885 5.00731 6.9
      vertex 35.8521 5.61437 6.9
    endloop
  endfacet
  facet normal 0 0 1
    outer loop
      vertex 35.5749 5.60077 6.9
      vertex 35.5377 4.97972 6.9
      vertex 35.6885 5.00731 6.9
    endloop
  endfacet
  facet normal -0 0 1
    outer loop
      vertex 35.3187 5.55997 6.9
      vertex 35.5377 4.97972 6.9
      vertex 35.5749 5.60077 6.9
    endloop
  endfacet
  facet normal 0 0 1
    outer loop
      vertex 35.5377 4.97972 6.9
      vertex 35.3187 5.55997 6.9
      vertex 35.3998 4.93373 6.9
    endloop
  endfacet
  facet normal -0 0 1
    outer loop
      vertex 35.0836 5.49196 6.9
      vertex 35.3998 4.93373 6.9
      vertex 35.3187 5.55997 6.9
    endloop
  endfacet
  facet normal 0 0 1
    outer loop
      vertex 35.3998 4.93373 6.9
      vertex 35.0836 5.49196 6.9
      vertex 35.2749 4.86934 6.9
    endloop
  endfacet
  facet normal -0 0 1
    outer loop
      vertex 34.8695 5.39675 6.9
      vertex 35.2749 4.86934 6.9
      vertex 35.0836 5.49196 6.9
    endloop
  endfacet
  facet normal 0 0 1
    outer loop
      vertex 35.2749 4.86934 6.9
      vertex 34.8695 5.39675 6.9
      vertex 35.1628 4.78656 6.9
    endloop
  endfacet
  facet normal -0 0 1
    outer loop
      vertex 34.6764 5.27434 6.9
      vertex 35.1628 4.78656 6.9
      vertex 34.8695 5.39675 6.9
    endloop
  endfacet
  facet normal 0 0 1
    outer loop
      vertex 35.1628 4.78656 6.9
      vertex 34.6764 5.27434 6.9
      vertex 35.0636 4.68538 6.9
    endloop
  endfacet
  facet normal -0 0 1
    outer loop
      vertex 34.5044 5.12473 6.9
      vertex 35.0636 4.68538 6.9
      vertex 34.6764 5.27434 6.9
    endloop
  endfacet
  facet normal 0 0 1
    outer loop
      vertex 35.0636 4.68538 6.9
      vertex 34.5044 5.12473 6.9
      vertex 34.9785 4.56775 6.9
    endloop
  endfacet
  facet normal -0 0 1
    outer loop
      vertex 34.3564 4.95087 6.9
      vertex 34.9785 4.56775 6.9
      vertex 34.5044 5.12473 6.9
    endloop
  endfacet
  facet normal 0 0 1
    outer loop
      vertex 34.9785 4.56775 6.9
      vertex 34.3564 4.95087 6.9
      vertex 34.909 4.43558 6.9
    endloop
  endfacet
  facet normal 0 0 1
    outer loop
      vertex 34.0199 3.7616 6.9
      vertex 34.7853 3.7616 6.9
      vertex 34.793 3.95189 6.9
    endloop
  endfacet
  facet normal -0 0 1
    outer loop
      vertex 34.2353 4.75568 6.9
      vertex 34.909 4.43558 6.9
      vertex 34.3564 4.95087 6.9
    endloop
  endfacet
  facet normal -0 0 1
    outer loop
      vertex 34.1411 4.53916 6.9
      vertex 34.909 4.43558 6.9
      vertex 34.2353 4.75568 6.9
    endloop
  endfacet
  facet normal 0 0 1
    outer loop
      vertex 34.7853 3.7616 6.9
      vertex 34.0199 3.7616 6.9
      vertex 34.0334 3.47991 6.9
    endloop
  endfacet
  facet normal 0 0 1
    outer loop
      vertex 34.909 4.43558 6.9
      vertex 34.1411 4.53916 6.9
      vertex 34.8549 4.28888 6.9
    endloop
  endfacet
  facet normal 0 0 1
    outer loop
      vertex 34.7853 3.7616 6.9
      vertex 34.0334 3.47991 6.9
      vertex 34.0739 3.21887 6.9
    endloop
  endfacet
  facet normal -0 0 1
    outer loop
      vertex 34.0738 4.3013 6.9
      vertex 34.8549 4.28888 6.9
      vertex 34.1411 4.53916 6.9
    endloop
  endfacet
  facet normal 0 0 1
    outer loop
      vertex 34.7853 3.7616 6.9
      vertex 34.0739 3.21887 6.9
      vertex 34.1414 2.97855 6.9
    endloop
  endfacet
  facet normal 0 0 1
    outer loop
      vertex 34.8549 4.28888 6.9
      vertex 34.0738 4.3013 6.9
      vertex 34.8162 4.12766 6.9
    endloop
  endfacet
  facet normal 0 0 1
    outer loop
      vertex 34.7853 3.7616 6.9
      vertex 34.5057 2.38169 6.9
      vertex 34.6779 2.22776 6.9
    endloop
  endfacet
  facet normal 0 0 1
    outer loop
      vertex 34.0334 4.04212 6.9
      vertex 34.8162 4.12766 6.9
      vertex 34.0738 4.3013 6.9
    endloop
  endfacet
  facet normal 0 0 1
    outer loop
      vertex 34.7853 3.7616 6.9
      vertex 34.2358 2.7589 6.9
      vertex 34.3573 2.55995 6.9
    endloop
  endfacet
  facet normal 0 0 1
    outer loop
      vertex 34.8162 4.12766 6.9
      vertex 34.0334 4.04212 6.9
      vertex 34.793 3.95189 6.9
    endloop
  endfacet
  facet normal 0 0 1
    outer loop
      vertex 34.7853 3.7616 6.9
      vertex 34.1414 2.97855 6.9
      vertex 34.2358 2.7589 6.9
    endloop
  endfacet
  facet normal 0 0 1
    outer loop
      vertex 34.793 3.95189 6.9
      vertex 34.0334 4.04212 6.9
      vertex 34.0199 3.7616 6.9
    endloop
  endfacet
  facet normal 0 0 1
    outer loop
      vertex 34.7853 3.7616 6.9
      vertex 34.3573 2.55995 6.9
      vertex 34.5057 2.38169 6.9
    endloop
  endfacet
  facet normal -0 0 1
    outer loop
      vertex 36.7188 2.93021 6.9
      vertex 37.3825 2.62653 6.9
      vertex 36.7881 3.06528 6.9
    endloop
  endfacet
  facet normal 0 0 1
    outer loop
      vertex 37.3825 2.62653 6.9
      vertex 36.7188 2.93021 6.9
      vertex 37.2917 2.49994 6.9
    endloop
  endfacet
  facet normal 0 0 1
    outer loop
      vertex 37.2917 2.49994 6.9
      vertex 36.7188 2.93021 6.9
      vertex 37.1901 2.38459 6.9
    endloop
  endfacet
  facet normal -0 0 1
    outer loop
      vertex 36.6342 2.81075 6.9
      vertex 37.1901 2.38459 6.9
      vertex 36.7188 2.93021 6.9
    endloop
  endfacet
  facet normal 0 0 1
    outer loop
      vertex 37.1901 2.38459 6.9
      vertex 36.6342 2.81075 6.9
      vertex 37.0778 2.28047 6.9
    endloop
  endfacet
  facet normal -0 0 1
    outer loop
      vertex 36.5353 2.70838 6.9
      vertex 37.0778 2.28047 6.9
      vertex 36.6342 2.81075 6.9
    endloop
  endfacet
  facet normal 0 0 1
    outer loop
      vertex 37.0778 2.28047 6.9
      vertex 36.5353 2.70838 6.9
      vertex 36.9548 2.18759 6.9
    endloop
  endfacet
  facet normal 0 0 1
    outer loop
      vertex 36.9548 2.18759 6.9
      vertex 36.5353 2.70838 6.9
      vertex 36.821 2.10596 6.9
    endloop
  endfacet
  facet normal -0 0 1
    outer loop
      vertex 36.4236 2.62462 6.9
      vertex 36.821 2.10596 6.9
      vertex 36.5353 2.70838 6.9
    endloop
  endfacet
  facet normal 0 0 1
    outer loop
      vertex 36.821 2.10596 6.9
      vertex 36.4236 2.62462 6.9
      vertex 36.678 2.03627 6.9
    endloop
  endfacet
  facet normal -0 0 1
    outer loop
      vertex 36.2989 2.55948 6.9
      vertex 36.678 2.03627 6.9
      vertex 36.4236 2.62462 6.9
    endloop
  endfacet
  facet normal 0 0 1
    outer loop
      vertex 36.678 2.03627 6.9
      vertex 36.2989 2.55948 6.9
      vertex 36.5272 1.97927 6.9
    endloop
  endfacet
  facet normal 0 0 1
    outer loop
      vertex 36.5272 1.97927 6.9
      vertex 36.2989 2.55948 6.9
      vertex 36.3688 1.93492 6.9
    endloop
  endfacet
  facet normal -0 0 1
    outer loop
      vertex 36.1612 2.51296 6.9
      vertex 36.3688 1.93492 6.9
      vertex 36.2989 2.55948 6.9
    endloop
  endfacet
  facet normal 0 0 1
    outer loop
      vertex 36.3688 1.93492 6.9
      vertex 36.1612 2.51296 6.9
      vertex 36.2025 1.90325 6.9
    endloop
  endfacet
  facet normal -0 0 1
    outer loop
      vertex 36.0105 2.48503 6.9
      vertex 36.2025 1.90325 6.9
      vertex 36.1612 2.51296 6.9
    endloop
  endfacet
  facet normal 0 0 1
    outer loop
      vertex 36.2025 1.90325 6.9
      vertex 36.0105 2.48503 6.9
      vertex 36.0286 1.88425 6.9
    endloop
  endfacet
  facet normal -0 0 1
    outer loop
      vertex 35.8469 2.47573 6.9
      vertex 36.0286 1.88425 6.9
      vertex 36.0105 2.48503 6.9
    endloop
  endfacet
  facet normal 0 0 1
    outer loop
      vertex 35.8469 2.47573 6.9
      vertex 35.8469 1.87792 6.9
      vertex 36.0286 1.88425 6.9
    endloop
  endfacet
  facet normal 0 0 1
    outer loop
      vertex 35.6886 2.48529 6.9
      vertex 35.8469 1.87792 6.9
      vertex 35.8469 2.47573 6.9
    endloop
  endfacet
  facet normal 0 0 1
    outer loop
      vertex 35.6886 2.48529 6.9
      vertex 35.572 1.89191 6.9
      vertex 35.8469 1.87792 6.9
    endloop
  endfacet
  facet normal 0 0 1
    outer loop
      vertex 35.5419 2.51395 6.9
      vertex 35.572 1.89191 6.9
      vertex 35.6886 2.48529 6.9
    endloop
  endfacet
  facet normal 0 0 1
    outer loop
      vertex 35.3177 1.93389 6.9
      vertex 35.5419 2.51395 6.9
      vertex 35.4066 2.56174 6.9
    endloop
  endfacet
  facet normal 0 0 1
    outer loop
      vertex 35.5419 2.51395 6.9
      vertex 35.3177 1.93389 6.9
      vertex 35.572 1.89191 6.9
    endloop
  endfacet
  facet normal 0 0 1
    outer loop
      vertex 35.0839 2.00386 6.9
      vertex 35.4066 2.56174 6.9
      vertex 35.2829 2.62863 6.9
    endloop
  endfacet
  facet normal 0 0 1
    outer loop
      vertex 34.8706 2.10181 6.9
      vertex 35.2829 2.62863 6.9
      vertex 35.1707 2.71463 6.9
    endloop
  endfacet
  facet normal 0 0 1
    outer loop
      vertex 35.4066 2.56174 6.9
      vertex 35.0839 2.00386 6.9
      vertex 35.3177 1.93389 6.9
    endloop
  endfacet
  facet normal 0 0 1
    outer loop
      vertex 34.6779 2.22776 6.9
      vertex 35.1707 2.71463 6.9
      vertex 35.07 2.81975 6.9
    endloop
  endfacet
  facet normal 0 0 1
    outer loop
      vertex 34.6779 2.22776 6.9
      vertex 35.07 2.81975 6.9
      vertex 34.983 2.94147 6.9
    endloop
  endfacet
  facet normal 0 0 1
    outer loop
      vertex 34.6779 2.22776 6.9
      vertex 34.983 2.94147 6.9
      vertex 34.9118 3.07729 6.9
    endloop
  endfacet
  facet normal 0 0 1
    outer loop
      vertex 35.2829 2.62863 6.9
      vertex 34.8706 2.10181 6.9
      vertex 35.0839 2.00386 6.9
    endloop
  endfacet
  facet normal 0 0 1
    outer loop
      vertex 34.6779 2.22776 6.9
      vertex 34.9118 3.07729 6.9
      vertex 34.8565 3.22722 6.9
    endloop
  endfacet
  facet normal 0 0 1
    outer loop
      vertex 34.6779 2.22776 6.9
      vertex 34.8565 3.22722 6.9
      vertex 34.8169 3.39125 6.9
    endloop
  endfacet
  facet normal 0 0 1
    outer loop
      vertex 34.6779 2.22776 6.9
      vertex 34.8169 3.39125 6.9
      vertex 34.7932 3.56938 6.9
    endloop
  endfacet
  facet normal 0 0 1
    outer loop
      vertex 35.1707 2.71463 6.9
      vertex 34.6779 2.22776 6.9
      vertex 34.8706 2.10181 6.9
    endloop
  endfacet
  facet normal 0 0 1
    outer loop
      vertex 34.6779 2.22776 6.9
      vertex 34.7932 3.56938 6.9
      vertex 34.7853 3.7616 6.9
    endloop
  endfacet
  facet normal 0 0 1
    outer loop
      vertex 42.3313 4.64803 6.9
      vertex 41.5935 4.62989 6.9
      vertex 41.5969 4.55785 6.9
    endloop
  endfacet
  facet normal 0 0 1
    outer loop
      vertex 41.769 5.5004 6.9
      vertex 41.5831 4.69657 6.9
      vertex 41.5935 4.62989 6.9
    endloop
  endfacet
  facet normal 0 0 1
    outer loop
      vertex 41.769 5.5004 6.9
      vertex 41.5657 4.75786 6.9
      vertex 41.5831 4.69657 6.9
    endloop
  endfacet
  facet normal 0 0 1
    outer loop
      vertex 41.769 5.5004 6.9
      vertex 41.5414 4.8138 6.9
      vertex 41.5657 4.75786 6.9
    endloop
  endfacet
  facet normal 0 0 1
    outer loop
      vertex 41.769 5.5004 6.9
      vertex 41.5102 4.86437 6.9
      vertex 41.5414 4.8138 6.9
    endloop
  endfacet
  facet normal 0 0 1
    outer loop
      vertex 41.3759 4.98046 6.9
      vertex 41.6275 5.55027 6.9
      vertex 41.4722 5.58588 6.9
    endloop
  endfacet
  facet normal 0 0 1
    outer loop
      vertex 41.769 5.5004 6.9
      vertex 41.472 4.90958 6.9
      vertex 41.5102 4.86437 6.9
    endloop
  endfacet
  facet normal 0 0 1
    outer loop
      vertex 41.769 5.5004 6.9
      vertex 41.4271 4.94857 6.9
      vertex 41.472 4.90958 6.9
    endloop
  endfacet
  facet normal 0 0 1
    outer loop
      vertex 41.6275 5.55027 6.9
      vertex 41.3759 4.98046 6.9
      vertex 41.4271 4.94857 6.9
    endloop
  endfacet
  facet normal 0 0 1
    outer loop
      vertex 41.4722 5.58588 6.9
      vertex 41.3183 5.00525 6.9
      vertex 41.3759 4.98046 6.9
    endloop
  endfacet
  facet normal 0 0 1
    outer loop
      vertex 41.2544 5.02297 6.9
      vertex 41.4722 5.58588 6.9
      vertex 41.3031 5.60724 6.9
    endloop
  endfacet
  facet normal 0 0 1
    outer loop
      vertex 41.4722 5.58588 6.9
      vertex 41.2544 5.02297 6.9
      vertex 41.3183 5.00525 6.9
    endloop
  endfacet
  facet normal 0 0 1
    outer loop
      vertex 41.3031 5.60724 6.9
      vertex 41.184 5.0336 6.9
      vertex 41.2544 5.02297 6.9
    endloop
  endfacet
  facet normal 0 0 1
    outer loop
      vertex 41.1202 5.61437 6.9
      vertex 41.184 5.0336 6.9
      vertex 41.3031 5.60724 6.9
    endloop
  endfacet
  facet normal 0 0 1
    outer loop
      vertex 41.1202 5.61437 6.9
      vertex 41.1073 5.03714 6.9
      vertex 41.184 5.0336 6.9
    endloop
  endfacet
  facet normal 0 0 1
    outer loop
      vertex 41.1202 5.61437 6.9
      vertex 41.035 5.03371 6.9
      vertex 41.1073 5.03714 6.9
    endloop
  endfacet
  facet normal -0 0 1
    outer loop
      vertex 40.9472 5.607 6.9
      vertex 41.035 5.03371 6.9
      vertex 41.1202 5.61437 6.9
    endloop
  endfacet
  facet normal 0 0 1
    outer loop
      vertex 41.035 5.03371 6.9
      vertex 40.9472 5.607 6.9
      vertex 40.9674 5.02341 6.9
    endloop
  endfacet
  facet normal -0 0 1
    outer loop
      vertex 40.7855 5.58487 6.9
      vertex 40.9674 5.02341 6.9
      vertex 40.9472 5.607 6.9
    endloop
  endfacet
  facet normal 0 0 1
    outer loop
      vertex 40.9674 5.02341 6.9
      vertex 40.7855 5.58487 6.9
      vertex 40.9047 5.00623 6.9
    endloop
  endfacet
  facet normal -0 0 1
    outer loop
      vertex 40.6351 5.54801 6.9
      vertex 40.9047 5.00623 6.9
      vertex 40.7855 5.58487 6.9
    endloop
  endfacet
  facet normal 0 0 1
    outer loop
      vertex 40.9047 5.00623 6.9
      vertex 40.6351 5.54801 6.9
      vertex 40.8467 4.98217 6.9
    endloop
  endfacet
  facet normal -0 0 1
    outer loop
      vertex 40.496 5.4964 6.9
      vertex 40.8467 4.98217 6.9
      vertex 40.6351 5.54801 6.9
    endloop
  endfacet
  facet normal 0 0 1
    outer loop
      vertex 40.8467 4.98217 6.9
      vertex 40.496 5.4964 6.9
      vertex 40.7936 4.95125 6.9
    endloop
  endfacet
  facet normal -0 0 1
    outer loop
      vertex 40.3682 5.43004 6.9
      vertex 40.7936 4.95125 6.9
      vertex 40.496 5.4964 6.9
    endloop
  endfacet
  facet normal 0 0 1
    outer loop
      vertex 40.7936 4.95125 6.9
      vertex 40.3682 5.43004 6.9
      vertex 40.7452 4.91346 6.9
    endloop
  endfacet
  facet normal -0 0 1
    outer loop
      vertex 40.2518 5.34894 6.9
      vertex 40.7452 4.91346 6.9
      vertex 40.3682 5.43004 6.9
    endloop
  endfacet
  facet normal 0 0 1
    outer loop
      vertex 40.7452 4.91346 6.9
      vertex 40.2518 5.34894 6.9
      vertex 40.7026 4.86936 6.9
    endloop
  endfacet
  facet normal -0 0 1
    outer loop
      vertex 40.1486 5.25481 6.9
      vertex 40.7026 4.86936 6.9
      vertex 40.2518 5.34894 6.9
    endloop
  endfacet
  facet normal 0 0 1
    outer loop
      vertex 40.7026 4.86936 6.9
      vertex 40.1486 5.25481 6.9
      vertex 40.6664 4.81954 6.9
    endloop
  endfacet
  facet normal -0 0 1
    outer loop
      vertex 40.0608 5.14939 6.9
      vertex 40.6664 4.81954 6.9
      vertex 40.1486 5.25481 6.9
    endloop
  endfacet
  facet normal 0 0 1
    outer loop
      vertex 40.6664 4.81954 6.9
      vertex 40.0608 5.14939 6.9
      vertex 40.6367 4.764 6.9
    endloop
  endfacet
  facet normal -0 0 1
    outer loop
      vertex 39.9883 5.03264 6.9
      vertex 40.6367 4.764 6.9
      vertex 40.0608 5.14939 6.9
    endloop
  endfacet
  facet normal 0 0 1
    outer loop
      vertex 40.6367 4.764 6.9
      vertex 39.9883 5.03264 6.9
      vertex 40.6136 4.70272 6.9
    endloop
  endfacet
  facet normal -0 0 1
    outer loop
      vertex 39.9311 4.90459 6.9
      vertex 40.6136 4.70272 6.9
      vertex 39.9883 5.03264 6.9
    endloop
  endfacet
  facet normal 0 0 1
    outer loop
      vertex 40.6136 4.70272 6.9
      vertex 39.9311 4.90459 6.9
      vertex 40.5969 4.63571 6.9
    endloop
  endfacet
  facet normal -0 0 1
    outer loop
      vertex 39.8893 4.76523 6.9
      vertex 40.5969 4.63571 6.9
      vertex 39.9311 4.90459 6.9
    endloop
  endfacet
  facet normal 0 0 1
    outer loop
      vertex 40.5969 4.63571 6.9
      vertex 39.8893 4.76523 6.9
      vertex 40.5868 4.56298 6.9
    endloop
  endfacet
  facet normal 0 0 1
    outer loop
      vertex 40.5868 4.56298 6.9
      vertex 39.8893 4.76523 6.9
      vertex 39.8627 4.61455 6.9
    endloop
  endfacet
  facet normal 0 0 1
    outer loop
      vertex 41.5935 4.62989 6.9
      vertex 42.3313 4.64803 6.9
      vertex 42.3224 4.79372 6.9
    endloop
  endfacet
  facet normal 0 0 1
    outer loop
      vertex 42.3313 4.64803 6.9
      vertex 41.5969 4.55785 6.9
      vertex 42.3258 4.53801 6.9
    endloop
  endfacet
  facet normal 0 0 1
    outer loop
      vertex 41.5935 4.62989 6.9
      vertex 42.3224 4.79372 6.9
      vertex 42.2957 4.92847 6.9
    endloop
  endfacet
  facet normal 0 0 1
    outer loop
      vertex 42.3258 4.53801 6.9
      vertex 41.5969 4.55785 6.9
      vertex 42.3091 4.43473 6.9
    endloop
  endfacet
  facet normal 0 0 1
    outer loop
      vertex 41.5935 4.62989 6.9
      vertex 42.2957 4.92847 6.9
      vertex 42.2511 5.05226 6.9
    endloop
  endfacet
  facet normal -0 0 1
    outer loop
      vertex 41.5926 4.48186 6.9
      vertex 42.3091 4.43473 6.9
      vertex 41.5969 4.55785 6.9
    endloop
  endfacet
  facet normal 0 0 1
    outer loop
      vertex 42.3091 4.43473 6.9
      vertex 41.5926 4.48186 6.9
      vertex 42.2814 4.33817 6.9
    endloop
  endfacet
  facet normal 0 0 1
    outer loop
      vertex 41.5935 4.62989 6.9
      vertex 42.2511 5.05226 6.9
      vertex 42.1887 5.16512 6.9
    endloop
  endfacet
  facet normal 0 0 1
    outer loop
      vertex 42.2814 4.33817 6.9
      vertex 41.5926 4.48186 6.9
      vertex 42.2426 4.24834 6.9
    endloop
  endfacet
  facet normal 0 0 1
    outer loop
      vertex 41.5935 4.62989 6.9
      vertex 42.1887 5.16512 6.9
      vertex 42.1085 5.267 6.9
    endloop
  endfacet
  facet normal 0 0 1
    outer loop
      vertex 42.2426 4.24834 6.9
      vertex 41.5926 4.48186 6.9
      vertex 42.1926 4.16523 6.9
    endloop
  endfacet
  facet normal 0 0 1
    outer loop
      vertex 41.5935 4.62989 6.9
      vertex 42.1085 5.267 6.9
      vertex 42.0105 5.35794 6.9
    endloop
  endfacet
  facet normal -0 0 1
    outer loop
      vertex 41.5795 4.41196 6.9
      vertex 42.1926 4.16523 6.9
      vertex 41.5926 4.48186 6.9
    endloop
  endfacet
  facet normal 0 0 1
    outer loop
      vertex 41.5935 4.62989 6.9
      vertex 42.0105 5.35794 6.9
      vertex 41.8967 5.4363 6.9
    endloop
  endfacet
  facet normal 0 0 1
    outer loop
      vertex 42.1926 4.16523 6.9
      vertex 41.5795 4.41196 6.9
      vertex 42.1316 4.08885 6.9
    endloop
  endfacet
  facet normal 0 0 1
    outer loop
      vertex 42.1316 4.08885 6.9
      vertex 41.5795 4.41196 6.9
      vertex 42.0601 4.01993 6.9
    endloop
  endfacet
  facet normal 0 0 1
    outer loop
      vertex 41.5935 4.62989 6.9
      vertex 41.8967 5.4363 6.9
      vertex 41.769 5.5004 6.9
    endloop
  endfacet
  facet normal -0 0 1
    outer loop
      vertex 41.5576 4.34815 6.9
      vertex 42.0601 4.01993 6.9
      vertex 41.5795 4.41196 6.9
    endloop
  endfacet
  facet normal 0 0 1
    outer loop
      vertex 41.4271 4.94857 6.9
      vertex 41.769 5.5004 6.9
      vertex 41.6275 5.55027 6.9
    endloop
  endfacet
  facet normal 0 0 1
    outer loop
      vertex 42.0601 4.01993 6.9
      vertex 41.5576 4.34815 6.9
      vertex 41.9789 3.95916 6.9
    endloop
  endfacet
  facet normal -0 0 1
    outer loop
      vertex 41.5271 4.29042 6.9
      vertex 41.9789 3.95916 6.9
      vertex 41.5576 4.34815 6.9
    endloop
  endfacet
  facet normal 0 0 1
    outer loop
      vertex 41.9789 3.95916 6.9
      vertex 41.5271 4.29042 6.9
      vertex 41.8878 3.90654 6.9
    endloop
  endfacet
  facet normal 0 0 1
    outer loop
      vertex 41.8878 3.90654 6.9
      vertex 41.5271 4.29042 6.9
      vertex 41.7869 3.86209 6.9
    endloop
  endfacet
  facet normal -0 0 1
    outer loop
      vertex 41.4878 4.23877 6.9
      vertex 41.7869 3.86209 6.9
      vertex 41.5271 4.29042 6.9
    endloop
  endfacet
  facet normal -0 0 1
    outer loop
      vertex 41.4397 4.19321 6.9
      vertex 41.6762 3.82579 6.9
      vertex 41.4878 4.23877 6.9
    endloop
  endfacet
  facet normal 0 0 1
    outer loop
      vertex 41.7869 3.86209 6.9
      vertex 41.4878 4.23877 6.9
      vertex 41.6762 3.82579 6.9
    endloop
  endfacet
  facet normal -0 0 1
    outer loop
      vertex 41.682 2.98082 6.9
      vertex 42.4241 2.93701 6.9
      vertex 42.4178 3.05036 6.9
    endloop
  endfacet
  facet normal 0 0 1
    outer loop
      vertex 41.682 2.98082 6.9
      vertex 42.4178 3.05036 6.9
      vertex 42.399 3.15676 6.9
    endloop
  endfacet
  facet normal 0 0 1
    outer loop
      vertex 42.4241 2.93701 6.9
      vertex 41.682 2.98082 6.9
      vertex 41.6779 2.89615 6.9
    endloop
  endfacet
  facet normal 0 0 1
    outer loop
      vertex 41.6771 3.05841 6.9
      vertex 42.399 3.15676 6.9
      vertex 42.3677 3.2562 6.9
    endloop
  endfacet
  facet normal 0 0 1
    outer loop
      vertex 42.4241 2.93701 6.9
      vertex 41.6779 2.89615 6.9
      vertex 42.4148 2.77338 6.9
    endloop
  endfacet
  facet normal 0 0 1
    outer loop
      vertex 41.6771 3.05841 6.9
      vertex 42.3677 3.2562 6.9
      vertex 42.3239 3.34871 6.9
    endloop
  endfacet
  facet normal 0 0 1
    outer loop
      vertex 42.4148 2.77338 6.9
      vertex 41.6659 2.81905 6.9
      vertex 42.3869 2.62264 6.9
    endloop
  endfacet
  facet normal 0 0 1
    outer loop
      vertex 41.6625 3.1297 6.9
      vertex 42.3239 3.34871 6.9
      vertex 42.2675 3.43428 6.9
    endloop
  endfacet
  facet normal 0 0 1
    outer loop
      vertex 41.6625 3.1297 6.9
      vertex 42.2675 3.43428 6.9
      vertex 42.1986 3.51291 6.9
    endloop
  endfacet
  facet normal -0 0 1
    outer loop
      vertex 41.6659 2.81905 6.9
      vertex 42.4148 2.77338 6.9
      vertex 41.6779 2.89615 6.9
    endloop
  endfacet
  facet normal 0 0 1
    outer loop
      vertex 41.6381 3.19469 6.9
      vertex 42.1986 3.51291 6.9
      vertex 42.1181 3.58316 6.9
    endloop
  endfacet
  facet normal -0 0 1
    outer loop
      vertex 41.6459 2.74955 6.9
      vertex 42.3869 2.62264 6.9
      vertex 41.6659 2.81905 6.9
    endloop
  endfacet
  facet normal 0 0 1
    outer loop
      vertex 41.6381 3.19469 6.9
      vertex 42.1181 3.58316 6.9
      vertex 42.027 3.64362 6.9
    endloop
  endfacet
  facet normal 0 0 1
    outer loop
      vertex 42.3869 2.62264 6.9
      vertex 41.6459 2.74955 6.9
      vertex 42.3403 2.48477 6.9
    endloop
  endfacet
  facet normal 0 0 1
    outer loop
      vertex 41.6041 3.25338 6.9
      vertex 42.027 3.64362 6.9
      vertex 41.9251 3.69426 6.9
    endloop
  endfacet
  facet normal 0 0 1
    outer loop
      vertex 42.3403 2.48477 6.9
      vertex 41.6459 2.74955 6.9
      vertex 42.2752 2.35979 6.9
    endloop
  endfacet
  facet normal 0 0 1
    outer loop
      vertex 41.5603 3.30577 6.9
      vertex 41.9251 3.69426 6.9
      vertex 41.8127 3.7351 6.9
    endloop
  endfacet
  facet normal 0 0 1
    outer loop
      vertex 41.5067 3.35186 6.9
      vertex 41.8127 3.7351 6.9
      vertex 41.6895 3.76613 6.9
    endloop
  endfacet
  facet normal -0 0 1
    outer loop
      vertex 41.6178 2.68762 6.9
      vertex 42.2752 2.35979 6.9
      vertex 41.6459 2.74955 6.9
    endloop
  endfacet
  facet normal 0 0 1
    outer loop
      vertex 42.2752 2.35979 6.9
      vertex 41.6178 2.68762 6.9
      vertex 42.1914 2.24768 6.9
    endloop
  endfacet
  facet normal 0 0 1
    outer loop
      vertex 42.399 3.15676 6.9
      vertex 41.6771 3.05841 6.9
      vertex 41.682 2.98082 6.9
    endloop
  endfacet
  facet normal 0 0 1
    outer loop
      vertex 42.3239 3.34871 6.9
      vertex 41.6625 3.1297 6.9
      vertex 41.6771 3.05841 6.9
    endloop
  endfacet
  facet normal 0 0 1
    outer loop
      vertex 42.1986 3.51291 6.9
      vertex 41.6381 3.19469 6.9
      vertex 41.6625 3.1297 6.9
    endloop
  endfacet
  facet normal 0 0 1
    outer loop
      vertex 42.027 3.64362 6.9
      vertex 41.6041 3.25338 6.9
      vertex 41.6381 3.19469 6.9
    endloop
  endfacet
  facet normal 0 0 1
    outer loop
      vertex 41.9251 3.69426 6.9
      vertex 41.5603 3.30577 6.9
      vertex 41.6041 3.25338 6.9
    endloop
  endfacet
  facet normal 0 0 1
    outer loop
      vertex 41.4436 3.39124 6.9
      vertex 41.6895 3.76613 6.9
      vertex 41.5557 3.78736 6.9
    endloop
  endfacet
  facet normal 0 0 1
    outer loop
      vertex 41.6762 3.82579 6.9
      vertex 41.4397 4.19321 6.9
      vertex 41.5557 3.79766 6.9
    endloop
  endfacet
  facet normal -0 0 1
    outer loop
      vertex 41.383 4.15424 6.9
      vertex 41.5557 3.79766 6.9
      vertex 41.4397 4.19321 6.9
    endloop
  endfacet
  facet normal 0 0 1
    outer loop
      vertex 41.8127 3.7351 6.9
      vertex 41.5067 3.35186 6.9
      vertex 41.5603 3.30577 6.9
    endloop
  endfacet
  facet normal -0 0 1
    outer loop
      vertex 41.3178 4.12235 6.9
      vertex 41.5557 3.79766 6.9
      vertex 41.383 4.15424 6.9
    endloop
  endfacet
  facet normal 0 0 1
    outer loop
      vertex 41.6895 3.76613 6.9
      vertex 41.4436 3.39124 6.9
      vertex 41.5067 3.35186 6.9
    endloop
  endfacet
  facet normal -0 0 1
    outer loop
      vertex 41.2439 4.09755 6.9
      vertex 41.5557 3.79766 6.9
      vertex 41.3178 4.12235 6.9
    endloop
  endfacet
  facet normal 0 0 1
    outer loop
      vertex 41.5557 3.78736 6.9
      vertex 41.371 3.42345 6.9
      vertex 41.4436 3.39124 6.9
    endloop
  endfacet
  facet normal -0 0 1
    outer loop
      vertex 41.1614 4.07985 6.9
      vertex 41.5557 3.79766 6.9
      vertex 41.2439 4.09755 6.9
    endloop
  endfacet
  facet normal 0 0 1
    outer loop
      vertex 41.5557 3.78736 6.9
      vertex 41.289 3.4485 6.9
      vertex 41.371 3.42345 6.9
    endloop
  endfacet
  facet normal 0 0 1
    outer loop
      vertex 41.5557 3.79766 6.9
      vertex 41.1614 4.07985 6.9
      vertex 41.5557 3.78736 6.9
    endloop
  endfacet
  facet normal 0 0 1
    outer loop
      vertex 41.5557 3.78736 6.9
      vertex 41.1975 3.4664 6.9
      vertex 41.289 3.4485 6.9
    endloop
  endfacet
  facet normal 0 0 1
    outer loop
      vertex 41.5557 3.78736 6.9
      vertex 41.1614 4.07985 6.9
      vertex 41.1975 3.4664 6.9
    endloop
  endfacet
  facet normal 0 0 1
    outer loop
      vertex 41.1614 4.07985 6.9
      vertex 41.0966 3.47715 6.9
      vertex 41.1975 3.4664 6.9
    endloop
  endfacet
  facet normal -0 0 1
    outer loop
      vertex 41.0704 4.06922 6.9
      vertex 41.0966 3.47715 6.9
      vertex 41.1614 4.07985 6.9
    endloop
  endfacet
  facet normal 0 0 1
    outer loop
      vertex 41.0704 4.06922 6.9
      vertex 40.9862 3.48072 6.9
      vertex 41.0966 3.47715 6.9
    endloop
  endfacet
  facet normal -0 0 1
    outer loop
      vertex 40.9707 4.06568 6.9
      vertex 40.9862 3.48072 6.9
      vertex 41.0704 4.06922 6.9
    endloop
  endfacet
  facet normal 0 0 1
    outer loop
      vertex 40.7337 3.48072 6.9
      vertex 40.9707 4.06568 6.9
      vertex 40.7337 4.06568 6.9
    endloop
  endfacet
  facet normal 0 0 1
    outer loop
      vertex 40.9707 4.06568 6.9
      vertex 40.7337 3.48072 6.9
      vertex 40.9862 3.48072 6.9
    endloop
  endfacet
  facet normal -0 0 1
    outer loop
      vertex 41.5817 2.63329 6.9
      vertex 42.1914 2.24768 6.9
      vertex 41.6178 2.68762 6.9
    endloop
  endfacet
  facet normal 0 0 1
    outer loop
      vertex 42.1914 2.24768 6.9
      vertex 41.5817 2.63329 6.9
      vertex 42.0891 2.14847 6.9
    endloop
  endfacet
  facet normal 0 0 1
    outer loop
      vertex 42.0891 2.14847 6.9
      vertex 41.5817 2.63329 6.9
      vertex 41.9696 2.06343 6.9
    endloop
  endfacet
  facet normal -0 0 1
    outer loop
      vertex 41.5376 2.58654 6.9
      vertex 41.9696 2.06343 6.9
      vertex 41.5817 2.63329 6.9
    endloop
  endfacet
  facet normal 0 0 1
    outer loop
      vertex 41.9696 2.06343 6.9
      vertex 41.5376 2.58654 6.9
      vertex 41.8343 1.99385 6.9
    endloop
  endfacet
  facet normal -0 0 1
    outer loop
      vertex 41.4863 2.54718 6.9
      vertex 41.8343 1.99385 6.9
      vertex 41.5376 2.58654 6.9
    endloop
  endfacet
  facet normal 0 0 1
    outer loop
      vertex 41.8343 1.99385 6.9
      vertex 41.4863 2.54718 6.9
      vertex 41.6833 1.93975 6.9
    endloop
  endfacet
  facet normal -0 0 1
    outer loop
      vertex 41.4286 2.51497 6.9
      vertex 41.6833 1.93975 6.9
      vertex 41.4863 2.54718 6.9
    endloop
  endfacet
  facet normal 0 0 1
    outer loop
      vertex 41.6833 1.93975 6.9
      vertex 41.4286 2.51497 6.9
      vertex 41.5165 1.9011 6.9
    endloop
  endfacet
  facet normal -0 0 1
    outer loop
      vertex 41.3643 2.48993 6.9
      vertex 41.5165 1.9011 6.9
      vertex 41.4286 2.51497 6.9
    endloop
  endfacet
  facet normal -0 0 1
    outer loop
      vertex 41.2937 2.47203 6.9
      vertex 41.5165 1.9011 6.9
      vertex 41.3643 2.48993 6.9
    endloop
  endfacet
  facet normal 0 0 1
    outer loop
      vertex 41.5165 1.9011 6.9
      vertex 41.2937 2.47203 6.9
      vertex 41.3339 1.8779 6.9
    endloop
  endfacet
  facet normal -0 0 1
    outer loop
      vertex 41.2166 2.46131 6.9
      vertex 41.3339 1.8779 6.9
      vertex 41.2937 2.47203 6.9
    endloop
  endfacet
  facet normal 0 0 1
    outer loop
      vertex 41.2166 2.46131 6.9
      vertex 41.1357 1.87017 6.9
      vertex 41.3339 1.8779 6.9
    endloop
  endfacet
  facet normal -0 0 1
    outer loop
      vertex 41.1331 2.45772 6.9
      vertex 41.1357 1.87017 6.9
      vertex 41.2166 2.46131 6.9
    endloop
  endfacet
  facet normal 0 0 1
    outer loop
      vertex 40.9473 1.87764 6.9
      vertex 41.1331 2.45772 6.9
      vertex 40.9705 2.47225 6.9
    endloop
  endfacet
  facet normal 0 0 1
    outer loop
      vertex 41.1331 2.45772 6.9
      vertex 40.9473 1.87764 6.9
      vertex 41.1357 1.87017 6.9
    endloop
  endfacet
  facet normal 0 0 1
    outer loop
      vertex 40.7723 1.90009 6.9
      vertex 40.9705 2.47225 6.9
      vertex 40.8333 2.51584 6.9
    endloop
  endfacet
  facet normal 0 0 1
    outer loop
      vertex 40.9705 2.47225 6.9
      vertex 40.7723 1.90009 6.9
      vertex 40.9473 1.87764 6.9
    endloop
  endfacet
  facet normal 0 0 1
    outer loop
      vertex 40.4623 1.98984 6.9
      vertex 40.8333 2.51584 6.9
      vertex 40.7214 2.5885 6.9
    endloop
  endfacet
  facet normal 0 0 1
    outer loop
      vertex 40.2054 2.13944 6.9
      vertex 40.7214 2.5885 6.9
      vertex 40.6349 2.69022 6.9
    endloop
  endfacet
  facet normal 0 0 1
    outer loop
      vertex 40.8333 2.51584 6.9
      vertex 40.6106 1.93749 6.9
      vertex 40.7723 1.90009 6.9
    endloop
  endfacet
  facet normal 0 0 1
    outer loop
      vertex 39.9316 2.46833 6.9
      vertex 40.6349 2.69022 6.9
      vertex 40.5737 2.82099 6.9
    endloop
  endfacet
  facet normal 0 0 1
    outer loop
      vertex 39.8285 2.75379 6.9
      vertex 40.5737 2.82099 6.9
      vertex 40.5378 2.98082 6.9
    endloop
  endfacet
  facet normal 0 0 1
    outer loop
      vertex 40.8333 2.51584 6.9
      vertex 40.4623 1.98984 6.9
      vertex 40.6106 1.93749 6.9
    endloop
  endfacet
  facet normal 0 0 1
    outer loop
      vertex 40.7214 2.5885 6.9
      vertex 40.3272 2.05716 6.9
      vertex 40.4623 1.98984 6.9
    endloop
  endfacet
  facet normal 0 0 1
    outer loop
      vertex 40.7214 2.5885 6.9
      vertex 40.2054 2.13944 6.9
      vertex 40.3272 2.05716 6.9
    endloop
  endfacet
  facet normal 0 0 1
    outer loop
      vertex 40.6349 2.69022 6.9
      vertex 40.0983 2.23583 6.9
      vertex 40.2054 2.13944 6.9
    endloop
  endfacet
  facet normal 0 0 1
    outer loop
      vertex 40.6349 2.69022 6.9
      vertex 40.007 2.34545 6.9
      vertex 40.0983 2.23583 6.9
    endloop
  endfacet
  facet normal 0 0 1
    outer loop
      vertex 40.6349 2.69022 6.9
      vertex 39.9316 2.46833 6.9
      vertex 40.007 2.34545 6.9
    endloop
  endfacet
  facet normal 0 0 1
    outer loop
      vertex 40.5737 2.82099 6.9
      vertex 39.8721 2.60443 6.9
      vertex 39.9316 2.46833 6.9
    endloop
  endfacet
  facet normal 0 0 1
    outer loop
      vertex 40.5737 2.82099 6.9
      vertex 39.8285 2.75379 6.9
      vertex 39.8721 2.60443 6.9
    endloop
  endfacet
  facet normal 0 -0 1
    outer loop
      vertex 39.8285 2.75379 6.9
      vertex 40.5378 2.98082 6.9
      vertex 39.8008 2.91638 6.9
    endloop
  endfacet
  facet normal 0 0 1
    outer loop
      vertex 25.6367 5.56026 6.9
      vertex 24.7915 4.96498 6.9
      vertex 25.6367 5.03199 6.9
    endloop
  endfacet
  facet normal -0 0 1
    outer loop
      vertex 23.0237 5.56026 6.9
      vertex 24.7915 4.96498 6.9
      vertex 25.6367 5.56026 6.9
    endloop
  endfacet
  facet normal 0 0 1
    outer loop
      vertex 24.7915 4.96498 6.9
      vertex 23.0237 5.56026 6.9
      vertex 23.0237 4.96498 6.9
    endloop
  endfacet
  facet normal -0 0 1
    outer loop
      vertex 24.7915 4.96498 6.9
      vertex 23.6731 2.52472 6.9
      vertex 25.6367 5.03199 6.9
    endloop
  endfacet
  facet normal 0 -0 1
    outer loop
      vertex 23.6731 2.52472 6.9
      vertex 24.7915 4.96498 6.9
      vertex 22.8279 2.46802 6.9
    endloop
  endfacet
  facet normal -0 0 1
    outer loop
      vertex 23.6731 2.52472 6.9
      vertex 25.7423 1.92945 6.9
      vertex 25.7423 2.52472 6.9
    endloop
  endfacet
  facet normal 0 0 1
    outer loop
      vertex 22.8279 1.92945 6.9
      vertex 23.6731 2.52472 6.9
      vertex 22.8279 2.46802 6.9
    endloop
  endfacet
  facet normal 0 0 1
    outer loop
      vertex 23.6731 2.52472 6.9
      vertex 22.8279 1.92945 6.9
      vertex 25.7423 1.92945 6.9
    endloop
  endfacet
  facet normal 0 0 1
    outer loop
      vertex 32.5409 4.44704 6.9
      vertex 33.3062 4.47797 6.9
      vertex 33.2964 4.64559 6.9
    endloop
  endfacet
  facet normal 0 0 1
    outer loop
      vertex 33.3062 4.47797 6.9
      vertex 32.5409 4.44704 6.9
      vertex 33.3002 4.35375 6.9
    endloop
  endfacet
  facet normal 0 0 1
    outer loop
      vertex 32.5222 4.60688 6.9
      vertex 33.2964 4.64559 6.9
      vertex 33.267 4.79965 6.9
    endloop
  endfacet
  facet normal -0 0 1
    outer loop
      vertex 32.5363 4.36351 6.9
      vertex 33.3002 4.35375 6.9
      vertex 32.5409 4.44704 6.9
    endloop
  endfacet
  facet normal 0 0 1
    outer loop
      vertex 32.5222 4.60688 6.9
      vertex 33.267 4.79965 6.9
      vertex 33.2179 4.9402 6.9
    endloop
  endfacet
  facet normal 0 0 1
    outer loop
      vertex 33.3002 4.35375 6.9
      vertex 32.5363 4.36351 6.9
      vertex 33.2822 4.23531 6.9
    endloop
  endfacet
  facet normal 0 0 1
    outer loop
      vertex 33.2822 4.23531 6.9
      vertex 32.5363 4.36351 6.9
      vertex 33.2521 4.12267 6.9
    endloop
  endfacet
  facet normal 0 0 1
    outer loop
      vertex 32.5222 4.60688 6.9
      vertex 33.2179 4.9402 6.9
      vertex 33.1493 5.06722 6.9
    endloop
  endfacet
  facet normal -0 0 1
    outer loop
      vertex 32.5225 4.28641 6.9
      vertex 33.2521 4.12267 6.9
      vertex 32.5363 4.36351 6.9
    endloop
  endfacet
  facet normal 0 0 1
    outer loop
      vertex 32.4664 4.73766 6.9
      vertex 33.1493 5.06722 6.9
      vertex 33.061 5.1807 6.9
    endloop
  endfacet
  facet normal 0 0 1
    outer loop
      vertex 33.2521 4.12267 6.9
      vertex 32.5225 4.28641 6.9
      vertex 33.21 4.01583 6.9
    endloop
  endfacet
  facet normal 0 0 1
    outer loop
      vertex 32.4664 4.73766 6.9
      vertex 33.061 5.1807 6.9
      vertex 32.9532 5.28064 6.9
    endloop
  endfacet
  facet normal 0 0 1
    outer loop
      vertex 33.21 4.01583 6.9
      vertex 32.5225 4.28641 6.9
      vertex 33.1559 3.91478 6.9
    endloop
  endfacet
  facet normal -0 0 1
    outer loop
      vertex 32.4996 4.21576 6.9
      vertex 33.1559 3.91478 6.9
      vertex 32.5225 4.28641 6.9
    endloop
  endfacet
  facet normal 0 0 1
    outer loop
      vertex 32.4664 4.73766 6.9
      vertex 32.9532 5.28064 6.9
      vertex 32.8272 5.36609 6.9
    endloop
  endfacet
  facet normal 0 0 1
    outer loop
      vertex 33.1559 3.91478 6.9
      vertex 32.4996 4.21576 6.9
      vertex 33.0897 3.81955 6.9
    endloop
  endfacet
  facet normal 0 0 1
    outer loop
      vertex 32.3734 4.83937 6.9
      vertex 32.8272 5.36609 6.9
      vertex 32.6849 5.43599 6.9
    endloop
  endfacet
  facet normal -0 0 1
    outer loop
      vertex 32.4676 4.15155 6.9
      vertex 33.0897 3.81955 6.9
      vertex 32.4996 4.21576 6.9
    endloop
  endfacet
  facet normal 0 0 1
    outer loop
      vertex 33.0897 3.81955 6.9
      vertex 32.4676 4.15155 6.9
      vertex 33.0134 3.73249 6.9
    endloop
  endfacet
  facet normal 0 0 1
    outer loop
      vertex 32.3734 4.83937 6.9
      vertex 32.6849 5.43599 6.9
      vertex 32.5261 5.49036 6.9
    endloop
  endfacet
  facet normal 0 0 1
    outer loop
      vertex 33.2964 4.64559 6.9
      vertex 32.5222 4.60688 6.9
      vertex 32.5409 4.44704 6.9
    endloop
  endfacet
  facet normal 0 0 1
    outer loop
      vertex 33.1493 5.06722 6.9
      vertex 32.4664 4.73766 6.9
      vertex 32.5222 4.60688 6.9
    endloop
  endfacet
  facet normal 0 0 1
    outer loop
      vertex 32.8272 5.36609 6.9
      vertex 32.3734 4.83937 6.9
      vertex 32.4664 4.73766 6.9
    endloop
  endfacet
  facet normal 0 0 1
    outer loop
      vertex 32.2431 4.91204 6.9
      vertex 32.5261 5.49036 6.9
      vertex 32.3507 5.52919 6.9
    endloop
  endfacet
  facet normal 0 0 1
    outer loop
      vertex 32.5261 5.49036 6.9
      vertex 32.2431 4.91204 6.9
      vertex 32.3734 4.83937 6.9
    endloop
  endfacet
  facet normal 0 0 1
    outer loop
      vertex 32.0756 4.95562 6.9
      vertex 32.3507 5.52919 6.9
      vertex 32.159 5.55249 6.9
    endloop
  endfacet
  facet normal 0 0 1
    outer loop
      vertex 32.3507 5.52919 6.9
      vertex 32.0756 4.95562 6.9
      vertex 32.2431 4.91204 6.9
    endloop
  endfacet
  facet normal 0 0 1
    outer loop
      vertex 31.9508 5.56026 6.9
      vertex 32.0756 4.95562 6.9
      vertex 32.159 5.55249 6.9
    endloop
  endfacet
  facet normal 0 0 1
    outer loop
      vertex 31.9508 5.56026 6.9
      vertex 31.8709 4.97016 6.9
      vertex 32.0756 4.95562 6.9
    endloop
  endfacet
  facet normal 0 0 1
    outer loop
      vertex 31.9508 5.56026 6.9
      vertex 30.8968 4.97016 6.9
      vertex 31.8709 4.97016 6.9
    endloop
  endfacet
  facet normal 0 0 1
    outer loop
      vertex 30.1366 5.56026 6.9
      vertex 30.8968 3.89817 6.9
      vertex 30.8968 4.97016 6.9
    endloop
  endfacet
  facet normal 0 0 1
    outer loop
      vertex 30.1366 1.92945 6.9
      vertex 30.8968 3.89817 6.9
      vertex 30.1366 5.56026 6.9
    endloop
  endfacet
  facet normal -0 0 1
    outer loop
      vertex 30.1366 5.56026 6.9
      vertex 30.8968 4.97016 6.9
      vertex 31.9508 5.56026 6.9
    endloop
  endfacet
  facet normal 0 0 1
    outer loop
      vertex 30.8968 3.89817 6.9
      vertex 30.1366 1.92945 6.9
      vertex 30.8968 3.30808 6.9
    endloop
  endfacet
  facet normal 0 0 1
    outer loop
      vertex 30.8968 3.30808 6.9
      vertex 30.1366 1.92945 6.9
      vertex 30.8968 1.92945 6.9
    endloop
  endfacet
  facet normal 0 0 1
    outer loop
      vertex 33.0134 3.73249 6.9
      vertex 32.4676 4.15155 6.9
      vertex 32.9285 3.65595 6.9
    endloop
  endfacet
  facet normal -0 0 1
    outer loop
      vertex 32.4263 4.09378 6.9
      vertex 32.9285 3.65595 6.9
      vertex 32.4676 4.15155 6.9
    endloop
  endfacet
  facet normal 0 0 1
    outer loop
      vertex 32.9285 3.65595 6.9
      vertex 32.4263 4.09378 6.9
      vertex 32.8353 3.58992 6.9
    endloop
  endfacet
  facet normal 0 0 1
    outer loop
      vertex 32.8353 3.58992 6.9
      vertex 32.4263 4.09378 6.9
      vertex 32.7336 3.53441 6.9
    endloop
  endfacet
  facet normal 0 0 1
    outer loop
      vertex 32.5048 3.45496 6.9
      vertex 32.6311 1.92945 6.9
      vertex 33.4866 1.92945 6.9
    endloop
  endfacet
  facet normal -0 0 1
    outer loop
      vertex 32.3759 4.04245 6.9
      vertex 32.7336 3.53441 6.9
      vertex 32.4263 4.09378 6.9
    endloop
  endfacet
  facet normal 0 0 1
    outer loop
      vertex 32.7336 3.53441 6.9
      vertex 32.3759 4.04245 6.9
      vertex 32.6234 3.48943 6.9
    endloop
  endfacet
  facet normal -0 0 1
    outer loop
      vertex 32.3167 3.99837 6.9
      vertex 32.6234 3.48943 6.9
      vertex 32.3759 4.04245 6.9
    endloop
  endfacet
  facet normal 0 0 1
    outer loop
      vertex 32.6234 3.48943 6.9
      vertex 32.3167 3.99837 6.9
      vertex 32.5048 3.45496 6.9
    endloop
  endfacet
  facet normal -0 0 1
    outer loop
      vertex 32.2488 3.9623 6.9
      vertex 32.5048 3.45496 6.9
      vertex 32.3167 3.99837 6.9
    endloop
  endfacet
  facet normal -0 0 1
    outer loop
      vertex 32.1724 3.93424 6.9
      vertex 32.5048 3.45496 6.9
      vertex 32.2488 3.9623 6.9
    endloop
  endfacet
  facet normal -0 0 1
    outer loop
      vertex 32.0873 3.9142 6.9
      vertex 32.5048 3.45496 6.9
      vertex 32.1724 3.93424 6.9
    endloop
  endfacet
  facet normal 0 0 1
    outer loop
      vertex 32.5048 3.45496 6.9
      vertex 32.0873 3.9142 6.9
      vertex 31.7884 3.30808 6.9
    endloop
  endfacet
  facet normal 0 0 1
    outer loop
      vertex 31.7884 3.30808 6.9
      vertex 32.0873 3.9142 6.9
      vertex 31.9937 3.90218 6.9
    endloop
  endfacet
  facet normal 0 0 1
    outer loop
      vertex 31.7884 3.30808 6.9
      vertex 31.9937 3.90218 6.9
      vertex 31.8915 3.89817 6.9
    endloop
  endfacet
  facet normal 0 0 1
    outer loop
      vertex 32.5048 3.45496 6.9
      vertex 31.7884 3.30808 6.9
      vertex 32.6311 1.92945 6.9
    endloop
  endfacet
  facet normal -0 0 1
    outer loop
      vertex 30.8968 3.89817 6.9
      vertex 31.7884 3.30808 6.9
      vertex 31.8915 3.89817 6.9
    endloop
  endfacet
  facet normal 0 0 1
    outer loop
      vertex 31.7884 3.30808 6.9
      vertex 30.8968 3.89817 6.9
      vertex 30.8968 3.30808 6.9
    endloop
  endfacet
  facet normal 0 0 1
    outer loop
      vertex 29.2791 5.56026 6.9
      vertex 27.1841 4.97274 6.9
      vertex 29.2791 4.97274 6.9
    endloop
  endfacet
  facet normal 0 0 1
    outer loop
      vertex 26.4239 5.56026 6.9
      vertex 27.1841 4.0605 6.9
      vertex 27.1841 4.97274 6.9
    endloop
  endfacet
  facet normal 0 0 1
    outer loop
      vertex 27.1841 4.0605 6.9
      vertex 26.4239 5.56026 6.9
      vertex 27.1841 3.47301 6.9
    endloop
  endfacet
  facet normal 0 0 1
    outer loop
      vertex 26.4239 1.92945 6.9
      vertex 27.1841 3.47301 6.9
      vertex 26.4239 5.56026 6.9
    endloop
  endfacet
  facet normal -0 0 1
    outer loop
      vertex 26.4239 5.56026 6.9
      vertex 27.1841 4.97274 6.9
      vertex 29.2791 5.56026 6.9
    endloop
  endfacet
  facet normal -0 0 1
    outer loop
      vertex 27.1841 4.0605 6.9
      vertex 29.1219 3.47301 6.9
      vertex 29.1219 4.0605 6.9
    endloop
  endfacet
  facet normal 0 0 1
    outer loop
      vertex 29.1219 3.47301 6.9
      vertex 27.1841 4.0605 6.9
      vertex 27.1841 3.47301 6.9
    endloop
  endfacet
  facet normal -0 0 1
    outer loop
      vertex 27.1841 2.51696 6.9
      vertex 29.3847 1.92945 6.9
      vertex 29.3847 2.51696 6.9
    endloop
  endfacet
  facet normal 0 0 1
    outer loop
      vertex 27.1841 2.51696 6.9
      vertex 26.4239 1.92945 6.9
      vertex 29.3847 1.92945 6.9
    endloop
  endfacet
  facet normal 0 0 1
    outer loop
      vertex 27.1841 3.47301 6.9
      vertex 26.4239 1.92945 6.9
      vertex 27.1841 2.51696 6.9
    endloop
  endfacet
  facet normal 0 0 1
    outer loop
      vertex 46.5429 3.54 6.9
      vertex 47.7514 5.56026 6.9
      vertex 46.9809 5.56026 6.9
    endloop
  endfacet
  facet normal 0 0 1
    outer loop
      vertex 47.7514 5.56026 6.9
      vertex 46.5429 3.54 6.9
      vertex 46.8134 1.92945 6.9
    endloop
  endfacet
  facet normal -0 0 1
    outer loop
      vertex 46.4063 2.94731 6.9
      vertex 46.8134 1.92945 6.9
      vertex 46.5429 3.54 6.9
    endloop
  endfacet
  facet normal -0 0 1
    outer loop
      vertex 46.3419 2.64841 6.9
      vertex 46.8134 1.92945 6.9
      vertex 46.4063 2.94731 6.9
    endloop
  endfacet
  facet normal 0 0 1
    outer loop
      vertex 45.9116 1.92945 6.9
      vertex 46.301 2.88747 6.9
      vertex 46.2643 3.09619 6.9
    endloop
  endfacet
  facet normal 0 0 1
    outer loop
      vertex 45.4194 4.02957 6.9
      vertex 46.2643 3.09619 6.9
      vertex 46.2317 3.27457 6.9
    endloop
  endfacet
  facet normal 0 0 1
    outer loop
      vertex 45.4194 4.02957 6.9
      vertex 46.2317 3.27457 6.9
      vertex 46.2033 3.4226 6.9
    endloop
  endfacet
  facet normal 0 0 1
    outer loop
      vertex 45.4194 4.02957 6.9
      vertex 46.2033 3.4226 6.9
      vertex 46.179 3.54027 6.9
    endloop
  endfacet
  facet normal 0 0 1
    outer loop
      vertex 45.4194 4.02957 6.9
      vertex 46.179 3.54027 6.9
      vertex 46.1589 3.62758 6.9
    endloop
  endfacet
  facet normal 0 0 1
    outer loop
      vertex 46.3419 2.64841 6.9
      vertex 45.9116 1.92945 6.9
      vertex 46.8134 1.92945 6.9
    endloop
  endfacet
  facet normal 0 0 1
    outer loop
      vertex 46.2643 3.09619 6.9
      vertex 45.4194 4.02957 6.9
      vertex 45.9116 1.92945 6.9
    endloop
  endfacet
  facet normal -0 0 1
    outer loop
      vertex 45.3117 4.53923 6.9
      vertex 46.1589 3.62758 6.9
      vertex 45.7002 5.56026 6.9
    endloop
  endfacet
  facet normal 0 0 1
    outer loop
      vertex 46.301 2.88747 6.9
      vertex 45.9116 1.92945 6.9
      vertex 46.3419 2.64841 6.9
    endloop
  endfacet
  facet normal 0 0 1
    outer loop
      vertex 46.1589 3.62758 6.9
      vertex 45.3901 4.15419 6.9
      vertex 45.4194 4.02957 6.9
    endloop
  endfacet
  facet normal 0 0 1
    outer loop
      vertex 46.1589 3.62758 6.9
      vertex 45.3624 4.28067 6.9
      vertex 45.3901 4.15419 6.9
    endloop
  endfacet
  facet normal 0 0 1
    outer loop
      vertex 46.1589 3.62758 6.9
      vertex 45.3363 4.40903 6.9
      vertex 45.3624 4.28067 6.9
    endloop
  endfacet
  facet normal 0 0 1
    outer loop
      vertex 46.1589 3.62758 6.9
      vertex 45.3117 4.53923 6.9
      vertex 45.3363 4.40903 6.9
    endloop
  endfacet
  facet normal 0 0 1
    outer loop
      vertex 45.7002 5.56026 6.9
      vertex 45.2887 4.6713 6.9
      vertex 45.3117 4.53923 6.9
    endloop
  endfacet
  facet normal 0 0 1
    outer loop
      vertex 45.7002 5.56026 6.9
      vertex 45.2673 4.80522 6.9
      vertex 45.2887 4.6713 6.9
    endloop
  endfacet
  facet normal 0 0 1
    outer loop
      vertex 44.7118 4.97011 6.9
      vertex 45.2474 4.69718 6.9
      vertex 45.2673 4.80522 6.9
    endloop
  endfacet
  facet normal 0 0 1
    outer loop
      vertex 45.2474 4.69718 6.9
      vertex 44.7118 4.97011 6.9
      vertex 45.2287 4.59807 6.9
    endloop
  endfacet
  facet normal 0 0 1
    outer loop
      vertex 44.5946 4.4675 6.9
      vertex 45.2287 4.59807 6.9
      vertex 44.7118 4.97011 6.9
    endloop
  endfacet
  facet normal 0 0 1
    outer loop
      vertex 45.2287 4.59807 6.9
      vertex 44.5946 4.4675 6.9
      vertex 45.2113 4.50791 6.9
    endloop
  endfacet
  facet normal 0 0 1
    outer loop
      vertex 45.1952 4.4267 6.9
      vertex 44.5946 4.4675 6.9
      vertex 45.1804 4.35443 6.9
    endloop
  endfacet
  facet normal 0 0 1
    outer loop
      vertex 45.1804 4.35443 6.9
      vertex 44.5946 4.4675 6.9
      vertex 45.1668 4.29113 6.9
    endloop
  endfacet
  facet normal 0 0 1
    outer loop
      vertex 45.1668 4.29113 6.9
      vertex 44.5946 4.4675 6.9
      vertex 45.1408 4.1765 6.9
    endloop
  endfacet
  facet normal 0 0 1
    outer loop
      vertex 44.4985 4.05245 6.9
      vertex 45.1408 4.1765 6.9
      vertex 44.5946 4.4675 6.9
    endloop
  endfacet
  facet normal 0 0 1
    outer loop
      vertex 45.1408 4.1765 6.9
      vertex 44.4985 4.05245 6.9
      vertex 45.0887 3.95027 6.9
    endloop
  endfacet
  facet normal -0 0 1
    outer loop
      vertex 44.8499 5.56026 6.9
      vertex 45.2673 4.80522 6.9
      vertex 45.7002 5.56026 6.9
    endloop
  endfacet
  facet normal -0 0 1
    outer loop
      vertex 44.7118 4.97011 6.9
      vertex 45.2673 4.80522 6.9
      vertex 44.8499 5.56026 6.9
    endloop
  endfacet
  facet normal 0 0 1
    outer loop
      vertex 45.2113 4.50791 6.9
      vertex 44.5946 4.4675 6.9
      vertex 45.1952 4.4267 6.9
    endloop
  endfacet
  facet normal 0 0 1
    outer loop
      vertex 45.0887 3.95027 6.9
      vertex 44.4985 4.05245 6.9
      vertex 45.0103 3.61246 6.9
    endloop
  endfacet
  facet normal -0 0 1
    outer loop
      vertex 44.4233 3.72493 6.9
      vertex 45.0103 3.61246 6.9
      vertex 44.4985 4.05245 6.9
    endloop
  endfacet
  facet normal 0 0 1
    outer loop
      vertex 44.369 3.48499 6.9
      vertex 45.0103 3.61246 6.9
      vertex 44.4233 3.72493 6.9
    endloop
  endfacet
  facet normal 0 0 1
    outer loop
      vertex 45.0103 3.61246 6.9
      vertex 44.369 3.48499 6.9
      vertex 44.9057 3.16306 6.9
    endloop
  endfacet
  facet normal -0 0 1
    outer loop
      vertex 44.3358 3.33255 6.9
      vertex 44.9057 3.16306 6.9
      vertex 44.369 3.48499 6.9
    endloop
  endfacet
  facet normal -0 0 1
    outer loop
      vertex 44.3129 3.22301 6.9
      vertex 44.9057 3.16306 6.9
      vertex 44.3358 3.33255 6.9
    endloop
  endfacet
  facet normal 0 0 1
    outer loop
      vertex 44.2898 3.11167 6.9
      vertex 44.9057 3.16306 6.9
      vertex 44.3129 3.22301 6.9
    endloop
  endfacet
  facet normal 0 0 1
    outer loop
      vertex 44.2665 2.99854 6.9
      vertex 44.9057 3.16306 6.9
      vertex 44.2898 3.11167 6.9
    endloop
  endfacet
  facet normal 0 0 1
    outer loop
      vertex 44.9057 3.16306 6.9
      vertex 44.2665 2.99854 6.9
      vertex 44.7749 2.60204 6.9
    endloop
  endfacet
  facet normal -0 0 1
    outer loop
      vertex 44.243 2.88362 6.9
      vertex 44.7749 2.60204 6.9
      vertex 44.2665 2.99854 6.9
    endloop
  endfacet
  facet normal -0 0 1
    outer loop
      vertex 44.2193 2.76691 6.9
      vertex 44.7749 2.60204 6.9
      vertex 44.243 2.88362 6.9
    endloop
  endfacet
  facet normal -0 0 1
    outer loop
      vertex 44.1954 2.64841 6.9
      vertex 44.7749 2.60204 6.9
      vertex 44.2193 2.76691 6.9
    endloop
  endfacet
  facet normal 0 0 1
    outer loop
      vertex 44.7749 2.60204 6.9
      vertex 44.1954 2.64841 6.9
      vertex 44.618 1.92945 6.9
    endloop
  endfacet
  facet normal 0 0 1
    outer loop
      vertex 44.1954 2.64841 6.9
      vertex 43.7161 1.92945 6.9
      vertex 44.618 1.92945 6.9
    endloop
  endfacet
  facet normal 0 0 1
    outer loop
      vertex 44.0768 3.21529 6.9
      vertex 43.7161 1.92945 6.9
      vertex 44.1954 2.64841 6.9
    endloop
  endfacet
  facet normal -0 0 1
    outer loop
      vertex 42.7806 5.56026 6.9
      vertex 44.0768 3.21529 6.9
      vertex 43.5511 5.56026 6.9
    endloop
  endfacet
  facet normal 0 0 1
    outer loop
      vertex 44.0768 3.21529 6.9
      vertex 42.7806 5.56026 6.9
      vertex 43.7161 1.92945 6.9
    endloop
  endfacet
  facet normal -0.108612 0.994084 0
    outer loop
      vertex 36.2025 1.90325 6.9
      vertex 36.0286 1.88425 7.4
      vertex 36.2025 1.90325 7.4
    endloop
  endfacet
  facet normal -0.108612 0.994084 0
    outer loop
      vertex 36.0286 1.88425 7.4
      vertex 36.2025 1.90325 6.9
      vertex 36.0286 1.88425 6.9
    endloop
  endfacet
  facet normal -0.187077 0.982345 0
    outer loop
      vertex 36.3688 1.93492 6.9
      vertex 36.2025 1.90325 7.4
      vertex 36.3688 1.93492 7.4
    endloop
  endfacet
  facet normal -0.187077 0.982345 0
    outer loop
      vertex 36.2025 1.90325 7.4
      vertex 36.3688 1.93492 6.9
      vertex 36.2025 1.90325 6.9
    endloop
  endfacet
  facet normal -0.269619 0.962967 0
    outer loop
      vertex 36.5272 1.97927 6.9
      vertex 36.3688 1.93492 7.4
      vertex 36.5272 1.97927 7.4
    endloop
  endfacet
  facet normal -0.269619 0.962967 0
    outer loop
      vertex 36.3688 1.93492 7.4
      vertex 36.5272 1.97927 6.9
      vertex 36.3688 1.93492 6.9
    endloop
  endfacet
  facet normal -0.353569 0.935408 0
    outer loop
      vertex 36.678 2.03627 6.9
      vertex 36.5272 1.97927 7.4
      vertex 36.678 2.03627 7.4
    endloop
  endfacet
  facet normal -0.353569 0.935408 0
    outer loop
      vertex 36.5272 1.97927 7.4
      vertex 36.678 2.03627 6.9
      vertex 36.5272 1.97927 6.9
    endloop
  endfacet
  facet normal -0.438088 0.898932 0
    outer loop
      vertex 36.821 2.10596 6.9
      vertex 36.678 2.03627 7.4
      vertex 36.821 2.10596 7.4
    endloop
  endfacet
  facet normal -0.438088 0.898932 0
    outer loop
      vertex 36.678 2.03627 7.4
      vertex 36.821 2.10596 6.9
      vertex 36.678 2.03627 6.9
    endloop
  endfacet
  facet normal -0.520815 0.85367 0
    outer loop
      vertex 36.9548 2.18759 6.9
      vertex 36.821 2.10596 7.4
      vertex 36.9548 2.18759 7.4
    endloop
  endfacet
  facet normal -0.520815 0.85367 0
    outer loop
      vertex 36.821 2.10596 7.4
      vertex 36.9548 2.18759 6.9
      vertex 36.821 2.10596 6.9
    endloop
  endfacet
  facet normal -0.602613 0.798034 0
    outer loop
      vertex 37.0778 2.28047 6.9
      vertex 36.9548 2.18759 7.4
      vertex 37.0778 2.28047 7.4
    endloop
  endfacet
  facet normal -0.602613 0.798034 0
    outer loop
      vertex 36.9548 2.18759 7.4
      vertex 37.0778 2.28047 6.9
      vertex 36.9548 2.18759 6.9
    endloop
  endfacet
  facet normal -0.679895 0.73331 0
    outer loop
      vertex 37.1901 2.38459 6.9
      vertex 37.0778 2.28047 7.4
      vertex 37.1901 2.38459 7.4
    endloop
  endfacet
  facet normal -0.679895 0.73331 0
    outer loop
      vertex 37.0778 2.28047 7.4
      vertex 37.1901 2.38459 6.9
      vertex 37.0778 2.28047 6.9
    endloop
  endfacet
  facet normal -0.750417 0.660965 0
    outer loop
      vertex 37.1901 2.38459 6.9
      vertex 37.2917 2.49994 7.4
      vertex 37.2917 2.49994 6.9
    endloop
  endfacet
  facet normal -0.750417 0.660965 0
    outer loop
      vertex 37.2917 2.49994 7.4
      vertex 37.1901 2.38459 6.9
      vertex 37.1901 2.38459 7.4
    endloop
  endfacet
  facet normal -0.812583 0.582846 0
    outer loop
      vertex 37.2917 2.49994 6.9
      vertex 37.3825 2.62653 7.4
      vertex 37.3825 2.62653 6.9
    endloop
  endfacet
  facet normal -0.812583 0.582846 0
    outer loop
      vertex 37.3825 2.62653 7.4
      vertex 37.2917 2.49994 6.9
      vertex 37.2917 2.49994 7.4
    endloop
  endfacet
  facet normal -0.864583 0.50249 0
    outer loop
      vertex 37.3825 2.62653 6.9
      vertex 37.4626 2.76435 7.4
      vertex 37.4626 2.76435 6.9
    endloop
  endfacet
  facet normal -0.864583 0.50249 0
    outer loop
      vertex 37.4626 2.76435 7.4
      vertex 37.3825 2.62653 6.9
      vertex 37.3825 2.62653 7.4
    endloop
  endfacet
  facet normal -0.906683 0.421813 0
    outer loop
      vertex 37.4626 2.76435 6.9
      vertex 37.5311 2.91159 7.4
      vertex 37.5311 2.91159 6.9
    endloop
  endfacet
  facet normal -0.906683 0.421813 0
    outer loop
      vertex 37.5311 2.91159 7.4
      vertex 37.4626 2.76435 6.9
      vertex 37.4626 2.76435 7.4
    endloop
  endfacet
  facet normal -0.940186 0.34066 0
    outer loop
      vertex 37.5311 2.91159 6.9
      vertex 37.5872 3.06642 7.4
      vertex 37.5872 3.06642 6.9
    endloop
  endfacet
  facet normal -0.940186 0.34066 0
    outer loop
      vertex 37.5872 3.06642 7.4
      vertex 37.5311 2.91159 6.9
      vertex 37.5311 2.91159 7.4
    endloop
  endfacet
  facet normal -0.965807 0.259261 0
    outer loop
      vertex 37.5872 3.06642 6.9
      vertex 37.6308 3.22884 7.4
      vertex 37.6308 3.22884 6.9
    endloop
  endfacet
  facet normal -0.965807 0.259261 0
    outer loop
      vertex 37.6308 3.22884 7.4
      vertex 37.5872 3.06642 6.9
      vertex 37.5872 3.06642 7.4
    endloop
  endfacet
  facet normal -0.983675 0.179955 0
    outer loop
      vertex 37.6308 3.22884 6.9
      vertex 37.6619 3.39884 7.4
      vertex 37.6619 3.39884 6.9
    endloop
  endfacet
  facet normal -0.983675 0.179955 0
    outer loop
      vertex 37.6619 3.39884 7.4
      vertex 37.6308 3.22884 6.9
      vertex 37.6308 3.22884 7.4
    endloop
  endfacet
  facet normal -0.994502 0.10472 0
    outer loop
      vertex 37.6619 3.39884 6.9
      vertex 37.6806 3.57643 7.4
      vertex 37.6806 3.57643 6.9
    endloop
  endfacet
  facet normal -0.994502 0.10472 0
    outer loop
      vertex 37.6806 3.57643 7.4
      vertex 37.6619 3.39884 6.9
      vertex 37.6619 3.39884 7.4
    endloop
  endfacet
  facet normal -0.99944 0.033464 0
    outer loop
      vertex 37.6806 3.57643 6.9
      vertex 37.6868 3.7616 7.4
      vertex 37.6868 3.7616 6.9
    endloop
  endfacet
  facet normal -0.99944 0.033464 0
    outer loop
      vertex 37.6868 3.7616 7.4
      vertex 37.6806 3.57643 6.9
      vertex 37.6806 3.57643 7.4
    endloop
  endfacet
  facet normal -0.998819 -0.0485894 0
    outer loop
      vertex 37.6868 3.7616 6.9
      vertex 37.6733 4.03911 7.4
      vertex 37.6733 4.03911 6.9
    endloop
  endfacet
  facet normal -0.998819 -0.0485894 0
    outer loop
      vertex 37.6733 4.03911 7.4
      vertex 37.6868 3.7616 6.9
      vertex 37.6868 3.7616 7.4
    endloop
  endfacet
  facet normal -0.987814 -0.155637 0
    outer loop
      vertex 37.6733 4.03911 6.9
      vertex 37.6328 4.29616 7.4
      vertex 37.6328 4.29616 6.9
    endloop
  endfacet
  facet normal -0.987814 -0.155637 0
    outer loop
      vertex 37.6328 4.29616 7.4
      vertex 37.6733 4.03911 6.9
      vertex 37.6733 4.03911 7.4
    endloop
  endfacet
  facet normal -0.961726 -0.274012 0
    outer loop
      vertex 37.6328 4.29616 6.9
      vertex 37.5654 4.53272 7.4
      vertex 37.5654 4.53272 6.9
    endloop
  endfacet
  facet normal -0.961726 -0.274012 0
    outer loop
      vertex 37.5654 4.53272 7.4
      vertex 37.6328 4.29616 6.9
      vertex 37.6328 4.29616 7.4
    endloop
  endfacet
  facet normal -0.916232 -0.400648 0
    outer loop
      vertex 37.5654 4.53272 6.9
      vertex 37.4709 4.74883 7.4
      vertex 37.4709 4.74883 6.9
    endloop
  endfacet
  facet normal -0.916232 -0.400648 0
    outer loop
      vertex 37.4709 4.74883 7.4
      vertex 37.5654 4.53272 6.9
      vertex 37.5654 4.53272 7.4
    endloop
  endfacet
  facet normal -0.849678 -0.527302 0
    outer loop
      vertex 37.4709 4.74883 6.9
      vertex 37.3495 4.94445 7.4
      vertex 37.3495 4.94445 6.9
    endloop
  endfacet
  facet normal -0.849678 -0.527302 0
    outer loop
      vertex 37.3495 4.94445 7.4
      vertex 37.4709 4.74883 6.9
      vertex 37.4709 4.74883 7.4
    endloop
  endfacet
  facet normal -0.762965 -0.64644 0
    outer loop
      vertex 37.3495 4.94445 6.9
      vertex 37.2011 5.1196 7.4
      vertex 37.2011 5.1196 6.9
    endloop
  endfacet
  facet normal -0.762965 -0.64644 0
    outer loop
      vertex 37.2011 5.1196 7.4
      vertex 37.3495 4.94445 6.9
      vertex 37.3495 4.94445 7.4
    endloop
  endfacet
  facet normal -0.659344 -0.751841 0
    outer loop
      vertex 37.0287 5.27079 6.9
      vertex 37.2011 5.1196 7.4
      vertex 37.0287 5.27079 7.4
    endloop
  endfacet
  facet normal -0.659344 -0.751841 -0
    outer loop
      vertex 37.2011 5.1196 7.4
      vertex 37.0287 5.27079 6.9
      vertex 37.2011 5.1196 6.9
    endloop
  endfacet
  facet normal -0.538757 -0.842461 0
    outer loop
      vertex 36.8353 5.39447 6.9
      vertex 37.0287 5.27079 7.4
      vertex 36.8353 5.39447 7.4
    endloop
  endfacet
  facet normal -0.538757 -0.842461 -0
    outer loop
      vertex 37.0287 5.27079 7.4
      vertex 36.8353 5.39447 6.9
      vertex 37.0287 5.27079 6.9
    endloop
  endfacet
  facet normal -0.409568 -0.91228 0
    outer loop
      vertex 36.621 5.49068 6.9
      vertex 36.8353 5.39447 7.4
      vertex 36.621 5.49068 7.4
    endloop
  endfacet
  facet normal -0.409568 -0.91228 -0
    outer loop
      vertex 36.8353 5.39447 7.4
      vertex 36.621 5.49068 6.9
      vertex 36.8353 5.39447 6.9
    endloop
  endfacet
  facet normal -0.280194 -0.959943 0
    outer loop
      vertex 36.3856 5.55939 6.9
      vertex 36.621 5.49068 7.4
      vertex 36.3856 5.55939 7.4
    endloop
  endfacet
  facet normal -0.280194 -0.959943 -0
    outer loop
      vertex 36.621 5.49068 7.4
      vertex 36.3856 5.55939 6.9
      vertex 36.621 5.49068 6.9
    endloop
  endfacet
  facet normal -0.158885 -0.987297 0
    outer loop
      vertex 36.1294 5.60062 6.9
      vertex 36.3856 5.55939 7.4
      vertex 36.1294 5.60062 7.4
    endloop
  endfacet
  facet normal -0.158885 -0.987297 -0
    outer loop
      vertex 36.3856 5.55939 7.4
      vertex 36.1294 5.60062 6.9
      vertex 36.3856 5.55939 6.9
    endloop
  endfacet
  facet normal -0.0495244 -0.998773 0
    outer loop
      vertex 35.8521 5.61437 6.9
      vertex 36.1294 5.60062 7.4
      vertex 35.8521 5.61437 7.4
    endloop
  endfacet
  facet normal -0.0495244 -0.998773 -0
    outer loop
      vertex 36.1294 5.60062 7.4
      vertex 35.8521 5.61437 6.9
      vertex 36.1294 5.60062 6.9
    endloop
  endfacet
  facet normal 0.0490031 -0.998799 0
    outer loop
      vertex 35.5749 5.60077 6.9
      vertex 35.8521 5.61437 7.4
      vertex 35.5749 5.60077 7.4
    endloop
  endfacet
  facet normal 0.0490031 -0.998799 0
    outer loop
      vertex 35.8521 5.61437 7.4
      vertex 35.5749 5.60077 6.9
      vertex 35.8521 5.61437 6.9
    endloop
  endfacet
  facet normal 0.157269 -0.987556 0
    outer loop
      vertex 35.3187 5.55997 6.9
      vertex 35.5749 5.60077 7.4
      vertex 35.3187 5.55997 7.4
    endloop
  endfacet
  facet normal 0.157269 -0.987556 0
    outer loop
      vertex 35.5749 5.60077 7.4
      vertex 35.3187 5.55997 6.9
      vertex 35.5749 5.60077 6.9
    endloop
  endfacet
  facet normal 0.277887 -0.960614 0
    outer loop
      vertex 35.0836 5.49196 6.9
      vertex 35.3187 5.55997 7.4
      vertex 35.0836 5.49196 7.4
    endloop
  endfacet
  facet normal 0.277887 -0.960614 0
    outer loop
      vertex 35.3187 5.55997 7.4
      vertex 35.0836 5.49196 6.9
      vertex 35.3187 5.55997 6.9
    endloop
  endfacet
  facet normal 0.406332 -0.913725 0
    outer loop
      vertex 34.8695 5.39675 6.9
      vertex 35.0836 5.49196 7.4
      vertex 34.8695 5.39675 7.4
    endloop
  endfacet
  facet normal 0.406332 -0.913725 0
    outer loop
      vertex 35.0836 5.49196 7.4
      vertex 34.8695 5.39675 6.9
      vertex 35.0836 5.49196 6.9
    endloop
  endfacet
  facet normal 0.535406 -0.844595 0
    outer loop
      vertex 34.6764 5.27434 6.9
      vertex 34.8695 5.39675 7.4
      vertex 34.6764 5.27434 7.4
    endloop
  endfacet
  facet normal 0.535406 -0.844595 0
    outer loop
      vertex 34.8695 5.39675 7.4
      vertex 34.6764 5.27434 6.9
      vertex 34.8695 5.39675 6.9
    endloop
  endfacet
  facet normal 0.656291 -0.754508 0
    outer loop
      vertex 34.5044 5.12473 6.9
      vertex 34.6764 5.27434 7.4
      vertex 34.5044 5.12473 7.4
    endloop
  endfacet
  facet normal 0.656291 -0.754508 0
    outer loop
      vertex 34.6764 5.27434 7.4
      vertex 34.5044 5.12473 6.9
      vertex 34.6764 5.27434 6.9
    endloop
  endfacet
  facet normal 0.761466 -0.648205 0
    outer loop
      vertex 34.3564 4.95087 7.4
      vertex 34.5044 5.12473 6.9
      vertex 34.5044 5.12473 7.4
    endloop
  endfacet
  facet normal 0.761466 -0.648205 0
    outer loop
      vertex 34.5044 5.12473 6.9
      vertex 34.3564 4.95087 7.4
      vertex 34.3564 4.95087 6.9
    endloop
  endfacet
  facet normal 0.849742 -0.527198 0
    outer loop
      vertex 34.2353 4.75568 7.4
      vertex 34.3564 4.95087 6.9
      vertex 34.3564 4.95087 7.4
    endloop
  endfacet
  facet normal 0.849742 -0.527198 0
    outer loop
      vertex 34.3564 4.95087 6.9
      vertex 34.2353 4.75568 7.4
      vertex 34.2353 4.75568 6.9
    endloop
  endfacet
  facet normal 0.916976 -0.398943 0
    outer loop
      vertex 34.1411 4.53916 7.4
      vertex 34.2353 4.75568 6.9
      vertex 34.2353 4.75568 7.4
    endloop
  endfacet
  facet normal 0.916976 -0.398943 0
    outer loop
      vertex 34.2353 4.75568 6.9
      vertex 34.1411 4.53916 7.4
      vertex 34.1411 4.53916 6.9
    endloop
  endfacet
  facet normal 0.962226 -0.272252 0
    outer loop
      vertex 34.0738 4.3013 7.4
      vertex 34.1411 4.53916 6.9
      vertex 34.1411 4.53916 7.4
    endloop
  endfacet
  facet normal 0.962226 -0.272252 0
    outer loop
      vertex 34.1411 4.53916 6.9
      vertex 34.0738 4.3013 7.4
      vertex 34.0738 4.3013 6.9
    endloop
  endfacet
  facet normal 0.988068 -0.154016 0
    outer loop
      vertex 34.0334 4.04212 7.4
      vertex 34.0738 4.3013 6.9
      vertex 34.0738 4.3013 7.4
    endloop
  endfacet
  facet normal 0.988068 -0.154016 0
    outer loop
      vertex 34.0738 4.3013 6.9
      vertex 34.0334 4.04212 7.4
      vertex 34.0334 4.04212 6.9
    endloop
  endfacet
  facet normal 0.998844 -0.0480693 0
    outer loop
      vertex 34.0199 3.7616 7.4
      vertex 34.0334 4.04212 6.9
      vertex 34.0334 4.04212 7.4
    endloop
  endfacet
  facet normal 0.998844 -0.0480693 0
    outer loop
      vertex 34.0334 4.04212 6.9
      vertex 34.0199 3.7616 7.4
      vertex 34.0199 3.7616 6.9
    endloop
  endfacet
  facet normal 0.998854 0.0478701 0
    outer loop
      vertex 34.0334 3.47991 7.4
      vertex 34.0199 3.7616 6.9
      vertex 34.0199 3.7616 7.4
    endloop
  endfacet
  facet normal 0.998854 0.0478701 0
    outer loop
      vertex 34.0199 3.7616 6.9
      vertex 34.0334 3.47991 7.4
      vertex 34.0334 3.47991 6.9
    endloop
  endfacet
  facet normal 0.988177 0.153314 0
    outer loop
      vertex 34.0739 3.21887 7.4
      vertex 34.0334 3.47991 6.9
      vertex 34.0334 3.47991 7.4
    endloop
  endfacet
  facet normal 0.988177 0.153314 0
    outer loop
      vertex 34.0334 3.47991 6.9
      vertex 34.0739 3.21887 7.4
      vertex 34.0739 3.21887 6.9
    endloop
  endfacet
  facet normal 0.962745 0.270411 0
    outer loop
      vertex 34.1414 2.97855 7.4
      vertex 34.0739 3.21887 6.9
      vertex 34.0739 3.21887 7.4
    endloop
  endfacet
  facet normal 0.962745 0.270411 0
    outer loop
      vertex 34.0739 3.21887 6.9
      vertex 34.1414 2.97855 7.4
      vertex 34.1414 2.97855 6.9
    endloop
  endfacet
  facet normal 0.918744 0.394853 0
    outer loop
      vertex 34.2358 2.7589 7.4
      vertex 34.1414 2.97855 6.9
      vertex 34.1414 2.97855 7.4
    endloop
  endfacet
  facet normal 0.918744 0.394853 0
    outer loop
      vertex 34.1414 2.97855 6.9
      vertex 34.2358 2.7589 7.4
      vertex 34.2358 2.7589 6.9
    endloop
  endfacet
  facet normal 0.853436 0.521198 0
    outer loop
      vertex 34.3573 2.55995 7.4
      vertex 34.2358 2.7589 6.9
      vertex 34.2358 2.7589 7.4
    endloop
  endfacet
  facet normal 0.853436 0.521198 0
    outer loop
      vertex 34.2358 2.7589 6.9
      vertex 34.3573 2.55995 7.4
      vertex 34.3573 2.55995 6.9
    endloop
  endfacet
  facet normal 0.768539 0.639803 0
    outer loop
      vertex 34.5057 2.38169 7.4
      vertex 34.3573 2.55995 6.9
      vertex 34.3573 2.55995 7.4
    endloop
  endfacet
  facet normal 0.768539 0.639803 0
    outer loop
      vertex 34.3573 2.55995 6.9
      vertex 34.5057 2.38169 7.4
      vertex 34.5057 2.38169 6.9
    endloop
  endfacet
  facet normal 0.666449 0.74555 -0
    outer loop
      vertex 34.6779 2.22776 6.9
      vertex 34.5057 2.38169 7.4
      vertex 34.6779 2.22776 7.4
    endloop
  endfacet
  facet normal 0.666449 0.74555 0
    outer loop
      vertex 34.5057 2.38169 7.4
      vertex 34.6779 2.22776 6.9
      vertex 34.5057 2.38169 6.9
    endloop
  endfacet
  facet normal 0.547109 0.837061 -0
    outer loop
      vertex 34.8706 2.10181 6.9
      vertex 34.6779 2.22776 7.4
      vertex 34.8706 2.10181 7.4
    endloop
  endfacet
  facet normal 0.547109 0.837061 0
    outer loop
      vertex 34.6779 2.22776 7.4
      vertex 34.8706 2.10181 6.9
      vertex 34.6779 2.22776 6.9
    endloop
  endfacet
  facet normal 0.417315 0.908762 -0
    outer loop
      vertex 35.0839 2.00386 6.9
      vertex 34.8706 2.10181 7.4
      vertex 35.0839 2.00386 7.4
    endloop
  endfacet
  facet normal 0.417315 0.908762 0
    outer loop
      vertex 34.8706 2.10181 7.4
      vertex 35.0839 2.00386 6.9
      vertex 34.8706 2.10181 6.9
    endloop
  endfacet
  facet normal 0.286709 0.958018 -0
    outer loop
      vertex 35.3177 1.93389 6.9
      vertex 35.0839 2.00386 7.4
      vertex 35.3177 1.93389 7.4
    endloop
  endfacet
  facet normal 0.286709 0.958018 0
    outer loop
      vertex 35.0839 2.00386 7.4
      vertex 35.3177 1.93389 6.9
      vertex 35.0839 2.00386 6.9
    endloop
  endfacet
  facet normal 0.162876 0.986647 -0
    outer loop
      vertex 35.572 1.89191 6.9
      vertex 35.3177 1.93389 7.4
      vertex 35.572 1.89191 7.4
    endloop
  endfacet
  facet normal 0.162876 0.986647 0
    outer loop
      vertex 35.3177 1.93389 7.4
      vertex 35.572 1.89191 6.9
      vertex 35.3177 1.93389 6.9
    endloop
  endfacet
  facet normal 0.0508255 0.998708 -0
    outer loop
      vertex 35.8469 1.87792 6.9
      vertex 35.572 1.89191 7.4
      vertex 35.8469 1.87792 7.4
    endloop
  endfacet
  facet normal 0.0508255 0.998708 0
    outer loop
      vertex 35.572 1.89191 7.4
      vertex 35.8469 1.87792 6.9
      vertex 35.572 1.89191 6.9
    endloop
  endfacet
  facet normal -0.0348165 0.999394 0
    outer loop
      vertex 36.0286 1.88425 6.9
      vertex 35.8469 1.87792 7.4
      vertex 36.0286 1.88425 7.4
    endloop
  endfacet
  facet normal -0.0348165 0.999394 0
    outer loop
      vertex 35.8469 1.87792 7.4
      vertex 36.0286 1.88425 6.9
      vertex 35.8469 1.87792 6.9
    endloop
  endfacet
  facet normal -0.19174 -0.981446 0
    outer loop
      vertex 35.5419 2.51395 6.9
      vertex 35.6886 2.48529 7.4
      vertex 35.5419 2.51395 7.4
    endloop
  endfacet
  facet normal -0.19174 -0.981446 -0
    outer loop
      vertex 35.6886 2.48529 7.4
      vertex 35.5419 2.51395 6.9
      vertex 35.6886 2.48529 6.9
    endloop
  endfacet
  facet normal -0.33305 -0.942909 0
    outer loop
      vertex 35.4066 2.56174 6.9
      vertex 35.5419 2.51395 7.4
      vertex 35.4066 2.56174 7.4
    endloop
  endfacet
  facet normal -0.33305 -0.942909 -0
    outer loop
      vertex 35.5419 2.51395 7.4
      vertex 35.4066 2.56174 6.9
      vertex 35.5419 2.51395 6.9
    endloop
  endfacet
  facet normal -0.475655 -0.879632 0
    outer loop
      vertex 35.2829 2.62863 6.9
      vertex 35.4066 2.56174 7.4
      vertex 35.2829 2.62863 7.4
    endloop
  endfacet
  facet normal -0.475655 -0.879632 -0
    outer loop
      vertex 35.4066 2.56174 7.4
      vertex 35.2829 2.62863 6.9
      vertex 35.4066 2.56174 6.9
    endloop
  endfacet
  facet normal -0.608342 -0.793675 0
    outer loop
      vertex 35.1707 2.71463 6.9
      vertex 35.2829 2.62863 7.4
      vertex 35.1707 2.71463 7.4
    endloop
  endfacet
  facet normal -0.608342 -0.793675 -0
    outer loop
      vertex 35.2829 2.62863 7.4
      vertex 35.1707 2.71463 6.9
      vertex 35.2829 2.62863 6.9
    endloop
  endfacet
  facet normal -0.722125 -0.691762 0
    outer loop
      vertex 35.1707 2.71463 6.9
      vertex 35.07 2.81975 7.4
      vertex 35.07 2.81975 6.9
    endloop
  endfacet
  facet normal -0.722125 -0.691762 0
    outer loop
      vertex 35.07 2.81975 7.4
      vertex 35.1707 2.71463 6.9
      vertex 35.1707 2.71463 7.4
    endloop
  endfacet
  facet normal -0.813553 -0.581491 0
    outer loop
      vertex 35.07 2.81975 6.9
      vertex 34.983 2.94147 7.4
      vertex 34.983 2.94147 6.9
    endloop
  endfacet
  facet normal -0.813553 -0.581491 0
    outer loop
      vertex 34.983 2.94147 7.4
      vertex 35.07 2.81975 6.9
      vertex 35.07 2.81975 7.4
    endloop
  endfacet
  facet normal -0.885681 -0.464294 0
    outer loop
      vertex 34.983 2.94147 6.9
      vertex 34.9118 3.07729 7.4
      vertex 34.9118 3.07729 6.9
    endloop
  endfacet
  facet normal -0.885681 -0.464294 0
    outer loop
      vertex 34.9118 3.07729 7.4
      vertex 34.983 2.94147 6.9
      vertex 34.983 2.94147 7.4
    endloop
  endfacet
  facet normal -0.938216 -0.34605 0
    outer loop
      vertex 34.9118 3.07729 6.9
      vertex 34.8565 3.22722 7.4
      vertex 34.8565 3.22722 6.9
    endloop
  endfacet
  facet normal -0.938216 -0.34605 0
    outer loop
      vertex 34.8565 3.22722 7.4
      vertex 34.9118 3.07729 6.9
      vertex 34.9118 3.07729 7.4
    endloop
  endfacet
  facet normal -0.972073 -0.234677 0
    outer loop
      vertex 34.8565 3.22722 6.9
      vertex 34.8169 3.39125 7.4
      vertex 34.8169 3.39125 6.9
    endloop
  endfacet
  facet normal -0.972073 -0.234677 0
    outer loop
      vertex 34.8169 3.39125 7.4
      vertex 34.8565 3.22722 6.9
      vertex 34.8565 3.22722 7.4
    endloop
  endfacet
  facet normal -0.991265 -0.131887 0
    outer loop
      vertex 34.8169 3.39125 6.9
      vertex 34.7932 3.56938 7.4
      vertex 34.7932 3.56938 6.9
    endloop
  endfacet
  facet normal -0.991265 -0.131887 0
    outer loop
      vertex 34.7932 3.56938 7.4
      vertex 34.8169 3.39125 6.9
      vertex 34.8169 3.39125 7.4
    endloop
  endfacet
  facet normal -0.999157 -0.0410641 0
    outer loop
      vertex 34.7932 3.56938 6.9
      vertex 34.7853 3.7616 7.4
      vertex 34.7853 3.7616 6.9
    endloop
  endfacet
  facet normal -0.999157 -0.0410641 0
    outer loop
      vertex 34.7853 3.7616 7.4
      vertex 34.7932 3.56938 6.9
      vertex 34.7932 3.56938 7.4
    endloop
  endfacet
  facet normal -0.999182 0.0404315 0
    outer loop
      vertex 34.7853 3.7616 6.9
      vertex 34.793 3.95189 7.4
      vertex 34.793 3.95189 6.9
    endloop
  endfacet
  facet normal -0.999182 0.0404315 0
    outer loop
      vertex 34.793 3.95189 7.4
      vertex 34.7853 3.7616 6.9
      vertex 34.7853 3.7616 7.4
    endloop
  endfacet
  facet normal -0.991401 0.130856 0
    outer loop
      vertex 34.793 3.95189 6.9
      vertex 34.8162 4.12766 7.4
      vertex 34.8162 4.12766 6.9
    endloop
  endfacet
  facet normal -0.991401 0.130856 0
    outer loop
      vertex 34.8162 4.12766 7.4
      vertex 34.793 3.95189 6.9
      vertex 34.793 3.95189 7.4
    endloop
  endfacet
  facet normal -0.972377 0.233414 0
    outer loop
      vertex 34.8162 4.12766 6.9
      vertex 34.8549 4.28888 7.4
      vertex 34.8549 4.28888 6.9
    endloop
  endfacet
  facet normal -0.972377 0.233414 0
    outer loop
      vertex 34.8549 4.28888 7.4
      vertex 34.8162 4.12766 6.9
      vertex 34.8162 4.12766 7.4
    endloop
  endfacet
  facet normal -0.938234 0.346002 0
    outer loop
      vertex 34.8549 4.28888 6.9
      vertex 34.909 4.43558 7.4
      vertex 34.909 4.43558 6.9
    endloop
  endfacet
  facet normal -0.938234 0.346002 0
    outer loop
      vertex 34.909 4.43558 7.4
      vertex 34.8549 4.28888 6.9
      vertex 34.8549 4.28888 7.4
    endloop
  endfacet
  facet normal -0.885092 0.465415 0
    outer loop
      vertex 34.909 4.43558 6.9
      vertex 34.9785 4.56775 7.4
      vertex 34.9785 4.56775 6.9
    endloop
  endfacet
  facet normal -0.885092 0.465415 0
    outer loop
      vertex 34.9785 4.56775 7.4
      vertex 34.909 4.43558 6.9
      vertex 34.909 4.43558 7.4
    endloop
  endfacet
  facet normal -0.810205 0.586147 0
    outer loop
      vertex 34.9785 4.56775 6.9
      vertex 35.0636 4.68538 7.4
      vertex 35.0636 4.68538 6.9
    endloop
  endfacet
  facet normal -0.810205 0.586147 0
    outer loop
      vertex 35.0636 4.68538 7.4
      vertex 34.9785 4.56775 6.9
      vertex 34.9785 4.56775 7.4
    endloop
  endfacet
  facet normal -0.714059 0.700086 0
    outer loop
      vertex 35.0636 4.68538 6.9
      vertex 35.1628 4.78656 7.4
      vertex 35.1628 4.78656 6.9
    endloop
  endfacet
  facet normal -0.714059 0.700086 0
    outer loop
      vertex 35.1628 4.78656 7.4
      vertex 35.0636 4.68538 6.9
      vertex 35.0636 4.68538 7.4
    endloop
  endfacet
  facet normal -0.594036 0.804439 0
    outer loop
      vertex 35.2749 4.86934 6.9
      vertex 35.1628 4.78656 7.4
      vertex 35.2749 4.86934 7.4
    endloop
  endfacet
  facet normal -0.594036 0.804439 0
    outer loop
      vertex 35.1628 4.78656 7.4
      vertex 35.2749 4.86934 6.9
      vertex 35.1628 4.78656 6.9
    endloop
  endfacet
  facet normal -0.458224 0.888837 0
    outer loop
      vertex 35.3998 4.93373 6.9
      vertex 35.2749 4.86934 7.4
      vertex 35.3998 4.93373 7.4
    endloop
  endfacet
  facet normal -0.458224 0.888837 0
    outer loop
      vertex 35.2749 4.86934 7.4
      vertex 35.3998 4.93373 6.9
      vertex 35.2749 4.86934 6.9
    endloop
  endfacet
  facet normal -0.316372 0.948635 0
    outer loop
      vertex 35.5377 4.97972 6.9
      vertex 35.3998 4.93373 7.4
      vertex 35.5377 4.97972 7.4
    endloop
  endfacet
  facet normal -0.316372 0.948635 0
    outer loop
      vertex 35.3998 4.93373 7.4
      vertex 35.5377 4.97972 6.9
      vertex 35.3998 4.93373 6.9
    endloop
  endfacet
  facet normal -0.17997 0.983672 0
    outer loop
      vertex 35.6885 5.00731 6.9
      vertex 35.5377 4.97972 7.4
      vertex 35.6885 5.00731 7.4
    endloop
  endfacet
  facet normal -0.17997 0.983672 0
    outer loop
      vertex 35.5377 4.97972 7.4
      vertex 35.6885 5.00731 6.9
      vertex 35.5377 4.97972 6.9
    endloop
  endfacet
  facet normal -0.056146 0.998423 0
    outer loop
      vertex 35.8521 5.01651 6.9
      vertex 35.6885 5.00731 7.4
      vertex 35.8521 5.01651 7.4
    endloop
  endfacet
  facet normal -0.056146 0.998423 0
    outer loop
      vertex 35.6885 5.00731 7.4
      vertex 35.8521 5.01651 6.9
      vertex 35.6885 5.00731 6.9
    endloop
  endfacet
  facet normal 0.0573759 0.998353 -0
    outer loop
      vertex 36.0134 5.00724 6.9
      vertex 35.8521 5.01651 7.4
      vertex 36.0134 5.00724 7.4
    endloop
  endfacet
  facet normal 0.0573759 0.998353 0
    outer loop
      vertex 35.8521 5.01651 7.4
      vertex 36.0134 5.00724 6.9
      vertex 35.8521 5.01651 6.9
    endloop
  endfacet
  facet normal 0.183714 0.98298 -0
    outer loop
      vertex 36.1622 4.97943 6.9
      vertex 36.0134 5.00724 7.4
      vertex 36.1622 4.97943 7.4
    endloop
  endfacet
  facet normal 0.183714 0.98298 0
    outer loop
      vertex 36.0134 5.00724 7.4
      vertex 36.1622 4.97943 6.9
      vertex 36.0134 5.00724 6.9
    endloop
  endfacet
  facet normal 0.321953 0.946756 -0
    outer loop
      vertex 36.2985 4.93308 6.9
      vertex 36.1622 4.97943 7.4
      vertex 36.2985 4.93308 7.4
    endloop
  endfacet
  facet normal 0.321953 0.946756 0
    outer loop
      vertex 36.1622 4.97943 7.4
      vertex 36.2985 4.93308 6.9
      vertex 36.1622 4.97943 6.9
    endloop
  endfacet
  facet normal 0.463895 0.88589 -0
    outer loop
      vertex 36.4224 4.8682 6.9
      vertex 36.2985 4.93308 7.4
      vertex 36.4224 4.8682 7.4
    endloop
  endfacet
  facet normal 0.463895 0.88589 0
    outer loop
      vertex 36.2985 4.93308 7.4
      vertex 36.4224 4.8682 6.9
      vertex 36.2985 4.93308 6.9
    endloop
  endfacet
  facet normal 0.599149 0.800637 -0
    outer loop
      vertex 36.5339 4.78476 6.9
      vertex 36.4224 4.8682 7.4
      vertex 36.5339 4.78476 7.4
    endloop
  endfacet
  facet normal 0.599149 0.800637 0
    outer loop
      vertex 36.4224 4.8682 7.4
      vertex 36.5339 4.78476 6.9
      vertex 36.4224 4.8682 6.9
    endloop
  endfacet
  facet normal 0.717444 0.696616 0
    outer loop
      vertex 36.6329 4.6828 7.4
      vertex 36.5339 4.78476 6.9
      vertex 36.5339 4.78476 7.4
    endloop
  endfacet
  facet normal 0.717444 0.696616 0
    outer loop
      vertex 36.5339 4.78476 6.9
      vertex 36.6329 4.6828 7.4
      vertex 36.6329 4.6828 6.9
    endloop
  endfacet
  facet normal 0.81206 0.583574 0
    outer loop
      vertex 36.7179 4.56452 7.4
      vertex 36.6329 4.6828 6.9
      vertex 36.6329 4.6828 7.4
    endloop
  endfacet
  facet normal 0.81206 0.583574 0
    outer loop
      vertex 36.6329 4.6828 6.9
      vertex 36.7179 4.56452 7.4
      vertex 36.7179 4.56452 6.9
    endloop
  endfacet
  facet normal 0.885136 0.465333 0
    outer loop
      vertex 36.7875 4.43213 7.4
      vertex 36.7179 4.56452 6.9
      vertex 36.7179 4.56452 7.4
    endloop
  endfacet
  facet normal 0.885136 0.465333 0
    outer loop
      vertex 36.7179 4.56452 6.9
      vertex 36.7875 4.43213 7.4
      vertex 36.7875 4.43213 6.9
    endloop
  endfacet
  facet normal 0.938057 0.34648 0
    outer loop
      vertex 36.8416 4.28566 7.4
      vertex 36.7875 4.43213 6.9
      vertex 36.7875 4.43213 7.4
    endloop
  endfacet
  facet normal 0.938057 0.34648 0
    outer loop
      vertex 36.7875 4.43213 6.9
      vertex 36.8416 4.28566 7.4
      vertex 36.8416 4.28566 6.9
    endloop
  endfacet
  facet normal 0.972166 0.234293 0
    outer loop
      vertex 36.8803 4.12508 7.4
      vertex 36.8416 4.28566 6.9
      vertex 36.8416 4.28566 7.4
    endloop
  endfacet
  facet normal 0.972166 0.234293 0
    outer loop
      vertex 36.8416 4.28566 6.9
      vertex 36.8803 4.12508 7.4
      vertex 36.8803 4.12508 6.9
    endloop
  endfacet
  facet normal 0.991297 0.131643 0
    outer loop
      vertex 36.9035 3.95038 7.4
      vertex 36.8803 4.12508 6.9
      vertex 36.8803 4.12508 7.4
    endloop
  endfacet
  facet normal 0.991297 0.131643 0
    outer loop
      vertex 36.8803 4.12508 6.9
      vertex 36.9035 3.95038 7.4
      vertex 36.9035 3.95038 6.9
    endloop
  endfacet
  facet normal 0.999169 0.0407543 0
    outer loop
      vertex 36.9112 3.7616 7.4
      vertex 36.9035 3.95038 6.9
      vertex 36.9035 3.95038 7.4
    endloop
  endfacet
  facet normal 0.999169 0.0407543 0
    outer loop
      vertex 36.9035 3.95038 6.9
      vertex 36.9112 3.7616 7.4
      vertex 36.9112 3.7616 6.9
    endloop
  endfacet
  facet normal 0.999241 -0.0389617 0
    outer loop
      vertex 36.9035 3.56412 7.4
      vertex 36.9112 3.7616 6.9
      vertex 36.9112 3.7616 7.4
    endloop
  endfacet
  facet normal 0.999241 -0.0389617 0
    outer loop
      vertex 36.9112 3.7616 6.9
      vertex 36.9035 3.56412 7.4
      vertex 36.9035 3.56412 6.9
    endloop
  endfacet
  facet normal 0.99203 -0.126002 0
    outer loop
      vertex 36.8804 3.38225 7.4
      vertex 36.9035 3.56412 6.9
      vertex 36.9035 3.56412 7.4
    endloop
  endfacet
  facet normal 0.99203 -0.126002 0
    outer loop
      vertex 36.9035 3.56412 6.9
      vertex 36.8804 3.38225 7.4
      vertex 36.8804 3.38225 6.9
    endloop
  endfacet
  facet normal 0.97423 -0.225557 0
    outer loop
      vertex 36.8419 3.21596 7.4
      vertex 36.8804 3.38225 6.9
      vertex 36.8804 3.38225 7.4
    endloop
  endfacet
  facet normal 0.97423 -0.225557 0
    outer loop
      vertex 36.8804 3.38225 6.9
      vertex 36.8419 3.21596 7.4
      vertex 36.8419 3.21596 6.9
    endloop
  endfacet
  facet normal 0.94177 -0.336257 0
    outer loop
      vertex 36.7881 3.06528 7.4
      vertex 36.8419 3.21596 6.9
      vertex 36.8419 3.21596 7.4
    endloop
  endfacet
  facet normal 0.94177 -0.336257 0
    outer loop
      vertex 36.8419 3.21596 6.9
      vertex 36.7881 3.06528 7.4
      vertex 36.7881 3.06528 6.9
    endloop
  endfacet
  facet normal 0.889728 -0.45649 0
    outer loop
      vertex 36.7188 2.93021 7.4
      vertex 36.7881 3.06528 6.9
      vertex 36.7881 3.06528 7.4
    endloop
  endfacet
  facet normal 0.889728 -0.45649 0
    outer loop
      vertex 36.7881 3.06528 6.9
      vertex 36.7188 2.93021 7.4
      vertex 36.7188 2.93021 6.9
    endloop
  endfacet
  facet normal 0.816081 -0.577938 0
    outer loop
      vertex 36.6342 2.81075 7.4
      vertex 36.7188 2.93021 6.9
      vertex 36.7188 2.93021 7.4
    endloop
  endfacet
  facet normal 0.816081 -0.577938 0
    outer loop
      vertex 36.7188 2.93021 6.9
      vertex 36.6342 2.81075 7.4
      vertex 36.6342 2.81075 6.9
    endloop
  endfacet
  facet normal 0.719191 -0.694813 0
    outer loop
      vertex 36.5353 2.70838 7.4
      vertex 36.6342 2.81075 6.9
      vertex 36.6342 2.81075 7.4
    endloop
  endfacet
  facet normal 0.719191 -0.694813 0
    outer loop
      vertex 36.6342 2.81075 6.9
      vertex 36.5353 2.70838 7.4
      vertex 36.5353 2.70838 6.9
    endloop
  endfacet
  facet normal 0.599931 -0.800052 0
    outer loop
      vertex 36.4236 2.62462 6.9
      vertex 36.5353 2.70838 7.4
      vertex 36.4236 2.62462 7.4
    endloop
  endfacet
  facet normal 0.599931 -0.800052 0
    outer loop
      vertex 36.5353 2.70838 7.4
      vertex 36.4236 2.62462 6.9
      vertex 36.5353 2.70838 6.9
    endloop
  endfacet
  facet normal 0.463008 -0.886354 0
    outer loop
      vertex 36.2989 2.55948 6.9
      vertex 36.4236 2.62462 7.4
      vertex 36.2989 2.55948 7.4
    endloop
  endfacet
  facet normal 0.463008 -0.886354 0
    outer loop
      vertex 36.4236 2.62462 7.4
      vertex 36.2989 2.55948 6.9
      vertex 36.4236 2.62462 6.9
    endloop
  endfacet
  facet normal 0.320064 -0.947396 0
    outer loop
      vertex 36.1612 2.51296 6.9
      vertex 36.2989 2.55948 7.4
      vertex 36.1612 2.51296 7.4
    endloop
  endfacet
  facet normal 0.320064 -0.947396 0
    outer loop
      vertex 36.2989 2.55948 7.4
      vertex 36.1612 2.51296 6.9
      vertex 36.2989 2.55948 6.9
    endloop
  endfacet
  facet normal 0.182232 -0.983256 0
    outer loop
      vertex 36.0105 2.48503 6.9
      vertex 36.1612 2.51296 7.4
      vertex 36.0105 2.48503 7.4
    endloop
  endfacet
  facet normal 0.182232 -0.983256 0
    outer loop
      vertex 36.1612 2.51296 7.4
      vertex 36.0105 2.48503 6.9
      vertex 36.1612 2.51296 6.9
    endloop
  endfacet
  facet normal 0.0567543 -0.998388 0
    outer loop
      vertex 35.8469 2.47573 6.9
      vertex 36.0105 2.48503 7.4
      vertex 35.8469 2.47573 7.4
    endloop
  endfacet
  facet normal 0.0567543 -0.998388 0
    outer loop
      vertex 36.0105 2.48503 7.4
      vertex 35.8469 2.47573 6.9
      vertex 36.0105 2.48503 6.9
    endloop
  endfacet
  facet normal -0.0602818 -0.998181 0
    outer loop
      vertex 35.6886 2.48529 6.9
      vertex 35.8469 2.47573 7.4
      vertex 35.6886 2.48529 7.4
    endloop
  endfacet
  facet normal -0.0602818 -0.998181 -0
    outer loop
      vertex 35.8469 2.47573 7.4
      vertex 35.6886 2.48529 6.9
      vertex 35.8469 2.47573 6.9
    endloop
  endfacet
  facet normal -0.12604 0.992025 0
    outer loop
      vertex 41.5165 1.9011 6.9
      vertex 41.3339 1.8779 7.4
      vertex 41.5165 1.9011 7.4
    endloop
  endfacet
  facet normal -0.12604 0.992025 0
    outer loop
      vertex 41.3339 1.8779 7.4
      vertex 41.5165 1.9011 6.9
      vertex 41.3339 1.8779 6.9
    endloop
  endfacet
  facet normal -0.225734 0.974189 0
    outer loop
      vertex 41.6833 1.93975 6.9
      vertex 41.5165 1.9011 7.4
      vertex 41.6833 1.93975 7.4
    endloop
  endfacet
  facet normal -0.225734 0.974189 0
    outer loop
      vertex 41.5165 1.9011 7.4
      vertex 41.6833 1.93975 6.9
      vertex 41.5165 1.9011 6.9
    endloop
  endfacet
  facet normal -0.337284 0.941403 0
    outer loop
      vertex 41.8343 1.99385 6.9
      vertex 41.6833 1.93975 7.4
      vertex 41.8343 1.99385 7.4
    endloop
  endfacet
  facet normal -0.337284 0.941403 0
    outer loop
      vertex 41.6833 1.93975 7.4
      vertex 41.8343 1.99385 6.9
      vertex 41.6833 1.93975 6.9
    endloop
  endfacet
  facet normal -0.457333 0.889295 0
    outer loop
      vertex 41.9696 2.06343 6.9
      vertex 41.8343 1.99385 7.4
      vertex 41.9696 2.06343 7.4
    endloop
  endfacet
  facet normal -0.457333 0.889295 0
    outer loop
      vertex 41.8343 1.99385 7.4
      vertex 41.9696 2.06343 6.9
      vertex 41.8343 1.99385 6.9
    endloop
  endfacet
  facet normal -0.579806 0.814755 0
    outer loop
      vertex 42.0891 2.14847 6.9
      vertex 41.9696 2.06343 7.4
      vertex 42.0891 2.14847 7.4
    endloop
  endfacet
  facet normal -0.579806 0.814755 0
    outer loop
      vertex 41.9696 2.06343 7.4
      vertex 42.0891 2.14847 6.9
      vertex 41.9696 2.06343 6.9
    endloop
  endfacet
  facet normal -0.696182 0.717865 0
    outer loop
      vertex 42.1914 2.24768 6.9
      vertex 42.0891 2.14847 7.4
      vertex 42.1914 2.24768 7.4
    endloop
  endfacet
  facet normal -0.696182 0.717865 0
    outer loop
      vertex 42.0891 2.14847 7.4
      vertex 42.1914 2.24768 6.9
      vertex 42.0891 2.14847 6.9
    endloop
  endfacet
  facet normal -0.800968 0.598707 0
    outer loop
      vertex 42.1914 2.24768 6.9
      vertex 42.2752 2.35979 7.4
      vertex 42.2752 2.35979 6.9
    endloop
  endfacet
  facet normal -0.800968 0.598707 0
    outer loop
      vertex 42.2752 2.35979 7.4
      vertex 42.1914 2.24768 6.9
      vertex 42.1914 2.24768 7.4
    endloop
  endfacet
  facet normal -0.886896 0.461969 0
    outer loop
      vertex 42.2752 2.35979 6.9
      vertex 42.3403 2.48477 7.4
      vertex 42.3403 2.48477 6.9
    endloop
  endfacet
  facet normal -0.886896 0.461969 0
    outer loop
      vertex 42.3403 2.48477 7.4
      vertex 42.2752 2.35979 6.9
      vertex 42.2752 2.35979 7.4
    endloop
  endfacet
  facet normal -0.947349 0.320203 0
    outer loop
      vertex 42.3403 2.48477 6.9
      vertex 42.3869 2.62264 7.4
      vertex 42.3869 2.62264 6.9
    endloop
  endfacet
  facet normal -0.947349 0.320203 0
    outer loop
      vertex 42.3869 2.62264 7.4
      vertex 42.3403 2.48477 6.9
      vertex 42.3403 2.48477 7.4
    endloop
  endfacet
  facet normal -0.983299 0.181996 0
    outer loop
      vertex 42.3869 2.62264 6.9
      vertex 42.4148 2.77338 7.4
      vertex 42.4148 2.77338 6.9
    endloop
  endfacet
  facet normal -0.983299 0.181996 0
    outer loop
      vertex 42.4148 2.77338 7.4
      vertex 42.3869 2.62264 6.9
      vertex 42.3869 2.62264 7.4
    endloop
  endfacet
  facet normal -0.998389 0.056744 0
    outer loop
      vertex 42.4148 2.77338 6.9
      vertex 42.4241 2.93701 7.4
      vertex 42.4241 2.93701 6.9
    endloop
  endfacet
  facet normal -0.998389 0.056744 0
    outer loop
      vertex 42.4241 2.93701 7.4
      vertex 42.4148 2.77338 6.9
      vertex 42.4148 2.77338 7.4
    endloop
  endfacet
  facet normal -0.998459 -0.0554944 0
    outer loop
      vertex 42.4241 2.93701 6.9
      vertex 42.4178 3.05036 7.4
      vertex 42.4178 3.05036 6.9
    endloop
  endfacet
  facet normal -0.998459 -0.0554944 0
    outer loop
      vertex 42.4178 3.05036 7.4
      vertex 42.4241 2.93701 6.9
      vertex 42.4241 2.93701 7.4
    endloop
  endfacet
  facet normal -0.984746 -0.173997 0
    outer loop
      vertex 42.4178 3.05036 6.9
      vertex 42.399 3.15676 7.4
      vertex 42.399 3.15676 6.9
    endloop
  endfacet
  facet normal -0.984746 -0.173997 0
    outer loop
      vertex 42.399 3.15676 7.4
      vertex 42.4178 3.05036 6.9
      vertex 42.4178 3.05036 7.4
    endloop
  endfacet
  facet normal -0.953863 -0.300241 0
    outer loop
      vertex 42.399 3.15676 6.9
      vertex 42.3677 3.2562 7.4
      vertex 42.3677 3.2562 6.9
    endloop
  endfacet
  facet normal -0.953863 -0.300241 0
    outer loop
      vertex 42.3677 3.2562 7.4
      vertex 42.399 3.15676 6.9
      vertex 42.399 3.15676 7.4
    endloop
  endfacet
  facet normal -0.903815 -0.427923 0
    outer loop
      vertex 42.3677 3.2562 6.9
      vertex 42.3239 3.34871 7.4
      vertex 42.3239 3.34871 6.9
    endloop
  endfacet
  facet normal -0.903815 -0.427923 0
    outer loop
      vertex 42.3239 3.34871 7.4
      vertex 42.3677 3.2562 6.9
      vertex 42.3677 3.2562 7.4
    endloop
  endfacet
  facet normal -0.834951 -0.550324 0
    outer loop
      vertex 42.3239 3.34871 6.9
      vertex 42.2675 3.43428 7.4
      vertex 42.2675 3.43428 6.9
    endloop
  endfacet
  facet normal -0.834951 -0.550324 0
    outer loop
      vertex 42.2675 3.43428 7.4
      vertex 42.3239 3.34871 6.9
      vertex 42.3239 3.34871 7.4
    endloop
  endfacet
  facet normal -0.752108 -0.659039 0
    outer loop
      vertex 42.2675 3.43428 6.9
      vertex 42.1986 3.51291 7.4
      vertex 42.1986 3.51291 6.9
    endloop
  endfacet
  facet normal -0.752108 -0.659039 0
    outer loop
      vertex 42.1986 3.51291 7.4
      vertex 42.2675 3.43428 6.9
      vertex 42.2675 3.43428 7.4
    endloop
  endfacet
  facet normal -0.65751 -0.753446 0
    outer loop
      vertex 42.1181 3.58316 6.9
      vertex 42.1986 3.51291 7.4
      vertex 42.1181 3.58316 7.4
    endloop
  endfacet
  facet normal -0.65751 -0.753446 -0
    outer loop
      vertex 42.1986 3.51291 7.4
      vertex 42.1181 3.58316 6.9
      vertex 42.1986 3.51291 6.9
    endloop
  endfacet
  facet normal -0.552968 -0.833202 0
    outer loop
      vertex 42.027 3.64362 6.9
      vertex 42.1181 3.58316 7.4
      vertex 42.027 3.64362 7.4
    endloop
  endfacet
  facet normal -0.552968 -0.833202 -0
    outer loop
      vertex 42.1181 3.58316 7.4
      vertex 42.027 3.64362 6.9
      vertex 42.1181 3.58316 6.9
    endloop
  endfacet
  facet normal -0.445033 -0.895514 0
    outer loop
      vertex 41.9251 3.69426 6.9
      vertex 42.027 3.64362 7.4
      vertex 41.9251 3.69426 7.4
    endloop
  endfacet
  facet normal -0.445033 -0.895514 -0
    outer loop
      vertex 42.027 3.64362 7.4
      vertex 41.9251 3.69426 6.9
      vertex 42.027 3.64362 6.9
    endloop
  endfacet
  facet normal -0.341501 -0.939881 0
    outer loop
      vertex 41.8127 3.7351 6.9
      vertex 41.9251 3.69426 7.4
      vertex 41.8127 3.7351 7.4
    endloop
  endfacet
  facet normal -0.341501 -0.939881 -0
    outer loop
      vertex 41.9251 3.69426 7.4
      vertex 41.8127 3.7351 6.9
      vertex 41.9251 3.69426 6.9
    endloop
  endfacet
  facet normal -0.244239 -0.969715 0
    outer loop
      vertex 41.6895 3.76613 6.9
      vertex 41.8127 3.7351 7.4
      vertex 41.6895 3.76613 7.4
    endloop
  endfacet
  facet normal -0.244239 -0.969715 -0
    outer loop
      vertex 41.8127 3.7351 7.4
      vertex 41.6895 3.76613 6.9
      vertex 41.8127 3.7351 6.9
    endloop
  endfacet
  facet normal -0.156709 -0.987645 0
    outer loop
      vertex 41.5557 3.78736 6.9
      vertex 41.6895 3.76613 7.4
      vertex 41.5557 3.78736 7.4
    endloop
  endfacet
  facet normal -0.156709 -0.987645 -0
    outer loop
      vertex 41.6895 3.76613 7.4
      vertex 41.5557 3.78736 6.9
      vertex 41.6895 3.76613 6.9
    endloop
  endfacet
  facet normal -1 0 0
    outer loop
      vertex 41.5557 3.78736 6.9
      vertex 41.5557 3.79766 7.4
      vertex 41.5557 3.79766 6.9
    endloop
  endfacet
  facet normal -1 -0 0
    outer loop
      vertex 41.5557 3.79766 7.4
      vertex 41.5557 3.78736 6.9
      vertex 41.5557 3.78736 7.4
    endloop
  endfacet
  facet normal -0.227332 0.973817 0
    outer loop
      vertex 41.6762 3.82579 6.9
      vertex 41.5557 3.79766 7.4
      vertex 41.6762 3.82579 7.4
    endloop
  endfacet
  facet normal -0.227332 0.973817 0
    outer loop
      vertex 41.5557 3.79766 7.4
      vertex 41.6762 3.82579 6.9
      vertex 41.5557 3.79766 6.9
    endloop
  endfacet
  facet normal -0.311589 0.950217 0
    outer loop
      vertex 41.7869 3.86209 6.9
      vertex 41.6762 3.82579 7.4
      vertex 41.7869 3.86209 7.4
    endloop
  endfacet
  facet normal -0.311589 0.950217 0
    outer loop
      vertex 41.6762 3.82579 7.4
      vertex 41.7869 3.86209 6.9
      vertex 41.6762 3.82579 6.9
    endloop
  endfacet
  facet normal -0.403149 0.915134 0
    outer loop
      vertex 41.8878 3.90654 6.9
      vertex 41.7869 3.86209 7.4
      vertex 41.8878 3.90654 7.4
    endloop
  endfacet
  facet normal -0.403149 0.915134 0
    outer loop
      vertex 41.7869 3.86209 7.4
      vertex 41.8878 3.90654 6.9
      vertex 41.7869 3.86209 6.9
    endloop
  endfacet
  facet normal -0.500167 0.865929 0
    outer loop
      vertex 41.9789 3.95916 6.9
      vertex 41.8878 3.90654 7.4
      vertex 41.9789 3.95916 7.4
    endloop
  endfacet
  facet normal -0.500167 0.865929 0
    outer loop
      vertex 41.8878 3.90654 7.4
      vertex 41.9789 3.95916 6.9
      vertex 41.8878 3.90654 6.9
    endloop
  endfacet
  facet normal -0.599179 0.800615 0
    outer loop
      vertex 42.0601 4.01993 6.9
      vertex 41.9789 3.95916 7.4
      vertex 42.0601 4.01993 7.4
    endloop
  endfacet
  facet normal -0.599179 0.800615 0
    outer loop
      vertex 41.9789 3.95916 7.4
      vertex 42.0601 4.01993 6.9
      vertex 41.9789 3.95916 6.9
    endloop
  endfacet
  facet normal -0.693998 0.719977 0
    outer loop
      vertex 42.1316 4.08885 6.9
      vertex 42.0601 4.01993 7.4
      vertex 42.1316 4.08885 7.4
    endloop
  endfacet
  facet normal -0.693998 0.719977 0
    outer loop
      vertex 42.0601 4.01993 7.4
      vertex 42.1316 4.08885 6.9
      vertex 42.0601 4.01993 6.9
    endloop
  endfacet
  facet normal -0.781388 0.624046 0
    outer loop
      vertex 42.1316 4.08885 6.9
      vertex 42.1926 4.16523 7.4
      vertex 42.1926 4.16523 6.9
    endloop
  endfacet
  facet normal -0.781388 0.624046 0
    outer loop
      vertex 42.1926 4.16523 7.4
      vertex 42.1316 4.08885 6.9
      vertex 42.1316 4.08885 7.4
    endloop
  endfacet
  facet normal -0.856883 0.515511 0
    outer loop
      vertex 42.1926 4.16523 6.9
      vertex 42.2426 4.24834 7.4
      vertex 42.2426 4.24834 6.9
    endloop
  endfacet
  facet normal -0.856883 0.515511 0
    outer loop
      vertex 42.2426 4.24834 7.4
      vertex 42.1926 4.16523 6.9
      vertex 42.1926 4.16523 7.4
    endloop
  endfacet
  facet normal -0.918026 0.39652 0
    outer loop
      vertex 42.2426 4.24834 6.9
      vertex 42.2814 4.33817 7.4
      vertex 42.2814 4.33817 6.9
    endloop
  endfacet
  facet normal -0.918026 0.39652 0
    outer loop
      vertex 42.2814 4.33817 7.4
      vertex 42.2426 4.24834 6.9
      vertex 42.2426 4.24834 7.4
    endloop
  endfacet
  facet normal -0.96123 0.275746 0
    outer loop
      vertex 42.2814 4.33817 6.9
      vertex 42.3091 4.43473 7.4
      vertex 42.3091 4.43473 6.9
    endloop
  endfacet
  facet normal -0.96123 0.275746 0
    outer loop
      vertex 42.3091 4.43473 7.4
      vertex 42.2814 4.33817 6.9
      vertex 42.2814 4.33817 7.4
    endloop
  endfacet
  facet normal -0.987178 0.159623 0
    outer loop
      vertex 42.3091 4.43473 6.9
      vertex 42.3258 4.53801 7.4
      vertex 42.3258 4.53801 6.9
    endloop
  endfacet
  facet normal -0.987178 0.159623 0
    outer loop
      vertex 42.3258 4.53801 7.4
      vertex 42.3091 4.43473 6.9
      vertex 42.3091 4.43473 7.4
    endloop
  endfacet
  facet normal -0.998753 0.0499286 0
    outer loop
      vertex 42.3258 4.53801 6.9
      vertex 42.3313 4.64803 7.4
      vertex 42.3313 4.64803 6.9
    endloop
  endfacet
  facet normal -0.998753 0.0499286 0
    outer loop
      vertex 42.3313 4.64803 7.4
      vertex 42.3258 4.53801 6.9
      vertex 42.3258 4.53801 7.4
    endloop
  endfacet
  facet normal -0.998139 -0.0609749 0
    outer loop
      vertex 42.3313 4.64803 6.9
      vertex 42.3224 4.79372 7.4
      vertex 42.3224 4.79372 6.9
    endloop
  endfacet
  facet normal -0.998139 -0.0609749 0
    outer loop
      vertex 42.3224 4.79372 7.4
      vertex 42.3313 4.64803 6.9
      vertex 42.3313 4.64803 7.4
    endloop
  endfacet
  facet normal -0.980929 -0.194366 0
    outer loop
      vertex 42.3224 4.79372 6.9
      vertex 42.2957 4.92847 7.4
      vertex 42.2957 4.92847 6.9
    endloop
  endfacet
  facet normal -0.980929 -0.194366 0
    outer loop
      vertex 42.2957 4.92847 7.4
      vertex 42.3224 4.79372 6.9
      vertex 42.3224 4.79372 7.4
    endloop
  endfacet
  facet normal -0.940801 -0.338959 0
    outer loop
      vertex 42.2957 4.92847 6.9
      vertex 42.2511 5.05226 7.4
      vertex 42.2511 5.05226 6.9
    endloop
  endfacet
  facet normal -0.940801 -0.338959 0
    outer loop
      vertex 42.2511 5.05226 7.4
      vertex 42.2957 4.92847 6.9
      vertex 42.2957 4.92847 7.4
    endloop
  endfacet
  facet normal -0.875143 -0.483864 0
    outer loop
      vertex 42.2511 5.05226 6.9
      vertex 42.1887 5.16512 7.4
      vertex 42.1887 5.16512 6.9
    endloop
  endfacet
  facet normal -0.875143 -0.483864 0
    outer loop
      vertex 42.1887 5.16512 7.4
      vertex 42.2511 5.05226 6.9
      vertex 42.2511 5.05226 7.4
    endloop
  endfacet
  facet normal -0.785751 -0.618543 0
    outer loop
      vertex 42.1887 5.16512 6.9
      vertex 42.1085 5.267 7.4
      vertex 42.1085 5.267 6.9
    endloop
  endfacet
  facet normal -0.785751 -0.618543 0
    outer loop
      vertex 42.1085 5.267 7.4
      vertex 42.1887 5.16512 6.9
      vertex 42.1887 5.16512 7.4
    endloop
  endfacet
  facet normal -0.68021 -0.733017 0
    outer loop
      vertex 42.0105 5.35794 6.9
      vertex 42.1085 5.267 7.4
      vertex 42.0105 5.35794 7.4
    endloop
  endfacet
  facet normal -0.68021 -0.733017 -0
    outer loop
      vertex 42.1085 5.267 7.4
      vertex 42.0105 5.35794 6.9
      vertex 42.1085 5.267 6.9
    endloop
  endfacet
  facet normal -0.567131 -0.823628 0
    outer loop
      vertex 41.8967 5.4363 6.9
      vertex 42.0105 5.35794 7.4
      vertex 41.8967 5.4363 7.4
    endloop
  endfacet
  facet normal -0.567131 -0.823628 -0
    outer loop
      vertex 42.0105 5.35794 7.4
      vertex 41.8967 5.4363 6.9
      vertex 42.0105 5.35794 6.9
    endloop
  endfacet
  facet normal -0.448613 -0.893726 0
    outer loop
      vertex 41.769 5.5004 6.9
      vertex 41.8967 5.4363 7.4
      vertex 41.769 5.5004 7.4
    endloop
  endfacet
  facet normal -0.448613 -0.893726 -0
    outer loop
      vertex 41.8967 5.4363 7.4
      vertex 41.769 5.5004 6.9
      vertex 41.8967 5.4363 6.9
    endloop
  endfacet
  facet normal -0.332398 -0.943139 0
    outer loop
      vertex 41.6275 5.55027 6.9
      vertex 41.769 5.5004 7.4
      vertex 41.6275 5.55027 7.4
    endloop
  endfacet
  facet normal -0.332398 -0.943139 -0
    outer loop
      vertex 41.769 5.5004 7.4
      vertex 41.6275 5.55027 6.9
      vertex 41.769 5.5004 6.9
    endloop
  endfacet
  facet normal -0.223498 -0.974704 0
    outer loop
      vertex 41.4722 5.58588 6.9
      vertex 41.6275 5.55027 7.4
      vertex 41.4722 5.58588 7.4
    endloop
  endfacet
  facet normal -0.223498 -0.974704 -0
    outer loop
      vertex 41.6275 5.55027 7.4
      vertex 41.4722 5.58588 6.9
      vertex 41.6275 5.55027 6.9
    endloop
  endfacet
  facet normal -0.12532 -0.992116 0
    outer loop
      vertex 41.3031 5.60724 6.9
      vertex 41.4722 5.58588 7.4
      vertex 41.3031 5.60724 7.4
    endloop
  endfacet
  facet normal -0.12532 -0.992116 -0
    outer loop
      vertex 41.4722 5.58588 7.4
      vertex 41.3031 5.60724 6.9
      vertex 41.4722 5.58588 6.9
    endloop
  endfacet
  facet normal -0.0389535 -0.999241 0
    outer loop
      vertex 41.1202 5.61437 6.9
      vertex 41.3031 5.60724 7.4
      vertex 41.1202 5.61437 7.4
    endloop
  endfacet
  facet normal -0.0389535 -0.999241 -0
    outer loop
      vertex 41.3031 5.60724 7.4
      vertex 41.1202 5.61437 6.9
      vertex 41.3031 5.60724 6.9
    endloop
  endfacet
  facet normal 0.0425626 -0.999094 0
    outer loop
      vertex 40.9472 5.607 6.9
      vertex 41.1202 5.61437 7.4
      vertex 40.9472 5.607 7.4
    endloop
  endfacet
  facet normal 0.0425626 -0.999094 0
    outer loop
      vertex 41.1202 5.61437 7.4
      vertex 40.9472 5.607 6.9
      vertex 41.1202 5.61437 6.9
    endloop
  endfacet
  facet normal 0.135594 -0.990764 0
    outer loop
      vertex 40.7855 5.58487 6.9
      vertex 40.9472 5.607 7.4
      vertex 40.7855 5.58487 7.4
    endloop
  endfacet
  facet normal 0.135594 -0.990764 0
    outer loop
      vertex 40.9472 5.607 7.4
      vertex 40.7855 5.58487 6.9
      vertex 40.9472 5.607 6.9
    endloop
  endfacet
  facet normal 0.238035 -0.971256 0
    outer loop
      vertex 40.6351 5.54801 6.9
      vertex 40.7855 5.58487 7.4
      vertex 40.6351 5.54801 7.4
    endloop
  endfacet
  facet normal 0.238035 -0.971256 0
    outer loop
      vertex 40.7855 5.58487 7.4
      vertex 40.6351 5.54801 6.9
      vertex 40.7855 5.58487 6.9
    endloop
  endfacet
  facet normal 0.347857 -0.937548 0
    outer loop
      vertex 40.496 5.4964 6.9
      vertex 40.6351 5.54801 7.4
      vertex 40.496 5.4964 7.4
    endloop
  endfacet
  facet normal 0.347857 -0.937548 0
    outer loop
      vertex 40.6351 5.54801 7.4
      vertex 40.496 5.4964 6.9
      vertex 40.6351 5.54801 6.9
    endloop
  endfacet
  facet normal 0.460828 -0.88749 0
    outer loop
      vertex 40.3682 5.43004 6.9
      vertex 40.496 5.4964 7.4
      vertex 40.3682 5.43004 7.4
    endloop
  endfacet
  facet normal 0.460828 -0.88749 0
    outer loop
      vertex 40.496 5.4964 7.4
      vertex 40.3682 5.43004 6.9
      vertex 40.496 5.4964 6.9
    endloop
  endfacet
  facet normal 0.571663 -0.820488 0
    outer loop
      vertex 40.2518 5.34894 6.9
      vertex 40.3682 5.43004 7.4
      vertex 40.2518 5.34894 7.4
    endloop
  endfacet
  facet normal 0.571663 -0.820488 0
    outer loop
      vertex 40.3682 5.43004 7.4
      vertex 40.2518 5.34894 6.9
      vertex 40.3682 5.43004 6.9
    endloop
  endfacet
  facet normal 0.673894 -0.738828 0
    outer loop
      vertex 40.1486 5.25481 6.9
      vertex 40.2518 5.34894 7.4
      vertex 40.1486 5.25481 7.4
    endloop
  endfacet
  facet normal 0.673894 -0.738828 0
    outer loop
      vertex 40.2518 5.34894 7.4
      vertex 40.1486 5.25481 6.9
      vertex 40.2518 5.34894 6.9
    endloop
  endfacet
  facet normal 0.7684 -0.639969 0
    outer loop
      vertex 40.0608 5.14939 7.4
      vertex 40.1486 5.25481 6.9
      vertex 40.1486 5.25481 7.4
    endloop
  endfacet
  facet normal 0.7684 -0.639969 0
    outer loop
      vertex 40.1486 5.25481 6.9
      vertex 40.0608 5.14939 7.4
      vertex 40.0608 5.14939 6.9
    endloop
  endfacet
  facet normal 0.849528 -0.527544 0
    outer loop
      vertex 39.9883 5.03264 7.4
      vertex 40.0608 5.14939 6.9
      vertex 40.0608 5.14939 7.4
    endloop
  endfacet
  facet normal 0.849528 -0.527544 0
    outer loop
      vertex 40.0608 5.14939 6.9
      vertex 39.9883 5.03264 7.4
      vertex 39.9883 5.03264 6.9
    endloop
  endfacet
  facet normal 0.913045 -0.407858 0
    outer loop
      vertex 39.9311 4.90459 7.4
      vertex 39.9883 5.03264 6.9
      vertex 39.9883 5.03264 7.4
    endloop
  endfacet
  facet normal 0.913045 -0.407858 0
    outer loop
      vertex 39.9883 5.03264 6.9
      vertex 39.9311 4.90459 7.4
      vertex 39.9311 4.90459 6.9
    endloop
  endfacet
  facet normal 0.957841 -0.287297 0
    outer loop
      vertex 39.8893 4.76523 7.4
      vertex 39.9311 4.90459 6.9
      vertex 39.9311 4.90459 7.4
    endloop
  endfacet
  facet normal 0.957841 -0.287297 0
    outer loop
      vertex 39.9311 4.90459 6.9
      vertex 39.8893 4.76523 7.4
      vertex 39.8893 4.76523 6.9
    endloop
  endfacet
  facet normal 0.984773 -0.173845 0
    outer loop
      vertex 39.8627 4.61455 7.4
      vertex 39.8893 4.76523 6.9
      vertex 39.8893 4.76523 7.4
    endloop
  endfacet
  facet normal 0.984773 -0.173845 0
    outer loop
      vertex 39.8893 4.76523 6.9
      vertex 39.8627 4.61455 7.4
      vertex 39.8627 4.61455 6.9
    endloop
  endfacet
  facet normal 0.0710395 0.997474 -0
    outer loop
      vertex 40.5868 4.56298 6.9
      vertex 39.8627 4.61455 7.4
      vertex 40.5868 4.56298 7.4
    endloop
  endfacet
  facet normal 0.0710395 0.997474 0
    outer loop
      vertex 39.8627 4.61455 7.4
      vertex 40.5868 4.56298 6.9
      vertex 39.8627 4.61455 6.9
    endloop
  endfacet
  facet normal -0.990495 0.13755 0
    outer loop
      vertex 40.5868 4.56298 6.9
      vertex 40.5969 4.63571 7.4
      vertex 40.5969 4.63571 6.9
    endloop
  endfacet
  facet normal -0.990495 0.13755 0
    outer loop
      vertex 40.5969 4.63571 7.4
      vertex 40.5868 4.56298 6.9
      vertex 40.5868 4.56298 7.4
    endloop
  endfacet
  facet normal -0.970321 0.24182 0
    outer loop
      vertex 40.5969 4.63571 6.9
      vertex 40.6136 4.70272 7.4
      vertex 40.6136 4.70272 6.9
    endloop
  endfacet
  facet normal -0.970321 0.24182 0
    outer loop
      vertex 40.6136 4.70272 7.4
      vertex 40.5969 4.63571 6.9
      vertex 40.5969 4.63571 7.4
    endloop
  endfacet
  facet normal -0.935725 0.352729 0
    outer loop
      vertex 40.6136 4.70272 6.9
      vertex 40.6367 4.764 7.4
      vertex 40.6367 4.764 6.9
    endloop
  endfacet
  facet normal -0.935725 0.352729 0
    outer loop
      vertex 40.6367 4.764 7.4
      vertex 40.6136 4.70272 6.9
      vertex 40.6136 4.70272 7.4
    endloop
  endfacet
  facet normal -0.881834 0.47156 0
    outer loop
      vertex 40.6367 4.764 6.9
      vertex 40.6664 4.81954 7.4
      vertex 40.6664 4.81954 6.9
    endloop
  endfacet
  facet normal -0.881834 0.47156 0
    outer loop
      vertex 40.6664 4.81954 7.4
      vertex 40.6367 4.764 6.9
      vertex 40.6367 4.764 7.4
    endloop
  endfacet
  facet normal -0.808989 0.587824 0
    outer loop
      vertex 40.6664 4.81954 6.9
      vertex 40.7026 4.86936 7.4
      vertex 40.7026 4.86936 6.9
    endloop
  endfacet
  facet normal -0.808989 0.587824 0
    outer loop
      vertex 40.7026 4.86936 7.4
      vertex 40.6664 4.81954 6.9
      vertex 40.6664 4.81954 7.4
    endloop
  endfacet
  facet normal -0.719233 0.694769 0
    outer loop
      vertex 40.7026 4.86936 6.9
      vertex 40.7452 4.91346 7.4
      vertex 40.7452 4.91346 6.9
    endloop
  endfacet
  facet normal -0.719233 0.694769 0
    outer loop
      vertex 40.7452 4.91346 7.4
      vertex 40.7026 4.86936 6.9
      vertex 40.7026 4.86936 7.4
    endloop
  endfacet
  facet normal -0.615416 0.788202 0
    outer loop
      vertex 40.7936 4.95125 6.9
      vertex 40.7452 4.91346 7.4
      vertex 40.7936 4.95125 7.4
    endloop
  endfacet
  facet normal -0.615416 0.788202 0
    outer loop
      vertex 40.7452 4.91346 7.4
      vertex 40.7936 4.95125 6.9
      vertex 40.7452 4.91346 6.9
    endloop
  endfacet
  facet normal -0.503203 0.864168 0
    outer loop
      vertex 40.8467 4.98217 6.9
      vertex 40.7936 4.95125 7.4
      vertex 40.8467 4.98217 7.4
    endloop
  endfacet
  facet normal -0.503203 0.864168 0
    outer loop
      vertex 40.7936 4.95125 7.4
      vertex 40.8467 4.98217 6.9
      vertex 40.7936 4.95125 6.9
    endloop
  endfacet
  facet normal -0.383167 0.923679 0
    outer loop
      vertex 40.9047 5.00623 6.9
      vertex 40.8467 4.98217 7.4
      vertex 40.9047 5.00623 7.4
    endloop
  endfacet
  facet normal -0.383167 0.923679 0
    outer loop
      vertex 40.8467 4.98217 7.4
      vertex 40.9047 5.00623 6.9
      vertex 40.8467 4.98217 6.9
    endloop
  endfacet
  facet normal -0.264263 0.964451 0
    outer loop
      vertex 40.9674 5.02341 6.9
      vertex 40.9047 5.00623 7.4
      vertex 40.9674 5.02341 7.4
    endloop
  endfacet
  facet normal -0.264263 0.964451 0
    outer loop
      vertex 40.9047 5.00623 7.4
      vertex 40.9674 5.02341 6.9
      vertex 40.9047 5.00623 6.9
    endloop
  endfacet
  facet normal -0.150628 0.98859 0
    outer loop
      vertex 41.035 5.03371 6.9
      vertex 40.9674 5.02341 7.4
      vertex 41.035 5.03371 7.4
    endloop
  endfacet
  facet normal -0.150628 0.98859 0
    outer loop
      vertex 40.9674 5.02341 7.4
      vertex 41.035 5.03371 6.9
      vertex 40.9674 5.02341 6.9
    endloop
  endfacet
  facet normal -0.0473879 0.998877 0
    outer loop
      vertex 41.1073 5.03714 6.9
      vertex 41.035 5.03371 7.4
      vertex 41.1073 5.03714 7.4
    endloop
  endfacet
  facet normal -0.0473879 0.998877 0
    outer loop
      vertex 41.035 5.03371 7.4
      vertex 41.1073 5.03714 6.9
      vertex 41.035 5.03371 6.9
    endloop
  endfacet
  facet normal 0.0461048 0.998937 -0
    outer loop
      vertex 41.184 5.0336 6.9
      vertex 41.1073 5.03714 7.4
      vertex 41.184 5.0336 7.4
    endloop
  endfacet
  facet normal 0.0461048 0.998937 0
    outer loop
      vertex 41.1073 5.03714 7.4
      vertex 41.184 5.0336 6.9
      vertex 41.1073 5.03714 6.9
    endloop
  endfacet
  facet normal 0.149302 0.988792 -0
    outer loop
      vertex 41.2544 5.02297 6.9
      vertex 41.184 5.0336 7.4
      vertex 41.2544 5.02297 7.4
    endloop
  endfacet
  facet normal 0.149302 0.988792 0
    outer loop
      vertex 41.184 5.0336 7.4
      vertex 41.2544 5.02297 6.9
      vertex 41.184 5.0336 6.9
    endloop
  endfacet
  facet normal 0.267224 0.963634 -0
    outer loop
      vertex 41.3183 5.00525 6.9
      vertex 41.2544 5.02297 7.4
      vertex 41.3183 5.00525 7.4
    endloop
  endfacet
  facet normal 0.267224 0.963634 0
    outer loop
      vertex 41.2544 5.02297 7.4
      vertex 41.3183 5.00525 6.9
      vertex 41.2544 5.02297 6.9
    endloop
  endfacet
  facet normal 0.395324 0.918542 -0
    outer loop
      vertex 41.3759 4.98046 6.9
      vertex 41.3183 5.00525 7.4
      vertex 41.3759 4.98046 7.4
    endloop
  endfacet
  facet normal 0.395324 0.918542 0
    outer loop
      vertex 41.3183 5.00525 7.4
      vertex 41.3759 4.98046 6.9
      vertex 41.3183 5.00525 6.9
    endloop
  endfacet
  facet normal 0.528687 0.848817 -0
    outer loop
      vertex 41.4271 4.94857 6.9
      vertex 41.3759 4.98046 7.4
      vertex 41.4271 4.94857 7.4
    endloop
  endfacet
  facet normal 0.528687 0.848817 0
    outer loop
      vertex 41.3759 4.98046 7.4
      vertex 41.4271 4.94857 6.9
      vertex 41.3759 4.98046 6.9
    endloop
  endfacet
  facet normal 0.655666 0.755051 -0
    outer loop
      vertex 41.472 4.90958 6.9
      vertex 41.4271 4.94857 7.4
      vertex 41.472 4.90958 7.4
    endloop
  endfacet
  facet normal 0.655666 0.755051 0
    outer loop
      vertex 41.4271 4.94857 7.4
      vertex 41.472 4.90958 6.9
      vertex 41.4271 4.94857 6.9
    endloop
  endfacet
  facet normal 0.763841 0.645404 0
    outer loop
      vertex 41.5102 4.86437 7.4
      vertex 41.472 4.90958 6.9
      vertex 41.472 4.90958 7.4
    endloop
  endfacet
  facet normal 0.763841 0.645404 0
    outer loop
      vertex 41.472 4.90958 6.9
      vertex 41.5102 4.86437 7.4
      vertex 41.5102 4.86437 6.9
    endloop
  endfacet
  facet normal 0.851057 0.525074 0
    outer loop
      vertex 41.5414 4.8138 7.4
      vertex 41.5102 4.86437 6.9
      vertex 41.5102 4.86437 7.4
    endloop
  endfacet
  facet normal 0.851057 0.525074 0
    outer loop
      vertex 41.5102 4.86437 6.9
      vertex 41.5414 4.8138 7.4
      vertex 41.5414 4.8138 6.9
    endloop
  endfacet
  facet normal 0.9172 0.398426 0
    outer loop
      vertex 41.5657 4.75786 7.4
      vertex 41.5414 4.8138 6.9
      vertex 41.5414 4.8138 7.4
    endloop
  endfacet
  facet normal 0.9172 0.398426 0
    outer loop
      vertex 41.5414 4.8138 6.9
      vertex 41.5657 4.75786 7.4
      vertex 41.5657 4.75786 6.9
    endloop
  endfacet
  facet normal 0.961985 0.273104 0
    outer loop
      vertex 41.5831 4.69657 7.4
      vertex 41.5657 4.75786 6.9
      vertex 41.5657 4.75786 7.4
    endloop
  endfacet
  facet normal 0.961985 0.273104 0
    outer loop
      vertex 41.5657 4.75786 6.9
      vertex 41.5831 4.69657 7.4
      vertex 41.5831 4.69657 6.9
    endloop
  endfacet
  facet normal 0.988054 0.154106 0
    outer loop
      vertex 41.5935 4.62989 7.4
      vertex 41.5831 4.69657 6.9
      vertex 41.5831 4.69657 7.4
    endloop
  endfacet
  facet normal 0.988054 0.154106 0
    outer loop
      vertex 41.5831 4.69657 6.9
      vertex 41.5935 4.62989 7.4
      vertex 41.5935 4.62989 6.9
    endloop
  endfacet
  facet normal 0.998888 0.0471435 0
    outer loop
      vertex 41.5969 4.55785 7.4
      vertex 41.5935 4.62989 6.9
      vertex 41.5935 4.62989 7.4
    endloop
  endfacet
  facet normal 0.998888 0.0471435 0
    outer loop
      vertex 41.5935 4.62989 6.9
      vertex 41.5969 4.55785 7.4
      vertex 41.5969 4.55785 6.9
    endloop
  endfacet
  facet normal 0.998403 -0.056496 0
    outer loop
      vertex 41.5926 4.48186 7.4
      vertex 41.5969 4.55785 6.9
      vertex 41.5969 4.55785 7.4
    endloop
  endfacet
  facet normal 0.998403 -0.056496 0
    outer loop
      vertex 41.5969 4.55785 6.9
      vertex 41.5926 4.48186 7.4
      vertex 41.5926 4.48186 6.9
    endloop
  endfacet
  facet normal 0.982888 -0.184204 0
    outer loop
      vertex 41.5795 4.41196 7.4
      vertex 41.5926 4.48186 6.9
      vertex 41.5926 4.48186 7.4
    endloop
  endfacet
  facet normal 0.982888 -0.184204 0
    outer loop
      vertex 41.5926 4.48186 6.9
      vertex 41.5795 4.41196 7.4
      vertex 41.5795 4.41196 6.9
    endloop
  endfacet
  facet normal 0.945845 -0.32462 0
    outer loop
      vertex 41.5576 4.34815 7.4
      vertex 41.5795 4.41196 6.9
      vertex 41.5795 4.41196 7.4
    endloop
  endfacet
  facet normal 0.945845 -0.32462 0
    outer loop
      vertex 41.5795 4.41196 6.9
      vertex 41.5576 4.34815 7.4
      vertex 41.5576 4.34815 6.9
    endloop
  endfacet
  facet normal 0.884186 -0.467135 0
    outer loop
      vertex 41.5271 4.29042 7.4
      vertex 41.5576 4.34815 6.9
      vertex 41.5576 4.34815 7.4
    endloop
  endfacet
  facet normal 0.884186 -0.467135 0
    outer loop
      vertex 41.5576 4.34815 6.9
      vertex 41.5271 4.29042 7.4
      vertex 41.5271 4.29042 6.9
    endloop
  endfacet
  facet normal 0.795821 -0.605532 0
    outer loop
      vertex 41.4878 4.23877 7.4
      vertex 41.5271 4.29042 6.9
      vertex 41.5271 4.29042 7.4
    endloop
  endfacet
  facet normal 0.795821 -0.605532 0
    outer loop
      vertex 41.5271 4.29042 6.9
      vertex 41.4878 4.23877 7.4
      vertex 41.4878 4.23877 6.9
    endloop
  endfacet
  facet normal 0.687678 -0.726016 0
    outer loop
      vertex 41.4397 4.19321 6.9
      vertex 41.4878 4.23877 7.4
      vertex 41.4397 4.19321 7.4
    endloop
  endfacet
  facet normal 0.687678 -0.726016 0
    outer loop
      vertex 41.4878 4.23877 7.4
      vertex 41.4397 4.19321 6.9
      vertex 41.4878 4.23877 6.9
    endloop
  endfacet
  facet normal 0.566418 -0.824118 0
    outer loop
      vertex 41.383 4.15424 6.9
      vertex 41.4397 4.19321 7.4
      vertex 41.383 4.15424 7.4
    endloop
  endfacet
  facet normal 0.566418 -0.824118 0
    outer loop
      vertex 41.4397 4.19321 7.4
      vertex 41.383 4.15424 6.9
      vertex 41.4397 4.19321 6.9
    endloop
  endfacet
  facet normal 0.439371 -0.898306 0
    outer loop
      vertex 41.3178 4.12235 6.9
      vertex 41.383 4.15424 7.4
      vertex 41.3178 4.12235 7.4
    endloop
  endfacet
  facet normal 0.439371 -0.898306 0
    outer loop
      vertex 41.383 4.15424 7.4
      vertex 41.3178 4.12235 6.9
      vertex 41.383 4.15424 6.9
    endloop
  endfacet
  facet normal 0.318151 -0.94804 0
    outer loop
      vertex 41.2439 4.09755 6.9
      vertex 41.3178 4.12235 7.4
      vertex 41.2439 4.09755 7.4
    endloop
  endfacet
  facet normal 0.318151 -0.94804 0
    outer loop
      vertex 41.3178 4.12235 7.4
      vertex 41.2439 4.09755 6.9
      vertex 41.3178 4.12235 6.9
    endloop
  endfacet
  facet normal 0.209772 -0.97775 0
    outer loop
      vertex 41.1614 4.07985 6.9
      vertex 41.2439 4.09755 7.4
      vertex 41.1614 4.07985 7.4
    endloop
  endfacet
  facet normal 0.209772 -0.97775 0
    outer loop
      vertex 41.2439 4.09755 7.4
      vertex 41.1614 4.07985 6.9
      vertex 41.2439 4.09755 6.9
    endloop
  endfacet
  facet normal 0.116024 -0.993246 0
    outer loop
      vertex 41.0704 4.06922 6.9
      vertex 41.1614 4.07985 7.4
      vertex 41.0704 4.06922 7.4
    endloop
  endfacet
  facet normal 0.116024 -0.993246 0
    outer loop
      vertex 41.1614 4.07985 7.4
      vertex 41.0704 4.06922 6.9
      vertex 41.1614 4.07985 6.9
    endloop
  endfacet
  facet normal 0.0354842 -0.99937 0
    outer loop
      vertex 40.9707 4.06568 6.9
      vertex 41.0704 4.06922 7.4
      vertex 40.9707 4.06568 7.4
    endloop
  endfacet
  facet normal 0.0354842 -0.99937 0
    outer loop
      vertex 41.0704 4.06922 7.4
      vertex 40.9707 4.06568 6.9
      vertex 41.0704 4.06922 6.9
    endloop
  endfacet
  facet normal 0 -1 0
    outer loop
      vertex 40.7337 4.06568 6.9
      vertex 40.9707 4.06568 7.4
      vertex 40.7337 4.06568 7.4
    endloop
  endfacet
  facet normal 0 -1 -0
    outer loop
      vertex 40.9707 4.06568 7.4
      vertex 40.7337 4.06568 6.9
      vertex 40.9707 4.06568 6.9
    endloop
  endfacet
  facet normal 1 -0 0
    outer loop
      vertex 40.7337 3.48072 7.4
      vertex 40.7337 4.06568 6.9
      vertex 40.7337 4.06568 7.4
    endloop
  endfacet
  facet normal 1 0 0
    outer loop
      vertex 40.7337 4.06568 6.9
      vertex 40.7337 3.48072 7.4
      vertex 40.7337 3.48072 6.9
    endloop
  endfacet
  facet normal 0 1 -0
    outer loop
      vertex 40.9862 3.48072 6.9
      vertex 40.7337 3.48072 7.4
      vertex 40.9862 3.48072 7.4
    endloop
  endfacet
  facet normal 0 1 0
    outer loop
      vertex 40.7337 3.48072 7.4
      vertex 40.9862 3.48072 6.9
      vertex 40.7337 3.48072 6.9
    endloop
  endfacet
  facet normal 0.0323201 0.999478 -0
    outer loop
      vertex 41.0966 3.47715 6.9
      vertex 40.9862 3.48072 7.4
      vertex 41.0966 3.47715 7.4
    endloop
  endfacet
  facet normal 0.0323201 0.999478 0
    outer loop
      vertex 40.9862 3.48072 7.4
      vertex 41.0966 3.47715 6.9
      vertex 40.9862 3.48072 6.9
    endloop
  endfacet
  facet normal 0.105942 0.994372 -0
    outer loop
      vertex 41.1975 3.4664 6.9
      vertex 41.0966 3.47715 7.4
      vertex 41.1975 3.4664 7.4
    endloop
  endfacet
  facet normal 0.105942 0.994372 0
    outer loop
      vertex 41.0966 3.47715 7.4
      vertex 41.1975 3.4664 6.9
      vertex 41.0966 3.47715 6.9
    endloop
  endfacet
  facet normal 0.191989 0.981397 -0
    outer loop
      vertex 41.289 3.4485 6.9
      vertex 41.1975 3.4664 7.4
      vertex 41.289 3.4485 7.4
    endloop
  endfacet
  facet normal 0.191989 0.981397 0
    outer loop
      vertex 41.1975 3.4664 7.4
      vertex 41.289 3.4485 6.9
      vertex 41.1975 3.4664 6.9
    endloop
  endfacet
  facet normal 0.292159 0.95637 -0
    outer loop
      vertex 41.371 3.42345 6.9
      vertex 41.289 3.4485 7.4
      vertex 41.371 3.42345 7.4
    endloop
  endfacet
  facet normal 0.292159 0.95637 0
    outer loop
      vertex 41.289 3.4485 7.4
      vertex 41.371 3.42345 6.9
      vertex 41.289 3.4485 6.9
    endloop
  endfacet
  facet normal 0.405543 0.914076 -0
    outer loop
      vertex 41.4436 3.39124 6.9
      vertex 41.371 3.42345 7.4
      vertex 41.4436 3.39124 7.4
    endloop
  endfacet
  facet normal 0.405543 0.914076 0
    outer loop
      vertex 41.371 3.42345 7.4
      vertex 41.4436 3.39124 6.9
      vertex 41.371 3.42345 6.9
    endloop
  endfacet
  facet normal 0.529443 0.848346 -0
    outer loop
      vertex 41.5067 3.35186 6.9
      vertex 41.4436 3.39124 7.4
      vertex 41.5067 3.35186 7.4
    endloop
  endfacet
  facet normal 0.529443 0.848346 0
    outer loop
      vertex 41.4436 3.39124 7.4
      vertex 41.5067 3.35186 6.9
      vertex 41.4436 3.39124 6.9
    endloop
  endfacet
  facet normal 0.65199 0.758227 -0
    outer loop
      vertex 41.5603 3.30577 6.9
      vertex 41.5067 3.35186 7.4
      vertex 41.5603 3.30577 7.4
    endloop
  endfacet
  facet normal 0.65199 0.758227 0
    outer loop
      vertex 41.5067 3.35186 7.4
      vertex 41.5603 3.30577 6.9
      vertex 41.5067 3.35186 6.9
    endloop
  endfacet
  facet normal 0.7672 0.641408 0
    outer loop
      vertex 41.6041 3.25338 7.4
      vertex 41.5603 3.30577 6.9
      vertex 41.5603 3.30577 7.4
    endloop
  endfacet
  facet normal 0.7672 0.641408 0
    outer loop
      vertex 41.5603 3.30577 6.9
      vertex 41.6041 3.25338 7.4
      vertex 41.6041 3.25338 6.9
    endloop
  endfacet
  facet normal 0.865288 0.501275 0
    outer loop
      vertex 41.6381 3.19469 7.4
      vertex 41.6041 3.25338 6.9
      vertex 41.6041 3.25338 7.4
    endloop
  endfacet
  facet normal 0.865288 0.501275 0
    outer loop
      vertex 41.6041 3.25338 6.9
      vertex 41.6381 3.19469 7.4
      vertex 41.6381 3.19469 6.9
    endloop
  endfacet
  facet normal 0.936193 0.351487 0
    outer loop
      vertex 41.6625 3.1297 7.4
      vertex 41.6381 3.19469 6.9
      vertex 41.6381 3.19469 7.4
    endloop
  endfacet
  facet normal 0.936193 0.351487 0
    outer loop
      vertex 41.6381 3.19469 6.9
      vertex 41.6625 3.1297 7.4
      vertex 41.6625 3.1297 6.9
    endloop
  endfacet
  facet normal 0.979666 0.200633 0
    outer loop
      vertex 41.6771 3.05841 7.4
      vertex 41.6625 3.1297 6.9
      vertex 41.6625 3.1297 7.4
    endloop
  endfacet
  facet normal 0.979666 0.200633 0
    outer loop
      vertex 41.6625 3.1297 6.9
      vertex 41.6771 3.05841 7.4
      vertex 41.6771 3.05841 6.9
    endloop
  endfacet
  facet normal 0.998012 0.0630269 0
    outer loop
      vertex 41.682 2.98082 7.4
      vertex 41.6771 3.05841 6.9
      vertex 41.6771 3.05841 7.4
    endloop
  endfacet
  facet normal 0.998012 0.0630269 0
    outer loop
      vertex 41.6771 3.05841 6.9
      vertex 41.682 2.98082 7.4
      vertex 41.682 2.98082 6.9
    endloop
  endfacet
  facet normal 0.99883 -0.0483666 0
    outer loop
      vertex 41.6779 2.89615 7.4
      vertex 41.682 2.98082 6.9
      vertex 41.682 2.98082 7.4
    endloop
  endfacet
  facet normal 0.99883 -0.0483666 0
    outer loop
      vertex 41.682 2.98082 6.9
      vertex 41.6779 2.89615 7.4
      vertex 41.6779 2.89615 6.9
    endloop
  endfacet
  facet normal 0.988103 -0.15379 0
    outer loop
      vertex 41.6659 2.81905 7.4
      vertex 41.6779 2.89615 6.9
      vertex 41.6779 2.89615 7.4
    endloop
  endfacet
  facet normal 0.988103 -0.15379 0
    outer loop
      vertex 41.6779 2.89615 6.9
      vertex 41.6659 2.81905 7.4
      vertex 41.6659 2.81905 6.9
    endloop
  endfacet
  facet normal 0.961 -0.276547 0
    outer loop
      vertex 41.6459 2.74955 7.4
      vertex 41.6659 2.81905 6.9
      vertex 41.6659 2.81905 7.4
    endloop
  endfacet
  facet normal 0.961 -0.276547 0
    outer loop
      vertex 41.6659 2.81905 6.9
      vertex 41.6459 2.74955 7.4
      vertex 41.6459 2.74955 6.9
    endloop
  endfacet
  facet normal 0.910643 -0.413194 0
    outer loop
      vertex 41.6178 2.68762 7.4
      vertex 41.6459 2.74955 6.9
      vertex 41.6459 2.74955 7.4
    endloop
  endfacet
  facet normal 0.910643 -0.413194 0
    outer loop
      vertex 41.6459 2.74955 6.9
      vertex 41.6178 2.68762 7.4
      vertex 41.6178 2.68762 6.9
    endloop
  endfacet
  facet normal 0.832898 -0.553426 0
    outer loop
      vertex 41.5817 2.63329 7.4
      vertex 41.6178 2.68762 6.9
      vertex 41.6178 2.68762 7.4
    endloop
  endfacet
  facet normal 0.832898 -0.553426 0
    outer loop
      vertex 41.6178 2.68762 6.9
      vertex 41.5817 2.63329 7.4
      vertex 41.5817 2.63329 6.9
    endloop
  endfacet
  facet normal 0.727423 -0.686189 0
    outer loop
      vertex 41.5376 2.58654 7.4
      vertex 41.5817 2.63329 6.9
      vertex 41.5817 2.63329 7.4
    endloop
  endfacet
  facet normal 0.727423 -0.686189 0
    outer loop
      vertex 41.5817 2.63329 6.9
      vertex 41.5376 2.58654 7.4
      vertex 41.5376 2.58654 6.9
    endloop
  endfacet
  facet normal 0.608724 -0.793382 0
    outer loop
      vertex 41.4863 2.54718 6.9
      vertex 41.5376 2.58654 7.4
      vertex 41.4863 2.54718 7.4
    endloop
  endfacet
  facet normal 0.608724 -0.793382 0
    outer loop
      vertex 41.5376 2.58654 7.4
      vertex 41.4863 2.54718 6.9
      vertex 41.5376 2.58654 6.9
    endloop
  endfacet
  facet normal 0.487428 -0.873163 0
    outer loop
      vertex 41.4286 2.51497 6.9
      vertex 41.4863 2.54718 7.4
      vertex 41.4286 2.51497 7.4
    endloop
  endfacet
  facet normal 0.487428 -0.873163 0
    outer loop
      vertex 41.4863 2.54718 7.4
      vertex 41.4286 2.51497 6.9
      vertex 41.4863 2.54718 6.9
    endloop
  endfacet
  facet normal 0.36288 -0.931836 0
    outer loop
      vertex 41.3643 2.48993 6.9
      vertex 41.4286 2.51497 7.4
      vertex 41.3643 2.48993 7.4
    endloop
  endfacet
  facet normal 0.36288 -0.931836 0
    outer loop
      vertex 41.4286 2.51497 7.4
      vertex 41.3643 2.48993 6.9
      vertex 41.4286 2.51497 6.9
    endloop
  endfacet
  facet normal 0.245765 -0.969329 0
    outer loop
      vertex 41.2937 2.47203 6.9
      vertex 41.3643 2.48993 7.4
      vertex 41.2937 2.47203 7.4
    endloop
  endfacet
  facet normal 0.245765 -0.969329 0
    outer loop
      vertex 41.3643 2.48993 7.4
      vertex 41.2937 2.47203 6.9
      vertex 41.3643 2.48993 6.9
    endloop
  endfacet
  facet normal 0.137715 -0.990472 0
    outer loop
      vertex 41.2166 2.46131 6.9
      vertex 41.2937 2.47203 7.4
      vertex 41.2166 2.46131 7.4
    endloop
  endfacet
  facet normal 0.137715 -0.990472 0
    outer loop
      vertex 41.2937 2.47203 7.4
      vertex 41.2166 2.46131 6.9
      vertex 41.2937 2.47203 6.9
    endloop
  endfacet
  facet normal 0.0429543 -0.999077 0
    outer loop
      vertex 41.1331 2.45772 6.9
      vertex 41.2166 2.46131 7.4
      vertex 41.1331 2.45772 7.4
    endloop
  endfacet
  facet normal 0.0429543 -0.999077 0
    outer loop
      vertex 41.2166 2.46131 7.4
      vertex 41.1331 2.45772 6.9
      vertex 41.2166 2.46131 6.9
    endloop
  endfacet
  facet normal -0.0890057 -0.996031 0
    outer loop
      vertex 40.9705 2.47225 6.9
      vertex 41.1331 2.45772 7.4
      vertex 40.9705 2.47225 7.4
    endloop
  endfacet
  facet normal -0.0890057 -0.996031 -0
    outer loop
      vertex 41.1331 2.45772 7.4
      vertex 40.9705 2.47225 6.9
      vertex 41.1331 2.45772 6.9
    endloop
  endfacet
  facet normal -0.302796 -0.953055 0
    outer loop
      vertex 40.8333 2.51584 6.9
      vertex 40.9705 2.47225 7.4
      vertex 40.8333 2.51584 7.4
    endloop
  endfacet
  facet normal -0.302796 -0.953055 -0
    outer loop
      vertex 40.9705 2.47225 7.4
      vertex 40.8333 2.51584 6.9
      vertex 40.9705 2.47225 6.9
    endloop
  endfacet
  facet normal -0.544593 -0.8387 0
    outer loop
      vertex 40.7214 2.5885 6.9
      vertex 40.8333 2.51584 7.4
      vertex 40.7214 2.5885 7.4
    endloop
  endfacet
  facet normal -0.544593 -0.8387 -0
    outer loop
      vertex 40.8333 2.51584 7.4
      vertex 40.7214 2.5885 6.9
      vertex 40.8333 2.51584 6.9
    endloop
  endfacet
  facet normal -0.761799 -0.647814 0
    outer loop
      vertex 40.7214 2.5885 6.9
      vertex 40.6349 2.69022 7.4
      vertex 40.6349 2.69022 6.9
    endloop
  endfacet
  facet normal -0.761799 -0.647814 0
    outer loop
      vertex 40.6349 2.69022 7.4
      vertex 40.7214 2.5885 6.9
      vertex 40.7214 2.5885 7.4
    endloop
  endfacet
  facet normal -0.905721 -0.423875 0
    outer loop
      vertex 40.6349 2.69022 6.9
      vertex 40.5737 2.82099 7.4
      vertex 40.5737 2.82099 6.9
    endloop
  endfacet
  facet normal -0.905721 -0.423875 0
    outer loop
      vertex 40.5737 2.82099 7.4
      vertex 40.6349 2.69022 6.9
      vertex 40.6349 2.69022 7.4
    endloop
  endfacet
  facet normal -0.97569 -0.219153 0
    outer loop
      vertex 40.5737 2.82099 6.9
      vertex 40.5378 2.98082 7.4
      vertex 40.5378 2.98082 6.9
    endloop
  endfacet
  facet normal -0.97569 -0.219153 0
    outer loop
      vertex 40.5378 2.98082 7.4
      vertex 40.5737 2.82099 6.9
      vertex 40.5737 2.82099 7.4
    endloop
  endfacet
  facet normal 0.0871032 -0.996199 0
    outer loop
      vertex 39.8008 2.91638 6.9
      vertex 40.5378 2.98082 7.4
      vertex 39.8008 2.91638 7.4
    endloop
  endfacet
  facet normal 0.0871032 -0.996199 0
    outer loop
      vertex 40.5378 2.98082 7.4
      vertex 39.8008 2.91638 6.9
      vertex 40.5378 2.98082 6.9
    endloop
  endfacet
  facet normal 0.985796 0.167947 0
    outer loop
      vertex 39.8285 2.75379 7.4
      vertex 39.8008 2.91638 6.9
      vertex 39.8008 2.91638 7.4
    endloop
  endfacet
  facet normal 0.985796 0.167947 0
    outer loop
      vertex 39.8008 2.91638 6.9
      vertex 39.8285 2.75379 7.4
      vertex 39.8285 2.75379 6.9
    endloop
  endfacet
  facet normal 0.959937 0.280217 0
    outer loop
      vertex 39.8721 2.60443 7.4
      vertex 39.8285 2.75379 6.9
      vertex 39.8285 2.75379 7.4
    endloop
  endfacet
  facet normal 0.959937 0.280217 0
    outer loop
      vertex 39.8285 2.75379 6.9
      vertex 39.8721 2.60443 7.4
      vertex 39.8721 2.60443 6.9
    endloop
  endfacet
  facet normal 0.916265 0.400572 0
    outer loop
      vertex 39.9316 2.46833 7.4
      vertex 39.8721 2.60443 6.9
      vertex 39.8721 2.60443 7.4
    endloop
  endfacet
  facet normal 0.916265 0.400572 0
    outer loop
      vertex 39.8721 2.60443 6.9
      vertex 39.9316 2.46833 7.4
      vertex 39.9316 2.46833 6.9
    endloop
  endfacet
  facet normal 0.852334 0.522998 0
    outer loop
      vertex 40.007 2.34545 7.4
      vertex 39.9316 2.46833 6.9
      vertex 39.9316 2.46833 7.4
    endloop
  endfacet
  facet normal 0.852334 0.522998 0
    outer loop
      vertex 39.9316 2.46833 6.9
      vertex 40.007 2.34545 7.4
      vertex 40.007 2.34545 6.9
    endloop
  endfacet
  facet normal 0.768394 0.639978 0
    outer loop
      vertex 40.0983 2.23583 7.4
      vertex 40.007 2.34545 6.9
      vertex 40.007 2.34545 7.4
    endloop
  endfacet
  facet normal 0.768394 0.639978 0
    outer loop
      vertex 40.007 2.34545 6.9
      vertex 40.0983 2.23583 7.4
      vertex 40.0983 2.23583 6.9
    endloop
  endfacet
  facet normal 0.668965 0.743294 -0
    outer loop
      vertex 40.2054 2.13944 6.9
      vertex 40.0983 2.23583 7.4
      vertex 40.2054 2.13944 7.4
    endloop
  endfacet
  facet normal 0.668965 0.743294 0
    outer loop
      vertex 40.0983 2.23583 7.4
      vertex 40.2054 2.13944 6.9
      vertex 40.0983 2.23583 6.9
    endloop
  endfacet
  facet normal 0.559777 0.828644 -0
    outer loop
      vertex 40.3272 2.05716 6.9
      vertex 40.2054 2.13944 7.4
      vertex 40.3272 2.05716 7.4
    endloop
  endfacet
  facet normal 0.559777 0.828644 0
    outer loop
      vertex 40.2054 2.13944 7.4
      vertex 40.3272 2.05716 6.9
      vertex 40.2054 2.13944 6.9
    endloop
  endfacet
  facet normal 0.445994 0.895036 -0
    outer loop
      vertex 40.4623 1.98984 6.9
      vertex 40.3272 2.05716 7.4
      vertex 40.4623 1.98984 7.4
    endloop
  endfacet
  facet normal 0.445994 0.895036 0
    outer loop
      vertex 40.3272 2.05716 7.4
      vertex 40.4623 1.98984 6.9
      vertex 40.3272 2.05716 6.9
    endloop
  endfacet
  facet normal 0.33287 0.942973 -0
    outer loop
      vertex 40.6106 1.93749 6.9
      vertex 40.4623 1.98984 7.4
      vertex 40.6106 1.93749 7.4
    endloop
  endfacet
  facet normal 0.33287 0.942973 0
    outer loop
      vertex 40.4623 1.98984 7.4
      vertex 40.6106 1.93749 6.9
      vertex 40.4623 1.98984 6.9
    endloop
  endfacet
  facet normal 0.225344 0.974279 -0
    outer loop
      vertex 40.7723 1.90009 6.9
      vertex 40.6106 1.93749 7.4
      vertex 40.7723 1.90009 7.4
    endloop
  endfacet
  facet normal 0.225344 0.974279 0
    outer loop
      vertex 40.6106 1.93749 7.4
      vertex 40.7723 1.90009 6.9
      vertex 40.6106 1.93749 6.9
    endloop
  endfacet
  facet normal 0.127243 0.991872 -0
    outer loop
      vertex 40.9473 1.87764 6.9
      vertex 40.7723 1.90009 7.4
      vertex 40.9473 1.87764 7.4
    endloop
  endfacet
  facet normal 0.127243 0.991872 0
    outer loop
      vertex 40.7723 1.90009 7.4
      vertex 40.9473 1.87764 6.9
      vertex 40.7723 1.90009 6.9
    endloop
  endfacet
  facet normal 0.0396186 0.999215 -0
    outer loop
      vertex 41.1357 1.87017 6.9
      vertex 40.9473 1.87764 7.4
      vertex 41.1357 1.87017 7.4
    endloop
  endfacet
  facet normal 0.0396186 0.999215 0
    outer loop
      vertex 40.9473 1.87764 7.4
      vertex 41.1357 1.87017 6.9
      vertex 40.9473 1.87764 6.9
    endloop
  endfacet
  facet normal -0.0389714 0.99924 0
    outer loop
      vertex 41.3339 1.8779 6.9
      vertex 41.1357 1.87017 7.4
      vertex 41.3339 1.8779 7.4
    endloop
  endfacet
  facet normal -0.0389714 0.99924 0
    outer loop
      vertex 41.1357 1.87017 7.4
      vertex 41.3339 1.8779 6.9
      vertex 41.1357 1.87017 6.9
    endloop
  endfacet
  facet normal 0 -1 0
    outer loop
      vertex 23.6731 2.52472 6.9
      vertex 25.7423 2.52472 7.4
      vertex 23.6731 2.52472 7.4
    endloop
  endfacet
  facet normal 0 -1 -0
    outer loop
      vertex 25.7423 2.52472 7.4
      vertex 23.6731 2.52472 6.9
      vertex 25.7423 2.52472 6.9
    endloop
  endfacet
  facet normal -0.787293 0.616579 0
    outer loop
      vertex 23.6731 2.52472 6.9
      vertex 25.6367 5.03199 7.4
      vertex 25.6367 5.03199 6.9
    endloop
  endfacet
  facet normal -0.787293 0.616579 0
    outer loop
      vertex 25.6367 5.03199 7.4
      vertex 23.6731 2.52472 6.9
      vertex 23.6731 2.52472 7.4
    endloop
  endfacet
  facet normal -1 0 0
    outer loop
      vertex 25.6367 5.03199 6.9
      vertex 25.6367 5.56026 7.4
      vertex 25.6367 5.56026 6.9
    endloop
  endfacet
  facet normal -1 -0 0
    outer loop
      vertex 25.6367 5.56026 7.4
      vertex 25.6367 5.03199 6.9
      vertex 25.6367 5.03199 7.4
    endloop
  endfacet
  facet normal 0 -1 0
    outer loop
      vertex 23.0237 5.56026 6.9
      vertex 25.6367 5.56026 7.4
      vertex 23.0237 5.56026 7.4
    endloop
  endfacet
  facet normal 0 -1 -0
    outer loop
      vertex 25.6367 5.56026 7.4
      vertex 23.0237 5.56026 6.9
      vertex 25.6367 5.56026 6.9
    endloop
  endfacet
  facet normal 1 -0 0
    outer loop
      vertex 23.0237 4.96498 7.4
      vertex 23.0237 5.56026 6.9
      vertex 23.0237 5.56026 7.4
    endloop
  endfacet
  facet normal 1 0 0
    outer loop
      vertex 23.0237 5.56026 6.9
      vertex 23.0237 4.96498 7.4
      vertex 23.0237 4.96498 6.9
    endloop
  endfacet
  facet normal 0 1 -0
    outer loop
      vertex 24.7915 4.96498 6.9
      vertex 23.0237 4.96498 7.4
      vertex 24.7915 4.96498 7.4
    endloop
  endfacet
  facet normal 0 1 0
    outer loop
      vertex 23.0237 4.96498 7.4
      vertex 24.7915 4.96498 6.9
      vertex 23.0237 4.96498 6.9
    endloop
  endfacet
  facet normal 0.786058 -0.618153 0
    outer loop
      vertex 22.8279 2.46802 7.4
      vertex 24.7915 4.96498 6.9
      vertex 24.7915 4.96498 7.4
    endloop
  endfacet
  facet normal 0.786058 -0.618153 0
    outer loop
      vertex 24.7915 4.96498 6.9
      vertex 22.8279 2.46802 7.4
      vertex 22.8279 2.46802 6.9
    endloop
  endfacet
  facet normal 1 -0 0
    outer loop
      vertex 22.8279 1.92945 7.4
      vertex 22.8279 2.46802 6.9
      vertex 22.8279 2.46802 7.4
    endloop
  endfacet
  facet normal 1 0 0
    outer loop
      vertex 22.8279 2.46802 6.9
      vertex 22.8279 1.92945 7.4
      vertex 22.8279 1.92945 6.9
    endloop
  endfacet
  facet normal 0 1 -0
    outer loop
      vertex 25.7423 1.92945 6.9
      vertex 22.8279 1.92945 7.4
      vertex 25.7423 1.92945 7.4
    endloop
  endfacet
  facet normal 0 1 0
    outer loop
      vertex 22.8279 1.92945 7.4
      vertex 25.7423 1.92945 6.9
      vertex 22.8279 1.92945 6.9
    endloop
  endfacet
  facet normal -1 0 0
    outer loop
      vertex 25.7423 1.92945 6.9
      vertex 25.7423 2.52472 7.4
      vertex 25.7423 2.52472 6.9
    endloop
  endfacet
  facet normal -1 -0 0
    outer loop
      vertex 25.7423 2.52472 7.4
      vertex 25.7423 1.92945 6.9
      vertex 25.7423 1.92945 7.4
    endloop
  endfacet
  facet normal 0 -1 0
    outer loop
      vertex 27.1841 2.51696 6.9
      vertex 29.3847 2.51696 7.4
      vertex 27.1841 2.51696 7.4
    endloop
  endfacet
  facet normal 0 -1 -0
    outer loop
      vertex 29.3847 2.51696 7.4
      vertex 27.1841 2.51696 6.9
      vertex 29.3847 2.51696 6.9
    endloop
  endfacet
  facet normal -1 0 0
    outer loop
      vertex 27.1841 2.51696 6.9
      vertex 27.1841 3.47301 7.4
      vertex 27.1841 3.47301 6.9
    endloop
  endfacet
  facet normal -1 -0 0
    outer loop
      vertex 27.1841 3.47301 7.4
      vertex 27.1841 2.51696 6.9
      vertex 27.1841 2.51696 7.4
    endloop
  endfacet
  facet normal 0 1 -0
    outer loop
      vertex 29.1219 3.47301 6.9
      vertex 27.1841 3.47301 7.4
      vertex 29.1219 3.47301 7.4
    endloop
  endfacet
  facet normal 0 1 0
    outer loop
      vertex 27.1841 3.47301 7.4
      vertex 29.1219 3.47301 6.9
      vertex 27.1841 3.47301 6.9
    endloop
  endfacet
  facet normal -1 0 0
    outer loop
      vertex 29.1219 3.47301 6.9
      vertex 29.1219 4.0605 7.4
      vertex 29.1219 4.0605 6.9
    endloop
  endfacet
  facet normal -1 -0 0
    outer loop
      vertex 29.1219 4.0605 7.4
      vertex 29.1219 3.47301 6.9
      vertex 29.1219 3.47301 7.4
    endloop
  endfacet
  facet normal 0 -1 0
    outer loop
      vertex 27.1841 4.0605 6.9
      vertex 29.1219 4.0605 7.4
      vertex 27.1841 4.0605 7.4
    endloop
  endfacet
  facet normal 0 -1 -0
    outer loop
      vertex 29.1219 4.0605 7.4
      vertex 27.1841 4.0605 6.9
      vertex 29.1219 4.0605 6.9
    endloop
  endfacet
  facet normal -1 0 0
    outer loop
      vertex 27.1841 4.0605 6.9
      vertex 27.1841 4.97274 7.4
      vertex 27.1841 4.97274 6.9
    endloop
  endfacet
  facet normal -1 -0 0
    outer loop
      vertex 27.1841 4.97274 7.4
      vertex 27.1841 4.0605 6.9
      vertex 27.1841 4.0605 7.4
    endloop
  endfacet
  facet normal 0 1 -0
    outer loop
      vertex 29.2791 4.97274 6.9
      vertex 27.1841 4.97274 7.4
      vertex 29.2791 4.97274 7.4
    endloop
  endfacet
  facet normal 0 1 0
    outer loop
      vertex 27.1841 4.97274 7.4
      vertex 29.2791 4.97274 6.9
      vertex 27.1841 4.97274 6.9
    endloop
  endfacet
  facet normal -1 0 0
    outer loop
      vertex 29.2791 4.97274 6.9
      vertex 29.2791 5.56026 7.4
      vertex 29.2791 5.56026 6.9
    endloop
  endfacet
  facet normal -1 -0 0
    outer loop
      vertex 29.2791 5.56026 7.4
      vertex 29.2791 4.97274 6.9
      vertex 29.2791 4.97274 7.4
    endloop
  endfacet
  facet normal 0 -1 0
    outer loop
      vertex 26.4239 5.56026 6.9
      vertex 29.2791 5.56026 7.4
      vertex 26.4239 5.56026 7.4
    endloop
  endfacet
  facet normal 0 -1 -0
    outer loop
      vertex 29.2791 5.56026 7.4
      vertex 26.4239 5.56026 6.9
      vertex 29.2791 5.56026 6.9
    endloop
  endfacet
  facet normal 1 -0 0
    outer loop
      vertex 26.4239 1.92945 7.4
      vertex 26.4239 5.56026 6.9
      vertex 26.4239 5.56026 7.4
    endloop
  endfacet
  facet normal 1 0 0
    outer loop
      vertex 26.4239 5.56026 6.9
      vertex 26.4239 1.92945 7.4
      vertex 26.4239 1.92945 6.9
    endloop
  endfacet
  facet normal 0 1 -0
    outer loop
      vertex 29.3847 1.92945 6.9
      vertex 26.4239 1.92945 7.4
      vertex 29.3847 1.92945 7.4
    endloop
  endfacet
  facet normal 0 1 0
    outer loop
      vertex 26.4239 1.92945 7.4
      vertex 29.3847 1.92945 6.9
      vertex 26.4239 1.92945 6.9
    endloop
  endfacet
  facet normal -1 0 0
    outer loop
      vertex 29.3847 1.92945 6.9
      vertex 29.3847 2.51696 7.4
      vertex 29.3847 2.51696 6.9
    endloop
  endfacet
  facet normal -1 -0 0
    outer loop
      vertex 29.3847 2.51696 7.4
      vertex 29.3847 1.92945 6.9
      vertex 29.3847 1.92945 7.4
    endloop
  endfacet
  facet normal 0 1 -0
    outer loop
      vertex 31.7884 3.30808 6.9
      vertex 30.8968 3.30808 7.4
      vertex 31.7884 3.30808 7.4
    endloop
  endfacet
  facet normal 0 1 0
    outer loop
      vertex 30.8968 3.30808 7.4
      vertex 31.7884 3.30808 6.9
      vertex 30.8968 3.30808 6.9
    endloop
  endfacet
  facet normal 0.853226 0.521542 0
    outer loop
      vertex 32.6311 1.92945 7.4
      vertex 31.7884 3.30808 6.9
      vertex 31.7884 3.30808 7.4
    endloop
  endfacet
  facet normal 0.853226 0.521542 0
    outer loop
      vertex 31.7884 3.30808 6.9
      vertex 32.6311 1.92945 7.4
      vertex 32.6311 1.92945 6.9
    endloop
  endfacet
  facet normal 0 1 -0
    outer loop
      vertex 33.4866 1.92945 6.9
      vertex 32.6311 1.92945 7.4
      vertex 33.4866 1.92945 7.4
    endloop
  endfacet
  facet normal 0 1 0
    outer loop
      vertex 32.6311 1.92945 7.4
      vertex 33.4866 1.92945 6.9
      vertex 32.6311 1.92945 6.9
    endloop
  endfacet
  facet normal -0.840899 -0.541192 0
    outer loop
      vertex 33.4866 1.92945 6.9
      vertex 32.5048 3.45496 7.4
      vertex 32.5048 3.45496 6.9
    endloop
  endfacet
  facet normal -0.840899 -0.541192 0
    outer loop
      vertex 32.5048 3.45496 7.4
      vertex 33.4866 1.92945 6.9
      vertex 33.4866 1.92945 7.4
    endloop
  endfacet
  facet normal -0.279092 0.960264 0
    outer loop
      vertex 32.6234 3.48943 6.9
      vertex 32.5048 3.45496 7.4
      vertex 32.6234 3.48943 7.4
    endloop
  endfacet
  facet normal -0.279092 0.960264 0
    outer loop
      vertex 32.5048 3.45496 7.4
      vertex 32.6234 3.48943 6.9
      vertex 32.5048 3.45496 6.9
    endloop
  endfacet
  facet normal -0.3779 0.925846 0
    outer loop
      vertex 32.7336 3.53441 6.9
      vertex 32.6234 3.48943 7.4
      vertex 32.7336 3.53441 7.4
    endloop
  endfacet
  facet normal -0.3779 0.925846 0
    outer loop
      vertex 32.6234 3.48943 7.4
      vertex 32.7336 3.53441 6.9
      vertex 32.6234 3.48943 6.9
    endloop
  endfacet
  facet normal -0.4791 0.87776 0
    outer loop
      vertex 32.8353 3.58992 6.9
      vertex 32.7336 3.53441 7.4
      vertex 32.8353 3.58992 7.4
    endloop
  endfacet
  facet normal -0.4791 0.87776 0
    outer loop
      vertex 32.7336 3.53441 7.4
      vertex 32.8353 3.58992 6.9
      vertex 32.7336 3.53441 6.9
    endloop
  endfacet
  facet normal -0.578095 0.815969 0
    outer loop
      vertex 32.9285 3.65595 6.9
      vertex 32.8353 3.58992 7.4
      vertex 32.9285 3.65595 7.4
    endloop
  endfacet
  facet normal -0.578095 0.815969 0
    outer loop
      vertex 32.8353 3.58992 7.4
      vertex 32.9285 3.65595 6.9
      vertex 32.8353 3.58992 6.9
    endloop
  endfacet
  facet normal -0.669593 0.742728 0
    outer loop
      vertex 33.0134 3.73249 6.9
      vertex 32.9285 3.65595 7.4
      vertex 33.0134 3.73249 7.4
    endloop
  endfacet
  facet normal -0.669593 0.742728 0
    outer loop
      vertex 32.9285 3.65595 7.4
      vertex 33.0134 3.73249 6.9
      vertex 32.9285 3.65595 6.9
    endloop
  endfacet
  facet normal -0.752052 0.659104 0
    outer loop
      vertex 33.0134 3.73249 6.9
      vertex 33.0897 3.81955 7.4
      vertex 33.0897 3.81955 6.9
    endloop
  endfacet
  facet normal -0.752052 0.659104 0
    outer loop
      vertex 33.0897 3.81955 7.4
      vertex 33.0134 3.73249 6.9
      vertex 33.0134 3.73249 7.4
    endloop
  endfacet
  facet normal -0.821095 0.570792 0
    outer loop
      vertex 33.0897 3.81955 6.9
      vertex 33.1559 3.91478 7.4
      vertex 33.1559 3.91478 6.9
    endloop
  endfacet
  facet normal -0.821095 0.570792 0
    outer loop
      vertex 33.1559 3.91478 7.4
      vertex 33.0897 3.81955 6.9
      vertex 33.0897 3.81955 7.4
    endloop
  endfacet
  facet normal -0.881603 0.471991 0
    outer loop
      vertex 33.1559 3.91478 6.9
      vertex 33.21 4.01583 7.4
      vertex 33.21 4.01583 6.9
    endloop
  endfacet
  facet normal -0.881603 0.471991 0
    outer loop
      vertex 33.21 4.01583 7.4
      vertex 33.1559 3.91478 6.9
      vertex 33.1559 3.91478 7.4
    endloop
  endfacet
  facet normal -0.930374 0.366611 0
    outer loop
      vertex 33.21 4.01583 6.9
      vertex 33.2521 4.12267 7.4
      vertex 33.2521 4.12267 6.9
    endloop
  endfacet
  facet normal -0.930374 0.366611 0
    outer loop
      vertex 33.2521 4.12267 7.4
      vertex 33.21 4.01583 6.9
      vertex 33.21 4.01583 7.4
    endloop
  endfacet
  facet normal -0.966101 0.258164 0
    outer loop
      vertex 33.2521 4.12267 6.9
      vertex 33.2822 4.23531 7.4
      vertex 33.2822 4.23531 6.9
    endloop
  endfacet
  facet normal -0.966101 0.258164 0
    outer loop
      vertex 33.2822 4.23531 7.4
      vertex 33.2521 4.12267 6.9
      vertex 33.2521 4.12267 7.4
    endloop
  endfacet
  facet normal -0.988648 0.15025 0
    outer loop
      vertex 33.2822 4.23531 6.9
      vertex 33.3002 4.35375 7.4
      vertex 33.3002 4.35375 6.9
    endloop
  endfacet
  facet normal -0.988648 0.15025 0
    outer loop
      vertex 33.3002 4.35375 7.4
      vertex 33.2822 4.23531 6.9
      vertex 33.2822 4.23531 7.4
    endloop
  endfacet
  facet normal -0.998836 0.0482452 0
    outer loop
      vertex 33.3002 4.35375 6.9
      vertex 33.3062 4.47797 7.4
      vertex 33.3062 4.47797 6.9
    endloop
  endfacet
  facet normal -0.998836 0.0482452 0
    outer loop
      vertex 33.3062 4.47797 7.4
      vertex 33.3002 4.35375 6.9
      vertex 33.3002 4.35375 7.4
    endloop
  endfacet
  facet normal -0.998295 -0.0583659 0
    outer loop
      vertex 33.3062 4.47797 6.9
      vertex 33.2964 4.64559 7.4
      vertex 33.2964 4.64559 6.9
    endloop
  endfacet
  facet normal -0.998295 -0.0583659 0
    outer loop
      vertex 33.2964 4.64559 7.4
      vertex 33.3062 4.47797 6.9
      vertex 33.3062 4.47797 7.4
    endloop
  endfacet
  facet normal -0.982274 -0.187452 0
    outer loop
      vertex 33.2964 4.64559 6.9
      vertex 33.267 4.79965 7.4
      vertex 33.267 4.79965 6.9
    endloop
  endfacet
  facet normal -0.982274 -0.187452 0
    outer loop
      vertex 33.267 4.79965 7.4
      vertex 33.2964 4.64559 6.9
      vertex 33.2964 4.64559 7.4
    endloop
  endfacet
  facet normal -0.944052 -0.329797 0
    outer loop
      vertex 33.267 4.79965 6.9
      vertex 33.2179 4.9402 7.4
      vertex 33.2179 4.9402 6.9
    endloop
  endfacet
  facet normal -0.944052 -0.329797 0
    outer loop
      vertex 33.2179 4.9402 7.4
      vertex 33.267 4.79965 6.9
      vertex 33.267 4.79965 7.4
    endloop
  endfacet
  facet normal -0.879879 -0.475198 0
    outer loop
      vertex 33.2179 4.9402 6.9
      vertex 33.1493 5.06722 7.4
      vertex 33.1493 5.06722 6.9
    endloop
  endfacet
  facet normal -0.879879 -0.475198 0
    outer loop
      vertex 33.1493 5.06722 7.4
      vertex 33.2179 4.9402 6.9
      vertex 33.2179 4.9402 7.4
    endloop
  endfacet
  facet normal -0.789225 -0.614104 0
    outer loop
      vertex 33.1493 5.06722 6.9
      vertex 33.061 5.1807 7.4
      vertex 33.061 5.1807 6.9
    endloop
  endfacet
  facet normal -0.789225 -0.614104 0
    outer loop
      vertex 33.061 5.1807 7.4
      vertex 33.1493 5.06722 6.9
      vertex 33.1493 5.06722 7.4
    endloop
  endfacet
  facet normal -0.679866 -0.733336 0
    outer loop
      vertex 32.9532 5.28064 6.9
      vertex 33.061 5.1807 7.4
      vertex 32.9532 5.28064 7.4
    endloop
  endfacet
  facet normal -0.679866 -0.733336 -0
    outer loop
      vertex 33.061 5.1807 7.4
      vertex 32.9532 5.28064 6.9
      vertex 33.061 5.1807 6.9
    endloop
  endfacet
  facet normal -0.561277 -0.827628 0
    outer loop
      vertex 32.8272 5.36609 6.9
      vertex 32.9532 5.28064 7.4
      vertex 32.8272 5.36609 7.4
    endloop
  endfacet
  facet normal -0.561277 -0.827628 -0
    outer loop
      vertex 32.9532 5.28064 7.4
      vertex 32.8272 5.36609 6.9
      vertex 32.9532 5.28064 6.9
    endloop
  endfacet
  facet normal -0.440895 -0.897559 0
    outer loop
      vertex 32.6849 5.43599 6.9
      vertex 32.8272 5.36609 7.4
      vertex 32.6849 5.43599 7.4
    endloop
  endfacet
  facet normal -0.440895 -0.897559 -0
    outer loop
      vertex 32.8272 5.36609 7.4
      vertex 32.6849 5.43599 6.9
      vertex 32.8272 5.36609 6.9
    endloop
  endfacet
  facet normal -0.323921 -0.946084 0
    outer loop
      vertex 32.5261 5.49036 6.9
      vertex 32.6849 5.43599 7.4
      vertex 32.5261 5.49036 7.4
    endloop
  endfacet
  facet normal -0.323921 -0.946084 -0
    outer loop
      vertex 32.6849 5.43599 7.4
      vertex 32.5261 5.49036 6.9
      vertex 32.6849 5.43599 6.9
    endloop
  endfacet
  facet normal -0.216146 -0.976361 0
    outer loop
      vertex 32.3507 5.52919 6.9
      vertex 32.5261 5.49036 7.4
      vertex 32.3507 5.52919 7.4
    endloop
  endfacet
  facet normal -0.216146 -0.976361 -0
    outer loop
      vertex 32.5261 5.49036 7.4
      vertex 32.3507 5.52919 6.9
      vertex 32.5261 5.49036 6.9
    endloop
  endfacet
  facet normal -0.120656 -0.992694 0
    outer loop
      vertex 32.159 5.55249 6.9
      vertex 32.3507 5.52919 7.4
      vertex 32.159 5.55249 7.4
    endloop
  endfacet
  facet normal -0.120656 -0.992694 -0
    outer loop
      vertex 32.3507 5.52919 7.4
      vertex 32.159 5.55249 6.9
      vertex 32.3507 5.52919 6.9
    endloop
  endfacet
  facet normal -0.0372939 -0.999304 0
    outer loop
      vertex 31.9508 5.56026 6.9
      vertex 32.159 5.55249 7.4
      vertex 31.9508 5.56026 7.4
    endloop
  endfacet
  facet normal -0.0372939 -0.999304 -0
    outer loop
      vertex 32.159 5.55249 7.4
      vertex 31.9508 5.56026 6.9
      vertex 32.159 5.55249 6.9
    endloop
  endfacet
  facet normal 0 -1 0
    outer loop
      vertex 30.1366 5.56026 6.9
      vertex 31.9508 5.56026 7.4
      vertex 30.1366 5.56026 7.4
    endloop
  endfacet
  facet normal 0 -1 -0
    outer loop
      vertex 31.9508 5.56026 7.4
      vertex 30.1366 5.56026 6.9
      vertex 31.9508 5.56026 6.9
    endloop
  endfacet
  facet normal 1 -0 0
    outer loop
      vertex 30.1366 1.92945 7.4
      vertex 30.1366 5.56026 6.9
      vertex 30.1366 5.56026 7.4
    endloop
  endfacet
  facet normal 1 0 0
    outer loop
      vertex 30.1366 5.56026 6.9
      vertex 30.1366 1.92945 7.4
      vertex 30.1366 1.92945 6.9
    endloop
  endfacet
  facet normal 0 1 -0
    outer loop
      vertex 30.8968 1.92945 6.9
      vertex 30.1366 1.92945 7.4
      vertex 30.8968 1.92945 7.4
    endloop
  endfacet
  facet normal 0 1 0
    outer loop
      vertex 30.1366 1.92945 7.4
      vertex 30.8968 1.92945 6.9
      vertex 30.1366 1.92945 6.9
    endloop
  endfacet
  facet normal -1 0 0
    outer loop
      vertex 30.8968 1.92945 6.9
      vertex 30.8968 3.30808 7.4
      vertex 30.8968 3.30808 6.9
    endloop
  endfacet
  facet normal -1 -0 0
    outer loop
      vertex 30.8968 3.30808 7.4
      vertex 30.8968 1.92945 6.9
      vertex 30.8968 1.92945 7.4
    endloop
  endfacet
  facet normal -1 0 0
    outer loop
      vertex 30.8968 3.89817 6.9
      vertex 30.8968 4.97016 7.4
      vertex 30.8968 4.97016 6.9
    endloop
  endfacet
  facet normal -1 -0 0
    outer loop
      vertex 30.8968 4.97016 7.4
      vertex 30.8968 3.89817 6.9
      vertex 30.8968 3.89817 7.4
    endloop
  endfacet
  facet normal 0 1 -0
    outer loop
      vertex 31.8709 4.97016 6.9
      vertex 30.8968 4.97016 7.4
      vertex 31.8709 4.97016 7.4
    endloop
  endfacet
  facet normal 0 1 0
    outer loop
      vertex 30.8968 4.97016 7.4
      vertex 31.8709 4.97016 6.9
      vertex 30.8968 4.97016 6.9
    endloop
  endfacet
  facet normal 0.0708523 0.997487 -0
    outer loop
      vertex 32.0756 4.95562 6.9
      vertex 31.8709 4.97016 7.4
      vertex 32.0756 4.95562 7.4
    endloop
  endfacet
  facet normal 0.0708523 0.997487 0
    outer loop
      vertex 31.8709 4.97016 7.4
      vertex 32.0756 4.95562 6.9
      vertex 31.8709 4.97016 6.9
    endloop
  endfacet
  facet normal 0.251796 0.96778 -0
    outer loop
      vertex 32.2431 4.91204 6.9
      vertex 32.0756 4.95562 7.4
      vertex 32.2431 4.91204 7.4
    endloop
  endfacet
  facet normal 0.251796 0.96778 0
    outer loop
      vertex 32.0756 4.95562 7.4
      vertex 32.2431 4.91204 6.9
      vertex 32.0756 4.95562 6.9
    endloop
  endfacet
  facet normal 0.487082 0.873356 -0
    outer loop
      vertex 32.3734 4.83937 6.9
      vertex 32.2431 4.91204 7.4
      vertex 32.3734 4.83937 7.4
    endloop
  endfacet
  facet normal 0.487082 0.873356 0
    outer loop
      vertex 32.2431 4.91204 7.4
      vertex 32.3734 4.83937 6.9
      vertex 32.2431 4.91204 6.9
    endloop
  endfacet
  facet normal 0.738 0.674801 0
    outer loop
      vertex 32.4664 4.73766 7.4
      vertex 32.3734 4.83937 6.9
      vertex 32.3734 4.83937 7.4
    endloop
  endfacet
  facet normal 0.738 0.674801 0
    outer loop
      vertex 32.3734 4.83937 6.9
      vertex 32.4664 4.73766 7.4
      vertex 32.4664 4.73766 6.9
    endloop
  endfacet
  facet normal 0.919777 0.392442 0
    outer loop
      vertex 32.5222 4.60688 7.4
      vertex 32.4664 4.73766 6.9
      vertex 32.4664 4.73766 7.4
    endloop
  endfacet
  facet normal 0.919777 0.392442 0
    outer loop
      vertex 32.4664 4.73766 6.9
      vertex 32.5222 4.60688 7.4
      vertex 32.5222 4.60688 6.9
    endloop
  endfacet
  facet normal 0.993226 0.116199 0
    outer loop
      vertex 32.5409 4.44704 7.4
      vertex 32.5222 4.60688 6.9
      vertex 32.5222 4.60688 7.4
    endloop
  endfacet
  facet normal 0.993226 0.116199 0
    outer loop
      vertex 32.5222 4.60688 6.9
      vertex 32.5409 4.44704 7.4
      vertex 32.5409 4.44704 6.9
    endloop
  endfacet
  facet normal 0.998487 -0.0549867 0
    outer loop
      vertex 32.5363 4.36351 7.4
      vertex 32.5409 4.44704 6.9
      vertex 32.5409 4.44704 7.4
    endloop
  endfacet
  facet normal 0.998487 -0.0549867 0
    outer loop
      vertex 32.5409 4.44704 6.9
      vertex 32.5363 4.36351 7.4
      vertex 32.5363 4.36351 6.9
    endloop
  endfacet
  facet normal 0.984356 -0.176188 0
    outer loop
      vertex 32.5225 4.28641 7.4
      vertex 32.5363 4.36351 6.9
      vertex 32.5363 4.36351 7.4
    endloop
  endfacet
  facet normal 0.984356 -0.176188 0
    outer loop
      vertex 32.5363 4.36351 6.9
      vertex 32.5225 4.28641 7.4
      vertex 32.5225 4.28641 6.9
    endloop
  endfacet
  facet normal 0.951276 -0.30834 0
    outer loop
      vertex 32.4996 4.21576 7.4
      vertex 32.5225 4.28641 6.9
      vertex 32.5225 4.28641 7.4
    endloop
  endfacet
  facet normal 0.951276 -0.30834 0
    outer loop
      vertex 32.5225 4.28641 6.9
      vertex 32.4996 4.21576 7.4
      vertex 32.4996 4.21576 6.9
    endloop
  endfacet
  facet normal 0.895012 -0.446042 0
    outer loop
      vertex 32.4676 4.15155 7.4
      vertex 32.4996 4.21576 6.9
      vertex 32.4996 4.21576 7.4
    endloop
  endfacet
  facet normal 0.895012 -0.446042 0
    outer loop
      vertex 32.4996 4.21576 6.9
      vertex 32.4676 4.15155 7.4
      vertex 32.4676 4.15155 6.9
    endloop
  endfacet
  facet normal 0.813496 -0.581571 0
    outer loop
      vertex 32.4263 4.09378 7.4
      vertex 32.4676 4.15155 6.9
      vertex 32.4676 4.15155 7.4
    endloop
  endfacet
  facet normal 0.813496 -0.581571 0
    outer loop
      vertex 32.4676 4.15155 6.9
      vertex 32.4263 4.09378 7.4
      vertex 32.4263 4.09378 6.9
    endloop
  endfacet
  facet normal 0.713541 -0.700613 0
    outer loop
      vertex 32.3759 4.04245 7.4
      vertex 32.4263 4.09378 6.9
      vertex 32.4263 4.09378 7.4
    endloop
  endfacet
  facet normal 0.713541 -0.700613 0
    outer loop
      vertex 32.4263 4.09378 6.9
      vertex 32.3759 4.04245 7.4
      vertex 32.3759 4.04245 6.9
    endloop
  endfacet
  facet normal 0.597222 -0.802076 0
    outer loop
      vertex 32.3167 3.99837 6.9
      vertex 32.3759 4.04245 7.4
      vertex 32.3167 3.99837 7.4
    endloop
  endfacet
  facet normal 0.597222 -0.802076 0
    outer loop
      vertex 32.3759 4.04245 7.4
      vertex 32.3167 3.99837 6.9
      vertex 32.3759 4.04245 6.9
    endloop
  endfacet
  facet normal 0.469136 -0.883126 0
    outer loop
      vertex 32.2488 3.9623 6.9
      vertex 32.3167 3.99837 7.4
      vertex 32.2488 3.9623 7.4
    endloop
  endfacet
  facet normal 0.469136 -0.883126 0
    outer loop
      vertex 32.3167 3.99837 7.4
      vertex 32.2488 3.9623 6.9
      vertex 32.3167 3.99837 6.9
    endloop
  endfacet
  facet normal 0.34476 -0.938691 0
    outer loop
      vertex 32.1724 3.93424 6.9
      vertex 32.2488 3.9623 7.4
      vertex 32.1724 3.93424 7.4
    endloop
  endfacet
  facet normal 0.34476 -0.938691 0
    outer loop
      vertex 32.2488 3.9623 7.4
      vertex 32.1724 3.93424 6.9
      vertex 32.2488 3.9623 6.9
    endloop
  endfacet
  facet normal 0.229218 -0.973375 0
    outer loop
      vertex 32.0873 3.9142 6.9
      vertex 32.1724 3.93424 7.4
      vertex 32.0873 3.9142 7.4
    endloop
  endfacet
  facet normal 0.229218 -0.973375 0
    outer loop
      vertex 32.1724 3.93424 7.4
      vertex 32.0873 3.9142 6.9
      vertex 32.1724 3.93424 6.9
    endloop
  endfacet
  facet normal 0.127373 -0.991855 0
    outer loop
      vertex 31.9937 3.90218 6.9
      vertex 32.0873 3.9142 7.4
      vertex 31.9937 3.90218 7.4
    endloop
  endfacet
  facet normal 0.127373 -0.991855 0
    outer loop
      vertex 32.0873 3.9142 7.4
      vertex 31.9937 3.90218 6.9
      vertex 32.0873 3.9142 6.9
    endloop
  endfacet
  facet normal 0.0392066 -0.999231 0
    outer loop
      vertex 31.8915 3.89817 6.9
      vertex 31.9937 3.90218 7.4
      vertex 31.8915 3.89817 7.4
    endloop
  endfacet
  facet normal 0.0392066 -0.999231 0
    outer loop
      vertex 31.9937 3.90218 7.4
      vertex 31.8915 3.89817 6.9
      vertex 31.9937 3.90218 6.9
    endloop
  endfacet
  facet normal 0 -1 0
    outer loop
      vertex 30.8968 3.89817 6.9
      vertex 31.8915 3.89817 7.4
      vertex 30.8968 3.89817 7.4
    endloop
  endfacet
  facet normal 0 -1 -0
    outer loop
      vertex 31.8915 3.89817 7.4
      vertex 30.8968 3.89817 6.9
      vertex 31.8915 3.89817 6.9
    endloop
  endfacet
  facet normal -0.973881 0.227057 0
    outer loop
      vertex 44.7749 2.60204 6.9
      vertex 44.9057 3.16306 7.4
      vertex 44.9057 3.16306 6.9
    endloop
  endfacet
  facet normal -0.973881 0.227057 0
    outer loop
      vertex 44.9057 3.16306 7.4
      vertex 44.7749 2.60204 6.9
      vertex 44.7749 2.60204 7.4
    endloop
  endfacet
  facet normal -0.973966 0.226695 0
    outer loop
      vertex 44.9057 3.16306 6.9
      vertex 45.0103 3.61246 7.4
      vertex 45.0103 3.61246 6.9
    endloop
  endfacet
  facet normal -0.973966 0.226695 0
    outer loop
      vertex 45.0103 3.61246 7.4
      vertex 44.9057 3.16306 6.9
      vertex 44.9057 3.16306 7.4
    endloop
  endfacet
  facet normal -0.97411 0.226074 0
    outer loop
      vertex 45.0103 3.61246 6.9
      vertex 45.0887 3.95027 7.4
      vertex 45.0887 3.95027 6.9
    endloop
  endfacet
  facet normal -0.97411 0.226074 0
    outer loop
      vertex 45.0887 3.95027 7.4
      vertex 45.0103 3.61246 6.9
      vertex 45.0103 3.61246 7.4
    endloop
  endfacet
  facet normal -0.974492 0.224422 0
    outer loop
      vertex 45.0887 3.95027 6.9
      vertex 45.1408 4.1765 7.4
      vertex 45.1408 4.1765 6.9
    endloop
  endfacet
  facet normal -0.974492 0.224422 0
    outer loop
      vertex 45.1408 4.1765 7.4
      vertex 45.0887 3.95027 6.9
      vertex 45.0887 3.95027 7.4
    endloop
  endfacet
  facet normal -0.975229 0.221198 0
    outer loop
      vertex 45.1408 4.1765 6.9
      vertex 45.1668 4.29113 7.4
      vertex 45.1668 4.29113 6.9
    endloop
  endfacet
  facet normal -0.975229 0.221198 0
    outer loop
      vertex 45.1668 4.29113 7.4
      vertex 45.1408 4.1765 6.9
      vertex 45.1408 4.1765 7.4
    endloop
  endfacet
  facet normal -0.977689 0.210056 0
    outer loop
      vertex 45.1668 4.29113 6.9
      vertex 45.1804 4.35443 7.4
      vertex 45.1804 4.35443 6.9
    endloop
  endfacet
  facet normal -0.977689 0.210056 0
    outer loop
      vertex 45.1804 4.35443 7.4
      vertex 45.1668 4.29113 6.9
      vertex 45.1668 4.29113 7.4
    endloop
  endfacet
  facet normal -0.979668 0.200624 0
    outer loop
      vertex 45.1804 4.35443 6.9
      vertex 45.1952 4.4267 7.4
      vertex 45.1952 4.4267 6.9
    endloop
  endfacet
  facet normal -0.979668 0.200624 0
    outer loop
      vertex 45.1952 4.4267 7.4
      vertex 45.1804 4.35443 6.9
      vertex 45.1804 4.35443 7.4
    endloop
  endfacet
  facet normal -0.980909 0.194467 0
    outer loop
      vertex 45.1952 4.4267 6.9
      vertex 45.2113 4.50791 7.4
      vertex 45.2113 4.50791 6.9
    endloop
  endfacet
  facet normal -0.980909 0.194467 0
    outer loop
      vertex 45.2113 4.50791 7.4
      vertex 45.1952 4.4267 6.9
      vertex 45.1952 4.4267 7.4
    endloop
  endfacet
  facet normal -0.981882 0.189494 0
    outer loop
      vertex 45.2113 4.50791 6.9
      vertex 45.2287 4.59807 7.4
      vertex 45.2287 4.59807 6.9
    endloop
  endfacet
  facet normal -0.981882 0.189494 0
    outer loop
      vertex 45.2287 4.59807 7.4
      vertex 45.2113 4.50791 6.9
      vertex 45.2113 4.50791 7.4
    endloop
  endfacet
  facet normal -0.982662 0.185408 0
    outer loop
      vertex 45.2287 4.59807 6.9
      vertex 45.2474 4.69718 7.4
      vertex 45.2474 4.69718 6.9
    endloop
  endfacet
  facet normal -0.982662 0.185408 0
    outer loop
      vertex 45.2474 4.69718 7.4
      vertex 45.2287 4.59807 6.9
      vertex 45.2287 4.59807 7.4
    endloop
  endfacet
  facet normal -0.983457 0.181144 0
    outer loop
      vertex 45.2474 4.69718 6.9
      vertex 45.2673 4.80522 7.4
      vertex 45.2673 4.80522 6.9
    endloop
  endfacet
  facet normal -0.983457 0.181144 0
    outer loop
      vertex 45.2673 4.80522 7.4
      vertex 45.2474 4.69718 6.9
      vertex 45.2474 4.69718 7.4
    endloop
  endfacet
  facet normal 0.987472 0.157795 0
    outer loop
      vertex 45.2887 4.6713 7.4
      vertex 45.2673 4.80522 6.9
      vertex 45.2673 4.80522 7.4
    endloop
  endfacet
  facet normal 0.987472 0.157795 0
    outer loop
      vertex 45.2673 4.80522 6.9
      vertex 45.2887 4.6713 7.4
      vertex 45.2887 4.6713 6.9
    endloop
  endfacet
  facet normal 0.985172 0.171568 0
    outer loop
      vertex 45.3117 4.53923 7.4
      vertex 45.2887 4.6713 6.9
      vertex 45.2887 4.6713 7.4
    endloop
  endfacet
  facet normal 0.985172 0.171568 0
    outer loop
      vertex 45.2887 4.6713 6.9
      vertex 45.3117 4.53923 7.4
      vertex 45.3117 4.53923 6.9
    endloop
  endfacet
  facet normal 0.982615 0.185655 0
    outer loop
      vertex 45.3363 4.40903 7.4
      vertex 45.3117 4.53923 6.9
      vertex 45.3117 4.53923 7.4
    endloop
  endfacet
  facet normal 0.982615 0.185655 0
    outer loop
      vertex 45.3117 4.53923 6.9
      vertex 45.3363 4.40903 7.4
      vertex 45.3363 4.40903 6.9
    endloop
  endfacet
  facet normal 0.979947 0.199257 0
    outer loop
      vertex 45.3624 4.28067 7.4
      vertex 45.3363 4.40903 6.9
      vertex 45.3363 4.40903 7.4
    endloop
  endfacet
  facet normal 0.979947 0.199257 0
    outer loop
      vertex 45.3363 4.40903 6.9
      vertex 45.3624 4.28067 7.4
      vertex 45.3624 4.28067 6.9
    endloop
  endfacet
  facet normal 0.976848 0.213936 0
    outer loop
      vertex 45.3901 4.15419 7.4
      vertex 45.3624 4.28067 6.9
      vertex 45.3624 4.28067 7.4
    endloop
  endfacet
  facet normal 0.976848 0.213936 0
    outer loop
      vertex 45.3624 4.28067 6.9
      vertex 45.3901 4.15419 7.4
      vertex 45.3901 4.15419 6.9
    endloop
  endfacet
  facet normal 0.973456 0.228874 0
    outer loop
      vertex 45.4194 4.02957 7.4
      vertex 45.3901 4.15419 6.9
      vertex 45.3901 4.15419 7.4
    endloop
  endfacet
  facet normal 0.973456 0.228874 0
    outer loop
      vertex 45.3901 4.15419 6.9
      vertex 45.4194 4.02957 7.4
      vertex 45.4194 4.02957 6.9
    endloop
  endfacet
  facet normal 0.973618 0.228184 0
    outer loop
      vertex 45.9116 1.92945 7.4
      vertex 45.4194 4.02957 6.9
      vertex 45.4194 4.02957 7.4
    endloop
  endfacet
  facet normal 0.973618 0.228184 0
    outer loop
      vertex 45.4194 4.02957 6.9
      vertex 45.9116 1.92945 7.4
      vertex 45.9116 1.92945 6.9
    endloop
  endfacet
  facet normal 0 1 -0
    outer loop
      vertex 46.8134 1.92945 6.9
      vertex 45.9116 1.92945 7.4
      vertex 46.8134 1.92945 7.4
    endloop
  endfacet
  facet normal 0 1 0
    outer loop
      vertex 45.9116 1.92945 7.4
      vertex 46.8134 1.92945 6.9
      vertex 45.9116 1.92945 6.9
    endloop
  endfacet
  facet normal -0.968212 0.250132 0
    outer loop
      vertex 46.8134 1.92945 6.9
      vertex 47.7514 5.56026 7.4
      vertex 47.7514 5.56026 6.9
    endloop
  endfacet
  facet normal -0.968212 0.250132 0
    outer loop
      vertex 47.7514 5.56026 7.4
      vertex 46.8134 1.92945 6.9
      vertex 46.8134 1.92945 7.4
    endloop
  endfacet
  facet normal 0 -1 0
    outer loop
      vertex 46.9809 5.56026 6.9
      vertex 47.7514 5.56026 7.4
      vertex 46.9809 5.56026 7.4
    endloop
  endfacet
  facet normal 0 -1 -0
    outer loop
      vertex 47.7514 5.56026 7.4
      vertex 46.9809 5.56026 6.9
      vertex 47.7514 5.56026 6.9
    endloop
  endfacet
  facet normal 0.977295 -0.211881 0
    outer loop
      vertex 46.5429 3.54 7.4
      vertex 46.9809 5.56026 6.9
      vertex 46.9809 5.56026 7.4
    endloop
  endfacet
  facet normal 0.977295 -0.211881 0
    outer loop
      vertex 46.9809 5.56026 6.9
      vertex 46.5429 3.54 7.4
      vertex 46.5429 3.54 6.9
    endloop
  endfacet
  facet normal 0.974454 -0.224587 0
    outer loop
      vertex 46.4063 2.94731 7.4
      vertex 46.5429 3.54 6.9
      vertex 46.5429 3.54 7.4
    endloop
  endfacet
  facet normal 0.974454 -0.224587 0
    outer loop
      vertex 46.5429 3.54 6.9
      vertex 46.4063 2.94731 7.4
      vertex 46.4063 2.94731 6.9
    endloop
  endfacet
  facet normal 0.977567 -0.210623 0
    outer loop
      vertex 46.3419 2.64841 7.4
      vertex 46.4063 2.94731 6.9
      vertex 46.4063 2.94731 7.4
    endloop
  endfacet
  facet normal 0.977567 -0.210623 0
    outer loop
      vertex 46.4063 2.94731 6.9
      vertex 46.3419 2.64841 7.4
      vertex 46.3419 2.64841 6.9
    endloop
  endfacet
  facet normal -0.985678 -0.168637 0
    outer loop
      vertex 46.3419 2.64841 6.9
      vertex 46.301 2.88747 7.4
      vertex 46.301 2.88747 6.9
    endloop
  endfacet
  facet normal -0.985678 -0.168637 0
    outer loop
      vertex 46.301 2.88747 7.4
      vertex 46.3419 2.64841 6.9
      vertex 46.3419 2.64841 7.4
    endloop
  endfacet
  facet normal -0.984891 -0.173177 0
    outer loop
      vertex 46.301 2.88747 6.9
      vertex 46.2643 3.09619 7.4
      vertex 46.2643 3.09619 6.9
    endloop
  endfacet
  facet normal -0.984891 -0.173177 0
    outer loop
      vertex 46.2643 3.09619 7.4
      vertex 46.301 2.88747 6.9
      vertex 46.301 2.88747 7.4
    endloop
  endfacet
  facet normal -0.983707 -0.179778 0
    outer loop
      vertex 46.2643 3.09619 6.9
      vertex 46.2317 3.27457 7.4
      vertex 46.2317 3.27457 6.9
    endloop
  endfacet
  facet normal -0.983707 -0.179778 0
    outer loop
      vertex 46.2317 3.27457 7.4
      vertex 46.2643 3.09619 6.9
      vertex 46.2643 3.09619 7.4
    endloop
  endfacet
  facet normal -0.982089 -0.188417 0
    outer loop
      vertex 46.2317 3.27457 6.9
      vertex 46.2033 3.4226 7.4
      vertex 46.2033 3.4226 6.9
    endloop
  endfacet
  facet normal -0.982089 -0.188417 0
    outer loop
      vertex 46.2033 3.4226 7.4
      vertex 46.2317 3.27457 6.9
      vertex 46.2317 3.27457 7.4
    endloop
  endfacet
  facet normal -0.979336 -0.202242 0
    outer loop
      vertex 46.2033 3.4226 6.9
      vertex 46.179 3.54027 7.4
      vertex 46.179 3.54027 6.9
    endloop
  endfacet
  facet normal -0.979336 -0.202242 0
    outer loop
      vertex 46.179 3.54027 7.4
      vertex 46.2033 3.4226 6.9
      vertex 46.2033 3.4226 7.4
    endloop
  endfacet
  facet normal -0.97451 -0.224346 0
    outer loop
      vertex 46.179 3.54027 6.9
      vertex 46.1589 3.62758 7.4
      vertex 46.1589 3.62758 6.9
    endloop
  endfacet
  facet normal -0.97451 -0.224346 0
    outer loop
      vertex 46.1589 3.62758 7.4
      vertex 46.179 3.54027 6.9
      vertex 46.179 3.54027 7.4
    endloop
  endfacet
  facet normal -0.972972 -0.230924 0
    outer loop
      vertex 46.1589 3.62758 6.9
      vertex 45.7002 5.56026 7.4
      vertex 45.7002 5.56026 6.9
    endloop
  endfacet
  facet normal -0.972972 -0.230924 0
    outer loop
      vertex 45.7002 5.56026 7.4
      vertex 46.1589 3.62758 6.9
      vertex 46.1589 3.62758 7.4
    endloop
  endfacet
  facet normal 0 -1 0
    outer loop
      vertex 44.8499 5.56026 6.9
      vertex 45.7002 5.56026 7.4
      vertex 44.8499 5.56026 7.4
    endloop
  endfacet
  facet normal 0 -1 -0
    outer loop
      vertex 45.7002 5.56026 7.4
      vertex 44.8499 5.56026 6.9
      vertex 45.7002 5.56026 6.9
    endloop
  endfacet
  facet normal 0.973696 -0.227853 0
    outer loop
      vertex 44.7118 4.97011 7.4
      vertex 44.8499 5.56026 6.9
      vertex 44.8499 5.56026 7.4
    endloop
  endfacet
  facet normal 0.973696 -0.227853 0
    outer loop
      vertex 44.8499 5.56026 6.9
      vertex 44.7118 4.97011 7.4
      vertex 44.7118 4.97011 6.9
    endloop
  endfacet
  facet normal 0.973874 -0.227091 0
    outer loop
      vertex 44.5946 4.4675 7.4
      vertex 44.7118 4.97011 6.9
      vertex 44.7118 4.97011 7.4
    endloop
  endfacet
  facet normal 0.973874 -0.227091 0
    outer loop
      vertex 44.7118 4.97011 6.9
      vertex 44.5946 4.4675 7.4
      vertex 44.5946 4.4675 6.9
    endloop
  endfacet
  facet normal 0.974227 -0.225571 0
    outer loop
      vertex 44.4985 4.05245 7.4
      vertex 44.5946 4.4675 6.9
      vertex 44.5946 4.4675 7.4
    endloop
  endfacet
  facet normal 0.974227 -0.225571 0
    outer loop
      vertex 44.5946 4.4675 6.9
      vertex 44.4985 4.05245 7.4
      vertex 44.4985 4.05245 6.9
    endloop
  endfacet
  facet normal 0.974639 -0.223781 0
    outer loop
      vertex 44.4233 3.72493 7.4
      vertex 44.4985 4.05245 6.9
      vertex 44.4985 4.05245 7.4
    endloop
  endfacet
  facet normal 0.974639 -0.223781 0
    outer loop
      vertex 44.4985 4.05245 6.9
      vertex 44.4233 3.72493 7.4
      vertex 44.4233 3.72493 6.9
    endloop
  endfacet
  facet normal 0.975336 -0.220725 0
    outer loop
      vertex 44.369 3.48499 7.4
      vertex 44.4233 3.72493 6.9
      vertex 44.4233 3.72493 7.4
    endloop
  endfacet
  facet normal 0.975336 -0.220725 0
    outer loop
      vertex 44.4233 3.72493 6.9
      vertex 44.369 3.48499 7.4
      vertex 44.369 3.48499 6.9
    endloop
  endfacet
  facet normal 0.977095 -0.212802 0
    outer loop
      vertex 44.3358 3.33255 7.4
      vertex 44.369 3.48499 6.9
      vertex 44.369 3.48499 7.4
    endloop
  endfacet
  facet normal 0.977095 -0.212802 0
    outer loop
      vertex 44.369 3.48499 6.9
      vertex 44.3358 3.33255 7.4
      vertex 44.3358 3.33255 6.9
    endloop
  endfacet
  facet normal 0.978839 -0.204632 0
    outer loop
      vertex 44.3129 3.22301 7.4
      vertex 44.3358 3.33255 6.9
      vertex 44.3358 3.33255 7.4
    endloop
  endfacet
  facet normal 0.978839 -0.204632 0
    outer loop
      vertex 44.3358 3.33255 6.9
      vertex 44.3129 3.22301 7.4
      vertex 44.3129 3.22301 6.9
    endloop
  endfacet
  facet normal 0.979148 -0.203146 0
    outer loop
      vertex 44.2898 3.11167 7.4
      vertex 44.3129 3.22301 6.9
      vertex 44.3129 3.22301 7.4
    endloop
  endfacet
  facet normal 0.979148 -0.203146 0
    outer loop
      vertex 44.3129 3.22301 6.9
      vertex 44.2898 3.11167 7.4
      vertex 44.2898 3.11167 6.9
    endloop
  endfacet
  facet normal 0.979442 -0.201724 0
    outer loop
      vertex 44.2665 2.99854 7.4
      vertex 44.2898 3.11167 6.9
      vertex 44.2898 3.11167 7.4
    endloop
  endfacet
  facet normal 0.979442 -0.201724 0
    outer loop
      vertex 44.2898 3.11167 6.9
      vertex 44.2665 2.99854 7.4
      vertex 44.2665 2.99854 6.9
    endloop
  endfacet
  facet normal 0.979726 -0.200344 0
    outer loop
      vertex 44.243 2.88362 7.4
      vertex 44.2665 2.99854 6.9
      vertex 44.2665 2.99854 7.4
    endloop
  endfacet
  facet normal 0.979726 -0.200344 0
    outer loop
      vertex 44.2665 2.99854 6.9
      vertex 44.243 2.88362 7.4
      vertex 44.243 2.88362 6.9
    endloop
  endfacet
  facet normal 0.979998 -0.199006 0
    outer loop
      vertex 44.2193 2.76691 7.4
      vertex 44.243 2.88362 6.9
      vertex 44.243 2.88362 7.4
    endloop
  endfacet
  facet normal 0.979998 -0.199006 0
    outer loop
      vertex 44.243 2.88362 6.9
      vertex 44.2193 2.76691 7.4
      vertex 44.2193 2.76691 6.9
    endloop
  endfacet
  facet normal 0.980261 -0.197707 0
    outer loop
      vertex 44.1954 2.64841 7.4
      vertex 44.2193 2.76691 6.9
      vertex 44.2193 2.76691 7.4
    endloop
  endfacet
  facet normal 0.980261 -0.197707 0
    outer loop
      vertex 44.2193 2.76691 6.9
      vertex 44.1954 2.64841 7.4
      vertex 44.1954 2.64841 6.9
    endloop
  endfacet
  facet normal -0.978808 -0.204782 0
    outer loop
      vertex 44.1954 2.64841 6.9
      vertex 44.0768 3.21529 7.4
      vertex 44.0768 3.21529 6.9
    endloop
  endfacet
  facet normal -0.978808 -0.204782 0
    outer loop
      vertex 44.0768 3.21529 7.4
      vertex 44.1954 2.64841 6.9
      vertex 44.1954 2.64841 7.4
    endloop
  endfacet
  facet normal -0.97578 -0.218752 0
    outer loop
      vertex 44.0768 3.21529 6.9
      vertex 43.5511 5.56026 7.4
      vertex 43.5511 5.56026 6.9
    endloop
  endfacet
  facet normal -0.97578 -0.218752 0
    outer loop
      vertex 43.5511 5.56026 7.4
      vertex 44.0768 3.21529 6.9
      vertex 44.0768 3.21529 7.4
    endloop
  endfacet
  facet normal 0 -1 0
    outer loop
      vertex 42.7806 5.56026 6.9
      vertex 43.5511 5.56026 7.4
      vertex 42.7806 5.56026 7.4
    endloop
  endfacet
  facet normal 0 -1 -0
    outer loop
      vertex 43.5511 5.56026 7.4
      vertex 42.7806 5.56026 6.9
      vertex 43.5511 5.56026 6.9
    endloop
  endfacet
  facet normal 0.968373 0.249507 0
    outer loop
      vertex 43.7161 1.92945 7.4
      vertex 42.7806 5.56026 6.9
      vertex 42.7806 5.56026 7.4
    endloop
  endfacet
  facet normal 0.968373 0.249507 0
    outer loop
      vertex 42.7806 5.56026 6.9
      vertex 43.7161 1.92945 7.4
      vertex 43.7161 1.92945 6.9
    endloop
  endfacet
  facet normal 0 1 -0
    outer loop
      vertex 44.618 1.92945 6.9
      vertex 43.7161 1.92945 7.4
      vertex 44.618 1.92945 7.4
    endloop
  endfacet
  facet normal 0 1 0
    outer loop
      vertex 43.7161 1.92945 7.4
      vertex 44.618 1.92945 6.9
      vertex 43.7161 1.92945 6.9
    endloop
  endfacet
  facet normal -0.973853 0.227178 0
    outer loop
      vertex 44.618 1.92945 6.9
      vertex 44.7749 2.60204 7.4
      vertex 44.7749 2.60204 6.9
    endloop
  endfacet
  facet normal -0.973853 0.227178 0
    outer loop
      vertex 44.7749 2.60204 7.4
      vertex 44.618 1.92945 6.9
      vertex 44.618 1.92945 7.4
    endloop
  endfacet
endsolid OpenSCAD_Model
