solid OpenSCAD_Model
  facet normal 0.422608 0.906313 -0
    outer loop
      vertex 5.83958 5.17237 0
      vertex 5.65 5.26077 0.599999
      vertex 5.83958 5.17237 0.599999
    endloop
  endfacet
  facet normal 0.422608 0.906313 0
    outer loop
      vertex 5.65 5.26077 0.599999
      vertex 5.83958 5.17237 0
      vertex 5.65 5.26077 0
    endloop
  endfacet
  facet normal -0.965922 -0.258835 0
    outer loop
      vertex 7.43177 6.50838 0
      vertex 7.37763 6.71042 0.599999
      vertex 7.37763 6.71042 0
    endloop
  endfacet
  facet normal -0.965922 -0.258835 0
    outer loop
      vertex 7.37763 6.71042 0.599999
      vertex 7.43177 6.50838 0
      vertex 7.43177 6.50838 0.599999
    endloop
  endfacet
  facet normal -0.996195 -0.0871515 0
    outer loop
      vertex 7.45 6.3 0
      vertex 7.43177 6.50838 0.599999
      vertex 7.43177 6.50838 0
    endloop
  endfacet
  facet normal -0.996195 -0.0871515 0
    outer loop
      vertex 7.43177 6.50838 0.599999
      vertex 7.45 6.3 0
      vertex 7.45 6.3 0.599999
    endloop
  endfacet
  facet normal -0.906313 -0.422608 0
    outer loop
      vertex 7.37763 6.71042 0
      vertex 7.28923 6.9 0.599999
      vertex 7.28923 6.9 0
    endloop
  endfacet
  facet normal -0.906313 -0.422608 0
    outer loop
      vertex 7.28923 6.9 0.599999
      vertex 7.37763 6.71042 0
      vertex 7.37763 6.71042 0.599999
    endloop
  endfacet
  facet normal 0.906313 0.422608 0
    outer loop
      vertex 5.21077 5.7 0.599999
      vertex 5.12237 5.88958 0
      vertex 5.12237 5.88958 0.599999
    endloop
  endfacet
  facet normal 0.906313 0.422608 0
    outer loop
      vertex 5.12237 5.88958 0
      vertex 5.21077 5.7 0.599999
      vertex 5.21077 5.7 0
    endloop
  endfacet
  facet normal 0.0871515 -0.996195 0
    outer loop
      vertex 6.04162 7.48177 0
      vertex 6.25 7.5 0.599999
      vertex 6.04162 7.48177 0.599999
    endloop
  endfacet
  facet normal 0.0871515 -0.996195 0
    outer loop
      vertex 6.25 7.5 0.599999
      vertex 6.04162 7.48177 0
      vertex 6.25 7.5 0
    endloop
  endfacet
  facet normal -0.996195 0.0871515 0
    outer loop
      vertex 7.43177 6.09162 0
      vertex 7.45 6.3 0.599999
      vertex 7.45 6.3 0
    endloop
  endfacet
  facet normal -0.996195 0.0871515 0
    outer loop
      vertex 7.45 6.3 0.599999
      vertex 7.43177 6.09162 0
      vertex 7.43177 6.09162 0.599999
    endloop
  endfacet
  facet normal -0.258835 0.965922 0
    outer loop
      vertex 6.66042 5.17237 0
      vertex 6.45838 5.11823 0.599999
      vertex 6.66042 5.17237 0.599999
    endloop
  endfacet
  facet normal -0.258835 0.965922 0
    outer loop
      vertex 6.45838 5.11823 0.599999
      vertex 6.66042 5.17237 0
      vertex 6.45838 5.11823 0
    endloop
  endfacet
  facet normal -0.965922 0.258835 0
    outer loop
      vertex 7.37763 5.88958 0
      vertex 7.43177 6.09162 0.599999
      vertex 7.43177 6.09162 0
    endloop
  endfacet
  facet normal -0.965922 0.258835 0
    outer loop
      vertex 7.43177 6.09162 0.599999
      vertex 7.37763 5.88958 0
      vertex 7.37763 5.88958 0.599999
    endloop
  endfacet
  facet normal 0.996195 0.0871515 0
    outer loop
      vertex 5.06823 6.09162 0.599999
      vertex 5.05 6.3 0
      vertex 5.05 6.3 0.599999
    endloop
  endfacet
  facet normal 0.996195 0.0871515 0
    outer loop
      vertex 5.05 6.3 0
      vertex 5.06823 6.09162 0.599999
      vertex 5.06823 6.09162 0
    endloop
  endfacet
  facet normal -0.422608 -0.906313 0
    outer loop
      vertex 6.66042 7.42763 0
      vertex 6.85 7.33923 0.599999
      vertex 6.66042 7.42763 0.599999
    endloop
  endfacet
  facet normal -0.422608 -0.906313 -0
    outer loop
      vertex 6.85 7.33923 0.599999
      vertex 6.66042 7.42763 0
      vertex 6.85 7.33923 0
    endloop
  endfacet
  facet normal -0.0871515 -0.996195 0
    outer loop
      vertex 6.25 7.5 0
      vertex 6.45838 7.48177 0.599999
      vertex 6.25 7.5 0.599999
    endloop
  endfacet
  facet normal -0.0871515 -0.996195 -0
    outer loop
      vertex 6.45838 7.48177 0.599999
      vertex 6.25 7.5 0
      vertex 6.45838 7.48177 0
    endloop
  endfacet
  facet normal 0.996195 -0.0871515 0
    outer loop
      vertex 5.05 6.3 0.599999
      vertex 5.06823 6.50838 0
      vertex 5.06823 6.50838 0.599999
    endloop
  endfacet
  facet normal 0.996195 -0.0871515 0
    outer loop
      vertex 5.06823 6.50838 0
      vertex 5.05 6.3 0.599999
      vertex 5.05 6.3 0
    endloop
  endfacet
  facet normal 0.422608 -0.906313 0
    outer loop
      vertex 5.65 7.33923 0
      vertex 5.83958 7.42763 0.599999
      vertex 5.65 7.33923 0.599999
    endloop
  endfacet
  facet normal 0.422608 -0.906313 0
    outer loop
      vertex 5.83958 7.42763 0.599999
      vertex 5.65 7.33923 0
      vertex 5.83958 7.42763 0
    endloop
  endfacet
  facet normal -0.819138 -0.573597 0
    outer loop
      vertex 7.28923 6.9 0
      vertex 7.16925 7.07134 0.599999
      vertex 7.16925 7.07134 0
    endloop
  endfacet
  facet normal -0.819138 -0.573597 0
    outer loop
      vertex 7.16925 7.07134 0.599999
      vertex 7.28923 6.9 0
      vertex 7.28923 6.9 0.599999
    endloop
  endfacet
  facet normal 0.258835 -0.965922 0
    outer loop
      vertex 5.83958 7.42763 0
      vertex 6.04162 7.48177 0.599999
      vertex 5.83958 7.42763 0.599999
    endloop
  endfacet
  facet normal 0.258835 -0.965922 0
    outer loop
      vertex 6.04162 7.48177 0.599999
      vertex 5.83958 7.42763 0
      vertex 6.04162 7.48177 0
    endloop
  endfacet
  facet normal -0.422608 0.906313 0
    outer loop
      vertex 6.85 5.26077 0
      vertex 6.66042 5.17237 0.599999
      vertex 6.85 5.26077 0.599999
    endloop
  endfacet
  facet normal -0.422608 0.906313 0
    outer loop
      vertex 6.66042 5.17237 0.599999
      vertex 6.85 5.26077 0
      vertex 6.66042 5.17237 0
    endloop
  endfacet
  facet normal -0.573597 0.819138 0
    outer loop
      vertex 7.02134 5.38075 0
      vertex 6.85 5.26077 0.599999
      vertex 7.02134 5.38075 0.599999
    endloop
  endfacet
  facet normal -0.573597 0.819138 0
    outer loop
      vertex 6.85 5.26077 0.599999
      vertex 7.02134 5.38075 0
      vertex 6.85 5.26077 0
    endloop
  endfacet
  facet normal -0.906313 0.422608 0
    outer loop
      vertex 7.28923 5.7 0
      vertex 7.37763 5.88958 0.599999
      vertex 7.37763 5.88958 0
    endloop
  endfacet
  facet normal -0.906313 0.422608 0
    outer loop
      vertex 7.37763 5.88958 0.599999
      vertex 7.28923 5.7 0
      vertex 7.28923 5.7 0.599999
    endloop
  endfacet
  facet normal 0.965922 0.258835 0
    outer loop
      vertex 5.12237 5.88958 0.599999
      vertex 5.06823 6.09162 0
      vertex 5.06823 6.09162 0.599999
    endloop
  endfacet
  facet normal 0.965922 0.258835 0
    outer loop
      vertex 5.06823 6.09162 0
      vertex 5.12237 5.88958 0.599999
      vertex 5.12237 5.88958 0
    endloop
  endfacet
  facet normal -0.707107 -0.707107 0
    outer loop
      vertex 7.16925 7.07134 0
      vertex 7.02134 7.21925 0.599999
      vertex 7.02134 7.21925 0
    endloop
  endfacet
  facet normal -0.707107 -0.707107 0
    outer loop
      vertex 7.02134 7.21925 0.599999
      vertex 7.16925 7.07134 0
      vertex 7.16925 7.07134 0.599999
    endloop
  endfacet
  facet normal -0.573597 -0.819138 0
    outer loop
      vertex 6.85 7.33923 0
      vertex 7.02134 7.21925 0.599999
      vertex 6.85 7.33923 0.599999
    endloop
  endfacet
  facet normal -0.573597 -0.819138 -0
    outer loop
      vertex 7.02134 7.21925 0.599999
      vertex 6.85 7.33923 0
      vertex 7.02134 7.21925 0
    endloop
  endfacet
  facet normal -0.0871515 0.996195 0
    outer loop
      vertex 6.45838 5.11823 0
      vertex 6.25 5.1 0.599999
      vertex 6.45838 5.11823 0.599999
    endloop
  endfacet
  facet normal -0.0871515 0.996195 0
    outer loop
      vertex 6.25 5.1 0.599999
      vertex 6.45838 5.11823 0
      vertex 6.25 5.1 0
    endloop
  endfacet
  facet normal 0.573575 -0.819153 0
    outer loop
      vertex 5.47865 7.21925 0
      vertex 5.65 7.33923 0.599999
      vertex 5.47865 7.21925 0.599999
    endloop
  endfacet
  facet normal 0.573575 -0.819153 0
    outer loop
      vertex 5.65 7.33923 0.599999
      vertex 5.47865 7.21925 0
      vertex 5.65 7.33923 0
    endloop
  endfacet
  facet normal 0 0 -1
    outer loop
      vertex 7.43177 6.09162 0.599999
      vertex 7.43177 6.50838 0.599999
      vertex 7.45 6.3 0.599999
    endloop
  endfacet
  facet normal 0 0 -1
    outer loop
      vertex 7.37763 5.88958 0.599999
      vertex 7.43177 6.50838 0.599999
      vertex 7.43177 6.09162 0.599999
    endloop
  endfacet
  facet normal 0 0 -1
    outer loop
      vertex 7.37763 5.88958 0.599999
      vertex 7.37763 6.71042 0.599999
      vertex 7.43177 6.50838 0.599999
    endloop
  endfacet
  facet normal 0 0 -1
    outer loop
      vertex 7.28923 5.7 0.599999
      vertex 7.37763 6.71042 0.599999
      vertex 7.37763 5.88958 0.599999
    endloop
  endfacet
  facet normal 0 0 -1
    outer loop
      vertex 7.28923 5.7 0.599999
      vertex 7.28923 6.9 0.599999
      vertex 7.37763 6.71042 0.599999
    endloop
  endfacet
  facet normal 0 0 -1
    outer loop
      vertex 7.16925 5.52865 0.599999
      vertex 7.28923 6.9 0.599999
      vertex 7.28923 5.7 0.599999
    endloop
  endfacet
  facet normal 0 0 -1
    outer loop
      vertex 7.16925 5.52865 0.599999
      vertex 7.16925 7.07134 0.599999
      vertex 7.28923 6.9 0.599999
    endloop
  endfacet
  facet normal 0 0 -1
    outer loop
      vertex 7.02134 5.38075 0.599999
      vertex 7.16925 7.07134 0.599999
      vertex 7.16925 5.52865 0.599999
    endloop
  endfacet
  facet normal 0 0 -1
    outer loop
      vertex 7.02134 5.38075 0.599999
      vertex 7.02134 7.21925 0.599999
      vertex 7.16925 7.07134 0.599999
    endloop
  endfacet
  facet normal 0 0 -1
    outer loop
      vertex 6.85 5.26077 0.599999
      vertex 7.02134 7.21925 0.599999
      vertex 7.02134 5.38075 0.599999
    endloop
  endfacet
  facet normal 0 0 -1
    outer loop
      vertex 6.85 5.26077 0.599999
      vertex 6.85 7.33923 0.599999
      vertex 7.02134 7.21925 0.599999
    endloop
  endfacet
  facet normal 0 0 -1
    outer loop
      vertex 6.66042 5.17237 0.599999
      vertex 6.85 7.33923 0.599999
      vertex 6.85 5.26077 0.599999
    endloop
  endfacet
  facet normal 0 0 -1
    outer loop
      vertex 6.66042 5.17237 0.599999
      vertex 6.66042 7.42763 0.599999
      vertex 6.85 7.33923 0.599999
    endloop
  endfacet
  facet normal 0 0 -1
    outer loop
      vertex 6.45838 5.11823 0.599999
      vertex 6.66042 7.42763 0.599999
      vertex 6.66042 5.17237 0.599999
    endloop
  endfacet
  facet normal 0 0 -1
    outer loop
      vertex 6.45838 5.11823 0.599999
      vertex 6.45838 7.48177 0.599999
      vertex 6.66042 7.42763 0.599999
    endloop
  endfacet
  facet normal 0 0 -1
    outer loop
      vertex 6.25 5.1 0.599999
      vertex 6.45838 7.48177 0.599999
      vertex 6.45838 5.11823 0.599999
    endloop
  endfacet
  facet normal 0 0 -1
    outer loop
      vertex 6.25 5.1 0.599999
      vertex 6.25 7.5 0.599999
      vertex 6.45838 7.48177 0.599999
    endloop
  endfacet
  facet normal 0 0 -1
    outer loop
      vertex 6.04162 5.11823 0.599999
      vertex 6.25 7.5 0.599999
      vertex 6.25 5.1 0.599999
    endloop
  endfacet
  facet normal 0 0 -1
    outer loop
      vertex 6.04162 5.11823 0.599999
      vertex 6.04162 7.48177 0.599999
      vertex 6.25 7.5 0.599999
    endloop
  endfacet
  facet normal 0 0 -1
    outer loop
      vertex 5.83958 5.17237 0.599999
      vertex 6.04162 7.48177 0.599999
      vertex 6.04162 5.11823 0.599999
    endloop
  endfacet
  facet normal 0 0 -1
    outer loop
      vertex 5.83958 5.17237 0.599999
      vertex 5.83958 7.42763 0.599999
      vertex 6.04162 7.48177 0.599999
    endloop
  endfacet
  facet normal 0 0 -1
    outer loop
      vertex 5.65 5.26077 0.599999
      vertex 5.83958 7.42763 0.599999
      vertex 5.83958 5.17237 0.599999
    endloop
  endfacet
  facet normal 0 0 -1
    outer loop
      vertex 5.65 5.26077 0.599999
      vertex 5.65 7.33923 0.599999
      vertex 5.83958 7.42763 0.599999
    endloop
  endfacet
  facet normal 0 0 -1
    outer loop
      vertex 5.47865 5.38075 0.599999
      vertex 5.65 7.33923 0.599999
      vertex 5.65 5.26077 0.599999
    endloop
  endfacet
  facet normal 0 0 -1
    outer loop
      vertex 5.47865 5.38075 0.599999
      vertex 5.47865 7.21925 0.599999
      vertex 5.65 7.33923 0.599999
    endloop
  endfacet
  facet normal 0 0 -1
    outer loop
      vertex 5.33075 5.52865 0.599999
      vertex 5.47865 7.21925 0.599999
      vertex 5.47865 5.38075 0.599999
    endloop
  endfacet
  facet normal 0 0 -1
    outer loop
      vertex 5.33075 5.52865 0.599999
      vertex 5.33075 7.07134 0.599999
      vertex 5.47865 7.21925 0.599999
    endloop
  endfacet
  facet normal 0 0 -1
    outer loop
      vertex 5.21077 5.7 0.599999
      vertex 5.33075 7.07134 0.599999
      vertex 5.33075 5.52865 0.599999
    endloop
  endfacet
  facet normal 0 0 -1
    outer loop
      vertex 5.21077 5.7 0.599999
      vertex 5.21077 6.9 0.599999
      vertex 5.33075 7.07134 0.599999
    endloop
  endfacet
  facet normal 0 0 -1
    outer loop
      vertex 5.12237 5.88958 0.599999
      vertex 5.21077 6.9 0.599999
      vertex 5.21077 5.7 0.599999
    endloop
  endfacet
  facet normal 0 0 -1
    outer loop
      vertex 5.12237 5.88958 0.599999
      vertex 5.12237 6.71042 0.599999
      vertex 5.21077 6.9 0.599999
    endloop
  endfacet
  facet normal 0 0 -1
    outer loop
      vertex 5.06823 6.09162 0.599999
      vertex 5.12237 6.71042 0.599999
      vertex 5.12237 5.88958 0.599999
    endloop
  endfacet
  facet normal 0 0 -1
    outer loop
      vertex 5.06823 6.09162 0.599999
      vertex 5.06823 6.50838 0.599999
      vertex 5.12237 6.71042 0.599999
    endloop
  endfacet
  facet normal 0 -0 -1
    outer loop
      vertex 5.06823 6.50838 0.599999
      vertex 5.06823 6.09162 0.599999
      vertex 5.05 6.3 0.599999
    endloop
  endfacet
  facet normal 0.707131 -0.707083 0
    outer loop
      vertex 5.33075 7.07134 0.599999
      vertex 5.47865 7.21925 0
      vertex 5.47865 7.21925 0.599999
    endloop
  endfacet
  facet normal 0.707131 -0.707083 0
    outer loop
      vertex 5.47865 7.21925 0
      vertex 5.33075 7.07134 0.599999
      vertex 5.33075 7.07134 0
    endloop
  endfacet
  facet normal 0.819153 0.573575 0
    outer loop
      vertex 5.33075 5.52865 0.599999
      vertex 5.21077 5.7 0
      vertex 5.21077 5.7 0.599999
    endloop
  endfacet
  facet normal 0.819153 0.573575 0
    outer loop
      vertex 5.21077 5.7 0
      vertex 5.33075 5.52865 0.599999
      vertex 5.33075 5.52865 0
    endloop
  endfacet
  facet normal 0.707107 0.707107 0
    outer loop
      vertex 5.47865 5.38075 0.599999
      vertex 5.33075 5.52865 0
      vertex 5.33075 5.52865 0.599999
    endloop
  endfacet
  facet normal 0.707107 0.707107 0
    outer loop
      vertex 5.33075 5.52865 0
      vertex 5.47865 5.38075 0.599999
      vertex 5.47865 5.38075 0
    endloop
  endfacet
  facet normal -0.258835 -0.965922 0
    outer loop
      vertex 6.45838 7.48177 0
      vertex 6.66042 7.42763 0.599999
      vertex 6.45838 7.48177 0.599999
    endloop
  endfacet
  facet normal -0.258835 -0.965922 -0
    outer loop
      vertex 6.66042 7.42763 0.599999
      vertex 6.45838 7.48177 0
      vertex 6.66042 7.42763 0
    endloop
  endfacet
  facet normal -0.819153 0.573575 0
    outer loop
      vertex 7.16925 5.52865 0
      vertex 7.28923 5.7 0.599999
      vertex 7.28923 5.7 0
    endloop
  endfacet
  facet normal -0.819153 0.573575 0
    outer loop
      vertex 7.28923 5.7 0.599999
      vertex 7.16925 5.52865 0
      vertex 7.16925 5.52865 0.599999
    endloop
  endfacet
  facet normal 0.819138 -0.573597 0
    outer loop
      vertex 5.21077 6.9 0.599999
      vertex 5.33075 7.07134 0
      vertex 5.33075 7.07134 0.599999
    endloop
  endfacet
  facet normal 0.819138 -0.573597 0
    outer loop
      vertex 5.33075 7.07134 0
      vertex 5.21077 6.9 0.599999
      vertex 5.21077 6.9 0
    endloop
  endfacet
  facet normal 0.965922 -0.258835 0
    outer loop
      vertex 5.06823 6.50838 0.599999
      vertex 5.12237 6.71042 0
      vertex 5.12237 6.71042 0.599999
    endloop
  endfacet
  facet normal 0.965922 -0.258835 0
    outer loop
      vertex 5.12237 6.71042 0
      vertex 5.06823 6.50838 0.599999
      vertex 5.06823 6.50838 0
    endloop
  endfacet
  facet normal 0.906313 -0.422608 0
    outer loop
      vertex 5.12237 6.71042 0.599999
      vertex 5.21077 6.9 0
      vertex 5.21077 6.9 0.599999
    endloop
  endfacet
  facet normal 0.906313 -0.422608 0
    outer loop
      vertex 5.21077 6.9 0
      vertex 5.12237 6.71042 0.599999
      vertex 5.12237 6.71042 0
    endloop
  endfacet
  facet normal 0.0871515 0.996195 -0
    outer loop
      vertex 6.25 5.1 0
      vertex 6.04162 5.11823 0.599999
      vertex 6.25 5.1 0.599999
    endloop
  endfacet
  facet normal 0.0871515 0.996195 0
    outer loop
      vertex 6.04162 5.11823 0.599999
      vertex 6.25 5.1 0
      vertex 6.04162 5.11823 0
    endloop
  endfacet
  facet normal 0.258835 0.965922 -0
    outer loop
      vertex 6.04162 5.11823 0
      vertex 5.83958 5.17237 0.599999
      vertex 6.04162 5.11823 0.599999
    endloop
  endfacet
  facet normal 0.258835 0.965922 0
    outer loop
      vertex 5.83958 5.17237 0.599999
      vertex 6.04162 5.11823 0
      vertex 5.83958 5.17237 0
    endloop
  endfacet
  facet normal 0.573575 0.819153 -0
    outer loop
      vertex 5.65 5.26077 0
      vertex 5.47865 5.38075 0.599999
      vertex 5.65 5.26077 0.599999
    endloop
  endfacet
  facet normal 0.573575 0.819153 0
    outer loop
      vertex 5.47865 5.38075 0.599999
      vertex 5.65 5.26077 0
      vertex 5.47865 5.38075 0
    endloop
  endfacet
  facet normal -0.707083 0.707131 0
    outer loop
      vertex 7.02134 5.38075 0
      vertex 7.16925 5.52865 0.599999
      vertex 7.16925 5.52865 0
    endloop
  endfacet
  facet normal -0.707083 0.707131 0
    outer loop
      vertex 7.16925 5.52865 0.599999
      vertex 7.02134 5.38075 0
      vertex 7.02134 5.38075 0.599999
    endloop
  endfacet
  facet normal -0.259102 0.96585 0
    outer loop
      vertex 6.71042 28.0224 0
      vertex 6.50838 27.9682 0.599999
      vertex 6.71042 28.0224 0.599999
    endloop
  endfacet
  facet normal -0.259102 0.96585 0
    outer loop
      vertex 6.50838 27.9682 0.599999
      vertex 6.71042 28.0224 0
      vertex 6.50838 27.9682 0
    endloop
  endfacet
  facet normal -0.965909 -0.258883 0
    outer loop
      vertex 7.48177 29.3584 0
      vertex 7.42763 29.5604 0.599999
      vertex 7.42763 29.5604 0
    endloop
  endfacet
  facet normal -0.965909 -0.258883 0
    outer loop
      vertex 7.42763 29.5604 0.599999
      vertex 7.48177 29.3584 0
      vertex 7.48177 29.3584 0.599999
    endloop
  endfacet
  facet normal -0.996196 -0.0871432 0
    outer loop
      vertex 7.5 29.15 0
      vertex 7.48177 29.3584 0.599999
      vertex 7.48177 29.3584 0
    endloop
  endfacet
  facet normal -0.996196 -0.0871432 0
    outer loop
      vertex 7.48177 29.3584 0.599999
      vertex 7.5 29.15 0
      vertex 7.5 29.15 0.599999
    endloop
  endfacet
  facet normal -0.90633 -0.422571 0
    outer loop
      vertex 7.42763 29.5604 0
      vertex 7.33923 29.75 0.599999
      vertex 7.33923 29.75 0
    endloop
  endfacet
  facet normal -0.90633 -0.422571 0
    outer loop
      vertex 7.33923 29.75 0.599999
      vertex 7.42763 29.5604 0
      vertex 7.42763 29.5604 0.599999
    endloop
  endfacet
  facet normal -0.259102 -0.96585 0
    outer loop
      vertex 6.50838 30.3318 0
      vertex 6.71042 30.2776 0.599999
      vertex 6.50838 30.3318 0.599999
    endloop
  endfacet
  facet normal -0.259102 -0.96585 -0
    outer loop
      vertex 6.71042 30.2776 0.599999
      vertex 6.50838 30.3318 0
      vertex 6.71042 30.2776 0
    endloop
  endfacet
  facet normal -0.422608 -0.906313 0
    outer loop
      vertex 6.71042 30.2776 0
      vertex 6.9 30.1892 0.599999
      vertex 6.71042 30.2776 0.599999
    endloop
  endfacet
  facet normal -0.422608 -0.906313 -0
    outer loop
      vertex 6.9 30.1892 0.599999
      vertex 6.71042 30.2776 0
      vertex 6.9 30.1892 0
    endloop
  endfacet
  facet normal 0.90633 -0.422571 0
    outer loop
      vertex 5.17237 29.5604 0.599999
      vertex 5.26077 29.75 0
      vertex 5.26077 29.75 0.599999
    endloop
  endfacet
  facet normal 0.90633 -0.422571 0
    outer loop
      vertex 5.26077 29.75 0
      vertex 5.17237 29.5604 0.599999
      vertex 5.17237 29.5604 0
    endloop
  endfacet
  facet normal -0.422608 0.906313 0
    outer loop
      vertex 6.9 28.1108 0
      vertex 6.71042 28.0224 0.599999
      vertex 6.9 28.1108 0.599999
    endloop
  endfacet
  facet normal -0.422608 0.906313 0
    outer loop
      vertex 6.71042 28.0224 0.599999
      vertex 6.9 28.1108 0
      vertex 6.71042 28.0224 0
    endloop
  endfacet
  facet normal -0.819075 0.573687 0
    outer loop
      vertex 7.21925 28.3787 0
      vertex 7.33923 28.55 0.599999
      vertex 7.33923 28.55 0
    endloop
  endfacet
  facet normal -0.819075 0.573687 0
    outer loop
      vertex 7.33923 28.55 0.599999
      vertex 7.21925 28.3787 0
      vertex 7.21925 28.3787 0.599999
    endloop
  endfacet
  facet normal 0.819075 -0.573687 0
    outer loop
      vertex 5.26077 29.75 0.599999
      vertex 5.38075 29.9213 0
      vertex 5.38075 29.9213 0.599999
    endloop
  endfacet
  facet normal 0.819075 -0.573687 0
    outer loop
      vertex 5.38075 29.9213 0
      vertex 5.26077 29.75 0.599999
      vertex 5.26077 29.75 0
    endloop
  endfacet
  facet normal -0.819075 -0.573687 0
    outer loop
      vertex 7.33923 29.75 0
      vertex 7.21925 29.9213 0.599999
      vertex 7.21925 29.9213 0
    endloop
  endfacet
  facet normal -0.819075 -0.573687 0
    outer loop
      vertex 7.21925 29.9213 0.599999
      vertex 7.33923 29.75 0
      vertex 7.33923 29.75 0.599999
    endloop
  endfacet
  facet normal 0.422608 0.906313 -0
    outer loop
      vertex 5.88958 28.0224 0
      vertex 5.7 28.1108 0.599999
      vertex 5.88958 28.0224 0.599999
    endloop
  endfacet
  facet normal 0.422608 0.906313 0
    outer loop
      vertex 5.7 28.1108 0.599999
      vertex 5.88958 28.0224 0
      vertex 5.7 28.1108 0
    endloop
  endfacet
  facet normal 0.259102 -0.96585 0
    outer loop
      vertex 5.88958 30.2776 0
      vertex 6.09162 30.3318 0.599999
      vertex 5.88958 30.2776 0.599999
    endloop
  endfacet
  facet normal 0.259102 -0.96585 0
    outer loop
      vertex 6.09162 30.3318 0.599999
      vertex 5.88958 30.2776 0
      vertex 6.09162 30.3318 0
    endloop
  endfacet
  facet normal 0.573318 -0.819333 0
    outer loop
      vertex 5.52865 30.0693 0
      vertex 5.7 30.1892 0.599999
      vertex 5.52865 30.0693 0.599999
    endloop
  endfacet
  facet normal 0.573318 -0.819333 0
    outer loop
      vertex 5.7 30.1892 0.599999
      vertex 5.52865 30.0693 0
      vertex 5.7 30.1892 0
    endloop
  endfacet
  facet normal -0.57334 -0.819317 0
    outer loop
      vertex 6.9 30.1892 0
      vertex 7.07134 30.0693 0.599999
      vertex 6.9 30.1892 0.599999
    endloop
  endfacet
  facet normal -0.57334 -0.819317 -0
    outer loop
      vertex 7.07134 30.0693 0.599999
      vertex 6.9 30.1892 0
      vertex 7.07134 30.0693 0
    endloop
  endfacet
  facet normal -0.57334 0.819317 0
    outer loop
      vertex 7.07134 28.2307 0
      vertex 6.9 28.1108 0.599999
      vertex 7.07134 28.2307 0.599999
    endloop
  endfacet
  facet normal -0.57334 0.819317 0
    outer loop
      vertex 6.9 28.1108 0.599999
      vertex 7.07134 28.2307 0
      vertex 6.9 28.1108 0
    endloop
  endfacet
  facet normal -0.996196 0.0871432 0
    outer loop
      vertex 7.48177 28.9416 0
      vertex 7.5 29.15 0.599999
      vertex 7.5 29.15 0
    endloop
  endfacet
  facet normal -0.996196 0.0871432 0
    outer loop
      vertex 7.5 29.15 0.599999
      vertex 7.48177 28.9416 0
      vertex 7.48177 28.9416 0.599999
    endloop
  endfacet
  facet normal 0.0870092 -0.996208 0
    outer loop
      vertex 6.09162 30.3318 0
      vertex 6.3 30.35 0.599999
      vertex 6.09162 30.3318 0.599999
    endloop
  endfacet
  facet normal 0.0870092 -0.996208 0
    outer loop
      vertex 6.3 30.35 0.599999
      vertex 6.09162 30.3318 0
      vertex 6.3 30.35 0
    endloop
  endfacet
  facet normal -0.965909 0.258883 0
    outer loop
      vertex 7.42763 28.7396 0
      vertex 7.48177 28.9416 0.599999
      vertex 7.48177 28.9416 0
    endloop
  endfacet
  facet normal -0.965909 0.258883 0
    outer loop
      vertex 7.48177 28.9416 0.599999
      vertex 7.42763 28.7396 0
      vertex 7.42763 28.7396 0.599999
    endloop
  endfacet
  facet normal 0.965909 0.258883 0
    outer loop
      vertex 5.17237 28.7396 0.599999
      vertex 5.11823 28.9416 0
      vertex 5.11823 28.9416 0.599999
    endloop
  endfacet
  facet normal 0.965909 0.258883 0
    outer loop
      vertex 5.11823 28.9416 0
      vertex 5.17237 28.7396 0.599999
      vertex 5.17237 28.7396 0
    endloop
  endfacet
  facet normal -0.90633 0.422571 0
    outer loop
      vertex 7.33923 28.55 0
      vertex 7.42763 28.7396 0.599999
      vertex 7.42763 28.7396 0
    endloop
  endfacet
  facet normal -0.90633 0.422571 0
    outer loop
      vertex 7.42763 28.7396 0.599999
      vertex 7.33923 28.55 0
      vertex 7.33923 28.55 0.599999
    endloop
  endfacet
  facet normal 0.965909 -0.258883 0
    outer loop
      vertex 5.11823 29.3584 0.599999
      vertex 5.17237 29.5604 0
      vertex 5.17237 29.5604 0.599999
    endloop
  endfacet
  facet normal 0.965909 -0.258883 0
    outer loop
      vertex 5.17237 29.5604 0
      vertex 5.11823 29.3584 0.599999
      vertex 5.11823 29.3584 0
    endloop
  endfacet
  facet normal -0.0870092 -0.996208 0
    outer loop
      vertex 6.3 30.35 0
      vertex 6.50838 30.3318 0.599999
      vertex 6.3 30.35 0.599999
    endloop
  endfacet
  facet normal -0.0870092 -0.996208 -0
    outer loop
      vertex 6.50838 30.3318 0.599999
      vertex 6.3 30.35 0
      vertex 6.50838 30.3318 0
    endloop
  endfacet
  facet normal 0.707346 -0.706868 0
    outer loop
      vertex 5.38075 29.9213 0
      vertex 5.52865 30.0693 0.599999
      vertex 5.38075 29.9213 0.599999
    endloop
  endfacet
  facet normal 0.707346 -0.706868 0
    outer loop
      vertex 5.52865 30.0693 0.599999
      vertex 5.38075 29.9213 0
      vertex 5.52865 30.0693 0
    endloop
  endfacet
  facet normal -0.0870092 0.996208 0
    outer loop
      vertex 6.50838 27.9682 0
      vertex 6.3 27.95 0.599999
      vertex 6.50838 27.9682 0.599999
    endloop
  endfacet
  facet normal -0.0870092 0.996208 0
    outer loop
      vertex 6.3 27.95 0.599999
      vertex 6.50838 27.9682 0
      vertex 6.3 27.95 0
    endloop
  endfacet
  facet normal 0.90633 0.422571 0
    outer loop
      vertex 5.26077 28.55 0.599999
      vertex 5.17237 28.7396 0
      vertex 5.17237 28.7396 0.599999
    endloop
  endfacet
  facet normal 0.90633 0.422571 0
    outer loop
      vertex 5.17237 28.7396 0
      vertex 5.26077 28.55 0.599999
      vertex 5.26077 28.55 0
    endloop
  endfacet
  facet normal 0.819075 0.573687 0
    outer loop
      vertex 5.38075 28.3787 0.599999
      vertex 5.26077 28.55 0
      vertex 5.26077 28.55 0.599999
    endloop
  endfacet
  facet normal 0.819075 0.573687 0
    outer loop
      vertex 5.26077 28.55 0
      vertex 5.38075 28.3787 0.599999
      vertex 5.38075 28.3787 0
    endloop
  endfacet
  facet normal 0.0870092 0.996208 -0
    outer loop
      vertex 6.3 27.95 0
      vertex 6.09162 27.9682 0.599999
      vertex 6.3 27.95 0.599999
    endloop
  endfacet
  facet normal 0.0870092 0.996208 0
    outer loop
      vertex 6.09162 27.9682 0.599999
      vertex 6.3 27.95 0
      vertex 6.09162 27.9682 0
    endloop
  endfacet
  facet normal 0.707346 0.706868 -0
    outer loop
      vertex 5.52865 28.2307 0
      vertex 5.38075 28.3787 0.599999
      vertex 5.52865 28.2307 0.599999
    endloop
  endfacet
  facet normal 0.707346 0.706868 0
    outer loop
      vertex 5.38075 28.3787 0.599999
      vertex 5.52865 28.2307 0
      vertex 5.38075 28.3787 0
    endloop
  endfacet
  facet normal 0.259102 0.96585 -0
    outer loop
      vertex 6.09162 27.9682 0
      vertex 5.88958 28.0224 0.599999
      vertex 6.09162 27.9682 0.599999
    endloop
  endfacet
  facet normal 0.259102 0.96585 0
    outer loop
      vertex 5.88958 28.0224 0.599999
      vertex 6.09162 27.9682 0
      vertex 5.88958 28.0224 0
    endloop
  endfacet
  facet normal 0.422608 -0.906313 0
    outer loop
      vertex 5.7 30.1892 0
      vertex 5.88958 30.2776 0.599999
      vertex 5.7 30.1892 0.599999
    endloop
  endfacet
  facet normal 0.422608 -0.906313 0
    outer loop
      vertex 5.88958 30.2776 0.599999
      vertex 5.7 30.1892 0
      vertex 5.88958 30.2776 0
    endloop
  endfacet
  facet normal -0.707322 -0.706892 0
    outer loop
      vertex 7.07134 30.0693 0
      vertex 7.21925 29.9213 0.599999
      vertex 7.07134 30.0693 0.599999
    endloop
  endfacet
  facet normal -0.707322 -0.706892 -0
    outer loop
      vertex 7.21925 29.9213 0.599999
      vertex 7.07134 30.0693 0
      vertex 7.21925 29.9213 0
    endloop
  endfacet
  facet normal 0.996196 -0.0871432 0
    outer loop
      vertex 5.1 29.15 0.599999
      vertex 5.11823 29.3584 0
      vertex 5.11823 29.3584 0.599999
    endloop
  endfacet
  facet normal 0.996196 -0.0871432 0
    outer loop
      vertex 5.11823 29.3584 0
      vertex 5.1 29.15 0.599999
      vertex 5.1 29.15 0
    endloop
  endfacet
  facet normal 0.996196 0.0871432 0
    outer loop
      vertex 5.11823 28.9416 0.599999
      vertex 5.1 29.15 0
      vertex 5.1 29.15 0.599999
    endloop
  endfacet
  facet normal 0.996196 0.0871432 0
    outer loop
      vertex 5.1 29.15 0
      vertex 5.11823 28.9416 0.599999
      vertex 5.11823 28.9416 0
    endloop
  endfacet
  facet normal 0 0 -1
    outer loop
      vertex 7.48177 28.9416 0.599999
      vertex 7.48177 29.3584 0.599999
      vertex 7.5 29.15 0.599999
    endloop
  endfacet
  facet normal 0 0 -1
    outer loop
      vertex 7.42763 28.7396 0.599999
      vertex 7.48177 29.3584 0.599999
      vertex 7.48177 28.9416 0.599999
    endloop
  endfacet
  facet normal 0 0 -1
    outer loop
      vertex 7.42763 28.7396 0.599999
      vertex 7.42763 29.5604 0.599999
      vertex 7.48177 29.3584 0.599999
    endloop
  endfacet
  facet normal 0 0 -1
    outer loop
      vertex 7.33923 28.55 0.599999
      vertex 7.42763 29.5604 0.599999
      vertex 7.42763 28.7396 0.599999
    endloop
  endfacet
  facet normal 0 0 -1
    outer loop
      vertex 7.33923 28.55 0.599999
      vertex 7.33923 29.75 0.599999
      vertex 7.42763 29.5604 0.599999
    endloop
  endfacet
  facet normal 0 0 -1
    outer loop
      vertex 7.21925 28.3787 0.599999
      vertex 7.33923 29.75 0.599999
      vertex 7.33923 28.55 0.599999
    endloop
  endfacet
  facet normal 0 0 -1
    outer loop
      vertex 7.21925 28.3787 0.599999
      vertex 7.21925 29.9213 0.599999
      vertex 7.33923 29.75 0.599999
    endloop
  endfacet
  facet normal 0 0 -1
    outer loop
      vertex 7.07134 28.2307 0.599999
      vertex 7.21925 29.9213 0.599999
      vertex 7.21925 28.3787 0.599999
    endloop
  endfacet
  facet normal 0 0 -1
    outer loop
      vertex 7.07134 28.2307 0.599999
      vertex 7.07134 30.0693 0.599999
      vertex 7.21925 29.9213 0.599999
    endloop
  endfacet
  facet normal 0 0 -1
    outer loop
      vertex 6.9 28.1108 0.599999
      vertex 7.07134 30.0693 0.599999
      vertex 7.07134 28.2307 0.599999
    endloop
  endfacet
  facet normal 0 0 -1
    outer loop
      vertex 6.9 28.1108 0.599999
      vertex 6.9 30.1892 0.599999
      vertex 7.07134 30.0693 0.599999
    endloop
  endfacet
  facet normal 0 0 -1
    outer loop
      vertex 6.71042 28.0224 0.599999
      vertex 6.9 30.1892 0.599999
      vertex 6.9 28.1108 0.599999
    endloop
  endfacet
  facet normal 0 0 -1
    outer loop
      vertex 6.71042 28.0224 0.599999
      vertex 6.71042 30.2776 0.599999
      vertex 6.9 30.1892 0.599999
    endloop
  endfacet
  facet normal 0 0 -1
    outer loop
      vertex 6.50838 27.9682 0.599999
      vertex 6.71042 30.2776 0.599999
      vertex 6.71042 28.0224 0.599999
    endloop
  endfacet
  facet normal 0 0 -1
    outer loop
      vertex 6.50838 27.9682 0.599999
      vertex 6.50838 30.3318 0.599999
      vertex 6.71042 30.2776 0.599999
    endloop
  endfacet
  facet normal 0 0 -1
    outer loop
      vertex 6.3 27.95 0.599999
      vertex 6.50838 30.3318 0.599999
      vertex 6.50838 27.9682 0.599999
    endloop
  endfacet
  facet normal 0 0 -1
    outer loop
      vertex 6.3 27.95 0.599999
      vertex 6.3 30.35 0.599999
      vertex 6.50838 30.3318 0.599999
    endloop
  endfacet
  facet normal 0 0 -1
    outer loop
      vertex 6.09162 27.9682 0.599999
      vertex 6.3 30.35 0.599999
      vertex 6.3 27.95 0.599999
    endloop
  endfacet
  facet normal 0 0 -1
    outer loop
      vertex 6.09162 27.9682 0.599999
      vertex 6.09162 30.3318 0.599999
      vertex 6.3 30.35 0.599999
    endloop
  endfacet
  facet normal 0 0 -1
    outer loop
      vertex 5.88958 28.0224 0.599999
      vertex 6.09162 30.3318 0.599999
      vertex 6.09162 27.9682 0.599999
    endloop
  endfacet
  facet normal 0 0 -1
    outer loop
      vertex 5.88958 28.0224 0.599999
      vertex 5.88958 30.2776 0.599999
      vertex 6.09162 30.3318 0.599999
    endloop
  endfacet
  facet normal 0 0 -1
    outer loop
      vertex 5.7 28.1108 0.599999
      vertex 5.88958 30.2776 0.599999
      vertex 5.88958 28.0224 0.599999
    endloop
  endfacet
  facet normal 0 0 -1
    outer loop
      vertex 5.7 28.1108 0.599999
      vertex 5.7 30.1892 0.599999
      vertex 5.88958 30.2776 0.599999
    endloop
  endfacet
  facet normal 0 0 -1
    outer loop
      vertex 5.52865 28.2307 0.599999
      vertex 5.7 30.1892 0.599999
      vertex 5.7 28.1108 0.599999
    endloop
  endfacet
  facet normal 0 0 -1
    outer loop
      vertex 5.52865 28.2307 0.599999
      vertex 5.52865 30.0693 0.599999
      vertex 5.7 30.1892 0.599999
    endloop
  endfacet
  facet normal 0 0 -1
    outer loop
      vertex 5.38075 28.3787 0.599999
      vertex 5.52865 30.0693 0.599999
      vertex 5.52865 28.2307 0.599999
    endloop
  endfacet
  facet normal 0 0 -1
    outer loop
      vertex 5.38075 28.3787 0.599999
      vertex 5.38075 29.9213 0.599999
      vertex 5.52865 30.0693 0.599999
    endloop
  endfacet
  facet normal 0 0 -1
    outer loop
      vertex 5.26077 28.55 0.599999
      vertex 5.38075 29.9213 0.599999
      vertex 5.38075 28.3787 0.599999
    endloop
  endfacet
  facet normal 0 0 -1
    outer loop
      vertex 5.26077 28.55 0.599999
      vertex 5.26077 29.75 0.599999
      vertex 5.38075 29.9213 0.599999
    endloop
  endfacet
  facet normal 0 0 -1
    outer loop
      vertex 5.17237 28.7396 0.599999
      vertex 5.26077 29.75 0.599999
      vertex 5.26077 28.55 0.599999
    endloop
  endfacet
  facet normal 0 0 -1
    outer loop
      vertex 5.17237 28.7396 0.599999
      vertex 5.17237 29.5604 0.599999
      vertex 5.26077 29.75 0.599999
    endloop
  endfacet
  facet normal 0 0 -1
    outer loop
      vertex 5.11823 28.9416 0.599999
      vertex 5.17237 29.5604 0.599999
      vertex 5.17237 28.7396 0.599999
    endloop
  endfacet
  facet normal 0 0 -1
    outer loop
      vertex 5.11823 28.9416 0.599999
      vertex 5.11823 29.3584 0.599999
      vertex 5.17237 29.5604 0.599999
    endloop
  endfacet
  facet normal 0 -0 -1
    outer loop
      vertex 5.11823 29.3584 0.599999
      vertex 5.11823 28.9416 0.599999
      vertex 5.1 29.15 0.599999
    endloop
  endfacet
  facet normal -0.707322 0.706892 0
    outer loop
      vertex 7.21925 28.3787 0
      vertex 7.07134 28.2307 0.599999
      vertex 7.21925 28.3787 0.599999
    endloop
  endfacet
  facet normal -0.707322 0.706892 0
    outer loop
      vertex 7.07134 28.2307 0.599999
      vertex 7.21925 28.3787 0
      vertex 7.07134 28.2307 0
    endloop
  endfacet
  facet normal 0.573318 0.819333 -0
    outer loop
      vertex 5.7 28.1108 0
      vertex 5.52865 28.2307 0.599999
      vertex 5.7 28.1108 0.599999
    endloop
  endfacet
  facet normal 0.573318 0.819333 0
    outer loop
      vertex 5.52865 28.2307 0.599999
      vertex 5.7 28.1108 0
      vertex 5.52865 28.2307 0
    endloop
  endfacet
  facet normal -0.96585 -0.259102 0
    outer loop
      vertex 65.2818 6.50838 0
      vertex 65.2276 6.71042 0.599999
      vertex 65.2276 6.71042 0
    endloop
  endfacet
  facet normal -0.96585 -0.259102 0
    outer loop
      vertex 65.2276 6.71042 0.599999
      vertex 65.2818 6.50838 0
      vertex 65.2818 6.50838 0.599999
    endloop
  endfacet
  facet normal -0.996208 -0.0870092 0
    outer loop
      vertex 65.3 6.3 0
      vertex 65.2818 6.50838 0.599999
      vertex 65.2818 6.50838 0
    endloop
  endfacet
  facet normal -0.996208 -0.0870092 0
    outer loop
      vertex 65.2818 6.50838 0.599999
      vertex 65.3 6.3 0
      vertex 65.3 6.3 0.599999
    endloop
  endfacet
  facet normal -0.906313 -0.422608 0
    outer loop
      vertex 65.2276 6.71042 0
      vertex 65.1392 6.9 0.599999
      vertex 65.1392 6.9 0
    endloop
  endfacet
  facet normal -0.906313 -0.422608 0
    outer loop
      vertex 65.1392 6.9 0.599999
      vertex 65.2276 6.71042 0
      vertex 65.2276 6.71042 0.599999
    endloop
  endfacet
  facet normal 0.96585 0.259102 0
    outer loop
      vertex 62.9724 5.88958 0.599999
      vertex 62.9182 6.09162 0
      vertex 62.9182 6.09162 0.599999
    endloop
  endfacet
  facet normal 0.96585 0.259102 0
    outer loop
      vertex 62.9182 6.09162 0
      vertex 62.9724 5.88958 0.599999
      vertex 62.9724 5.88958 0
    endloop
  endfacet
  facet normal -0.996208 0.0870092 0
    outer loop
      vertex 65.2818 6.09162 0
      vertex 65.3 6.3 0.599999
      vertex 65.3 6.3 0
    endloop
  endfacet
  facet normal -0.996208 0.0870092 0
    outer loop
      vertex 65.3 6.3 0.599999
      vertex 65.2818 6.09162 0
      vertex 65.2818 6.09162 0.599999
    endloop
  endfacet
  facet normal -0.819317 -0.57334 0
    outer loop
      vertex 65.1392 6.9 0
      vertex 65.0193 7.07134 0.599999
      vertex 65.0193 7.07134 0
    endloop
  endfacet
  facet normal -0.819317 -0.57334 0
    outer loop
      vertex 65.0193 7.07134 0.599999
      vertex 65.1392 6.9 0
      vertex 65.1392 6.9 0.599999
    endloop
  endfacet
  facet normal 0.706892 -0.707322 0
    outer loop
      vertex 63.1807 7.07134 0.599999
      vertex 63.3287 7.21925 0
      vertex 63.3287 7.21925 0.599999
    endloop
  endfacet
  facet normal 0.706892 -0.707322 0
    outer loop
      vertex 63.3287 7.21925 0
      vertex 63.1807 7.07134 0.599999
      vertex 63.1807 7.07134 0
    endloop
  endfacet
  facet normal -0.422571 0.90633 0
    outer loop
      vertex 64.7 5.26077 0
      vertex 64.5104 5.17237 0.599999
      vertex 64.7 5.26077 0.599999
    endloop
  endfacet
  facet normal -0.422571 0.90633 0
    outer loop
      vertex 64.5104 5.17237 0.599999
      vertex 64.7 5.26077 0
      vertex 64.5104 5.17237 0
    endloop
  endfacet
  facet normal -0.819333 0.573318 0
    outer loop
      vertex 65.0193 5.52865 0
      vertex 65.1392 5.7 0.599999
      vertex 65.1392 5.7 0
    endloop
  endfacet
  facet normal -0.819333 0.573318 0
    outer loop
      vertex 65.1392 5.7 0.599999
      vertex 65.0193 5.52865 0
      vertex 65.0193 5.52865 0.599999
    endloop
  endfacet
  facet normal -0.96585 0.259102 0
    outer loop
      vertex 65.2276 5.88958 0
      vertex 65.2818 6.09162 0.599999
      vertex 65.2818 6.09162 0
    endloop
  endfacet
  facet normal -0.96585 0.259102 0
    outer loop
      vertex 65.2818 6.09162 0.599999
      vertex 65.2276 5.88958 0
      vertex 65.2276 5.88958 0.599999
    endloop
  endfacet
  facet normal 0.573687 -0.819075 0
    outer loop
      vertex 63.3287 7.21925 0
      vertex 63.5 7.33923 0.599999
      vertex 63.3287 7.21925 0.599999
    endloop
  endfacet
  facet normal 0.573687 -0.819075 0
    outer loop
      vertex 63.5 7.33923 0.599999
      vertex 63.3287 7.21925 0
      vertex 63.5 7.33923 0
    endloop
  endfacet
  facet normal 0.996208 0.0870092 0
    outer loop
      vertex 62.9182 6.09162 0.599999
      vertex 62.9 6.3 0
      vertex 62.9 6.3 0.599999
    endloop
  endfacet
  facet normal 0.996208 0.0870092 0
    outer loop
      vertex 62.9 6.3 0
      vertex 62.9182 6.09162 0.599999
      vertex 62.9182 6.09162 0
    endloop
  endfacet
  facet normal 0 0 -1
    outer loop
      vertex 65.2818 6.09162 0.599999
      vertex 65.2818 6.50838 0.599999
      vertex 65.3 6.3 0.599999
    endloop
  endfacet
  facet normal 0 0 -1
    outer loop
      vertex 65.2276 5.88958 0.599999
      vertex 65.2818 6.50838 0.599999
      vertex 65.2818 6.09162 0.599999
    endloop
  endfacet
  facet normal 0 0 -1
    outer loop
      vertex 65.2276 5.88958 0.599999
      vertex 65.2276 6.71042 0.599999
      vertex 65.2818 6.50838 0.599999
    endloop
  endfacet
  facet normal 0 0 -1
    outer loop
      vertex 65.1392 5.7 0.599999
      vertex 65.2276 6.71042 0.599999
      vertex 65.2276 5.88958 0.599999
    endloop
  endfacet
  facet normal 0 0 -1
    outer loop
      vertex 65.1392 5.7 0.599999
      vertex 65.1392 6.9 0.599999
      vertex 65.2276 6.71042 0.599999
    endloop
  endfacet
  facet normal 0 0 -1
    outer loop
      vertex 65.0193 5.52865 0.599999
      vertex 65.1392 6.9 0.599999
      vertex 65.1392 5.7 0.599999
    endloop
  endfacet
  facet normal 0 0 -1
    outer loop
      vertex 65.0193 5.52865 0.599999
      vertex 65.0193 7.07134 0.599999
      vertex 65.1392 6.9 0.599999
    endloop
  endfacet
  facet normal 0 0 -1
    outer loop
      vertex 64.8713 5.38075 0.599999
      vertex 65.0193 7.07134 0.599999
      vertex 65.0193 5.52865 0.599999
    endloop
  endfacet
  facet normal 0 0 -1
    outer loop
      vertex 64.8713 5.38075 0.599999
      vertex 64.8713 7.21925 0.599999
      vertex 65.0193 7.07134 0.599999
    endloop
  endfacet
  facet normal 0 0 -1
    outer loop
      vertex 64.7 5.26077 0.599999
      vertex 64.8713 7.21925 0.599999
      vertex 64.8713 5.38075 0.599999
    endloop
  endfacet
  facet normal 0 0 -1
    outer loop
      vertex 64.7 5.26077 0.599999
      vertex 64.7 7.33923 0.599999
      vertex 64.8713 7.21925 0.599999
    endloop
  endfacet
  facet normal 0 0 -1
    outer loop
      vertex 64.5104 5.17237 0.599999
      vertex 64.7 7.33923 0.599999
      vertex 64.7 5.26077 0.599999
    endloop
  endfacet
  facet normal 0 0 -1
    outer loop
      vertex 64.5104 5.17237 0.599999
      vertex 64.5104 7.42763 0.599999
      vertex 64.7 7.33923 0.599999
    endloop
  endfacet
  facet normal 0 0 -1
    outer loop
      vertex 64.3084 5.11823 0.599999
      vertex 64.5104 7.42763 0.599999
      vertex 64.5104 5.17237 0.599999
    endloop
  endfacet
  facet normal 0 0 -1
    outer loop
      vertex 64.3084 5.11823 0.599999
      vertex 64.3084 7.48177 0.599999
      vertex 64.5104 7.42763 0.599999
    endloop
  endfacet
  facet normal 0 0 -1
    outer loop
      vertex 64.1 5.1 0.599999
      vertex 64.3084 7.48177 0.599999
      vertex 64.3084 5.11823 0.599999
    endloop
  endfacet
  facet normal 0 0 -1
    outer loop
      vertex 64.1 5.1 0.599999
      vertex 64.1 7.5 0.599999
      vertex 64.3084 7.48177 0.599999
    endloop
  endfacet
  facet normal 0 0 -1
    outer loop
      vertex 63.8916 5.11823 0.599999
      vertex 64.1 7.5 0.599999
      vertex 64.1 5.1 0.599999
    endloop
  endfacet
  facet normal 0 0 -1
    outer loop
      vertex 63.8916 5.11823 0.599999
      vertex 63.8916 7.48177 0.599999
      vertex 64.1 7.5 0.599999
    endloop
  endfacet
  facet normal 0 0 -1
    outer loop
      vertex 63.6896 5.17237 0.599999
      vertex 63.8916 7.48177 0.599999
      vertex 63.8916 5.11823 0.599999
    endloop
  endfacet
  facet normal 0 0 -1
    outer loop
      vertex 63.6896 5.17237 0.599999
      vertex 63.6896 7.42763 0.599999
      vertex 63.8916 7.48177 0.599999
    endloop
  endfacet
  facet normal 0 0 -1
    outer loop
      vertex 63.5 5.26077 0.599999
      vertex 63.6896 7.42763 0.599999
      vertex 63.6896 5.17237 0.599999
    endloop
  endfacet
  facet normal 0 0 -1
    outer loop
      vertex 63.5 5.26077 0.599999
      vertex 63.5 7.33923 0.599999
      vertex 63.6896 7.42763 0.599999
    endloop
  endfacet
  facet normal 0 0 -1
    outer loop
      vertex 63.3287 5.38075 0.599999
      vertex 63.5 7.33923 0.599999
      vertex 63.5 5.26077 0.599999
    endloop
  endfacet
  facet normal 0 0 -1
    outer loop
      vertex 63.3287 5.38075 0.599999
      vertex 63.3287 7.21925 0.599999
      vertex 63.5 7.33923 0.599999
    endloop
  endfacet
  facet normal 0 0 -1
    outer loop
      vertex 63.1807 5.52865 0.599999
      vertex 63.3287 7.21925 0.599999
      vertex 63.3287 5.38075 0.599999
    endloop
  endfacet
  facet normal 0 0 -1
    outer loop
      vertex 63.1807 5.52865 0.599999
      vertex 63.1807 7.07134 0.599999
      vertex 63.3287 7.21925 0.599999
    endloop
  endfacet
  facet normal 0 0 -1
    outer loop
      vertex 63.0608 5.7 0.599999
      vertex 63.1807 7.07134 0.599999
      vertex 63.1807 5.52865 0.599999
    endloop
  endfacet
  facet normal 0 0 -1
    outer loop
      vertex 63.0608 5.7 0.599999
      vertex 63.0608 6.9 0.599999
      vertex 63.1807 7.07134 0.599999
    endloop
  endfacet
  facet normal 0 0 -1
    outer loop
      vertex 62.9724 5.88958 0.599999
      vertex 63.0608 6.9 0.599999
      vertex 63.0608 5.7 0.599999
    endloop
  endfacet
  facet normal 0 0 -1
    outer loop
      vertex 62.9724 5.88958 0.599999
      vertex 62.9724 6.71042 0.599999
      vertex 63.0608 6.9 0.599999
    endloop
  endfacet
  facet normal 0 0 -1
    outer loop
      vertex 62.9182 6.09162 0.599999
      vertex 62.9724 6.71042 0.599999
      vertex 62.9724 5.88958 0.599999
    endloop
  endfacet
  facet normal 0 0 -1
    outer loop
      vertex 62.9182 6.09162 0.599999
      vertex 62.9182 6.50838 0.599999
      vertex 62.9724 6.71042 0.599999
    endloop
  endfacet
  facet normal 0 -0 -1
    outer loop
      vertex 62.9182 6.50838 0.599999
      vertex 62.9182 6.09162 0.599999
      vertex 62.9 6.3 0.599999
    endloop
  endfacet
  facet normal 0.96585 -0.259102 0
    outer loop
      vertex 62.9182 6.50838 0.599999
      vertex 62.9724 6.71042 0
      vertex 62.9724 6.71042 0.599999
    endloop
  endfacet
  facet normal 0.96585 -0.259102 0
    outer loop
      vertex 62.9724 6.71042 0
      vertex 62.9182 6.50838 0.599999
      vertex 62.9182 6.50838 0
    endloop
  endfacet
  facet normal 0.422571 -0.90633 0
    outer loop
      vertex 63.5 7.33923 0
      vertex 63.6896 7.42763 0.599999
      vertex 63.5 7.33923 0.599999
    endloop
  endfacet
  facet normal 0.422571 -0.90633 0
    outer loop
      vertex 63.6896 7.42763 0.599999
      vertex 63.5 7.33923 0
      vertex 63.6896 7.42763 0
    endloop
  endfacet
  facet normal -0.906313 0.422608 0
    outer loop
      vertex 65.1392 5.7 0
      vertex 65.2276 5.88958 0.599999
      vertex 65.2276 5.88958 0
    endloop
  endfacet
  facet normal -0.906313 0.422608 0
    outer loop
      vertex 65.2276 5.88958 0.599999
      vertex 65.1392 5.7 0
      vertex 65.1392 5.7 0.599999
    endloop
  endfacet
  facet normal 0.258883 -0.965909 0
    outer loop
      vertex 63.6896 7.42763 0
      vertex 63.8916 7.48177 0.599999
      vertex 63.6896 7.42763 0.599999
    endloop
  endfacet
  facet normal 0.258883 -0.965909 0
    outer loop
      vertex 63.8916 7.48177 0.599999
      vertex 63.6896 7.42763 0
      vertex 63.8916 7.48177 0
    endloop
  endfacet
  facet normal 0.906313 -0.422608 0
    outer loop
      vertex 62.9724 6.71042 0.599999
      vertex 63.0608 6.9 0
      vertex 63.0608 6.9 0.599999
    endloop
  endfacet
  facet normal 0.906313 -0.422608 0
    outer loop
      vertex 63.0608 6.9 0
      vertex 62.9724 6.71042 0.599999
      vertex 62.9724 6.71042 0
    endloop
  endfacet
  facet normal 0.0871432 -0.996196 0
    outer loop
      vertex 63.8916 7.48177 0
      vertex 64.1 7.5 0.599999
      vertex 63.8916 7.48177 0.599999
    endloop
  endfacet
  facet normal 0.0871432 -0.996196 0
    outer loop
      vertex 64.1 7.5 0.599999
      vertex 63.8916 7.48177 0
      vertex 64.1 7.5 0
    endloop
  endfacet
  facet normal -0.422571 -0.90633 0
    outer loop
      vertex 64.5104 7.42763 0
      vertex 64.7 7.33923 0.599999
      vertex 64.5104 7.42763 0.599999
    endloop
  endfacet
  facet normal -0.422571 -0.90633 -0
    outer loop
      vertex 64.7 7.33923 0.599999
      vertex 64.5104 7.42763 0
      vertex 64.7 7.33923 0
    endloop
  endfacet
  facet normal 0.422571 0.90633 -0
    outer loop
      vertex 63.6896 5.17237 0
      vertex 63.5 5.26077 0.599999
      vertex 63.6896 5.17237 0.599999
    endloop
  endfacet
  facet normal 0.422571 0.90633 0
    outer loop
      vertex 63.5 5.26077 0.599999
      vertex 63.6896 5.17237 0
      vertex 63.5 5.26077 0
    endloop
  endfacet
  facet normal 0.819333 0.573318 0
    outer loop
      vertex 63.1807 5.52865 0.599999
      vertex 63.0608 5.7 0
      vertex 63.0608 5.7 0.599999
    endloop
  endfacet
  facet normal 0.819333 0.573318 0
    outer loop
      vertex 63.0608 5.7 0
      vertex 63.1807 5.52865 0.599999
      vertex 63.1807 5.52865 0
    endloop
  endfacet
  facet normal -0.706892 -0.707322 0
    outer loop
      vertex 64.8713 7.21925 0
      vertex 65.0193 7.07134 0.599999
      vertex 64.8713 7.21925 0.599999
    endloop
  endfacet
  facet normal -0.706892 -0.707322 -0
    outer loop
      vertex 65.0193 7.07134 0.599999
      vertex 64.8713 7.21925 0
      vertex 65.0193 7.07134 0
    endloop
  endfacet
  facet normal -0.573687 -0.819075 0
    outer loop
      vertex 64.7 7.33923 0
      vertex 64.8713 7.21925 0.599999
      vertex 64.7 7.33923 0.599999
    endloop
  endfacet
  facet normal -0.573687 -0.819075 -0
    outer loop
      vertex 64.8713 7.21925 0.599999
      vertex 64.7 7.33923 0
      vertex 64.8713 7.21925 0
    endloop
  endfacet
  facet normal 0.0871432 0.996196 -0
    outer loop
      vertex 64.1 5.1 0
      vertex 63.8916 5.11823 0.599999
      vertex 64.1 5.1 0.599999
    endloop
  endfacet
  facet normal 0.0871432 0.996196 0
    outer loop
      vertex 63.8916 5.11823 0.599999
      vertex 64.1 5.1 0
      vertex 63.8916 5.11823 0
    endloop
  endfacet
  facet normal -0.258883 0.965909 0
    outer loop
      vertex 64.5104 5.17237 0
      vertex 64.3084 5.11823 0.599999
      vertex 64.5104 5.17237 0.599999
    endloop
  endfacet
  facet normal -0.258883 0.965909 0
    outer loop
      vertex 64.3084 5.11823 0.599999
      vertex 64.5104 5.17237 0
      vertex 64.3084 5.11823 0
    endloop
  endfacet
  facet normal -0.0871432 0.996196 0
    outer loop
      vertex 64.3084 5.11823 0
      vertex 64.1 5.1 0.599999
      vertex 64.3084 5.11823 0.599999
    endloop
  endfacet
  facet normal -0.0871432 0.996196 0
    outer loop
      vertex 64.1 5.1 0.599999
      vertex 64.3084 5.11823 0
      vertex 64.1 5.1 0
    endloop
  endfacet
  facet normal -0.573687 0.819075 0
    outer loop
      vertex 64.8713 5.38075 0
      vertex 64.7 5.26077 0.599999
      vertex 64.8713 5.38075 0.599999
    endloop
  endfacet
  facet normal -0.573687 0.819075 0
    outer loop
      vertex 64.7 5.26077 0.599999
      vertex 64.8713 5.38075 0
      vertex 64.7 5.26077 0
    endloop
  endfacet
  facet normal -0.258883 -0.965909 0
    outer loop
      vertex 64.3084 7.48177 0
      vertex 64.5104 7.42763 0.599999
      vertex 64.3084 7.48177 0.599999
    endloop
  endfacet
  facet normal -0.258883 -0.965909 -0
    outer loop
      vertex 64.5104 7.42763 0.599999
      vertex 64.3084 7.48177 0
      vertex 64.5104 7.42763 0
    endloop
  endfacet
  facet normal 0.906313 0.422608 0
    outer loop
      vertex 63.0608 5.7 0.599999
      vertex 62.9724 5.88958 0
      vertex 62.9724 5.88958 0.599999
    endloop
  endfacet
  facet normal 0.906313 0.422608 0
    outer loop
      vertex 62.9724 5.88958 0
      vertex 63.0608 5.7 0.599999
      vertex 63.0608 5.7 0
    endloop
  endfacet
  facet normal -0.706868 0.707346 0
    outer loop
      vertex 65.0193 5.52865 0
      vertex 64.8713 5.38075 0.599999
      vertex 65.0193 5.52865 0.599999
    endloop
  endfacet
  facet normal -0.706868 0.707346 0
    outer loop
      vertex 64.8713 5.38075 0.599999
      vertex 65.0193 5.52865 0
      vertex 64.8713 5.38075 0
    endloop
  endfacet
  facet normal -0.0871432 -0.996196 0
    outer loop
      vertex 64.1 7.5 0
      vertex 64.3084 7.48177 0.599999
      vertex 64.1 7.5 0.599999
    endloop
  endfacet
  facet normal -0.0871432 -0.996196 -0
    outer loop
      vertex 64.3084 7.48177 0.599999
      vertex 64.1 7.5 0
      vertex 64.3084 7.48177 0
    endloop
  endfacet
  facet normal 0.258883 0.965909 -0
    outer loop
      vertex 63.8916 5.11823 0
      vertex 63.6896 5.17237 0.599999
      vertex 63.8916 5.11823 0.599999
    endloop
  endfacet
  facet normal 0.258883 0.965909 0
    outer loop
      vertex 63.6896 5.17237 0.599999
      vertex 63.8916 5.11823 0
      vertex 63.6896 5.17237 0
    endloop
  endfacet
  facet normal 0.996208 -0.0870092 0
    outer loop
      vertex 62.9 6.3 0.599999
      vertex 62.9182 6.50838 0
      vertex 62.9182 6.50838 0.599999
    endloop
  endfacet
  facet normal 0.996208 -0.0870092 0
    outer loop
      vertex 62.9182 6.50838 0
      vertex 62.9 6.3 0.599999
      vertex 62.9 6.3 0
    endloop
  endfacet
  facet normal 0.706868 0.707346 0
    outer loop
      vertex 63.3287 5.38075 0.599999
      vertex 63.1807 5.52865 0
      vertex 63.1807 5.52865 0.599999
    endloop
  endfacet
  facet normal 0.706868 0.707346 0
    outer loop
      vertex 63.1807 5.52865 0
      vertex 63.3287 5.38075 0.599999
      vertex 63.3287 5.38075 0
    endloop
  endfacet
  facet normal 0.573687 0.819075 -0
    outer loop
      vertex 63.5 5.26077 0
      vertex 63.3287 5.38075 0.599999
      vertex 63.5 5.26077 0.599999
    endloop
  endfacet
  facet normal 0.573687 0.819075 0
    outer loop
      vertex 63.3287 5.38075 0.599999
      vertex 63.5 5.26077 0
      vertex 63.3287 5.38075 0
    endloop
  endfacet
  facet normal 0.819317 -0.57334 0
    outer loop
      vertex 63.0608 6.9 0.599999
      vertex 63.1807 7.07134 0
      vertex 63.1807 7.07134 0.599999
    endloop
  endfacet
  facet normal 0.819317 -0.57334 0
    outer loop
      vertex 63.1807 7.07134 0
      vertex 63.0608 6.9 0.599999
      vertex 63.0608 6.9 0
    endloop
  endfacet
  facet normal 0.25915 -0.965837 0
    outer loop
      vertex 63.6896 30.3276 0
      vertex 63.8916 30.3818 0.599999
      vertex 63.6896 30.3276 0.599999
    endloop
  endfacet
  facet normal 0.25915 -0.965837 0
    outer loop
      vertex 63.8916 30.3818 0.599999
      vertex 63.6896 30.3276 0
      vertex 63.8916 30.3818 0
    endloop
  endfacet
  facet normal -0.965837 -0.25915 0
    outer loop
      vertex 65.2818 29.4084 0
      vertex 65.2276 29.6104 0.599999
      vertex 65.2276 29.6104 0
    endloop
  endfacet
  facet normal -0.965837 -0.25915 0
    outer loop
      vertex 65.2276 29.6104 0.599999
      vertex 65.2818 29.4084 0
      vertex 65.2818 29.4084 0.599999
    endloop
  endfacet
  facet normal -0.996208 -0.0870009 0
    outer loop
      vertex 65.3 29.2 0
      vertex 65.2818 29.4084 0.599999
      vertex 65.2818 29.4084 0
    endloop
  endfacet
  facet normal -0.996208 -0.0870009 0
    outer loop
      vertex 65.2818 29.4084 0.599999
      vertex 65.3 29.2 0
      vertex 65.3 29.2 0.599999
    endloop
  endfacet
  facet normal 0.90633 -0.422571 0
    outer loop
      vertex 62.9724 29.6104 0.599999
      vertex 63.0608 29.8 0
      vertex 63.0608 29.8 0.599999
    endloop
  endfacet
  facet normal 0.90633 -0.422571 0
    outer loop
      vertex 63.0608 29.8 0
      vertex 62.9724 29.6104 0.599999
      vertex 62.9724 29.6104 0
    endloop
  endfacet
  facet normal -0.996208 0.0870009 0
    outer loop
      vertex 65.2818 28.9916 0
      vertex 65.3 29.2 0.599999
      vertex 65.3 29.2 0
    endloop
  endfacet
  facet normal -0.996208 0.0870009 0
    outer loop
      vertex 65.3 29.2 0.599999
      vertex 65.2818 28.9916 0
      vertex 65.2818 28.9916 0.599999
    endloop
  endfacet
  facet normal -0.707107 -0.707107 0
    outer loop
      vertex 64.8713 30.1193 0
      vertex 65.0193 29.9713 0.599999
      vertex 64.8713 30.1193 0.599999
    endloop
  endfacet
  facet normal -0.707107 -0.707107 -0
    outer loop
      vertex 65.0193 29.9713 0.599999
      vertex 64.8713 30.1193 0
      vertex 65.0193 29.9713 0
    endloop
  endfacet
  facet normal -0.57343 0.819254 0
    outer loop
      vertex 64.8713 28.2807 0
      vertex 64.7 28.1608 0.599999
      vertex 64.8713 28.2807 0.599999
    endloop
  endfacet
  facet normal -0.57343 0.819254 0
    outer loop
      vertex 64.7 28.1608 0.599999
      vertex 64.8713 28.2807 0
      vertex 64.7 28.1608 0
    endloop
  endfacet
  facet normal -0.0870009 0.996208 0
    outer loop
      vertex 64.3084 28.0182 0
      vertex 64.1 28 0.599999
      vertex 64.3084 28.0182 0.599999
    endloop
  endfacet
  facet normal -0.0870009 0.996208 0
    outer loop
      vertex 64.1 28 0.599999
      vertex 64.3084 28.0182 0
      vertex 64.1 28 0
    endloop
  endfacet
  facet normal 0.707107 -0.707107 0
    outer loop
      vertex 63.1807 29.9713 0.599999
      vertex 63.3287 30.1193 0
      vertex 63.3287 30.1193 0.599999
    endloop
  endfacet
  facet normal 0.707107 -0.707107 0
    outer loop
      vertex 63.3287 30.1193 0
      vertex 63.1807 29.9713 0.599999
      vertex 63.1807 29.9713 0
    endloop
  endfacet
  facet normal 0.57343 0.819254 -0
    outer loop
      vertex 63.5 28.1608 0
      vertex 63.3287 28.2807 0.599999
      vertex 63.5 28.1608 0.599999
    endloop
  endfacet
  facet normal 0.57343 0.819254 0
    outer loop
      vertex 63.3287 28.2807 0.599999
      vertex 63.5 28.1608 0
      vertex 63.3287 28.2807 0
    endloop
  endfacet
  facet normal 0.965837 -0.25915 0
    outer loop
      vertex 62.9182 29.4084 0.599999
      vertex 62.9724 29.6104 0
      vertex 62.9724 29.6104 0.599999
    endloop
  endfacet
  facet normal 0.965837 -0.25915 0
    outer loop
      vertex 62.9724 29.6104 0
      vertex 62.9182 29.4084 0.599999
      vertex 62.9182 29.4084 0
    endloop
  endfacet
  facet normal -0.0870009 -0.996208 0
    outer loop
      vertex 64.1 30.4 0
      vertex 64.3084 30.3818 0.599999
      vertex 64.1 30.4 0.599999
    endloop
  endfacet
  facet normal -0.0870009 -0.996208 -0
    outer loop
      vertex 64.3084 30.3818 0.599999
      vertex 64.1 30.4 0
      vertex 64.3084 30.3818 0
    endloop
  endfacet
  facet normal 0 0 -1
    outer loop
      vertex 65.2818 28.9916 0.599999
      vertex 65.2818 29.4084 0.599999
      vertex 65.3 29.2 0.599999
    endloop
  endfacet
  facet normal 0 0 -1
    outer loop
      vertex 65.2276 28.7896 0.599999
      vertex 65.2818 29.4084 0.599999
      vertex 65.2818 28.9916 0.599999
    endloop
  endfacet
  facet normal 0 0 -1
    outer loop
      vertex 65.2276 28.7896 0.599999
      vertex 65.2276 29.6104 0.599999
      vertex 65.2818 29.4084 0.599999
    endloop
  endfacet
  facet normal 0 0 -1
    outer loop
      vertex 65.1392 28.6 0.599999
      vertex 65.2276 29.6104 0.599999
      vertex 65.2276 28.7896 0.599999
    endloop
  endfacet
  facet normal 0 0 -1
    outer loop
      vertex 65.1392 28.6 0.599999
      vertex 65.1392 29.8 0.599999
      vertex 65.2276 29.6104 0.599999
    endloop
  endfacet
  facet normal 0 0 -1
    outer loop
      vertex 65.0193 28.4287 0.599999
      vertex 65.1392 29.8 0.599999
      vertex 65.1392 28.6 0.599999
    endloop
  endfacet
  facet normal 0 0 -1
    outer loop
      vertex 65.0193 28.4287 0.599999
      vertex 65.0193 29.9713 0.599999
      vertex 65.1392 29.8 0.599999
    endloop
  endfacet
  facet normal 0 0 -1
    outer loop
      vertex 64.8713 28.2807 0.599999
      vertex 65.0193 29.9713 0.599999
      vertex 65.0193 28.4287 0.599999
    endloop
  endfacet
  facet normal 0 0 -1
    outer loop
      vertex 64.8713 28.2807 0.599999
      vertex 64.8713 30.1193 0.599999
      vertex 65.0193 29.9713 0.599999
    endloop
  endfacet
  facet normal 0 0 -1
    outer loop
      vertex 64.7 28.1608 0.599999
      vertex 64.8713 30.1193 0.599999
      vertex 64.8713 28.2807 0.599999
    endloop
  endfacet
  facet normal 0 0 -1
    outer loop
      vertex 64.7 28.1608 0.599999
      vertex 64.7 30.2392 0.599999
      vertex 64.8713 30.1193 0.599999
    endloop
  endfacet
  facet normal 0 0 -1
    outer loop
      vertex 64.5104 28.0724 0.599999
      vertex 64.7 30.2392 0.599999
      vertex 64.7 28.1608 0.599999
    endloop
  endfacet
  facet normal 0 0 -1
    outer loop
      vertex 64.5104 28.0724 0.599999
      vertex 64.5104 30.3276 0.599999
      vertex 64.7 30.2392 0.599999
    endloop
  endfacet
  facet normal 0 0 -1
    outer loop
      vertex 64.3084 28.0182 0.599999
      vertex 64.5104 30.3276 0.599999
      vertex 64.5104 28.0724 0.599999
    endloop
  endfacet
  facet normal 0 0 -1
    outer loop
      vertex 64.3084 28.0182 0.599999
      vertex 64.3084 30.3818 0.599999
      vertex 64.5104 30.3276 0.599999
    endloop
  endfacet
  facet normal 0 0 -1
    outer loop
      vertex 64.1 28 0.599999
      vertex 64.3084 30.3818 0.599999
      vertex 64.3084 28.0182 0.599999
    endloop
  endfacet
  facet normal 0 0 -1
    outer loop
      vertex 64.1 28 0.599999
      vertex 64.1 30.4 0.599999
      vertex 64.3084 30.3818 0.599999
    endloop
  endfacet
  facet normal 0 0 -1
    outer loop
      vertex 63.8916 28.0182 0.599999
      vertex 64.1 30.4 0.599999
      vertex 64.1 28 0.599999
    endloop
  endfacet
  facet normal 0 0 -1
    outer loop
      vertex 63.8916 28.0182 0.599999
      vertex 63.8916 30.3818 0.599999
      vertex 64.1 30.4 0.599999
    endloop
  endfacet
  facet normal 0 0 -1
    outer loop
      vertex 63.6896 28.0724 0.599999
      vertex 63.8916 30.3818 0.599999
      vertex 63.8916 28.0182 0.599999
    endloop
  endfacet
  facet normal 0 0 -1
    outer loop
      vertex 63.6896 28.0724 0.599999
      vertex 63.6896 30.3276 0.599999
      vertex 63.8916 30.3818 0.599999
    endloop
  endfacet
  facet normal 0 0 -1
    outer loop
      vertex 63.5 28.1608 0.599999
      vertex 63.6896 30.3276 0.599999
      vertex 63.6896 28.0724 0.599999
    endloop
  endfacet
  facet normal 0 0 -1
    outer loop
      vertex 63.5 28.1608 0.599999
      vertex 63.5 30.2392 0.599999
      vertex 63.6896 30.3276 0.599999
    endloop
  endfacet
  facet normal 0 0 -1
    outer loop
      vertex 63.3287 28.2807 0.599999
      vertex 63.5 30.2392 0.599999
      vertex 63.5 28.1608 0.599999
    endloop
  endfacet
  facet normal 0 0 -1
    outer loop
      vertex 63.3287 28.2807 0.599999
      vertex 63.3287 30.1193 0.599999
      vertex 63.5 30.2392 0.599999
    endloop
  endfacet
  facet normal 0 0 -1
    outer loop
      vertex 63.1807 28.4287 0.599999
      vertex 63.3287 30.1193 0.599999
      vertex 63.3287 28.2807 0.599999
    endloop
  endfacet
  facet normal 0 0 -1
    outer loop
      vertex 63.1807 28.4287 0.599999
      vertex 63.1807 29.9713 0.599999
      vertex 63.3287 30.1193 0.599999
    endloop
  endfacet
  facet normal 0 0 -1
    outer loop
      vertex 63.0608 28.6 0.599999
      vertex 63.1807 29.9713 0.599999
      vertex 63.1807 28.4287 0.599999
    endloop
  endfacet
  facet normal 0 0 -1
    outer loop
      vertex 63.0608 28.6 0.599999
      vertex 63.0608 29.8 0.599999
      vertex 63.1807 29.9713 0.599999
    endloop
  endfacet
  facet normal 0 0 -1
    outer loop
      vertex 62.9724 28.7896 0.599999
      vertex 63.0608 29.8 0.599999
      vertex 63.0608 28.6 0.599999
    endloop
  endfacet
  facet normal 0 0 -1
    outer loop
      vertex 62.9724 28.7896 0.599999
      vertex 62.9724 29.6104 0.599999
      vertex 63.0608 29.8 0.599999
    endloop
  endfacet
  facet normal 0 0 -1
    outer loop
      vertex 62.9182 28.9916 0.599999
      vertex 62.9724 29.6104 0.599999
      vertex 62.9724 28.7896 0.599999
    endloop
  endfacet
  facet normal 0 0 -1
    outer loop
      vertex 62.9182 28.9916 0.599999
      vertex 62.9182 29.4084 0.599999
      vertex 62.9724 29.6104 0.599999
    endloop
  endfacet
  facet normal 0 -0 -1
    outer loop
      vertex 62.9182 29.4084 0.599999
      vertex 62.9182 28.9916 0.599999
      vertex 62.9 29.2 0.599999
    endloop
  endfacet
  facet normal -0.965837 0.25915 0
    outer loop
      vertex 65.2276 28.7896 0
      vertex 65.2818 28.9916 0.599999
      vertex 65.2818 28.9916 0
    endloop
  endfacet
  facet normal -0.965837 0.25915 0
    outer loop
      vertex 65.2818 28.9916 0.599999
      vertex 65.2276 28.7896 0
      vertex 65.2276 28.7896 0.599999
    endloop
  endfacet
  facet normal 0.57343 -0.819254 0
    outer loop
      vertex 63.3287 30.1193 0
      vertex 63.5 30.2392 0.599999
      vertex 63.3287 30.1193 0.599999
    endloop
  endfacet
  facet normal 0.57343 -0.819254 0
    outer loop
      vertex 63.5 30.2392 0.599999
      vertex 63.3287 30.1193 0
      vertex 63.5 30.2392 0
    endloop
  endfacet
  facet normal -0.25915 0.965837 0
    outer loop
      vertex 64.5104 28.0724 0
      vertex 64.3084 28.0182 0.599999
      vertex 64.5104 28.0724 0.599999
    endloop
  endfacet
  facet normal -0.25915 0.965837 0
    outer loop
      vertex 64.3084 28.0182 0.599999
      vertex 64.5104 28.0724 0
      vertex 64.3084 28.0182 0
    endloop
  endfacet
  facet normal -0.422571 -0.90633 0
    outer loop
      vertex 64.5104 30.3276 0
      vertex 64.7 30.2392 0.599999
      vertex 64.5104 30.3276 0.599999
    endloop
  endfacet
  facet normal -0.422571 -0.90633 -0
    outer loop
      vertex 64.7 30.2392 0.599999
      vertex 64.5104 30.3276 0
      vertex 64.7 30.2392 0
    endloop
  endfacet
  facet normal -0.90633 -0.422571 0
    outer loop
      vertex 65.2276 29.6104 0
      vertex 65.1392 29.8 0.599999
      vertex 65.1392 29.8 0
    endloop
  endfacet
  facet normal -0.90633 -0.422571 0
    outer loop
      vertex 65.1392 29.8 0.599999
      vertex 65.2276 29.6104 0
      vertex 65.2276 29.6104 0.599999
    endloop
  endfacet
  facet normal 0.422571 -0.90633 0
    outer loop
      vertex 63.5 30.2392 0
      vertex 63.6896 30.3276 0.599999
      vertex 63.5 30.2392 0.599999
    endloop
  endfacet
  facet normal 0.422571 -0.90633 0
    outer loop
      vertex 63.6896 30.3276 0.599999
      vertex 63.5 30.2392 0
      vertex 63.6896 30.3276 0
    endloop
  endfacet
  facet normal 0.819254 -0.57343 0
    outer loop
      vertex 63.0608 29.8 0.599999
      vertex 63.1807 29.9713 0
      vertex 63.1807 29.9713 0.599999
    endloop
  endfacet
  facet normal 0.819254 -0.57343 0
    outer loop
      vertex 63.1807 29.9713 0
      vertex 63.0608 29.8 0.599999
      vertex 63.0608 29.8 0
    endloop
  endfacet
  facet normal -0.25915 -0.965837 0
    outer loop
      vertex 64.3084 30.3818 0
      vertex 64.5104 30.3276 0.599999
      vertex 64.3084 30.3818 0.599999
    endloop
  endfacet
  facet normal -0.25915 -0.965837 -0
    outer loop
      vertex 64.5104 30.3276 0.599999
      vertex 64.3084 30.3818 0
      vertex 64.5104 30.3276 0
    endloop
  endfacet
  facet normal 0.819254 0.57343 0
    outer loop
      vertex 63.1807 28.4287 0.599999
      vertex 63.0608 28.6 0
      vertex 63.0608 28.6 0.599999
    endloop
  endfacet
  facet normal 0.819254 0.57343 0
    outer loop
      vertex 63.0608 28.6 0
      vertex 63.1807 28.4287 0.599999
      vertex 63.1807 28.4287 0
    endloop
  endfacet
  facet normal -0.90633 0.422571 0
    outer loop
      vertex 65.1392 28.6 0
      vertex 65.2276 28.7896 0.599999
      vertex 65.2276 28.7896 0
    endloop
  endfacet
  facet normal -0.90633 0.422571 0
    outer loop
      vertex 65.2276 28.7896 0.599999
      vertex 65.1392 28.6 0
      vertex 65.1392 28.6 0.599999
    endloop
  endfacet
  facet normal 0.996208 0.0870009 0
    outer loop
      vertex 62.9182 28.9916 0.599999
      vertex 62.9 29.2 0
      vertex 62.9 29.2 0.599999
    endloop
  endfacet
  facet normal 0.996208 0.0870009 0
    outer loop
      vertex 62.9 29.2 0
      vertex 62.9182 28.9916 0.599999
      vertex 62.9182 28.9916 0
    endloop
  endfacet
  facet normal -0.57343 -0.819254 0
    outer loop
      vertex 64.7 30.2392 0
      vertex 64.8713 30.1193 0.599999
      vertex 64.7 30.2392 0.599999
    endloop
  endfacet
  facet normal -0.57343 -0.819254 -0
    outer loop
      vertex 64.8713 30.1193 0.599999
      vertex 64.7 30.2392 0
      vertex 64.8713 30.1193 0
    endloop
  endfacet
  facet normal -0.707107 0.707107 0
    outer loop
      vertex 65.0193 28.4287 0
      vertex 64.8713 28.2807 0.599999
      vertex 65.0193 28.4287 0.599999
    endloop
  endfacet
  facet normal -0.707107 0.707107 0
    outer loop
      vertex 64.8713 28.2807 0.599999
      vertex 65.0193 28.4287 0
      vertex 64.8713 28.2807 0
    endloop
  endfacet
  facet normal 0.422571 0.90633 -0
    outer loop
      vertex 63.6896 28.0724 0
      vertex 63.5 28.1608 0.599999
      vertex 63.6896 28.0724 0.599999
    endloop
  endfacet
  facet normal 0.422571 0.90633 0
    outer loop
      vertex 63.5 28.1608 0.599999
      vertex 63.6896 28.0724 0
      vertex 63.5 28.1608 0
    endloop
  endfacet
  facet normal -0.422571 0.90633 0
    outer loop
      vertex 64.7 28.1608 0
      vertex 64.5104 28.0724 0.599999
      vertex 64.7 28.1608 0.599999
    endloop
  endfacet
  facet normal -0.422571 0.90633 0
    outer loop
      vertex 64.5104 28.0724 0.599999
      vertex 64.7 28.1608 0
      vertex 64.5104 28.0724 0
    endloop
  endfacet
  facet normal 0.90633 0.422571 0
    outer loop
      vertex 63.0608 28.6 0.599999
      vertex 62.9724 28.7896 0
      vertex 62.9724 28.7896 0.599999
    endloop
  endfacet
  facet normal 0.90633 0.422571 0
    outer loop
      vertex 62.9724 28.7896 0
      vertex 63.0608 28.6 0.599999
      vertex 63.0608 28.6 0
    endloop
  endfacet
  facet normal 0.707107 0.707107 0
    outer loop
      vertex 63.3287 28.2807 0.599999
      vertex 63.1807 28.4287 0
      vertex 63.1807 28.4287 0.599999
    endloop
  endfacet
  facet normal 0.707107 0.707107 0
    outer loop
      vertex 63.1807 28.4287 0
      vertex 63.3287 28.2807 0.599999
      vertex 63.3287 28.2807 0
    endloop
  endfacet
  facet normal 0.0870009 -0.996208 0
    outer loop
      vertex 63.8916 30.3818 0
      vertex 64.1 30.4 0.599999
      vertex 63.8916 30.3818 0.599999
    endloop
  endfacet
  facet normal 0.0870009 -0.996208 0
    outer loop
      vertex 64.1 30.4 0.599999
      vertex 63.8916 30.3818 0
      vertex 64.1 30.4 0
    endloop
  endfacet
  facet normal 0.996208 -0.0870009 0
    outer loop
      vertex 62.9 29.2 0.599999
      vertex 62.9182 29.4084 0
      vertex 62.9182 29.4084 0.599999
    endloop
  endfacet
  facet normal 0.996208 -0.0870009 0
    outer loop
      vertex 62.9182 29.4084 0
      vertex 62.9 29.2 0.599999
      vertex 62.9 29.2 0
    endloop
  endfacet
  facet normal -0.819254 -0.57343 0
    outer loop
      vertex 65.1392 29.8 0
      vertex 65.0193 29.9713 0.599999
      vertex 65.0193 29.9713 0
    endloop
  endfacet
  facet normal -0.819254 -0.57343 0
    outer loop
      vertex 65.0193 29.9713 0.599999
      vertex 65.1392 29.8 0
      vertex 65.1392 29.8 0.599999
    endloop
  endfacet
  facet normal -0.819254 0.57343 0
    outer loop
      vertex 65.0193 28.4287 0
      vertex 65.1392 28.6 0.599999
      vertex 65.1392 28.6 0
    endloop
  endfacet
  facet normal -0.819254 0.57343 0
    outer loop
      vertex 65.1392 28.6 0.599999
      vertex 65.0193 28.4287 0
      vertex 65.0193 28.4287 0.599999
    endloop
  endfacet
  facet normal 0.0870009 0.996208 -0
    outer loop
      vertex 64.1 28 0
      vertex 63.8916 28.0182 0.599999
      vertex 64.1 28 0.599999
    endloop
  endfacet
  facet normal 0.0870009 0.996208 0
    outer loop
      vertex 63.8916 28.0182 0.599999
      vertex 64.1 28 0
      vertex 63.8916 28.0182 0
    endloop
  endfacet
  facet normal 0.25915 0.965837 -0
    outer loop
      vertex 63.8916 28.0182 0
      vertex 63.6896 28.0724 0.599999
      vertex 63.8916 28.0182 0.599999
    endloop
  endfacet
  facet normal 0.25915 0.965837 0
    outer loop
      vertex 63.6896 28.0724 0.599999
      vertex 63.8916 28.0182 0
      vertex 63.6896 28.0724 0
    endloop
  endfacet
  facet normal 0.965837 0.25915 0
    outer loop
      vertex 62.9724 28.7896 0.599999
      vertex 62.9182 28.9916 0
      vertex 62.9182 28.9916 0.599999
    endloop
  endfacet
  facet normal 0.965837 0.25915 0
    outer loop
      vertex 62.9182 28.9916 0
      vertex 62.9724 28.7896 0.599999
      vertex 62.9724 28.7896 0
    endloop
  endfacet
  facet normal 0 -1 0
    outer loop
      vertex 4 0 9.1
      vertex 9.68 0 4.2
      vertex 9.68 0 9.1
    endloop
  endfacet
  facet normal 0 -1 0
    outer loop
      vertex 4 0 0
      vertex 20.58 0 4.2
      vertex 9.68 0 4.2
    endloop
  endfacet
  facet normal 0 -1 -0
    outer loop
      vertex 20.58 0 4.2
      vertex 4 0 0
      vertex 38.93 0 4.2
    endloop
  endfacet
  facet normal 0 -1 0
    outer loop
      vertex 66.4 0 0
      vertex 38.93 0 4.2
      vertex 4 0 0
    endloop
  endfacet
  facet normal 0 -1 0
    outer loop
      vertex 38.93 0 4.2
      vertex 66.4 0 0
      vertex 49.44 0 4.2
    endloop
  endfacet
  facet normal 0 -1 0
    outer loop
      vertex 49.44 0 4.2
      vertex 66.4 0 0
      vertex 51.51 0 4.2
    endloop
  endfacet
  facet normal 0 -1 0
    outer loop
      vertex 4 0 0
      vertex 9.68 0 4.2
      vertex 4 0 9.1
    endloop
  endfacet
  facet normal 0 -1 0
    outer loop
      vertex 20.58 0 4.2
      vertex 38.93 0 9.1
      vertex 20.58 0 9.1
    endloop
  endfacet
  facet normal 0 -1 -0
    outer loop
      vertex 38.93 0 9.1
      vertex 20.58 0 4.2
      vertex 38.93 0 4.2
    endloop
  endfacet
  facet normal 0 -1 0
    outer loop
      vertex 49.44 0 4.2
      vertex 51.51 0 9.1
      vertex 49.44 0 9.1
    endloop
  endfacet
  facet normal 0 -1 -0
    outer loop
      vertex 51.51 0 9.1
      vertex 49.44 0 4.2
      vertex 51.51 0 4.2
    endloop
  endfacet
  facet normal 0 -1 0
    outer loop
      vertex 61.9 0 4.2
      vertex 66.4 0 9.1
      vertex 61.9 0 9.1
    endloop
  endfacet
  facet normal 0 -1 0
    outer loop
      vertex 61.9 0 4.2
      vertex 66.4 0 0
      vertex 66.4 0 9.1
    endloop
  endfacet
  facet normal 0 -1 0
    outer loop
      vertex 51.51 0 4.2
      vertex 66.4 0 0
      vertex 61.9 0 4.2
    endloop
  endfacet
  facet normal 0.0871536 -0.996195 0
    outer loop
      vertex 66.4 0 0
      vertex 67.0946 0.0607681 9.1
      vertex 66.4 0 9.1
    endloop
  endfacet
  facet normal 0.0871536 -0.996195 0
    outer loop
      vertex 67.0946 0.0607681 9.1
      vertex 66.4 0 0
      vertex 67.0946 0.0607681 0
    endloop
  endfacet
  facet normal -0.906303 0.422629 0
    outer loop
      vertex 0.241229 32.7681 0
      vertex 0.535898 33.4 9.1
      vertex 0.535898 33.4 0
    endloop
  endfacet
  facet normal -0.906303 0.422629 0
    outer loop
      vertex 0.535898 33.4 9.1
      vertex 0.241229 32.7681 0
      vertex 0.241229 32.7681 9.1
    endloop
  endfacet
  facet normal -0.422655 0.906291 0
    outer loop
      vertex 2.63192 35.1588 0
      vertex 2 34.8641 9.1
      vertex 2.63192 35.1588 9.1
    endloop
  endfacet
  facet normal -0.422655 0.906291 0
    outer loop
      vertex 2 34.8641 9.1
      vertex 2.63192 35.1588 0
      vertex 2 34.8641 0
    endloop
  endfacet
  facet normal 1 -0 0
    outer loop
      vertex 70.4 4 9.1
      vertex 70.4 31.4 0
      vertex 70.4 31.4 9.1
    endloop
  endfacet
  facet normal 1 0 0
    outer loop
      vertex 70.4 31.4 0
      vertex 70.4 4 9.1
      vertex 70.4 4 0
    endloop
  endfacet
  facet normal 0.258734 0.965949 -0
    outer loop
      vertex 67.7681 35.1588 0
      vertex 67.0946 35.3392 9.1
      vertex 67.7681 35.1588 9.1
    endloop
  endfacet
  facet normal 0.258734 0.965949 0
    outer loop
      vertex 67.0946 35.3392 9.1
      vertex 67.7681 35.1588 0
      vertex 67.0946 35.3392 0
    endloop
  endfacet
  facet normal 0 1 0
    outer loop
      vertex 66.4 35.4 9.1
      vertex 66.2 35.4 2.2
      vertex 66.2 35.4 9.1
    endloop
  endfacet
  facet normal 0 1 0
    outer loop
      vertex 66.2 35.4 2.2
      vertex 66.4 35.4 0
      vertex 4.2 35.4 2.2
    endloop
  endfacet
  facet normal 0 1 -0
    outer loop
      vertex 66.4 35.4 0
      vertex 66.2 35.4 2.2
      vertex 66.4 35.4 9.1
    endloop
  endfacet
  facet normal 0 1 -0
    outer loop
      vertex 4.2 35.4 2.2
      vertex 4 35.4 9.1
      vertex 4.2 35.4 9.1
    endloop
  endfacet
  facet normal 0 1 0
    outer loop
      vertex 4.2 35.4 2.2
      vertex 4 35.4 0
      vertex 4 35.4 9.1
    endloop
  endfacet
  facet normal 0 1 0
    outer loop
      vertex 4 35.4 0
      vertex 4.2 35.4 2.2
      vertex 66.4 35.4 0
    endloop
  endfacet
  facet normal -0.0872002 0.996191 0
    outer loop
      vertex 4 35.4 0
      vertex 3.30541 35.3392 9.1
      vertex 4 35.4 9.1
    endloop
  endfacet
  facet normal -0.0872002 0.996191 0
    outer loop
      vertex 3.30541 35.3392 9.1
      vertex 4 35.4 0
      vertex 3.30541 35.3392 0
    endloop
  endfacet
  facet normal -0.0871548 -0.996195 0
    outer loop
      vertex 3.30541 0.0607681 0
      vertex 4 0 9.1
      vertex 3.30541 0.0607681 9.1
    endloop
  endfacet
  facet normal -0.0871548 -0.996195 -0
    outer loop
      vertex 4 0 9.1
      vertex 3.30541 0.0607681 0
      vertex 4 0 0
    endloop
  endfacet
  facet normal 0.087199 0.996191 -0
    outer loop
      vertex 67.0946 35.3392 0
      vertex 66.4 35.4 9.1
      vertex 67.0946 35.3392 9.1
    endloop
  endfacet
  facet normal 0.087199 0.996191 0
    outer loop
      vertex 66.4 35.4 9.1
      vertex 67.0946 35.3392 0
      vertex 66.4 35.4 0
    endloop
  endfacet
  facet normal -0.965926 -0.258819 0
    outer loop
      vertex 0.241229 2.63192 0
      vertex 0.0607681 3.30541 9.1
      vertex 0.0607681 3.30541 0
    endloop
  endfacet
  facet normal -0.965926 -0.258819 0
    outer loop
      vertex 0.0607681 3.30541 9.1
      vertex 0.241229 2.63192 0
      vertex 0.241229 2.63192 9.1
    endloop
  endfacet
  facet normal -0.707107 -0.707107 0
    outer loop
      vertex 1.42885 0.935822 0
      vertex 0.935822 1.42885 9.1
      vertex 0.935822 1.42885 0
    endloop
  endfacet
  facet normal -0.707107 -0.707107 0
    outer loop
      vertex 0.935822 1.42885 9.1
      vertex 1.42885 0.935822 0
      vertex 1.42885 0.935822 9.1
    endloop
  endfacet
  facet normal 0.819144 0.573587 0
    outer loop
      vertex 69.8641 33.4 9.1
      vertex 69.4642 33.9711 0
      vertex 69.4642 33.9711 9.1
    endloop
  endfacet
  facet normal 0.819144 0.573587 0
    outer loop
      vertex 69.4642 33.9711 0
      vertex 69.8641 33.4 9.1
      vertex 69.8641 33.4 0
    endloop
  endfacet
  facet normal 0.707127 -0.707087 0
    outer loop
      vertex 68.9712 0.935822 9.1
      vertex 69.4642 1.42885 0
      vertex 69.4642 1.42885 9.1
    endloop
  endfacet
  facet normal 0.707127 -0.707087 0
    outer loop
      vertex 69.4642 1.42885 0
      vertex 68.9712 0.935822 9.1
      vertex 68.9712 0.935822 0
    endloop
  endfacet
  facet normal 0.422666 0.906286 -0
    outer loop
      vertex 68.4 34.8641 0
      vertex 67.7681 35.1588 9.1
      vertex 68.4 34.8641 9.1
    endloop
  endfacet
  facet normal 0.422666 0.906286 0
    outer loop
      vertex 67.7681 35.1588 9.1
      vertex 68.4 34.8641 0
      vertex 67.7681 35.1588 0
    endloop
  endfacet
  facet normal -0.965927 0.258815 0
    outer loop
      vertex 0.0607681 32.0946 0
      vertex 0.241229 32.7681 9.1
      vertex 0.241229 32.7681 0
    endloop
  endfacet
  facet normal -0.965927 0.258815 0
    outer loop
      vertex 0.241229 32.7681 9.1
      vertex 0.0607681 32.0946 0
      vertex 0.0607681 32.0946 9.1
    endloop
  endfacet
  facet normal -0.258819 -0.965926 0
    outer loop
      vertex 2.63192 0.241229 0
      vertex 3.30541 0.0607681 9.1
      vertex 2.63192 0.241229 9.1
    endloop
  endfacet
  facet normal -0.258819 -0.965926 -0
    outer loop
      vertex 3.30541 0.0607681 9.1
      vertex 2.63192 0.241229 0
      vertex 3.30541 0.0607681 0
    endloop
  endfacet
  facet normal -0.996195 0.0871536 0
    outer loop
      vertex 0 31.4 0
      vertex 0.0607681 32.0946 9.1
      vertex 0.0607681 32.0946 0
    endloop
  endfacet
  facet normal -0.996195 0.0871536 0
    outer loop
      vertex 0.0607681 32.0946 9.1
      vertex 0 31.4 0
      vertex 0 31.4 9.1
    endloop
  endfacet
  facet normal 0.819168 -0.573554 0
    outer loop
      vertex 69.4642 1.42885 9.1
      vertex 69.8641 2 0
      vertex 69.8641 2 9.1
    endloop
  endfacet
  facet normal 0.819168 -0.573554 0
    outer loop
      vertex 69.8641 2 0
      vertex 69.4642 1.42885 9.1
      vertex 69.4642 1.42885 0
    endloop
  endfacet
  facet normal 0.258815 -0.965927 0
    outer loop
      vertex 67.0946 0.0607681 0
      vertex 67.7681 0.241229 9.1
      vertex 67.0946 0.0607681 9.1
    endloop
  endfacet
  facet normal 0.258815 -0.965927 0
    outer loop
      vertex 67.7681 0.241229 9.1
      vertex 67.0946 0.0607681 0
      vertex 67.7681 0.241229 0
    endloop
  endfacet
  facet normal 0 0 -1
    outer loop
      vertex 65.1392 6.9 0
      vertex 70.4 4 0
      vertex 65.2276 6.71042 0
    endloop
  endfacet
  facet normal 0 0 -1
    outer loop
      vertex 70.4 31.4 0
      vertex 65.2818 28.9916 0
      vertex 65.3 29.2 0
    endloop
  endfacet
  facet normal 0 0 -1
    outer loop
      vertex 65.0193 7.07134 0
      vertex 70.4 4 0
      vertex 65.1392 6.9 0
    endloop
  endfacet
  facet normal 0 0 -1
    outer loop
      vertex 70.4 31.4 0
      vertex 65.2276 28.7896 0
      vertex 65.2818 28.9916 0
    endloop
  endfacet
  facet normal 0 0 -1
    outer loop
      vertex 64.8713 7.21925 0
      vertex 70.4 4 0
      vertex 65.0193 7.07134 0
    endloop
  endfacet
  facet normal 0 0 -1
    outer loop
      vertex 70.4 31.4 0
      vertex 65.1392 28.6 0
      vertex 65.2276 28.7896 0
    endloop
  endfacet
  facet normal 0 0 -1
    outer loop
      vertex 70.4 4 0
      vertex 64.8713 7.21925 0
      vertex 70.4 31.4 0
    endloop
  endfacet
  facet normal 0 0 -1
    outer loop
      vertex 70.4 31.4 0
      vertex 65.0193 28.4287 0
      vertex 65.1392 28.6 0
    endloop
  endfacet
  facet normal 0 0 -1
    outer loop
      vertex 64.8713 28.2807 0
      vertex 70.4 31.4 0
      vertex 64.8713 7.21925 0
    endloop
  endfacet
  facet normal 0 0 -1
    outer loop
      vertex 70.4 31.4 0
      vertex 64.8713 28.2807 0
      vertex 65.0193 28.4287 0
    endloop
  endfacet
  facet normal 0 0 -1
    outer loop
      vertex 64.7 7.33923 0
      vertex 64.8713 28.2807 0
      vertex 64.8713 7.21925 0
    endloop
  endfacet
  facet normal 0 0 -1
    outer loop
      vertex 64.7 7.33923 0
      vertex 64.7 28.1608 0
      vertex 64.8713 28.2807 0
    endloop
  endfacet
  facet normal 0 0 -1
    outer loop
      vertex 64.5104 7.42763 0
      vertex 64.7 28.1608 0
      vertex 64.7 7.33923 0
    endloop
  endfacet
  facet normal 0 0 -1
    outer loop
      vertex 64.5104 7.42763 0
      vertex 64.5104 28.0724 0
      vertex 64.7 28.1608 0
    endloop
  endfacet
  facet normal 0 0 -1
    outer loop
      vertex 64.3084 7.48177 0
      vertex 64.5104 28.0724 0
      vertex 64.5104 7.42763 0
    endloop
  endfacet
  facet normal 0 0 -1
    outer loop
      vertex 64.3084 7.48177 0
      vertex 64.3084 28.0182 0
      vertex 64.5104 28.0724 0
    endloop
  endfacet
  facet normal 0 0 -1
    outer loop
      vertex 64.1 7.5 0
      vertex 64.3084 28.0182 0
      vertex 64.3084 7.48177 0
    endloop
  endfacet
  facet normal 0 0 -1
    outer loop
      vertex 64.1 7.5 0
      vertex 64.1 28 0
      vertex 64.3084 28.0182 0
    endloop
  endfacet
  facet normal 0 0 -1
    outer loop
      vertex 63.8916 7.48177 0
      vertex 64.1 28 0
      vertex 64.1 7.5 0
    endloop
  endfacet
  facet normal 0 0 -1
    outer loop
      vertex 63.8916 7.48177 0
      vertex 63.8916 28.0182 0
      vertex 64.1 28 0
    endloop
  endfacet
  facet normal 0 0 -1
    outer loop
      vertex 63.6896 7.42763 0
      vertex 63.8916 28.0182 0
      vertex 63.8916 7.48177 0
    endloop
  endfacet
  facet normal 0 0 -1
    outer loop
      vertex 63.6896 7.42763 0
      vertex 63.6896 28.0724 0
      vertex 63.8916 28.0182 0
    endloop
  endfacet
  facet normal 0 0 -1
    outer loop
      vertex 63.5 7.33923 0
      vertex 63.6896 28.0724 0
      vertex 63.6896 7.42763 0
    endloop
  endfacet
  facet normal 0 0 -1
    outer loop
      vertex 63.5 7.33923 0
      vertex 63.5 28.1608 0
      vertex 63.6896 28.0724 0
    endloop
  endfacet
  facet normal 0 0 -1
    outer loop
      vertex 63.3287 7.21925 0
      vertex 63.5 28.1608 0
      vertex 63.5 7.33923 0
    endloop
  endfacet
  facet normal 0 0 -1
    outer loop
      vertex 63.3287 7.21925 0
      vertex 63.3287 28.2807 0
      vertex 63.5 28.1608 0
    endloop
  endfacet
  facet normal 0 0 -1
    outer loop
      vertex 63.1807 7.07134 0
      vertex 63.3287 28.2807 0
      vertex 63.3287 7.21925 0
    endloop
  endfacet
  facet normal 0 0 -1
    outer loop
      vertex 63.1807 7.07134 0
      vertex 63.1807 28.4287 0
      vertex 63.3287 28.2807 0
    endloop
  endfacet
  facet normal 0 0 -1
    outer loop
      vertex 63.0608 6.9 0
      vertex 63.1807 28.4287 0
      vertex 63.1807 7.07134 0
    endloop
  endfacet
  facet normal 0 0 -1
    outer loop
      vertex 63.0608 6.9 0
      vertex 63.0608 28.6 0
      vertex 63.1807 28.4287 0
    endloop
  endfacet
  facet normal 0 0 -1
    outer loop
      vertex 62.9724 6.71042 0
      vertex 63.0608 28.6 0
      vertex 63.0608 6.9 0
    endloop
  endfacet
  facet normal 0 0 -1
    outer loop
      vertex 62.9724 6.71042 0
      vertex 62.9724 28.7896 0
      vertex 63.0608 28.6 0
    endloop
  endfacet
  facet normal 0 0 -1
    outer loop
      vertex 7.37763 6.71042 0
      vertex 62.9724 6.71042 0
      vertex 62.9182 6.50838 0
    endloop
  endfacet
  facet normal 0 0 -1
    outer loop
      vertex 62.9724 6.71042 0
      vertex 7.42763 28.7396 0
      vertex 62.9724 28.7896 0
    endloop
  endfacet
  facet normal 0 0 -1
    outer loop
      vertex 7.43177 6.50838 0
      vertex 62.9182 6.50838 0
      vertex 62.9 6.3 0
    endloop
  endfacet
  facet normal -0 0 -1
    outer loop
      vertex 62.9724 28.7896 0
      vertex 7.42763 28.7396 0
      vertex 62.9182 28.9916 0
    endloop
  endfacet
  facet normal 0 0 -1
    outer loop
      vertex 65.0193 5.52865 0
      vertex 70.4 4 0
      vertex 70.3392 3.30541 0
    endloop
  endfacet
  facet normal 0 0 -1
    outer loop
      vertex 65.2818 6.50838 0
      vertex 70.4 4 0
      vertex 65.3 6.3 0
    endloop
  endfacet
  facet normal 0 0 -1
    outer loop
      vertex 65.0193 5.52865 0
      vertex 70.3392 3.30541 0
      vertex 70.1588 2.63192 0
    endloop
  endfacet
  facet normal 0 0 -1
    outer loop
      vertex 65.2276 6.71042 0
      vertex 70.4 4 0
      vertex 65.2818 6.50838 0
    endloop
  endfacet
  facet normal 0 0 -1
    outer loop
      vertex 65.0193 5.52865 0
      vertex 70.1588 2.63192 0
      vertex 69.8641 2 0
    endloop
  endfacet
  facet normal 0 0 -1
    outer loop
      vertex 65.2818 29.4084 0
      vertex 70.4 31.4 0
      vertex 65.3 29.2 0
    endloop
  endfacet
  facet normal 0 0 -1
    outer loop
      vertex 65.0193 5.52865 0
      vertex 69.8641 2 0
      vertex 69.4642 1.42885 0
    endloop
  endfacet
  facet normal 0 0 -1
    outer loop
      vertex 65.2276 29.6104 0
      vertex 70.4 31.4 0
      vertex 65.2818 29.4084 0
    endloop
  endfacet
  facet normal 0 0 -1
    outer loop
      vertex 65.0193 5.52865 0
      vertex 69.4642 1.42885 0
      vertex 68.9712 0.935822 0
    endloop
  endfacet
  facet normal 0 0 -1
    outer loop
      vertex 65.1392 29.8 0
      vertex 70.4 31.4 0
      vertex 65.2276 29.6104 0
    endloop
  endfacet
  facet normal 0 0 -1
    outer loop
      vertex 64.8713 5.38075 0
      vertex 68.9712 0.935822 0
      vertex 68.4 0.535898 0
    endloop
  endfacet
  facet normal -0 0 -1
    outer loop
      vertex 70.4 31.4 0
      vertex 65.1392 29.8 0
      vertex 70.3392 32.0946 0
    endloop
  endfacet
  facet normal 0 0 -1
    outer loop
      vertex 64.8713 5.38075 0
      vertex 68.4 0.535898 0
      vertex 67.7681 0.241229 0
    endloop
  endfacet
  facet normal 0 0 -1
    outer loop
      vertex 65.0193 29.9713 0
      vertex 70.3392 32.0946 0
      vertex 65.1392 29.8 0
    endloop
  endfacet
  facet normal 0 0 -1
    outer loop
      vertex 64.8713 5.38075 0
      vertex 67.7681 0.241229 0
      vertex 67.0946 0.0607681 0
    endloop
  endfacet
  facet normal -0 0 -1
    outer loop
      vertex 70.3392 32.0946 0
      vertex 65.0193 29.9713 0
      vertex 70.1588 32.7681 0
    endloop
  endfacet
  facet normal 0 0 -1
    outer loop
      vertex 64.8713 5.38075 0
      vertex 67.0946 0.0607681 0
      vertex 66.4 0 0
    endloop
  endfacet
  facet normal -0 0 -1
    outer loop
      vertex 70.1588 32.7681 0
      vertex 65.0193 29.9713 0
      vertex 69.8641 33.4 0
    endloop
  endfacet
  facet normal -0 0 -1
    outer loop
      vertex 69.8641 33.4 0
      vertex 65.0193 29.9713 0
      vertex 69.4642 33.9711 0
    endloop
  endfacet
  facet normal 0 0 -1
    outer loop
      vertex 70.4 4 0
      vertex 65.2818 6.09162 0
      vertex 65.3 6.3 0
    endloop
  endfacet
  facet normal 0 0 -1
    outer loop
      vertex 70.4 4 0
      vertex 65.2276 5.88958 0
      vertex 65.2818 6.09162 0
    endloop
  endfacet
  facet normal 0 0 -1
    outer loop
      vertex 70.4 4 0
      vertex 65.1392 5.7 0
      vertex 65.2276 5.88958 0
    endloop
  endfacet
  facet normal 0 0 -1
    outer loop
      vertex 70.4 4 0
      vertex 65.0193 5.52865 0
      vertex 65.1392 5.7 0
    endloop
  endfacet
  facet normal 0 0 -1
    outer loop
      vertex 68.9712 0.935822 0
      vertex 64.8713 5.38075 0
      vertex 65.0193 5.52865 0
    endloop
  endfacet
  facet normal 0 0 -1
    outer loop
      vertex 66.4 0 0
      vertex 64.7 5.26077 0
      vertex 64.8713 5.38075 0
    endloop
  endfacet
  facet normal 0 0 -1
    outer loop
      vertex 66.4 0 0
      vertex 64.5104 5.17237 0
      vertex 64.7 5.26077 0
    endloop
  endfacet
  facet normal 0 0 -1
    outer loop
      vertex 66.4 0 0
      vertex 64.3084 5.11823 0
      vertex 64.5104 5.17237 0
    endloop
  endfacet
  facet normal 0 0 -1
    outer loop
      vertex 66.4 0 0
      vertex 64.1 5.1 0
      vertex 64.3084 5.11823 0
    endloop
  endfacet
  facet normal 0 0 -1
    outer loop
      vertex 66.4 0 0
      vertex 63.8916 5.11823 0
      vertex 64.1 5.1 0
    endloop
  endfacet
  facet normal 0 0 -1
    outer loop
      vertex 66.4 0 0
      vertex 63.6896 5.17237 0
      vertex 63.8916 5.11823 0
    endloop
  endfacet
  facet normal 0 0 -1
    outer loop
      vertex 66.4 0 0
      vertex 63.5 5.26077 0
      vertex 63.6896 5.17237 0
    endloop
  endfacet
  facet normal 0 0 -1
    outer loop
      vertex 66.4 0 0
      vertex 63.3287 5.38075 0
      vertex 63.5 5.26077 0
    endloop
  endfacet
  facet normal 0 0 -1
    outer loop
      vertex 66.4 0 0
      vertex 63.1807 5.52865 0
      vertex 63.3287 5.38075 0
    endloop
  endfacet
  facet normal 0 0 -1
    outer loop
      vertex 7.16925 5.52865 0
      vertex 63.1807 5.52865 0
      vertex 66.4 0 0
    endloop
  endfacet
  facet normal 0 -0 -1
    outer loop
      vertex 7.48177 28.9416 0
      vertex 62.9182 28.9916 0
      vertex 7.42763 28.7396 0
    endloop
  endfacet
  facet normal 0 0 -1
    outer loop
      vertex 7.45 6.3 0
      vertex 62.9 6.3 0
      vertex 62.9182 6.09162 0
    endloop
  endfacet
  facet normal 0 0 -1
    outer loop
      vertex 7.43177 6.09162 0
      vertex 62.9182 6.09162 0
      vertex 62.9724 5.88958 0
    endloop
  endfacet
  facet normal 0 0 -1
    outer loop
      vertex 7.37763 5.88958 0
      vertex 62.9724 5.88958 0
      vertex 63.0608 5.7 0
    endloop
  endfacet
  facet normal 0 0 -1
    outer loop
      vertex 63.1807 5.52865 0
      vertex 7.16925 5.52865 0
      vertex 63.0608 5.7 0
    endloop
  endfacet
  facet normal 0 0 -1
    outer loop
      vertex 62.9 29.2 0
      vertex 7.48177 28.9416 0
      vertex 7.5 29.15 0
    endloop
  endfacet
  facet normal 0 0 -1
    outer loop
      vertex 62.9 6.3 0
      vertex 7.45 6.3 0
      vertex 7.43177 6.50838 0
    endloop
  endfacet
  facet normal 0 0 -1
    outer loop
      vertex 62.9182 6.09162 0
      vertex 7.43177 6.09162 0
      vertex 7.45 6.3 0
    endloop
  endfacet
  facet normal 0 0 -1
    outer loop
      vertex 62.9724 5.88958 0
      vertex 7.37763 5.88958 0
      vertex 7.43177 6.09162 0
    endloop
  endfacet
  facet normal 0 0 -1
    outer loop
      vertex 63.0608 5.7 0
      vertex 7.28923 5.7 0
      vertex 7.37763 5.88958 0
    endloop
  endfacet
  facet normal -0 0 -1
    outer loop
      vertex 63.0608 5.7 0
      vertex 7.16925 5.52865 0
      vertex 7.28923 5.7 0
    endloop
  endfacet
  facet normal 0 0 -1
    outer loop
      vertex 4 0 0
      vertex 7.16925 5.52865 0
      vertex 66.4 0 0
    endloop
  endfacet
  facet normal 0 0 -1
    outer loop
      vertex 7.16925 5.52865 0
      vertex 4 0 0
      vertex 7.02134 5.38075 0
    endloop
  endfacet
  facet normal 0 0 -1
    outer loop
      vertex 7.02134 5.38075 0
      vertex 4 0 0
      vertex 6.85 5.26077 0
    endloop
  endfacet
  facet normal 0 0 -1
    outer loop
      vertex 6.85 5.26077 0
      vertex 4 0 0
      vertex 6.66042 5.17237 0
    endloop
  endfacet
  facet normal 0 0 -1
    outer loop
      vertex 6.66042 5.17237 0
      vertex 4 0 0
      vertex 6.45838 5.11823 0
    endloop
  endfacet
  facet normal 0 0 -1
    outer loop
      vertex 0.935822 1.42885 0
      vertex 5.47865 5.38075 0
      vertex 1.42885 0.935822 0
    endloop
  endfacet
  facet normal 0 0 -1
    outer loop
      vertex 1.42885 0.935822 0
      vertex 5.47865 5.38075 0
      vertex 2 0.535898 0
    endloop
  endfacet
  facet normal 0 0 -1
    outer loop
      vertex 2 0.535898 0
      vertex 5.47865 5.38075 0
      vertex 2.63192 0.241229 0
    endloop
  endfacet
  facet normal 0 0 -1
    outer loop
      vertex 2.63192 0.241229 0
      vertex 5.47865 5.38075 0
      vertex 3.30541 0.0607681 0
    endloop
  endfacet
  facet normal 0 0 -1
    outer loop
      vertex 3.30541 0.0607681 0
      vertex 5.47865 5.38075 0
      vertex 4 0 0
    endloop
  endfacet
  facet normal -0 0 -1
    outer loop
      vertex 5.65 5.26077 0
      vertex 4 0 0
      vertex 5.47865 5.38075 0
    endloop
  endfacet
  facet normal -0 0 -1
    outer loop
      vertex 5.83958 5.17237 0
      vertex 4 0 0
      vertex 5.65 5.26077 0
    endloop
  endfacet
  facet normal -0 0 -1
    outer loop
      vertex 6.04162 5.11823 0
      vertex 4 0 0
      vertex 5.83958 5.17237 0
    endloop
  endfacet
  facet normal -0 0 -1
    outer loop
      vertex 6.25 5.1 0
      vertex 4 0 0
      vertex 6.04162 5.11823 0
    endloop
  endfacet
  facet normal 0 0 -1
    outer loop
      vertex 6.45838 5.11823 0
      vertex 4 0 0
      vertex 6.25 5.1 0
    endloop
  endfacet
  facet normal -0 0 -1
    outer loop
      vertex 69.4642 33.9711 0
      vertex 65.0193 29.9713 0
      vertex 68.9712 34.4642 0
    endloop
  endfacet
  facet normal 0 0 -1
    outer loop
      vertex 64.8713 30.1193 0
      vertex 68.9712 34.4642 0
      vertex 65.0193 29.9713 0
    endloop
  endfacet
  facet normal -0 0 -1
    outer loop
      vertex 68.9712 34.4642 0
      vertex 64.8713 30.1193 0
      vertex 68.4 34.8641 0
    endloop
  endfacet
  facet normal -0 0 -1
    outer loop
      vertex 68.4 34.8641 0
      vertex 64.8713 30.1193 0
      vertex 67.7681 35.1588 0
    endloop
  endfacet
  facet normal -0 0 -1
    outer loop
      vertex 67.7681 35.1588 0
      vertex 64.8713 30.1193 0
      vertex 67.0946 35.3392 0
    endloop
  endfacet
  facet normal -0 0 -1
    outer loop
      vertex 67.0946 35.3392 0
      vertex 64.8713 30.1193 0
      vertex 66.4 35.4 0
    endloop
  endfacet
  facet normal 0 0 -1
    outer loop
      vertex 64.7 30.2392 0
      vertex 66.4 35.4 0
      vertex 64.8713 30.1193 0
    endloop
  endfacet
  facet normal 0 0 -1
    outer loop
      vertex 64.5104 30.3276 0
      vertex 66.4 35.4 0
      vertex 64.7 30.2392 0
    endloop
  endfacet
  facet normal 0 0 -1
    outer loop
      vertex 64.3084 30.3818 0
      vertex 66.4 35.4 0
      vertex 64.5104 30.3276 0
    endloop
  endfacet
  facet normal 0 0 -1
    outer loop
      vertex 64.1 30.4 0
      vertex 66.4 35.4 0
      vertex 64.3084 30.3818 0
    endloop
  endfacet
  facet normal 0 0 -1
    outer loop
      vertex 63.8916 30.3818 0
      vertex 66.4 35.4 0
      vertex 64.1 30.4 0
    endloop
  endfacet
  facet normal 0 0 -1
    outer loop
      vertex 63.6896 30.3276 0
      vertex 66.4 35.4 0
      vertex 63.8916 30.3818 0
    endloop
  endfacet
  facet normal 0 0 -1
    outer loop
      vertex 63.5 30.2392 0
      vertex 66.4 35.4 0
      vertex 63.6896 30.3276 0
    endloop
  endfacet
  facet normal 0 0 -1
    outer loop
      vertex 63.3287 30.1193 0
      vertex 66.4 35.4 0
      vertex 63.5 30.2392 0
    endloop
  endfacet
  facet normal 0 0 -1
    outer loop
      vertex 63.1807 29.9713 0
      vertex 66.4 35.4 0
      vertex 63.3287 30.1193 0
    endloop
  endfacet
  facet normal 0 0 -1
    outer loop
      vertex 7.21925 29.9213 0
      vertex 63.1807 29.9713 0
      vertex 63.0608 29.8 0
    endloop
  endfacet
  facet normal 0 0 -1
    outer loop
      vertex 7.5 29.15 0
      vertex 62.9182 29.4084 0
      vertex 62.9 29.2 0
    endloop
  endfacet
  facet normal 0 0 -1
    outer loop
      vertex 7.48177 29.3584 0
      vertex 62.9182 29.4084 0
      vertex 7.5 29.15 0
    endloop
  endfacet
  facet normal -0 0 -1
    outer loop
      vertex 62.9182 29.4084 0
      vertex 7.48177 29.3584 0
      vertex 62.9724 29.6104 0
    endloop
  endfacet
  facet normal 0 0 -1
    outer loop
      vertex 7.42763 29.5604 0
      vertex 62.9724 29.6104 0
      vertex 7.48177 29.3584 0
    endloop
  endfacet
  facet normal -0 0 -1
    outer loop
      vertex 62.9724 29.6104 0
      vertex 7.42763 29.5604 0
      vertex 63.0608 29.8 0
    endloop
  endfacet
  facet normal 0 0 -1
    outer loop
      vertex 7.33923 29.75 0
      vertex 63.0608 29.8 0
      vertex 7.42763 29.5604 0
    endloop
  endfacet
  facet normal 0 0 -1
    outer loop
      vertex 7.21925 29.9213 0
      vertex 63.0608 29.8 0
      vertex 7.33923 29.75 0
    endloop
  endfacet
  facet normal -0 0 -1
    outer loop
      vertex 63.1807 29.9713 0
      vertex 7.21925 29.9213 0
      vertex 66.4 35.4 0
    endloop
  endfacet
  facet normal 0 0 -1
    outer loop
      vertex 4 35.4 0
      vertex 7.21925 29.9213 0
      vertex 7.07134 30.0693 0
    endloop
  endfacet
  facet normal 0 0 -1
    outer loop
      vertex 4 35.4 0
      vertex 7.07134 30.0693 0
      vertex 6.9 30.1892 0
    endloop
  endfacet
  facet normal 0 0 -1
    outer loop
      vertex 4 35.4 0
      vertex 6.9 30.1892 0
      vertex 6.71042 30.2776 0
    endloop
  endfacet
  facet normal 0 0 -1
    outer loop
      vertex 4 35.4 0
      vertex 6.71042 30.2776 0
      vertex 6.50838 30.3318 0
    endloop
  endfacet
  facet normal 0 0 -1
    outer loop
      vertex 4 35.4 0
      vertex 6.50838 30.3318 0
      vertex 6.3 30.35 0
    endloop
  endfacet
  facet normal 0 0 -1
    outer loop
      vertex 0 4 0
      vertex 5.06823 6.50838 0
      vertex 5.05 6.3 0
    endloop
  endfacet
  facet normal -0 0 -1
    outer loop
      vertex 5.47865 5.38075 0
      vertex 0.935822 1.42885 0
      vertex 5.33075 5.52865 0
    endloop
  endfacet
  facet normal 0 0 -1
    outer loop
      vertex 7.21925 29.9213 0
      vertex 4 35.4 0
      vertex 66.4 35.4 0
    endloop
  endfacet
  facet normal 0 0 -1
    outer loop
      vertex 6.09162 30.3318 0
      vertex 4 35.4 0
      vertex 6.3 30.35 0
    endloop
  endfacet
  facet normal 0 0 -1
    outer loop
      vertex 5.88958 30.2776 0
      vertex 4 35.4 0
      vertex 6.09162 30.3318 0
    endloop
  endfacet
  facet normal 0 0 -1
    outer loop
      vertex 5.7 30.1892 0
      vertex 4 35.4 0
      vertex 5.88958 30.2776 0
    endloop
  endfacet
  facet normal 0 0 -1
    outer loop
      vertex 5.52865 30.0693 0
      vertex 4 35.4 0
      vertex 5.7 30.1892 0
    endloop
  endfacet
  facet normal 0 0 -1
    outer loop
      vertex 1.42885 34.4642 0
      vertex 5.52865 30.0693 0
      vertex 5.38075 29.9213 0
    endloop
  endfacet
  facet normal 0 0 -1
    outer loop
      vertex 0.0607681 32.0946 0
      vertex 5.38075 29.9213 0
      vertex 5.26077 29.75 0
    endloop
  endfacet
  facet normal 0 0 -1
    outer loop
      vertex 0 31.4 0
      vertex 5.26077 29.75 0
      vertex 5.17237 29.5604 0
    endloop
  endfacet
  facet normal 0 0 -1
    outer loop
      vertex 0 31.4 0
      vertex 5.17237 29.5604 0
      vertex 5.11823 29.3584 0
    endloop
  endfacet
  facet normal 0 0 -1
    outer loop
      vertex 0 31.4 0
      vertex 5.11823 29.3584 0
      vertex 5.1 29.15 0
    endloop
  endfacet
  facet normal -0 0 -1
    outer loop
      vertex 5.06823 6.50838 0
      vertex 0 4 0
      vertex 0 31.4 0
    endloop
  endfacet
  facet normal 0 0 -1
    outer loop
      vertex 0.535898 2 0
      vertex 5.33075 5.52865 0
      vertex 0.935822 1.42885 0
    endloop
  endfacet
  facet normal 0 0 -1
    outer loop
      vertex 5.06823 6.50838 0
      vertex 0 31.4 0
      vertex 5.1 29.15 0
    endloop
  endfacet
  facet normal 0 0 -1
    outer loop
      vertex 0.241229 2.63192 0
      vertex 5.33075 5.52865 0
      vertex 0.535898 2 0
    endloop
  endfacet
  facet normal 0 0 -1
    outer loop
      vertex 5.26077 29.75 0
      vertex 0 31.4 0
      vertex 0.0607681 32.0946 0
    endloop
  endfacet
  facet normal 0 0 -1
    outer loop
      vertex 0.0607681 3.30541 0
      vertex 5.33075 5.52865 0
      vertex 0.241229 2.63192 0
    endloop
  endfacet
  facet normal 0 0 -1
    outer loop
      vertex 5.52865 30.0693 0
      vertex 3.30541 35.3392 0
      vertex 4 35.4 0
    endloop
  endfacet
  facet normal 0 0 -1
    outer loop
      vertex 0 4 0
      vertex 5.33075 5.52865 0
      vertex 0.0607681 3.30541 0
    endloop
  endfacet
  facet normal 0 0 -1
    outer loop
      vertex 5.52865 30.0693 0
      vertex 2.63192 35.1588 0
      vertex 3.30541 35.3392 0
    endloop
  endfacet
  facet normal -0 0 -1
    outer loop
      vertex 5.33075 5.52865 0
      vertex 0 4 0
      vertex 5.21077 5.7 0
    endloop
  endfacet
  facet normal 0 0 -1
    outer loop
      vertex 5.52865 30.0693 0
      vertex 2 34.8641 0
      vertex 2.63192 35.1588 0
    endloop
  endfacet
  facet normal -0 0 -1
    outer loop
      vertex 5.21077 5.7 0
      vertex 0 4 0
      vertex 5.12237 5.88958 0
    endloop
  endfacet
  facet normal 0 0 -1
    outer loop
      vertex 5.52865 30.0693 0
      vertex 1.42885 34.4642 0
      vertex 2 34.8641 0
    endloop
  endfacet
  facet normal -0 0 -1
    outer loop
      vertex 5.12237 5.88958 0
      vertex 0 4 0
      vertex 5.06823 6.09162 0
    endloop
  endfacet
  facet normal 0 0 -1
    outer loop
      vertex 5.38075 29.9213 0
      vertex 0.935822 33.9711 0
      vertex 1.42885 34.4642 0
    endloop
  endfacet
  facet normal -0 0 -1
    outer loop
      vertex 5.06823 6.09162 0
      vertex 0 4 0
      vertex 5.05 6.3 0
    endloop
  endfacet
  facet normal 0 0 -1
    outer loop
      vertex 5.38075 29.9213 0
      vertex 0.535898 33.4 0
      vertex 0.935822 33.9711 0
    endloop
  endfacet
  facet normal 0 0 -1
    outer loop
      vertex 5.38075 29.9213 0
      vertex 0.241229 32.7681 0
      vertex 0.535898 33.4 0
    endloop
  endfacet
  facet normal 0 0 -1
    outer loop
      vertex 5.38075 29.9213 0
      vertex 0.0607681 32.0946 0
      vertex 0.241229 32.7681 0
    endloop
  endfacet
  facet normal 0 0 -1
    outer loop
      vertex 62.9182 6.50838 0
      vertex 7.43177 6.50838 0
      vertex 7.37763 6.71042 0
    endloop
  endfacet
  facet normal -0 0 -1
    outer loop
      vertex 62.9182 28.9916 0
      vertex 7.48177 28.9416 0
      vertex 62.9 29.2 0
    endloop
  endfacet
  facet normal 0 0 -1
    outer loop
      vertex 62.9724 6.71042 0
      vertex 7.37763 6.71042 0
      vertex 7.42763 28.7396 0
    endloop
  endfacet
  facet normal 0 0 -1
    outer loop
      vertex 7.37763 6.71042 0
      vertex 7.33923 28.55 0
      vertex 7.42763 28.7396 0
    endloop
  endfacet
  facet normal 0 0 -1
    outer loop
      vertex 7.28923 6.9 0
      vertex 7.33923 28.55 0
      vertex 7.37763 6.71042 0
    endloop
  endfacet
  facet normal 0 0 -1
    outer loop
      vertex 7.28923 6.9 0
      vertex 7.21925 28.3787 0
      vertex 7.33923 28.55 0
    endloop
  endfacet
  facet normal 0 0 -1
    outer loop
      vertex 7.16925 7.07134 0
      vertex 7.21925 28.3787 0
      vertex 7.28923 6.9 0
    endloop
  endfacet
  facet normal 0 0 -1
    outer loop
      vertex 7.16925 7.07134 0
      vertex 7.07134 28.2307 0
      vertex 7.21925 28.3787 0
    endloop
  endfacet
  facet normal 0 0 -1
    outer loop
      vertex 7.02134 7.21925 0
      vertex 7.07134 28.2307 0
      vertex 7.16925 7.07134 0
    endloop
  endfacet
  facet normal 0 0 -1
    outer loop
      vertex 7.02134 7.21925 0
      vertex 6.9 28.1108 0
      vertex 7.07134 28.2307 0
    endloop
  endfacet
  facet normal 0 0 -1
    outer loop
      vertex 6.85 7.33923 0
      vertex 6.9 28.1108 0
      vertex 7.02134 7.21925 0
    endloop
  endfacet
  facet normal 0 0 -1
    outer loop
      vertex 6.85 7.33923 0
      vertex 6.71042 28.0224 0
      vertex 6.9 28.1108 0
    endloop
  endfacet
  facet normal 0 0 -1
    outer loop
      vertex 6.66042 7.42763 0
      vertex 6.71042 28.0224 0
      vertex 6.85 7.33923 0
    endloop
  endfacet
  facet normal 0 0 -1
    outer loop
      vertex 6.66042 7.42763 0
      vertex 6.50838 27.9682 0
      vertex 6.71042 28.0224 0
    endloop
  endfacet
  facet normal 0 0 -1
    outer loop
      vertex 6.45838 7.48177 0
      vertex 6.50838 27.9682 0
      vertex 6.66042 7.42763 0
    endloop
  endfacet
  facet normal 0 0 -1
    outer loop
      vertex 6.45838 7.48177 0
      vertex 6.3 27.95 0
      vertex 6.50838 27.9682 0
    endloop
  endfacet
  facet normal 0 0 -1
    outer loop
      vertex 6.25 7.5 0
      vertex 6.3 27.95 0
      vertex 6.45838 7.48177 0
    endloop
  endfacet
  facet normal 0 0 -1
    outer loop
      vertex 6.25 7.5 0
      vertex 6.09162 27.9682 0
      vertex 6.3 27.95 0
    endloop
  endfacet
  facet normal 0 0 -1
    outer loop
      vertex 6.04162 7.48177 0
      vertex 6.09162 27.9682 0
      vertex 6.25 7.5 0
    endloop
  endfacet
  facet normal 0 0 -1
    outer loop
      vertex 6.04162 7.48177 0
      vertex 5.88958 28.0224 0
      vertex 6.09162 27.9682 0
    endloop
  endfacet
  facet normal 0 0 -1
    outer loop
      vertex 5.83958 7.42763 0
      vertex 5.88958 28.0224 0
      vertex 6.04162 7.48177 0
    endloop
  endfacet
  facet normal 0 0 -1
    outer loop
      vertex 5.83958 7.42763 0
      vertex 5.7 28.1108 0
      vertex 5.88958 28.0224 0
    endloop
  endfacet
  facet normal 0 0 -1
    outer loop
      vertex 5.65 7.33923 0
      vertex 5.7 28.1108 0
      vertex 5.83958 7.42763 0
    endloop
  endfacet
  facet normal 0 0 -1
    outer loop
      vertex 5.65 7.33923 0
      vertex 5.52865 28.2307 0
      vertex 5.7 28.1108 0
    endloop
  endfacet
  facet normal 0 0 -1
    outer loop
      vertex 5.47865 7.21925 0
      vertex 5.52865 28.2307 0
      vertex 5.65 7.33923 0
    endloop
  endfacet
  facet normal 0 0 -1
    outer loop
      vertex 5.47865 7.21925 0
      vertex 5.38075 28.3787 0
      vertex 5.52865 28.2307 0
    endloop
  endfacet
  facet normal 0 0 -1
    outer loop
      vertex 5.33075 7.07134 0
      vertex 5.38075 28.3787 0
      vertex 5.47865 7.21925 0
    endloop
  endfacet
  facet normal 0 0 -1
    outer loop
      vertex 5.33075 7.07134 0
      vertex 5.26077 28.55 0
      vertex 5.38075 28.3787 0
    endloop
  endfacet
  facet normal 0 0 -1
    outer loop
      vertex 5.21077 6.9 0
      vertex 5.26077 28.55 0
      vertex 5.33075 7.07134 0
    endloop
  endfacet
  facet normal 0 0 -1
    outer loop
      vertex 5.21077 6.9 0
      vertex 5.17237 28.7396 0
      vertex 5.26077 28.55 0
    endloop
  endfacet
  facet normal 0 0 -1
    outer loop
      vertex 5.12237 6.71042 0
      vertex 5.17237 28.7396 0
      vertex 5.21077 6.9 0
    endloop
  endfacet
  facet normal 0 0 -1
    outer loop
      vertex 5.12237 6.71042 0
      vertex 5.11823 28.9416 0
      vertex 5.17237 28.7396 0
    endloop
  endfacet
  facet normal 0 0 -1
    outer loop
      vertex 5.06823 6.50838 0
      vertex 5.11823 28.9416 0
      vertex 5.12237 6.71042 0
    endloop
  endfacet
  facet normal -0 0 -1
    outer loop
      vertex 5.11823 28.9416 0
      vertex 5.06823 6.50838 0
      vertex 5.1 29.15 0
    endloop
  endfacet
  facet normal -1 0 0
    outer loop
      vertex 0 4 0
      vertex 0 31.4 9.1
      vertex 0 31.4 0
    endloop
  endfacet
  facet normal -1 -0 0
    outer loop
      vertex 0 31.4 9.1
      vertex 0 4 0
      vertex 0 4 9.1
    endloop
  endfacet
  facet normal 0.965948 -0.258737 0
    outer loop
      vertex 70.1588 2.63192 9.1
      vertex 70.3392 3.30541 0
      vertex 70.3392 3.30541 9.1
    endloop
  endfacet
  facet normal 0.965948 -0.258737 0
    outer loop
      vertex 70.3392 3.30541 0
      vertex 70.1588 2.63192 9.1
      vertex 70.1588 2.63192 0
    endloop
  endfacet
  facet normal -0.906308 -0.422618 0
    outer loop
      vertex 0.535898 2 0
      vertex 0.241229 2.63192 9.1
      vertex 0.241229 2.63192 0
    endloop
  endfacet
  facet normal -0.906308 -0.422618 0
    outer loop
      vertex 0.241229 2.63192 9.1
      vertex 0.535898 2 0
      vertex 0.535898 2 9.1
    endloop
  endfacet
  facet normal -0.819128 0.573611 0
    outer loop
      vertex 0.535898 33.4 0
      vertex 0.935822 33.9711 9.1
      vertex 0.935822 33.9711 0
    endloop
  endfacet
  facet normal -0.819128 0.573611 0
    outer loop
      vertex 0.935822 33.9711 9.1
      vertex 0.535898 33.4 0
      vertex 0.535898 33.4 9.1
    endloop
  endfacet
  facet normal -0.996195 -0.0871548 0
    outer loop
      vertex 0.0607681 3.30541 0
      vertex 0 4 9.1
      vertex 0 4 0
    endloop
  endfacet
  facet normal -0.996195 -0.0871548 0
    outer loop
      vertex 0 4 9.1
      vertex 0.0607681 3.30541 0
      vertex 0.0607681 3.30541 9.1
    endloop
  endfacet
  facet normal 0.573543 -0.819175 0
    outer loop
      vertex 68.4 0.535898 0
      vertex 68.9712 0.935822 9.1
      vertex 68.4 0.535898 9.1
    endloop
  endfacet
  facet normal 0.573543 -0.819175 0
    outer loop
      vertex 68.9712 0.935822 9.1
      vertex 68.4 0.535898 0
      vertex 68.9712 0.935822 0
    endloop
  endfacet
  facet normal 0.57352 0.819191 -0
    outer loop
      vertex 68.9712 34.4642 0
      vertex 68.4 34.8641 9.1
      vertex 68.9712 34.4642 9.1
    endloop
  endfacet
  facet normal 0.57352 0.819191 0
    outer loop
      vertex 68.4 34.8641 9.1
      vertex 68.9712 34.4642 0
      vertex 68.4 34.8641 0
    endloop
  endfacet
  facet normal -0.422618 -0.906308 0
    outer loop
      vertex 2 0.535898 0
      vertex 2.63192 0.241229 9.1
      vertex 2 0.535898 9.1
    endloop
  endfacet
  facet normal -0.422618 -0.906308 -0
    outer loop
      vertex 2.63192 0.241229 9.1
      vertex 2 0.535898 0
      vertex 2.63192 0.241229 0
    endloop
  endfacet
  facet normal 0.906286 0.422666 0
    outer loop
      vertex 70.1588 32.7681 9.1
      vertex 69.8641 33.4 0
      vertex 69.8641 33.4 9.1
    endloop
  endfacet
  facet normal 0.906286 0.422666 0
    outer loop
      vertex 69.8641 33.4 0
      vertex 70.1588 32.7681 9.1
      vertex 70.1588 32.7681 0
    endloop
  endfacet
  facet normal 0.422629 -0.906303 0
    outer loop
      vertex 67.7681 0.241229 0
      vertex 68.4 0.535898 9.1
      vertex 67.7681 0.241229 9.1
    endloop
  endfacet
  facet normal 0.422629 -0.906303 0
    outer loop
      vertex 68.4 0.535898 9.1
      vertex 67.7681 0.241229 0
      vertex 68.4 0.535898 0
    endloop
  endfacet
  facet normal 0.965949 0.258734 0
    outer loop
      vertex 70.3392 32.0946 9.1
      vertex 70.1588 32.7681 0
      vertex 70.1588 32.7681 9.1
    endloop
  endfacet
  facet normal 0.965949 0.258734 0
    outer loop
      vertex 70.1588 32.7681 0
      vertex 70.3392 32.0946 9.1
      vertex 70.3392 32.0946 0
    endloop
  endfacet
  facet normal -0.258737 0.965948 0
    outer loop
      vertex 3.30541 35.3392 0
      vertex 2.63192 35.1588 9.1
      vertex 3.30541 35.3392 9.1
    endloop
  endfacet
  facet normal -0.258737 0.965948 0
    outer loop
      vertex 2.63192 35.1588 9.1
      vertex 3.30541 35.3392 0
      vertex 2.63192 35.1588 0
    endloop
  endfacet
  facet normal -0.707158 0.707055 0
    outer loop
      vertex 1.42885 34.4642 0
      vertex 0.935822 33.9711 9.1
      vertex 1.42885 34.4642 9.1
    endloop
  endfacet
  facet normal -0.707158 0.707055 0
    outer loop
      vertex 0.935822 33.9711 9.1
      vertex 1.42885 34.4642 0
      vertex 0.935822 33.9711 0
    endloop
  endfacet
  facet normal -0 0 1
    outer loop
      vertex 4 35.4 9.1
      vertex 4.2 33.1825 9.1
      vertex 4.2 35.4 9.1
    endloop
  endfacet
  facet normal 0 0 1
    outer loop
      vertex 4.2 33.1825 9.1
      vertex 4 35.4 9.1
      vertex 4.01797 33.1666 9.1
    endloop
  endfacet
  facet normal -0 0 1
    outer loop
      vertex 3.30541 35.3392 9.1
      vertex 4.01797 33.1666 9.1
      vertex 4 35.4 9.1
    endloop
  endfacet
  facet normal 0 0 1
    outer loop
      vertex 4.01797 33.1666 9.1
      vertex 3.30541 35.3392 9.1
      vertex 3.64756 33.0673 9.1
    endloop
  endfacet
  facet normal -0 0 1
    outer loop
      vertex 2.63192 35.1588 9.1
      vertex 3.64756 33.0673 9.1
      vertex 3.30541 35.3392 9.1
    endloop
  endfacet
  facet normal 0 0 1
    outer loop
      vertex 3.64756 33.0673 9.1
      vertex 2.63192 35.1588 9.1
      vertex 3.3 32.9053 9.1
    endloop
  endfacet
  facet normal -0 0 1
    outer loop
      vertex 2 34.8641 9.1
      vertex 3.3 32.9053 9.1
      vertex 2.63192 35.1588 9.1
    endloop
  endfacet
  facet normal 0 0 1
    outer loop
      vertex 3.3 32.9053 9.1
      vertex 2 34.8641 9.1
      vertex 2.98587 32.6853 9.1
    endloop
  endfacet
  facet normal -0 0 1
    outer loop
      vertex 1.42885 34.4642 9.1
      vertex 2.98587 32.6853 9.1
      vertex 2 34.8641 9.1
    endloop
  endfacet
  facet normal 0 0 1
    outer loop
      vertex 2.98587 32.6853 9.1
      vertex 1.42885 34.4642 9.1
      vertex 2.7147 32.4141 9.1
    endloop
  endfacet
  facet normal -0 0 1
    outer loop
      vertex 0.935822 33.9711 9.1
      vertex 2.7147 32.4141 9.1
      vertex 1.42885 34.4642 9.1
    endloop
  endfacet
  facet normal -0 0 1
    outer loop
      vertex 0.241229 32.7681 9.1
      vertex 2.49474 32.1 9.1
      vertex 0.535898 33.4 9.1
    endloop
  endfacet
  facet normal 0 0 1
    outer loop
      vertex 2.7147 32.4141 9.1
      vertex 0.535898 33.4 9.1
      vertex 2.49474 32.1 9.1
    endloop
  endfacet
  facet normal -0 0 1
    outer loop
      vertex 0.535898 33.4 9.1
      vertex 2.7147 32.4141 9.1
      vertex 0.935822 33.9711 9.1
    endloop
  endfacet
  facet normal -0 0 1
    outer loop
      vertex 4.4 2.2 9.1
      vertex 9.68 0 9.1
      vertex 9.68 2.2 9.1
    endloop
  endfacet
  facet normal 0 0 1
    outer loop
      vertex 4 0 9.1
      vertex 4.4 2.2 9.1
      vertex 4.01797 2.23342 9.1
    endloop
  endfacet
  facet normal 0 0 1
    outer loop
      vertex 4.4 2.2 9.1
      vertex 4 0 9.1
      vertex 9.68 0 9.1
    endloop
  endfacet
  facet normal 0 0 1
    outer loop
      vertex 3.30541 0.0607681 9.1
      vertex 4.01797 2.23342 9.1
      vertex 3.64756 2.33268 9.1
    endloop
  endfacet
  facet normal 0 0 1
    outer loop
      vertex 4.01797 2.23342 9.1
      vertex 3.30541 0.0607681 9.1
      vertex 4 0 9.1
    endloop
  endfacet
  facet normal 0 0 1
    outer loop
      vertex 2.63192 0.241229 9.1
      vertex 3.64756 2.33268 9.1
      vertex 3.3 2.49474 9.1
    endloop
  endfacet
  facet normal 0 0 1
    outer loop
      vertex 2 0.535898 9.1
      vertex 3.3 2.49474 9.1
      vertex 2.98587 2.7147 9.1
    endloop
  endfacet
  facet normal 0 0 1
    outer loop
      vertex 1.42885 0.935822 9.1
      vertex 2.98587 2.7147 9.1
      vertex 2.7147 2.98587 9.1
    endloop
  endfacet
  facet normal 0 0 1
    outer loop
      vertex 3.64756 2.33268 9.1
      vertex 2.63192 0.241229 9.1
      vertex 3.30541 0.0607681 9.1
    endloop
  endfacet
  facet normal 0 0 1
    outer loop
      vertex 0.535898 2 9.1
      vertex 2.7147 2.98587 9.1
      vertex 2.49474 3.3 9.1
    endloop
  endfacet
  facet normal 0 0 1
    outer loop
      vertex 0.241229 2.63192 9.1
      vertex 2.49474 3.3 9.1
      vertex 2.33268 3.64756 9.1
    endloop
  endfacet
  facet normal 0 0 1
    outer loop
      vertex 0.0607681 3.30541 9.1
      vertex 2.33268 3.64756 9.1
      vertex 2.23342 4.01797 9.1
    endloop
  endfacet
  facet normal 0 0 1
    outer loop
      vertex 3.3 2.49474 9.1
      vertex 2 0.535898 9.1
      vertex 2.63192 0.241229 9.1
    endloop
  endfacet
  facet normal 0 0 1
    outer loop
      vertex 0 4 9.1
      vertex 2.23342 4.01797 9.1
      vertex 2.2 4.4 9.1
    endloop
  endfacet
  facet normal 0 0 1
    outer loop
      vertex 2.2 31 9.1
      vertex 0 31.4 9.1
      vertex 2.2 4.4 9.1
    endloop
  endfacet
  facet normal 0 0 1
    outer loop
      vertex 2.49474 32.1 9.1
      vertex 0.241229 32.7681 9.1
      vertex 2.33268 31.7524 9.1
    endloop
  endfacet
  facet normal 0 0 1
    outer loop
      vertex 0 4 9.1
      vertex 2.2 4.4 9.1
      vertex 0 31.4 9.1
    endloop
  endfacet
  facet normal -0 0 1
    outer loop
      vertex 0.0607681 32.0946 9.1
      vertex 2.33268 31.7524 9.1
      vertex 0.241229 32.7681 9.1
    endloop
  endfacet
  facet normal 0 0 1
    outer loop
      vertex 2.23342 4.01797 9.1
      vertex 0 4 9.1
      vertex 0.0607681 3.30541 9.1
    endloop
  endfacet
  facet normal 0 0 1
    outer loop
      vertex 2.33268 31.7524 9.1
      vertex 0.0607681 32.0946 9.1
      vertex 2.23342 31.382 9.1
    endloop
  endfacet
  facet normal 0 0 1
    outer loop
      vertex 2.98587 2.7147 9.1
      vertex 1.42885 0.935822 9.1
      vertex 2 0.535898 9.1
    endloop
  endfacet
  facet normal -0 0 1
    outer loop
      vertex 0 31.4 9.1
      vertex 2.23342 31.382 9.1
      vertex 0.0607681 32.0946 9.1
    endloop
  endfacet
  facet normal 0 0 1
    outer loop
      vertex 2.7147 2.98587 9.1
      vertex 0.935822 1.42885 9.1
      vertex 1.42885 0.935822 9.1
    endloop
  endfacet
  facet normal 0 0 1
    outer loop
      vertex 2.23342 31.382 9.1
      vertex 0 31.4 9.1
      vertex 2.2 31 9.1
    endloop
  endfacet
  facet normal 0 0 1
    outer loop
      vertex 2.7147 2.98587 9.1
      vertex 0.535898 2 9.1
      vertex 0.935822 1.42885 9.1
    endloop
  endfacet
  facet normal 0 0 1
    outer loop
      vertex 2.49474 3.3 9.1
      vertex 0.241229 2.63192 9.1
      vertex 0.535898 2 9.1
    endloop
  endfacet
  facet normal 0 0 1
    outer loop
      vertex 2.33268 3.64756 9.1
      vertex 0.0607681 3.30541 9.1
      vertex 0.241229 2.63192 9.1
    endloop
  endfacet
  facet normal 0 0 1
    outer loop
      vertex 68.1666 31.382 9.1
      vertex 70.4 31.4 9.1
      vertex 70.3392 32.0946 9.1
    endloop
  endfacet
  facet normal 0 0 1
    outer loop
      vertex 70.4 31.4 9.1
      vertex 68.2 31 9.1
      vertex 70.4 4 9.1
    endloop
  endfacet
  facet normal 0 0 1
    outer loop
      vertex 68.0673 31.7524 9.1
      vertex 70.3392 32.0946 9.1
      vertex 70.1588 32.7681 9.1
    endloop
  endfacet
  facet normal -0 0 1
    outer loop
      vertex 68.2 4.4 9.1
      vertex 70.4 4 9.1
      vertex 68.2 31 9.1
    endloop
  endfacet
  facet normal 0 0 1
    outer loop
      vertex 67.9053 32.1 9.1
      vertex 70.1588 32.7681 9.1
      vertex 69.8641 33.4 9.1
    endloop
  endfacet
  facet normal -0 0 1
    outer loop
      vertex 68.1666 4.01797 9.1
      vertex 70.4 4 9.1
      vertex 68.2 4.4 9.1
    endloop
  endfacet
  facet normal 0 0 1
    outer loop
      vertex 67.6853 32.4141 9.1
      vertex 69.8641 33.4 9.1
      vertex 69.4642 33.9711 9.1
    endloop
  endfacet
  facet normal 0 0 1
    outer loop
      vertex 70.4 4 9.1
      vertex 68.1666 4.01797 9.1
      vertex 70.3392 3.30541 9.1
    endloop
  endfacet
  facet normal 0 0 1
    outer loop
      vertex 67.6853 32.4141 9.1
      vertex 69.4642 33.9711 9.1
      vertex 68.9712 34.4642 9.1
    endloop
  endfacet
  facet normal -0 0 1
    outer loop
      vertex 68.0673 3.64756 9.1
      vertex 70.3392 3.30541 9.1
      vertex 68.1666 4.01797 9.1
    endloop
  endfacet
  facet normal 0 0 1
    outer loop
      vertex 67.4141 32.6853 9.1
      vertex 68.9712 34.4642 9.1
      vertex 68.4 34.8641 9.1
    endloop
  endfacet
  facet normal 0 0 1
    outer loop
      vertex 70.3392 3.30541 9.1
      vertex 68.0673 3.64756 9.1
      vertex 70.1588 2.63192 9.1
    endloop
  endfacet
  facet normal -0 0 1
    outer loop
      vertex 67.9053 3.3 9.1
      vertex 70.1588 2.63192 9.1
      vertex 68.0673 3.64756 9.1
    endloop
  endfacet
  facet normal 0 0 1
    outer loop
      vertex 70.4 31.4 9.1
      vertex 68.1666 31.382 9.1
      vertex 68.2 31 9.1
    endloop
  endfacet
  facet normal 0 0 1
    outer loop
      vertex 70.3392 32.0946 9.1
      vertex 68.0673 31.7524 9.1
      vertex 68.1666 31.382 9.1
    endloop
  endfacet
  facet normal 0 0 1
    outer loop
      vertex 70.1588 32.7681 9.1
      vertex 67.9053 32.1 9.1
      vertex 68.0673 31.7524 9.1
    endloop
  endfacet
  facet normal 0 0 1
    outer loop
      vertex 67.1 32.9053 9.1
      vertex 68.4 34.8641 9.1
      vertex 67.7681 35.1588 9.1
    endloop
  endfacet
  facet normal 0 0 1
    outer loop
      vertex 69.8641 33.4 9.1
      vertex 67.6853 32.4141 9.1
      vertex 67.9053 32.1 9.1
    endloop
  endfacet
  facet normal 0 0 1
    outer loop
      vertex 68.9712 34.4642 9.1
      vertex 67.4141 32.6853 9.1
      vertex 67.6853 32.4141 9.1
    endloop
  endfacet
  facet normal 0 0 1
    outer loop
      vertex 68.4 34.8641 9.1
      vertex 67.1 32.9053 9.1
      vertex 67.4141 32.6853 9.1
    endloop
  endfacet
  facet normal 0 0 1
    outer loop
      vertex 66.7524 33.0673 9.1
      vertex 67.7681 35.1588 9.1
      vertex 67.0946 35.3392 9.1
    endloop
  endfacet
  facet normal 0 0 1
    outer loop
      vertex 67.7681 35.1588 9.1
      vertex 66.7524 33.0673 9.1
      vertex 67.1 32.9053 9.1
    endloop
  endfacet
  facet normal 0 0 1
    outer loop
      vertex 66.382 33.1666 9.1
      vertex 67.0946 35.3392 9.1
      vertex 66.4 35.4 9.1
    endloop
  endfacet
  facet normal 0 0 1
    outer loop
      vertex 67.0946 35.3392 9.1
      vertex 66.382 33.1666 9.1
      vertex 66.7524 33.0673 9.1
    endloop
  endfacet
  facet normal 0 0 1
    outer loop
      vertex 66.2 33.1825 9.1
      vertex 66.4 35.4 9.1
      vertex 66.2 35.4 9.1
    endloop
  endfacet
  facet normal 0 0 1
    outer loop
      vertex 66.4 35.4 9.1
      vertex 66.2 33.1825 9.1
      vertex 66.382 33.1666 9.1
    endloop
  endfacet
  facet normal 0 0 1
    outer loop
      vertex 70.1588 2.63192 9.1
      vertex 67.9053 3.3 9.1
      vertex 69.8641 2 9.1
    endloop
  endfacet
  facet normal -0 0 1
    outer loop
      vertex 67.6853 2.98587 9.1
      vertex 69.8641 2 9.1
      vertex 67.9053 3.3 9.1
    endloop
  endfacet
  facet normal 0 0 1
    outer loop
      vertex 69.8641 2 9.1
      vertex 67.6853 2.98587 9.1
      vertex 69.4642 1.42885 9.1
    endloop
  endfacet
  facet normal 0 0 1
    outer loop
      vertex 69.4642 1.42885 9.1
      vertex 67.6853 2.98587 9.1
      vertex 68.9712 0.935822 9.1
    endloop
  endfacet
  facet normal -0 0 1
    outer loop
      vertex 67.4141 2.7147 9.1
      vertex 68.9712 0.935822 9.1
      vertex 67.6853 2.98587 9.1
    endloop
  endfacet
  facet normal 0 0 1
    outer loop
      vertex 68.9712 0.935822 9.1
      vertex 67.4141 2.7147 9.1
      vertex 68.4 0.535898 9.1
    endloop
  endfacet
  facet normal -0 0 1
    outer loop
      vertex 67.1 2.49474 9.1
      vertex 68.4 0.535898 9.1
      vertex 67.4141 2.7147 9.1
    endloop
  endfacet
  facet normal 0 0 1
    outer loop
      vertex 68.4 0.535898 9.1
      vertex 67.1 2.49474 9.1
      vertex 67.7681 0.241229 9.1
    endloop
  endfacet
  facet normal -0 0 1
    outer loop
      vertex 66.7524 2.33268 9.1
      vertex 67.7681 0.241229 9.1
      vertex 67.1 2.49474 9.1
    endloop
  endfacet
  facet normal 0 0 1
    outer loop
      vertex 67.7681 0.241229 9.1
      vertex 66.7524 2.33268 9.1
      vertex 67.0946 0.0607681 9.1
    endloop
  endfacet
  facet normal -0 0 1
    outer loop
      vertex 66.382 2.23342 9.1
      vertex 67.0946 0.0607681 9.1
      vertex 66.7524 2.33268 9.1
    endloop
  endfacet
  facet normal 0 0 1
    outer loop
      vertex 67.0946 0.0607681 9.1
      vertex 66.382 2.23342 9.1
      vertex 66.4 0 9.1
    endloop
  endfacet
  facet normal -0 0 1
    outer loop
      vertex 66 2.2 9.1
      vertex 66.4 0 9.1
      vertex 66.382 2.23342 9.1
    endloop
  endfacet
  facet normal 0 0 1
    outer loop
      vertex 61.9 0 9.1
      vertex 66 2.2 9.1
      vertex 61.9 2.2 9.1
    endloop
  endfacet
  facet normal 0 0 1
    outer loop
      vertex 66 2.2 9.1
      vertex 61.9 0 9.1
      vertex 66.4 0 9.1
    endloop
  endfacet
  facet normal -0 0 1
    outer loop
      vertex 20.58 2.2 9.1
      vertex 38.93 0 9.1
      vertex 38.93 2.2 9.1
    endloop
  endfacet
  facet normal 0 0 1
    outer loop
      vertex 38.93 0 9.1
      vertex 20.58 2.2 9.1
      vertex 20.58 0 9.1
    endloop
  endfacet
  facet normal -0 0 1
    outer loop
      vertex 49.44 2.2 9.1
      vertex 51.51 0 9.1
      vertex 51.51 2.2 9.1
    endloop
  endfacet
  facet normal 0 0 1
    outer loop
      vertex 51.51 0 9.1
      vertex 49.44 2.2 9.1
      vertex 49.44 0 9.1
    endloop
  endfacet
  facet normal 0.996191 -0.0872002 0
    outer loop
      vertex 70.3392 3.30541 9.1
      vertex 70.4 4 0
      vertex 70.4 4 9.1
    endloop
  endfacet
  facet normal 0.996191 -0.0872002 0
    outer loop
      vertex 70.4 4 0
      vertex 70.3392 3.30541 9.1
      vertex 70.3392 3.30541 0
    endloop
  endfacet
  facet normal -0.573554 0.819168 0
    outer loop
      vertex 2 34.8641 0
      vertex 1.42885 34.4642 9.1
      vertex 2 34.8641 9.1
    endloop
  endfacet
  facet normal -0.573554 0.819168 0
    outer loop
      vertex 1.42885 34.4642 9.1
      vertex 2 34.8641 0
      vertex 1.42885 34.4642 0
    endloop
  endfacet
  facet normal 0.906291 -0.422655 0
    outer loop
      vertex 69.8641 2 9.1
      vertex 70.1588 2.63192 0
      vertex 70.1588 2.63192 9.1
    endloop
  endfacet
  facet normal 0.906291 -0.422655 0
    outer loop
      vertex 70.1588 2.63192 0
      vertex 69.8641 2 9.1
      vertex 69.8641 2 0
    endloop
  endfacet
  facet normal 0.996191 0.087199 0
    outer loop
      vertex 70.4 31.4 9.1
      vertex 70.3392 32.0946 0
      vertex 70.3392 32.0946 9.1
    endloop
  endfacet
  facet normal 0.996191 0.087199 0
    outer loop
      vertex 70.3392 32.0946 0
      vertex 70.4 31.4 9.1
      vertex 70.4 31.4 0
    endloop
  endfacet
  facet normal 0.707178 0.707035 0
    outer loop
      vertex 69.4642 33.9711 9.1
      vertex 68.9712 34.4642 0
      vertex 68.9712 34.4642 9.1
    endloop
  endfacet
  facet normal 0.707178 0.707035 0
    outer loop
      vertex 68.9712 34.4642 0
      vertex 69.4642 33.9711 9.1
      vertex 69.4642 33.9711 0
    endloop
  endfacet
  facet normal -0.573577 -0.819152 0
    outer loop
      vertex 1.42885 0.935822 0
      vertex 2 0.535898 9.1
      vertex 1.42885 0.935822 9.1
    endloop
  endfacet
  facet normal -0.573577 -0.819152 -0
    outer loop
      vertex 2 0.535898 9.1
      vertex 1.42885 0.935822 0
      vertex 2 0.535898 0
    endloop
  endfacet
  facet normal -0.819152 -0.573577 0
    outer loop
      vertex 0.935822 1.42885 0
      vertex 0.535898 2 9.1
      vertex 0.535898 2 0
    endloop
  endfacet
  facet normal -0.819152 -0.573577 0
    outer loop
      vertex 0.535898 2 9.1
      vertex 0.935822 1.42885 0
      vertex 0.935822 1.42885 9.1
    endloop
  endfacet
  facet normal 0 -1 0
    outer loop
      vertex 4.4 33.2 1.6
      vertex 66 33.2 2.2
      vertex 4.4 33.2 2.2
    endloop
  endfacet
  facet normal 0 -1 -0
    outer loop
      vertex 66 33.2 2.2
      vertex 4.4 33.2 1.6
      vertex 66 33.2 1.6
    endloop
  endfacet
  facet normal 0.422469 -0.906378 0
    outer loop
      vertex 3.3 32.9053 1.6
      vertex 3.64756 33.0673 9.1
      vertex 3.3 32.9053 9.1
    endloop
  endfacet
  facet normal 0.422469 -0.906378 0
    outer loop
      vertex 3.64756 33.0673 9.1
      vertex 3.3 32.9053 1.6
      vertex 3.64756 33.0673 1.6
    endloop
  endfacet
  facet normal 0.0871472 0.996195 -0
    outer loop
      vertex 4.4 2.2 1.6
      vertex 4.01797 2.23342 9.1
      vertex 4.4 2.2 9.1
    endloop
  endfacet
  facet normal 0.0871472 0.996195 0
    outer loop
      vertex 4.01797 2.23342 9.1
      vertex 4.4 2.2 1.6
      vertex 4.01797 2.23342 1.6
    endloop
  endfacet
  facet normal -0.422557 0.906336 0
    outer loop
      vertex 67.1 2.49474 1.6
      vertex 66.7524 2.33268 9.1
      vertex 67.1 2.49474 9.1
    endloop
  endfacet
  facet normal -0.422557 0.906336 0
    outer loop
      vertex 66.7524 2.33268 9.1
      vertex 67.1 2.49474 1.6
      vertex 66.7524 2.33268 1.6
    endloop
  endfacet
  facet normal -1 0 0
    outer loop
      vertex 68.2 4.4 1.6
      vertex 68.2 31 9.1
      vertex 68.2 31 1.6
    endloop
  endfacet
  facet normal -1 -0 0
    outer loop
      vertex 68.2 31 9.1
      vertex 68.2 4.4 1.6
      vertex 68.2 4.4 9.1
    endloop
  endfacet
  facet normal 0.422597 0.906318 -0
    outer loop
      vertex 3.64756 2.33268 1.6
      vertex 3.3 2.49474 9.1
      vertex 3.64756 2.33268 9.1
    endloop
  endfacet
  facet normal 0.422597 0.906318 0
    outer loop
      vertex 3.3 2.49474 9.1
      vertex 3.64756 2.33268 1.6
      vertex 3.3 2.49474 1.6
    endloop
  endfacet
  facet normal -0.906378 0.422469 0
    outer loop
      vertex 67.9053 3.3 1.6
      vertex 68.0673 3.64756 9.1
      vertex 68.0673 3.64756 1.6
    endloop
  endfacet
  facet normal -0.906378 0.422469 0
    outer loop
      vertex 68.0673 3.64756 9.1
      vertex 67.9053 3.3 1.6
      vertex 67.9053 3.3 9.1
    endloop
  endfacet
  facet normal 0 1 0
    outer loop
      vertex 66 2.2 9.1
      vertex 61.9 2.2 4.2
      vertex 61.9 2.2 9.1
    endloop
  endfacet
  facet normal 0 1 0
    outer loop
      vertex 66 2.2 1.6
      vertex 51.51 2.2 4.2
      vertex 61.9 2.2 4.2
    endloop
  endfacet
  facet normal 0 1 0
    outer loop
      vertex 51.51 2.2 4.2
      vertex 66 2.2 1.6
      vertex 49.44 2.2 4.2
    endloop
  endfacet
  facet normal 0 1 0
    outer loop
      vertex 49.44 2.2 4.2
      vertex 66 2.2 1.6
      vertex 38.93 2.2 4.2
    endloop
  endfacet
  facet normal 0 1 0
    outer loop
      vertex 4.4 2.2 1.6
      vertex 38.93 2.2 4.2
      vertex 66 2.2 1.6
    endloop
  endfacet
  facet normal 0 1 0
    outer loop
      vertex 38.93 2.2 4.2
      vertex 4.4 2.2 1.6
      vertex 20.58 2.2 4.2
    endloop
  endfacet
  facet normal 0 1 -0
    outer loop
      vertex 66 2.2 1.6
      vertex 61.9 2.2 4.2
      vertex 66 2.2 9.1
    endloop
  endfacet
  facet normal 0 1 -0
    outer loop
      vertex 51.51 2.2 4.2
      vertex 49.44 2.2 9.1
      vertex 51.51 2.2 9.1
    endloop
  endfacet
  facet normal 0 1 0
    outer loop
      vertex 49.44 2.2 9.1
      vertex 51.51 2.2 4.2
      vertex 49.44 2.2 4.2
    endloop
  endfacet
  facet normal 0 1 -0
    outer loop
      vertex 38.93 2.2 4.2
      vertex 20.58 2.2 9.1
      vertex 38.93 2.2 9.1
    endloop
  endfacet
  facet normal 0 1 0
    outer loop
      vertex 20.58 2.2 9.1
      vertex 38.93 2.2 4.2
      vertex 20.58 2.2 4.2
    endloop
  endfacet
  facet normal 0 1 -0
    outer loop
      vertex 9.68 2.2 4.2
      vertex 4.4 2.2 9.1
      vertex 9.68 2.2 9.1
    endloop
  endfacet
  facet normal 0 1 0
    outer loop
      vertex 9.68 2.2 4.2
      vertex 4.4 2.2 1.6
      vertex 4.4 2.2 9.1
    endloop
  endfacet
  facet normal 0 1 0
    outer loop
      vertex 20.58 2.2 4.2
      vertex 4.4 2.2 1.6
      vertex 9.68 2.2 4.2
    endloop
  endfacet
  facet normal -0.087154 0.996195 0
    outer loop
      vertex 66.382 2.23342 1.6
      vertex 66 2.2 9.1
      vertex 66.382 2.23342 9.1
    endloop
  endfacet
  facet normal -0.087154 0.996195 0
    outer loop
      vertex 66 2.2 9.1
      vertex 66.382 2.23342 1.6
      vertex 66 2.2 1.6
    endloop
  endfacet
  facet normal 1 -0 0
    outer loop
      vertex 2.2 4.4 9.1
      vertex 2.2 31 1.6
      vertex 2.2 31 9.1
    endloop
  endfacet
  facet normal 1 0 0
    outer loop
      vertex 2.2 31 1.6
      vertex 2.2 4.4 9.1
      vertex 2.2 4.4 1.6
    endloop
  endfacet
  facet normal 0.819122 -0.57362 0
    outer loop
      vertex 2.49474 32.1 9.1
      vertex 2.7147 32.4141 1.6
      vertex 2.7147 32.4141 9.1
    endloop
  endfacet
  facet normal 0.819122 -0.57362 0
    outer loop
      vertex 2.7147 32.4141 1.6
      vertex 2.49474 32.1 9.1
      vertex 2.49474 32.1 1.6
    endloop
  endfacet
  facet normal 0.258841 0.96592 -0
    outer loop
      vertex 4.01797 2.23342 1.6
      vertex 3.64756 2.33268 9.1
      vertex 4.01797 2.23342 9.1
    endloop
  endfacet
  facet normal 0.258841 0.96592 0
    outer loop
      vertex 3.64756 2.33268 9.1
      vertex 4.01797 2.23342 1.6
      vertex 3.64756 2.33268 1.6
    endloop
  endfacet
  facet normal -0.707107 -0.707107 0
    outer loop
      vertex 67.6853 32.4141 1.6
      vertex 67.4141 32.6853 9.1
      vertex 67.4141 32.6853 1.6
    endloop
  endfacet
  facet normal -0.707107 -0.707107 0
    outer loop
      vertex 67.4141 32.6853 9.1
      vertex 67.6853 32.4141 1.6
      vertex 67.6853 32.4141 9.1
    endloop
  endfacet
  facet normal -0.819073 -0.57369 0
    outer loop
      vertex 67.9053 32.1 1.6
      vertex 67.6853 32.4141 9.1
      vertex 67.6853 32.4141 1.6
    endloop
  endfacet
  facet normal -0.819073 -0.57369 0
    outer loop
      vertex 67.6853 32.4141 9.1
      vertex 67.9053 32.1 1.6
      vertex 67.9053 32.1 9.1
    endloop
  endfacet
  facet normal 0.0870169 -0.996207 0
    outer loop
      vertex 4.01797 33.1666 9.1
      vertex 4.2 33.1825 2.2
      vertex 4.2 33.1825 9.1
    endloop
  endfacet
  facet normal 0.0870169 -0.996207 0
    outer loop
      vertex 4.01797 33.1666 1.6
      vertex 4.2 33.1825 2.2
      vertex 4.01797 33.1666 9.1
    endloop
  endfacet
  facet normal 0.0870955 -0.9962 -2.40121e-05
    outer loop
      vertex 4.4 33.2 1.6
      vertex 4.2 33.1825 2.2
      vertex 4.01797 33.1666 1.6
    endloop
  endfacet
  facet normal 0.087167 -0.996194 0
    outer loop
      vertex 4.2 33.1825 2.2
      vertex 4.4 33.2 1.6
      vertex 4.4 33.2 2.2
    endloop
  endfacet
  facet normal 0.96592 0.258841 0
    outer loop
      vertex 2.33268 3.64756 9.1
      vertex 2.23342 4.01797 1.6
      vertex 2.23342 4.01797 9.1
    endloop
  endfacet
  facet normal 0.96592 0.258841 0
    outer loop
      vertex 2.23342 4.01797 1.6
      vertex 2.33268 3.64756 9.1
      vertex 2.33268 3.64756 1.6
    endloop
  endfacet
  facet normal 0.965918 -0.258847 0
    outer loop
      vertex 2.23342 31.382 9.1
      vertex 2.33268 31.7524 1.6
      vertex 2.33268 31.7524 9.1
    endloop
  endfacet
  facet normal 0.965918 -0.258847 0
    outer loop
      vertex 2.33268 31.7524 1.6
      vertex 2.23342 31.382 9.1
      vertex 2.23342 31.382 1.6
    endloop
  endfacet
  facet normal -0.422429 -0.906396 0
    outer loop
      vertex 66.7524 33.0673 1.6
      vertex 67.1 32.9053 9.1
      vertex 66.7524 33.0673 9.1
    endloop
  endfacet
  facet normal -0.422429 -0.906396 -0
    outer loop
      vertex 67.1 32.9053 9.1
      vertex 66.7524 33.0673 1.6
      vertex 67.1 32.9053 1.6
    endloop
  endfacet
  facet normal -0.965892 -0.258945 0
    outer loop
      vertex 68.1666 31.382 1.6
      vertex 68.0673 31.7524 9.1
      vertex 68.0673 31.7524 1.6
    endloop
  endfacet
  facet normal -0.965892 -0.258945 0
    outer loop
      vertex 68.0673 31.7524 9.1
      vertex 68.1666 31.382 1.6
      vertex 68.1666 31.382 9.1
    endloop
  endfacet
  facet normal -0.57362 0.819122 0
    outer loop
      vertex 67.4141 2.7147 1.6
      vertex 67.1 2.49474 9.1
      vertex 67.4141 2.7147 9.1
    endloop
  endfacet
  facet normal -0.57362 0.819122 0
    outer loop
      vertex 67.1 2.49474 9.1
      vertex 67.4141 2.7147 1.6
      vertex 67.1 2.49474 1.6
    endloop
  endfacet
  facet normal -0.996199 -0.0871022 0
    outer loop
      vertex 68.2 31 1.6
      vertex 68.1666 31.382 9.1
      vertex 68.1666 31.382 1.6
    endloop
  endfacet
  facet normal -0.996199 -0.0871022 0
    outer loop
      vertex 68.1666 31.382 9.1
      vertex 68.2 31 1.6
      vertex 68.2 31 9.1
    endloop
  endfacet
  facet normal -0.906396 -0.422429 0
    outer loop
      vertex 68.0673 31.7524 1.6
      vertex 67.9053 32.1 9.1
      vertex 67.9053 32.1 1.6
    endloop
  endfacet
  facet normal -0.906396 -0.422429 0
    outer loop
      vertex 67.9053 32.1 9.1
      vertex 68.0673 31.7524 1.6
      vertex 68.0673 31.7524 9.1
    endloop
  endfacet
  facet normal 0.573653 -0.819098 0
    outer loop
      vertex 2.98587 32.6853 1.6
      vertex 3.3 32.9053 9.1
      vertex 2.98587 32.6853 9.1
    endloop
  endfacet
  facet normal 0.573653 -0.819098 0
    outer loop
      vertex 3.3 32.9053 9.1
      vertex 2.98587 32.6853 1.6
      vertex 3.3 32.9053 1.6
    endloop
  endfacet
  facet normal 0.707146 -0.707068 0
    outer loop
      vertex 2.7147 32.4141 1.6
      vertex 2.98587 32.6853 9.1
      vertex 2.7147 32.4141 9.1
    endloop
  endfacet
  facet normal 0.707146 -0.707068 0
    outer loop
      vertex 2.98587 32.6853 9.1
      vertex 2.7147 32.4141 1.6
      vertex 2.98587 32.6853 1.6
    endloop
  endfacet
  facet normal 0.258938 -0.965894 0
    outer loop
      vertex 3.64756 33.0673 1.6
      vertex 4.01797 33.1666 9.1
      vertex 3.64756 33.0673 9.1
    endloop
  endfacet
  facet normal 0.258938 -0.965894 0
    outer loop
      vertex 4.01797 33.1666 9.1
      vertex 3.64756 33.0673 1.6
      vertex 4.01797 33.1666 1.6
    endloop
  endfacet
  facet normal -0.965894 0.258938 0
    outer loop
      vertex 68.0673 3.64756 1.6
      vertex 68.1666 4.01797 9.1
      vertex 68.1666 4.01797 1.6
    endloop
  endfacet
  facet normal -0.965894 0.258938 0
    outer loop
      vertex 68.1666 4.01797 9.1
      vertex 68.0673 3.64756 1.6
      vertex 68.0673 3.64756 9.1
    endloop
  endfacet
  facet normal 0.573583 0.819147 -0
    outer loop
      vertex 3.3 2.49474 1.6
      vertex 2.98587 2.7147 9.1
      vertex 3.3 2.49474 9.1
    endloop
  endfacet
  facet normal 0.573583 0.819147 0
    outer loop
      vertex 2.98587 2.7147 9.1
      vertex 3.3 2.49474 1.6
      vertex 2.98587 2.7147 1.6
    endloop
  endfacet
  facet normal 0.707107 0.707107 0
    outer loop
      vertex 2.98587 2.7147 9.1
      vertex 2.7147 2.98587 1.6
      vertex 2.7147 2.98587 9.1
    endloop
  endfacet
  facet normal 0.707107 0.707107 0
    outer loop
      vertex 2.7147 2.98587 1.6
      vertex 2.98587 2.7147 9.1
      vertex 2.98587 2.7147 1.6
    endloop
  endfacet
  facet normal 0.906336 -0.422557 0
    outer loop
      vertex 2.33268 31.7524 9.1
      vertex 2.49474 32.1 1.6
      vertex 2.49474 32.1 9.1
    endloop
  endfacet
  facet normal 0.906336 -0.422557 0
    outer loop
      vertex 2.49474 32.1 1.6
      vertex 2.33268 31.7524 9.1
      vertex 2.33268 31.7524 1.6
    endloop
  endfacet
  facet normal -0.258945 -0.965892 0
    outer loop
      vertex 66.382 33.1666 1.6
      vertex 66.7524 33.0673 9.1
      vertex 66.382 33.1666 9.1
    endloop
  endfacet
  facet normal -0.258945 -0.965892 -0
    outer loop
      vertex 66.7524 33.0673 9.1
      vertex 66.382 33.1666 1.6
      vertex 66.7524 33.0673 1.6
    endloop
  endfacet
  facet normal -0.258847 0.965918 0
    outer loop
      vertex 66.7524 2.33268 1.6
      vertex 66.382 2.23342 9.1
      vertex 66.7524 2.33268 9.1
    endloop
  endfacet
  facet normal -0.258847 0.965918 0
    outer loop
      vertex 66.382 2.23342 9.1
      vertex 66.7524 2.33268 1.6
      vertex 66.382 2.23342 1.6
    endloop
  endfacet
  facet normal -0.087167 -0.996194 -0
    outer loop
      vertex 66 33.2 2.2
      vertex 66 33.2 1.6
      vertex 66.2 33.1825 2.2
    endloop
  endfacet
  facet normal -0.0870311 -0.996206 0
    outer loop
      vertex 66.2 33.1825 2.2
      vertex 66.382 33.1666 9.1
      vertex 66.2 33.1825 9.1
    endloop
  endfacet
  facet normal -0.0870311 -0.996206 0
    outer loop
      vertex 66.2 33.1825 2.2
      vertex 66.382 33.1666 1.6
      vertex 66.382 33.1666 9.1
    endloop
  endfacet
  facet normal -0.0871022 -0.996199 -2.17321e-05
    outer loop
      vertex 66.382 33.1666 1.6
      vertex 66.2 33.1825 2.2
      vertex 66 33.2 1.6
    endloop
  endfacet
  facet normal -0.57369 -0.819073 0
    outer loop
      vertex 67.1 32.9053 1.6
      vertex 67.4141 32.6853 9.1
      vertex 67.1 32.9053 9.1
    endloop
  endfacet
  facet normal -0.57369 -0.819073 -0
    outer loop
      vertex 67.4141 32.6853 9.1
      vertex 67.1 32.9053 1.6
      vertex 67.4141 32.6853 1.6
    endloop
  endfacet
  facet normal 0.996195 -0.087154 0
    outer loop
      vertex 2.2 31 9.1
      vertex 2.23342 31.382 1.6
      vertex 2.23342 31.382 9.1
    endloop
  endfacet
  facet normal 0.996195 -0.087154 0
    outer loop
      vertex 2.23342 31.382 1.6
      vertex 2.2 31 9.1
      vertex 2.2 31 1.6
    endloop
  endfacet
  facet normal 0.996195 0.0871472 0
    outer loop
      vertex 2.23342 4.01797 9.1
      vertex 2.2 4.4 1.6
      vertex 2.2 4.4 9.1
    endloop
  endfacet
  facet normal 0.996195 0.0871472 0
    outer loop
      vertex 2.2 4.4 1.6
      vertex 2.23342 4.01797 9.1
      vertex 2.23342 4.01797 1.6
    endloop
  endfacet
  facet normal -0.707068 0.707146 0
    outer loop
      vertex 67.4141 2.7147 1.6
      vertex 67.6853 2.98587 9.1
      vertex 67.6853 2.98587 1.6
    endloop
  endfacet
  facet normal -0.707068 0.707146 0
    outer loop
      vertex 67.6853 2.98587 9.1
      vertex 67.4141 2.7147 1.6
      vertex 67.4141 2.7147 9.1
    endloop
  endfacet
  facet normal 0.906318 0.422597 0
    outer loop
      vertex 2.49474 3.3 9.1
      vertex 2.33268 3.64756 1.6
      vertex 2.33268 3.64756 9.1
    endloop
  endfacet
  facet normal 0.906318 0.422597 0
    outer loop
      vertex 2.33268 3.64756 1.6
      vertex 2.49474 3.3 9.1
      vertex 2.49474 3.3 1.6
    endloop
  endfacet
  facet normal -0.9962 0.0870955 0
    outer loop
      vertex 68.1666 4.01797 1.6
      vertex 68.2 4.4 9.1
      vertex 68.2 4.4 1.6
    endloop
  endfacet
  facet normal -0.9962 0.0870955 0
    outer loop
      vertex 68.2 4.4 9.1
      vertex 68.1666 4.01797 1.6
      vertex 68.1666 4.01797 9.1
    endloop
  endfacet
  facet normal -0.819098 0.573653 0
    outer loop
      vertex 67.6853 2.98587 1.6
      vertex 67.9053 3.3 9.1
      vertex 67.9053 3.3 1.6
    endloop
  endfacet
  facet normal -0.819098 0.573653 0
    outer loop
      vertex 67.9053 3.3 9.1
      vertex 67.6853 2.98587 1.6
      vertex 67.6853 2.98587 9.1
    endloop
  endfacet
  facet normal 0.819147 0.573583 0
    outer loop
      vertex 2.7147 2.98587 9.1
      vertex 2.49474 3.3 1.6
      vertex 2.49474 3.3 9.1
    endloop
  endfacet
  facet normal 0.819147 0.573583 0
    outer loop
      vertex 2.49474 3.3 1.6
      vertex 2.7147 2.98587 9.1
      vertex 2.7147 2.98587 1.6
    endloop
  endfacet
  facet normal 0 0 1
    outer loop
      vertex 61.5395 6.75148 1.6
      vertex 8.8105 6.75148 1.6
      vertex 8.85 6.3 1.6
    endloop
  endfacet
  facet normal 0 0 1
    outer loop
      vertex 8.6932 7.18925 1.6
      vertex 61.6568 7.18925 1.6
      vertex 8.7432 28.2607 1.6
    endloop
  endfacet
  facet normal 0 0 1
    outer loop
      vertex 61.6568 7.18925 1.6
      vertex 8.6932 7.18925 1.6
      vertex 8.8105 6.75148 1.6
    endloop
  endfacet
  facet normal -0 0 1
    outer loop
      vertex 8.55167 27.85 1.6
      vertex 8.6932 7.18925 1.6
      vertex 8.7432 28.2607 1.6
    endloop
  endfacet
  facet normal 0 0 1
    outer loop
      vertex 8.55167 27.85 1.6
      vertex 8.50167 7.6 1.6
      vertex 8.6932 7.18925 1.6
    endloop
  endfacet
  facet normal -0 0 1
    outer loop
      vertex 8.29171 27.4788 1.6
      vertex 8.50167 7.6 1.6
      vertex 8.55167 27.85 1.6
    endloop
  endfacet
  facet normal 0 0 1
    outer loop
      vertex 8.29171 27.4788 1.6
      vertex 8.24172 7.97125 1.6
      vertex 8.50167 7.6 1.6
    endloop
  endfacet
  facet normal -0 0 1
    outer loop
      vertex 7.97125 27.1583 1.6
      vertex 8.24172 7.97125 1.6
      vertex 8.29171 27.4788 1.6
    endloop
  endfacet
  facet normal 0 0 1
    outer loop
      vertex 7.97125 27.1583 1.6
      vertex 7.92125 8.29171 1.6
      vertex 8.24172 7.97125 1.6
    endloop
  endfacet
  facet normal -0 0 1
    outer loop
      vertex 7.6 26.8983 1.6
      vertex 7.92125 8.29171 1.6
      vertex 7.97125 27.1583 1.6
    endloop
  endfacet
  facet normal 0 0 1
    outer loop
      vertex 7.6 26.8983 1.6
      vertex 7.55 8.55167 1.6
      vertex 7.92125 8.29171 1.6
    endloop
  endfacet
  facet normal -0 0 1
    outer loop
      vertex 7.18925 26.7068 1.6
      vertex 7.55 8.55167 1.6
      vertex 7.6 26.8983 1.6
    endloop
  endfacet
  facet normal 0 0 1
    outer loop
      vertex 7.18925 26.7068 1.6
      vertex 7.13925 8.7432 1.6
      vertex 7.55 8.55167 1.6
    endloop
  endfacet
  facet normal -0 0 1
    outer loop
      vertex 6.75148 26.5895 1.6
      vertex 7.13925 8.7432 1.6
      vertex 7.18925 26.7068 1.6
    endloop
  endfacet
  facet normal 0 0 1
    outer loop
      vertex 6.75148 26.5895 1.6
      vertex 6.70148 8.8605 1.6
      vertex 7.13925 8.7432 1.6
    endloop
  endfacet
  facet normal -0 0 1
    outer loop
      vertex 6.3 26.55 1.6
      vertex 6.70148 8.8605 1.6
      vertex 6.75148 26.5895 1.6
    endloop
  endfacet
  facet normal 0 0 1
    outer loop
      vertex 6.3 26.55 1.6
      vertex 6.25 8.9 1.6
      vertex 6.70148 8.8605 1.6
    endloop
  endfacet
  facet normal 0 0 1
    outer loop
      vertex 5.84851 26.5895 1.6
      vertex 6.25 8.9 1.6
      vertex 6.3 26.55 1.6
    endloop
  endfacet
  facet normal 0 0 1
    outer loop
      vertex 5.84851 26.5895 1.6
      vertex 5.79851 8.8605 1.6
      vertex 6.25 8.9 1.6
    endloop
  endfacet
  facet normal 0 0 1
    outer loop
      vertex 5.41075 26.7068 1.6
      vertex 5.79851 8.8605 1.6
      vertex 5.84851 26.5895 1.6
    endloop
  endfacet
  facet normal 0 0 1
    outer loop
      vertex 5.41075 26.7068 1.6
      vertex 5.36075 8.7432 1.6
      vertex 5.79851 8.8605 1.6
    endloop
  endfacet
  facet normal 0 0 1
    outer loop
      vertex 5 26.8983 1.6
      vertex 5.36075 8.7432 1.6
      vertex 5.41075 26.7068 1.6
    endloop
  endfacet
  facet normal 0 0 1
    outer loop
      vertex 5 26.8983 1.6
      vertex 4.95 8.55167 1.6
      vertex 5.36075 8.7432 1.6
    endloop
  endfacet
  facet normal 0 0 1
    outer loop
      vertex 4.62875 27.1583 1.6
      vertex 4.95 8.55167 1.6
      vertex 5 26.8983 1.6
    endloop
  endfacet
  facet normal 0 0 1
    outer loop
      vertex 4.62875 27.1583 1.6
      vertex 4.57875 8.29171 1.6
      vertex 4.95 8.55167 1.6
    endloop
  endfacet
  facet normal 0 0 1
    outer loop
      vertex 4.30828 27.4788 1.6
      vertex 4.57875 8.29171 1.6
      vertex 4.62875 27.1583 1.6
    endloop
  endfacet
  facet normal 0 0 1
    outer loop
      vertex 4.30828 27.4788 1.6
      vertex 4.25828 7.97125 1.6
      vertex 4.57875 8.29171 1.6
    endloop
  endfacet
  facet normal 0 0 1
    outer loop
      vertex 4.04833 27.85 1.6
      vertex 4.25828 7.97125 1.6
      vertex 4.30828 27.4788 1.6
    endloop
  endfacet
  facet normal 0 0 1
    outer loop
      vertex 4.04833 27.85 1.6
      vertex 3.99833 7.6 1.6
      vertex 4.25828 7.97125 1.6
    endloop
  endfacet
  facet normal 0 0 1
    outer loop
      vertex 2.2 31 1.6
      vertex 4.04833 27.85 1.6
      vertex 3.8568 28.2607 1.6
    endloop
  endfacet
  facet normal 0 0 1
    outer loop
      vertex 4.04833 27.85 1.6
      vertex 2.2 31 1.6
      vertex 3.99833 7.6 1.6
    endloop
  endfacet
  facet normal 0 0 1
    outer loop
      vertex 2.2 31 1.6
      vertex 3.8568 28.2607 1.6
      vertex 3.7395 28.6985 1.6
    endloop
  endfacet
  facet normal 0 0 1
    outer loop
      vertex 2.2 31 1.6
      vertex 3.7395 28.6985 1.6
      vertex 3.7 29.15 1.6
    endloop
  endfacet
  facet normal 0 0 1
    outer loop
      vertex 3.99833 7.6 1.6
      vertex 2.2 31 1.6
      vertex 3.8068 7.18925 1.6
    endloop
  endfacet
  facet normal 0 0 1
    outer loop
      vertex 66.3517 27.9 1.6
      vertex 68.2 31 1.6
      vertex 66.5432 28.3107 1.6
    endloop
  endfacet
  facet normal 0 0 1
    outer loop
      vertex 68.2 4.4 1.6
      vertex 66.6605 6.75148 1.6
      vertex 66.7 6.3 1.6
    endloop
  endfacet
  facet normal 0 0 1
    outer loop
      vertex 66.3517 7.6 1.6
      vertex 68.2 31 1.6
      vertex 66.3517 27.9 1.6
    endloop
  endfacet
  facet normal 0 0 1
    outer loop
      vertex 68.2 4.4 1.6
      vertex 66.5432 7.18925 1.6
      vertex 66.6605 6.75148 1.6
    endloop
  endfacet
  facet normal 0 0 1
    outer loop
      vertex 68.2 31 1.6
      vertex 66.3517 7.6 1.6
      vertex 68.2 4.4 1.6
    endloop
  endfacet
  facet normal 0 0 1
    outer loop
      vertex 68.2 4.4 1.6
      vertex 66.3517 7.6 1.6
      vertex 66.5432 7.18925 1.6
    endloop
  endfacet
  facet normal -0 0 1
    outer loop
      vertex 66.0917 27.5288 1.6
      vertex 66.3517 7.6 1.6
      vertex 66.3517 27.9 1.6
    endloop
  endfacet
  facet normal 0 0 1
    outer loop
      vertex 66.0917 27.5288 1.6
      vertex 66.0917 7.97125 1.6
      vertex 66.3517 7.6 1.6
    endloop
  endfacet
  facet normal -0 0 1
    outer loop
      vertex 65.7712 27.2083 1.6
      vertex 66.0917 7.97125 1.6
      vertex 66.0917 27.5288 1.6
    endloop
  endfacet
  facet normal 0 0 1
    outer loop
      vertex 65.7712 27.2083 1.6
      vertex 65.7712 8.29171 1.6
      vertex 66.0917 7.97125 1.6
    endloop
  endfacet
  facet normal -0 0 1
    outer loop
      vertex 65.4 26.9483 1.6
      vertex 65.7712 8.29171 1.6
      vertex 65.7712 27.2083 1.6
    endloop
  endfacet
  facet normal 0 0 1
    outer loop
      vertex 65.4 26.9483 1.6
      vertex 65.4 8.55167 1.6
      vertex 65.7712 8.29171 1.6
    endloop
  endfacet
  facet normal -0 0 1
    outer loop
      vertex 64.9893 26.7568 1.6
      vertex 65.4 8.55167 1.6
      vertex 65.4 26.9483 1.6
    endloop
  endfacet
  facet normal 0 0 1
    outer loop
      vertex 64.9893 26.7568 1.6
      vertex 64.9893 8.7432 1.6
      vertex 65.4 8.55167 1.6
    endloop
  endfacet
  facet normal -0 0 1
    outer loop
      vertex 64.5515 26.6395 1.6
      vertex 64.9893 8.7432 1.6
      vertex 64.9893 26.7568 1.6
    endloop
  endfacet
  facet normal 0 0 1
    outer loop
      vertex 64.5515 26.6395 1.6
      vertex 64.5515 8.8605 1.6
      vertex 64.9893 8.7432 1.6
    endloop
  endfacet
  facet normal -0 0 1
    outer loop
      vertex 64.1 26.6 1.6
      vertex 64.5515 8.8605 1.6
      vertex 64.5515 26.6395 1.6
    endloop
  endfacet
  facet normal 0 0 1
    outer loop
      vertex 64.1 26.6 1.6
      vertex 64.1 8.9 1.6
      vertex 64.5515 8.8605 1.6
    endloop
  endfacet
  facet normal 0 0 1
    outer loop
      vertex 63.6485 26.6395 1.6
      vertex 64.1 8.9 1.6
      vertex 64.1 26.6 1.6
    endloop
  endfacet
  facet normal 0 0 1
    outer loop
      vertex 63.6485 26.6395 1.6
      vertex 63.6485 8.8605 1.6
      vertex 64.1 8.9 1.6
    endloop
  endfacet
  facet normal 0 0 1
    outer loop
      vertex 63.2107 26.7568 1.6
      vertex 63.6485 8.8605 1.6
      vertex 63.6485 26.6395 1.6
    endloop
  endfacet
  facet normal 0 0 1
    outer loop
      vertex 63.2107 26.7568 1.6
      vertex 63.2107 8.7432 1.6
      vertex 63.6485 8.8605 1.6
    endloop
  endfacet
  facet normal 0 0 1
    outer loop
      vertex 62.8 26.9483 1.6
      vertex 63.2107 8.7432 1.6
      vertex 63.2107 26.7568 1.6
    endloop
  endfacet
  facet normal 0 0 1
    outer loop
      vertex 62.8 26.9483 1.6
      vertex 62.8 8.55167 1.6
      vertex 63.2107 8.7432 1.6
    endloop
  endfacet
  facet normal 0 0 1
    outer loop
      vertex 62.4288 27.2083 1.6
      vertex 62.8 8.55167 1.6
      vertex 62.8 26.9483 1.6
    endloop
  endfacet
  facet normal 0 0 1
    outer loop
      vertex 62.4288 27.2083 1.6
      vertex 62.4288 8.29171 1.6
      vertex 62.8 8.55167 1.6
    endloop
  endfacet
  facet normal 0 0 1
    outer loop
      vertex 62.1083 27.5288 1.6
      vertex 62.4288 8.29171 1.6
      vertex 62.4288 27.2083 1.6
    endloop
  endfacet
  facet normal 0 0 1
    outer loop
      vertex 62.1083 27.5288 1.6
      vertex 62.1083 7.97125 1.6
      vertex 62.4288 8.29171 1.6
    endloop
  endfacet
  facet normal 0 0 1
    outer loop
      vertex 61.8483 27.9 1.6
      vertex 62.1083 7.97125 1.6
      vertex 62.1083 27.5288 1.6
    endloop
  endfacet
  facet normal 0 0 1
    outer loop
      vertex 61.8483 27.9 1.6
      vertex 61.8483 7.6 1.6
      vertex 62.1083 7.97125 1.6
    endloop
  endfacet
  facet normal 0 0 1
    outer loop
      vertex 61.6568 28.3107 1.6
      vertex 61.8483 7.6 1.6
      vertex 61.8483 27.9 1.6
    endloop
  endfacet
  facet normal 0 0 1
    outer loop
      vertex 61.6568 28.3107 1.6
      vertex 61.6568 7.18925 1.6
      vertex 61.8483 7.6 1.6
    endloop
  endfacet
  facet normal -0 0 1
    outer loop
      vertex 8.8605 28.6985 1.6
      vertex 61.6568 28.3107 1.6
      vertex 61.5395 28.7485 1.6
    endloop
  endfacet
  facet normal 0 0 1
    outer loop
      vertex 8.7432 28.2607 1.6
      vertex 61.6568 28.3107 1.6
      vertex 8.8605 28.6985 1.6
    endloop
  endfacet
  facet normal 0 0 1
    outer loop
      vertex 8.8605 28.6985 1.6
      vertex 61.5395 28.7485 1.6
      vertex 61.5 29.2 1.6
    endloop
  endfacet
  facet normal 0 0 1
    outer loop
      vertex 61.6568 28.3107 1.6
      vertex 8.7432 28.2607 1.6
      vertex 61.6568 7.18925 1.6
    endloop
  endfacet
  facet normal 0 0 1
    outer loop
      vertex 66.3517 30.5 1.6
      vertex 68.2 31 1.6
      vertex 68.1666 31.382 1.6
    endloop
  endfacet
  facet normal 0 0 1
    outer loop
      vertex 66.6605 28.7485 1.6
      vertex 68.2 31 1.6
      vertex 66.7 29.2 1.6
    endloop
  endfacet
  facet normal 0 0 1
    outer loop
      vertex 66.3517 30.5 1.6
      vertex 68.1666 31.382 1.6
      vertex 68.0673 31.7524 1.6
    endloop
  endfacet
  facet normal 0 0 1
    outer loop
      vertex 66.5432 28.3107 1.6
      vertex 68.2 31 1.6
      vertex 66.6605 28.7485 1.6
    endloop
  endfacet
  facet normal 0 0 1
    outer loop
      vertex 66.0917 30.8712 1.6
      vertex 68.0673 31.7524 1.6
      vertex 67.9053 32.1 1.6
    endloop
  endfacet
  facet normal -0 0 1
    outer loop
      vertex 66.6605 5.84851 1.6
      vertex 68.2 4.4 1.6
      vertex 66.7 6.3 1.6
    endloop
  endfacet
  facet normal 0 0 1
    outer loop
      vertex 66.0917 30.8712 1.6
      vertex 67.9053 32.1 1.6
      vertex 67.6853 32.4141 1.6
    endloop
  endfacet
  facet normal -0 0 1
    outer loop
      vertex 66.5432 5.41075 1.6
      vertex 68.2 4.4 1.6
      vertex 66.6605 5.84851 1.6
    endloop
  endfacet
  facet normal 0 0 1
    outer loop
      vertex 66.0917 30.8712 1.6
      vertex 67.6853 32.4141 1.6
      vertex 67.4141 32.6853 1.6
    endloop
  endfacet
  facet normal -0 0 1
    outer loop
      vertex 66.3517 5 1.6
      vertex 68.2 4.4 1.6
      vertex 66.5432 5.41075 1.6
    endloop
  endfacet
  facet normal 0 0 1
    outer loop
      vertex 65.7712 31.1917 1.6
      vertex 67.4141 32.6853 1.6
      vertex 67.1 32.9053 1.6
    endloop
  endfacet
  facet normal 0 0 1
    outer loop
      vertex 68.2 4.4 1.6
      vertex 66.3517 5 1.6
      vertex 68.1666 4.01797 1.6
    endloop
  endfacet
  facet normal 0 0 1
    outer loop
      vertex 65.7712 31.1917 1.6
      vertex 67.1 32.9053 1.6
      vertex 66.7524 33.0673 1.6
    endloop
  endfacet
  facet normal -0 0 1
    outer loop
      vertex 66.0917 4.62875 1.6
      vertex 68.1666 4.01797 1.6
      vertex 66.3517 5 1.6
    endloop
  endfacet
  facet normal 0 0 1
    outer loop
      vertex 68.1666 4.01797 1.6
      vertex 66.0917 4.62875 1.6
      vertex 68.0673 3.64756 1.6
    endloop
  endfacet
  facet normal 0 0 1
    outer loop
      vertex 68.2 31 1.6
      vertex 66.6605 29.6515 1.6
      vertex 66.7 29.2 1.6
    endloop
  endfacet
  facet normal 0 0 1
    outer loop
      vertex 68.2 31 1.6
      vertex 66.5432 30.0893 1.6
      vertex 66.6605 29.6515 1.6
    endloop
  endfacet
  facet normal 0 0 1
    outer loop
      vertex 65.7712 31.1917 1.6
      vertex 66.7524 33.0673 1.6
      vertex 66.382 33.1666 1.6
    endloop
  endfacet
  facet normal 0 0 1
    outer loop
      vertex 68.2 31 1.6
      vertex 66.3517 30.5 1.6
      vertex 66.5432 30.0893 1.6
    endloop
  endfacet
  facet normal 0 0 1
    outer loop
      vertex 68.0673 31.7524 1.6
      vertex 66.0917 30.8712 1.6
      vertex 66.3517 30.5 1.6
    endloop
  endfacet
  facet normal 0 0 1
    outer loop
      vertex 65.4 31.4517 1.6
      vertex 66.382 33.1666 1.6
      vertex 66 33.2 1.6
    endloop
  endfacet
  facet normal 0 0 1
    outer loop
      vertex 67.4141 32.6853 1.6
      vertex 65.7712 31.1917 1.6
      vertex 66.0917 30.8712 1.6
    endloop
  endfacet
  facet normal 0 0 1
    outer loop
      vertex 66.382 33.1666 1.6
      vertex 65.4 31.4517 1.6
      vertex 65.7712 31.1917 1.6
    endloop
  endfacet
  facet normal 0 0 1
    outer loop
      vertex 66 33.2 1.6
      vertex 64.9893 31.6432 1.6
      vertex 65.4 31.4517 1.6
    endloop
  endfacet
  facet normal 0 0 1
    outer loop
      vertex 66 33.2 1.6
      vertex 64.5515 31.7605 1.6
      vertex 64.9893 31.6432 1.6
    endloop
  endfacet
  facet normal 0 0 1
    outer loop
      vertex 66 33.2 1.6
      vertex 64.1 31.8 1.6
      vertex 64.5515 31.7605 1.6
    endloop
  endfacet
  facet normal 0 0 1
    outer loop
      vertex 66 33.2 1.6
      vertex 63.6485 31.7605 1.6
      vertex 64.1 31.8 1.6
    endloop
  endfacet
  facet normal 0 0 1
    outer loop
      vertex 66 33.2 1.6
      vertex 63.2107 31.6432 1.6
      vertex 63.6485 31.7605 1.6
    endloop
  endfacet
  facet normal 0 0 1
    outer loop
      vertex 66 33.2 1.6
      vertex 62.8 31.4517 1.6
      vertex 63.2107 31.6432 1.6
    endloop
  endfacet
  facet normal 0 0 1
    outer loop
      vertex 8.8605 28.6985 1.6
      vertex 61.5 29.2 1.6
      vertex 8.9 29.15 1.6
    endloop
  endfacet
  facet normal 0 0 1
    outer loop
      vertex 61.5395 29.6515 1.6
      vertex 8.9 29.15 1.6
      vertex 61.5 29.2 1.6
    endloop
  endfacet
  facet normal 0 0 1
    outer loop
      vertex 8.8605 29.6015 1.6
      vertex 61.5395 29.6515 1.6
      vertex 61.6568 30.0893 1.6
    endloop
  endfacet
  facet normal 0 0 1
    outer loop
      vertex 8.7432 30.0393 1.6
      vertex 61.6568 30.0893 1.6
      vertex 61.8483 30.5 1.6
    endloop
  endfacet
  facet normal 0 0 1
    outer loop
      vertex 8.55167 30.45 1.6
      vertex 61.8483 30.5 1.6
      vertex 62.1083 30.8712 1.6
    endloop
  endfacet
  facet normal 0 0 1
    outer loop
      vertex 8.29171 30.8212 1.6
      vertex 62.1083 30.8712 1.6
      vertex 62.4288 31.1917 1.6
    endloop
  endfacet
  facet normal 0 0 1
    outer loop
      vertex 7.97125 31.1417 1.6
      vertex 62.4288 31.1917 1.6
      vertex 62.8 31.4517 1.6
    endloop
  endfacet
  facet normal -0 0 1
    outer loop
      vertex 4.4 33.2 1.6
      vertex 62.8 31.4517 1.6
      vertex 66 33.2 1.6
    endloop
  endfacet
  facet normal 0 0 1
    outer loop
      vertex 61.5395 29.6515 1.6
      vertex 8.8605 29.6015 1.6
      vertex 8.9 29.15 1.6
    endloop
  endfacet
  facet normal 0 0 1
    outer loop
      vertex 61.6568 30.0893 1.6
      vertex 8.7432 30.0393 1.6
      vertex 8.8605 29.6015 1.6
    endloop
  endfacet
  facet normal 0 0 1
    outer loop
      vertex 61.8483 30.5 1.6
      vertex 8.55167 30.45 1.6
      vertex 8.7432 30.0393 1.6
    endloop
  endfacet
  facet normal 0 0 1
    outer loop
      vertex 62.1083 30.8712 1.6
      vertex 8.29171 30.8212 1.6
      vertex 8.55167 30.45 1.6
    endloop
  endfacet
  facet normal 0 0 1
    outer loop
      vertex 62.4288 31.1917 1.6
      vertex 7.97125 31.1417 1.6
      vertex 8.29171 30.8212 1.6
    endloop
  endfacet
  facet normal 0 0 1
    outer loop
      vertex 62.8 31.4517 1.6
      vertex 7.6 31.4017 1.6
      vertex 7.97125 31.1417 1.6
    endloop
  endfacet
  facet normal 0 0 1
    outer loop
      vertex 62.8 31.4517 1.6
      vertex 4.4 33.2 1.6
      vertex 7.6 31.4017 1.6
    endloop
  endfacet
  facet normal 0 0 1
    outer loop
      vertex 7.6 31.4017 1.6
      vertex 4.4 33.2 1.6
      vertex 7.18925 31.5932 1.6
    endloop
  endfacet
  facet normal 0 0 1
    outer loop
      vertex 7.18925 31.5932 1.6
      vertex 4.4 33.2 1.6
      vertex 6.75148 31.7105 1.6
    endloop
  endfacet
  facet normal 0 0 1
    outer loop
      vertex 6.75148 31.7105 1.6
      vertex 4.4 33.2 1.6
      vertex 6.3 31.75 1.6
    endloop
  endfacet
  facet normal 0 0 1
    outer loop
      vertex 4.4 33.2 1.6
      vertex 5.84851 31.7105 1.6
      vertex 6.3 31.75 1.6
    endloop
  endfacet
  facet normal 0 0 1
    outer loop
      vertex 4.4 33.2 1.6
      vertex 5.41075 31.5932 1.6
      vertex 5.84851 31.7105 1.6
    endloop
  endfacet
  facet normal 0 0 1
    outer loop
      vertex 4.4 33.2 1.6
      vertex 5 31.4017 1.6
      vertex 5.41075 31.5932 1.6
    endloop
  endfacet
  facet normal -0 0 1
    outer loop
      vertex 4.01797 33.1666 1.6
      vertex 5 31.4017 1.6
      vertex 4.4 33.2 1.6
    endloop
  endfacet
  facet normal 0 0 1
    outer loop
      vertex 5 31.4017 1.6
      vertex 4.01797 33.1666 1.6
      vertex 4.62875 31.1417 1.6
    endloop
  endfacet
  facet normal -0 0 1
    outer loop
      vertex 3.64756 33.0673 1.6
      vertex 4.62875 31.1417 1.6
      vertex 4.01797 33.1666 1.6
    endloop
  endfacet
  facet normal -0 0 1
    outer loop
      vertex 3.3 32.9053 1.6
      vertex 4.62875 31.1417 1.6
      vertex 3.64756 33.0673 1.6
    endloop
  endfacet
  facet normal -0 0 1
    outer loop
      vertex 2.98587 32.6853 1.6
      vertex 4.62875 31.1417 1.6
      vertex 3.3 32.9053 1.6
    endloop
  endfacet
  facet normal 0 0 1
    outer loop
      vertex 4.62875 31.1417 1.6
      vertex 2.98587 32.6853 1.6
      vertex 4.30828 30.8212 1.6
    endloop
  endfacet
  facet normal -0 0 1
    outer loop
      vertex 2.7147 32.4141 1.6
      vertex 4.30828 30.8212 1.6
      vertex 2.98587 32.6853 1.6
    endloop
  endfacet
  facet normal 0 0 1
    outer loop
      vertex 2.2 4.4 1.6
      vertex 3.8068 7.18925 1.6
      vertex 2.2 31 1.6
    endloop
  endfacet
  facet normal -0 0 1
    outer loop
      vertex 2.33268 31.7524 1.6
      vertex 4.30828 30.8212 1.6
      vertex 2.49474 32.1 1.6
    endloop
  endfacet
  facet normal -0 0 1
    outer loop
      vertex 2.49474 32.1 1.6
      vertex 4.30828 30.8212 1.6
      vertex 2.7147 32.4141 1.6
    endloop
  endfacet
  facet normal 0 0 1
    outer loop
      vertex 68.0673 3.64756 1.6
      vertex 66.0917 4.62875 1.6
      vertex 67.9053 3.3 1.6
    endloop
  endfacet
  facet normal 0 0 1
    outer loop
      vertex 67.9053 3.3 1.6
      vertex 66.0917 4.62875 1.6
      vertex 67.6853 2.98587 1.6
    endloop
  endfacet
  facet normal 0 0 1
    outer loop
      vertex 67.6853 2.98587 1.6
      vertex 66.0917 4.62875 1.6
      vertex 67.4141 2.7147 1.6
    endloop
  endfacet
  facet normal -0 0 1
    outer loop
      vertex 65.7712 4.30828 1.6
      vertex 67.4141 2.7147 1.6
      vertex 66.0917 4.62875 1.6
    endloop
  endfacet
  facet normal 0 0 1
    outer loop
      vertex 67.4141 2.7147 1.6
      vertex 65.7712 4.30828 1.6
      vertex 67.1 2.49474 1.6
    endloop
  endfacet
  facet normal 0 0 1
    outer loop
      vertex 67.1 2.49474 1.6
      vertex 65.7712 4.30828 1.6
      vertex 66.7524 2.33268 1.6
    endloop
  endfacet
  facet normal 0 0 1
    outer loop
      vertex 66.7524 2.33268 1.6
      vertex 65.7712 4.30828 1.6
      vertex 66.382 2.23342 1.6
    endloop
  endfacet
  facet normal -0 0 1
    outer loop
      vertex 65.4 4.04833 1.6
      vertex 66.382 2.23342 1.6
      vertex 65.7712 4.30828 1.6
    endloop
  endfacet
  facet normal 0 0 1
    outer loop
      vertex 66.382 2.23342 1.6
      vertex 65.4 4.04833 1.6
      vertex 66 2.2 1.6
    endloop
  endfacet
  facet normal -0 0 1
    outer loop
      vertex 64.9893 3.8568 1.6
      vertex 66 2.2 1.6
      vertex 65.4 4.04833 1.6
    endloop
  endfacet
  facet normal -0 0 1
    outer loop
      vertex 64.5515 3.7395 1.6
      vertex 66 2.2 1.6
      vertex 64.9893 3.8568 1.6
    endloop
  endfacet
  facet normal -0 0 1
    outer loop
      vertex 64.1 3.7 1.6
      vertex 66 2.2 1.6
      vertex 64.5515 3.7395 1.6
    endloop
  endfacet
  facet normal 0 0 1
    outer loop
      vertex 63.6485 3.7395 1.6
      vertex 66 2.2 1.6
      vertex 64.1 3.7 1.6
    endloop
  endfacet
  facet normal 0 0 1
    outer loop
      vertex 63.2107 3.8568 1.6
      vertex 66 2.2 1.6
      vertex 63.6485 3.7395 1.6
    endloop
  endfacet
  facet normal 0 0 1
    outer loop
      vertex 62.8 4.04833 1.6
      vertex 66 2.2 1.6
      vertex 63.2107 3.8568 1.6
    endloop
  endfacet
  facet normal 0 0 1
    outer loop
      vertex 8.8105 6.75148 1.6
      vertex 61.5395 6.75148 1.6
      vertex 61.6568 7.18925 1.6
    endloop
  endfacet
  facet normal 0 0 1
    outer loop
      vertex 61.5395 6.75148 1.6
      vertex 8.85 6.3 1.6
      vertex 61.5 6.3 1.6
    endloop
  endfacet
  facet normal 0 0 1
    outer loop
      vertex 61.5 6.3 1.6
      vertex 8.85 6.3 1.6
      vertex 61.5395 5.84851 1.6
    endloop
  endfacet
  facet normal 0 0 1
    outer loop
      vertex 8.8105 5.84851 1.6
      vertex 61.5395 5.84851 1.6
      vertex 8.85 6.3 1.6
    endloop
  endfacet
  facet normal 0 0 1
    outer loop
      vertex 61.5395 5.84851 1.6
      vertex 8.8105 5.84851 1.6
      vertex 61.6568 5.41075 1.6
    endloop
  endfacet
  facet normal 0 0 1
    outer loop
      vertex 8.6932 5.41075 1.6
      vertex 61.6568 5.41075 1.6
      vertex 8.8105 5.84851 1.6
    endloop
  endfacet
  facet normal 0 0 1
    outer loop
      vertex 61.6568 5.41075 1.6
      vertex 8.6932 5.41075 1.6
      vertex 61.8483 5 1.6
    endloop
  endfacet
  facet normal 0 0 1
    outer loop
      vertex 8.50167 5 1.6
      vertex 61.8483 5 1.6
      vertex 8.6932 5.41075 1.6
    endloop
  endfacet
  facet normal 0 0 1
    outer loop
      vertex 61.8483 5 1.6
      vertex 8.50167 5 1.6
      vertex 62.1083 4.62875 1.6
    endloop
  endfacet
  facet normal 0 0 1
    outer loop
      vertex 8.24172 4.62875 1.6
      vertex 62.1083 4.62875 1.6
      vertex 8.50167 5 1.6
    endloop
  endfacet
  facet normal 0 0 1
    outer loop
      vertex 62.1083 4.62875 1.6
      vertex 8.24172 4.62875 1.6
      vertex 62.4288 4.30828 1.6
    endloop
  endfacet
  facet normal 0 0 1
    outer loop
      vertex 7.92125 4.30828 1.6
      vertex 62.4288 4.30828 1.6
      vertex 8.24172 4.62875 1.6
    endloop
  endfacet
  facet normal 0 0 1
    outer loop
      vertex 62.4288 4.30828 1.6
      vertex 7.92125 4.30828 1.6
      vertex 62.8 4.04833 1.6
    endloop
  endfacet
  facet normal 0 0 1
    outer loop
      vertex 7.55 4.04833 1.6
      vertex 62.8 4.04833 1.6
      vertex 7.92125 4.30828 1.6
    endloop
  endfacet
  facet normal 0 0 1
    outer loop
      vertex 62.8 4.04833 1.6
      vertex 7.55 4.04833 1.6
      vertex 66 2.2 1.6
    endloop
  endfacet
  facet normal 0 0 1
    outer loop
      vertex 4.4 2.2 1.6
      vertex 7.55 4.04833 1.6
      vertex 7.13925 3.8568 1.6
    endloop
  endfacet
  facet normal 0 0 1
    outer loop
      vertex 4.4 2.2 1.6
      vertex 7.13925 3.8568 1.6
      vertex 6.70148 3.7395 1.6
    endloop
  endfacet
  facet normal 0 0 1
    outer loop
      vertex 4.4 2.2 1.6
      vertex 6.70148 3.7395 1.6
      vertex 6.25 3.7 1.6
    endloop
  endfacet
  facet normal 0 0 1
    outer loop
      vertex 7.55 4.04833 1.6
      vertex 4.4 2.2 1.6
      vertex 66 2.2 1.6
    endloop
  endfacet
  facet normal 0 0 1
    outer loop
      vertex 5.79851 3.7395 1.6
      vertex 4.4 2.2 1.6
      vertex 6.25 3.7 1.6
    endloop
  endfacet
  facet normal 0 0 1
    outer loop
      vertex 5.36075 3.8568 1.6
      vertex 4.4 2.2 1.6
      vertex 5.79851 3.7395 1.6
    endloop
  endfacet
  facet normal 0 0 1
    outer loop
      vertex 4.95 4.04833 1.6
      vertex 4.4 2.2 1.6
      vertex 5.36075 3.8568 1.6
    endloop
  endfacet
  facet normal 0 0 1
    outer loop
      vertex 4.01797 2.23342 1.6
      vertex 4.95 4.04833 1.6
      vertex 4.57875 4.30828 1.6
    endloop
  endfacet
  facet normal 0 0 1
    outer loop
      vertex 2.7147 2.98587 1.6
      vertex 4.57875 4.30828 1.6
      vertex 4.25828 4.62875 1.6
    endloop
  endfacet
  facet normal 0 0 1
    outer loop
      vertex 4.95 4.04833 1.6
      vertex 4.01797 2.23342 1.6
      vertex 4.4 2.2 1.6
    endloop
  endfacet
  facet normal 0 0 1
    outer loop
      vertex 2.23342 4.01797 1.6
      vertex 4.25828 4.62875 1.6
      vertex 3.99833 5 1.6
    endloop
  endfacet
  facet normal 0 0 1
    outer loop
      vertex 2.2 4.4 1.6
      vertex 3.99833 5 1.6
      vertex 3.8068 5.41075 1.6
    endloop
  endfacet
  facet normal 0 0 1
    outer loop
      vertex 2.2 4.4 1.6
      vertex 3.8068 5.41075 1.6
      vertex 3.6895 5.84851 1.6
    endloop
  endfacet
  facet normal 0 0 1
    outer loop
      vertex 4.57875 4.30828 1.6
      vertex 3.64756 2.33268 1.6
      vertex 4.01797 2.23342 1.6
    endloop
  endfacet
  facet normal 0 0 1
    outer loop
      vertex 2.2 4.4 1.6
      vertex 3.6895 5.84851 1.6
      vertex 3.65 6.3 1.6
    endloop
  endfacet
  facet normal 0 0 1
    outer loop
      vertex 3.8068 7.18925 1.6
      vertex 2.2 4.4 1.6
      vertex 3.6895 6.75148 1.6
    endloop
  endfacet
  facet normal -0 0 1
    outer loop
      vertex 2.23342 31.382 1.6
      vertex 4.30828 30.8212 1.6
      vertex 2.33268 31.7524 1.6
    endloop
  endfacet
  facet normal 0 0 1
    outer loop
      vertex 3.6895 6.75148 1.6
      vertex 2.2 4.4 1.6
      vertex 3.65 6.3 1.6
    endloop
  endfacet
  facet normal 0 0 1
    outer loop
      vertex 4.30828 30.8212 1.6
      vertex 2.23342 31.382 1.6
      vertex 4.04833 30.45 1.6
    endloop
  endfacet
  facet normal 0 0 1
    outer loop
      vertex 3.99833 5 1.6
      vertex 2.2 4.4 1.6
      vertex 2.23342 4.01797 1.6
    endloop
  endfacet
  facet normal -0 0 1
    outer loop
      vertex 2.2 31 1.6
      vertex 4.04833 30.45 1.6
      vertex 2.23342 31.382 1.6
    endloop
  endfacet
  facet normal 0 0 1
    outer loop
      vertex 4.57875 4.30828 1.6
      vertex 3.3 2.49474 1.6
      vertex 3.64756 2.33268 1.6
    endloop
  endfacet
  facet normal 0 0 1
    outer loop
      vertex 4.04833 30.45 1.6
      vertex 2.2 31 1.6
      vertex 3.8568 30.0393 1.6
    endloop
  endfacet
  facet normal 0 0 1
    outer loop
      vertex 4.57875 4.30828 1.6
      vertex 2.98587 2.7147 1.6
      vertex 3.3 2.49474 1.6
    endloop
  endfacet
  facet normal 0 0 1
    outer loop
      vertex 3.8568 30.0393 1.6
      vertex 2.2 31 1.6
      vertex 3.7395 29.6015 1.6
    endloop
  endfacet
  facet normal 0 0 1
    outer loop
      vertex 4.57875 4.30828 1.6
      vertex 2.7147 2.98587 1.6
      vertex 2.98587 2.7147 1.6
    endloop
  endfacet
  facet normal 0 0 1
    outer loop
      vertex 3.7395 29.6015 1.6
      vertex 2.2 31 1.6
      vertex 3.7 29.15 1.6
    endloop
  endfacet
  facet normal 0 0 1
    outer loop
      vertex 4.25828 4.62875 1.6
      vertex 2.49474 3.3 1.6
      vertex 2.7147 2.98587 1.6
    endloop
  endfacet
  facet normal 0 0 1
    outer loop
      vertex 4.25828 4.62875 1.6
      vertex 2.33268 3.64756 1.6
      vertex 2.49474 3.3 1.6
    endloop
  endfacet
  facet normal 0 0 1
    outer loop
      vertex 4.25828 4.62875 1.6
      vertex 2.23342 4.01797 1.6
      vertex 2.33268 3.64756 1.6
    endloop
  endfacet
  facet normal -1 0 0
    outer loop
      vertex 66.2 33.1825 2.2
      vertex 66.2 35.4 9.1
      vertex 66.2 35.4 2.2
    endloop
  endfacet
  facet normal -1 -0 0
    outer loop
      vertex 66.2 35.4 9.1
      vertex 66.2 33.1825 2.2
      vertex 66.2 33.1825 9.1
    endloop
  endfacet
  facet normal 0 0 1
    outer loop
      vertex 66.2 35.4 2.2
      vertex 66 33.2 2.2
      vertex 66.2 33.1825 2.2
    endloop
  endfacet
  facet normal 0 0 1
    outer loop
      vertex 66.2 35.4 2.2
      vertex 4.4 33.2 2.2
      vertex 66 33.2 2.2
    endloop
  endfacet
  facet normal -0 0 1
    outer loop
      vertex 4.2 35.4 2.2
      vertex 4.4 33.2 2.2
      vertex 66.2 35.4 2.2
    endloop
  endfacet
  facet normal 0 0 1
    outer loop
      vertex 4.4 33.2 2.2
      vertex 4.2 35.4 2.2
      vertex 4.2 33.1825 2.2
    endloop
  endfacet
  facet normal 1 -0 0
    outer loop
      vertex 4.2 33.1825 9.1
      vertex 4.2 35.4 2.2
      vertex 4.2 35.4 9.1
    endloop
  endfacet
  facet normal 1 0 0
    outer loop
      vertex 4.2 35.4 2.2
      vertex 4.2 33.1825 9.1
      vertex 4.2 33.1825 2.2
    endloop
  endfacet
  facet normal -1 0 0
    outer loop
      vertex 20.58 0 4.2
      vertex 20.58 2.2 9.1
      vertex 20.58 2.2 4.2
    endloop
  endfacet
  facet normal -1 -0 0
    outer loop
      vertex 20.58 2.2 9.1
      vertex 20.58 0 4.2
      vertex 20.58 0 9.1
    endloop
  endfacet
  facet normal -0 0 1
    outer loop
      vertex 9.68 2.2 4.2
      vertex 20.58 0 4.2
      vertex 20.58 2.2 4.2
    endloop
  endfacet
  facet normal 0 0 1
    outer loop
      vertex 20.58 0 4.2
      vertex 9.68 2.2 4.2
      vertex 9.68 0 4.2
    endloop
  endfacet
  facet normal 1 -0 0
    outer loop
      vertex 9.68 0 9.1
      vertex 9.68 2.2 4.2
      vertex 9.68 2.2 9.1
    endloop
  endfacet
  facet normal 1 0 0
    outer loop
      vertex 9.68 2.2 4.2
      vertex 9.68 0 9.1
      vertex 9.68 0 4.2
    endloop
  endfacet
  facet normal -1 0 0
    outer loop
      vertex 49.44 0 4.2
      vertex 49.44 2.2 9.1
      vertex 49.44 2.2 4.2
    endloop
  endfacet
  facet normal -1 -0 0
    outer loop
      vertex 49.44 2.2 9.1
      vertex 49.44 0 4.2
      vertex 49.44 0 9.1
    endloop
  endfacet
  facet normal -0 0 1
    outer loop
      vertex 38.93 2.2 4.2
      vertex 49.44 0 4.2
      vertex 49.44 2.2 4.2
    endloop
  endfacet
  facet normal 0 0 1
    outer loop
      vertex 49.44 0 4.2
      vertex 38.93 2.2 4.2
      vertex 38.93 0 4.2
    endloop
  endfacet
  facet normal 1 -0 0
    outer loop
      vertex 38.93 0 9.1
      vertex 38.93 2.2 4.2
      vertex 38.93 2.2 9.1
    endloop
  endfacet
  facet normal 1 0 0
    outer loop
      vertex 38.93 2.2 4.2
      vertex 38.93 0 9.1
      vertex 38.93 0 4.2
    endloop
  endfacet
  facet normal -1 0 0
    outer loop
      vertex 61.9 0 4.2
      vertex 61.9 2.2 9.1
      vertex 61.9 2.2 4.2
    endloop
  endfacet
  facet normal -1 -0 0
    outer loop
      vertex 61.9 2.2 9.1
      vertex 61.9 0 4.2
      vertex 61.9 0 9.1
    endloop
  endfacet
  facet normal -0 0 1
    outer loop
      vertex 51.51 2.2 4.2
      vertex 61.9 0 4.2
      vertex 61.9 2.2 4.2
    endloop
  endfacet
  facet normal 0 0 1
    outer loop
      vertex 61.9 0 4.2
      vertex 51.51 2.2 4.2
      vertex 51.51 0 4.2
    endloop
  endfacet
  facet normal 1 -0 0
    outer loop
      vertex 51.51 0 9.1
      vertex 51.51 2.2 4.2
      vertex 51.51 2.2 9.1
    endloop
  endfacet
  facet normal 1 0 0
    outer loop
      vertex 51.51 2.2 4.2
      vertex 51.51 0 9.1
      vertex 51.51 0 4.2
    endloop
  endfacet
  facet normal -0.0871552 0.996195 0
    outer loop
      vertex 6.25 8.9 1.6
      vertex 5.79851 8.8605 4
      vertex 6.25 8.9 4
    endloop
  endfacet
  facet normal -0.0871552 0.996195 0
    outer loop
      vertex 5.79851 8.8605 4
      vertex 6.25 8.9 1.6
      vertex 5.79851 8.8605 1.6
    endloop
  endfacet
  facet normal 0.965926 0.258819 0
    outer loop
      vertex 8.8105 6.75148 4
      vertex 8.6932 7.18925 1.6
      vertex 8.6932 7.18925 4
    endloop
  endfacet
  facet normal 0.965926 0.258819 0
    outer loop
      vertex 8.6932 7.18925 1.6
      vertex 8.8105 6.75148 4
      vertex 8.8105 6.75148 1.6
    endloop
  endfacet
  facet normal 0.996195 0.0871571 0
    outer loop
      vertex 8.85 6.3 4
      vertex 8.8105 6.75148 1.6
      vertex 8.8105 6.75148 4
    endloop
  endfacet
  facet normal 0.996195 0.0871571 0
    outer loop
      vertex 8.8105 6.75148 1.6
      vertex 8.85 6.3 4
      vertex 8.85 6.3 1.6
    endloop
  endfacet
  facet normal 0.906313 0.422608 0
    outer loop
      vertex 8.6932 7.18925 4
      vertex 8.50167 7.6 1.6
      vertex 8.50167 7.6 4
    endloop
  endfacet
  facet normal 0.906313 0.422608 0
    outer loop
      vertex 8.50167 7.6 1.6
      vertex 8.6932 7.18925 4
      vertex 8.6932 7.18925 1.6
    endloop
  endfacet
  facet normal 0.0871571 -0.996195 0
    outer loop
      vertex 6.25 3.7 1.6
      vertex 6.70148 3.7395 4
      vertex 6.25 3.7 4
    endloop
  endfacet
  facet normal 0.0871571 -0.996195 0
    outer loop
      vertex 6.70148 3.7395 4
      vertex 6.25 3.7 1.6
      vertex 6.70148 3.7395 1.6
    endloop
  endfacet
  facet normal 0.996195 -0.0871552 0
    outer loop
      vertex 8.8105 5.84851 4
      vertex 8.85 6.3 1.6
      vertex 8.85 6.3 4
    endloop
  endfacet
  facet normal 0.996195 -0.0871552 0
    outer loop
      vertex 8.85 6.3 1.6
      vertex 8.8105 5.84851 4
      vertex 8.8105 5.84851 1.6
    endloop
  endfacet
  facet normal 0.819154 0.573573 0
    outer loop
      vertex 8.50167 7.6 4
      vertex 8.24172 7.97125 1.6
      vertex 8.24172 7.97125 4
    endloop
  endfacet
  facet normal 0.819154 0.573573 0
    outer loop
      vertex 8.24172 7.97125 1.6
      vertex 8.50167 7.6 4
      vertex 8.50167 7.6 1.6
    endloop
  endfacet
  facet normal 0.258819 -0.965926 0
    outer loop
      vertex 6.70148 3.7395 1.6
      vertex 7.13925 3.8568 4
      vertex 6.70148 3.7395 4
    endloop
  endfacet
  facet normal 0.258819 -0.965926 0
    outer loop
      vertex 7.13925 3.8568 4
      vertex 6.70148 3.7395 1.6
      vertex 7.13925 3.8568 1.6
    endloop
  endfacet
  facet normal 0.819154 -0.573573 0
    outer loop
      vertex 8.24172 4.62875 4
      vertex 8.50167 5 1.6
      vertex 8.50167 5 4
    endloop
  endfacet
  facet normal 0.819154 -0.573573 0
    outer loop
      vertex 8.50167 5 1.6
      vertex 8.24172 4.62875 4
      vertex 8.24172 4.62875 1.6
    endloop
  endfacet
  facet normal 0.965924 -0.258824 0
    outer loop
      vertex 8.6932 5.41075 4
      vertex 8.8105 5.84851 1.6
      vertex 8.8105 5.84851 4
    endloop
  endfacet
  facet normal 0.965924 -0.258824 0
    outer loop
      vertex 8.8105 5.84851 1.6
      vertex 8.6932 5.41075 4
      vertex 8.6932 5.41075 1.6
    endloop
  endfacet
  facet normal -0.422608 0.906313 0
    outer loop
      vertex 5.36075 8.7432 1.6
      vertex 4.95 8.55167 4
      vertex 5.36075 8.7432 4
    endloop
  endfacet
  facet normal -0.422608 0.906313 0
    outer loop
      vertex 4.95 8.55167 4
      vertex 5.36075 8.7432 1.6
      vertex 4.95 8.55167 1.6
    endloop
  endfacet
  facet normal -0.906313 -0.422608 0
    outer loop
      vertex 3.99833 5 1.6
      vertex 3.8068 5.41075 4
      vertex 3.8068 5.41075 1.6
    endloop
  endfacet
  facet normal -0.906313 -0.422608 0
    outer loop
      vertex 3.8068 5.41075 4
      vertex 3.99833 5 1.6
      vertex 3.99833 5 4
    endloop
  endfacet
  facet normal -0.0871552 -0.996195 0
    outer loop
      vertex 5.79851 3.7395 1.6
      vertex 6.25 3.7 4
      vertex 5.79851 3.7395 4
    endloop
  endfacet
  facet normal -0.0871552 -0.996195 -0
    outer loop
      vertex 6.25 3.7 4
      vertex 5.79851 3.7395 1.6
      vertex 6.25 3.7 1.6
    endloop
  endfacet
  facet normal -0.258824 0.965924 0
    outer loop
      vertex 5.79851 8.8605 1.6
      vertex 5.36075 8.7432 4
      vertex 5.79851 8.8605 4
    endloop
  endfacet
  facet normal -0.258824 0.965924 0
    outer loop
      vertex 5.36075 8.7432 4
      vertex 5.79851 8.8605 1.6
      vertex 5.36075 8.7432 1.6
    endloop
  endfacet
  facet normal -0.965926 0.258819 0
    outer loop
      vertex 3.6895 6.75148 1.6
      vertex 3.8068 7.18925 4
      vertex 3.8068 7.18925 1.6
    endloop
  endfacet
  facet normal -0.965926 0.258819 0
    outer loop
      vertex 3.8068 7.18925 4
      vertex 3.6895 6.75148 1.6
      vertex 3.6895 6.75148 4
    endloop
  endfacet
  facet normal 0.906313 -0.422608 0
    outer loop
      vertex 8.50167 5 4
      vertex 8.6932 5.41075 1.6
      vertex 8.6932 5.41075 4
    endloop
  endfacet
  facet normal 0.906313 -0.422608 0
    outer loop
      vertex 8.6932 5.41075 1.6
      vertex 8.50167 5 4
      vertex 8.50167 5 1.6
    endloop
  endfacet
  facet normal -0.965924 -0.258824 0
    outer loop
      vertex 3.8068 5.41075 1.6
      vertex 3.6895 5.84851 4
      vertex 3.6895 5.84851 1.6
    endloop
  endfacet
  facet normal -0.965924 -0.258824 0
    outer loop
      vertex 3.6895 5.84851 4
      vertex 3.8068 5.41075 1.6
      vertex 3.8068 5.41075 4
    endloop
  endfacet
  facet normal -0.573588 0.819144 0
    outer loop
      vertex 4.95 8.55167 1.6
      vertex 4.57875 8.29171 4
      vertex 4.95 8.55167 4
    endloop
  endfacet
  facet normal -0.573588 0.819144 0
    outer loop
      vertex 4.57875 8.29171 4
      vertex 4.95 8.55167 1.6
      vertex 4.57875 8.29171 1.6
    endloop
  endfacet
  facet normal 0.422608 0.906313 -0
    outer loop
      vertex 7.55 8.55167 1.6
      vertex 7.13925 8.7432 4
      vertex 7.55 8.55167 4
    endloop
  endfacet
  facet normal 0.422608 0.906313 0
    outer loop
      vertex 7.13925 8.7432 4
      vertex 7.55 8.55167 1.6
      vertex 7.13925 8.7432 1.6
    endloop
  endfacet
  facet normal 0.422608 -0.906313 0
    outer loop
      vertex 7.13925 3.8568 1.6
      vertex 7.55 4.04833 4
      vertex 7.13925 3.8568 4
    endloop
  endfacet
  facet normal 0.422608 -0.906313 0
    outer loop
      vertex 7.55 4.04833 4
      vertex 7.13925 3.8568 1.6
      vertex 7.55 4.04833 1.6
    endloop
  endfacet
  facet normal -0.573573 -0.819154 0
    outer loop
      vertex 4.57875 4.30828 1.6
      vertex 4.95 4.04833 4
      vertex 4.57875 4.30828 4
    endloop
  endfacet
  facet normal -0.573573 -0.819154 -0
    outer loop
      vertex 4.95 4.04833 4
      vertex 4.57875 4.30828 1.6
      vertex 4.95 4.04833 1.6
    endloop
  endfacet
  facet normal -0.819154 -0.573573 0
    outer loop
      vertex 4.25828 4.62875 1.6
      vertex 3.99833 5 4
      vertex 3.99833 5 1.6
    endloop
  endfacet
  facet normal -0.819154 -0.573573 0
    outer loop
      vertex 3.99833 5 4
      vertex 4.25828 4.62875 1.6
      vertex 4.25828 4.62875 4
    endloop
  endfacet
  facet normal -0.707096 0.707118 0
    outer loop
      vertex 4.57875 8.29171 1.6
      vertex 4.25828 7.97125 4
      vertex 4.57875 8.29171 4
    endloop
  endfacet
  facet normal -0.707096 0.707118 0
    outer loop
      vertex 4.25828 7.97125 4
      vertex 4.57875 8.29171 1.6
      vertex 4.25828 7.97125 1.6
    endloop
  endfacet
  facet normal 0.707096 0.707118 -0
    outer loop
      vertex 8.24172 7.97125 1.6
      vertex 7.92125 8.29171 4
      vertex 8.24172 7.97125 4
    endloop
  endfacet
  facet normal 0.707096 0.707118 0
    outer loop
      vertex 7.92125 8.29171 4
      vertex 8.24172 7.97125 1.6
      vertex 7.92125 8.29171 1.6
    endloop
  endfacet
  facet normal 0.573588 0.819144 -0
    outer loop
      vertex 7.92125 8.29171 1.6
      vertex 7.55 8.55167 4
      vertex 7.92125 8.29171 4
    endloop
  endfacet
  facet normal 0.573588 0.819144 0
    outer loop
      vertex 7.55 8.55167 4
      vertex 7.92125 8.29171 1.6
      vertex 7.55 8.55167 1.6
    endloop
  endfacet
  facet normal -0.707107 -0.707107 0
    outer loop
      vertex 4.57875 4.30828 1.6
      vertex 4.25828 4.62875 4
      vertex 4.25828 4.62875 1.6
    endloop
  endfacet
  facet normal -0.707107 -0.707107 0
    outer loop
      vertex 4.25828 4.62875 4
      vertex 4.57875 4.30828 1.6
      vertex 4.57875 4.30828 4
    endloop
  endfacet
  facet normal 0.573573 -0.819154 0
    outer loop
      vertex 7.55 4.04833 1.6
      vertex 7.92125 4.30828 4
      vertex 7.55 4.04833 4
    endloop
  endfacet
  facet normal 0.573573 -0.819154 0
    outer loop
      vertex 7.92125 4.30828 4
      vertex 7.55 4.04833 1.6
      vertex 7.92125 4.30828 1.6
    endloop
  endfacet
  facet normal -0.996195 -0.0871552 0
    outer loop
      vertex 3.6895 5.84851 1.6
      vertex 3.65 6.3 4
      vertex 3.65 6.3 1.6
    endloop
  endfacet
  facet normal -0.996195 -0.0871552 0
    outer loop
      vertex 3.65 6.3 4
      vertex 3.6895 5.84851 1.6
      vertex 3.6895 5.84851 4
    endloop
  endfacet
  facet normal 0.258819 0.965926 -0
    outer loop
      vertex 7.13925 8.7432 1.6
      vertex 6.70148 8.8605 4
      vertex 7.13925 8.7432 4
    endloop
  endfacet
  facet normal 0.258819 0.965926 0
    outer loop
      vertex 6.70148 8.8605 4
      vertex 7.13925 8.7432 1.6
      vertex 6.70148 8.8605 1.6
    endloop
  endfacet
  facet normal -0.819154 0.573573 0
    outer loop
      vertex 3.99833 7.6 1.6
      vertex 4.25828 7.97125 4
      vertex 4.25828 7.97125 1.6
    endloop
  endfacet
  facet normal -0.819154 0.573573 0
    outer loop
      vertex 4.25828 7.97125 4
      vertex 3.99833 7.6 1.6
      vertex 3.99833 7.6 4
    endloop
  endfacet
  facet normal 0.0871571 0.996195 -0
    outer loop
      vertex 6.70148 8.8605 1.6
      vertex 6.25 8.9 4
      vertex 6.70148 8.8605 4
    endloop
  endfacet
  facet normal 0.0871571 0.996195 0
    outer loop
      vertex 6.25 8.9 4
      vertex 6.70148 8.8605 1.6
      vertex 6.25 8.9 1.6
    endloop
  endfacet
  facet normal 0.707107 -0.707107 0
    outer loop
      vertex 7.92125 4.30828 4
      vertex 8.24172 4.62875 1.6
      vertex 8.24172 4.62875 4
    endloop
  endfacet
  facet normal 0.707107 -0.707107 0
    outer loop
      vertex 8.24172 4.62875 1.6
      vertex 7.92125 4.30828 4
      vertex 7.92125 4.30828 1.6
    endloop
  endfacet
  facet normal -0.996195 0.0871571 0
    outer loop
      vertex 3.65 6.3 1.6
      vertex 3.6895 6.75148 4
      vertex 3.6895 6.75148 1.6
    endloop
  endfacet
  facet normal -0.996195 0.0871571 0
    outer loop
      vertex 3.6895 6.75148 4
      vertex 3.65 6.3 1.6
      vertex 3.65 6.3 4
    endloop
  endfacet
  facet normal -0.258824 -0.965924 0
    outer loop
      vertex 5.36075 3.8568 1.6
      vertex 5.79851 3.7395 4
      vertex 5.36075 3.8568 4
    endloop
  endfacet
  facet normal -0.258824 -0.965924 -0
    outer loop
      vertex 5.79851 3.7395 4
      vertex 5.36075 3.8568 1.6
      vertex 5.79851 3.7395 1.6
    endloop
  endfacet
  facet normal 0 0 1
    outer loop
      vertex 8.8105 6.75148 4
      vertex 8.8105 5.84851 4
      vertex 8.85 6.3 4
    endloop
  endfacet
  facet normal 0 0 1
    outer loop
      vertex 8.6932 7.18925 4
      vertex 8.8105 5.84851 4
      vertex 8.8105 6.75148 4
    endloop
  endfacet
  facet normal 0 0 1
    outer loop
      vertex 8.6932 7.18925 4
      vertex 8.6932 5.41075 4
      vertex 8.8105 5.84851 4
    endloop
  endfacet
  facet normal 0 0 1
    outer loop
      vertex 8.50167 7.6 4
      vertex 8.6932 5.41075 4
      vertex 8.6932 7.18925 4
    endloop
  endfacet
  facet normal 0 0 1
    outer loop
      vertex 8.50167 7.6 4
      vertex 8.50167 5 4
      vertex 8.6932 5.41075 4
    endloop
  endfacet
  facet normal 0 0 1
    outer loop
      vertex 8.24172 7.97125 4
      vertex 8.50167 5 4
      vertex 8.50167 7.6 4
    endloop
  endfacet
  facet normal 0 0 1
    outer loop
      vertex 8.24172 7.97125 4
      vertex 8.24172 4.62875 4
      vertex 8.50167 5 4
    endloop
  endfacet
  facet normal 0 0 1
    outer loop
      vertex 7.92125 8.29171 4
      vertex 8.24172 4.62875 4
      vertex 8.24172 7.97125 4
    endloop
  endfacet
  facet normal 0 0 1
    outer loop
      vertex 7.92125 8.29171 4
      vertex 7.92125 4.30828 4
      vertex 8.24172 4.62875 4
    endloop
  endfacet
  facet normal 0 0 1
    outer loop
      vertex 7.55 8.55167 4
      vertex 7.92125 4.30828 4
      vertex 7.92125 8.29171 4
    endloop
  endfacet
  facet normal 0 0 1
    outer loop
      vertex 7.55 8.55167 4
      vertex 7.55 4.04833 4
      vertex 7.92125 4.30828 4
    endloop
  endfacet
  facet normal 0 0 1
    outer loop
      vertex 7.13925 8.7432 4
      vertex 7.55 4.04833 4
      vertex 7.55 8.55167 4
    endloop
  endfacet
  facet normal 0 0 1
    outer loop
      vertex 7.13925 8.7432 4
      vertex 7.13925 3.8568 4
      vertex 7.55 4.04833 4
    endloop
  endfacet
  facet normal 0 0 1
    outer loop
      vertex 6.70148 8.8605 4
      vertex 7.13925 3.8568 4
      vertex 7.13925 8.7432 4
    endloop
  endfacet
  facet normal 0 0 1
    outer loop
      vertex 6.70148 8.8605 4
      vertex 6.70148 3.7395 4
      vertex 7.13925 3.8568 4
    endloop
  endfacet
  facet normal 0 0 1
    outer loop
      vertex 6.25 8.9 4
      vertex 6.70148 3.7395 4
      vertex 6.70148 8.8605 4
    endloop
  endfacet
  facet normal 0 0 1
    outer loop
      vertex 6.25 8.9 4
      vertex 6.25 3.7 4
      vertex 6.70148 3.7395 4
    endloop
  endfacet
  facet normal -0 0 1
    outer loop
      vertex 5.79851 8.8605 4
      vertex 6.25 3.7 4
      vertex 6.25 8.9 4
    endloop
  endfacet
  facet normal 0 0 1
    outer loop
      vertex 5.79851 8.8605 4
      vertex 5.79851 3.7395 4
      vertex 6.25 3.7 4
    endloop
  endfacet
  facet normal -0 0 1
    outer loop
      vertex 5.36075 8.7432 4
      vertex 5.79851 3.7395 4
      vertex 5.79851 8.8605 4
    endloop
  endfacet
  facet normal 0 0 1
    outer loop
      vertex 5.36075 8.7432 4
      vertex 5.36075 3.8568 4
      vertex 5.79851 3.7395 4
    endloop
  endfacet
  facet normal -0 0 1
    outer loop
      vertex 4.95 8.55167 4
      vertex 5.36075 3.8568 4
      vertex 5.36075 8.7432 4
    endloop
  endfacet
  facet normal 0 0 1
    outer loop
      vertex 4.95 8.55167 4
      vertex 4.95 4.04833 4
      vertex 5.36075 3.8568 4
    endloop
  endfacet
  facet normal -0 0 1
    outer loop
      vertex 4.57875 8.29171 4
      vertex 4.95 4.04833 4
      vertex 4.95 8.55167 4
    endloop
  endfacet
  facet normal 0 0 1
    outer loop
      vertex 4.57875 8.29171 4
      vertex 4.57875 4.30828 4
      vertex 4.95 4.04833 4
    endloop
  endfacet
  facet normal -0 0 1
    outer loop
      vertex 4.25828 7.97125 4
      vertex 4.57875 4.30828 4
      vertex 4.57875 8.29171 4
    endloop
  endfacet
  facet normal 0 0 1
    outer loop
      vertex 4.25828 7.97125 4
      vertex 4.25828 4.62875 4
      vertex 4.57875 4.30828 4
    endloop
  endfacet
  facet normal -0 0 1
    outer loop
      vertex 3.99833 7.6 4
      vertex 4.25828 4.62875 4
      vertex 4.25828 7.97125 4
    endloop
  endfacet
  facet normal 0 0 1
    outer loop
      vertex 3.99833 7.6 4
      vertex 3.99833 5 4
      vertex 4.25828 4.62875 4
    endloop
  endfacet
  facet normal -0 0 1
    outer loop
      vertex 3.8068 7.18925 4
      vertex 3.99833 5 4
      vertex 3.99833 7.6 4
    endloop
  endfacet
  facet normal 0 0 1
    outer loop
      vertex 3.8068 7.18925 4
      vertex 3.8068 5.41075 4
      vertex 3.99833 5 4
    endloop
  endfacet
  facet normal -0 0 1
    outer loop
      vertex 3.6895 6.75148 4
      vertex 3.8068 5.41075 4
      vertex 3.8068 7.18925 4
    endloop
  endfacet
  facet normal 0 0 1
    outer loop
      vertex 3.6895 6.75148 4
      vertex 3.6895 5.84851 4
      vertex 3.8068 5.41075 4
    endloop
  endfacet
  facet normal 0 -0 1
    outer loop
      vertex 3.6895 5.84851 4
      vertex 3.6895 6.75148 4
      vertex 3.65 6.3 4
    endloop
  endfacet
  facet normal -0.906313 0.422608 0
    outer loop
      vertex 3.8068 7.18925 1.6
      vertex 3.99833 7.6 4
      vertex 3.99833 7.6 1.6
    endloop
  endfacet
  facet normal -0.906313 0.422608 0
    outer loop
      vertex 3.99833 7.6 4
      vertex 3.8068 7.18925 1.6
      vertex 3.8068 7.18925 4
    endloop
  endfacet
  facet normal -0.422608 -0.906313 0
    outer loop
      vertex 4.95 4.04833 1.6
      vertex 5.36075 3.8568 4
      vertex 4.95 4.04833 4
    endloop
  endfacet
  facet normal -0.422608 -0.906313 -0
    outer loop
      vertex 5.36075 3.8568 4
      vertex 4.95 4.04833 1.6
      vertex 5.36075 3.8568 1.6
    endloop
  endfacet
  facet normal -0.0871552 0.996195 0
    outer loop
      vertex 6.3 31.75 1.6
      vertex 5.84851 31.7105 4
      vertex 6.3 31.75 4
    endloop
  endfacet
  facet normal -0.0871552 0.996195 0
    outer loop
      vertex 5.84851 31.7105 4
      vertex 6.3 31.75 1.6
      vertex 5.84851 31.7105 1.6
    endloop
  endfacet
  facet normal 0.96593 0.258802 0
    outer loop
      vertex 8.8605 29.6015 4
      vertex 8.7432 30.0393 1.6
      vertex 8.7432 30.0393 4
    endloop
  endfacet
  facet normal 0.96593 0.258802 0
    outer loop
      vertex 8.7432 30.0393 1.6
      vertex 8.8605 29.6015 4
      vertex 8.8605 29.6015 1.6
    endloop
  endfacet
  facet normal 0.996195 0.0871533 0
    outer loop
      vertex 8.9 29.15 4
      vertex 8.8605 29.6015 1.6
      vertex 8.8605 29.6015 4
    endloop
  endfacet
  facet normal 0.996195 0.0871533 0
    outer loop
      vertex 8.8605 29.6015 1.6
      vertex 8.9 29.15 4
      vertex 8.9 29.15 1.6
    endloop
  endfacet
  facet normal 0.906293 0.42265 0
    outer loop
      vertex 8.7432 30.0393 4
      vertex 8.55167 30.45 1.6
      vertex 8.55167 30.45 4
    endloop
  endfacet
  facet normal 0.906293 0.42265 0
    outer loop
      vertex 8.55167 30.45 1.6
      vertex 8.7432 30.0393 4
      vertex 8.7432 30.0393 1.6
    endloop
  endfacet
  facet normal 0.906293 -0.42265 0
    outer loop
      vertex 8.55167 27.85 4
      vertex 8.7432 28.2607 1.6
      vertex 8.7432 28.2607 4
    endloop
  endfacet
  facet normal 0.906293 -0.42265 0
    outer loop
      vertex 8.7432 28.2607 1.6
      vertex 8.55167 27.85 4
      vertex 8.55167 27.85 1.6
    endloop
  endfacet
  facet normal -0.0871552 -0.996195 0
    outer loop
      vertex 5.84851 26.5895 1.6
      vertex 6.3 26.55 4
      vertex 5.84851 26.5895 4
    endloop
  endfacet
  facet normal -0.0871552 -0.996195 -0
    outer loop
      vertex 6.3 26.55 4
      vertex 5.84851 26.5895 1.6
      vertex 6.3 26.55 1.6
    endloop
  endfacet
  facet normal -0.258824 0.965924 0
    outer loop
      vertex 5.84851 31.7105 1.6
      vertex 5.41075 31.5932 4
      vertex 5.84851 31.7105 4
    endloop
  endfacet
  facet normal -0.258824 0.965924 0
    outer loop
      vertex 5.41075 31.5932 4
      vertex 5.84851 31.7105 1.6
      vertex 5.41075 31.5932 1.6
    endloop
  endfacet
  facet normal 0.996195 -0.0871533 0
    outer loop
      vertex 8.8605 28.6985 4
      vertex 8.9 29.15 1.6
      vertex 8.9 29.15 4
    endloop
  endfacet
  facet normal 0.996195 -0.0871533 0
    outer loop
      vertex 8.9 29.15 1.6
      vertex 8.8605 28.6985 4
      vertex 8.8605 28.6985 1.6
    endloop
  endfacet
  facet normal -0.422553 0.906338 0
    outer loop
      vertex 5.41075 31.5932 1.6
      vertex 5 31.4017 4
      vertex 5.41075 31.5932 4
    endloop
  endfacet
  facet normal -0.422553 0.906338 0
    outer loop
      vertex 5 31.4017 4
      vertex 5.41075 31.5932 1.6
      vertex 5 31.4017 1.6
    endloop
  endfacet
  facet normal 0.258819 -0.965926 0
    outer loop
      vertex 6.75148 26.5895 1.6
      vertex 7.18925 26.7068 4
      vertex 6.75148 26.5895 4
    endloop
  endfacet
  facet normal 0.258819 -0.965926 0
    outer loop
      vertex 7.18925 26.7068 4
      vertex 6.75148 26.5895 1.6
      vertex 7.18925 26.7068 1.6
    endloop
  endfacet
  facet normal 0.258819 0.965926 -0
    outer loop
      vertex 7.18925 31.5932 1.6
      vertex 6.75148 31.7105 4
      vertex 7.18925 31.5932 4
    endloop
  endfacet
  facet normal 0.258819 0.965926 0
    outer loop
      vertex 6.75148 31.7105 4
      vertex 7.18925 31.5932 1.6
      vertex 6.75148 31.7105 1.6
    endloop
  endfacet
  facet normal 0.573647 -0.819102 0
    outer loop
      vertex 7.6 26.8983 1.6
      vertex 7.97125 27.1583 4
      vertex 7.6 26.8983 4
    endloop
  endfacet
  facet normal 0.573647 -0.819102 0
    outer loop
      vertex 7.97125 27.1583 4
      vertex 7.6 26.8983 1.6
      vertex 7.97125 27.1583 1.6
    endloop
  endfacet
  facet normal -0.906293 -0.42265 0
    outer loop
      vertex 4.04833 27.85 1.6
      vertex 3.8568 28.2607 4
      vertex 3.8568 28.2607 1.6
    endloop
  endfacet
  facet normal -0.906293 -0.42265 0
    outer loop
      vertex 3.8568 28.2607 4
      vertex 4.04833 27.85 1.6
      vertex 4.04833 27.85 4
    endloop
  endfacet
  facet normal 0.819107 -0.57364 0
    outer loop
      vertex 8.29171 27.4788 4
      vertex 8.55167 27.85 1.6
      vertex 8.55167 27.85 4
    endloop
  endfacet
  facet normal 0.819107 -0.57364 0
    outer loop
      vertex 8.55167 27.85 1.6
      vertex 8.29171 27.4788 4
      vertex 8.29171 27.4788 1.6
    endloop
  endfacet
  facet normal 0.422553 0.906338 -0
    outer loop
      vertex 7.6 31.4017 1.6
      vertex 7.18925 31.5932 4
      vertex 7.6 31.4017 4
    endloop
  endfacet
  facet normal 0.422553 0.906338 0
    outer loop
      vertex 7.18925 31.5932 4
      vertex 7.6 31.4017 1.6
      vertex 7.18925 31.5932 1.6
    endloop
  endfacet
  facet normal 0.0871571 0.996195 -0
    outer loop
      vertex 6.75148 31.7105 1.6
      vertex 6.3 31.75 4
      vertex 6.75148 31.7105 4
    endloop
  endfacet
  facet normal 0.0871571 0.996195 0
    outer loop
      vertex 6.3 31.75 4
      vertex 6.75148 31.7105 1.6
      vertex 6.3 31.75 1.6
    endloop
  endfacet
  facet normal 0 0 1
    outer loop
      vertex 8.8605 29.6015 4
      vertex 8.8605 28.6985 4
      vertex 8.9 29.15 4
    endloop
  endfacet
  facet normal 0 0 1
    outer loop
      vertex 8.7432 30.0393 4
      vertex 8.8605 28.6985 4
      vertex 8.8605 29.6015 4
    endloop
  endfacet
  facet normal 0 0 1
    outer loop
      vertex 8.7432 30.0393 4
      vertex 8.7432 28.2607 4
      vertex 8.8605 28.6985 4
    endloop
  endfacet
  facet normal 0 0 1
    outer loop
      vertex 8.55167 30.45 4
      vertex 8.7432 28.2607 4
      vertex 8.7432 30.0393 4
    endloop
  endfacet
  facet normal 0 0 1
    outer loop
      vertex 8.55167 30.45 4
      vertex 8.55167 27.85 4
      vertex 8.7432 28.2607 4
    endloop
  endfacet
  facet normal 0 0 1
    outer loop
      vertex 8.29171 30.8212 4
      vertex 8.55167 27.85 4
      vertex 8.55167 30.45 4
    endloop
  endfacet
  facet normal 0 0 1
    outer loop
      vertex 8.29171 30.8212 4
      vertex 8.29171 27.4788 4
      vertex 8.55167 27.85 4
    endloop
  endfacet
  facet normal 0 0 1
    outer loop
      vertex 7.97125 31.1417 4
      vertex 8.29171 27.4788 4
      vertex 8.29171 30.8212 4
    endloop
  endfacet
  facet normal 0 0 1
    outer loop
      vertex 7.97125 31.1417 4
      vertex 7.97125 27.1583 4
      vertex 8.29171 27.4788 4
    endloop
  endfacet
  facet normal 0 0 1
    outer loop
      vertex 7.6 31.4017 4
      vertex 7.97125 27.1583 4
      vertex 7.97125 31.1417 4
    endloop
  endfacet
  facet normal 0 0 1
    outer loop
      vertex 7.6 31.4017 4
      vertex 7.6 26.8983 4
      vertex 7.97125 27.1583 4
    endloop
  endfacet
  facet normal 0 0 1
    outer loop
      vertex 7.18925 31.5932 4
      vertex 7.6 26.8983 4
      vertex 7.6 31.4017 4
    endloop
  endfacet
  facet normal 0 0 1
    outer loop
      vertex 7.18925 31.5932 4
      vertex 7.18925 26.7068 4
      vertex 7.6 26.8983 4
    endloop
  endfacet
  facet normal 0 0 1
    outer loop
      vertex 6.75148 31.7105 4
      vertex 7.18925 26.7068 4
      vertex 7.18925 31.5932 4
    endloop
  endfacet
  facet normal 0 0 1
    outer loop
      vertex 6.75148 31.7105 4
      vertex 6.75148 26.5895 4
      vertex 7.18925 26.7068 4
    endloop
  endfacet
  facet normal 0 0 1
    outer loop
      vertex 6.3 31.75 4
      vertex 6.75148 26.5895 4
      vertex 6.75148 31.7105 4
    endloop
  endfacet
  facet normal 0 0 1
    outer loop
      vertex 6.3 31.75 4
      vertex 6.3 26.55 4
      vertex 6.75148 26.5895 4
    endloop
  endfacet
  facet normal -0 0 1
    outer loop
      vertex 5.84851 31.7105 4
      vertex 6.3 26.55 4
      vertex 6.3 31.75 4
    endloop
  endfacet
  facet normal 0 0 1
    outer loop
      vertex 5.84851 31.7105 4
      vertex 5.84851 26.5895 4
      vertex 6.3 26.55 4
    endloop
  endfacet
  facet normal -0 0 1
    outer loop
      vertex 5.41075 31.5932 4
      vertex 5.84851 26.5895 4
      vertex 5.84851 31.7105 4
    endloop
  endfacet
  facet normal 0 0 1
    outer loop
      vertex 5.41075 31.5932 4
      vertex 5.41075 26.7068 4
      vertex 5.84851 26.5895 4
    endloop
  endfacet
  facet normal -0 0 1
    outer loop
      vertex 5 31.4017 4
      vertex 5.41075 26.7068 4
      vertex 5.41075 31.5932 4
    endloop
  endfacet
  facet normal 0 0 1
    outer loop
      vertex 5 31.4017 4
      vertex 5 26.8983 4
      vertex 5.41075 26.7068 4
    endloop
  endfacet
  facet normal -0 0 1
    outer loop
      vertex 4.62875 31.1417 4
      vertex 5 26.8983 4
      vertex 5 31.4017 4
    endloop
  endfacet
  facet normal 0 0 1
    outer loop
      vertex 4.62875 31.1417 4
      vertex 4.62875 27.1583 4
      vertex 5 26.8983 4
    endloop
  endfacet
  facet normal -0 0 1
    outer loop
      vertex 4.30828 30.8212 4
      vertex 4.62875 27.1583 4
      vertex 4.62875 31.1417 4
    endloop
  endfacet
  facet normal 0 0 1
    outer loop
      vertex 4.30828 30.8212 4
      vertex 4.30828 27.4788 4
      vertex 4.62875 27.1583 4
    endloop
  endfacet
  facet normal -0 0 1
    outer loop
      vertex 4.04833 30.45 4
      vertex 4.30828 27.4788 4
      vertex 4.30828 30.8212 4
    endloop
  endfacet
  facet normal 0 0 1
    outer loop
      vertex 4.04833 30.45 4
      vertex 4.04833 27.85 4
      vertex 4.30828 27.4788 4
    endloop
  endfacet
  facet normal -0 0 1
    outer loop
      vertex 3.8568 30.0393 4
      vertex 4.04833 27.85 4
      vertex 4.04833 30.45 4
    endloop
  endfacet
  facet normal 0 0 1
    outer loop
      vertex 3.8568 30.0393 4
      vertex 3.8568 28.2607 4
      vertex 4.04833 27.85 4
    endloop
  endfacet
  facet normal -0 0 1
    outer loop
      vertex 3.7395 29.6015 4
      vertex 3.8568 28.2607 4
      vertex 3.8568 30.0393 4
    endloop
  endfacet
  facet normal 0 0 1
    outer loop
      vertex 3.7395 29.6015 4
      vertex 3.7395 28.6985 4
      vertex 3.8568 28.2607 4
    endloop
  endfacet
  facet normal 0 -0 1
    outer loop
      vertex 3.7395 28.6985 4
      vertex 3.7395 29.6015 4
      vertex 3.7 29.15 4
    endloop
  endfacet
  facet normal -0.996195 -0.0871533 0
    outer loop
      vertex 3.7395 28.6985 1.6
      vertex 3.7 29.15 4
      vertex 3.7 29.15 1.6
    endloop
  endfacet
  facet normal -0.996195 -0.0871533 0
    outer loop
      vertex 3.7 29.15 4
      vertex 3.7395 28.6985 1.6
      vertex 3.7395 28.6985 4
    endloop
  endfacet
  facet normal -0.573647 0.819102 0
    outer loop
      vertex 5 31.4017 1.6
      vertex 4.62875 31.1417 4
      vertex 5 31.4017 4
    endloop
  endfacet
  facet normal -0.573647 0.819102 0
    outer loop
      vertex 4.62875 31.1417 4
      vertex 5 31.4017 1.6
      vertex 4.62875 31.1417 1.6
    endloop
  endfacet
  facet normal -0.258824 -0.965924 0
    outer loop
      vertex 5.41075 26.7068 1.6
      vertex 5.84851 26.5895 4
      vertex 5.41075 26.7068 4
    endloop
  endfacet
  facet normal -0.258824 -0.965924 -0
    outer loop
      vertex 5.84851 26.5895 4
      vertex 5.41075 26.7068 1.6
      vertex 5.84851 26.5895 1.6
    endloop
  endfacet
  facet normal -0.70714 0.707074 0
    outer loop
      vertex 4.30828 30.8212 1.6
      vertex 4.62875 31.1417 4
      vertex 4.62875 31.1417 1.6
    endloop
  endfacet
  facet normal -0.70714 0.707074 0
    outer loop
      vertex 4.62875 31.1417 4
      vertex 4.30828 30.8212 1.6
      vertex 4.30828 30.8212 4
    endloop
  endfacet
  facet normal 0.819107 0.57364 0
    outer loop
      vertex 8.55167 30.45 4
      vertex 8.29171 30.8212 1.6
      vertex 8.29171 30.8212 4
    endloop
  endfacet
  facet normal 0.819107 0.57364 0
    outer loop
      vertex 8.29171 30.8212 1.6
      vertex 8.55167 30.45 4
      vertex 8.55167 30.45 1.6
    endloop
  endfacet
  facet normal 0.707151 0.707063 0
    outer loop
      vertex 8.29171 30.8212 4
      vertex 7.97125 31.1417 1.6
      vertex 7.97125 31.1417 4
    endloop
  endfacet
  facet normal 0.707151 0.707063 0
    outer loop
      vertex 7.97125 31.1417 1.6
      vertex 8.29171 30.8212 4
      vertex 8.29171 30.8212 1.6
    endloop
  endfacet
  facet normal -0.573647 -0.819102 0
    outer loop
      vertex 4.62875 27.1583 1.6
      vertex 5 26.8983 4
      vertex 4.62875 27.1583 4
    endloop
  endfacet
  facet normal -0.573647 -0.819102 -0
    outer loop
      vertex 5 26.8983 4
      vertex 4.62875 27.1583 1.6
      vertex 5 26.8983 1.6
    endloop
  endfacet
  facet normal 0.573647 0.819102 -0
    outer loop
      vertex 7.97125 31.1417 1.6
      vertex 7.6 31.4017 4
      vertex 7.97125 31.1417 4
    endloop
  endfacet
  facet normal 0.573647 0.819102 0
    outer loop
      vertex 7.6 31.4017 4
      vertex 7.97125 31.1417 1.6
      vertex 7.6 31.4017 1.6
    endloop
  endfacet
  facet normal 0.0871571 -0.996195 0
    outer loop
      vertex 6.3 26.55 1.6
      vertex 6.75148 26.5895 4
      vertex 6.3 26.55 4
    endloop
  endfacet
  facet normal 0.0871571 -0.996195 0
    outer loop
      vertex 6.75148 26.5895 4
      vertex 6.3 26.55 1.6
      vertex 6.75148 26.5895 1.6
    endloop
  endfacet
  facet normal -0.96593 -0.258802 0
    outer loop
      vertex 3.8568 28.2607 1.6
      vertex 3.7395 28.6985 4
      vertex 3.7395 28.6985 1.6
    endloop
  endfacet
  facet normal -0.96593 -0.258802 0
    outer loop
      vertex 3.7395 28.6985 4
      vertex 3.8568 28.2607 1.6
      vertex 3.8568 28.2607 4
    endloop
  endfacet
  facet normal 0.422553 -0.906338 0
    outer loop
      vertex 7.18925 26.7068 1.6
      vertex 7.6 26.8983 4
      vertex 7.18925 26.7068 4
    endloop
  endfacet
  facet normal 0.422553 -0.906338 0
    outer loop
      vertex 7.6 26.8983 4
      vertex 7.18925 26.7068 1.6
      vertex 7.6 26.8983 1.6
    endloop
  endfacet
  facet normal -0.906293 0.42265 0
    outer loop
      vertex 3.8568 30.0393 1.6
      vertex 4.04833 30.45 4
      vertex 4.04833 30.45 1.6
    endloop
  endfacet
  facet normal -0.906293 0.42265 0
    outer loop
      vertex 4.04833 30.45 4
      vertex 3.8568 30.0393 1.6
      vertex 3.8568 30.0393 4
    endloop
  endfacet
  facet normal -0.819118 0.573625 0
    outer loop
      vertex 4.04833 30.45 1.6
      vertex 4.30828 30.8212 4
      vertex 4.30828 30.8212 1.6
    endloop
  endfacet
  facet normal -0.819118 0.573625 0
    outer loop
      vertex 4.30828 30.8212 4
      vertex 4.04833 30.45 1.6
      vertex 4.04833 30.45 4
    endloop
  endfacet
  facet normal 0.96593 -0.258802 0
    outer loop
      vertex 8.7432 28.2607 4
      vertex 8.8605 28.6985 1.6
      vertex 8.8605 28.6985 4
    endloop
  endfacet
  facet normal 0.96593 -0.258802 0
    outer loop
      vertex 8.8605 28.6985 1.6
      vertex 8.7432 28.2607 4
      vertex 8.7432 28.2607 1.6
    endloop
  endfacet
  facet normal -0.96593 0.258802 0
    outer loop
      vertex 3.7395 29.6015 1.6
      vertex 3.8568 30.0393 4
      vertex 3.8568 30.0393 1.6
    endloop
  endfacet
  facet normal -0.96593 0.258802 0
    outer loop
      vertex 3.8568 30.0393 4
      vertex 3.7395 29.6015 1.6
      vertex 3.7395 29.6015 4
    endloop
  endfacet
  facet normal 0.707151 -0.707063 0
    outer loop
      vertex 7.97125 27.1583 4
      vertex 8.29171 27.4788 1.6
      vertex 8.29171 27.4788 4
    endloop
  endfacet
  facet normal 0.707151 -0.707063 0
    outer loop
      vertex 8.29171 27.4788 1.6
      vertex 7.97125 27.1583 4
      vertex 7.97125 27.1583 1.6
    endloop
  endfacet
  facet normal -0.819118 -0.573625 0
    outer loop
      vertex 4.30828 27.4788 1.6
      vertex 4.04833 27.85 4
      vertex 4.04833 27.85 1.6
    endloop
  endfacet
  facet normal -0.819118 -0.573625 0
    outer loop
      vertex 4.04833 27.85 4
      vertex 4.30828 27.4788 1.6
      vertex 4.30828 27.4788 4
    endloop
  endfacet
  facet normal -0.70714 -0.707074 0
    outer loop
      vertex 4.62875 27.1583 1.6
      vertex 4.30828 27.4788 4
      vertex 4.30828 27.4788 1.6
    endloop
  endfacet
  facet normal -0.70714 -0.707074 0
    outer loop
      vertex 4.30828 27.4788 4
      vertex 4.62875 27.1583 1.6
      vertex 4.62875 27.1583 4
    endloop
  endfacet
  facet normal -0.996195 0.0871533 0
    outer loop
      vertex 3.7 29.15 1.6
      vertex 3.7395 29.6015 4
      vertex 3.7395 29.6015 1.6
    endloop
  endfacet
  facet normal -0.996195 0.0871533 0
    outer loop
      vertex 3.7395 29.6015 4
      vertex 3.7 29.15 1.6
      vertex 3.7 29.15 4
    endloop
  endfacet
  facet normal -0.422553 -0.906338 0
    outer loop
      vertex 5 26.8983 1.6
      vertex 5.41075 26.7068 4
      vertex 5 26.8983 4
    endloop
  endfacet
  facet normal -0.422553 -0.906338 -0
    outer loop
      vertex 5.41075 26.7068 4
      vertex 5 26.8983 1.6
      vertex 5.41075 26.7068 1.6
    endloop
  endfacet
  facet normal 0.906338 -0.422553 0
    outer loop
      vertex 66.3517 5 4
      vertex 66.5432 5.41075 1.6
      vertex 66.5432 5.41075 4
    endloop
  endfacet
  facet normal 0.906338 -0.422553 0
    outer loop
      vertex 66.5432 5.41075 1.6
      vertex 66.3517 5 4
      vertex 66.3517 5 1.6
    endloop
  endfacet
  facet normal 0.965926 0.258819 0
    outer loop
      vertex 66.6605 6.75148 4
      vertex 66.5432 7.18925 1.6
      vertex 66.5432 7.18925 4
    endloop
  endfacet
  facet normal 0.965926 0.258819 0
    outer loop
      vertex 66.5432 7.18925 1.6
      vertex 66.6605 6.75148 4
      vertex 66.6605 6.75148 1.6
    endloop
  endfacet
  facet normal 0.996195 0.0871571 0
    outer loop
      vertex 66.7 6.3 4
      vertex 66.6605 6.75148 1.6
      vertex 66.6605 6.75148 4
    endloop
  endfacet
  facet normal 0.996195 0.0871571 0
    outer loop
      vertex 66.6605 6.75148 1.6
      vertex 66.7 6.3 4
      vertex 66.7 6.3 1.6
    endloop
  endfacet
  facet normal 0.906338 0.422553 0
    outer loop
      vertex 66.5432 7.18925 4
      vertex 66.3517 7.6 1.6
      vertex 66.3517 7.6 4
    endloop
  endfacet
  facet normal 0.906338 0.422553 0
    outer loop
      vertex 66.3517 7.6 1.6
      vertex 66.5432 7.18925 4
      vertex 66.5432 7.18925 1.6
    endloop
  endfacet
  facet normal 0.819102 0.573647 0
    outer loop
      vertex 66.3517 7.6 4
      vertex 66.0917 7.97125 1.6
      vertex 66.0917 7.97125 4
    endloop
  endfacet
  facet normal 0.819102 0.573647 0
    outer loop
      vertex 66.0917 7.97125 1.6
      vertex 66.3517 7.6 4
      vertex 66.3517 7.6 1.6
    endloop
  endfacet
  facet normal 0.0871533 -0.996195 0
    outer loop
      vertex 64.1 3.7 1.6
      vertex 64.5515 3.7395 4
      vertex 64.1 3.7 4
    endloop
  endfacet
  facet normal 0.0871533 -0.996195 0
    outer loop
      vertex 64.5515 3.7395 4
      vertex 64.1 3.7 1.6
      vertex 64.5515 3.7395 1.6
    endloop
  endfacet
  facet normal -0.707074 -0.70714 0
    outer loop
      vertex 62.1083 4.62875 1.6
      vertex 62.4288 4.30828 4
      vertex 62.1083 4.62875 4
    endloop
  endfacet
  facet normal -0.707074 -0.70714 -0
    outer loop
      vertex 62.4288 4.30828 4
      vertex 62.1083 4.62875 1.6
      vertex 62.4288 4.30828 1.6
    endloop
  endfacet
  facet normal -0.965926 0.258819 0
    outer loop
      vertex 61.5395 6.75148 1.6
      vertex 61.6568 7.18925 4
      vertex 61.6568 7.18925 1.6
    endloop
  endfacet
  facet normal -0.965926 0.258819 0
    outer loop
      vertex 61.6568 7.18925 4
      vertex 61.5395 6.75148 1.6
      vertex 61.5395 6.75148 4
    endloop
  endfacet
  facet normal -0.965924 -0.258824 0
    outer loop
      vertex 61.6568 5.41075 1.6
      vertex 61.5395 5.84851 4
      vertex 61.5395 5.84851 1.6
    endloop
  endfacet
  facet normal -0.965924 -0.258824 0
    outer loop
      vertex 61.5395 5.84851 4
      vertex 61.6568 5.41075 1.6
      vertex 61.6568 5.41075 4
    endloop
  endfacet
  facet normal -0.819102 -0.573647 0
    outer loop
      vertex 62.1083 4.62875 1.6
      vertex 61.8483 5 4
      vertex 61.8483 5 1.6
    endloop
  endfacet
  facet normal -0.819102 -0.573647 0
    outer loop
      vertex 61.8483 5 4
      vertex 62.1083 4.62875 1.6
      vertex 62.1083 4.62875 4
    endloop
  endfacet
  facet normal 0.996195 -0.0871552 0
    outer loop
      vertex 66.6605 5.84851 4
      vertex 66.7 6.3 1.6
      vertex 66.7 6.3 4
    endloop
  endfacet
  facet normal 0.996195 -0.0871552 0
    outer loop
      vertex 66.7 6.3 1.6
      vertex 66.6605 5.84851 4
      vertex 66.6605 5.84851 1.6
    endloop
  endfacet
  facet normal -0.258802 0.96593 0
    outer loop
      vertex 63.6485 8.8605 1.6
      vertex 63.2107 8.7432 4
      vertex 63.6485 8.8605 4
    endloop
  endfacet
  facet normal -0.258802 0.96593 0
    outer loop
      vertex 63.2107 8.7432 4
      vertex 63.6485 8.8605 1.6
      vertex 63.2107 8.7432 1.6
    endloop
  endfacet
  facet normal 0.258802 -0.96593 0
    outer loop
      vertex 64.5515 3.7395 1.6
      vertex 64.9893 3.8568 4
      vertex 64.5515 3.7395 4
    endloop
  endfacet
  facet normal 0.258802 -0.96593 0
    outer loop
      vertex 64.9893 3.8568 4
      vertex 64.5515 3.7395 1.6
      vertex 64.9893 3.8568 1.6
    endloop
  endfacet
  facet normal 0.42265 0.906293 -0
    outer loop
      vertex 65.4 8.55167 1.6
      vertex 64.9893 8.7432 4
      vertex 65.4 8.55167 4
    endloop
  endfacet
  facet normal 0.42265 0.906293 0
    outer loop
      vertex 64.9893 8.7432 4
      vertex 65.4 8.55167 1.6
      vertex 64.9893 8.7432 1.6
    endloop
  endfacet
  facet normal 0 0 1
    outer loop
      vertex 66.6605 6.75148 4
      vertex 66.6605 5.84851 4
      vertex 66.7 6.3 4
    endloop
  endfacet
  facet normal 0 0 1
    outer loop
      vertex 66.5432 7.18925 4
      vertex 66.6605 5.84851 4
      vertex 66.6605 6.75148 4
    endloop
  endfacet
  facet normal 0 0 1
    outer loop
      vertex 66.5432 7.18925 4
      vertex 66.5432 5.41075 4
      vertex 66.6605 5.84851 4
    endloop
  endfacet
  facet normal 0 0 1
    outer loop
      vertex 66.3517 7.6 4
      vertex 66.5432 5.41075 4
      vertex 66.5432 7.18925 4
    endloop
  endfacet
  facet normal 0 0 1
    outer loop
      vertex 66.3517 7.6 4
      vertex 66.3517 5 4
      vertex 66.5432 5.41075 4
    endloop
  endfacet
  facet normal 0 0 1
    outer loop
      vertex 66.0917 7.97125 4
      vertex 66.3517 5 4
      vertex 66.3517 7.6 4
    endloop
  endfacet
  facet normal 0 0 1
    outer loop
      vertex 66.0917 7.97125 4
      vertex 66.0917 4.62875 4
      vertex 66.3517 5 4
    endloop
  endfacet
  facet normal 0 0 1
    outer loop
      vertex 65.7712 8.29171 4
      vertex 66.0917 4.62875 4
      vertex 66.0917 7.97125 4
    endloop
  endfacet
  facet normal 0 0 1
    outer loop
      vertex 65.7712 8.29171 4
      vertex 65.7712 4.30828 4
      vertex 66.0917 4.62875 4
    endloop
  endfacet
  facet normal 0 0 1
    outer loop
      vertex 65.4 8.55167 4
      vertex 65.7712 4.30828 4
      vertex 65.7712 8.29171 4
    endloop
  endfacet
  facet normal 0 0 1
    outer loop
      vertex 65.4 8.55167 4
      vertex 65.4 4.04833 4
      vertex 65.7712 4.30828 4
    endloop
  endfacet
  facet normal 0 0 1
    outer loop
      vertex 64.9893 8.7432 4
      vertex 65.4 4.04833 4
      vertex 65.4 8.55167 4
    endloop
  endfacet
  facet normal 0 0 1
    outer loop
      vertex 64.9893 8.7432 4
      vertex 64.9893 3.8568 4
      vertex 65.4 4.04833 4
    endloop
  endfacet
  facet normal 0 0 1
    outer loop
      vertex 64.5515 8.8605 4
      vertex 64.9893 3.8568 4
      vertex 64.9893 8.7432 4
    endloop
  endfacet
  facet normal 0 0 1
    outer loop
      vertex 64.5515 8.8605 4
      vertex 64.5515 3.7395 4
      vertex 64.9893 3.8568 4
    endloop
  endfacet
  facet normal 0 0 1
    outer loop
      vertex 64.1 8.9 4
      vertex 64.5515 3.7395 4
      vertex 64.5515 8.8605 4
    endloop
  endfacet
  facet normal 0 0 1
    outer loop
      vertex 64.1 8.9 4
      vertex 64.1 3.7 4
      vertex 64.5515 3.7395 4
    endloop
  endfacet
  facet normal -0 0 1
    outer loop
      vertex 63.6485 8.8605 4
      vertex 64.1 3.7 4
      vertex 64.1 8.9 4
    endloop
  endfacet
  facet normal 0 0 1
    outer loop
      vertex 63.6485 8.8605 4
      vertex 63.6485 3.7395 4
      vertex 64.1 3.7 4
    endloop
  endfacet
  facet normal -0 0 1
    outer loop
      vertex 63.2107 8.7432 4
      vertex 63.6485 3.7395 4
      vertex 63.6485 8.8605 4
    endloop
  endfacet
  facet normal 0 0 1
    outer loop
      vertex 63.2107 8.7432 4
      vertex 63.2107 3.8568 4
      vertex 63.6485 3.7395 4
    endloop
  endfacet
  facet normal -0 0 1
    outer loop
      vertex 62.8 8.55167 4
      vertex 63.2107 3.8568 4
      vertex 63.2107 8.7432 4
    endloop
  endfacet
  facet normal 0 0 1
    outer loop
      vertex 62.8 8.55167 4
      vertex 62.8 4.04833 4
      vertex 63.2107 3.8568 4
    endloop
  endfacet
  facet normal -0 0 1
    outer loop
      vertex 62.4288 8.29171 4
      vertex 62.8 4.04833 4
      vertex 62.8 8.55167 4
    endloop
  endfacet
  facet normal 0 0 1
    outer loop
      vertex 62.4288 8.29171 4
      vertex 62.4288 4.30828 4
      vertex 62.8 4.04833 4
    endloop
  endfacet
  facet normal -0 0 1
    outer loop
      vertex 62.1083 7.97125 4
      vertex 62.4288 4.30828 4
      vertex 62.4288 8.29171 4
    endloop
  endfacet
  facet normal 0 0 1
    outer loop
      vertex 62.1083 7.97125 4
      vertex 62.1083 4.62875 4
      vertex 62.4288 4.30828 4
    endloop
  endfacet
  facet normal -0 0 1
    outer loop
      vertex 61.8483 7.6 4
      vertex 62.1083 4.62875 4
      vertex 62.1083 7.97125 4
    endloop
  endfacet
  facet normal 0 0 1
    outer loop
      vertex 61.8483 7.6 4
      vertex 61.8483 5 4
      vertex 62.1083 4.62875 4
    endloop
  endfacet
  facet normal -0 0 1
    outer loop
      vertex 61.6568 7.18925 4
      vertex 61.8483 5 4
      vertex 61.8483 7.6 4
    endloop
  endfacet
  facet normal 0 0 1
    outer loop
      vertex 61.6568 7.18925 4
      vertex 61.6568 5.41075 4
      vertex 61.8483 5 4
    endloop
  endfacet
  facet normal -0 0 1
    outer loop
      vertex 61.5395 6.75148 4
      vertex 61.6568 5.41075 4
      vertex 61.6568 7.18925 4
    endloop
  endfacet
  facet normal 0 0 1
    outer loop
      vertex 61.5395 6.75148 4
      vertex 61.5395 5.84851 4
      vertex 61.6568 5.41075 4
    endloop
  endfacet
  facet normal 0 -0 1
    outer loop
      vertex 61.5395 5.84851 4
      vertex 61.5395 6.75148 4
      vertex 61.5 6.3 4
    endloop
  endfacet
  facet normal -0.42265 0.906293 0
    outer loop
      vertex 63.2107 8.7432 1.6
      vertex 62.8 8.55167 4
      vertex 63.2107 8.7432 4
    endloop
  endfacet
  facet normal -0.42265 0.906293 0
    outer loop
      vertex 62.8 8.55167 4
      vertex 63.2107 8.7432 1.6
      vertex 62.8 8.55167 1.6
    endloop
  endfacet
  facet normal -0.57364 0.819107 0
    outer loop
      vertex 62.8 8.55167 1.6
      vertex 62.4288 8.29171 4
      vertex 62.8 8.55167 4
    endloop
  endfacet
  facet normal -0.57364 0.819107 0
    outer loop
      vertex 62.4288 8.29171 4
      vertex 62.8 8.55167 1.6
      vertex 62.4288 8.29171 1.6
    endloop
  endfacet
  facet normal -0.0871533 -0.996195 0
    outer loop
      vertex 63.6485 3.7395 1.6
      vertex 64.1 3.7 4
      vertex 63.6485 3.7395 4
    endloop
  endfacet
  facet normal -0.0871533 -0.996195 -0
    outer loop
      vertex 64.1 3.7 4
      vertex 63.6485 3.7395 1.6
      vertex 64.1 3.7 1.6
    endloop
  endfacet
  facet normal 0.573625 -0.819118 0
    outer loop
      vertex 65.4 4.04833 1.6
      vertex 65.7712 4.30828 4
      vertex 65.4 4.04833 4
    endloop
  endfacet
  facet normal 0.573625 -0.819118 0
    outer loop
      vertex 65.7712 4.30828 4
      vertex 65.4 4.04833 1.6
      vertex 65.7712 4.30828 1.6
    endloop
  endfacet
  facet normal 0.965924 -0.258824 0
    outer loop
      vertex 66.5432 5.41075 4
      vertex 66.6605 5.84851 1.6
      vertex 66.6605 5.84851 4
    endloop
  endfacet
  facet normal 0.965924 -0.258824 0
    outer loop
      vertex 66.6605 5.84851 1.6
      vertex 66.5432 5.41075 4
      vertex 66.5432 5.41075 1.6
    endloop
  endfacet
  facet normal 0.819102 -0.573647 0
    outer loop
      vertex 66.0917 4.62875 4
      vertex 66.3517 5 1.6
      vertex 66.3517 5 4
    endloop
  endfacet
  facet normal 0.819102 -0.573647 0
    outer loop
      vertex 66.3517 5 1.6
      vertex 66.0917 4.62875 4
      vertex 66.0917 4.62875 1.6
    endloop
  endfacet
  facet normal 0.707063 0.707151 0
    outer loop
      vertex 66.0917 7.97125 4
      vertex 65.7712 8.29171 1.6
      vertex 65.7712 8.29171 4
    endloop
  endfacet
  facet normal 0.707063 0.707151 0
    outer loop
      vertex 65.7712 8.29171 1.6
      vertex 66.0917 7.97125 4
      vertex 66.0917 7.97125 1.6
    endloop
  endfacet
  facet normal 0.707074 -0.70714 0
    outer loop
      vertex 65.7712 4.30828 4
      vertex 66.0917 4.62875 1.6
      vertex 66.0917 4.62875 4
    endloop
  endfacet
  facet normal 0.707074 -0.70714 0
    outer loop
      vertex 66.0917 4.62875 1.6
      vertex 65.7712 4.30828 4
      vertex 65.7712 4.30828 1.6
    endloop
  endfacet
  facet normal 0.57364 0.819107 -0
    outer loop
      vertex 65.7712 8.29171 1.6
      vertex 65.4 8.55167 4
      vertex 65.7712 8.29171 4
    endloop
  endfacet
  facet normal 0.57364 0.819107 0
    outer loop
      vertex 65.4 8.55167 4
      vertex 65.7712 8.29171 1.6
      vertex 65.4 8.55167 1.6
    endloop
  endfacet
  facet normal -0.996195 0.0871571 0
    outer loop
      vertex 61.5 6.3 1.6
      vertex 61.5395 6.75148 4
      vertex 61.5395 6.75148 1.6
    endloop
  endfacet
  facet normal -0.996195 0.0871571 0
    outer loop
      vertex 61.5395 6.75148 4
      vertex 61.5 6.3 1.6
      vertex 61.5 6.3 4
    endloop
  endfacet
  facet normal -0.258802 -0.96593 0
    outer loop
      vertex 63.2107 3.8568 1.6
      vertex 63.6485 3.7395 4
      vertex 63.2107 3.8568 4
    endloop
  endfacet
  facet normal -0.258802 -0.96593 -0
    outer loop
      vertex 63.6485 3.7395 4
      vertex 63.2107 3.8568 1.6
      vertex 63.6485 3.7395 1.6
    endloop
  endfacet
  facet normal -0.0871533 0.996195 0
    outer loop
      vertex 64.1 8.9 1.6
      vertex 63.6485 8.8605 4
      vertex 64.1 8.9 4
    endloop
  endfacet
  facet normal -0.0871533 0.996195 0
    outer loop
      vertex 63.6485 8.8605 4
      vertex 64.1 8.9 1.6
      vertex 63.6485 8.8605 1.6
    endloop
  endfacet
  facet normal -0.707063 0.707151 0
    outer loop
      vertex 62.4288 8.29171 1.6
      vertex 62.1083 7.97125 4
      vertex 62.4288 8.29171 4
    endloop
  endfacet
  facet normal -0.707063 0.707151 0
    outer loop
      vertex 62.1083 7.97125 4
      vertex 62.4288 8.29171 1.6
      vertex 62.1083 7.97125 1.6
    endloop
  endfacet
  facet normal -0.819102 0.573647 0
    outer loop
      vertex 61.8483 7.6 1.6
      vertex 62.1083 7.97125 4
      vertex 62.1083 7.97125 1.6
    endloop
  endfacet
  facet normal -0.819102 0.573647 0
    outer loop
      vertex 62.1083 7.97125 4
      vertex 61.8483 7.6 1.6
      vertex 61.8483 7.6 4
    endloop
  endfacet
  facet normal 0.42265 -0.906293 0
    outer loop
      vertex 64.9893 3.8568 1.6
      vertex 65.4 4.04833 4
      vertex 64.9893 3.8568 4
    endloop
  endfacet
  facet normal 0.42265 -0.906293 0
    outer loop
      vertex 65.4 4.04833 4
      vertex 64.9893 3.8568 1.6
      vertex 65.4 4.04833 1.6
    endloop
  endfacet
  facet normal 0.0871533 0.996195 -0
    outer loop
      vertex 64.5515 8.8605 1.6
      vertex 64.1 8.9 4
      vertex 64.5515 8.8605 4
    endloop
  endfacet
  facet normal 0.0871533 0.996195 0
    outer loop
      vertex 64.1 8.9 4
      vertex 64.5515 8.8605 1.6
      vertex 64.1 8.9 1.6
    endloop
  endfacet
  facet normal -0.573625 -0.819118 0
    outer loop
      vertex 62.4288 4.30828 1.6
      vertex 62.8 4.04833 4
      vertex 62.4288 4.30828 4
    endloop
  endfacet
  facet normal -0.573625 -0.819118 -0
    outer loop
      vertex 62.8 4.04833 4
      vertex 62.4288 4.30828 1.6
      vertex 62.8 4.04833 1.6
    endloop
  endfacet
  facet normal -0.996195 -0.0871552 0
    outer loop
      vertex 61.5395 5.84851 1.6
      vertex 61.5 6.3 4
      vertex 61.5 6.3 1.6
    endloop
  endfacet
  facet normal -0.996195 -0.0871552 0
    outer loop
      vertex 61.5 6.3 4
      vertex 61.5395 5.84851 1.6
      vertex 61.5395 5.84851 4
    endloop
  endfacet
  facet normal 0.258802 0.96593 -0
    outer loop
      vertex 64.9893 8.7432 1.6
      vertex 64.5515 8.8605 4
      vertex 64.9893 8.7432 4
    endloop
  endfacet
  facet normal 0.258802 0.96593 0
    outer loop
      vertex 64.5515 8.8605 4
      vertex 64.9893 8.7432 1.6
      vertex 64.5515 8.8605 1.6
    endloop
  endfacet
  facet normal -0.906338 -0.422553 0
    outer loop
      vertex 61.8483 5 1.6
      vertex 61.6568 5.41075 4
      vertex 61.6568 5.41075 1.6
    endloop
  endfacet
  facet normal -0.906338 -0.422553 0
    outer loop
      vertex 61.6568 5.41075 4
      vertex 61.8483 5 1.6
      vertex 61.8483 5 4
    endloop
  endfacet
  facet normal -0.906338 0.422553 0
    outer loop
      vertex 61.6568 7.18925 1.6
      vertex 61.8483 7.6 4
      vertex 61.8483 7.6 1.6
    endloop
  endfacet
  facet normal -0.906338 0.422553 0
    outer loop
      vertex 61.8483 7.6 4
      vertex 61.6568 7.18925 1.6
      vertex 61.6568 7.18925 4
    endloop
  endfacet
  facet normal -0.42265 -0.906293 0
    outer loop
      vertex 62.8 4.04833 1.6
      vertex 63.2107 3.8568 4
      vertex 62.8 4.04833 4
    endloop
  endfacet
  facet normal -0.42265 -0.906293 -0
    outer loop
      vertex 63.2107 3.8568 4
      vertex 62.8 4.04833 1.6
      vertex 63.2107 3.8568 1.6
    endloop
  endfacet
  facet normal 0.96593 0.258802 0
    outer loop
      vertex 66.6605 29.6515 4
      vertex 66.5432 30.0893 1.6
      vertex 66.5432 30.0893 4
    endloop
  endfacet
  facet normal 0.96593 0.258802 0
    outer loop
      vertex 66.5432 30.0893 1.6
      vertex 66.6605 29.6515 4
      vertex 66.6605 29.6515 1.6
    endloop
  endfacet
  facet normal 0.996195 0.0871533 0
    outer loop
      vertex 66.7 29.2 4
      vertex 66.6605 29.6515 1.6
      vertex 66.6605 29.6515 4
    endloop
  endfacet
  facet normal 0.996195 0.0871533 0
    outer loop
      vertex 66.6605 29.6515 1.6
      vertex 66.7 29.2 4
      vertex 66.7 29.2 1.6
    endloop
  endfacet
  facet normal 0.906318 0.422596 0
    outer loop
      vertex 66.5432 30.0893 4
      vertex 66.3517 30.5 1.6
      vertex 66.3517 30.5 4
    endloop
  endfacet
  facet normal 0.906318 0.422596 0
    outer loop
      vertex 66.3517 30.5 1.6
      vertex 66.5432 30.0893 4
      vertex 66.5432 30.0893 1.6
    endloop
  endfacet
  facet normal 0.0871533 -0.996195 0
    outer loop
      vertex 64.1 26.6 1.6
      vertex 64.5515 26.6395 4
      vertex 64.1 26.6 4
    endloop
  endfacet
  facet normal 0.0871533 -0.996195 0
    outer loop
      vertex 64.5515 26.6395 4
      vertex 64.1 26.6 1.6
      vertex 64.5515 26.6395 1.6
    endloop
  endfacet
  facet normal 0.819066 0.573699 0
    outer loop
      vertex 66.3517 30.5 4
      vertex 66.0917 30.8712 1.6
      vertex 66.0917 30.8712 4
    endloop
  endfacet
  facet normal 0.819066 0.573699 0
    outer loop
      vertex 66.0917 30.8712 1.6
      vertex 66.3517 30.5 4
      vertex 66.3517 30.5 1.6
    endloop
  endfacet
  facet normal 0.819066 -0.573699 0
    outer loop
      vertex 66.0917 27.5288 4
      vertex 66.3517 27.9 1.6
      vertex 66.3517 27.9 4
    endloop
  endfacet
  facet normal 0.819066 -0.573699 0
    outer loop
      vertex 66.3517 27.9 1.6
      vertex 66.0917 27.5288 4
      vertex 66.0917 27.5288 1.6
    endloop
  endfacet
  facet normal -0.96593 0.258802 0
    outer loop
      vertex 61.5395 29.6515 1.6
      vertex 61.6568 30.0893 4
      vertex 61.6568 30.0893 1.6
    endloop
  endfacet
  facet normal -0.96593 0.258802 0
    outer loop
      vertex 61.6568 30.0893 4
      vertex 61.5395 29.6515 1.6
      vertex 61.5395 29.6515 4
    endloop
  endfacet
  facet normal 0 0 1
    outer loop
      vertex 66.6605 29.6515 4
      vertex 66.6605 28.7485 4
      vertex 66.7 29.2 4
    endloop
  endfacet
  facet normal 0 0 1
    outer loop
      vertex 66.5432 30.0893 4
      vertex 66.6605 28.7485 4
      vertex 66.6605 29.6515 4
    endloop
  endfacet
  facet normal 0 0 1
    outer loop
      vertex 66.5432 30.0893 4
      vertex 66.5432 28.3107 4
      vertex 66.6605 28.7485 4
    endloop
  endfacet
  facet normal 0 0 1
    outer loop
      vertex 66.3517 30.5 4
      vertex 66.5432 28.3107 4
      vertex 66.5432 30.0893 4
    endloop
  endfacet
  facet normal 0 0 1
    outer loop
      vertex 66.3517 30.5 4
      vertex 66.3517 27.9 4
      vertex 66.5432 28.3107 4
    endloop
  endfacet
  facet normal 0 0 1
    outer loop
      vertex 66.0917 30.8712 4
      vertex 66.3517 27.9 4
      vertex 66.3517 30.5 4
    endloop
  endfacet
  facet normal 0 0 1
    outer loop
      vertex 66.0917 30.8712 4
      vertex 66.0917 27.5288 4
      vertex 66.3517 27.9 4
    endloop
  endfacet
  facet normal 0 0 1
    outer loop
      vertex 65.7712 31.1917 4
      vertex 66.0917 27.5288 4
      vertex 66.0917 30.8712 4
    endloop
  endfacet
  facet normal 0 0 1
    outer loop
      vertex 65.7712 31.1917 4
      vertex 65.7712 27.2083 4
      vertex 66.0917 27.5288 4
    endloop
  endfacet
  facet normal 0 0 1
    outer loop
      vertex 65.4 31.4517 4
      vertex 65.7712 27.2083 4
      vertex 65.7712 31.1917 4
    endloop
  endfacet
  facet normal 0 0 1
    outer loop
      vertex 65.4 31.4517 4
      vertex 65.4 26.9483 4
      vertex 65.7712 27.2083 4
    endloop
  endfacet
  facet normal 0 0 1
    outer loop
      vertex 64.9893 31.6432 4
      vertex 65.4 26.9483 4
      vertex 65.4 31.4517 4
    endloop
  endfacet
  facet normal 0 0 1
    outer loop
      vertex 64.9893 31.6432 4
      vertex 64.9893 26.7568 4
      vertex 65.4 26.9483 4
    endloop
  endfacet
  facet normal 0 0 1
    outer loop
      vertex 64.5515 31.7605 4
      vertex 64.9893 26.7568 4
      vertex 64.9893 31.6432 4
    endloop
  endfacet
  facet normal 0 0 1
    outer loop
      vertex 64.5515 31.7605 4
      vertex 64.5515 26.6395 4
      vertex 64.9893 26.7568 4
    endloop
  endfacet
  facet normal 0 0 1
    outer loop
      vertex 64.1 31.8 4
      vertex 64.5515 26.6395 4
      vertex 64.5515 31.7605 4
    endloop
  endfacet
  facet normal 0 0 1
    outer loop
      vertex 64.1 31.8 4
      vertex 64.1 26.6 4
      vertex 64.5515 26.6395 4
    endloop
  endfacet
  facet normal -0 0 1
    outer loop
      vertex 63.6485 31.7605 4
      vertex 64.1 26.6 4
      vertex 64.1 31.8 4
    endloop
  endfacet
  facet normal 0 0 1
    outer loop
      vertex 63.6485 31.7605 4
      vertex 63.6485 26.6395 4
      vertex 64.1 26.6 4
    endloop
  endfacet
  facet normal -0 0 1
    outer loop
      vertex 63.2107 31.6432 4
      vertex 63.6485 26.6395 4
      vertex 63.6485 31.7605 4
    endloop
  endfacet
  facet normal 0 0 1
    outer loop
      vertex 63.2107 31.6432 4
      vertex 63.2107 26.7568 4
      vertex 63.6485 26.6395 4
    endloop
  endfacet
  facet normal -0 0 1
    outer loop
      vertex 62.8 31.4517 4
      vertex 63.2107 26.7568 4
      vertex 63.2107 31.6432 4
    endloop
  endfacet
  facet normal 0 0 1
    outer loop
      vertex 62.8 31.4517 4
      vertex 62.8 26.9483 4
      vertex 63.2107 26.7568 4
    endloop
  endfacet
  facet normal -0 0 1
    outer loop
      vertex 62.4288 31.1917 4
      vertex 62.8 26.9483 4
      vertex 62.8 31.4517 4
    endloop
  endfacet
  facet normal 0 0 1
    outer loop
      vertex 62.4288 31.1917 4
      vertex 62.4288 27.2083 4
      vertex 62.8 26.9483 4
    endloop
  endfacet
  facet normal -0 0 1
    outer loop
      vertex 62.1083 30.8712 4
      vertex 62.4288 27.2083 4
      vertex 62.4288 31.1917 4
    endloop
  endfacet
  facet normal 0 0 1
    outer loop
      vertex 62.1083 30.8712 4
      vertex 62.1083 27.5288 4
      vertex 62.4288 27.2083 4
    endloop
  endfacet
  facet normal -0 0 1
    outer loop
      vertex 61.8483 30.5 4
      vertex 62.1083 27.5288 4
      vertex 62.1083 30.8712 4
    endloop
  endfacet
  facet normal 0 0 1
    outer loop
      vertex 61.8483 30.5 4
      vertex 61.8483 27.9 4
      vertex 62.1083 27.5288 4
    endloop
  endfacet
  facet normal -0 0 1
    outer loop
      vertex 61.6568 30.0893 4
      vertex 61.8483 27.9 4
      vertex 61.8483 30.5 4
    endloop
  endfacet
  facet normal 0 0 1
    outer loop
      vertex 61.6568 30.0893 4
      vertex 61.6568 28.3107 4
      vertex 61.8483 27.9 4
    endloop
  endfacet
  facet normal -0 0 1
    outer loop
      vertex 61.5395 29.6515 4
      vertex 61.6568 28.3107 4
      vertex 61.6568 30.0893 4
    endloop
  endfacet
  facet normal 0 0 1
    outer loop
      vertex 61.5395 29.6515 4
      vertex 61.5395 28.7485 4
      vertex 61.6568 28.3107 4
    endloop
  endfacet
  facet normal 0 -0 1
    outer loop
      vertex 61.5395 28.7485 4
      vertex 61.5395 29.6515 4
      vertex 61.5 29.2 4
    endloop
  endfacet
  facet normal -0.573699 0.819066 0
    outer loop
      vertex 62.8 31.4517 1.6
      vertex 62.4288 31.1917 4
      vertex 62.8 31.4517 4
    endloop
  endfacet
  facet normal -0.573699 0.819066 0
    outer loop
      vertex 62.4288 31.1917 4
      vertex 62.8 31.4517 1.6
      vertex 62.4288 31.1917 1.6
    endloop
  endfacet
  facet normal -0.707107 -0.707107 0
    outer loop
      vertex 62.1083 27.5288 1.6
      vertex 62.4288 27.2083 4
      vertex 62.1083 27.5288 4
    endloop
  endfacet
  facet normal -0.707107 -0.707107 -0
    outer loop
      vertex 62.4288 27.2083 4
      vertex 62.1083 27.5288 1.6
      vertex 62.4288 27.2083 1.6
    endloop
  endfacet
  facet normal -0.258802 0.96593 0
    outer loop
      vertex 63.6485 31.7605 1.6
      vertex 63.2107 31.6432 4
      vertex 63.6485 31.7605 4
    endloop
  endfacet
  facet normal -0.258802 0.96593 0
    outer loop
      vertex 63.2107 31.6432 4
      vertex 63.6485 31.7605 1.6
      vertex 63.2107 31.6432 1.6
    endloop
  endfacet
  facet normal -0.0871533 0.996195 0
    outer loop
      vertex 64.1 31.8 1.6
      vertex 63.6485 31.7605 4
      vertex 64.1 31.8 4
    endloop
  endfacet
  facet normal -0.0871533 0.996195 0
    outer loop
      vertex 63.6485 31.7605 4
      vertex 64.1 31.8 1.6
      vertex 63.6485 31.7605 1.6
    endloop
  endfacet
  facet normal 0.573699 0.819066 -0
    outer loop
      vertex 65.7712 31.1917 1.6
      vertex 65.4 31.4517 4
      vertex 65.7712 31.1917 4
    endloop
  endfacet
  facet normal 0.573699 0.819066 0
    outer loop
      vertex 65.4 31.4517 4
      vertex 65.7712 31.1917 1.6
      vertex 65.4 31.4517 1.6
    endloop
  endfacet
  facet normal 0.573699 -0.819066 0
    outer loop
      vertex 65.4 26.9483 1.6
      vertex 65.7712 27.2083 4
      vertex 65.4 26.9483 4
    endloop
  endfacet
  facet normal 0.573699 -0.819066 0
    outer loop
      vertex 65.7712 27.2083 4
      vertex 65.4 26.9483 1.6
      vertex 65.7712 27.2083 1.6
    endloop
  endfacet
  facet normal 0.707107 0.707107 0
    outer loop
      vertex 66.0917 30.8712 4
      vertex 65.7712 31.1917 1.6
      vertex 65.7712 31.1917 4
    endloop
  endfacet
  facet normal 0.707107 0.707107 0
    outer loop
      vertex 65.7712 31.1917 1.6
      vertex 66.0917 30.8712 4
      vertex 66.0917 30.8712 1.6
    endloop
  endfacet
  facet normal 0.258802 0.96593 -0
    outer loop
      vertex 64.9893 31.6432 1.6
      vertex 64.5515 31.7605 4
      vertex 64.9893 31.6432 4
    endloop
  endfacet
  facet normal 0.258802 0.96593 0
    outer loop
      vertex 64.5515 31.7605 4
      vertex 64.9893 31.6432 1.6
      vertex 64.5515 31.7605 1.6
    endloop
  endfacet
  facet normal -0.422596 0.906318 0
    outer loop
      vertex 63.2107 31.6432 1.6
      vertex 62.8 31.4517 4
      vertex 63.2107 31.6432 4
    endloop
  endfacet
  facet normal -0.422596 0.906318 0
    outer loop
      vertex 62.8 31.4517 4
      vertex 63.2107 31.6432 1.6
      vertex 62.8 31.4517 1.6
    endloop
  endfacet
  facet normal -0.422596 -0.906318 0
    outer loop
      vertex 62.8 26.9483 1.6
      vertex 63.2107 26.7568 4
      vertex 62.8 26.9483 4
    endloop
  endfacet
  facet normal -0.422596 -0.906318 -0
    outer loop
      vertex 63.2107 26.7568 4
      vertex 62.8 26.9483 1.6
      vertex 63.2107 26.7568 1.6
    endloop
  endfacet
  facet normal 0.906318 -0.422596 0
    outer loop
      vertex 66.3517 27.9 4
      vertex 66.5432 28.3107 1.6
      vertex 66.5432 28.3107 4
    endloop
  endfacet
  facet normal 0.906318 -0.422596 0
    outer loop
      vertex 66.5432 28.3107 1.6
      vertex 66.3517 27.9 4
      vertex 66.3517 27.9 1.6
    endloop
  endfacet
  facet normal -0.906318 -0.422596 0
    outer loop
      vertex 61.8483 27.9 1.6
      vertex 61.6568 28.3107 4
      vertex 61.6568 28.3107 1.6
    endloop
  endfacet
  facet normal -0.906318 -0.422596 0
    outer loop
      vertex 61.6568 28.3107 4
      vertex 61.8483 27.9 1.6
      vertex 61.8483 27.9 4
    endloop
  endfacet
  facet normal 0.96593 -0.258802 0
    outer loop
      vertex 66.5432 28.3107 4
      vertex 66.6605 28.7485 1.6
      vertex 66.6605 28.7485 4
    endloop
  endfacet
  facet normal 0.96593 -0.258802 0
    outer loop
      vertex 66.6605 28.7485 1.6
      vertex 66.5432 28.3107 4
      vertex 66.5432 28.3107 1.6
    endloop
  endfacet
  facet normal 0.258802 -0.96593 0
    outer loop
      vertex 64.5515 26.6395 1.6
      vertex 64.9893 26.7568 4
      vertex 64.5515 26.6395 4
    endloop
  endfacet
  facet normal 0.258802 -0.96593 0
    outer loop
      vertex 64.9893 26.7568 4
      vertex 64.5515 26.6395 1.6
      vertex 64.9893 26.7568 1.6
    endloop
  endfacet
  facet normal 0.707107 -0.707107 0
    outer loop
      vertex 65.7712 27.2083 4
      vertex 66.0917 27.5288 1.6
      vertex 66.0917 27.5288 4
    endloop
  endfacet
  facet normal 0.707107 -0.707107 0
    outer loop
      vertex 66.0917 27.5288 1.6
      vertex 65.7712 27.2083 4
      vertex 65.7712 27.2083 1.6
    endloop
  endfacet
  facet normal -0.996195 0.0871533 0
    outer loop
      vertex 61.5 29.2 1.6
      vertex 61.5395 29.6515 4
      vertex 61.5395 29.6515 1.6
    endloop
  endfacet
  facet normal -0.996195 0.0871533 0
    outer loop
      vertex 61.5395 29.6515 4
      vertex 61.5 29.2 1.6
      vertex 61.5 29.2 4
    endloop
  endfacet
  facet normal -0.996195 -0.0871533 0
    outer loop
      vertex 61.5395 28.7485 1.6
      vertex 61.5 29.2 4
      vertex 61.5 29.2 1.6
    endloop
  endfacet
  facet normal -0.996195 -0.0871533 0
    outer loop
      vertex 61.5 29.2 4
      vertex 61.5395 28.7485 1.6
      vertex 61.5395 28.7485 4
    endloop
  endfacet
  facet normal -0.96593 -0.258802 0
    outer loop
      vertex 61.6568 28.3107 1.6
      vertex 61.5395 28.7485 4
      vertex 61.5395 28.7485 1.6
    endloop
  endfacet
  facet normal -0.96593 -0.258802 0
    outer loop
      vertex 61.5395 28.7485 4
      vertex 61.6568 28.3107 1.6
      vertex 61.6568 28.3107 4
    endloop
  endfacet
  facet normal 0.422596 -0.906318 0
    outer loop
      vertex 64.9893 26.7568 1.6
      vertex 65.4 26.9483 4
      vertex 64.9893 26.7568 4
    endloop
  endfacet
  facet normal 0.422596 -0.906318 0
    outer loop
      vertex 65.4 26.9483 4
      vertex 64.9893 26.7568 1.6
      vertex 65.4 26.9483 1.6
    endloop
  endfacet
  facet normal 0.422596 0.906318 -0
    outer loop
      vertex 65.4 31.4517 1.6
      vertex 64.9893 31.6432 4
      vertex 65.4 31.4517 4
    endloop
  endfacet
  facet normal 0.422596 0.906318 0
    outer loop
      vertex 64.9893 31.6432 4
      vertex 65.4 31.4517 1.6
      vertex 64.9893 31.6432 1.6
    endloop
  endfacet
  facet normal -0.258802 -0.96593 0
    outer loop
      vertex 63.2107 26.7568 1.6
      vertex 63.6485 26.6395 4
      vertex 63.2107 26.7568 4
    endloop
  endfacet
  facet normal -0.258802 -0.96593 -0
    outer loop
      vertex 63.6485 26.6395 4
      vertex 63.2107 26.7568 1.6
      vertex 63.6485 26.6395 1.6
    endloop
  endfacet
  facet normal -0.573699 -0.819066 0
    outer loop
      vertex 62.4288 27.2083 1.6
      vertex 62.8 26.9483 4
      vertex 62.4288 27.2083 4
    endloop
  endfacet
  facet normal -0.573699 -0.819066 -0
    outer loop
      vertex 62.8 26.9483 4
      vertex 62.4288 27.2083 1.6
      vertex 62.8 26.9483 1.6
    endloop
  endfacet
  facet normal -0.0871533 -0.996195 0
    outer loop
      vertex 63.6485 26.6395 1.6
      vertex 64.1 26.6 4
      vertex 63.6485 26.6395 4
    endloop
  endfacet
  facet normal -0.0871533 -0.996195 -0
    outer loop
      vertex 64.1 26.6 4
      vertex 63.6485 26.6395 1.6
      vertex 64.1 26.6 1.6
    endloop
  endfacet
  facet normal -0.906318 0.422596 0
    outer loop
      vertex 61.6568 30.0893 1.6
      vertex 61.8483 30.5 4
      vertex 61.8483 30.5 1.6
    endloop
  endfacet
  facet normal -0.906318 0.422596 0
    outer loop
      vertex 61.8483 30.5 4
      vertex 61.6568 30.0893 1.6
      vertex 61.6568 30.0893 4
    endloop
  endfacet
  facet normal 0.996195 -0.0871533 0
    outer loop
      vertex 66.6605 28.7485 4
      vertex 66.7 29.2 1.6
      vertex 66.7 29.2 4
    endloop
  endfacet
  facet normal 0.996195 -0.0871533 0
    outer loop
      vertex 66.7 29.2 1.6
      vertex 66.6605 28.7485 4
      vertex 66.6605 28.7485 1.6
    endloop
  endfacet
  facet normal -0.819066 -0.573699 0
    outer loop
      vertex 62.1083 27.5288 1.6
      vertex 61.8483 27.9 4
      vertex 61.8483 27.9 1.6
    endloop
  endfacet
  facet normal -0.819066 -0.573699 0
    outer loop
      vertex 61.8483 27.9 4
      vertex 62.1083 27.5288 1.6
      vertex 62.1083 27.5288 4
    endloop
  endfacet
  facet normal 0.0871533 0.996195 -0
    outer loop
      vertex 64.5515 31.7605 1.6
      vertex 64.1 31.8 4
      vertex 64.5515 31.7605 4
    endloop
  endfacet
  facet normal 0.0871533 0.996195 0
    outer loop
      vertex 64.1 31.8 4
      vertex 64.5515 31.7605 1.6
      vertex 64.1 31.8 1.6
    endloop
  endfacet
  facet normal -0.707107 0.707107 0
    outer loop
      vertex 62.1083 30.8712 1.6
      vertex 62.4288 31.1917 4
      vertex 62.4288 31.1917 1.6
    endloop
  endfacet
  facet normal -0.707107 0.707107 0
    outer loop
      vertex 62.4288 31.1917 4
      vertex 62.1083 30.8712 1.6
      vertex 62.1083 30.8712 4
    endloop
  endfacet
  facet normal -0.819066 0.573699 0
    outer loop
      vertex 61.8483 30.5 1.6
      vertex 62.1083 30.8712 4
      vertex 62.1083 30.8712 1.6
    endloop
  endfacet
  facet normal -0.819066 0.573699 0
    outer loop
      vertex 62.1083 30.8712 4
      vertex 61.8483 30.5 1.6
      vertex 61.8483 30.5 4
    endloop
  endfacet
endsolid OpenSCAD_Model
