solid OpenSCAD_Model
  facet normal 1 0 0
    outer loop
      vertex 70.7 30.5 15.4
      vertex 70.7 24.95 6
      vertex 70.7 30.5 0
    endloop
  endfacet
  facet normal 1 0 0
    outer loop
      vertex 70.7 22.05 11.1
      vertex 70.7 30.5 15.4
      vertex 70.7 22.05 14.5
    endloop
  endfacet
  facet normal 1 0 0
    outer loop
      vertex 70.7 30.5 15.4
      vertex 70.7 13.65 14.5
      vertex 70.7 22.05 14.5
    endloop
  endfacet
  facet normal 1 0 0
    outer loop
      vertex 70.7 5.2 15.4
      vertex 70.7 13.65 11.1
      vertex 70.7 13.65 14.5
    endloop
  endfacet
  facet normal 1 0 0
    outer loop
      vertex 70.7 5.2 0
      vertex 70.7 10.75 6
      vertex 70.7 5.2 15.4
    endloop
  endfacet
  facet normal 1 0 0
    outer loop
      vertex 70.7 13.65 11.1
      vertex 70.7 5.2 15.4
      vertex 70.7 10.75 6
    endloop
  endfacet
  facet normal 1 -0 0
    outer loop
      vertex 70.7 5.2 15.4
      vertex 70.7 13.65 14.5
      vertex 70.7 30.5 15.4
    endloop
  endfacet
  facet normal 1 -0 0
    outer loop
      vertex 70.7 24.95 2.9
      vertex 70.7 30.5 0
      vertex 70.7 24.95 6
    endloop
  endfacet
  facet normal 1 -0 0
    outer loop
      vertex 70.7 10.75 2.9
      vertex 70.7 30.5 0
      vertex 70.7 24.95 2.9
    endloop
  endfacet
  facet normal 1 0 0
    outer loop
      vertex 70.7 10.75 2.9
      vertex 70.7 5.2 0
      vertex 70.7 30.5 0
    endloop
  endfacet
  facet normal 1 0 0
    outer loop
      vertex 70.7 10.75 6
      vertex 70.7 5.2 0
      vertex 70.7 10.75 2.9
    endloop
  endfacet
  facet normal 1 0 0
    outer loop
      vertex 70.7 30.5 15.4
      vertex 70.7 22.05 11.1
      vertex 70.7 24.95 6
    endloop
  endfacet
  facet normal 1 -0 0
    outer loop
      vertex 70.7 13.65 11.1
      vertex 70.7 24.95 6
      vertex 70.7 22.05 11.1
    endloop
  endfacet
  facet normal 1 0 0
    outer loop
      vertex 70.7 24.95 6
      vertex 70.7 13.65 11.1
      vertex 70.7 10.75 6
    endloop
  endfacet
  facet normal -0.852662 0.522462 0
    outer loop
      vertex 0.566766 32.8607 0
      vertex 0.993112 33.5565 15.4
      vertex 0.993112 33.5565 0
    endloop
  endfacet
  facet normal -0.852662 0.522462 0
    outer loop
      vertex 0.993112 33.5565 15.4
      vertex 0.566766 32.8607 0
      vertex 0.566766 32.8607 15.4
    endloop
  endfacet
  facet normal -0.382726 0.923862 0
    outer loop
      vertex 3.59311 35.4455 0
      vertex 2.83925 35.1332 15.4
      vertex 3.59311 35.4455 15.4
    endloop
  endfacet
  facet normal -0.382726 0.923862 0
    outer loop
      vertex 2.83925 35.1332 15.4
      vertex 3.59311 35.4455 0
      vertex 2.83925 35.1332 0
    endloop
  endfacet
  facet normal 0.522421 0.852688 -0
    outer loop
      vertex 68.5565 34.7069 0
      vertex 67.8607 35.1332 15.4
      vertex 68.5565 34.7069 15.4
    endloop
  endfacet
  facet normal 0.522421 0.852688 0
    outer loop
      vertex 67.8607 35.1332 15.4
      vertex 68.5565 34.7069 0
      vertex 67.8607 35.1332 0
    endloop
  endfacet
  facet normal -0.996917 -0.0784585 0
    outer loop
      vertex 0.0640202 4.38654 0
      vertex 0 5.2 15.4
      vertex 0 5.2 0
    endloop
  endfacet
  facet normal -0.996917 -0.0784585 0
    outer loop
      vertex 0 5.2 15.4
      vertex 0.0640202 4.38654 0
      vertex 0.0640202 4.38654 15.4
    endloop
  endfacet
  facet normal -0.923868 0.38271 0
    outer loop
      vertex 0.254506 32.1069 0
      vertex 0.566766 32.8607 15.4
      vertex 0.566766 32.8607 0
    endloop
  endfacet
  facet normal -0.923868 0.38271 0
    outer loop
      vertex 0.566766 32.8607 15.4
      vertex 0.254506 32.1069 0
      vertex 0.254506 32.1069 15.4
    endloop
  endfacet
  facet normal 0.852688 0.522421 0
    outer loop
      vertex 70.1332 32.8607 15.4
      vertex 69.7069 33.5565 0
      vertex 69.7069 33.5565 15.4
    endloop
  endfacet
  facet normal 0.852688 0.522421 0
    outer loop
      vertex 69.7069 33.5565 0
      vertex 70.1332 32.8607 15.4
      vertex 70.1332 32.8607 0
    endloop
  endfacet
  facet normal -0.233462 0.972366 0
    outer loop
      vertex 4.38654 35.636 0
      vertex 3.59311 35.4455 15.4
      vertex 4.38654 35.636 15.4
    endloop
  endfacet
  facet normal -0.233462 0.972366 0
    outer loop
      vertex 3.59311 35.4455 15.4
      vertex 4.38654 35.636 0
      vertex 3.59311 35.4455 0
    endloop
  endfacet
  facet normal -0.760413 -0.64944 0
    outer loop
      vertex 1.52304 1.52304 0
      vertex 0.993112 2.14352 15.4
      vertex 0.993112 2.14352 0
    endloop
  endfacet
  facet normal -0.760413 -0.64944 0
    outer loop
      vertex 0.993112 2.14352 15.4
      vertex 1.52304 1.52304 0
      vertex 1.52304 1.52304 15.4
    endloop
  endfacet
  facet normal 0 1 0
    outer loop
      vertex 65.5 35.7 15.4
      vertex 61.5 35.7 7.6
      vertex 61.5 35.7 15.4
    endloop
  endfacet
  facet normal 0 1 0
    outer loop
      vertex 5.2 35.7 0
      vertex 61.5 35.7 7.6
      vertex 65.5 35.7 0
    endloop
  endfacet
  facet normal 0 1 -0
    outer loop
      vertex 65.5 35.7 0
      vertex 61.5 35.7 7.6
      vertex 65.5 35.7 15.4
    endloop
  endfacet
  facet normal 0 1 -0
    outer loop
      vertex 9.1 35.7 7.6
      vertex 5.2 35.7 15.4
      vertex 9.1 35.7 15.4
    endloop
  endfacet
  facet normal 0 1 0
    outer loop
      vertex 9.1 35.7 7.6
      vertex 5.2 35.7 0
      vertex 5.2 35.7 15.4
    endloop
  endfacet
  facet normal 0 1 0
    outer loop
      vertex 61.5 35.7 7.6
      vertex 5.2 35.7 0
      vertex 9.1 35.7 7.6
    endloop
  endfacet
  facet normal -0.64942 0.76043 0
    outer loop
      vertex 2.14352 34.7069 0
      vertex 1.52304 34.177 15.4
      vertex 2.14352 34.7069 15.4
    endloop
  endfacet
  facet normal -0.64942 0.76043 0
    outer loop
      vertex 1.52304 34.177 15.4
      vertex 2.14352 34.7069 0
      vertex 1.52304 34.177 0
    endloop
  endfacet
  facet normal -0.0784339 0.996919 0
    outer loop
      vertex 5.2 35.7 0
      vertex 4.38654 35.636 15.4
      vertex 5.2 35.7 15.4
    endloop
  endfacet
  facet normal -0.0784339 0.996919 0
    outer loop
      vertex 4.38654 35.636 15.4
      vertex 5.2 35.7 0
      vertex 4.38654 35.636 0
    endloop
  endfacet
  facet normal 0.382752 0.923851 -0
    outer loop
      vertex 67.8607 35.1332 0
      vertex 67.1069 35.4455 15.4
      vertex 67.8607 35.1332 15.4
    endloop
  endfacet
  facet normal 0.382752 0.923851 0
    outer loop
      vertex 67.1069 35.4455 15.4
      vertex 67.8607 35.1332 0
      vertex 67.1069 35.4455 0
    endloop
  endfacet
  facet normal -0.64944 -0.760413 0
    outer loop
      vertex 1.52304 1.52304 0
      vertex 2.14352 0.993112 15.4
      vertex 1.52304 1.52304 15.4
    endloop
  endfacet
  facet normal -0.64944 -0.760413 -0
    outer loop
      vertex 2.14352 0.993112 15.4
      vertex 1.52304 1.52304 0
      vertex 2.14352 0.993112 0
    endloop
  endfacet
  facet normal -1 0 0
    outer loop
      vertex 0 27.33 9.8
      vertex 0 13.65 11.1
      vertex 0 22.05 11.1
    endloop
  endfacet
  facet normal -1 -0 0
    outer loop
      vertex 0 13.65 11.1
      vertex 0 8.43 9.8
      vertex 0 13.65 14.5
    endloop
  endfacet
  facet normal -1 0 0
    outer loop
      vertex 0 8.43 9.8
      vertex 0 13.65 11.1
      vertex 0 27.33 9.8
    endloop
  endfacet
  facet normal -1 0 0
    outer loop
      vertex 0 30.5 0
      vertex 0 27.33 6.2
      vertex 0 30.5 15.4
    endloop
  endfacet
  facet normal -1 0 0
    outer loop
      vertex 0 30.5 0
      vertex 0 8.43 6.2
      vertex 0 27.33 6.2
    endloop
  endfacet
  facet normal -1 0 0
    outer loop
      vertex 0 5.2 15.4
      vertex 0 8.43 6.2
      vertex 0 5.2 0
    endloop
  endfacet
  facet normal -1 0 0
    outer loop
      vertex 0 5.2 0
      vertex 0 8.43 6.2
      vertex 0 30.5 0
    endloop
  endfacet
  facet normal -1 0 0
    outer loop
      vertex 0 27.33 9.8
      vertex 0 30.5 15.4
      vertex 0 27.33 6.2
    endloop
  endfacet
  facet normal -1 0 0
    outer loop
      vertex 0 22.05 14.5
      vertex 0 27.33 9.8
      vertex 0 22.05 11.1
    endloop
  endfacet
  facet normal -1 0 0
    outer loop
      vertex 0 27.33 9.8
      vertex 0 22.05 14.5
      vertex 0 30.5 15.4
    endloop
  endfacet
  facet normal -1 0 0
    outer loop
      vertex 0 13.65 14.5
      vertex 0 30.5 15.4
      vertex 0 22.05 14.5
    endloop
  endfacet
  facet normal -1 0 0
    outer loop
      vertex 0 13.65 14.5
      vertex 0 5.2 15.4
      vertex 0 30.5 15.4
    endloop
  endfacet
  facet normal -1 0 0
    outer loop
      vertex 0 8.43 9.8
      vertex 0 5.2 15.4
      vertex 0 13.65 14.5
    endloop
  endfacet
  facet normal -1 0 0
    outer loop
      vertex 0 8.43 6.2
      vertex 0 5.2 15.4
      vertex 0 8.43 9.8
    endloop
  endfacet
  facet normal -0.0784585 -0.996917 0
    outer loop
      vertex 4.38654 0.0640202 0
      vertex 5.2 0 15.4
      vertex 4.38654 0.0640202 15.4
    endloop
  endfacet
  facet normal -0.0784585 -0.996917 -0
    outer loop
      vertex 5.2 0 15.4
      vertex 4.38654 0.0640202 0
      vertex 5.2 0 0
    endloop
  endfacet
  facet normal 0.522462 -0.852662 0
    outer loop
      vertex 67.8607 0.566766 0
      vertex 68.5565 0.993112 15.4
      vertex 67.8607 0.566766 15.4
    endloop
  endfacet
  facet normal 0.522462 -0.852662 0
    outer loop
      vertex 68.5565 0.993112 15.4
      vertex 67.8607 0.566766 0
      vertex 68.5565 0.993112 0
    endloop
  endfacet
  facet normal -0.996918 0.0784547 0
    outer loop
      vertex 0 30.5 0
      vertex 0.0640202 31.3135 15.4
      vertex 0.0640202 31.3135 0
    endloop
  endfacet
  facet normal -0.996918 0.0784547 0
    outer loop
      vertex 0.0640202 31.3135 15.4
      vertex 0 30.5 0
      vertex 0 30.5 15.4
    endloop
  endfacet
  facet normal -0.760424 0.649427 0
    outer loop
      vertex 0.993112 33.5565 0
      vertex 1.52304 34.177 15.4
      vertex 1.52304 34.177 0
    endloop
  endfacet
  facet normal -0.760424 0.649427 0
    outer loop
      vertex 1.52304 34.177 15.4
      vertex 0.993112 33.5565 0
      vertex 0.993112 33.5565 15.4
    endloop
  endfacet
  facet normal 0.0784301 0.99692 -0
    outer loop
      vertex 66.3135 35.636 0
      vertex 65.5 35.7 15.4
      vertex 66.3135 35.636 15.4
    endloop
  endfacet
  facet normal 0.0784301 0.99692 0
    outer loop
      vertex 65.5 35.7 15.4
      vertex 66.3135 35.636 0
      vertex 65.5 35.7 0
    endloop
  endfacet
  facet normal 0.972364 0.23347 0
    outer loop
      vertex 70.636 31.3135 15.4
      vertex 70.4455 32.1069 0
      vertex 70.4455 32.1069 15.4
    endloop
  endfacet
  facet normal 0.972364 0.23347 0
    outer loop
      vertex 70.4455 32.1069 0
      vertex 70.636 31.3135 15.4
      vertex 70.636 31.3135 0
    endloop
  endfacet
  facet normal -0.382684 -0.923879 0
    outer loop
      vertex 2.83925 0.566766 0
      vertex 3.59311 0.254506 15.4
      vertex 2.83925 0.566766 15.4
    endloop
  endfacet
  facet normal -0.382684 -0.923879 -0
    outer loop
      vertex 3.59311 0.254506 15.4
      vertex 2.83925 0.566766 0
      vertex 3.59311 0.254506 0
    endloop
  endfacet
  facet normal 0.76043 -0.64942 0
    outer loop
      vertex 69.177 1.52304 15.4
      vertex 69.7069 2.14352 0
      vertex 69.7069 2.14352 15.4
    endloop
  endfacet
  facet normal 0.76043 -0.64942 0
    outer loop
      vertex 69.7069 2.14352 0
      vertex 69.177 1.52304 15.4
      vertex 69.177 1.52304 0
    endloop
  endfacet
  facet normal 0.23347 0.972364 -0
    outer loop
      vertex 67.1069 35.4455 0
      vertex 66.3135 35.636 15.4
      vertex 67.1069 35.4455 15.4
    endloop
  endfacet
  facet normal 0.23347 0.972364 0
    outer loop
      vertex 66.3135 35.636 15.4
      vertex 67.1069 35.4455 0
      vertex 66.3135 35.636 0
    endloop
  endfacet
  facet normal -0.522459 0.852664 0
    outer loop
      vertex 2.83925 35.1332 0
      vertex 2.14352 34.7069 15.4
      vertex 2.83925 35.1332 15.4
    endloop
  endfacet
  facet normal -0.522459 0.852664 0
    outer loop
      vertex 2.14352 34.7069 15.4
      vertex 2.83925 35.1332 0
      vertex 2.14352 34.7069 0
    endloop
  endfacet
  facet normal 0.760441 0.649408 0
    outer loop
      vertex 69.7069 33.5565 15.4
      vertex 69.177 34.177 0
      vertex 69.177 34.177 15.4
    endloop
  endfacet
  facet normal 0.760441 0.649408 0
    outer loop
      vertex 69.177 34.177 0
      vertex 69.7069 33.5565 15.4
      vertex 69.7069 33.5565 0
    endloop
  endfacet
  facet normal -0.97237 -0.233445 0
    outer loop
      vertex 0.254506 3.59311 0
      vertex 0.0640202 4.38654 15.4
      vertex 0.0640202 4.38654 0
    endloop
  endfacet
  facet normal -0.97237 -0.233445 0
    outer loop
      vertex 0.0640202 4.38654 15.4
      vertex 0.254506 3.59311 0
      vertex 0.254506 3.59311 15.4
    endloop
  endfacet
  facet normal -0.233445 -0.97237 0
    outer loop
      vertex 3.59311 0.254506 0
      vertex 4.38654 0.0640202 15.4
      vertex 3.59311 0.254506 15.4
    endloop
  endfacet
  facet normal -0.233445 -0.97237 -0
    outer loop
      vertex 4.38654 0.0640202 15.4
      vertex 3.59311 0.254506 0
      vertex 4.38654 0.0640202 0
    endloop
  endfacet
  facet normal 0.38271 -0.923868 0
    outer loop
      vertex 67.1069 0.254506 0
      vertex 67.8607 0.566766 15.4
      vertex 67.1069 0.254506 15.4
    endloop
  endfacet
  facet normal 0.38271 -0.923868 0
    outer loop
      vertex 67.8607 0.566766 15.4
      vertex 67.1069 0.254506 0
      vertex 67.8607 0.566766 0
    endloop
  endfacet
  facet normal -0 0 1
    outer loop
      vertex 5.2 35.7 15.4
      vertex 9.1 33.3 15.4
      vertex 9.1 35.7 15.4
    endloop
  endfacet
  facet normal 0 0 1
    outer loop
      vertex 5.2 35.7 15.4
      vertex 5.2 33.3 15.4
      vertex 9.1 33.3 15.4
    endloop
  endfacet
  facet normal 0 0 1
    outer loop
      vertex 5.2 35.7 15.4
      vertex 4.76198 33.2655 15.4
      vertex 5.2 33.3 15.4
    endloop
  endfacet
  facet normal -0 0 1
    outer loop
      vertex 4.38654 35.636 15.4
      vertex 4.76198 33.2655 15.4
      vertex 5.2 35.7 15.4
    endloop
  endfacet
  facet normal 0 0 1
    outer loop
      vertex 4.38654 35.636 15.4
      vertex 4.33475 33.163 15.4
      vertex 4.76198 33.2655 15.4
    endloop
  endfacet
  facet normal -0 0 1
    outer loop
      vertex 3.59311 35.4455 15.4
      vertex 4.33475 33.163 15.4
      vertex 4.38654 35.636 15.4
    endloop
  endfacet
  facet normal 0 0 1
    outer loop
      vertex 4.33475 33.163 15.4
      vertex 3.59311 35.4455 15.4
      vertex 3.92883 32.9948 15.4
    endloop
  endfacet
  facet normal -0 0 1
    outer loop
      vertex 2.83925 35.1332 15.4
      vertex 3.92883 32.9948 15.4
      vertex 3.59311 35.4455 15.4
    endloop
  endfacet
  facet normal 0 0 1
    outer loop
      vertex 3.92883 32.9948 15.4
      vertex 2.83925 35.1332 15.4
      vertex 3.5542 32.7652 15.4
    endloop
  endfacet
  facet normal -0 0 1
    outer loop
      vertex 2.14352 34.7069 15.4
      vertex 3.5542 32.7652 15.4
      vertex 2.83925 35.1332 15.4
    endloop
  endfacet
  facet normal 0 0 1
    outer loop
      vertex 3.5542 32.7652 15.4
      vertex 2.14352 34.7069 15.4
      vertex 3.2201 32.4799 15.4
    endloop
  endfacet
  facet normal -0 0 1
    outer loop
      vertex 1.52304 34.177 15.4
      vertex 3.2201 32.4799 15.4
      vertex 2.14352 34.7069 15.4
    endloop
  endfacet
  facet normal 0 0 1
    outer loop
      vertex 3.2201 32.4799 15.4
      vertex 1.52304 34.177 15.4
      vertex 2.93475 32.1458 15.4
    endloop
  endfacet
  facet normal -0 0 1
    outer loop
      vertex 0.993112 33.5565 15.4
      vertex 2.93475 32.1458 15.4
      vertex 1.52304 34.177 15.4
    endloop
  endfacet
  facet normal 0 0 1
    outer loop
      vertex 2.70518 31.7712 15.4
      vertex 0.566766 32.8607 15.4
      vertex 2.53704 31.3652 15.4
    endloop
  endfacet
  facet normal -0 0 1
    outer loop
      vertex 0.566766 32.8607 15.4
      vertex 2.70518 31.7712 15.4
      vertex 0.993112 33.5565 15.4
    endloop
  endfacet
  facet normal 0 0 1
    outer loop
      vertex 2.93475 32.1458 15.4
      vertex 0.993112 33.5565 15.4
      vertex 2.70518 31.7712 15.4
    endloop
  endfacet
  facet normal 0 0 1
    outer loop
      vertex 68.3 30.5 15.4
      vertex 70.7 30.5 15.4
      vertex 70.636 31.3135 15.4
    endloop
  endfacet
  facet normal 0 0 1
    outer loop
      vertex 70.7 30.5 15.4
      vertex 68.3 30.5 15.4
      vertex 70.7 5.2 15.4
    endloop
  endfacet
  facet normal 0 0 1
    outer loop
      vertex 68.2655 30.938 15.4
      vertex 70.636 31.3135 15.4
      vertex 70.4455 32.1069 15.4
    endloop
  endfacet
  facet normal 0 0 1
    outer loop
      vertex 68.3 5.2 15.4
      vertex 70.7 5.2 15.4
      vertex 68.3 30.5 15.4
    endloop
  endfacet
  facet normal 0 0 1
    outer loop
      vertex 68.163 31.3652 15.4
      vertex 70.4455 32.1069 15.4
      vertex 70.1332 32.8607 15.4
    endloop
  endfacet
  facet normal 0 0 1
    outer loop
      vertex 70.7 5.2 15.4
      vertex 68.3 5.2 15.4
      vertex 70.636 4.38654 15.4
    endloop
  endfacet
  facet normal 0 0 1
    outer loop
      vertex 67.9948 31.7712 15.4
      vertex 70.1332 32.8607 15.4
      vertex 69.7069 33.5565 15.4
    endloop
  endfacet
  facet normal -0 0 1
    outer loop
      vertex 68.2655 4.76198 15.4
      vertex 70.636 4.38654 15.4
      vertex 68.3 5.2 15.4
    endloop
  endfacet
  facet normal 0 0 1
    outer loop
      vertex 67.7652 32.1458 15.4
      vertex 69.7069 33.5565 15.4
      vertex 69.177 34.177 15.4
    endloop
  endfacet
  facet normal 0 0 1
    outer loop
      vertex 70.636 4.38654 15.4
      vertex 68.2655 4.76198 15.4
      vertex 70.4455 3.59311 15.4
    endloop
  endfacet
  facet normal 0 0 1
    outer loop
      vertex 67.4799 32.4799 15.4
      vertex 69.177 34.177 15.4
      vertex 68.5565 34.7069 15.4
    endloop
  endfacet
  facet normal -0 0 1
    outer loop
      vertex 68.163 4.33475 15.4
      vertex 70.4455 3.59311 15.4
      vertex 68.2655 4.76198 15.4
    endloop
  endfacet
  facet normal 0 0 1
    outer loop
      vertex 70.4455 3.59311 15.4
      vertex 68.163 4.33475 15.4
      vertex 70.1332 2.83925 15.4
    endloop
  endfacet
  facet normal 0 0 1
    outer loop
      vertex 70.636 31.3135 15.4
      vertex 68.2655 30.938 15.4
      vertex 68.3 30.5 15.4
    endloop
  endfacet
  facet normal 0 0 1
    outer loop
      vertex 70.4455 32.1069 15.4
      vertex 68.163 31.3652 15.4
      vertex 68.2655 30.938 15.4
    endloop
  endfacet
  facet normal 0 0 1
    outer loop
      vertex 70.1332 32.8607 15.4
      vertex 67.9948 31.7712 15.4
      vertex 68.163 31.3652 15.4
    endloop
  endfacet
  facet normal 0 0 1
    outer loop
      vertex 67.1458 32.7652 15.4
      vertex 68.5565 34.7069 15.4
      vertex 67.8607 35.1332 15.4
    endloop
  endfacet
  facet normal 0 0 1
    outer loop
      vertex 69.7069 33.5565 15.4
      vertex 67.7652 32.1458 15.4
      vertex 67.9948 31.7712 15.4
    endloop
  endfacet
  facet normal 0 0 1
    outer loop
      vertex 69.177 34.177 15.4
      vertex 67.4799 32.4799 15.4
      vertex 67.7652 32.1458 15.4
    endloop
  endfacet
  facet normal 0 0 1
    outer loop
      vertex 68.5565 34.7069 15.4
      vertex 67.1458 32.7652 15.4
      vertex 67.4799 32.4799 15.4
    endloop
  endfacet
  facet normal 0 0 1
    outer loop
      vertex 66.7712 32.9948 15.4
      vertex 67.8607 35.1332 15.4
      vertex 67.1069 35.4455 15.4
    endloop
  endfacet
  facet normal 0 0 1
    outer loop
      vertex 67.8607 35.1332 15.4
      vertex 66.7712 32.9948 15.4
      vertex 67.1458 32.7652 15.4
    endloop
  endfacet
  facet normal 0 0 1
    outer loop
      vertex 67.1069 35.4455 15.4
      vertex 66.3652 33.163 15.4
      vertex 66.7712 32.9948 15.4
    endloop
  endfacet
  facet normal 0 0 1
    outer loop
      vertex 66.3135 35.636 15.4
      vertex 66.3652 33.163 15.4
      vertex 67.1069 35.4455 15.4
    endloop
  endfacet
  facet normal 0 0 1
    outer loop
      vertex 66.3135 35.636 15.4
      vertex 65.938 33.2655 15.4
      vertex 66.3652 33.163 15.4
    endloop
  endfacet
  facet normal 0 0 1
    outer loop
      vertex 65.5 35.7 15.4
      vertex 65.938 33.2655 15.4
      vertex 66.3135 35.636 15.4
    endloop
  endfacet
  facet normal 0 0 1
    outer loop
      vertex 65.5 35.7 15.4
      vertex 65.5 33.3 15.4
      vertex 65.938 33.2655 15.4
    endloop
  endfacet
  facet normal -0 0 1
    outer loop
      vertex 61.5 35.7 15.4
      vertex 65.5 33.3 15.4
      vertex 65.5 35.7 15.4
    endloop
  endfacet
  facet normal 0 0 1
    outer loop
      vertex 65.5 33.3 15.4
      vertex 61.5 35.7 15.4
      vertex 61.5 33.3 15.4
    endloop
  endfacet
  facet normal -0 0 1
    outer loop
      vertex 67.9948 3.92883 15.4
      vertex 70.1332 2.83925 15.4
      vertex 68.163 4.33475 15.4
    endloop
  endfacet
  facet normal 0 0 1
    outer loop
      vertex 70.1332 2.83925 15.4
      vertex 67.9948 3.92883 15.4
      vertex 69.7069 2.14352 15.4
    endloop
  endfacet
  facet normal -0 0 1
    outer loop
      vertex 67.7652 3.5542 15.4
      vertex 69.7069 2.14352 15.4
      vertex 67.9948 3.92883 15.4
    endloop
  endfacet
  facet normal 0 0 1
    outer loop
      vertex 69.7069 2.14352 15.4
      vertex 67.7652 3.5542 15.4
      vertex 69.177 1.52304 15.4
    endloop
  endfacet
  facet normal -0 0 1
    outer loop
      vertex 67.4799 3.2201 15.4
      vertex 69.177 1.52304 15.4
      vertex 67.7652 3.5542 15.4
    endloop
  endfacet
  facet normal 0 0 1
    outer loop
      vertex 69.177 1.52304 15.4
      vertex 67.4799 3.2201 15.4
      vertex 68.5565 0.993112 15.4
    endloop
  endfacet
  facet normal -0 0 1
    outer loop
      vertex 67.1458 2.93475 15.4
      vertex 68.5565 0.993112 15.4
      vertex 67.4799 3.2201 15.4
    endloop
  endfacet
  facet normal 0 0 1
    outer loop
      vertex 68.5565 0.993112 15.4
      vertex 67.1458 2.93475 15.4
      vertex 67.8607 0.566766 15.4
    endloop
  endfacet
  facet normal -0 0 1
    outer loop
      vertex 66.7712 2.70518 15.4
      vertex 67.8607 0.566766 15.4
      vertex 67.1458 2.93475 15.4
    endloop
  endfacet
  facet normal 0 0 1
    outer loop
      vertex 67.8607 0.566766 15.4
      vertex 66.7712 2.70518 15.4
      vertex 67.1069 0.254506 15.4
    endloop
  endfacet
  facet normal -0 0 1
    outer loop
      vertex 66.3652 2.53704 15.4
      vertex 67.1069 0.254506 15.4
      vertex 66.7712 2.70518 15.4
    endloop
  endfacet
  facet normal 0 0 1
    outer loop
      vertex 66.3652 2.53704 15.4
      vertex 66.3135 0.0640202 15.4
      vertex 67.1069 0.254506 15.4
    endloop
  endfacet
  facet normal -0 0 1
    outer loop
      vertex 65.938 2.43447 15.4
      vertex 66.3135 0.0640202 15.4
      vertex 66.3652 2.53704 15.4
    endloop
  endfacet
  facet normal -0 0 1
    outer loop
      vertex 65.5 2.4 15.4
      vertex 66.3135 0.0640202 15.4
      vertex 65.938 2.43447 15.4
    endloop
  endfacet
  facet normal 0 0 1
    outer loop
      vertex 65.5 2.4 15.4
      vertex 65.5 0 15.4
      vertex 66.3135 0.0640202 15.4
    endloop
  endfacet
  facet normal 0 0 1
    outer loop
      vertex 65.5 2.4 15.4
      vertex 5.2 0 15.4
      vertex 65.5 0 15.4
    endloop
  endfacet
  facet normal -0 0 1
    outer loop
      vertex 5.2 2.4 15.4
      vertex 5.2 0 15.4
      vertex 65.5 2.4 15.4
    endloop
  endfacet
  facet normal 0 0 1
    outer loop
      vertex 4.76198 2.43447 15.4
      vertex 5.2 0 15.4
      vertex 5.2 2.4 15.4
    endloop
  endfacet
  facet normal 0 0 1
    outer loop
      vertex 4.76198 2.43447 15.4
      vertex 4.38654 0.0640202 15.4
      vertex 5.2 0 15.4
    endloop
  endfacet
  facet normal 0 0 1
    outer loop
      vertex 4.33475 2.53704 15.4
      vertex 4.38654 0.0640202 15.4
      vertex 4.76198 2.43447 15.4
    endloop
  endfacet
  facet normal 0 0 1
    outer loop
      vertex 3.59311 0.254506 15.4
      vertex 4.33475 2.53704 15.4
      vertex 3.92883 2.70518 15.4
    endloop
  endfacet
  facet normal 0 0 1
    outer loop
      vertex 4.33475 2.53704 15.4
      vertex 3.59311 0.254506 15.4
      vertex 4.38654 0.0640202 15.4
    endloop
  endfacet
  facet normal 0 0 1
    outer loop
      vertex 2.83925 0.566766 15.4
      vertex 3.92883 2.70518 15.4
      vertex 3.5542 2.93475 15.4
    endloop
  endfacet
  facet normal 0 0 1
    outer loop
      vertex 2.14352 0.993112 15.4
      vertex 3.5542 2.93475 15.4
      vertex 3.2201 3.2201 15.4
    endloop
  endfacet
  facet normal 0 0 1
    outer loop
      vertex 1.52304 1.52304 15.4
      vertex 3.2201 3.2201 15.4
      vertex 2.93475 3.5542 15.4
    endloop
  endfacet
  facet normal 0 0 1
    outer loop
      vertex 3.92883 2.70518 15.4
      vertex 2.83925 0.566766 15.4
      vertex 3.59311 0.254506 15.4
    endloop
  endfacet
  facet normal 0 0 1
    outer loop
      vertex 0.993112 2.14352 15.4
      vertex 2.93475 3.5542 15.4
      vertex 2.70518 3.92883 15.4
    endloop
  endfacet
  facet normal 0 0 1
    outer loop
      vertex 0.566766 2.83925 15.4
      vertex 2.70518 3.92883 15.4
      vertex 2.53704 4.33475 15.4
    endloop
  endfacet
  facet normal 0 0 1
    outer loop
      vertex 0.254506 3.59311 15.4
      vertex 2.53704 4.33475 15.4
      vertex 2.43447 4.76198 15.4
    endloop
  endfacet
  facet normal 0 0 1
    outer loop
      vertex 3.5542 2.93475 15.4
      vertex 2.14352 0.993112 15.4
      vertex 2.83925 0.566766 15.4
    endloop
  endfacet
  facet normal 0 0 1
    outer loop
      vertex 0.0640202 4.38654 15.4
      vertex 2.43447 4.76198 15.4
      vertex 2.4 5.2 15.4
    endloop
  endfacet
  facet normal 0 0 1
    outer loop
      vertex 2.4 30.5 15.4
      vertex 0 30.5 15.4
      vertex 2.4 5.2 15.4
    endloop
  endfacet
  facet normal -0 0 1
    outer loop
      vertex 0.254506 32.1069 15.4
      vertex 2.53704 31.3652 15.4
      vertex 0.566766 32.8607 15.4
    endloop
  endfacet
  facet normal 0 0 1
    outer loop
      vertex 0 5.2 15.4
      vertex 2.4 5.2 15.4
      vertex 0 30.5 15.4
    endloop
  endfacet
  facet normal 0 0 1
    outer loop
      vertex 2.53704 31.3652 15.4
      vertex 0.254506 32.1069 15.4
      vertex 2.43447 30.938 15.4
    endloop
  endfacet
  facet normal 0 -0 1
    outer loop
      vertex 0.0640202 4.38654 15.4
      vertex 2.4 5.2 15.4
      vertex 0 5.2 15.4
    endloop
  endfacet
  facet normal -0 0 1
    outer loop
      vertex 0.0640202 31.3135 15.4
      vertex 2.43447 30.938 15.4
      vertex 0.254506 32.1069 15.4
    endloop
  endfacet
  facet normal 0 0 1
    outer loop
      vertex 3.2201 3.2201 15.4
      vertex 1.52304 1.52304 15.4
      vertex 2.14352 0.993112 15.4
    endloop
  endfacet
  facet normal 0 0 1
    outer loop
      vertex 2.43447 30.938 15.4
      vertex 0.0640202 31.3135 15.4
      vertex 2.4 30.5 15.4
    endloop
  endfacet
  facet normal 0 0 1
    outer loop
      vertex 2.93475 3.5542 15.4
      vertex 0.993112 2.14352 15.4
      vertex 1.52304 1.52304 15.4
    endloop
  endfacet
  facet normal 0 0 1
    outer loop
      vertex 2.4 30.5 15.4
      vertex 0.0640202 31.3135 15.4
      vertex 0 30.5 15.4
    endloop
  endfacet
  facet normal 0 0 1
    outer loop
      vertex 2.70518 3.92883 15.4
      vertex 0.566766 2.83925 15.4
      vertex 0.993112 2.14352 15.4
    endloop
  endfacet
  facet normal 0 0 1
    outer loop
      vertex 2.53704 4.33475 15.4
      vertex 0.254506 3.59311 15.4
      vertex 0.566766 2.83925 15.4
    endloop
  endfacet
  facet normal 0 0 1
    outer loop
      vertex 2.43447 4.76198 15.4
      vertex 0.0640202 4.38654 15.4
      vertex 0.254506 3.59311 15.4
    endloop
  endfacet
  facet normal 0 0 -1
    outer loop
      vertex 16.45 23.0814 0
      vertex 17.1013 23.85 0
      vertex 18.68 21.7939 0
    endloop
  endfacet
  facet normal 0 0 -1
    outer loop
      vertex 16.45 23.0814 0
      vertex 16.45 23.474 0
      vertex 17.1013 23.85 0
    endloop
  endfacet
  facet normal 0 0 -1
    outer loop
      vertex 16.45 23.0814 0
      vertex 15.7987 23.85 0
      vertex 16.45 23.474 0
    endloop
  endfacet
  facet normal 0 -0 -1
    outer loop
      vertex 15.7987 23.85 0
      vertex 16.45 23.0814 0
      vertex 14.85 22.1576 0
    endloop
  endfacet
  facet normal 0 0 -1
    outer loop
      vertex 16.45 17.5388 0
      vertex 18.68 19.2189 0
      vertex 18.68 16.2513 0
    endloop
  endfacet
  facet normal 0 0 -1
    outer loop
      vertex 16.45 17.5388 0
      vertex 16.45 17.9314 0
      vertex 18.68 19.2189 0
    endloop
  endfacet
  facet normal 0 0 -1
    outer loop
      vertex 14.85 16.6151 0
      vertex 16.45 17.9314 0
      vertex 16.45 17.5388 0
    endloop
  endfacet
  facet normal -0 0 -1
    outer loop
      vertex 16.45 17.9314 0
      vertex 14.85 16.6151 0
      vertex 14.85 18.8551 0
    endloop
  endfacet
  facet normal 0 0 -1
    outer loop
      vertex 16.45 11.9963 0
      vertex 18.68 13.6763 0
      vertex 18.68 10.7088 0
    endloop
  endfacet
  facet normal 0 0 -1
    outer loop
      vertex 16.45 11.9963 0
      vertex 16.45 12.3888 0
      vertex 18.68 13.6763 0
    endloop
  endfacet
  facet normal 0 0 -1
    outer loop
      vertex 14.85 11.0725 0
      vertex 16.45 12.3888 0
      vertex 16.45 11.9963 0
    endloop
  endfacet
  facet normal -0 0 -1
    outer loop
      vertex 16.45 12.3888 0
      vertex 14.85 11.0725 0
      vertex 14.85 13.3126 0
    endloop
  endfacet
  facet normal 0 0 -1
    outer loop
      vertex 21.25 20.3101 0
      vertex 23.48 21.9902 0
      vertex 23.48 19.0226 0
    endloop
  endfacet
  facet normal 0 0 -1
    outer loop
      vertex 21.25 20.3101 0
      vertex 21.25 20.7027 0
      vertex 23.48 21.9902 0
    endloop
  endfacet
  facet normal 0 0 -1
    outer loop
      vertex 19.02 19.0226 0
      vertex 21.25 20.7027 0
      vertex 21.25 20.3101 0
    endloop
  endfacet
  facet normal -0 0 -1
    outer loop
      vertex 21.25 20.7027 0
      vertex 19.02 19.0226 0
      vertex 19.02 21.9902 0
    endloop
  endfacet
  facet normal 0 0 -1
    outer loop
      vertex 21.25 14.7675 0
      vertex 23.48 16.4476 0
      vertex 23.48 13.48 0
    endloop
  endfacet
  facet normal 0 0 -1
    outer loop
      vertex 21.25 14.7675 0
      vertex 21.25 15.1601 0
      vertex 23.48 16.4476 0
    endloop
  endfacet
  facet normal 0 0 -1
    outer loop
      vertex 19.02 13.48 0
      vertex 21.25 15.1601 0
      vertex 21.25 14.7675 0
    endloop
  endfacet
  facet normal -0 0 -1
    outer loop
      vertex 21.25 15.1601 0
      vertex 19.02 13.48 0
      vertex 19.02 16.4476 0
    endloop
  endfacet
  facet normal 0 0 -1
    outer loop
      vertex 23.7366 6.92111 0
      vertex 21.6526 9.84999 0
      vertex 23.82 9.84999 0
    endloop
  endfacet
  facet normal 0 0 -1
    outer loop
      vertex 21.6526 9.84999 0
      vertex 23.4557 6.74893 0
      vertex 23.2051 6.53492 0
    endloop
  endfacet
  facet normal 0 0 -1
    outer loop
      vertex 21.6526 9.84999 0
      vertex 23.2051 6.53492 0
      vertex 22.9911 6.28435 0
    endloop
  endfacet
  facet normal 0 0 -1
    outer loop
      vertex 20.8474 9.84999 0
      vertex 22.9911 6.28435 0
      vertex 22.8189 6.00338 0
    endloop
  endfacet
  facet normal 0 0 -1
    outer loop
      vertex 20.8474 9.84999 0
      vertex 22.8189 6.00338 0
      vertex 22.6928 5.69894 0
    endloop
  endfacet
  facet normal 0 0 -1
    outer loop
      vertex 18.68 9.84999 0
      vertex 22.6928 5.69894 0
      vertex 22.6159 5.37851 0
    endloop
  endfacet
  facet normal 0 0 -1
    outer loop
      vertex 23.82 9.84999 0
      vertex 21.6526 9.84999 0
      vertex 23.48 10.905 0
    endloop
  endfacet
  facet normal 0 0 -1
    outer loop
      vertex 18.68 9.84999 0
      vertex 22.6159 5.37851 0
      vertex 22.59 5.05 0
    endloop
  endfacet
  facet normal 0 0 -1
    outer loop
      vertex 26.05 23.0814 0
      vertex 26.7013 23.85 0
      vertex 28.28 21.7939 0
    endloop
  endfacet
  facet normal 0 0 -1
    outer loop
      vertex 26.05 23.0814 0
      vertex 26.05 23.474 0
      vertex 26.7013 23.85 0
    endloop
  endfacet
  facet normal 0 0 -1
    outer loop
      vertex 26.05 23.0814 0
      vertex 25.3987 23.85 0
      vertex 26.05 23.474 0
    endloop
  endfacet
  facet normal 0 -0 -1
    outer loop
      vertex 25.3987 23.85 0
      vertex 26.05 23.0814 0
      vertex 23.82 21.7939 0
    endloop
  endfacet
  facet normal 0 0 -1
    outer loop
      vertex 26.05 17.5388 0
      vertex 28.28 19.2189 0
      vertex 28.28 16.2513 0
    endloop
  endfacet
  facet normal 0 0 -1
    outer loop
      vertex 26.05 17.5388 0
      vertex 26.05 17.9314 0
      vertex 28.28 19.2189 0
    endloop
  endfacet
  facet normal 0 0 -1
    outer loop
      vertex 23.82 16.2513 0
      vertex 26.05 17.9314 0
      vertex 26.05 17.5388 0
    endloop
  endfacet
  facet normal -0 0 -1
    outer loop
      vertex 26.05 17.9314 0
      vertex 23.82 16.2513 0
      vertex 23.82 19.2189 0
    endloop
  endfacet
  facet normal 0 0 -1
    outer loop
      vertex 26.05 11.9963 0
      vertex 28.28 13.6763 0
      vertex 28.28 10.7088 0
    endloop
  endfacet
  facet normal 0 0 -1
    outer loop
      vertex 26.05 11.9963 0
      vertex 26.05 12.3888 0
      vertex 28.28 13.6763 0
    endloop
  endfacet
  facet normal 0 0 -1
    outer loop
      vertex 23.82 10.7088 0
      vertex 26.05 12.3888 0
      vertex 26.05 11.9963 0
    endloop
  endfacet
  facet normal -0 0 -1
    outer loop
      vertex 26.05 12.3888 0
      vertex 23.82 10.7088 0
      vertex 23.82 13.6763 0
    endloop
  endfacet
  facet normal 0 0 -1
    outer loop
      vertex 30.85 20.3101 0
      vertex 33.08 21.9902 0
      vertex 33.08 19.0226 0
    endloop
  endfacet
  facet normal 0 0 -1
    outer loop
      vertex 30.85 20.3101 0
      vertex 30.85 20.7027 0
      vertex 33.08 21.9902 0
    endloop
  endfacet
  facet normal 0 0 -1
    outer loop
      vertex 28.62 19.0226 0
      vertex 30.85 20.7027 0
      vertex 30.85 20.3101 0
    endloop
  endfacet
  facet normal -0 0 -1
    outer loop
      vertex 30.85 20.7027 0
      vertex 28.62 19.0226 0
      vertex 28.62 21.9902 0
    endloop
  endfacet
  facet normal 0 0 -1
    outer loop
      vertex 30.85 14.7675 0
      vertex 33.08 16.4476 0
      vertex 33.08 13.48 0
    endloop
  endfacet
  facet normal 0 0 -1
    outer loop
      vertex 30.85 14.7675 0
      vertex 30.85 15.1601 0
      vertex 33.08 16.4476 0
    endloop
  endfacet
  facet normal 0 0 -1
    outer loop
      vertex 28.62 13.48 0
      vertex 30.85 15.1601 0
      vertex 30.85 14.7675 0
    endloop
  endfacet
  facet normal -0 0 -1
    outer loop
      vertex 30.85 15.1601 0
      vertex 28.62 13.48 0
      vertex 28.62 16.4476 0
    endloop
  endfacet
  facet normal 0 0 -1
    outer loop
      vertex 26.6872 5.69894 0
      vertex 30.4474 9.84999 0
      vertex 26.7641 5.37851 0
    endloop
  endfacet
  facet normal 0 0 -1
    outer loop
      vertex 26.5611 6.00338 0
      vertex 30.4474 9.84999 0
      vertex 26.6872 5.69894 0
    endloop
  endfacet
  facet normal -0 0 -1
    outer loop
      vertex 30.4474 9.84999 0
      vertex 26.5611 6.00338 0
      vertex 28.28 9.84999 0
    endloop
  endfacet
  facet normal 0 0 -1
    outer loop
      vertex 26.3889 6.28435 0
      vertex 28.28 9.84999 0
      vertex 26.5611 6.00338 0
    endloop
  endfacet
  facet normal 0 0 -1
    outer loop
      vertex 26.1749 6.53492 0
      vertex 28.28 9.84999 0
      vertex 26.3889 6.28435 0
    endloop
  endfacet
  facet normal 0 0 -1
    outer loop
      vertex 25.9243 6.74893 0
      vertex 28.28 9.84999 0
      vertex 26.1749 6.53492 0
    endloop
  endfacet
  facet normal 0 0 -1
    outer loop
      vertex 25.6434 6.92111 0
      vertex 28.28 9.84999 0
      vertex 25.9243 6.74893 0
    endloop
  endfacet
  facet normal 0 0 -1
    outer loop
      vertex 25.3389 7.04722 0
      vertex 28.28 9.84999 0
      vertex 25.6434 6.92111 0
    endloop
  endfacet
  facet normal 0 0 -1
    outer loop
      vertex 23.82 9.84999 0
      vertex 25.3389 7.04722 0
      vertex 25.0185 7.12415 0
    endloop
  endfacet
  facet normal 0 0 -1
    outer loop
      vertex 23.82 9.84999 0
      vertex 25.0185 7.12415 0
      vertex 24.69 7.15 0
    endloop
  endfacet
  facet normal 0 0 -1
    outer loop
      vertex 23.82 9.84999 0
      vertex 24.69 7.15 0
      vertex 24.3615 7.12415 0
    endloop
  endfacet
  facet normal 0 0 -1
    outer loop
      vertex 23.82 9.84999 0
      vertex 24.3615 7.12415 0
      vertex 24.0411 7.04722 0
    endloop
  endfacet
  facet normal 0 0 -1
    outer loop
      vertex 25.3389 7.04722 0
      vertex 23.82 9.84999 0
      vertex 28.28 9.84999 0
    endloop
  endfacet
  facet normal 0 0 -1
    outer loop
      vertex 23.48 10.905 0
      vertex 23.82 10.7088 0
      vertex 23.82 9.84999 0
    endloop
  endfacet
  facet normal 0 0 -1
    outer loop
      vertex 23.82 10.7088 0
      vertex 23.48 10.905 0
      vertex 23.82 13.6763 0
    endloop
  endfacet
  facet normal -0 0 -1
    outer loop
      vertex 23.82 13.6763 0
      vertex 23.48 13.48 0
      vertex 23.82 16.2513 0
    endloop
  endfacet
  facet normal 0 0 -1
    outer loop
      vertex 23.48 16.4476 0
      vertex 23.82 16.2513 0
      vertex 23.48 13.48 0
    endloop
  endfacet
  facet normal 0 0 -1
    outer loop
      vertex 21.6526 9.84999 0
      vertex 23.7366 6.92111 0
      vertex 23.4557 6.74893 0
    endloop
  endfacet
  facet normal 0 0 -1
    outer loop
      vertex 23.7366 6.92111 0
      vertex 23.82 9.84999 0
      vertex 24.0411 7.04722 0
    endloop
  endfacet
  facet normal 0 0 -1
    outer loop
      vertex 35.65 23.0814 0
      vertex 36.3013 23.85 0
      vertex 36.85 22.3886 0
    endloop
  endfacet
  facet normal 0 0 -1
    outer loop
      vertex 35.65 23.0814 0
      vertex 35.65 23.474 0
      vertex 36.3013 23.85 0
    endloop
  endfacet
  facet normal 0 0 -1
    outer loop
      vertex 35.65 23.0814 0
      vertex 34.9987 23.85 0
      vertex 35.65 23.474 0
    endloop
  endfacet
  facet normal 0 -0 -1
    outer loop
      vertex 34.9987 23.85 0
      vertex 35.65 23.0814 0
      vertex 33.42 21.7939 0
    endloop
  endfacet
  facet normal 0 0 -1
    outer loop
      vertex 35.65 17.5388 0
      vertex 36.85 18.6242 0
      vertex 36.85 16.846 0
    endloop
  endfacet
  facet normal 0 0 -1
    outer loop
      vertex 35.65 17.5388 0
      vertex 35.65 17.9314 0
      vertex 36.85 18.6242 0
    endloop
  endfacet
  facet normal 0 0 -1
    outer loop
      vertex 33.42 16.2513 0
      vertex 35.65 17.9314 0
      vertex 35.65 17.5388 0
    endloop
  endfacet
  facet normal -0 0 -1
    outer loop
      vertex 35.65 17.9314 0
      vertex 33.42 16.2513 0
      vertex 33.42 19.2189 0
    endloop
  endfacet
  facet normal 0 0 -1
    outer loop
      vertex 35.65 11.9963 0
      vertex 36.85 13.0816 0
      vertex 36.85 11.3034 0
    endloop
  endfacet
  facet normal 0 0 -1
    outer loop
      vertex 35.65 11.9963 0
      vertex 35.65 12.3888 0
      vertex 36.85 13.0816 0
    endloop
  endfacet
  facet normal 0 0 -1
    outer loop
      vertex 33.42 10.7088 0
      vertex 35.65 12.3888 0
      vertex 35.65 11.9963 0
    endloop
  endfacet
  facet normal -0 0 -1
    outer loop
      vertex 35.65 12.3888 0
      vertex 33.42 10.7088 0
      vertex 33.42 13.6763 0
    endloop
  endfacet
  facet normal 0 0 -1
    outer loop
      vertex 65.5 0 0
      vertex 70.7 5.2 0
      vertex 70.636 4.38654 0
    endloop
  endfacet
  facet normal 0 0 -1
    outer loop
      vertex 70.7 5.2 0
      vertex 36.85 16.846 0
      vertex 70.7 30.5 0
    endloop
  endfacet
  facet normal 0 0 -1
    outer loop
      vertex 65.5 0 0
      vertex 70.636 4.38654 0
      vertex 70.4455 3.59311 0
    endloop
  endfacet
  facet normal 0 0 -1
    outer loop
      vertex 36.85 18.6242 0
      vertex 70.7 30.5 0
      vertex 36.85 16.846 0
    endloop
  endfacet
  facet normal 0 0 -1
    outer loop
      vertex 65.5 0 0
      vertex 70.4455 3.59311 0
      vertex 70.1332 2.83925 0
    endloop
  endfacet
  facet normal -0 0 -1
    outer loop
      vertex 70.7 5.2 0
      vertex 65.5 0 0
      vertex 36.85 16.846 0
    endloop
  endfacet
  facet normal 0 0 -1
    outer loop
      vertex 65.5 0 0
      vertex 70.1332 2.83925 0
      vertex 69.7069 2.14352 0
    endloop
  endfacet
  facet normal 0 -0 -1
    outer loop
      vertex 65.5 35.7 0
      vertex 70.7 30.5 0
      vertex 36.85 18.6242 0
    endloop
  endfacet
  facet normal 0 0 -1
    outer loop
      vertex 65.5 0 0
      vertex 69.7069 2.14352 0
      vertex 69.177 1.52304 0
    endloop
  endfacet
  facet normal 0 0 -1
    outer loop
      vertex 70.4455 32.1069 0
      vertex 65.5 35.7 0
      vertex 70.1332 32.8607 0
    endloop
  endfacet
  facet normal 0 0 -1
    outer loop
      vertex 65.5 0 0
      vertex 69.177 1.52304 0
      vertex 68.5565 0.993112 0
    endloop
  endfacet
  facet normal 0 0 -1
    outer loop
      vertex 70.1332 32.8607 0
      vertex 65.5 35.7 0
      vertex 69.7069 33.5565 0
    endloop
  endfacet
  facet normal 0 0 -1
    outer loop
      vertex 65.5 0 0
      vertex 68.5565 0.993112 0
      vertex 67.8607 0.566766 0
    endloop
  endfacet
  facet normal 0 0 -1
    outer loop
      vertex 69.7069 33.5565 0
      vertex 65.5 35.7 0
      vertex 69.177 34.177 0
    endloop
  endfacet
  facet normal 0 0 -1
    outer loop
      vertex 65.5 0 0
      vertex 67.8607 0.566766 0
      vertex 67.1069 0.254506 0
    endloop
  endfacet
  facet normal 0 0 -1
    outer loop
      vertex 69.177 34.177 0
      vertex 65.5 35.7 0
      vertex 68.5565 34.7069 0
    endloop
  endfacet
  facet normal 0 0 -1
    outer loop
      vertex 65.5 0 0
      vertex 67.1069 0.254506 0
      vertex 66.3135 0.0640202 0
    endloop
  endfacet
  facet normal 0 0 -1
    outer loop
      vertex 68.5565 34.7069 0
      vertex 65.5 35.7 0
      vertex 67.8607 35.1332 0
    endloop
  endfacet
  facet normal 0 0 -1
    outer loop
      vertex 67.8607 35.1332 0
      vertex 65.5 35.7 0
      vertex 67.1069 35.4455 0
    endloop
  endfacet
  facet normal 0 0 -1
    outer loop
      vertex 67.1069 35.4455 0
      vertex 65.5 35.7 0
      vertex 66.3135 35.636 0
    endloop
  endfacet
  facet normal 0 0 -1
    outer loop
      vertex 36.85 11.3034 0
      vertex 65.5 0 0
      vertex 36.85 9.84999 0
    endloop
  endfacet
  facet normal 0 0 -1
    outer loop
      vertex 26.1749 3.56507 0
      vertex 36.85 9.84999 0
      vertex 65.5 0 0
    endloop
  endfacet
  facet normal 0 0 -1
    outer loop
      vertex 33.08 10.905 0
      vertex 33.42 10.7088 0
      vertex 33.42 9.84999 0
    endloop
  endfacet
  facet normal 0 0 -1
    outer loop
      vertex 33.42 10.7088 0
      vertex 33.08 10.905 0
      vertex 33.42 13.6763 0
    endloop
  endfacet
  facet normal -0 0 -1
    outer loop
      vertex 33.42 13.6763 0
      vertex 33.08 13.48 0
      vertex 33.42 16.2513 0
    endloop
  endfacet
  facet normal 0 0 -1
    outer loop
      vertex 33.08 16.4476 0
      vertex 33.42 16.2513 0
      vertex 33.08 13.48 0
    endloop
  endfacet
  facet normal 0 0 -1
    outer loop
      vertex 33.42 13.6763 0
      vertex 33.08 10.905 0
      vertex 33.08 13.48 0
    endloop
  endfacet
  facet normal 0 0 -1
    outer loop
      vertex 33.42 9.84999 0
      vertex 31.2526 9.84999 0
      vertex 33.08 10.905 0
    endloop
  endfacet
  facet normal 0 -0 -1
    outer loop
      vertex 26.5611 4.09662 0
      vertex 36.85 9.84999 0
      vertex 26.3889 3.81565 0
    endloop
  endfacet
  facet normal -0 0 -1
    outer loop
      vertex 36.85 9.84999 0
      vertex 26.6872 4.40106 0
      vertex 33.42 9.84999 0
    endloop
  endfacet
  facet normal 0 0 -1
    outer loop
      vertex 28.28 13.6763 0
      vertex 28.62 13.48 0
      vertex 28.62 10.905 0
    endloop
  endfacet
  facet normal 0 0 -1
    outer loop
      vertex 28.62 13.48 0
      vertex 28.28 13.6763 0
      vertex 28.62 16.4476 0
    endloop
  endfacet
  facet normal -0 0 -1
    outer loop
      vertex 28.62 16.4476 0
      vertex 28.28 16.2513 0
      vertex 28.62 19.0226 0
    endloop
  endfacet
  facet normal 0 0 -1
    outer loop
      vertex 28.28 19.2189 0
      vertex 28.62 19.0226 0
      vertex 28.28 16.2513 0
    endloop
  endfacet
  facet normal 0 0 -1
    outer loop
      vertex 28.28 10.7088 0
      vertex 28.62 10.905 0
      vertex 28.28 9.84999 0
    endloop
  endfacet
  facet normal 0 0 -1
    outer loop
      vertex 30.4474 9.84999 0
      vertex 28.28 9.84999 0
      vertex 28.62 10.905 0
    endloop
  endfacet
  facet normal 0 -0 -1
    outer loop
      vertex 26.7641 4.72149 0
      vertex 33.42 9.84999 0
      vertex 26.6872 4.40106 0
    endloop
  endfacet
  facet normal 0 0 -1
    outer loop
      vertex 26.7641 5.37851 0
      vertex 31.2526 9.84999 0
      vertex 26.79 5.05 0
    endloop
  endfacet
  facet normal -0 0 -1
    outer loop
      vertex 31.2526 9.84999 0
      vertex 26.7641 5.37851 0
      vertex 30.4474 9.84999 0
    endloop
  endfacet
  facet normal 0 -0 -1
    outer loop
      vertex 26.79 5.05 0
      vertex 31.2526 9.84999 0
      vertex 26.7641 4.72149 0
    endloop
  endfacet
  facet normal -0 0 -1
    outer loop
      vertex 33.42 9.84999 0
      vertex 26.7641 4.72149 0
      vertex 31.2526 9.84999 0
    endloop
  endfacet
  facet normal 0 -0 -1
    outer loop
      vertex 26.6872 4.40106 0
      vertex 36.85 9.84999 0
      vertex 26.5611 4.09662 0
    endloop
  endfacet
  facet normal 0 0 -1
    outer loop
      vertex 36.85 9.84999 0
      vertex 26.1749 3.56507 0
      vertex 26.3889 3.81565 0
    endloop
  endfacet
  facet normal 0 0 -1
    outer loop
      vertex 65.5 0 0
      vertex 25.9243 3.35106 0
      vertex 26.1749 3.56507 0
    endloop
  endfacet
  facet normal 0 0 -1
    outer loop
      vertex 65.5 0 0
      vertex 25.6434 3.17889 0
      vertex 25.9243 3.35106 0
    endloop
  endfacet
  facet normal 0 0 -1
    outer loop
      vertex 65.5 0 0
      vertex 25.3389 3.05278 0
      vertex 25.6434 3.17889 0
    endloop
  endfacet
  facet normal 0 0 -1
    outer loop
      vertex 65.5 0 0
      vertex 25.0185 2.97585 0
      vertex 25.3389 3.05278 0
    endloop
  endfacet
  facet normal 0 0 -1
    outer loop
      vertex 65.5 0 0
      vertex 24.69 2.95 0
      vertex 25.0185 2.97585 0
    endloop
  endfacet
  facet normal 0 0 -1
    outer loop
      vertex 18.68 9.84999 0
      vertex 22.59 5.05 0
      vertex 22.6159 4.72149 0
    endloop
  endfacet
  facet normal 0 0 -1
    outer loop
      vertex 22.9911 6.28435 0
      vertex 20.8474 9.84999 0
      vertex 21.6526 9.84999 0
    endloop
  endfacet
  facet normal 0 0 -1
    outer loop
      vertex 14.85 9.84999 0
      vertex 22.6159 4.72149 0
      vertex 22.6928 4.40106 0
    endloop
  endfacet
  facet normal 0 0 -1
    outer loop
      vertex 22.6928 5.69894 0
      vertex 18.68 9.84999 0
      vertex 20.8474 9.84999 0
    endloop
  endfacet
  facet normal 0 0 -1
    outer loop
      vertex 14.85 9.84999 0
      vertex 22.6928 4.40106 0
      vertex 22.8189 4.09662 0
    endloop
  endfacet
  facet normal 0 0 -1
    outer loop
      vertex 18.68 13.6763 0
      vertex 19.02 13.48 0
      vertex 19.02 10.905 0
    endloop
  endfacet
  facet normal 0 0 -1
    outer loop
      vertex 19.02 13.48 0
      vertex 18.68 13.6763 0
      vertex 19.02 16.4476 0
    endloop
  endfacet
  facet normal -0 0 -1
    outer loop
      vertex 19.02 16.4476 0
      vertex 18.68 16.2513 0
      vertex 19.02 19.0226 0
    endloop
  endfacet
  facet normal 0 0 -1
    outer loop
      vertex 18.68 19.2189 0
      vertex 19.02 19.0226 0
      vertex 18.68 16.2513 0
    endloop
  endfacet
  facet normal 0 0 -1
    outer loop
      vertex 18.68 10.7088 0
      vertex 19.02 10.905 0
      vertex 18.68 9.84999 0
    endloop
  endfacet
  facet normal 0 0 -1
    outer loop
      vertex 20.8474 9.84999 0
      vertex 18.68 9.84999 0
      vertex 19.02 10.905 0
    endloop
  endfacet
  facet normal 0 0 -1
    outer loop
      vertex 5.2 0 0
      vertex 22.8189 4.09662 0
      vertex 22.9911 3.81565 0
    endloop
  endfacet
  facet normal 0 0 -1
    outer loop
      vertex 22.6159 4.72149 0
      vertex 14.85 9.84999 0
      vertex 18.68 9.84999 0
    endloop
  endfacet
  facet normal 0 0 -1
    outer loop
      vertex 5.2 0 0
      vertex 22.9911 3.81565 0
      vertex 23.2051 3.56507 0
    endloop
  endfacet
  facet normal 0 0 -1
    outer loop
      vertex 5.2 0 0
      vertex 23.2051 3.56507 0
      vertex 23.4557 3.35106 0
    endloop
  endfacet
  facet normal 0 0 -1
    outer loop
      vertex 0 5.2 0
      vertex 14.85 11.0725 0
      vertex 14.85 9.84999 0
    endloop
  endfacet
  facet normal -0 0 -1
    outer loop
      vertex 14.85 11.0725 0
      vertex 0 5.2 0
      vertex 14.85 13.3126 0
    endloop
  endfacet
  facet normal -0 0 -1
    outer loop
      vertex 14.85 13.3126 0
      vertex 0 5.2 0
      vertex 14.85 16.6151 0
    endloop
  endfacet
  facet normal -0 0 -1
    outer loop
      vertex 14.85 16.6151 0
      vertex 0 5.2 0
      vertex 14.85 18.8551 0
    endloop
  endfacet
  facet normal 0 0 -1
    outer loop
      vertex 0 5.2 0
      vertex 14.85 9.84999 0
      vertex 5.2 0 0
    endloop
  endfacet
  facet normal -0 0 -1
    outer loop
      vertex 22.8189 4.09662 0
      vertex 5.2 0 0
      vertex 14.85 9.84999 0
    endloop
  endfacet
  facet normal -0 0 -1
    outer loop
      vertex 23.7366 3.17889 0
      vertex 5.2 0 0
      vertex 23.4557 3.35106 0
    endloop
  endfacet
  facet normal -0 0 -1
    outer loop
      vertex 24.0411 3.05278 0
      vertex 5.2 0 0
      vertex 23.7366 3.17889 0
    endloop
  endfacet
  facet normal -0 0 -1
    outer loop
      vertex 24.3615 2.97585 0
      vertex 5.2 0 0
      vertex 24.0411 3.05278 0
    endloop
  endfacet
  facet normal -0 0 -1
    outer loop
      vertex 24.69 2.95 0
      vertex 5.2 0 0
      vertex 24.3615 2.97585 0
    endloop
  endfacet
  facet normal 0 0 -1
    outer loop
      vertex 5.2 0 0
      vertex 24.69 2.95 0
      vertex 65.5 0 0
    endloop
  endfacet
  facet normal 0 0 -1
    outer loop
      vertex 36.85 13.0816 0
      vertex 65.5 0 0
      vertex 36.85 11.3034 0
    endloop
  endfacet
  facet normal 0 0 -1
    outer loop
      vertex 36.85 16.846 0
      vertex 65.5 0 0
      vertex 36.85 13.0816 0
    endloop
  endfacet
  facet normal 0 0 -1
    outer loop
      vertex 70.7 30.5 0
      vertex 65.5 35.7 0
      vertex 70.636 31.3135 0
    endloop
  endfacet
  facet normal 0 0 -1
    outer loop
      vertex 70.636 31.3135 0
      vertex 65.5 35.7 0
      vertex 70.4455 32.1069 0
    endloop
  endfacet
  facet normal 0 0 -1
    outer loop
      vertex 36.85 22.3886 0
      vertex 65.5 35.7 0
      vertex 36.85 18.6242 0
    endloop
  endfacet
  facet normal 0 0 -1
    outer loop
      vertex 36.3013 23.85 0
      vertex 65.5 35.7 0
      vertex 36.85 22.3886 0
    endloop
  endfacet
  facet normal 0 0 -1
    outer loop
      vertex 34.9987 23.85 0
      vertex 65.5 35.7 0
      vertex 36.3013 23.85 0
    endloop
  endfacet
  facet normal 0 0 -1
    outer loop
      vertex 33.42 16.2513 0
      vertex 33.08 16.4476 0
      vertex 33.42 19.2189 0
    endloop
  endfacet
  facet normal 0 0 -1
    outer loop
      vertex 33.08 19.0226 0
      vertex 33.42 19.2189 0
      vertex 33.08 16.4476 0
    endloop
  endfacet
  facet normal -0 0 -1
    outer loop
      vertex 33.42 19.2189 0
      vertex 33.08 19.0226 0
      vertex 33.42 21.7939 0
    endloop
  endfacet
  facet normal 0 0 -1
    outer loop
      vertex 33.08 21.9902 0
      vertex 33.42 21.7939 0
      vertex 33.08 19.0226 0
    endloop
  endfacet
  facet normal 0 0 -1
    outer loop
      vertex 33.08 23.85 0
      vertex 33.42 21.7939 0
      vertex 33.08 21.9902 0
    endloop
  endfacet
  facet normal 0 0 -1
    outer loop
      vertex 33.42 21.7939 0
      vertex 33.08 23.85 0
      vertex 34.9987 23.85 0
    endloop
  endfacet
  facet normal 0 0 -1
    outer loop
      vertex 5.2 35.7 0
      vertex 34.9987 23.85 0
      vertex 33.08 23.85 0
    endloop
  endfacet
  facet normal 0 0 -1
    outer loop
      vertex 5.2 35.7 0
      vertex 33.08 23.85 0
      vertex 28.62 23.85 0
    endloop
  endfacet
  facet normal 0 0 -1
    outer loop
      vertex 28.28 13.6763 0
      vertex 28.62 10.905 0
      vertex 28.28 10.7088 0
    endloop
  endfacet
  facet normal 0 0 -1
    outer loop
      vertex 28.62 16.4476 0
      vertex 28.28 13.6763 0
      vertex 28.28 16.2513 0
    endloop
  endfacet
  facet normal 0 0 -1
    outer loop
      vertex 28.62 19.0226 0
      vertex 28.28 19.2189 0
      vertex 28.62 21.9902 0
    endloop
  endfacet
  facet normal 0 0 -1
    outer loop
      vertex 28.28 21.7939 0
      vertex 28.62 21.9902 0
      vertex 28.28 19.2189 0
    endloop
  endfacet
  facet normal -0 0 -1
    outer loop
      vertex 28.62 21.9902 0
      vertex 28.28 21.7939 0
      vertex 28.62 23.85 0
    endloop
  endfacet
  facet normal 0 0 -1
    outer loop
      vertex 26.7013 23.85 0
      vertex 28.62 23.85 0
      vertex 28.28 21.7939 0
    endloop
  endfacet
  facet normal 0 0 -1
    outer loop
      vertex 5.2 35.7 0
      vertex 28.62 23.85 0
      vertex 26.7013 23.85 0
    endloop
  endfacet
  facet normal 0 0 -1
    outer loop
      vertex 5.2 35.7 0
      vertex 26.7013 23.85 0
      vertex 25.3987 23.85 0
    endloop
  endfacet
  facet normal 0 0 -1
    outer loop
      vertex 23.82 13.6763 0
      vertex 23.48 10.905 0
      vertex 23.48 13.48 0
    endloop
  endfacet
  facet normal 0 0 -1
    outer loop
      vertex 23.82 16.2513 0
      vertex 23.48 16.4476 0
      vertex 23.82 19.2189 0
    endloop
  endfacet
  facet normal 0 0 -1
    outer loop
      vertex 23.48 19.0226 0
      vertex 23.82 19.2189 0
      vertex 23.48 16.4476 0
    endloop
  endfacet
  facet normal -0 0 -1
    outer loop
      vertex 23.82 19.2189 0
      vertex 23.48 19.0226 0
      vertex 23.82 21.7939 0
    endloop
  endfacet
  facet normal 0 0 -1
    outer loop
      vertex 23.48 21.9902 0
      vertex 23.82 21.7939 0
      vertex 23.48 19.0226 0
    endloop
  endfacet
  facet normal 0 0 -1
    outer loop
      vertex 23.48 23.85 0
      vertex 23.82 21.7939 0
      vertex 23.48 21.9902 0
    endloop
  endfacet
  facet normal 0 0 -1
    outer loop
      vertex 23.82 21.7939 0
      vertex 23.48 23.85 0
      vertex 25.3987 23.85 0
    endloop
  endfacet
  facet normal 0 0 -1
    outer loop
      vertex 5.2 35.7 0
      vertex 25.3987 23.85 0
      vertex 23.48 23.85 0
    endloop
  endfacet
  facet normal 0 0 -1
    outer loop
      vertex 5.2 35.7 0
      vertex 23.48 23.85 0
      vertex 19.02 23.85 0
    endloop
  endfacet
  facet normal 0 0 -1
    outer loop
      vertex 18.68 13.6763 0
      vertex 19.02 10.905 0
      vertex 18.68 10.7088 0
    endloop
  endfacet
  facet normal 0 0 -1
    outer loop
      vertex 19.02 16.4476 0
      vertex 18.68 13.6763 0
      vertex 18.68 16.2513 0
    endloop
  endfacet
  facet normal 0 0 -1
    outer loop
      vertex 19.02 19.0226 0
      vertex 18.68 19.2189 0
      vertex 19.02 21.9902 0
    endloop
  endfacet
  facet normal 0 0 -1
    outer loop
      vertex 18.68 21.7939 0
      vertex 19.02 21.9902 0
      vertex 18.68 19.2189 0
    endloop
  endfacet
  facet normal -0 0 -1
    outer loop
      vertex 19.02 21.9902 0
      vertex 18.68 21.7939 0
      vertex 19.02 23.85 0
    endloop
  endfacet
  facet normal 0 0 -1
    outer loop
      vertex 17.1013 23.85 0
      vertex 19.02 23.85 0
      vertex 18.68 21.7939 0
    endloop
  endfacet
  facet normal 0 0 -1
    outer loop
      vertex 5.2 35.7 0
      vertex 19.02 23.85 0
      vertex 17.1013 23.85 0
    endloop
  endfacet
  facet normal 0 0 -1
    outer loop
      vertex 5.2 35.7 0
      vertex 17.1013 23.85 0
      vertex 15.7987 23.85 0
    endloop
  endfacet
  facet normal 0 0 -1
    outer loop
      vertex 34.9987 23.85 0
      vertex 5.2 35.7 0
      vertex 65.5 35.7 0
    endloop
  endfacet
  facet normal 0 0 -1
    outer loop
      vertex 0 30.5 0
      vertex 15.7987 23.85 0
      vertex 14.85 22.1576 0
    endloop
  endfacet
  facet normal 0 0 -1
    outer loop
      vertex 0 30.5 0
      vertex 14.85 18.8551 0
      vertex 0 5.2 0
    endloop
  endfacet
  facet normal 0 0 -1
    outer loop
      vertex 0 5.2 0
      vertex 5.2 0 0
      vertex 4.38654 0.0640202 0
    endloop
  endfacet
  facet normal 0 0 -1
    outer loop
      vertex 14.85 18.8551 0
      vertex 0 30.5 0
      vertex 14.85 22.1576 0
    endloop
  endfacet
  facet normal 0 0 -1
    outer loop
      vertex 0 5.2 0
      vertex 4.38654 0.0640202 0
      vertex 3.59311 0.254506 0
    endloop
  endfacet
  facet normal 0 0 -1
    outer loop
      vertex 15.7987 23.85 0
      vertex 0 30.5 0
      vertex 5.2 35.7 0
    endloop
  endfacet
  facet normal 0 0 -1
    outer loop
      vertex 0 5.2 0
      vertex 3.59311 0.254506 0
      vertex 2.83925 0.566766 0
    endloop
  endfacet
  facet normal 0 0 -1
    outer loop
      vertex 5.2 35.7 0
      vertex 0 30.5 0
      vertex 4.38654 35.636 0
    endloop
  endfacet
  facet normal 0 0 -1
    outer loop
      vertex 0 5.2 0
      vertex 2.83925 0.566766 0
      vertex 2.14352 0.993112 0
    endloop
  endfacet
  facet normal 0 0 -1
    outer loop
      vertex 4.38654 35.636 0
      vertex 0 30.5 0
      vertex 3.59311 35.4455 0
    endloop
  endfacet
  facet normal 0 0 -1
    outer loop
      vertex 0 5.2 0
      vertex 2.14352 0.993112 0
      vertex 1.52304 1.52304 0
    endloop
  endfacet
  facet normal 0 0 -1
    outer loop
      vertex 3.59311 35.4455 0
      vertex 0 30.5 0
      vertex 2.83925 35.1332 0
    endloop
  endfacet
  facet normal 0 0 -1
    outer loop
      vertex 0 5.2 0
      vertex 1.52304 1.52304 0
      vertex 0.993112 2.14352 0
    endloop
  endfacet
  facet normal 0 0 -1
    outer loop
      vertex 2.83925 35.1332 0
      vertex 0 30.5 0
      vertex 2.14352 34.7069 0
    endloop
  endfacet
  facet normal 0 0 -1
    outer loop
      vertex 0 5.2 0
      vertex 0.993112 2.14352 0
      vertex 0.566766 2.83925 0
    endloop
  endfacet
  facet normal 0 0 -1
    outer loop
      vertex 2.14352 34.7069 0
      vertex 0 30.5 0
      vertex 1.52304 34.177 0
    endloop
  endfacet
  facet normal 0 0 -1
    outer loop
      vertex 0 5.2 0
      vertex 0.566766 2.83925 0
      vertex 0.254506 3.59311 0
    endloop
  endfacet
  facet normal 0 0 -1
    outer loop
      vertex 1.52304 34.177 0
      vertex 0 30.5 0
      vertex 0.993112 33.5565 0
    endloop
  endfacet
  facet normal 0 0 -1
    outer loop
      vertex 0 5.2 0
      vertex 0.254506 3.59311 0
      vertex 0.0640202 4.38654 0
    endloop
  endfacet
  facet normal 0 0 -1
    outer loop
      vertex 0.993112 33.5565 0
      vertex 0 30.5 0
      vertex 0.566766 32.8607 0
    endloop
  endfacet
  facet normal 0 0 -1
    outer loop
      vertex 0.566766 32.8607 0
      vertex 0 30.5 0
      vertex 0.254506 32.1069 0
    endloop
  endfacet
  facet normal 0 0 -1
    outer loop
      vertex 0.254506 32.1069 0
      vertex 0 30.5 0
      vertex 0.0640202 31.3135 0
    endloop
  endfacet
  facet normal 0 -1 0
    outer loop
      vertex 49.59 0 5.6
      vertex 51.66 0 13.2
      vertex 49.59 0 13.2
    endloop
  endfacet
  facet normal 0 -1 -0
    outer loop
      vertex 51.66 0 13.2
      vertex 49.59 0 5.6
      vertex 51.66 0 5.6
    endloop
  endfacet
  facet normal 0 -1 0
    outer loop
      vertex 39.08 0 5.6
      vertex 37.9286 0 13.2041
      vertex 20.73 0 5.6
    endloop
  endfacet
  facet normal 0 -1 0
    outer loop
      vertex 37.9286 0 13.2041
      vertex 39.08 0 5.6
      vertex 39.08 0 13.2
    endloop
  endfacet
  facet normal 0 -1 0
    outer loop
      vertex 50.4819 0 14.3757
      vertex 50.625 0 13.9225
      vertex 50.7681 0 14.3757
    endloop
  endfacet
  facet normal 0 -1 0
    outer loop
      vertex 21.8814 0 13.5541
      vertex 38.1881 0 14.3757
      vertex 21.6219 0 14.3757
    endloop
  endfacet
  facet normal 0 -1 0
    outer loop
      vertex 21.8814 0 13.5541
      vertex 37.9286 0 13.5541
      vertex 38.1881 0 14.3757
    endloop
  endfacet
  facet normal 0 -1 0
    outer loop
      vertex 21.8814 0 13.2041
      vertex 37.9286 0 13.5541
      vertex 21.8814 0 13.5541
    endloop
  endfacet
  facet normal 0 -1 -0
    outer loop
      vertex 37.9286 0 13.5541
      vertex 21.8814 0 13.2041
      vertex 37.9286 0 13.2041
    endloop
  endfacet
  facet normal 0 -1 0
    outer loop
      vertex 21.6219 0 14.3757
      vertex 5.2 0 15.4
      vertex 8.93811 0 14.3757
    endloop
  endfacet
  facet normal 0 -1 0
    outer loop
      vertex 5.2 0 15.4
      vertex 8.67865 0 13.5541
      vertex 8.93811 0 14.3757
    endloop
  endfacet
  facet normal 0 -1 0
    outer loop
      vertex 5.2 0 15.4
      vertex 8.67865 0 13.2041
      vertex 8.67865 0 13.5541
    endloop
  endfacet
  facet normal 0 -1 0
    outer loop
      vertex 9.83 0 13.2
      vertex 21.8814 0 13.2041
      vertex 8.67865 0 13.2041
    endloop
  endfacet
  facet normal 0 -1 0
    outer loop
      vertex 20.73 0 13.2
      vertex 21.8814 0 13.2041
      vertex 9.83 0 13.2
    endloop
  endfacet
  facet normal 0 -1 0
    outer loop
      vertex 20.73 0 5.6
      vertex 21.8814 0 13.2041
      vertex 20.73 0 13.2
    endloop
  endfacet
  facet normal 0 -1 0
    outer loop
      vertex 8.67865 0 13.2041
      vertex 9.83 0 5.6
      vertex 9.83 0 13.2
    endloop
  endfacet
  facet normal 0 -1 0
    outer loop
      vertex 5.2 0 15.4
      vertex 9.83 0 5.6
      vertex 8.67865 0 13.2041
    endloop
  endfacet
  facet normal 0 -1 0
    outer loop
      vertex 5.2 0 0
      vertex 20.73 0 5.6
      vertex 9.83 0 5.6
    endloop
  endfacet
  facet normal 0 -1 -0
    outer loop
      vertex 20.73 0 5.6
      vertex 5.2 0 0
      vertex 39.08 0 5.6
    endloop
  endfacet
  facet normal 0 -1 0
    outer loop
      vertex 65.5 0 0
      vertex 39.08 0 5.6
      vertex 5.2 0 0
    endloop
  endfacet
  facet normal 0 -1 0
    outer loop
      vertex 39.08 0 5.6
      vertex 65.5 0 0
      vertex 49.59 0 5.6
    endloop
  endfacet
  facet normal 0 -1 0
    outer loop
      vertex 49.59 0 5.6
      vertex 65.5 0 0
      vertex 51.66 0 5.6
    endloop
  endfacet
  facet normal 0 -1 0
    outer loop
      vertex 5.2 0 0
      vertex 9.83 0 5.6
      vertex 5.2 0 15.4
    endloop
  endfacet
  facet normal 0 -1 0
    outer loop
      vertex 38.1881 0 14.3757
      vertex 5.2 0 15.4
      vertex 21.6219 0 14.3757
    endloop
  endfacet
  facet normal 0 -1 0
    outer loop
      vertex 5.2 0 15.4
      vertex 38.1881 0 14.3757
      vertex 65.5 0 15.4
    endloop
  endfacet
  facet normal 0 -1 0
    outer loop
      vertex 50.4819 0 14.3757
      vertex 65.5 0 15.4
      vertex 38.1881 0 14.3757
    endloop
  endfacet
  facet normal 0 -1 0
    outer loop
      vertex 50.7681 0 14.3757
      vertex 65.5 0 15.4
      vertex 50.4819 0 14.3757
    endloop
  endfacet
  facet normal 0 -1 0
    outer loop
      vertex 62.9419 0 14.3757
      vertex 65.5 0 15.4
      vertex 50.7681 0 14.3757
    endloop
  endfacet
  facet normal 0 -1 0
    outer loop
      vertex 63.2014 0 13.5541
      vertex 65.5 0 15.4
      vertex 62.9419 0 14.3757
    endloop
  endfacet
  facet normal 0 -1 0
    outer loop
      vertex 63.2014 0 13.2041
      vertex 65.5 0 15.4
      vertex 63.2014 0 13.5541
    endloop
  endfacet
  facet normal 0 -1 -0
    outer loop
      vertex 21.8814 0 13.2041
      vertex 20.73 0 5.6
      vertex 37.9286 0 13.2041
    endloop
  endfacet
  facet normal 0 -1 0
    outer loop
      vertex 37.9286 0 13.2041
      vertex 39.08 0 13.2
      vertex 63.2014 0 13.2041
    endloop
  endfacet
  facet normal 0 -1 0
    outer loop
      vertex 49.59 0 13.2
      vertex 63.2014 0 13.2041
      vertex 39.08 0 13.2
    endloop
  endfacet
  facet normal 0 -1 0
    outer loop
      vertex 51.66 0 13.2
      vertex 63.2014 0 13.2041
      vertex 49.59 0 13.2
    endloop
  endfacet
  facet normal 0 -1 0
    outer loop
      vertex 62.05 0 13.2
      vertex 63.2014 0 13.2041
      vertex 51.66 0 13.2
    endloop
  endfacet
  facet normal 0 -1 0
    outer loop
      vertex 62.05 0 5.6
      vertex 63.2014 0 13.2041
      vertex 62.05 0 13.2
    endloop
  endfacet
  facet normal 0 -1 0
    outer loop
      vertex 62.05 0 5.6
      vertex 65.5 0 15.4
      vertex 63.2014 0 13.2041
    endloop
  endfacet
  facet normal 0 -1 0
    outer loop
      vertex 62.05 0 5.6
      vertex 65.5 0 0
      vertex 65.5 0 15.4
    endloop
  endfacet
  facet normal 0 -1 0
    outer loop
      vertex 51.66 0 5.6
      vertex 65.5 0 0
      vertex 62.05 0 5.6
    endloop
  endfacet
  facet normal 0.923851 0.382752 0
    outer loop
      vertex 70.4455 32.1069 15.4
      vertex 70.1332 32.8607 0
      vertex 70.1332 32.8607 15.4
    endloop
  endfacet
  facet normal 0.923851 0.382752 0
    outer loop
      vertex 70.1332 32.8607 0
      vertex 70.4455 32.1069 15.4
      vertex 70.4455 32.1069 0
    endloop
  endfacet
  facet normal -0.5225 -0.852639 0
    outer loop
      vertex 2.14352 0.993112 0
      vertex 2.83925 0.566766 15.4
      vertex 2.14352 0.993112 15.4
    endloop
  endfacet
  facet normal -0.5225 -0.852639 -0
    outer loop
      vertex 2.83925 0.566766 15.4
      vertex 2.14352 0.993112 0
      vertex 2.83925 0.566766 0
    endloop
  endfacet
  facet normal -0.923879 -0.382684 0
    outer loop
      vertex 0.566766 2.83925 0
      vertex 0.254506 3.59311 15.4
      vertex 0.254506 3.59311 0
    endloop
  endfacet
  facet normal -0.923879 -0.382684 0
    outer loop
      vertex 0.254506 3.59311 15.4
      vertex 0.566766 2.83925 0
      vertex 0.566766 2.83925 15.4
    endloop
  endfacet
  facet normal 0.996919 -0.0784339 0
    outer loop
      vertex 70.636 4.38654 15.4
      vertex 70.7 5.2 0
      vertex 70.7 5.2 15.4
    endloop
  endfacet
  facet normal 0.996919 -0.0784339 0
    outer loop
      vertex 70.7 5.2 0
      vertex 70.636 4.38654 15.4
      vertex 70.636 4.38654 0
    endloop
  endfacet
  facet normal 0.99692 0.0784301 0
    outer loop
      vertex 70.7 30.5 15.4
      vertex 70.636 31.3135 0
      vertex 70.636 31.3135 15.4
    endloop
  endfacet
  facet normal 0.99692 0.0784301 0
    outer loop
      vertex 70.636 31.3135 0
      vertex 70.7 30.5 15.4
      vertex 70.7 30.5 0
    endloop
  endfacet
  facet normal 0.649408 0.760441 -0
    outer loop
      vertex 69.177 34.177 0
      vertex 68.5565 34.7069 15.4
      vertex 69.177 34.177 15.4
    endloop
  endfacet
  facet normal 0.649408 0.760441 0
    outer loop
      vertex 68.5565 34.7069 15.4
      vertex 69.177 34.177 0
      vertex 68.5565 34.7069 0
    endloop
  endfacet
  facet normal 0.649427 -0.760424 0
    outer loop
      vertex 68.5565 0.993112 0
      vertex 69.177 1.52304 15.4
      vertex 68.5565 0.993112 15.4
    endloop
  endfacet
  facet normal 0.649427 -0.760424 0
    outer loop
      vertex 69.177 1.52304 15.4
      vertex 68.5565 0.993112 0
      vertex 69.177 1.52304 0
    endloop
  endfacet
  facet normal -0.972368 0.233454 0
    outer loop
      vertex 0.0640202 31.3135 0
      vertex 0.254506 32.1069 15.4
      vertex 0.254506 32.1069 0
    endloop
  endfacet
  facet normal -0.972368 0.233454 0
    outer loop
      vertex 0.254506 32.1069 15.4
      vertex 0.0640202 31.3135 0
      vertex 0.0640202 31.3135 15.4
    endloop
  endfacet
  facet normal -0.852639 -0.5225 0
    outer loop
      vertex 0.993112 2.14352 0
      vertex 0.566766 2.83925 15.4
      vertex 0.566766 2.83925 0
    endloop
  endfacet
  facet normal -0.852639 -0.5225 0
    outer loop
      vertex 0.566766 2.83925 15.4
      vertex 0.993112 2.14352 0
      vertex 0.993112 2.14352 15.4
    endloop
  endfacet
  facet normal 0.0784547 -0.996918 0
    outer loop
      vertex 65.5 0 0
      vertex 66.3135 0.0640202 15.4
      vertex 65.5 0 15.4
    endloop
  endfacet
  facet normal 0.0784547 -0.996918 0
    outer loop
      vertex 66.3135 0.0640202 15.4
      vertex 65.5 0 0
      vertex 66.3135 0.0640202 0
    endloop
  endfacet
  facet normal 0.923862 -0.382726 0
    outer loop
      vertex 70.1332 2.83925 15.4
      vertex 70.4455 3.59311 0
      vertex 70.4455 3.59311 15.4
    endloop
  endfacet
  facet normal 0.923862 -0.382726 0
    outer loop
      vertex 70.4455 3.59311 0
      vertex 70.1332 2.83925 15.4
      vertex 70.1332 2.83925 0
    endloop
  endfacet
  facet normal 0.972366 -0.233462 0
    outer loop
      vertex 70.4455 3.59311 15.4
      vertex 70.636 4.38654 0
      vertex 70.636 4.38654 15.4
    endloop
  endfacet
  facet normal 0.972366 -0.233462 0
    outer loop
      vertex 70.636 4.38654 0
      vertex 70.4455 3.59311 15.4
      vertex 70.4455 3.59311 0
    endloop
  endfacet
  facet normal 0.233454 -0.972368 0
    outer loop
      vertex 66.3135 0.0640202 0
      vertex 67.1069 0.254506 15.4
      vertex 66.3135 0.0640202 15.4
    endloop
  endfacet
  facet normal 0.233454 -0.972368 0
    outer loop
      vertex 67.1069 0.254506 15.4
      vertex 66.3135 0.0640202 0
      vertex 67.1069 0.254506 0
    endloop
  endfacet
  facet normal 0.852664 -0.522459 0
    outer loop
      vertex 69.7069 2.14352 15.4
      vertex 70.1332 2.83925 0
      vertex 70.1332 2.83925 15.4
    endloop
  endfacet
  facet normal 0.852664 -0.522459 0
    outer loop
      vertex 70.1332 2.83925 0
      vertex 69.7069 2.14352 15.4
      vertex 69.7069 2.14352 0
    endloop
  endfacet
  facet normal 0.760404 0.64945 0
    outer loop
      vertex 3.2201 3.2201 15.4
      vertex 2.93475 3.5542 2.2
      vertex 2.93475 3.5542 15.4
    endloop
  endfacet
  facet normal 0.760404 0.64945 0
    outer loop
      vertex 2.93475 3.5542 2.2
      vertex 3.2201 3.2201 15.4
      vertex 3.2201 3.2201 2.2
    endloop
  endfacet
  facet normal 0.0785203 -0.996913 0
    outer loop
      vertex 4.76198 33.2655 2.2
      vertex 5.2 33.3 15.4
      vertex 4.76198 33.2655 15.4
    endloop
  endfacet
  facet normal 0.0785203 -0.996913 0
    outer loop
      vertex 5.2 33.3 15.4
      vertex 4.76198 33.2655 2.2
      vertex 5.2 33.3 2.2
    endloop
  endfacet
  facet normal 0 1 -0
    outer loop
      vertex 39.08 2.4 5.6
      vertex 20.73 2.4 13.2
      vertex 39.08 2.4 13.2
    endloop
  endfacet
  facet normal 0 1 0
    outer loop
      vertex 20.73 2.4 13.2
      vertex 39.08 2.4 5.6
      vertex 20.73 2.4 5.6
    endloop
  endfacet
  facet normal 0 1 -0
    outer loop
      vertex 51.66 2.4 5.6
      vertex 49.59 2.4 13.2
      vertex 51.66 2.4 13.2
    endloop
  endfacet
  facet normal 0 1 0
    outer loop
      vertex 49.59 2.4 13.2
      vertex 51.66 2.4 5.6
      vertex 49.59 2.4 5.6
    endloop
  endfacet
  facet normal 0 1 0
    outer loop
      vertex 51.66 2.4 13.2
      vertex 65.5 2.4 15.4
      vertex 62.05 2.4 13.2
    endloop
  endfacet
  facet normal 0 1 0
    outer loop
      vertex 65.5 2.4 15.4
      vertex 62.05 2.4 5.6
      vertex 62.05 2.4 13.2
    endloop
  endfacet
  facet normal 0 1 0
    outer loop
      vertex 65.5 2.4 2.2
      vertex 51.66 2.4 5.6
      vertex 62.05 2.4 5.6
    endloop
  endfacet
  facet normal 0 1 0
    outer loop
      vertex 51.66 2.4 5.6
      vertex 65.5 2.4 2.2
      vertex 49.59 2.4 5.6
    endloop
  endfacet
  facet normal 0 1 0
    outer loop
      vertex 49.59 2.4 5.6
      vertex 65.5 2.4 2.2
      vertex 39.08 2.4 5.6
    endloop
  endfacet
  facet normal 0 1 0
    outer loop
      vertex 5.2 2.4 2.2
      vertex 39.08 2.4 5.6
      vertex 65.5 2.4 2.2
    endloop
  endfacet
  facet normal 0 1 0
    outer loop
      vertex 39.08 2.4 5.6
      vertex 5.2 2.4 2.2
      vertex 20.73 2.4 5.6
    endloop
  endfacet
  facet normal 0 1 -0
    outer loop
      vertex 65.5 2.4 2.2
      vertex 62.05 2.4 5.6
      vertex 65.5 2.4 15.4
    endloop
  endfacet
  facet normal 0 1 0
    outer loop
      vertex 49.59 2.4 13.2
      vertex 65.5 2.4 15.4
      vertex 51.66 2.4 13.2
    endloop
  endfacet
  facet normal 0 1 0
    outer loop
      vertex 39.08 2.4 13.2
      vertex 65.5 2.4 15.4
      vertex 49.59 2.4 13.2
    endloop
  endfacet
  facet normal 0 1 0
    outer loop
      vertex 65.5 2.4 15.4
      vertex 39.08 2.4 13.2
      vertex 5.2 2.4 15.4
    endloop
  endfacet
  facet normal 0 1 -0
    outer loop
      vertex 20.73 2.4 13.2
      vertex 5.2 2.4 15.4
      vertex 39.08 2.4 13.2
    endloop
  endfacet
  facet normal 0 1 -0
    outer loop
      vertex 9.83 2.4 13.2
      vertex 5.2 2.4 15.4
      vertex 20.73 2.4 13.2
    endloop
  endfacet
  facet normal 0 1 -0
    outer loop
      vertex 9.83 2.4 5.6
      vertex 5.2 2.4 15.4
      vertex 9.83 2.4 13.2
    endloop
  endfacet
  facet normal 0 1 0
    outer loop
      vertex 9.83 2.4 5.6
      vertex 5.2 2.4 2.2
      vertex 5.2 2.4 15.4
    endloop
  endfacet
  facet normal 0 1 0
    outer loop
      vertex 20.73 2.4 5.6
      vertex 5.2 2.4 2.2
      vertex 9.83 2.4 5.6
    endloop
  endfacet
  facet normal 0.382805 -0.923829 0
    outer loop
      vertex 3.92883 32.9948 2.2
      vertex 4.33475 33.163 15.4
      vertex 3.92883 32.9948 15.4
    endloop
  endfacet
  facet normal 0.382805 -0.923829 0
    outer loop
      vertex 4.33475 33.163 15.4
      vertex 3.92883 32.9948 2.2
      vertex 4.33475 33.163 2.2
    endloop
  endfacet
  facet normal 0.996918 -0.078456 0
    outer loop
      vertex 2.4 30.5 15.4
      vertex 2.43447 30.938 2.2
      vertex 2.43447 30.938 15.4
    endloop
  endfacet
  facet normal 0.996918 -0.078456 0
    outer loop
      vertex 2.43447 30.938 2.2
      vertex 2.4 30.5 15.4
      vertex 2.4 30.5 2.2
    endloop
  endfacet
  facet normal -0.972402 -0.233313 0
    outer loop
      vertex 68.2655 30.938 2.2
      vertex 68.163 31.3652 15.4
      vertex 68.163 31.3652 2.2
    endloop
  endfacet
  facet normal -0.972402 -0.233313 0
    outer loop
      vertex 68.163 31.3652 15.4
      vertex 68.2655 30.938 2.2
      vertex 68.2655 30.938 15.4
    endloop
  endfacet
  facet normal 0.382688 0.923878 -0
    outer loop
      vertex 4.33475 2.53704 2.2
      vertex 3.92883 2.70518 15.4
      vertex 4.33475 2.53704 15.4
    endloop
  endfacet
  facet normal 0.382688 0.923878 0
    outer loop
      vertex 3.92883 2.70518 15.4
      vertex 4.33475 2.53704 2.2
      vertex 3.92883 2.70518 2.2
    endloop
  endfacet
  facet normal 0.649384 -0.76046 0
    outer loop
      vertex 3.2201 32.4799 2.2
      vertex 3.5542 32.7652 15.4
      vertex 3.2201 32.4799 15.4
    endloop
  endfacet
  facet normal 0.649384 -0.76046 0
    outer loop
      vertex 3.5542 32.7652 15.4
      vertex 3.2201 32.4799 2.2
      vertex 3.5542 32.7652 2.2
    endloop
  endfacet
  facet normal -0.0785239 -0.996912 0
    outer loop
      vertex 65.5 33.3 2.2
      vertex 65.938 33.2655 15.4
      vertex 65.5 33.3 15.4
    endloop
  endfacet
  facet normal -0.0785239 -0.996912 -0
    outer loop
      vertex 65.938 33.2655 15.4
      vertex 65.5 33.3 2.2
      vertex 65.938 33.2655 2.2
    endloop
  endfacet
  facet normal -0.852613 0.522542 0
    outer loop
      vertex 67.7652 3.5542 2.2
      vertex 67.9948 3.92883 15.4
      vertex 67.9948 3.92883 2.2
    endloop
  endfacet
  facet normal -0.852613 0.522542 0
    outer loop
      vertex 67.9948 3.92883 15.4
      vertex 67.7652 3.5542 2.2
      vertex 67.7652 3.5542 15.4
    endloop
  endfacet
  facet normal 0.923878 0.382688 0
    outer loop
      vertex 2.70518 3.92883 15.4
      vertex 2.53704 4.33475 2.2
      vertex 2.53704 4.33475 15.4
    endloop
  endfacet
  facet normal 0.923878 0.382688 0
    outer loop
      vertex 2.53704 4.33475 2.2
      vertex 2.70518 3.92883 15.4
      vertex 2.70518 3.92883 2.2
    endloop
  endfacet
  facet normal 0.972369 0.233448 0
    outer loop
      vertex 2.53704 4.33475 15.4
      vertex 2.43447 4.76198 2.2
      vertex 2.43447 4.76198 15.4
    endloop
  endfacet
  facet normal 0.972369 0.233448 0
    outer loop
      vertex 2.43447 4.76198 2.2
      vertex 2.53704 4.33475 15.4
      vertex 2.53704 4.33475 2.2
    endloop
  endfacet
  facet normal 0.923904 -0.382624 0
    outer loop
      vertex 2.53704 31.3652 15.4
      vertex 2.70518 31.7712 2.2
      vertex 2.70518 31.7712 15.4
    endloop
  endfacet
  facet normal 0.923904 -0.382624 0
    outer loop
      vertex 2.70518 31.7712 2.2
      vertex 2.53704 31.3652 15.4
      vertex 2.53704 31.3652 2.2
    endloop
  endfacet
  facet normal 0.522542 -0.852613 0
    outer loop
      vertex 3.5542 32.7652 2.2
      vertex 3.92883 32.9948 15.4
      vertex 3.5542 32.7652 15.4
    endloop
  endfacet
  facet normal 0.522542 -0.852613 0
    outer loop
      vertex 3.92883 32.9948 15.4
      vertex 3.5542 32.7652 2.2
      vertex 3.92883 32.9948 2.2
    endloop
  endfacet
  facet normal 0.0784525 0.996918 -0
    outer loop
      vertex 5.2 2.4 2.2
      vertex 4.76198 2.43447 15.4
      vertex 5.2 2.4 15.4
    endloop
  endfacet
  facet normal 0.0784525 0.996918 0
    outer loop
      vertex 4.76198 2.43447 15.4
      vertex 5.2 2.4 2.2
      vertex 4.76198 2.43447 2.2
    endloop
  endfacet
  facet normal -0.233463 0.972366 0
    outer loop
      vertex 66.3652 2.53704 2.2
      vertex 65.938 2.43447 15.4
      vertex 66.3652 2.53704 15.4
    endloop
  endfacet
  facet normal -0.233463 0.972366 0
    outer loop
      vertex 65.938 2.43447 15.4
      vertex 66.3652 2.53704 2.2
      vertex 65.938 2.43447 2.2
    endloop
  endfacet
  facet normal -0.972405 0.233297 0
    outer loop
      vertex 68.163 4.33475 2.2
      vertex 68.2655 4.76198 15.4
      vertex 68.2655 4.76198 2.2
    endloop
  endfacet
  facet normal -0.972405 0.233297 0
    outer loop
      vertex 68.2655 4.76198 15.4
      vertex 68.163 4.33475 2.2
      vertex 68.163 4.33475 15.4
    endloop
  endfacet
  facet normal -0.522523 0.852625 0
    outer loop
      vertex 67.1458 2.93475 2.2
      vertex 66.7712 2.70518 15.4
      vertex 67.1458 2.93475 15.4
    endloop
  endfacet
  facet normal -0.522523 0.852625 0
    outer loop
      vertex 66.7712 2.70518 15.4
      vertex 67.1458 2.93475 2.2
      vertex 66.7712 2.70518 2.2
    endloop
  endfacet
  facet normal -0.38274 -0.923856 0
    outer loop
      vertex 66.3652 33.163 2.2
      vertex 66.7712 32.9948 15.4
      vertex 66.3652 33.163 15.4
    endloop
  endfacet
  facet normal -0.38274 -0.923856 -0
    outer loop
      vertex 66.7712 32.9948 15.4
      vertex 66.3652 33.163 2.2
      vertex 66.7712 32.9948 2.2
    endloop
  endfacet
  facet normal -0.76046 -0.649384 0
    outer loop
      vertex 67.7652 32.1458 2.2
      vertex 67.4799 32.4799 15.4
      vertex 67.4799 32.4799 2.2
    endloop
  endfacet
  facet normal -0.76046 -0.649384 0
    outer loop
      vertex 67.4799 32.4799 15.4
      vertex 67.7652 32.1458 2.2
      vertex 67.7652 32.1458 15.4
    endloop
  endfacet
  facet normal 0.852644 0.522493 0
    outer loop
      vertex 2.93475 3.5542 15.4
      vertex 2.70518 3.92883 2.2
      vertex 2.70518 3.92883 15.4
    endloop
  endfacet
  facet normal 0.852644 0.522493 0
    outer loop
      vertex 2.70518 3.92883 2.2
      vertex 2.93475 3.5542 15.4
      vertex 2.93475 3.5542 2.2
    endloop
  endfacet
  facet normal 0 -1 0
    outer loop
      vertex 5.2 33.3 15.4
      vertex 9.1 33.3 7.6
      vertex 9.1 33.3 15.4
    endloop
  endfacet
  facet normal 0 -1 -0
    outer loop
      vertex 9.1 33.3 7.6
      vertex 5.2 33.3 2.2
      vertex 61.5 33.3 7.6
    endloop
  endfacet
  facet normal 0 -1 0
    outer loop
      vertex 5.2 33.3 2.2
      vertex 9.1 33.3 7.6
      vertex 5.2 33.3 15.4
    endloop
  endfacet
  facet normal 0 -1 0
    outer loop
      vertex 61.5 33.3 7.6
      vertex 65.5 33.3 15.4
      vertex 61.5 33.3 15.4
    endloop
  endfacet
  facet normal 0 -1 0
    outer loop
      vertex 61.5 33.3 7.6
      vertex 65.5 33.3 2.2
      vertex 65.5 33.3 15.4
    endloop
  endfacet
  facet normal 0 -1 0
    outer loop
      vertex 65.5 33.3 2.2
      vertex 61.5 33.3 7.6
      vertex 5.2 33.3 2.2
    endloop
  endfacet
  facet normal -1 0 0
    outer loop
      vertex 68.3 24.95 6
      vertex 68.3 13.65 11.1
      vertex 68.3 22.05 11.1
    endloop
  endfacet
  facet normal -1 0 0
    outer loop
      vertex 68.3 5.2 15.4
      vertex 68.3 13.65 11.1
      vertex 68.3 10.75 6
    endloop
  endfacet
  facet normal -1 0 0
    outer loop
      vertex 68.3 10.75 6
      vertex 68.3 13.65 11.1
      vertex 68.3 24.95 6
    endloop
  endfacet
  facet normal -1 0 0
    outer loop
      vertex 68.3 24.95 6
      vertex 68.3 30.5 2.2
      vertex 68.3 24.95 2.9
    endloop
  endfacet
  facet normal -1 0 0
    outer loop
      vertex 68.3 30.5 2.2
      vertex 68.3 10.75 2.9
      vertex 68.3 24.95 2.9
    endloop
  endfacet
  facet normal -1 -0 0
    outer loop
      vertex 68.3 10.75 2.9
      vertex 68.3 5.2 2.2
      vertex 68.3 10.75 6
    endloop
  endfacet
  facet normal -1 0 0
    outer loop
      vertex 68.3 5.2 2.2
      vertex 68.3 10.75 2.9
      vertex 68.3 30.5 2.2
    endloop
  endfacet
  facet normal -1 0 0
    outer loop
      vertex 68.3 30.5 2.2
      vertex 68.3 24.95 6
      vertex 68.3 30.5 15.4
    endloop
  endfacet
  facet normal -1 0 0
    outer loop
      vertex 68.3 22.05 11.1
      vertex 68.3 30.5 15.4
      vertex 68.3 24.95 6
    endloop
  endfacet
  facet normal -1 0 0
    outer loop
      vertex 68.3 22.05 14.5
      vertex 68.3 30.5 15.4
      vertex 68.3 22.05 11.1
    endloop
  endfacet
  facet normal -1 0 0
    outer loop
      vertex 68.3 13.65 14.5
      vertex 68.3 30.5 15.4
      vertex 68.3 22.05 14.5
    endloop
  endfacet
  facet normal -1 0 0
    outer loop
      vertex 68.3 5.2 15.4
      vertex 68.3 10.75 6
      vertex 68.3 5.2 2.2
    endloop
  endfacet
  facet normal -1 0 0
    outer loop
      vertex 68.3 13.65 14.5
      vertex 68.3 5.2 15.4
      vertex 68.3 30.5 15.4
    endloop
  endfacet
  facet normal -1 0 0
    outer loop
      vertex 68.3 13.65 11.1
      vertex 68.3 5.2 15.4
      vertex 68.3 13.65 14.5
    endloop
  endfacet
  facet normal 0.233297 -0.972405 0
    outer loop
      vertex 4.33475 33.163 2.2
      vertex 4.76198 33.2655 15.4
      vertex 4.33475 33.163 15.4
    endloop
  endfacet
  facet normal 0.233297 -0.972405 0
    outer loop
      vertex 4.76198 33.2655 15.4
      vertex 4.33475 33.163 2.2
      vertex 4.76198 33.2655 2.2
    endloop
  endfacet
  facet normal -0.522573 -0.852595 0
    outer loop
      vertex 66.7712 32.9948 2.2
      vertex 67.1458 32.7652 15.4
      vertex 66.7712 32.9948 15.4
    endloop
  endfacet
  facet normal -0.522573 -0.852595 -0
    outer loop
      vertex 67.1458 32.7652 15.4
      vertex 66.7712 32.9948 2.2
      vertex 67.1458 32.7652 2.2
    endloop
  endfacet
  facet normal -0.382624 0.923904 0
    outer loop
      vertex 66.7712 2.70518 2.2
      vertex 66.3652 2.53704 15.4
      vertex 66.7712 2.70518 15.4
    endloop
  endfacet
  facet normal -0.382624 0.923904 0
    outer loop
      vertex 66.3652 2.53704 15.4
      vertex 66.7712 2.70518 2.2
      vertex 66.3652 2.53704 2.2
    endloop
  endfacet
  facet normal -0.76046 0.649384 0
    outer loop
      vertex 67.4799 3.2201 2.2
      vertex 67.7652 3.5542 15.4
      vertex 67.7652 3.5542 2.2
    endloop
  endfacet
  facet normal -0.76046 0.649384 0
    outer loop
      vertex 67.7652 3.5542 15.4
      vertex 67.4799 3.2201 2.2
      vertex 67.4799 3.2201 15.4
    endloop
  endfacet
  facet normal -0.64945 0.760404 0
    outer loop
      vertex 67.4799 3.2201 2.2
      vertex 67.1458 2.93475 15.4
      vertex 67.4799 3.2201 15.4
    endloop
  endfacet
  facet normal -0.64945 0.760404 0
    outer loop
      vertex 67.1458 2.93475 15.4
      vertex 67.4799 3.2201 2.2
      vertex 67.1458 2.93475 2.2
    endloop
  endfacet
  facet normal 0.760404 -0.64945 0
    outer loop
      vertex 2.93475 32.1458 15.4
      vertex 3.2201 32.4799 2.2
      vertex 3.2201 32.4799 15.4
    endloop
  endfacet
  facet normal 0.760404 -0.64945 0
    outer loop
      vertex 3.2201 32.4799 2.2
      vertex 2.93475 32.1458 15.4
      vertex 2.93475 32.1458 2.2
    endloop
  endfacet
  facet normal 0.972366 -0.233463 0
    outer loop
      vertex 2.43447 30.938 15.4
      vertex 2.53704 31.3652 2.2
      vertex 2.53704 31.3652 15.4
    endloop
  endfacet
  facet normal 0.972366 -0.233463 0
    outer loop
      vertex 2.53704 31.3652 2.2
      vertex 2.43447 30.938 15.4
      vertex 2.43447 30.938 2.2
    endloop
  endfacet
  facet normal -0.996912 -0.0785239 0
    outer loop
      vertex 68.3 30.5 2.2
      vertex 68.2655 30.938 15.4
      vertex 68.2655 30.938 2.2
    endloop
  endfacet
  facet normal -0.996912 -0.0785239 0
    outer loop
      vertex 68.2655 30.938 15.4
      vertex 68.3 30.5 2.2
      vertex 68.3 30.5 15.4
    endloop
  endfacet
  facet normal 0.233448 0.972369 -0
    outer loop
      vertex 4.76198 2.43447 2.2
      vertex 4.33475 2.53704 15.4
      vertex 4.76198 2.43447 15.4
    endloop
  endfacet
  facet normal 0.233448 0.972369 0
    outer loop
      vertex 4.33475 2.53704 15.4
      vertex 4.76198 2.43447 2.2
      vertex 4.33475 2.53704 2.2
    endloop
  endfacet
  facet normal 1 0 0
    outer loop
      vertex 2.4 30.5 15.4
      vertex 2.4 27.33 9.8
      vertex 2.4 30.5 2.2
    endloop
  endfacet
  facet normal 1 0 0
    outer loop
      vertex 2.4 30.5 15.4
      vertex 2.4 22.05 14.5
      vertex 2.4 27.33 9.8
    endloop
  endfacet
  facet normal 1 0 0
    outer loop
      vertex 2.4 30.5 15.4
      vertex 2.4 13.65 14.5
      vertex 2.4 22.05 14.5
    endloop
  endfacet
  facet normal 1 0 0
    outer loop
      vertex 2.4 13.65 14.5
      vertex 2.4 8.43 9.8
      vertex 2.4 13.65 11.1
    endloop
  endfacet
  facet normal 1 0 0
    outer loop
      vertex 2.4 5.2 2.2
      vertex 2.4 8.43 9.8
      vertex 2.4 5.2 15.4
    endloop
  endfacet
  facet normal 1 0 0
    outer loop
      vertex 2.4 13.65 14.5
      vertex 2.4 5.2 15.4
      vertex 2.4 8.43 9.8
    endloop
  endfacet
  facet normal 1 -0 0
    outer loop
      vertex 2.4 5.2 15.4
      vertex 2.4 13.65 14.5
      vertex 2.4 30.5 15.4
    endloop
  endfacet
  facet normal 1 -0 0
    outer loop
      vertex 2.4 27.33 6.2
      vertex 2.4 30.5 2.2
      vertex 2.4 27.33 9.8
    endloop
  endfacet
  facet normal 1 -0 0
    outer loop
      vertex 2.4 8.43 6.2
      vertex 2.4 30.5 2.2
      vertex 2.4 27.33 6.2
    endloop
  endfacet
  facet normal 1 0 0
    outer loop
      vertex 2.4 8.43 6.2
      vertex 2.4 5.2 2.2
      vertex 2.4 30.5 2.2
    endloop
  endfacet
  facet normal 1 0 0
    outer loop
      vertex 2.4 8.43 9.8
      vertex 2.4 5.2 2.2
      vertex 2.4 8.43 6.2
    endloop
  endfacet
  facet normal 1 -0 0
    outer loop
      vertex 2.4 22.05 11.1
      vertex 2.4 27.33 9.8
      vertex 2.4 22.05 14.5
    endloop
  endfacet
  facet normal 1 -0 0
    outer loop
      vertex 2.4 13.65 11.1
      vertex 2.4 27.33 9.8
      vertex 2.4 22.05 11.1
    endloop
  endfacet
  facet normal 1 0 0
    outer loop
      vertex 2.4 27.33 9.8
      vertex 2.4 13.65 11.1
      vertex 2.4 8.43 9.8
    endloop
  endfacet
  facet normal -0.996913 0.0785203 0
    outer loop
      vertex 68.2655 4.76198 2.2
      vertex 68.3 5.2 15.4
      vertex 68.3 5.2 2.2
    endloop
  endfacet
  facet normal -0.996913 0.0785203 0
    outer loop
      vertex 68.3 5.2 15.4
      vertex 68.2655 4.76198 2.2
      vertex 68.2655 4.76198 15.4
    endloop
  endfacet
  facet normal 0.64945 0.760404 -0
    outer loop
      vertex 3.5542 2.93475 2.2
      vertex 3.2201 3.2201 15.4
      vertex 3.5542 2.93475 15.4
    endloop
  endfacet
  facet normal 0.64945 0.760404 0
    outer loop
      vertex 3.2201 3.2201 15.4
      vertex 3.5542 2.93475 2.2
      vertex 3.2201 3.2201 2.2
    endloop
  endfacet
  facet normal -0.233313 -0.972402 0
    outer loop
      vertex 65.938 33.2655 2.2
      vertex 66.3652 33.163 15.4
      vertex 65.938 33.2655 15.4
    endloop
  endfacet
  facet normal -0.233313 -0.972402 -0
    outer loop
      vertex 66.3652 33.163 15.4
      vertex 65.938 33.2655 2.2
      vertex 66.3652 33.163 2.2
    endloop
  endfacet
  facet normal 0.522493 0.852644 -0
    outer loop
      vertex 3.92883 2.70518 2.2
      vertex 3.5542 2.93475 15.4
      vertex 3.92883 2.70518 15.4
    endloop
  endfacet
  facet normal 0.522493 0.852644 0
    outer loop
      vertex 3.5542 2.93475 15.4
      vertex 3.92883 2.70518 2.2
      vertex 3.5542 2.93475 2.2
    endloop
  endfacet
  facet normal -0.078456 0.996918 0
    outer loop
      vertex 65.938 2.43447 2.2
      vertex 65.5 2.4 15.4
      vertex 65.938 2.43447 15.4
    endloop
  endfacet
  facet normal -0.078456 0.996918 0
    outer loop
      vertex 65.5 2.4 15.4
      vertex 65.938 2.43447 2.2
      vertex 65.5 2.4 2.2
    endloop
  endfacet
  facet normal 0.996918 0.0784525 0
    outer loop
      vertex 2.43447 4.76198 15.4
      vertex 2.4 5.2 2.2
      vertex 2.4 5.2 15.4
    endloop
  endfacet
  facet normal 0.996918 0.0784525 0
    outer loop
      vertex 2.4 5.2 2.2
      vertex 2.43447 4.76198 15.4
      vertex 2.43447 4.76198 2.2
    endloop
  endfacet
  facet normal -0.923856 -0.38274 0
    outer loop
      vertex 68.163 31.3652 2.2
      vertex 67.9948 31.7712 15.4
      vertex 67.9948 31.7712 2.2
    endloop
  endfacet
  facet normal -0.923856 -0.38274 0
    outer loop
      vertex 67.9948 31.7712 15.4
      vertex 68.163 31.3652 2.2
      vertex 68.163 31.3652 15.4
    endloop
  endfacet
  facet normal -0.923829 0.382805 0
    outer loop
      vertex 67.9948 3.92883 2.2
      vertex 68.163 4.33475 15.4
      vertex 68.163 4.33475 2.2
    endloop
  endfacet
  facet normal -0.923829 0.382805 0
    outer loop
      vertex 68.163 4.33475 15.4
      vertex 67.9948 3.92883 2.2
      vertex 67.9948 3.92883 15.4
    endloop
  endfacet
  facet normal -0.649384 -0.76046 0
    outer loop
      vertex 67.1458 32.7652 2.2
      vertex 67.4799 32.4799 15.4
      vertex 67.1458 32.7652 15.4
    endloop
  endfacet
  facet normal -0.649384 -0.76046 -0
    outer loop
      vertex 67.4799 32.4799 15.4
      vertex 67.1458 32.7652 2.2
      vertex 67.4799 32.4799 2.2
    endloop
  endfacet
  facet normal 0.852625 -0.522523 0
    outer loop
      vertex 2.70518 31.7712 15.4
      vertex 2.93475 32.1458 2.2
      vertex 2.93475 32.1458 15.4
    endloop
  endfacet
  facet normal 0.852625 -0.522523 0
    outer loop
      vertex 2.93475 32.1458 2.2
      vertex 2.70518 31.7712 15.4
      vertex 2.70518 31.7712 2.2
    endloop
  endfacet
  facet normal -0.852595 -0.522573 0
    outer loop
      vertex 67.9948 31.7712 2.2
      vertex 67.7652 32.1458 15.4
      vertex 67.7652 32.1458 2.2
    endloop
  endfacet
  facet normal -0.852595 -0.522573 0
    outer loop
      vertex 67.7652 32.1458 15.4
      vertex 67.9948 31.7712 2.2
      vertex 67.9948 31.7712 15.4
    endloop
  endfacet
  facet normal -0 0 1
    outer loop
      vertex 16.45 12.3888 2.2
      vertex 18.68 10.7088 2.2
      vertex 18.68 13.6763 2.2
    endloop
  endfacet
  facet normal 0 0 1
    outer loop
      vertex 16.45 12.3888 2.2
      vertex 16.45 11.9963 2.2
      vertex 18.68 10.7088 2.2
    endloop
  endfacet
  facet normal 0 0 1
    outer loop
      vertex 14.85 13.3126 2.2
      vertex 16.45 11.9963 2.2
      vertex 16.45 12.3888 2.2
    endloop
  endfacet
  facet normal 0 0 1
    outer loop
      vertex 16.45 11.9963 2.2
      vertex 14.85 13.3126 2.2
      vertex 14.85 11.0725 2.2
    endloop
  endfacet
  facet normal -0 0 1
    outer loop
      vertex 16.45 17.9314 2.2
      vertex 18.68 16.2513 2.2
      vertex 18.68 19.2189 2.2
    endloop
  endfacet
  facet normal 0 0 1
    outer loop
      vertex 16.45 17.9314 2.2
      vertex 16.45 17.5388 2.2
      vertex 18.68 16.2513 2.2
    endloop
  endfacet
  facet normal 0 0 1
    outer loop
      vertex 14.85 18.8551 2.2
      vertex 16.45 17.5388 2.2
      vertex 16.45 17.9314 2.2
    endloop
  endfacet
  facet normal 0 0 1
    outer loop
      vertex 16.45 17.5388 2.2
      vertex 14.85 18.8551 2.2
      vertex 14.85 16.6151 2.2
    endloop
  endfacet
  facet normal 0 0 1
    outer loop
      vertex 16.45 23.0814 2.2
      vertex 17.1013 23.85 2.2
      vertex 16.45 23.474 2.2
    endloop
  endfacet
  facet normal 0 0 1
    outer loop
      vertex 17.1013 23.85 2.2
      vertex 16.45 23.0814 2.2
      vertex 18.68 21.7939 2.2
    endloop
  endfacet
  facet normal 0 0 1
    outer loop
      vertex 15.7987 23.85 2.2
      vertex 16.45 23.0814 2.2
      vertex 16.45 23.474 2.2
    endloop
  endfacet
  facet normal 0 0 1
    outer loop
      vertex 16.45 23.0814 2.2
      vertex 15.7987 23.85 2.2
      vertex 14.85 22.1576 2.2
    endloop
  endfacet
  facet normal -0 0 1
    outer loop
      vertex 21.25 15.1601 2.2
      vertex 23.48 13.48 2.2
      vertex 23.48 16.4476 2.2
    endloop
  endfacet
  facet normal 0 0 1
    outer loop
      vertex 21.25 15.1601 2.2
      vertex 21.25 14.7675 2.2
      vertex 23.48 13.48 2.2
    endloop
  endfacet
  facet normal 0 0 1
    outer loop
      vertex 19.02 16.4476 2.2
      vertex 21.25 14.7675 2.2
      vertex 21.25 15.1601 2.2
    endloop
  endfacet
  facet normal 0 0 1
    outer loop
      vertex 21.25 14.7675 2.2
      vertex 19.02 16.4476 2.2
      vertex 19.02 13.48 2.2
    endloop
  endfacet
  facet normal -0 0 1
    outer loop
      vertex 21.25 20.7027 2.2
      vertex 23.48 19.0226 2.2
      vertex 23.48 21.9902 2.2
    endloop
  endfacet
  facet normal 0 0 1
    outer loop
      vertex 21.25 20.7027 2.2
      vertex 21.25 20.3101 2.2
      vertex 23.48 19.0226 2.2
    endloop
  endfacet
  facet normal 0 0 1
    outer loop
      vertex 19.02 21.9902 2.2
      vertex 21.25 20.3101 2.2
      vertex 21.25 20.7027 2.2
    endloop
  endfacet
  facet normal 0 0 1
    outer loop
      vertex 21.25 20.3101 2.2
      vertex 19.02 21.9902 2.2
      vertex 19.02 19.0226 2.2
    endloop
  endfacet
  facet normal 0 0 1
    outer loop
      vertex 31.2526 9.84999 2.2
      vertex 26.7641 5.37851 2.2
      vertex 26.79 5.05 2.2
    endloop
  endfacet
  facet normal 0 0 1
    outer loop
      vertex 30.4474 9.84999 2.2
      vertex 26.6872 5.69894 2.2
      vertex 26.7641 5.37851 2.2
    endloop
  endfacet
  facet normal 0 0 1
    outer loop
      vertex 30.4474 9.84999 2.2
      vertex 26.5611 6.00338 2.2
      vertex 26.6872 5.69894 2.2
    endloop
  endfacet
  facet normal 0 0 1
    outer loop
      vertex 28.28 9.84999 2.2
      vertex 26.3889 6.28435 2.2
      vertex 26.5611 6.00338 2.2
    endloop
  endfacet
  facet normal 0 0 1
    outer loop
      vertex 28.28 9.84999 2.2
      vertex 26.1749 6.53492 2.2
      vertex 26.3889 6.28435 2.2
    endloop
  endfacet
  facet normal 0 0 1
    outer loop
      vertex 28.28 9.84999 2.2
      vertex 25.9243 6.74893 2.2
      vertex 26.1749 6.53492 2.2
    endloop
  endfacet
  facet normal 0 0 1
    outer loop
      vertex 28.28 9.84999 2.2
      vertex 25.6434 6.92111 2.2
      vertex 25.9243 6.74893 2.2
    endloop
  endfacet
  facet normal 0 0 1
    outer loop
      vertex 28.28 9.84999 2.2
      vertex 25.3389 7.04722 2.2
      vertex 25.6434 6.92111 2.2
    endloop
  endfacet
  facet normal -0 0 1
    outer loop
      vertex 23.82 9.84999 2.2
      vertex 25.3389 7.04722 2.2
      vertex 28.28 9.84999 2.2
    endloop
  endfacet
  facet normal 0 0 1
    outer loop
      vertex 25.3389 7.04722 2.2
      vertex 23.82 9.84999 2.2
      vertex 25.0185 7.12415 2.2
    endloop
  endfacet
  facet normal 0 0 1
    outer loop
      vertex 25.0185 7.12415 2.2
      vertex 23.82 9.84999 2.2
      vertex 24.69 7.15 2.2
    endloop
  endfacet
  facet normal 0 0 1
    outer loop
      vertex 24.69 7.15 2.2
      vertex 23.82 9.84999 2.2
      vertex 24.3615 7.12415 2.2
    endloop
  endfacet
  facet normal 0 0 1
    outer loop
      vertex 24.3615 7.12415 2.2
      vertex 23.82 9.84999 2.2
      vertex 24.0411 7.04722 2.2
    endloop
  endfacet
  facet normal 0 0 1
    outer loop
      vertex 24.0411 7.04722 2.2
      vertex 23.82 9.84999 2.2
      vertex 23.7366 6.92111 2.2
    endloop
  endfacet
  facet normal -0 0 1
    outer loop
      vertex 26.05 12.3888 2.2
      vertex 28.28 10.7088 2.2
      vertex 28.28 13.6763 2.2
    endloop
  endfacet
  facet normal 0 0 1
    outer loop
      vertex 26.05 12.3888 2.2
      vertex 26.05 11.9963 2.2
      vertex 28.28 10.7088 2.2
    endloop
  endfacet
  facet normal 0 0 1
    outer loop
      vertex 23.82 13.6763 2.2
      vertex 26.05 11.9963 2.2
      vertex 26.05 12.3888 2.2
    endloop
  endfacet
  facet normal 0 0 1
    outer loop
      vertex 26.05 11.9963 2.2
      vertex 23.82 13.6763 2.2
      vertex 23.82 10.7088 2.2
    endloop
  endfacet
  facet normal -0 0 1
    outer loop
      vertex 26.05 17.9314 2.2
      vertex 28.28 16.2513 2.2
      vertex 28.28 19.2189 2.2
    endloop
  endfacet
  facet normal 0 0 1
    outer loop
      vertex 26.05 17.9314 2.2
      vertex 26.05 17.5388 2.2
      vertex 28.28 16.2513 2.2
    endloop
  endfacet
  facet normal 0 0 1
    outer loop
      vertex 23.82 19.2189 2.2
      vertex 26.05 17.5388 2.2
      vertex 26.05 17.9314 2.2
    endloop
  endfacet
  facet normal 0 0 1
    outer loop
      vertex 26.05 17.5388 2.2
      vertex 23.82 19.2189 2.2
      vertex 23.82 16.2513 2.2
    endloop
  endfacet
  facet normal -0 0 1
    outer loop
      vertex 30.85 15.1601 2.2
      vertex 33.08 13.48 2.2
      vertex 33.08 16.4476 2.2
    endloop
  endfacet
  facet normal 0 0 1
    outer loop
      vertex 30.85 15.1601 2.2
      vertex 30.85 14.7675 2.2
      vertex 33.08 13.48 2.2
    endloop
  endfacet
  facet normal 0 0 1
    outer loop
      vertex 28.62 16.4476 2.2
      vertex 30.85 14.7675 2.2
      vertex 30.85 15.1601 2.2
    endloop
  endfacet
  facet normal 0 0 1
    outer loop
      vertex 30.85 14.7675 2.2
      vertex 28.62 16.4476 2.2
      vertex 28.62 13.48 2.2
    endloop
  endfacet
  facet normal -0 0 1
    outer loop
      vertex 30.85 20.7027 2.2
      vertex 33.08 19.0226 2.2
      vertex 33.08 21.9902 2.2
    endloop
  endfacet
  facet normal 0 0 1
    outer loop
      vertex 30.85 20.7027 2.2
      vertex 30.85 20.3101 2.2
      vertex 33.08 19.0226 2.2
    endloop
  endfacet
  facet normal 0 0 1
    outer loop
      vertex 28.62 21.9902 2.2
      vertex 30.85 20.3101 2.2
      vertex 30.85 20.7027 2.2
    endloop
  endfacet
  facet normal 0 0 1
    outer loop
      vertex 30.85 20.3101 2.2
      vertex 28.62 21.9902 2.2
      vertex 28.62 19.0226 2.2
    endloop
  endfacet
  facet normal -0 0 1
    outer loop
      vertex 35.65 12.3888 2.2
      vertex 36.85 11.3034 2.2
      vertex 36.85 13.0816 2.2
    endloop
  endfacet
  facet normal 0 0 1
    outer loop
      vertex 35.65 12.3888 2.2
      vertex 35.65 11.9963 2.2
      vertex 36.85 11.3034 2.2
    endloop
  endfacet
  facet normal 0 0 1
    outer loop
      vertex 33.42 13.6763 2.2
      vertex 35.65 11.9963 2.2
      vertex 35.65 12.3888 2.2
    endloop
  endfacet
  facet normal 0 0 1
    outer loop
      vertex 35.65 11.9963 2.2
      vertex 33.42 13.6763 2.2
      vertex 33.42 10.7088 2.2
    endloop
  endfacet
  facet normal -0 0 1
    outer loop
      vertex 35.65 17.9314 2.2
      vertex 36.85 16.846 2.2
      vertex 36.85 18.6242 2.2
    endloop
  endfacet
  facet normal 0 0 1
    outer loop
      vertex 35.65 17.9314 2.2
      vertex 35.65 17.5388 2.2
      vertex 36.85 16.846 2.2
    endloop
  endfacet
  facet normal 0 0 1
    outer loop
      vertex 33.42 19.2189 2.2
      vertex 35.65 17.5388 2.2
      vertex 35.65 17.9314 2.2
    endloop
  endfacet
  facet normal 0 0 1
    outer loop
      vertex 35.65 17.5388 2.2
      vertex 33.42 19.2189 2.2
      vertex 33.42 16.2513 2.2
    endloop
  endfacet
  facet normal 0 0 1
    outer loop
      vertex 65.5 33.3 2.2
      vertex 68.3 30.5 2.2
      vertex 68.2655 30.938 2.2
    endloop
  endfacet
  facet normal 0 0 1
    outer loop
      vertex 68.3 30.5 2.2
      vertex 36.85 18.6242 2.2
      vertex 68.3 5.2 2.2
    endloop
  endfacet
  facet normal 0 0 1
    outer loop
      vertex 65.5 33.3 2.2
      vertex 68.2655 30.938 2.2
      vertex 68.163 31.3652 2.2
    endloop
  endfacet
  facet normal 0 0 1
    outer loop
      vertex 68.3 30.5 2.2
      vertex 65.5 33.3 2.2
      vertex 36.85 18.6242 2.2
    endloop
  endfacet
  facet normal 0 0 1
    outer loop
      vertex 65.5 33.3 2.2
      vertex 68.163 31.3652 2.2
      vertex 67.9948 31.7712 2.2
    endloop
  endfacet
  facet normal -0 0 1
    outer loop
      vertex 36.85 16.846 2.2
      vertex 68.3 5.2 2.2
      vertex 36.85 18.6242 2.2
    endloop
  endfacet
  facet normal 0 0 1
    outer loop
      vertex 65.5 33.3 2.2
      vertex 67.9948 31.7712 2.2
      vertex 67.7652 32.1458 2.2
    endloop
  endfacet
  facet normal 0 0 1
    outer loop
      vertex 68.2655 4.76198 2.2
      vertex 65.5 2.4 2.2
      vertex 68.163 4.33475 2.2
    endloop
  endfacet
  facet normal 0 0 1
    outer loop
      vertex 65.5 33.3 2.2
      vertex 67.7652 32.1458 2.2
      vertex 67.4799 32.4799 2.2
    endloop
  endfacet
  facet normal 0 0 1
    outer loop
      vertex 68.163 4.33475 2.2
      vertex 65.5 2.4 2.2
      vertex 67.9948 3.92883 2.2
    endloop
  endfacet
  facet normal 0 0 1
    outer loop
      vertex 65.5 33.3 2.2
      vertex 67.4799 32.4799 2.2
      vertex 67.1458 32.7652 2.2
    endloop
  endfacet
  facet normal 0 0 1
    outer loop
      vertex 67.9948 3.92883 2.2
      vertex 65.5 2.4 2.2
      vertex 67.7652 3.5542 2.2
    endloop
  endfacet
  facet normal 0 0 1
    outer loop
      vertex 65.5 33.3 2.2
      vertex 67.1458 32.7652 2.2
      vertex 66.7712 32.9948 2.2
    endloop
  endfacet
  facet normal 0 0 1
    outer loop
      vertex 67.7652 3.5542 2.2
      vertex 65.5 2.4 2.2
      vertex 67.4799 3.2201 2.2
    endloop
  endfacet
  facet normal 0 0 1
    outer loop
      vertex 65.5 33.3 2.2
      vertex 66.7712 32.9948 2.2
      vertex 66.3652 33.163 2.2
    endloop
  endfacet
  facet normal 0 0 1
    outer loop
      vertex 67.4799 3.2201 2.2
      vertex 65.5 2.4 2.2
      vertex 67.1458 2.93475 2.2
    endloop
  endfacet
  facet normal 0 0 1
    outer loop
      vertex 65.5 33.3 2.2
      vertex 66.3652 33.163 2.2
      vertex 65.938 33.2655 2.2
    endloop
  endfacet
  facet normal 0 0 1
    outer loop
      vertex 67.1458 2.93475 2.2
      vertex 65.5 2.4 2.2
      vertex 66.7712 2.70518 2.2
    endloop
  endfacet
  facet normal 0 0 1
    outer loop
      vertex 66.7712 2.70518 2.2
      vertex 65.5 2.4 2.2
      vertex 66.3652 2.53704 2.2
    endloop
  endfacet
  facet normal 0 0 1
    outer loop
      vertex 66.3652 2.53704 2.2
      vertex 65.5 2.4 2.2
      vertex 65.938 2.43447 2.2
    endloop
  endfacet
  facet normal 0 0 1
    outer loop
      vertex 36.85 18.6242 2.2
      vertex 65.5 33.3 2.2
      vertex 36.85 22.3886 2.2
    endloop
  endfacet
  facet normal 0 0 1
    outer loop
      vertex 65.5 33.3 2.2
      vertex 36.3013 23.85 2.2
      vertex 36.85 22.3886 2.2
    endloop
  endfacet
  facet normal 0 0 1
    outer loop
      vertex 65.5 33.3 2.2
      vertex 34.9987 23.85 2.2
      vertex 36.3013 23.85 2.2
    endloop
  endfacet
  facet normal 0 0 1
    outer loop
      vertex 33.08 19.0226 2.2
      vertex 33.42 19.2189 2.2
      vertex 33.42 21.7939 2.2
    endloop
  endfacet
  facet normal 0 0 1
    outer loop
      vertex 33.42 19.2189 2.2
      vertex 33.08 19.0226 2.2
      vertex 33.42 16.2513 2.2
    endloop
  endfacet
  facet normal 0 0 1
    outer loop
      vertex 33.42 16.2513 2.2
      vertex 33.08 16.4476 2.2
      vertex 33.42 13.6763 2.2
    endloop
  endfacet
  facet normal 0 0 1
    outer loop
      vertex 33.08 13.48 2.2
      vertex 33.42 13.6763 2.2
      vertex 33.08 16.4476 2.2
    endloop
  endfacet
  facet normal -0 0 1
    outer loop
      vertex 33.08 21.9902 2.2
      vertex 33.42 21.7939 2.2
      vertex 33.08 23.85 2.2
    endloop
  endfacet
  facet normal 0 0 1
    outer loop
      vertex 34.9987 23.85 2.2
      vertex 33.08 23.85 2.2
      vertex 33.42 21.7939 2.2
    endloop
  endfacet
  facet normal -0 0 1
    outer loop
      vertex 5.2 33.3 2.2
      vertex 34.9987 23.85 2.2
      vertex 65.5 33.3 2.2
    endloop
  endfacet
  facet normal 0 0 1
    outer loop
      vertex 34.9987 23.85 2.2
      vertex 5.2 33.3 2.2
      vertex 33.08 23.85 2.2
    endloop
  endfacet
  facet normal 0 0 1
    outer loop
      vertex 28.28 21.7939 2.2
      vertex 28.62 21.9902 2.2
      vertex 28.62 23.85 2.2
    endloop
  endfacet
  facet normal 0 0 1
    outer loop
      vertex 28.62 21.9902 2.2
      vertex 28.28 21.7939 2.2
      vertex 28.62 19.0226 2.2
    endloop
  endfacet
  facet normal 0 0 1
    outer loop
      vertex 28.62 19.0226 2.2
      vertex 28.28 19.2189 2.2
      vertex 28.62 16.4476 2.2
    endloop
  endfacet
  facet normal 0 0 1
    outer loop
      vertex 28.28 16.2513 2.2
      vertex 28.62 16.4476 2.2
      vertex 28.28 19.2189 2.2
    endloop
  endfacet
  facet normal 0 0 1
    outer loop
      vertex 28.62 19.0226 2.2
      vertex 28.28 21.7939 2.2
      vertex 28.28 19.2189 2.2
    endloop
  endfacet
  facet normal 0 0 1
    outer loop
      vertex 28.62 23.85 2.2
      vertex 26.7013 23.85 2.2
      vertex 28.28 21.7939 2.2
    endloop
  endfacet
  facet normal 0 0 1
    outer loop
      vertex 33.08 23.85 2.2
      vertex 5.2 33.3 2.2
      vertex 28.62 23.85 2.2
    endloop
  endfacet
  facet normal 0 0 1
    outer loop
      vertex 28.62 23.85 2.2
      vertex 5.2 33.3 2.2
      vertex 26.7013 23.85 2.2
    endloop
  endfacet
  facet normal 0 0 1
    outer loop
      vertex 23.48 19.0226 2.2
      vertex 23.82 19.2189 2.2
      vertex 23.82 21.7939 2.2
    endloop
  endfacet
  facet normal 0 0 1
    outer loop
      vertex 23.82 19.2189 2.2
      vertex 23.48 19.0226 2.2
      vertex 23.82 16.2513 2.2
    endloop
  endfacet
  facet normal 0 0 1
    outer loop
      vertex 23.82 16.2513 2.2
      vertex 23.48 16.4476 2.2
      vertex 23.82 13.6763 2.2
    endloop
  endfacet
  facet normal 0 0 1
    outer loop
      vertex 23.48 13.48 2.2
      vertex 23.82 13.6763 2.2
      vertex 23.48 16.4476 2.2
    endloop
  endfacet
  facet normal 0 0 1
    outer loop
      vertex 23.82 13.6763 2.2
      vertex 23.48 13.48 2.2
      vertex 23.82 10.7088 2.2
    endloop
  endfacet
  facet normal -0 0 1
    outer loop
      vertex 23.48 21.9902 2.2
      vertex 23.82 21.7939 2.2
      vertex 23.48 23.85 2.2
    endloop
  endfacet
  facet normal 0 0 1
    outer loop
      vertex 25.3987 23.85 2.2
      vertex 23.48 23.85 2.2
      vertex 23.82 21.7939 2.2
    endloop
  endfacet
  facet normal 0 0 1
    outer loop
      vertex 26.7013 23.85 2.2
      vertex 5.2 33.3 2.2
      vertex 25.3987 23.85 2.2
    endloop
  endfacet
  facet normal 0 0 1
    outer loop
      vertex 25.3987 23.85 2.2
      vertex 5.2 33.3 2.2
      vertex 23.48 23.85 2.2
    endloop
  endfacet
  facet normal 0 0 1
    outer loop
      vertex 18.68 21.7939 2.2
      vertex 19.02 21.9902 2.2
      vertex 19.02 23.85 2.2
    endloop
  endfacet
  facet normal 0 0 1
    outer loop
      vertex 19.02 21.9902 2.2
      vertex 18.68 21.7939 2.2
      vertex 19.02 19.0226 2.2
    endloop
  endfacet
  facet normal 0 0 1
    outer loop
      vertex 19.02 19.0226 2.2
      vertex 18.68 19.2189 2.2
      vertex 19.02 16.4476 2.2
    endloop
  endfacet
  facet normal 0 0 1
    outer loop
      vertex 18.68 16.2513 2.2
      vertex 19.02 16.4476 2.2
      vertex 18.68 19.2189 2.2
    endloop
  endfacet
  facet normal 0 0 1
    outer loop
      vertex 19.02 19.0226 2.2
      vertex 18.68 21.7939 2.2
      vertex 18.68 19.2189 2.2
    endloop
  endfacet
  facet normal 0 0 1
    outer loop
      vertex 19.02 23.85 2.2
      vertex 17.1013 23.85 2.2
      vertex 18.68 21.7939 2.2
    endloop
  endfacet
  facet normal 0 0 1
    outer loop
      vertex 23.48 23.85 2.2
      vertex 5.2 33.3 2.2
      vertex 19.02 23.85 2.2
    endloop
  endfacet
  facet normal 0 0 1
    outer loop
      vertex 19.02 23.85 2.2
      vertex 5.2 33.3 2.2
      vertex 17.1013 23.85 2.2
    endloop
  endfacet
  facet normal 0 0 1
    outer loop
      vertex 2.4 30.5 2.2
      vertex 14.85 18.8551 2.2
      vertex 14.85 22.1576 2.2
    endloop
  endfacet
  facet normal 0 0 1
    outer loop
      vertex 14.85 18.8551 2.2
      vertex 2.4 30.5 2.2
      vertex 14.85 16.6151 2.2
    endloop
  endfacet
  facet normal 0 0 1
    outer loop
      vertex 14.85 16.6151 2.2
      vertex 2.4 5.2 2.2
      vertex 14.85 13.3126 2.2
    endloop
  endfacet
  facet normal 0 0 1
    outer loop
      vertex 14.85 13.3126 2.2
      vertex 2.4 5.2 2.2
      vertex 14.85 11.0725 2.2
    endloop
  endfacet
  facet normal 0 0 1
    outer loop
      vertex 15.7987 23.85 2.2
      vertex 2.4 30.5 2.2
      vertex 14.85 22.1576 2.2
    endloop
  endfacet
  facet normal -0 0 1
    outer loop
      vertex 2.4 30.5 2.2
      vertex 15.7987 23.85 2.2
      vertex 5.2 33.3 2.2
    endloop
  endfacet
  facet normal 0 0 1
    outer loop
      vertex 17.1013 23.85 2.2
      vertex 5.2 33.3 2.2
      vertex 15.7987 23.85 2.2
    endloop
  endfacet
  facet normal 0 -0 1
    outer loop
      vertex 65.5 2.4 2.2
      vertex 68.3 5.2 2.2
      vertex 36.85 16.846 2.2
    endloop
  endfacet
  facet normal 0 0 1
    outer loop
      vertex 68.3 5.2 2.2
      vertex 65.5 2.4 2.2
      vertex 68.2655 4.76198 2.2
    endloop
  endfacet
  facet normal -0 0 1
    outer loop
      vertex 36.85 13.0816 2.2
      vertex 65.5 2.4 2.2
      vertex 36.85 16.846 2.2
    endloop
  endfacet
  facet normal -0 0 1
    outer loop
      vertex 36.85 11.3034 2.2
      vertex 65.5 2.4 2.2
      vertex 36.85 13.0816 2.2
    endloop
  endfacet
  facet normal -0 0 1
    outer loop
      vertex 36.85 9.84999 2.2
      vertex 65.5 2.4 2.2
      vertex 36.85 11.3034 2.2
    endloop
  endfacet
  facet normal 0 0 1
    outer loop
      vertex 26.6872 4.40106 2.2
      vertex 36.85 9.84999 2.2
      vertex 33.42 9.84999 2.2
    endloop
  endfacet
  facet normal 0 0 1
    outer loop
      vertex 33.08 19.0226 2.2
      vertex 33.42 21.7939 2.2
      vertex 33.08 21.9902 2.2
    endloop
  endfacet
  facet normal 0 0 1
    outer loop
      vertex 33.42 16.2513 2.2
      vertex 33.08 19.0226 2.2
      vertex 33.08 16.4476 2.2
    endloop
  endfacet
  facet normal 0 0 1
    outer loop
      vertex 33.42 13.6763 2.2
      vertex 33.08 13.48 2.2
      vertex 33.42 10.7088 2.2
    endloop
  endfacet
  facet normal -0 0 1
    outer loop
      vertex 33.08 10.905 2.2
      vertex 33.42 10.7088 2.2
      vertex 33.08 13.48 2.2
    endloop
  endfacet
  facet normal 0 0 1
    outer loop
      vertex 33.42 10.7088 2.2
      vertex 33.08 10.905 2.2
      vertex 33.42 9.84999 2.2
    endloop
  endfacet
  facet normal 0 0 1
    outer loop
      vertex 31.2526 9.84999 2.2
      vertex 33.42 9.84999 2.2
      vertex 33.08 10.905 2.2
    endloop
  endfacet
  facet normal 0 0 1
    outer loop
      vertex 26.7641 4.72149 2.2
      vertex 33.42 9.84999 2.2
      vertex 31.2526 9.84999 2.2
    endloop
  endfacet
  facet normal 0 0 1
    outer loop
      vertex 26.7641 5.37851 2.2
      vertex 31.2526 9.84999 2.2
      vertex 30.4474 9.84999 2.2
    endloop
  endfacet
  facet normal 0 0 1
    outer loop
      vertex 28.62 16.4476 2.2
      vertex 28.28 16.2513 2.2
      vertex 28.62 13.48 2.2
    endloop
  endfacet
  facet normal -0 0 1
    outer loop
      vertex 28.28 13.6763 2.2
      vertex 28.62 13.48 2.2
      vertex 28.28 16.2513 2.2
    endloop
  endfacet
  facet normal 0 0 1
    outer loop
      vertex 28.62 13.48 2.2
      vertex 28.28 13.6763 2.2
      vertex 28.62 10.905 2.2
    endloop
  endfacet
  facet normal 0 0 1
    outer loop
      vertex 28.28 10.7088 2.2
      vertex 28.62 10.905 2.2
      vertex 28.28 13.6763 2.2
    endloop
  endfacet
  facet normal 0 0 1
    outer loop
      vertex 28.28 9.84999 2.2
      vertex 28.62 10.905 2.2
      vertex 28.28 10.7088 2.2
    endloop
  endfacet
  facet normal 0 0 1
    outer loop
      vertex 28.62 10.905 2.2
      vertex 28.28 9.84999 2.2
      vertex 30.4474 9.84999 2.2
    endloop
  endfacet
  facet normal 0 0 1
    outer loop
      vertex 26.5611 6.00338 2.2
      vertex 30.4474 9.84999 2.2
      vertex 28.28 9.84999 2.2
    endloop
  endfacet
  facet normal 0 0 1
    outer loop
      vertex 31.2526 9.84999 2.2
      vertex 26.79 5.05 2.2
      vertex 26.7641 4.72149 2.2
    endloop
  endfacet
  facet normal 0 0 1
    outer loop
      vertex 33.42 9.84999 2.2
      vertex 26.7641 4.72149 2.2
      vertex 26.6872 4.40106 2.2
    endloop
  endfacet
  facet normal 0 0 1
    outer loop
      vertex 36.85 9.84999 2.2
      vertex 26.6872 4.40106 2.2
      vertex 26.5611 4.09662 2.2
    endloop
  endfacet
  facet normal 0 0 1
    outer loop
      vertex 36.85 9.84999 2.2
      vertex 26.5611 4.09662 2.2
      vertex 26.3889 3.81565 2.2
    endloop
  endfacet
  facet normal 0 0 1
    outer loop
      vertex 26.1749 3.56507 2.2
      vertex 36.85 9.84999 2.2
      vertex 26.3889 3.81565 2.2
    endloop
  endfacet
  facet normal 0 0 1
    outer loop
      vertex 36.85 9.84999 2.2
      vertex 26.1749 3.56507 2.2
      vertex 65.5 2.4 2.2
    endloop
  endfacet
  facet normal -0 0 1
    outer loop
      vertex 25.9243 3.35106 2.2
      vertex 65.5 2.4 2.2
      vertex 26.1749 3.56507 2.2
    endloop
  endfacet
  facet normal -0 0 1
    outer loop
      vertex 25.6434 3.17889 2.2
      vertex 65.5 2.4 2.2
      vertex 25.9243 3.35106 2.2
    endloop
  endfacet
  facet normal -0 0 1
    outer loop
      vertex 25.3389 3.05278 2.2
      vertex 65.5 2.4 2.2
      vertex 25.6434 3.17889 2.2
    endloop
  endfacet
  facet normal -0 0 1
    outer loop
      vertex 25.0185 2.97585 2.2
      vertex 65.5 2.4 2.2
      vertex 25.3389 3.05278 2.2
    endloop
  endfacet
  facet normal -0 0 1
    outer loop
      vertex 24.69 2.95 2.2
      vertex 65.5 2.4 2.2
      vertex 25.0185 2.97585 2.2
    endloop
  endfacet
  facet normal 0 0 1
    outer loop
      vertex 22.6928 5.69894 2.2
      vertex 18.68 9.84999 2.2
      vertex 22.6159 5.37851 2.2
    endloop
  endfacet
  facet normal 0 0 1
    outer loop
      vertex 22.6159 5.37851 2.2
      vertex 18.68 9.84999 2.2
      vertex 22.59 5.05 2.2
    endloop
  endfacet
  facet normal 0 0 1
    outer loop
      vertex 22.59 5.05 2.2
      vertex 18.68 9.84999 2.2
      vertex 22.6159 4.72149 2.2
    endloop
  endfacet
  facet normal 0 0 1
    outer loop
      vertex 18.68 9.84999 2.2
      vertex 20.8474 9.84999 2.2
      vertex 19.02 10.905 2.2
    endloop
  endfacet
  facet normal -0 0 1
    outer loop
      vertex 14.85 9.84999 2.2
      vertex 22.6159 4.72149 2.2
      vertex 18.68 9.84999 2.2
    endloop
  endfacet
  facet normal 0 0 1
    outer loop
      vertex 19.02 16.4476 2.2
      vertex 18.68 16.2513 2.2
      vertex 19.02 13.48 2.2
    endloop
  endfacet
  facet normal -0 0 1
    outer loop
      vertex 18.68 13.6763 2.2
      vertex 19.02 13.48 2.2
      vertex 18.68 16.2513 2.2
    endloop
  endfacet
  facet normal 0 0 1
    outer loop
      vertex 19.02 13.48 2.2
      vertex 18.68 13.6763 2.2
      vertex 19.02 10.905 2.2
    endloop
  endfacet
  facet normal 0 0 1
    outer loop
      vertex 18.68 10.7088 2.2
      vertex 19.02 10.905 2.2
      vertex 18.68 13.6763 2.2
    endloop
  endfacet
  facet normal 0 0 1
    outer loop
      vertex 18.68 9.84999 2.2
      vertex 19.02 10.905 2.2
      vertex 18.68 10.7088 2.2
    endloop
  endfacet
  facet normal 0 0 1
    outer loop
      vertex 22.6159 4.72149 2.2
      vertex 14.85 9.84999 2.2
      vertex 22.6928 4.40106 2.2
    endloop
  endfacet
  facet normal 0 0 1
    outer loop
      vertex 22.6928 4.40106 2.2
      vertex 14.85 9.84999 2.2
      vertex 22.8189 4.09662 2.2
    endloop
  endfacet
  facet normal 0 0 1
    outer loop
      vertex 5.2 2.4 2.2
      vertex 22.8189 4.09662 2.2
      vertex 14.85 9.84999 2.2
    endloop
  endfacet
  facet normal 0 0 1
    outer loop
      vertex 22.8189 4.09662 2.2
      vertex 5.2 2.4 2.2
      vertex 22.9911 3.81565 2.2
    endloop
  endfacet
  facet normal 0 0 1
    outer loop
      vertex 22.9911 3.81565 2.2
      vertex 5.2 2.4 2.2
      vertex 23.2051 3.56507 2.2
    endloop
  endfacet
  facet normal 0 0 1
    outer loop
      vertex 24.69 2.95 2.2
      vertex 5.2 2.4 2.2
      vertex 65.5 2.4 2.2
    endloop
  endfacet
  facet normal 0 0 1
    outer loop
      vertex 24.3615 2.97585 2.2
      vertex 5.2 2.4 2.2
      vertex 24.69 2.95 2.2
    endloop
  endfacet
  facet normal 0 0 1
    outer loop
      vertex 24.0411 3.05278 2.2
      vertex 5.2 2.4 2.2
      vertex 24.3615 2.97585 2.2
    endloop
  endfacet
  facet normal 0 0 1
    outer loop
      vertex 23.7366 3.17889 2.2
      vertex 5.2 2.4 2.2
      vertex 24.0411 3.05278 2.2
    endloop
  endfacet
  facet normal 0 0 1
    outer loop
      vertex 23.4557 3.35106 2.2
      vertex 5.2 2.4 2.2
      vertex 23.7366 3.17889 2.2
    endloop
  endfacet
  facet normal 0 0 1
    outer loop
      vertex 23.2051 3.56507 2.2
      vertex 5.2 2.4 2.2
      vertex 23.4557 3.35106 2.2
    endloop
  endfacet
  facet normal 0 0 1
    outer loop
      vertex 14.85 16.6151 2.2
      vertex 2.4 30.5 2.2
      vertex 2.4 5.2 2.2
    endloop
  endfacet
  facet normal 0 0 1
    outer loop
      vertex 2.4 30.5 2.2
      vertex 5.2 33.3 2.2
      vertex 4.76198 33.2655 2.2
    endloop
  endfacet
  facet normal 0 0 1
    outer loop
      vertex 14.85 11.0725 2.2
      vertex 2.4 5.2 2.2
      vertex 14.85 9.84999 2.2
    endloop
  endfacet
  facet normal 0 0 1
    outer loop
      vertex 2.4 30.5 2.2
      vertex 4.76198 33.2655 2.2
      vertex 4.33475 33.163 2.2
    endloop
  endfacet
  facet normal 0 0 1
    outer loop
      vertex 14.85 9.84999 2.2
      vertex 2.4 5.2 2.2
      vertex 5.2 2.4 2.2
    endloop
  endfacet
  facet normal 0 0 1
    outer loop
      vertex 2.4 30.5 2.2
      vertex 4.33475 33.163 2.2
      vertex 3.92883 32.9948 2.2
    endloop
  endfacet
  facet normal 0 0 1
    outer loop
      vertex 5.2 2.4 2.2
      vertex 2.4 5.2 2.2
      vertex 4.76198 2.43447 2.2
    endloop
  endfacet
  facet normal 0 0 1
    outer loop
      vertex 2.4 30.5 2.2
      vertex 3.92883 32.9948 2.2
      vertex 3.5542 32.7652 2.2
    endloop
  endfacet
  facet normal 0 0 1
    outer loop
      vertex 4.76198 2.43447 2.2
      vertex 2.4 5.2 2.2
      vertex 4.33475 2.53704 2.2
    endloop
  endfacet
  facet normal 0 0 1
    outer loop
      vertex 2.4 30.5 2.2
      vertex 3.5542 32.7652 2.2
      vertex 3.2201 32.4799 2.2
    endloop
  endfacet
  facet normal 0 0 1
    outer loop
      vertex 4.33475 2.53704 2.2
      vertex 2.4 5.2 2.2
      vertex 3.92883 2.70518 2.2
    endloop
  endfacet
  facet normal 0 0 1
    outer loop
      vertex 2.4 30.5 2.2
      vertex 3.2201 32.4799 2.2
      vertex 2.93475 32.1458 2.2
    endloop
  endfacet
  facet normal 0 0 1
    outer loop
      vertex 3.92883 2.70518 2.2
      vertex 2.4 5.2 2.2
      vertex 3.5542 2.93475 2.2
    endloop
  endfacet
  facet normal 0 0 1
    outer loop
      vertex 2.4 30.5 2.2
      vertex 2.93475 32.1458 2.2
      vertex 2.70518 31.7712 2.2
    endloop
  endfacet
  facet normal 0 0 1
    outer loop
      vertex 3.5542 2.93475 2.2
      vertex 2.4 5.2 2.2
      vertex 3.2201 3.2201 2.2
    endloop
  endfacet
  facet normal 0 0 1
    outer loop
      vertex 2.4 30.5 2.2
      vertex 2.70518 31.7712 2.2
      vertex 2.53704 31.3652 2.2
    endloop
  endfacet
  facet normal 0 0 1
    outer loop
      vertex 3.2201 3.2201 2.2
      vertex 2.4 5.2 2.2
      vertex 2.93475 3.5542 2.2
    endloop
  endfacet
  facet normal 0 0 1
    outer loop
      vertex 2.4 30.5 2.2
      vertex 2.53704 31.3652 2.2
      vertex 2.43447 30.938 2.2
    endloop
  endfacet
  facet normal 0 0 1
    outer loop
      vertex 2.93475 3.5542 2.2
      vertex 2.4 5.2 2.2
      vertex 2.70518 3.92883 2.2
    endloop
  endfacet
  facet normal 0 0 1
    outer loop
      vertex 2.70518 3.92883 2.2
      vertex 2.4 5.2 2.2
      vertex 2.53704 4.33475 2.2
    endloop
  endfacet
  facet normal 0 0 1
    outer loop
      vertex 2.53704 4.33475 2.2
      vertex 2.4 5.2 2.2
      vertex 2.43447 4.76198 2.2
    endloop
  endfacet
  facet normal 0 0 1
    outer loop
      vertex 35.65 23.0814 2.2
      vertex 36.3013 23.85 2.2
      vertex 35.65 23.474 2.2
    endloop
  endfacet
  facet normal 0 0 1
    outer loop
      vertex 36.3013 23.85 2.2
      vertex 35.65 23.0814 2.2
      vertex 36.85 22.3886 2.2
    endloop
  endfacet
  facet normal 0 0 1
    outer loop
      vertex 34.9987 23.85 2.2
      vertex 35.65 23.0814 2.2
      vertex 35.65 23.474 2.2
    endloop
  endfacet
  facet normal 0 0 1
    outer loop
      vertex 35.65 23.0814 2.2
      vertex 34.9987 23.85 2.2
      vertex 33.42 21.7939 2.2
    endloop
  endfacet
  facet normal 0 0 1
    outer loop
      vertex 26.05 23.0814 2.2
      vertex 26.7013 23.85 2.2
      vertex 26.05 23.474 2.2
    endloop
  endfacet
  facet normal 0 0 1
    outer loop
      vertex 26.7013 23.85 2.2
      vertex 26.05 23.0814 2.2
      vertex 28.28 21.7939 2.2
    endloop
  endfacet
  facet normal 0 0 1
    outer loop
      vertex 25.3987 23.85 2.2
      vertex 26.05 23.0814 2.2
      vertex 26.05 23.474 2.2
    endloop
  endfacet
  facet normal 0 0 1
    outer loop
      vertex 26.05 23.0814 2.2
      vertex 25.3987 23.85 2.2
      vertex 23.82 21.7939 2.2
    endloop
  endfacet
  facet normal 0 0 1
    outer loop
      vertex 23.48 19.0226 2.2
      vertex 23.82 21.7939 2.2
      vertex 23.48 21.9902 2.2
    endloop
  endfacet
  facet normal 0 0 1
    outer loop
      vertex 23.82 16.2513 2.2
      vertex 23.48 19.0226 2.2
      vertex 23.48 16.4476 2.2
    endloop
  endfacet
  facet normal -0 0 1
    outer loop
      vertex 23.48 10.905 2.2
      vertex 23.82 10.7088 2.2
      vertex 23.48 13.48 2.2
    endloop
  endfacet
  facet normal 0 0 1
    outer loop
      vertex 23.82 10.7088 2.2
      vertex 23.48 10.905 2.2
      vertex 23.82 9.84999 2.2
    endloop
  endfacet
  facet normal 0 0 1
    outer loop
      vertex 21.6526 9.84999 2.2
      vertex 23.82 9.84999 2.2
      vertex 23.48 10.905 2.2
    endloop
  endfacet
  facet normal 0 0 1
    outer loop
      vertex 23.82 9.84999 2.2
      vertex 21.6526 9.84999 2.2
      vertex 23.7366 6.92111 2.2
    endloop
  endfacet
  facet normal 0 0 1
    outer loop
      vertex 23.7366 6.92111 2.2
      vertex 21.6526 9.84999 2.2
      vertex 23.4557 6.74893 2.2
    endloop
  endfacet
  facet normal 0 0 1
    outer loop
      vertex 23.4557 6.74893 2.2
      vertex 21.6526 9.84999 2.2
      vertex 23.2051 6.53492 2.2
    endloop
  endfacet
  facet normal 0 0 1
    outer loop
      vertex 23.2051 6.53492 2.2
      vertex 21.6526 9.84999 2.2
      vertex 22.9911 6.28435 2.2
    endloop
  endfacet
  facet normal -0 0 1
    outer loop
      vertex 20.8474 9.84999 2.2
      vertex 22.9911 6.28435 2.2
      vertex 21.6526 9.84999 2.2
    endloop
  endfacet
  facet normal 0 0 1
    outer loop
      vertex 22.9911 6.28435 2.2
      vertex 20.8474 9.84999 2.2
      vertex 22.8189 6.00338 2.2
    endloop
  endfacet
  facet normal -0 0 1
    outer loop
      vertex 18.68 9.84999 2.2
      vertex 22.6928 5.69894 2.2
      vertex 20.8474 9.84999 2.2
    endloop
  endfacet
  facet normal 0 0 1
    outer loop
      vertex 22.8189 6.00338 2.2
      vertex 20.8474 9.84999 2.2
      vertex 22.6928 5.69894 2.2
    endloop
  endfacet
  facet normal 0.972378 -0.233411 0
    outer loop
      vertex 7.6126 6.056 6.5
      vertex 7.6593 6.25055 5.4
      vertex 7.6593 6.25055 6.5
    endloop
  endfacet
  facet normal 0.972378 -0.233411 0
    outer loop
      vertex 7.6593 6.25055 5.4
      vertex 7.6126 6.056 6.5
      vertex 7.6126 6.056 5.4
    endloop
  endfacet
  facet normal 0.972378 -0.233411 0
    outer loop
      vertex 7.6126 6.056 7.6
      vertex 7.6593 6.25055 6.98
      vertex 7.6593 6.25055 7.6
    endloop
  endfacet
  facet normal 0.972378 -0.233411 0
    outer loop
      vertex 7.6593 6.25055 6.98
      vertex 7.6126 6.056 7.6
      vertex 7.6126 6.056 6.98
    endloop
  endfacet
  facet normal 0.972378 0.233411 0
    outer loop
      vertex 7.6593 6.64945 6.5
      vertex 7.6126 6.844 5.4
      vertex 7.6126 6.844 6.5
    endloop
  endfacet
  facet normal 0.972378 0.233411 0
    outer loop
      vertex 7.6126 6.844 5.4
      vertex 7.6593 6.64945 6.5
      vertex 7.6593 6.64945 5.4
    endloop
  endfacet
  facet normal 0.972378 0.233411 0
    outer loop
      vertex 7.6593 6.64945 7.6
      vertex 7.6126 6.844 6.98
      vertex 7.6126 6.844 7.6
    endloop
  endfacet
  facet normal 0.972378 0.233411 0
    outer loop
      vertex 7.6126 6.844 6.98
      vertex 7.6593 6.64945 7.6
      vertex 7.6593 6.64945 6.98
    endloop
  endfacet
  facet normal 0.996916 0.0784737 0
    outer loop
      vertex 7.675 6.45 6.5
      vertex 7.6593 6.64945 5.4
      vertex 7.6593 6.64945 6.5
    endloop
  endfacet
  facet normal 0.996916 0.0784737 0
    outer loop
      vertex 7.6593 6.64945 5.4
      vertex 7.675 6.45 6.5
      vertex 7.675 6.45 5.4
    endloop
  endfacet
  facet normal 0.996916 0.0784737 0
    outer loop
      vertex 7.675 6.45 7.6
      vertex 7.6593 6.64945 6.98
      vertex 7.6593 6.64945 7.6
    endloop
  endfacet
  facet normal 0.996916 0.0784737 0
    outer loop
      vertex 7.6593 6.64945 6.98
      vertex 7.675 6.45 7.6
      vertex 7.675 6.45 6.98
    endloop
  endfacet
  facet normal 0.923868 0.382712 0
    outer loop
      vertex 7.6126 6.844 6.5
      vertex 7.53603 7.02884 5.4
      vertex 7.53603 7.02884 6.5
    endloop
  endfacet
  facet normal 0.923868 0.382712 0
    outer loop
      vertex 7.53603 7.02884 5.4
      vertex 7.6126 6.844 6.5
      vertex 7.6126 6.844 5.4
    endloop
  endfacet
  facet normal 0.923868 0.382712 0
    outer loop
      vertex 7.6126 6.844 7.6
      vertex 7.53603 7.02884 6.98
      vertex 7.53603 7.02884 7.6
    endloop
  endfacet
  facet normal 0.923868 0.382712 0
    outer loop
      vertex 7.53603 7.02884 6.98
      vertex 7.6126 6.844 7.6
      vertex 7.6126 6.844 6.98
    endloop
  endfacet
  facet normal -0 0 1
    outer loop
      vertex 5.82116 7.58603 7.6
      vertex 6 5.23989 7.6
      vertex 6 7.66011 7.6
    endloop
  endfacet
  facet normal 0 0 1
    outer loop
      vertex 5.82116 7.58603 7.6
      vertex 5.82116 5.31397 7.6
      vertex 6 5.23989 7.6
    endloop
  endfacet
  facet normal -0 0 1
    outer loop
      vertex 5.65057 7.4815 7.6
      vertex 5.82116 5.31397 7.6
      vertex 5.82116 7.58603 7.6
    endloop
  endfacet
  facet normal 0 0 1
    outer loop
      vertex 5.65057 7.4815 7.6
      vertex 5.65057 5.4185 7.6
      vertex 5.82116 5.31397 7.6
    endloop
  endfacet
  facet normal -0 0 1
    outer loop
      vertex 5.49844 7.35156 7.6
      vertex 5.65057 5.4185 7.6
      vertex 5.65057 7.4815 7.6
    endloop
  endfacet
  facet normal 0 0 1
    outer loop
      vertex 5.49844 7.35156 7.6
      vertex 5.49844 5.54844 7.6
      vertex 5.65057 5.4185 7.6
    endloop
  endfacet
  facet normal -0 0 1
    outer loop
      vertex 5.3685 7.19943 7.6
      vertex 5.49844 5.54844 7.6
      vertex 5.49844 7.35156 7.6
    endloop
  endfacet
  facet normal 0 0 1
    outer loop
      vertex 5.3685 7.19943 7.6
      vertex 5.3685 5.70057 7.6
      vertex 5.49844 5.54844 7.6
    endloop
  endfacet
  facet normal -0 0 1
    outer loop
      vertex 5.26397 7.02884 7.6
      vertex 5.3685 5.70057 7.6
      vertex 5.3685 7.19943 7.6
    endloop
  endfacet
  facet normal 0 0 1
    outer loop
      vertex 5.26397 7.02884 7.6
      vertex 5.26397 5.87116 7.6
      vertex 5.3685 5.70057 7.6
    endloop
  endfacet
  facet normal -0 0 1
    outer loop
      vertex 5.1874 6.844 7.6
      vertex 5.26397 5.87116 7.6
      vertex 5.26397 7.02884 7.6
    endloop
  endfacet
  facet normal 0 0 1
    outer loop
      vertex 5.1874 6.844 7.6
      vertex 5.1874 6.056 7.6
      vertex 5.26397 5.87116 7.6
    endloop
  endfacet
  facet normal -0 0 1
    outer loop
      vertex 5.1407 6.64945 7.6
      vertex 5.1874 6.056 7.6
      vertex 5.1874 6.844 7.6
    endloop
  endfacet
  facet normal 0 0 1
    outer loop
      vertex 5.1407 6.64945 7.6
      vertex 5.1407 6.25055 7.6
      vertex 5.1874 6.056 7.6
    endloop
  endfacet
  facet normal 0 -0 1
    outer loop
      vertex 5.1407 6.25055 7.6
      vertex 5.1407 6.64945 7.6
      vertex 5.125 6.45 7.6
    endloop
  endfacet
  facet normal 0 0 1
    outer loop
      vertex 7.6593 6.64945 7.6
      vertex 7.6593 6.25055 7.6
      vertex 7.675 6.45 7.6
    endloop
  endfacet
  facet normal 0 0 1
    outer loop
      vertex 7.6126 6.844 7.6
      vertex 7.6593 6.25055 7.6
      vertex 7.6593 6.64945 7.6
    endloop
  endfacet
  facet normal 0 0 1
    outer loop
      vertex 7.6126 6.844 7.6
      vertex 7.6126 6.056 7.6
      vertex 7.6593 6.25055 7.6
    endloop
  endfacet
  facet normal 0 0 1
    outer loop
      vertex 7.53603 7.02884 7.6
      vertex 7.6126 6.056 7.6
      vertex 7.6126 6.844 7.6
    endloop
  endfacet
  facet normal 0 0 1
    outer loop
      vertex 7.53603 7.02884 7.6
      vertex 7.53603 5.87116 7.6
      vertex 7.6126 6.056 7.6
    endloop
  endfacet
  facet normal 0 0 1
    outer loop
      vertex 7.4315 7.19943 7.6
      vertex 7.53603 5.87116 7.6
      vertex 7.53603 7.02884 7.6
    endloop
  endfacet
  facet normal 0 0 1
    outer loop
      vertex 7.4315 7.19943 7.6
      vertex 7.4315 5.70057 7.6
      vertex 7.53603 5.87116 7.6
    endloop
  endfacet
  facet normal 0 0 1
    outer loop
      vertex 7.30156 7.35156 7.6
      vertex 7.4315 5.70057 7.6
      vertex 7.4315 7.19943 7.6
    endloop
  endfacet
  facet normal 0 0 1
    outer loop
      vertex 7.30156 7.35156 7.6
      vertex 7.30156 5.54844 7.6
      vertex 7.4315 5.70057 7.6
    endloop
  endfacet
  facet normal 0 0 1
    outer loop
      vertex 7.14943 7.4815 7.6
      vertex 7.30156 5.54844 7.6
      vertex 7.30156 7.35156 7.6
    endloop
  endfacet
  facet normal 0 0 1
    outer loop
      vertex 7.14943 7.4815 7.6
      vertex 7.14943 5.4185 7.6
      vertex 7.30156 5.54844 7.6
    endloop
  endfacet
  facet normal 0 0 1
    outer loop
      vertex 6.97884 7.58603 7.6
      vertex 7.14943 5.4185 7.6
      vertex 7.14943 7.4815 7.6
    endloop
  endfacet
  facet normal 0 0 1
    outer loop
      vertex 6.97884 7.58603 7.6
      vertex 6.97884 5.31397 7.6
      vertex 7.14943 5.4185 7.6
    endloop
  endfacet
  facet normal 0 0 1
    outer loop
      vertex 6.8 7.66011 7.6
      vertex 6.97884 5.31397 7.6
      vertex 6.97884 7.58603 7.6
    endloop
  endfacet
  facet normal 0 0 1
    outer loop
      vertex 6.97884 5.31397 7.6
      vertex 6.8 7.66011 7.6
      vertex 6.8 5.23989 7.6
    endloop
  endfacet
  facet normal -0.760384 0.649473 0
    outer loop
      vertex 5.3685 7.19943 5.4
      vertex 5.49844 7.35156 6.5
      vertex 5.49844 7.35156 5.4
    endloop
  endfacet
  facet normal -0.760384 0.649473 0
    outer loop
      vertex 5.49844 7.35156 6.5
      vertex 5.3685 7.19943 5.4
      vertex 5.3685 7.19943 6.5
    endloop
  endfacet
  facet normal -0.760384 0.649473 0
    outer loop
      vertex 5.3685 7.19943 6.98
      vertex 5.49844 7.35156 7.6
      vertex 5.49844 7.35156 6.98
    endloop
  endfacet
  facet normal -0.760384 0.649473 0
    outer loop
      vertex 5.49844 7.35156 7.6
      vertex 5.3685 7.19943 6.98
      vertex 5.3685 7.19943 7.6
    endloop
  endfacet
  facet normal -0.972378 -0.233411 0
    outer loop
      vertex 5.1874 6.056 6.98
      vertex 5.1407 6.25055 7.6
      vertex 5.1407 6.25055 6.98
    endloop
  endfacet
  facet normal -0.972378 -0.233411 0
    outer loop
      vertex 5.1407 6.25055 7.6
      vertex 5.1874 6.056 6.98
      vertex 5.1874 6.056 7.6
    endloop
  endfacet
  facet normal -0.972378 -0.233411 0
    outer loop
      vertex 5.1874 6.056 5.4
      vertex 5.1407 6.25055 6.5
      vertex 5.1407 6.25055 5.4
    endloop
  endfacet
  facet normal -0.972378 -0.233411 0
    outer loop
      vertex 5.1407 6.25055 6.5
      vertex 5.1874 6.056 5.4
      vertex 5.1874 6.056 6.5
    endloop
  endfacet
  facet normal 0.852657 -0.522471 0
    outer loop
      vertex 7.4315 5.70057 7.6
      vertex 7.53603 5.87116 6.98
      vertex 7.53603 5.87116 7.6
    endloop
  endfacet
  facet normal 0.852657 -0.522471 0
    outer loop
      vertex 7.53603 5.87116 6.98
      vertex 7.4315 5.70057 7.6
      vertex 7.4315 5.70057 6.98
    endloop
  endfacet
  facet normal 0.852657 -0.522471 0
    outer loop
      vertex 7.4315 5.70057 6.5
      vertex 7.53603 5.87116 5.4
      vertex 7.53603 5.87116 6.5
    endloop
  endfacet
  facet normal 0.852657 -0.522471 0
    outer loop
      vertex 7.53603 5.87116 5.4
      vertex 7.4315 5.70057 6.5
      vertex 7.4315 5.70057 5.4
    endloop
  endfacet
  facet normal -0.382692 0.923876 0
    outer loop
      vertex 6 7.66011 5.4
      vertex 5.82116 7.58603 6.5
      vertex 6 7.66011 6.5
    endloop
  endfacet
  facet normal -0.382692 0.923876 0
    outer loop
      vertex 5.82116 7.58603 6.5
      vertex 6 7.66011 5.4
      vertex 5.82116 7.58603 5.4
    endloop
  endfacet
  facet normal -0.382692 0.923876 0
    outer loop
      vertex 6 7.66011 6.98
      vertex 5.82116 7.58603 7.6
      vertex 6 7.66011 7.6
    endloop
  endfacet
  facet normal -0.382692 0.923876 0
    outer loop
      vertex 5.82116 7.58603 7.6
      vertex 6 7.66011 6.98
      vertex 5.82116 7.58603 6.98
    endloop
  endfacet
  facet normal 0.760384 -0.649473 0
    outer loop
      vertex 7.30156 5.54844 7.6
      vertex 7.4315 5.70057 6.98
      vertex 7.4315 5.70057 7.6
    endloop
  endfacet
  facet normal 0.760384 -0.649473 0
    outer loop
      vertex 7.4315 5.70057 6.98
      vertex 7.30156 5.54844 7.6
      vertex 7.30156 5.54844 6.98
    endloop
  endfacet
  facet normal 0.760384 -0.649473 0
    outer loop
      vertex 7.30156 5.54844 6.5
      vertex 7.4315 5.70057 5.4
      vertex 7.4315 5.70057 6.5
    endloop
  endfacet
  facet normal 0.760384 -0.649473 0
    outer loop
      vertex 7.4315 5.70057 5.4
      vertex 7.30156 5.54844 6.5
      vertex 7.30156 5.54844 5.4
    endloop
  endfacet
  facet normal 0.923868 -0.382712 0
    outer loop
      vertex 7.53603 5.87116 7.6
      vertex 7.6126 6.056 6.98
      vertex 7.6126 6.056 7.6
    endloop
  endfacet
  facet normal 0.923868 -0.382712 0
    outer loop
      vertex 7.6126 6.056 6.98
      vertex 7.53603 5.87116 7.6
      vertex 7.53603 5.87116 6.98
    endloop
  endfacet
  facet normal 0.923868 -0.382712 0
    outer loop
      vertex 7.53603 5.87116 6.5
      vertex 7.6126 6.056 5.4
      vertex 7.6126 6.056 6.5
    endloop
  endfacet
  facet normal 0.923868 -0.382712 0
    outer loop
      vertex 7.6126 6.056 5.4
      vertex 7.53603 5.87116 6.5
      vertex 7.53603 5.87116 5.4
    endloop
  endfacet
  facet normal -0.972378 0.233411 0
    outer loop
      vertex 5.1407 6.64945 6.98
      vertex 5.1874 6.844 7.6
      vertex 5.1874 6.844 6.98
    endloop
  endfacet
  facet normal -0.972378 0.233411 0
    outer loop
      vertex 5.1874 6.844 7.6
      vertex 5.1407 6.64945 6.98
      vertex 5.1407 6.64945 7.6
    endloop
  endfacet
  facet normal -0.972378 0.233411 0
    outer loop
      vertex 5.1407 6.64945 5.4
      vertex 5.1874 6.844 6.5
      vertex 5.1874 6.844 5.4
    endloop
  endfacet
  facet normal -0.972378 0.233411 0
    outer loop
      vertex 5.1874 6.844 6.5
      vertex 5.1407 6.64945 5.4
      vertex 5.1407 6.64945 6.5
    endloop
  endfacet
  facet normal -0.996916 0.0784737 0
    outer loop
      vertex 5.125 6.45 6.98
      vertex 5.1407 6.64945 7.6
      vertex 5.1407 6.64945 6.98
    endloop
  endfacet
  facet normal -0.996916 0.0784737 0
    outer loop
      vertex 5.1407 6.64945 7.6
      vertex 5.125 6.45 6.98
      vertex 5.125 6.45 7.6
    endloop
  endfacet
  facet normal -0.996916 0.0784737 0
    outer loop
      vertex 5.125 6.45 5.4
      vertex 5.1407 6.64945 6.5
      vertex 5.1407 6.64945 5.4
    endloop
  endfacet
  facet normal -0.996916 0.0784737 0
    outer loop
      vertex 5.1407 6.64945 6.5
      vertex 5.125 6.45 5.4
      vertex 5.125 6.45 6.5
    endloop
  endfacet
  facet normal -0.996916 -0.0784737 0
    outer loop
      vertex 5.1407 6.25055 6.98
      vertex 5.125 6.45 7.6
      vertex 5.125 6.45 6.98
    endloop
  endfacet
  facet normal -0.996916 -0.0784737 0
    outer loop
      vertex 5.125 6.45 7.6
      vertex 5.1407 6.25055 6.98
      vertex 5.1407 6.25055 7.6
    endloop
  endfacet
  facet normal -0.996916 -0.0784737 0
    outer loop
      vertex 5.1407 6.25055 5.4
      vertex 5.125 6.45 6.5
      vertex 5.125 6.45 5.4
    endloop
  endfacet
  facet normal -0.996916 -0.0784737 0
    outer loop
      vertex 5.125 6.45 6.5
      vertex 5.1407 6.25055 5.4
      vertex 5.1407 6.25055 6.5
    endloop
  endfacet
  facet normal -0.852657 0.522471 0
    outer loop
      vertex 5.26397 7.02884 5.4
      vertex 5.3685 7.19943 6.5
      vertex 5.3685 7.19943 5.4
    endloop
  endfacet
  facet normal -0.852657 0.522471 0
    outer loop
      vertex 5.3685 7.19943 6.5
      vertex 5.26397 7.02884 5.4
      vertex 5.26397 7.02884 6.5
    endloop
  endfacet
  facet normal -0.852657 0.522471 0
    outer loop
      vertex 5.26397 7.02884 6.98
      vertex 5.3685 7.19943 7.6
      vertex 5.3685 7.19943 6.98
    endloop
  endfacet
  facet normal -0.852657 0.522471 0
    outer loop
      vertex 5.3685 7.19943 7.6
      vertex 5.26397 7.02884 6.98
      vertex 5.26397 7.02884 7.6
    endloop
  endfacet
  facet normal -0.522471 -0.852657 0
    outer loop
      vertex 5.65057 5.4185 5.4
      vertex 5.82116 5.31397 6.5
      vertex 5.65057 5.4185 6.5
    endloop
  endfacet
  facet normal -0.522471 -0.852657 -0
    outer loop
      vertex 5.82116 5.31397 6.5
      vertex 5.65057 5.4185 5.4
      vertex 5.82116 5.31397 5.4
    endloop
  endfacet
  facet normal -0.522471 -0.852657 0
    outer loop
      vertex 5.65057 5.4185 6.98
      vertex 5.82116 5.31397 7.6
      vertex 5.65057 5.4185 7.6
    endloop
  endfacet
  facet normal -0.522471 -0.852657 -0
    outer loop
      vertex 5.82116 5.31397 7.6
      vertex 5.65057 5.4185 6.98
      vertex 5.82116 5.31397 6.98
    endloop
  endfacet
  facet normal -0.382692 -0.923876 0
    outer loop
      vertex 5.82116 5.31397 6.98
      vertex 6 5.23989 7.6
      vertex 5.82116 5.31397 7.6
    endloop
  endfacet
  facet normal -0.382692 -0.923876 -0
    outer loop
      vertex 6 5.23989 7.6
      vertex 5.82116 5.31397 6.98
      vertex 6 5.23989 6.98
    endloop
  endfacet
  facet normal -0.382692 -0.923876 0
    outer loop
      vertex 5.82116 5.31397 5.4
      vertex 6 5.23989 6.5
      vertex 5.82116 5.31397 6.5
    endloop
  endfacet
  facet normal -0.382692 -0.923876 -0
    outer loop
      vertex 6 5.23989 6.5
      vertex 5.82116 5.31397 5.4
      vertex 6 5.23989 5.4
    endloop
  endfacet
  facet normal -0.760384 -0.649473 0
    outer loop
      vertex 5.49844 5.54844 6.98
      vertex 5.3685 5.70057 7.6
      vertex 5.3685 5.70057 6.98
    endloop
  endfacet
  facet normal -0.760384 -0.649473 0
    outer loop
      vertex 5.3685 5.70057 7.6
      vertex 5.49844 5.54844 6.98
      vertex 5.49844 5.54844 7.6
    endloop
  endfacet
  facet normal -0.760384 -0.649473 0
    outer loop
      vertex 5.49844 5.54844 5.4
      vertex 5.3685 5.70057 6.5
      vertex 5.3685 5.70057 5.4
    endloop
  endfacet
  facet normal -0.760384 -0.649473 0
    outer loop
      vertex 5.3685 5.70057 6.5
      vertex 5.49844 5.54844 5.4
      vertex 5.49844 5.54844 6.5
    endloop
  endfacet
  facet normal -0.852657 -0.522471 0
    outer loop
      vertex 5.3685 5.70057 6.98
      vertex 5.26397 5.87116 7.6
      vertex 5.26397 5.87116 6.98
    endloop
  endfacet
  facet normal -0.852657 -0.522471 0
    outer loop
      vertex 5.26397 5.87116 7.6
      vertex 5.3685 5.70057 6.98
      vertex 5.3685 5.70057 7.6
    endloop
  endfacet
  facet normal -0.852657 -0.522471 0
    outer loop
      vertex 5.3685 5.70057 5.4
      vertex 5.26397 5.87116 6.5
      vertex 5.26397 5.87116 5.4
    endloop
  endfacet
  facet normal -0.852657 -0.522471 0
    outer loop
      vertex 5.26397 5.87116 6.5
      vertex 5.3685 5.70057 5.4
      vertex 5.3685 5.70057 6.5
    endloop
  endfacet
  facet normal 0.852657 0.522471 0
    outer loop
      vertex 7.53603 7.02884 6.5
      vertex 7.4315 7.19943 5.4
      vertex 7.4315 7.19943 6.5
    endloop
  endfacet
  facet normal 0.852657 0.522471 0
    outer loop
      vertex 7.4315 7.19943 5.4
      vertex 7.53603 7.02884 6.5
      vertex 7.53603 7.02884 5.4
    endloop
  endfacet
  facet normal 0.852657 0.522471 0
    outer loop
      vertex 7.53603 7.02884 7.6
      vertex 7.4315 7.19943 6.98
      vertex 7.4315 7.19943 7.6
    endloop
  endfacet
  facet normal 0.852657 0.522471 0
    outer loop
      vertex 7.4315 7.19943 6.98
      vertex 7.53603 7.02884 7.6
      vertex 7.53603 7.02884 6.98
    endloop
  endfacet
  facet normal 0.382692 0.923876 -0
    outer loop
      vertex 6.97884 7.58603 6.98
      vertex 6.8 7.66011 7.6
      vertex 6.97884 7.58603 7.6
    endloop
  endfacet
  facet normal 0.382692 0.923876 0
    outer loop
      vertex 6.8 7.66011 7.6
      vertex 6.97884 7.58603 6.98
      vertex 6.8 7.66011 6.98
    endloop
  endfacet
  facet normal 0.382692 0.923876 -0
    outer loop
      vertex 6.97884 7.58603 5.4
      vertex 6.8 7.66011 6.5
      vertex 6.97884 7.58603 6.5
    endloop
  endfacet
  facet normal 0.382692 0.923876 0
    outer loop
      vertex 6.8 7.66011 6.5
      vertex 6.97884 7.58603 5.4
      vertex 6.8 7.66011 5.4
    endloop
  endfacet
  facet normal 0.760384 0.649473 0
    outer loop
      vertex 7.4315 7.19943 7.6
      vertex 7.30156 7.35156 6.98
      vertex 7.30156 7.35156 7.6
    endloop
  endfacet
  facet normal 0.760384 0.649473 0
    outer loop
      vertex 7.30156 7.35156 6.98
      vertex 7.4315 7.19943 7.6
      vertex 7.4315 7.19943 6.98
    endloop
  endfacet
  facet normal 0.760384 0.649473 0
    outer loop
      vertex 7.4315 7.19943 6.5
      vertex 7.30156 7.35156 5.4
      vertex 7.30156 7.35156 6.5
    endloop
  endfacet
  facet normal 0.760384 0.649473 0
    outer loop
      vertex 7.30156 7.35156 5.4
      vertex 7.4315 7.19943 6.5
      vertex 7.4315 7.19943 5.4
    endloop
  endfacet
  facet normal -0.522471 0.852657 0
    outer loop
      vertex 5.82116 7.58603 5.4
      vertex 5.65057 7.4815 6.5
      vertex 5.82116 7.58603 6.5
    endloop
  endfacet
  facet normal -0.522471 0.852657 0
    outer loop
      vertex 5.65057 7.4815 6.5
      vertex 5.82116 7.58603 5.4
      vertex 5.65057 7.4815 5.4
    endloop
  endfacet
  facet normal -0.522471 0.852657 0
    outer loop
      vertex 5.82116 7.58603 6.98
      vertex 5.65057 7.4815 7.6
      vertex 5.82116 7.58603 7.6
    endloop
  endfacet
  facet normal -0.522471 0.852657 0
    outer loop
      vertex 5.65057 7.4815 7.6
      vertex 5.82116 7.58603 6.98
      vertex 5.65057 7.4815 6.98
    endloop
  endfacet
  facet normal 0.996916 -0.0784737 0
    outer loop
      vertex 7.6593 6.25055 6.5
      vertex 7.675 6.45 5.4
      vertex 7.675 6.45 6.5
    endloop
  endfacet
  facet normal 0.996916 -0.0784737 0
    outer loop
      vertex 7.675 6.45 5.4
      vertex 7.6593 6.25055 6.5
      vertex 7.6593 6.25055 5.4
    endloop
  endfacet
  facet normal 0.996916 -0.0784737 0
    outer loop
      vertex 7.6593 6.25055 7.6
      vertex 7.675 6.45 6.98
      vertex 7.675 6.45 7.6
    endloop
  endfacet
  facet normal 0.996916 -0.0784737 0
    outer loop
      vertex 7.675 6.45 6.98
      vertex 7.6593 6.25055 7.6
      vertex 7.6593 6.25055 6.98
    endloop
  endfacet
  facet normal -0.649473 0.760384 0
    outer loop
      vertex 5.65057 7.4815 6.98
      vertex 5.49844 7.35156 7.6
      vertex 5.65057 7.4815 7.6
    endloop
  endfacet
  facet normal -0.649473 0.760384 0
    outer loop
      vertex 5.49844 7.35156 7.6
      vertex 5.65057 7.4815 6.98
      vertex 5.49844 7.35156 6.98
    endloop
  endfacet
  facet normal -0.649473 0.760384 0
    outer loop
      vertex 5.65057 7.4815 5.4
      vertex 5.49844 7.35156 6.5
      vertex 5.65057 7.4815 6.5
    endloop
  endfacet
  facet normal -0.649473 0.760384 0
    outer loop
      vertex 5.49844 7.35156 6.5
      vertex 5.65057 7.4815 5.4
      vertex 5.49844 7.35156 5.4
    endloop
  endfacet
  facet normal -0.923868 -0.382712 0
    outer loop
      vertex 5.26397 5.87116 6.98
      vertex 5.1874 6.056 7.6
      vertex 5.1874 6.056 6.98
    endloop
  endfacet
  facet normal -0.923868 -0.382712 0
    outer loop
      vertex 5.1874 6.056 7.6
      vertex 5.26397 5.87116 6.98
      vertex 5.26397 5.87116 7.6
    endloop
  endfacet
  facet normal -0.923868 -0.382712 0
    outer loop
      vertex 5.26397 5.87116 5.4
      vertex 5.1874 6.056 6.5
      vertex 5.1874 6.056 5.4
    endloop
  endfacet
  facet normal -0.923868 -0.382712 0
    outer loop
      vertex 5.1874 6.056 6.5
      vertex 5.26397 5.87116 5.4
      vertex 5.26397 5.87116 6.5
    endloop
  endfacet
  facet normal -0.649473 -0.760384 0
    outer loop
      vertex 5.49844 5.54844 5.4
      vertex 5.65057 5.4185 6.5
      vertex 5.49844 5.54844 6.5
    endloop
  endfacet
  facet normal -0.649473 -0.760384 -0
    outer loop
      vertex 5.65057 5.4185 6.5
      vertex 5.49844 5.54844 5.4
      vertex 5.65057 5.4185 5.4
    endloop
  endfacet
  facet normal -0.649473 -0.760384 0
    outer loop
      vertex 5.49844 5.54844 6.98
      vertex 5.65057 5.4185 7.6
      vertex 5.49844 5.54844 7.6
    endloop
  endfacet
  facet normal -0.649473 -0.760384 -0
    outer loop
      vertex 5.65057 5.4185 7.6
      vertex 5.49844 5.54844 6.98
      vertex 5.65057 5.4185 6.98
    endloop
  endfacet
  facet normal 0.382692 -0.923876 0
    outer loop
      vertex 6.8 5.23989 6.98
      vertex 6.97884 5.31397 7.6
      vertex 6.8 5.23989 7.6
    endloop
  endfacet
  facet normal 0.382692 -0.923876 0
    outer loop
      vertex 6.97884 5.31397 7.6
      vertex 6.8 5.23989 6.98
      vertex 6.97884 5.31397 6.98
    endloop
  endfacet
  facet normal 0.382692 -0.923876 0
    outer loop
      vertex 6.8 5.23989 5.4
      vertex 6.97884 5.31397 6.5
      vertex 6.8 5.23989 6.5
    endloop
  endfacet
  facet normal 0.382692 -0.923876 0
    outer loop
      vertex 6.97884 5.31397 6.5
      vertex 6.8 5.23989 5.4
      vertex 6.97884 5.31397 5.4
    endloop
  endfacet
  facet normal 0.522471 0.852657 -0
    outer loop
      vertex 7.14943 7.4815 6.98
      vertex 6.97884 7.58603 7.6
      vertex 7.14943 7.4815 7.6
    endloop
  endfacet
  facet normal 0.522471 0.852657 0
    outer loop
      vertex 6.97884 7.58603 7.6
      vertex 7.14943 7.4815 6.98
      vertex 6.97884 7.58603 6.98
    endloop
  endfacet
  facet normal 0.522471 0.852657 -0
    outer loop
      vertex 7.14943 7.4815 5.4
      vertex 6.97884 7.58603 6.5
      vertex 7.14943 7.4815 6.5
    endloop
  endfacet
  facet normal 0.522471 0.852657 0
    outer loop
      vertex 6.97884 7.58603 6.5
      vertex 7.14943 7.4815 5.4
      vertex 6.97884 7.58603 5.4
    endloop
  endfacet
  facet normal -0.923868 0.382712 0
    outer loop
      vertex 5.1874 6.844 6.98
      vertex 5.26397 7.02884 7.6
      vertex 5.26397 7.02884 6.98
    endloop
  endfacet
  facet normal -0.923868 0.382712 0
    outer loop
      vertex 5.26397 7.02884 7.6
      vertex 5.1874 6.844 6.98
      vertex 5.1874 6.844 7.6
    endloop
  endfacet
  facet normal -0.923868 0.382712 0
    outer loop
      vertex 5.1874 6.844 5.4
      vertex 5.26397 7.02884 6.5
      vertex 5.26397 7.02884 5.4
    endloop
  endfacet
  facet normal -0.923868 0.382712 0
    outer loop
      vertex 5.26397 7.02884 6.5
      vertex 5.1874 6.844 5.4
      vertex 5.1874 6.844 6.5
    endloop
  endfacet
  facet normal 0.649473 0.760384 -0
    outer loop
      vertex 7.30156 7.35156 6.98
      vertex 7.14943 7.4815 7.6
      vertex 7.30156 7.35156 7.6
    endloop
  endfacet
  facet normal 0.649473 0.760384 0
    outer loop
      vertex 7.14943 7.4815 7.6
      vertex 7.30156 7.35156 6.98
      vertex 7.14943 7.4815 6.98
    endloop
  endfacet
  facet normal 0.649473 0.760384 -0
    outer loop
      vertex 7.30156 7.35156 5.4
      vertex 7.14943 7.4815 6.5
      vertex 7.30156 7.35156 6.5
    endloop
  endfacet
  facet normal 0.649473 0.760384 0
    outer loop
      vertex 7.14943 7.4815 6.5
      vertex 7.30156 7.35156 5.4
      vertex 7.14943 7.4815 5.4
    endloop
  endfacet
  facet normal 0 0 -1
    outer loop
      vertex 7.6593 6.25055 5.4
      vertex 7.6593 6.64945 5.4
      vertex 7.675 6.45 5.4
    endloop
  endfacet
  facet normal 0 0 -1
    outer loop
      vertex 7.6126 6.056 5.4
      vertex 7.6593 6.64945 5.4
      vertex 7.6593 6.25055 5.4
    endloop
  endfacet
  facet normal 0 0 -1
    outer loop
      vertex 7.6126 6.056 5.4
      vertex 7.6126 6.844 5.4
      vertex 7.6593 6.64945 5.4
    endloop
  endfacet
  facet normal 0 0 -1
    outer loop
      vertex 7.53603 5.87116 5.4
      vertex 7.6126 6.844 5.4
      vertex 7.6126 6.056 5.4
    endloop
  endfacet
  facet normal 0 0 -1
    outer loop
      vertex 7.53603 5.87116 5.4
      vertex 7.53603 7.02884 5.4
      vertex 7.6126 6.844 5.4
    endloop
  endfacet
  facet normal 0 0 -1
    outer loop
      vertex 7.4315 5.70057 5.4
      vertex 7.53603 7.02884 5.4
      vertex 7.53603 5.87116 5.4
    endloop
  endfacet
  facet normal 0 0 -1
    outer loop
      vertex 7.4315 5.70057 5.4
      vertex 7.4315 7.19943 5.4
      vertex 7.53603 7.02884 5.4
    endloop
  endfacet
  facet normal 0 0 -1
    outer loop
      vertex 7.30156 5.54844 5.4
      vertex 7.4315 7.19943 5.4
      vertex 7.4315 5.70057 5.4
    endloop
  endfacet
  facet normal 0 0 -1
    outer loop
      vertex 7.30156 5.54844 5.4
      vertex 7.30156 7.35156 5.4
      vertex 7.4315 7.19943 5.4
    endloop
  endfacet
  facet normal 0 0 -1
    outer loop
      vertex 7.14943 5.4185 5.4
      vertex 7.30156 7.35156 5.4
      vertex 7.30156 5.54844 5.4
    endloop
  endfacet
  facet normal 0 0 -1
    outer loop
      vertex 7.14943 5.4185 5.4
      vertex 7.14943 7.4815 5.4
      vertex 7.30156 7.35156 5.4
    endloop
  endfacet
  facet normal 0 0 -1
    outer loop
      vertex 6.97884 5.31397 5.4
      vertex 7.14943 7.4815 5.4
      vertex 7.14943 5.4185 5.4
    endloop
  endfacet
  facet normal 0 0 -1
    outer loop
      vertex 6.97884 5.31397 5.4
      vertex 6.97884 7.58603 5.4
      vertex 7.14943 7.4815 5.4
    endloop
  endfacet
  facet normal 0 0 -1
    outer loop
      vertex 6.8 5.23989 5.4
      vertex 6.97884 7.58603 5.4
      vertex 6.97884 5.31397 5.4
    endloop
  endfacet
  facet normal -0 0 -1
    outer loop
      vertex 6.97884 7.58603 5.4
      vertex 6.8 5.23989 5.4
      vertex 6.8 7.66011 5.4
    endloop
  endfacet
  facet normal 0 0 -1
    outer loop
      vertex 5.82116 5.31397 5.4
      vertex 6 7.66011 5.4
      vertex 6 5.23989 5.4
    endloop
  endfacet
  facet normal 0 0 -1
    outer loop
      vertex 5.82116 5.31397 5.4
      vertex 5.82116 7.58603 5.4
      vertex 6 7.66011 5.4
    endloop
  endfacet
  facet normal 0 0 -1
    outer loop
      vertex 5.65057 5.4185 5.4
      vertex 5.82116 7.58603 5.4
      vertex 5.82116 5.31397 5.4
    endloop
  endfacet
  facet normal 0 0 -1
    outer loop
      vertex 5.65057 5.4185 5.4
      vertex 5.65057 7.4815 5.4
      vertex 5.82116 7.58603 5.4
    endloop
  endfacet
  facet normal 0 0 -1
    outer loop
      vertex 5.49844 5.54844 5.4
      vertex 5.65057 7.4815 5.4
      vertex 5.65057 5.4185 5.4
    endloop
  endfacet
  facet normal 0 0 -1
    outer loop
      vertex 5.49844 5.54844 5.4
      vertex 5.49844 7.35156 5.4
      vertex 5.65057 7.4815 5.4
    endloop
  endfacet
  facet normal 0 0 -1
    outer loop
      vertex 5.3685 5.70057 5.4
      vertex 5.49844 7.35156 5.4
      vertex 5.49844 5.54844 5.4
    endloop
  endfacet
  facet normal 0 0 -1
    outer loop
      vertex 5.3685 5.70057 5.4
      vertex 5.3685 7.19943 5.4
      vertex 5.49844 7.35156 5.4
    endloop
  endfacet
  facet normal 0 0 -1
    outer loop
      vertex 5.26397 5.87116 5.4
      vertex 5.3685 7.19943 5.4
      vertex 5.3685 5.70057 5.4
    endloop
  endfacet
  facet normal 0 0 -1
    outer loop
      vertex 5.26397 5.87116 5.4
      vertex 5.26397 7.02884 5.4
      vertex 5.3685 7.19943 5.4
    endloop
  endfacet
  facet normal 0 0 -1
    outer loop
      vertex 5.1874 6.056 5.4
      vertex 5.26397 7.02884 5.4
      vertex 5.26397 5.87116 5.4
    endloop
  endfacet
  facet normal 0 0 -1
    outer loop
      vertex 5.1874 6.056 5.4
      vertex 5.1874 6.844 5.4
      vertex 5.26397 7.02884 5.4
    endloop
  endfacet
  facet normal 0 0 -1
    outer loop
      vertex 5.1407 6.25055 5.4
      vertex 5.1874 6.844 5.4
      vertex 5.1874 6.056 5.4
    endloop
  endfacet
  facet normal 0 0 -1
    outer loop
      vertex 5.1407 6.25055 5.4
      vertex 5.1407 6.64945 5.4
      vertex 5.1874 6.844 5.4
    endloop
  endfacet
  facet normal 0 -0 -1
    outer loop
      vertex 5.1407 6.64945 5.4
      vertex 5.1407 6.25055 5.4
      vertex 5.125 6.45 5.4
    endloop
  endfacet
  facet normal 0.649473 -0.760384 0
    outer loop
      vertex 7.14943 5.4185 6.98
      vertex 7.30156 5.54844 7.6
      vertex 7.14943 5.4185 7.6
    endloop
  endfacet
  facet normal 0.649473 -0.760384 0
    outer loop
      vertex 7.30156 5.54844 7.6
      vertex 7.14943 5.4185 6.98
      vertex 7.30156 5.54844 6.98
    endloop
  endfacet
  facet normal 0.649473 -0.760384 0
    outer loop
      vertex 7.14943 5.4185 5.4
      vertex 7.30156 5.54844 6.5
      vertex 7.14943 5.4185 6.5
    endloop
  endfacet
  facet normal 0.649473 -0.760384 0
    outer loop
      vertex 7.30156 5.54844 6.5
      vertex 7.14943 5.4185 5.4
      vertex 7.30156 5.54844 5.4
    endloop
  endfacet
  facet normal 0.522471 -0.852657 0
    outer loop
      vertex 6.97884 5.31397 6.98
      vertex 7.14943 5.4185 7.6
      vertex 6.97884 5.31397 7.6
    endloop
  endfacet
  facet normal 0.522471 -0.852657 0
    outer loop
      vertex 7.14943 5.4185 7.6
      vertex 6.97884 5.31397 6.98
      vertex 7.14943 5.4185 6.98
    endloop
  endfacet
  facet normal 0.522471 -0.852657 0
    outer loop
      vertex 6.97884 5.31397 5.4
      vertex 7.14943 5.4185 6.5
      vertex 6.97884 5.31397 6.5
    endloop
  endfacet
  facet normal 0.522471 -0.852657 0
    outer loop
      vertex 7.14943 5.4185 6.5
      vertex 6.97884 5.31397 5.4
      vertex 7.14943 5.4185 5.4
    endloop
  endfacet
  facet normal -0.281748 0.329863 0.901004
    outer loop
      vertex 5.65057 7.4815 6.98
      vertex 5.32166 7.52834 6.86
      vertex 5.49844 7.35156 6.98
    endloop
  endfacet
  facet normal -0.43248 0.0340459 0.901
    outer loop
      vertex 4.89378 6.68856 6.86
      vertex 4.875 6.45 6.86
      vertex 5.125 6.45 6.98
    endloop
  endfacet
  facet normal -0.281741 0.329891 0.900996
    outer loop
      vertex 5.50363 7.68375 6.86
      vertex 5.32166 7.52834 6.86
      vertex 5.65057 7.4815 6.98
    endloop
  endfacet
  facet normal -0.281748 -0.329863 0.901004
    outer loop
      vertex 5.49844 5.54844 6.98
      vertex 5.32166 5.37166 6.86
      vertex 5.65057 5.4185 6.98
    endloop
  endfacet
  facet normal -0.318067 -0.372426 -0.871856
    outer loop
      vertex 5.50363 5.21625 6.64
      vertex 5.32166 5.37166 6.64
      vertex 5.65057 5.4185 6.5
    endloop
  endfacet
  facet normal -0.226675 0.369898 0.900996
    outer loop
      vertex 5.70766 7.80878 6.86
      vertex 5.50363 7.68375 6.86
      vertex 5.65057 7.4815 6.98
    endloop
  endfacet
  facet normal -0.996916 -0.0784795 0
    outer loop
      vertex 4.89378 6.21144 6.64
      vertex 4.875 6.45 6.86
      vertex 4.875 6.45 6.64
    endloop
  endfacet
  facet normal -0.996916 -0.0784795 0
    outer loop
      vertex 4.875 6.45 6.86
      vertex 4.89378 6.21144 6.64
      vertex 4.89378 6.21144 6.86
    endloop
  endfacet
  facet normal -0.417597 0.255885 -0.871858
    outer loop
      vertex 5.26397 7.02884 6.5
      vertex 5.04122 7.14233 6.64
      vertex 5.3685 7.19943 6.5
    endloop
  endfacet
  facet normal -0.432482 0.0340435 0.901
    outer loop
      vertex 5.1407 6.64945 6.98
      vertex 4.89378 6.68856 6.86
      vertex 5.125 6.45 6.98
    endloop
  endfacet
  facet normal -0.452466 -0.187434 -0.871862
    outer loop
      vertex 5.26397 5.87116 6.5
      vertex 5.04122 5.75766 6.64
      vertex 5.1874 6.056 6.5
    endloop
  endfacet
  facet normal 0.522499 0.85264 -0
    outer loop
      vertex 7.29637 7.68375 6.64
      vertex 7.09234 7.80878 6.86
      vertex 7.29637 7.68375 6.86
    endloop
  endfacet
  facet normal 0.522499 0.85264 0
    outer loop
      vertex 7.09234 7.80878 6.86
      vertex 7.29637 7.68375 6.64
      vertex 7.09234 7.80878 6.64
    endloop
  endfacet
  facet normal -0.47623 -0.114325 -0.871857
    outer loop
      vertex 4.94964 5.97875 6.64
      vertex 4.89378 6.21144 6.64
      vertex 5.1874 6.056 6.5
    endloop
  endfacet
  facet normal -0.101293 0.421806 0.90101
    outer loop
      vertex 6 7.91747 6.86
      vertex 5.92875 7.90036 6.86
      vertex 6 7.68107 6.97067
    endloop
  endfacet
  facet normal -0.372394 -0.318076 -0.871866
    outer loop
      vertex 5.49844 5.54844 6.5
      vertex 5.32166 5.37166 6.64
      vertex 5.3685 5.70057 6.5
    endloop
  endfacet
  facet normal -0.187407 0.452489 -0.871856
    outer loop
      vertex 5.70766 7.80878 6.64
      vertex 6 7.68107 6.51088
      vertex 6 7.66554 6.50282
    endloop
  endfacet
  facet normal -0.187421 0.452467 -0.871864
    outer loop
      vertex 6 7.68107 6.51088
      vertex 5.70766 7.80878 6.64
      vertex 5.92875 7.90036 6.64
    endloop
  endfacet
  facet normal -0.488244 0.0384329 -0.87186
    outer loop
      vertex 5.125 6.45 6.5
      vertex 4.89378 6.68856 6.64
      vertex 5.1407 6.64945 6.5
    endloop
  endfacet
  facet normal 0.114356 -0.476207 -0.871866
    outer loop
      vertex 6.87125 4.99964 6.64
      vertex 6.8 4.98253 6.64
      vertex 6.8 5.21893 6.51088
    endloop
  endfacet
  facet normal -0.165665 -0.401387 0.900801
    outer loop
      vertex 5.70766 5.09122 6.86
      vertex 6 5.21893 6.97067
      vertex 6 5.23446 6.97759
    endloop
  endfacet
  facet normal -0.16601 -0.400777 0.901009
    outer loop
      vertex 6 5.21893 6.97067
      vertex 5.70766 5.09122 6.86
      vertex 5.92875 4.99964 6.86
    endloop
  endfacet
  facet normal 0.187421 -0.452467 -0.871864
    outer loop
      vertex 6.8 5.21893 6.51088
      vertex 7.09234 5.09122 6.64
      vertex 6.87125 4.99964 6.64
    endloop
  endfacet
  facet normal 0.187407 -0.452489 -0.871856
    outer loop
      vertex 7.09234 5.09122 6.64
      vertex 6.8 5.21893 6.51088
      vertex 6.8 5.23446 6.50282
    endloop
  endfacet
  facet normal -0.369898 -0.226675 0.900996
    outer loop
      vertex 5.3685 5.70057 6.98
      vertex 5.04122 5.75766 6.86
      vertex 5.16625 5.55363 6.86
    endloop
  endfacet
  facet normal -0.255901 0.417591 -0.871856
    outer loop
      vertex 5.65057 7.4815 6.5
      vertex 5.50363 7.68375 6.64
      vertex 5.70766 7.80878 6.64
    endloop
  endfacet
  facet normal 0.318067 -0.372426 -0.871856
    outer loop
      vertex 7.29637 5.21625 6.64
      vertex 7.14943 5.4185 6.5
      vertex 7.47834 5.37166 6.64
    endloop
  endfacet
  facet normal -0.372426 -0.318067 -0.871856
    outer loop
      vertex 5.32166 5.37166 6.64
      vertex 5.16625 5.55363 6.64
      vertex 5.3685 5.70057 6.5
    endloop
  endfacet
  facet normal 0.488244 0.0384329 -0.87186
    outer loop
      vertex 7.675 6.45 6.5
      vertex 7.6593 6.64945 6.5
      vertex 7.90622 6.68856 6.64
    endloop
  endfacet
  facet normal -0.488244 -0.0384329 -0.87186
    outer loop
      vertex 5.1407 6.25055 6.5
      vertex 4.89378 6.21144 6.64
      vertex 5.125 6.45 6.5
    endloop
  endfacet
  facet normal -0.318076 -0.372394 -0.871866
    outer loop
      vertex 5.65057 5.4185 6.5
      vertex 5.32166 5.37166 6.64
      vertex 5.49844 5.54844 6.5
    endloop
  endfacet
  facet normal 0.101293 -0.421806 0.90101
    outer loop
      vertex 6.8 5.21893 6.97067
      vertex 6.8 4.98253 6.86
      vertex 6.87125 4.99964 6.86
    endloop
  endfacet
  facet normal -0.165715 -0.400061 0.901382
    outer loop
      vertex 5.82116 5.31397 6.98
      vertex 6 5.23446 6.97759
      vertex 6 5.23989 6.98
    endloop
  endfacet
  facet normal -0.166041 -0.400783 0.901001
    outer loop
      vertex 6 5.23446 6.97759
      vertex 5.82116 5.31397 6.98
      vertex 5.70766 5.09122 6.86
    endloop
  endfacet
  facet normal 0.187407 0.452489 -0.871856
    outer loop
      vertex 6.8 7.68107 6.51088
      vertex 7.09234 7.80878 6.64
      vertex 6.8 7.66554 6.50282
    endloop
  endfacet
  facet normal 0.187421 0.452467 -0.871864
    outer loop
      vertex 7.09234 7.80878 6.64
      vertex 6.8 7.68107 6.51088
      vertex 6.87125 7.90036 6.64
    endloop
  endfacet
  facet normal 0.233502 0.972356 -0
    outer loop
      vertex 6.87125 7.90036 6.64
      vertex 6.8 7.91747 6.86
      vertex 6.87125 7.90036 6.86
    endloop
  endfacet
  facet normal 0.233502 0.972356 0
    outer loop
      vertex 6.8 7.91747 6.86
      vertex 6.87125 7.90036 6.64
      vertex 6.8 7.91747 6.64
    endloop
  endfacet
  facet normal 0.369897 -0.226657 0.901001
    outer loop
      vertex 7.53603 5.87116 6.98
      vertex 7.4315 5.70057 6.98
      vertex 7.75878 5.75766 6.86
    endloop
  endfacet
  facet normal -0.329891 -0.281741 0.900996
    outer loop
      vertex 5.3685 5.70057 6.98
      vertex 5.16625 5.55363 6.86
      vertex 5.32166 5.37166 6.86
    endloop
  endfacet
  facet normal 0.85264 -0.522499 0
    outer loop
      vertex 7.63375 5.55363 6.86
      vertex 7.75878 5.75766 6.64
      vertex 7.75878 5.75766 6.86
    endloop
  endfacet
  facet normal 0.85264 -0.522499 0
    outer loop
      vertex 7.75878 5.75766 6.64
      vertex 7.63375 5.55363 6.86
      vertex 7.63375 5.55363 6.64
    endloop
  endfacet
  facet normal -0.85264 -0.522499 0
    outer loop
      vertex 5.16625 5.55363 6.64
      vertex 5.04122 5.75766 6.86
      vertex 5.04122 5.75766 6.64
    endloop
  endfacet
  facet normal -0.85264 -0.522499 0
    outer loop
      vertex 5.04122 5.75766 6.86
      vertex 5.16625 5.55363 6.64
      vertex 5.16625 5.55363 6.86
    endloop
  endfacet
  facet normal -0.400795 0.166029 0.900998
    outer loop
      vertex 5.26397 7.02884 6.98
      vertex 5.04122 7.14233 6.86
      vertex 5.1874 6.844 6.98
    endloop
  endfacet
  facet normal -0.187525 0.452713 -0.871714
    outer loop
      vertex 5.82116 7.58603 6.5
      vertex 6 7.66554 6.50282
      vertex 6 7.66011 6.5
    endloop
  endfacet
  facet normal -0.187417 0.452475 -0.871861
    outer loop
      vertex 6 7.66554 6.50282
      vertex 5.82116 7.58603 6.5
      vertex 5.70766 7.80878 6.64
    endloop
  endfacet
  facet normal -0.488242 -0.0384356 -0.871861
    outer loop
      vertex 4.89378 6.21144 6.64
      vertex 4.875 6.45 6.64
      vertex 5.125 6.45 6.5
    endloop
  endfacet
  facet normal -0.165715 0.400061 0.901382
    outer loop
      vertex 6 7.66554 6.97759
      vertex 5.82116 7.58603 6.98
      vertex 6 7.66011 6.98
    endloop
  endfacet
  facet normal -0.166041 0.400783 0.901001
    outer loop
      vertex 5.82116 7.58603 6.98
      vertex 6 7.66554 6.97759
      vertex 5.70766 7.80878 6.86
    endloop
  endfacet
  facet normal 0.101293 0.421806 0.90101
    outer loop
      vertex 6.8 7.91747 6.86
      vertex 6.8 7.68107 6.97067
      vertex 6.87125 7.90036 6.86
    endloop
  endfacet
  facet normal -0.452479 -0.187426 -0.871857
    outer loop
      vertex 5.04122 5.75766 6.64
      vertex 4.94964 5.97875 6.64
      vertex 5.1874 6.056 6.5
    endloop
  endfacet
  facet normal 0.166041 0.400783 0.901001
    outer loop
      vertex 6.8 7.66554 6.97759
      vertex 6.97884 7.58603 6.98
      vertex 7.09234 7.80878 6.86
    endloop
  endfacet
  facet normal 0.165715 0.400061 0.901382
    outer loop
      vertex 6.97884 7.58603 6.98
      vertex 6.8 7.66554 6.97759
      vertex 6.8 7.66011 6.98
    endloop
  endfacet
  facet normal -0.649431 -0.760421 0
    outer loop
      vertex 5.32166 5.37166 6.64
      vertex 5.50363 5.21625 6.86
      vertex 5.32166 5.37166 6.86
    endloop
  endfacet
  facet normal -0.649431 -0.760421 -0
    outer loop
      vertex 5.50363 5.21625 6.86
      vertex 5.32166 5.37166 6.64
      vertex 5.50363 5.21625 6.64
    endloop
  endfacet
  facet normal -0.476226 0.114314 -0.871861
    outer loop
      vertex 5.1407 6.64945 6.5
      vertex 4.89378 6.68856 6.64
      vertex 5.1874 6.844 6.5
    endloop
  endfacet
  facet normal 0.476226 -0.114314 -0.871861
    outer loop
      vertex 7.90622 6.21144 6.64
      vertex 7.6126 6.056 6.5
      vertex 7.6593 6.25055 6.5
    endloop
  endfacet
  facet normal -0.233502 0.972356 0
    outer loop
      vertex 6 7.91747 6.64
      vertex 5.92875 7.90036 6.86
      vertex 6 7.91747 6.86
    endloop
  endfacet
  facet normal -0.233502 0.972356 0
    outer loop
      vertex 5.92875 7.90036 6.86
      vertex 6 7.91747 6.64
      vertex 5.92875 7.90036 6.64
    endloop
  endfacet
  facet normal -0.226657 0.369897 0.901001
    outer loop
      vertex 5.70766 7.80878 6.86
      vertex 5.65057 7.4815 6.98
      vertex 5.82116 7.58603 6.98
    endloop
  endfacet
  facet normal 0.372426 -0.318067 -0.871856
    outer loop
      vertex 7.47834 5.37166 6.64
      vertex 7.4315 5.70057 6.5
      vertex 7.63375 5.55363 6.64
    endloop
  endfacet
  facet normal 0.42184 0.101268 0.900997
    outer loop
      vertex 7.85036 6.92125 6.86
      vertex 7.6126 6.844 6.98
      vertex 7.90622 6.68856 6.86
    endloop
  endfacet
  facet normal -0.318076 0.372394 -0.871866
    outer loop
      vertex 5.49844 7.35156 6.5
      vertex 5.32166 7.52834 6.64
      vertex 5.65057 7.4815 6.5
    endloop
  endfacet
  facet normal 0.165715 -0.400061 0.901382
    outer loop
      vertex 6.8 5.23446 6.97759
      vertex 6.97884 5.31397 6.98
      vertex 6.8 5.23989 6.98
    endloop
  endfacet
  facet normal 0.166041 -0.400783 0.901001
    outer loop
      vertex 6.97884 5.31397 6.98
      vertex 6.8 5.23446 6.97759
      vertex 7.09234 5.09122 6.86
    endloop
  endfacet
  facet normal 0.649431 0.760421 -0
    outer loop
      vertex 7.47834 7.52834 6.64
      vertex 7.29637 7.68375 6.86
      vertex 7.47834 7.52834 6.86
    endloop
  endfacet
  facet normal 0.649431 0.760421 0
    outer loop
      vertex 7.29637 7.68375 6.86
      vertex 7.47834 7.52834 6.64
      vertex 7.29637 7.68375 6.64
    endloop
  endfacet
  facet normal 0.452479 -0.187426 -0.871857
    outer loop
      vertex 7.75878 5.75766 6.64
      vertex 7.6126 6.056 6.5
      vertex 7.85036 5.97875 6.64
    endloop
  endfacet
  facet normal -0.972374 -0.23343 0
    outer loop
      vertex 4.94964 5.97875 6.64
      vertex 4.89378 6.21144 6.86
      vertex 4.89378 6.21144 6.64
    endloop
  endfacet
  facet normal -0.972374 -0.23343 0
    outer loop
      vertex 4.89378 6.21144 6.86
      vertex 4.94964 5.97875 6.64
      vertex 4.94964 5.97875 6.86
    endloop
  endfacet
  facet normal -0.42184 0.101268 0.900997
    outer loop
      vertex 4.94964 6.92125 6.86
      vertex 4.89378 6.68856 6.86
      vertex 5.1874 6.844 6.98
    endloop
  endfacet
  facet normal 0.226675 0.369898 0.900996
    outer loop
      vertex 7.29637 7.68375 6.86
      vertex 7.09234 7.80878 6.86
      vertex 7.14943 7.4815 6.98
    endloop
  endfacet
  facet normal -0.43248 -0.0340459 0.901
    outer loop
      vertex 5.125 6.45 6.98
      vertex 4.875 6.45 6.86
      vertex 4.89378 6.21144 6.86
    endloop
  endfacet
  facet normal 0.187525 0.452713 -0.871714
    outer loop
      vertex 6.8 7.66554 6.50282
      vertex 6.97884 7.58603 6.5
      vertex 6.8 7.66011 6.5
    endloop
  endfacet
  facet normal 0.187417 0.452475 -0.871861
    outer loop
      vertex 6.97884 7.58603 6.5
      vertex 6.8 7.66554 6.50282
      vertex 7.09234 7.80878 6.64
    endloop
  endfacet
  facet normal 0.417597 0.255885 -0.871858
    outer loop
      vertex 7.53603 7.02884 6.5
      vertex 7.4315 7.19943 6.5
      vertex 7.75878 7.14233 6.64
    endloop
  endfacet
  facet normal -0.372426 0.318067 -0.871856
    outer loop
      vertex 5.3685 7.19943 6.5
      vertex 5.16625 7.34637 6.64
      vertex 5.32166 7.52834 6.64
    endloop
  endfacet
  facet normal -0.400799 0.166027 0.900997
    outer loop
      vertex 5.04122 7.14233 6.86
      vertex 4.94964 6.92125 6.86
      vertex 5.1874 6.844 6.98
    endloop
  endfacet
  facet normal -0.488242 0.0384356 -0.871861
    outer loop
      vertex 5.125 6.45 6.5
      vertex 4.875 6.45 6.64
      vertex 4.89378 6.68856 6.64
    endloop
  endfacet
  facet normal -0.996916 0.0784795 0
    outer loop
      vertex 4.875 6.45 6.64
      vertex 4.89378 6.68856 6.86
      vertex 4.89378 6.68856 6.64
    endloop
  endfacet
  facet normal -0.996916 0.0784795 0
    outer loop
      vertex 4.89378 6.68856 6.86
      vertex 4.875 6.45 6.64
      vertex 4.875 6.45 6.86
    endloop
  endfacet
  facet normal -0.329891 0.281741 0.900996
    outer loop
      vertex 5.32166 7.52834 6.86
      vertex 5.16625 7.34637 6.86
      vertex 5.3685 7.19943 6.98
    endloop
  endfacet
  facet normal 0.329863 -0.281748 0.901004
    outer loop
      vertex 7.4315 5.70057 6.98
      vertex 7.30156 5.54844 6.98
      vertex 7.47834 5.37166 6.86
    endloop
  endfacet
  facet normal 0.281741 -0.329891 0.900996
    outer loop
      vertex 7.47834 5.37166 6.86
      vertex 7.14943 5.4185 6.98
      vertex 7.29637 5.21625 6.86
    endloop
  endfacet
  facet normal -0.226657 -0.369897 0.901001
    outer loop
      vertex 5.82116 5.31397 6.98
      vertex 5.65057 5.4185 6.98
      vertex 5.70766 5.09122 6.86
    endloop
  endfacet
  facet normal -0.226675 -0.369898 0.900996
    outer loop
      vertex 5.65057 5.4185 6.98
      vertex 5.50363 5.21625 6.86
      vertex 5.70766 5.09122 6.86
    endloop
  endfacet
  facet normal -0.281741 -0.329891 0.900996
    outer loop
      vertex 5.65057 5.4185 6.98
      vertex 5.32166 5.37166 6.86
      vertex 5.50363 5.21625 6.86
    endloop
  endfacet
  facet normal -0.187525 -0.452713 -0.871714
    outer loop
      vertex 6 5.23446 6.50282
      vertex 5.82116 5.31397 6.5
      vertex 6 5.23989 6.5
    endloop
  endfacet
  facet normal -0.187417 -0.452475 -0.871861
    outer loop
      vertex 5.82116 5.31397 6.5
      vertex 6 5.23446 6.50282
      vertex 5.70766 5.09122 6.64
    endloop
  endfacet
  facet normal -0.187421 -0.452467 -0.871864
    outer loop
      vertex 5.70766 5.09122 6.64
      vertex 6 5.21893 6.51088
      vertex 5.92875 4.99964 6.64
    endloop
  endfacet
  facet normal -0.187407 -0.452489 -0.871856
    outer loop
      vertex 6 5.21893 6.51088
      vertex 5.70766 5.09122 6.64
      vertex 6 5.23446 6.50282
    endloop
  endfacet
  facet normal -0.16601 0.400777 0.901009
    outer loop
      vertex 5.70766 7.80878 6.86
      vertex 6 7.68107 6.97067
      vertex 5.92875 7.90036 6.86
    endloop
  endfacet
  facet normal -0.165665 0.401387 0.900801
    outer loop
      vertex 6 7.68107 6.97067
      vertex 5.70766 7.80878 6.86
      vertex 6 7.66554 6.97759
    endloop
  endfacet
  facet normal 0.923871 0.382704 0
    outer loop
      vertex 7.85036 6.92125 6.86
      vertex 7.75878 7.14233 6.64
      vertex 7.75878 7.14233 6.86
    endloop
  endfacet
  facet normal 0.923871 0.382704 0
    outer loop
      vertex 7.75878 7.14233 6.64
      vertex 7.85036 6.92125 6.86
      vertex 7.85036 6.92125 6.64
    endloop
  endfacet
  facet normal -0.369904 0.226667 0.900996
    outer loop
      vertex 5.16625 7.34637 6.86
      vertex 5.04122 7.14233 6.86
      vertex 5.3685 7.19943 6.98
    endloop
  endfacet
  facet normal -0.369903 0.22666 0.900997
    outer loop
      vertex 5.3685 7.19943 6.98
      vertex 5.04122 7.14233 6.86
      vertex 5.26397 7.02884 6.98
    endloop
  endfacet
  facet normal 0.114356 0.476207 -0.871866
    outer loop
      vertex 6.87125 7.90036 6.64
      vertex 6.8 7.68107 6.51088
      vertex 6.8 7.91747 6.64
    endloop
  endfacet
  facet normal -0.41759 -0.255881 -0.871862
    outer loop
      vertex 5.3685 5.70057 6.5
      vertex 5.04122 5.75766 6.64
      vertex 5.26397 5.87116 6.5
    endloop
  endfacet
  facet normal 0.16601 0.400777 0.901009
    outer loop
      vertex 6.8 7.68107 6.97067
      vertex 7.09234 7.80878 6.86
      vertex 6.87125 7.90036 6.86
    endloop
  endfacet
  facet normal 0.165665 0.401387 0.900801
    outer loop
      vertex 7.09234 7.80878 6.86
      vertex 6.8 7.68107 6.97067
      vertex 6.8 7.66554 6.97759
    endloop
  endfacet
  facet normal -0.369897 -0.226657 0.901001
    outer loop
      vertex 5.26397 5.87116 6.98
      vertex 5.04122 5.75766 6.86
      vertex 5.3685 5.70057 6.98
    endloop
  endfacet
  facet normal -0.432482 -0.0340435 0.901
    outer loop
      vertex 5.125 6.45 6.98
      vertex 4.89378 6.21144 6.86
      vertex 5.1407 6.25055 6.98
    endloop
  endfacet
  facet normal 0.226675 -0.369898 0.900996
    outer loop
      vertex 7.14943 5.4185 6.98
      vertex 7.09234 5.09122 6.86
      vertex 7.29637 5.21625 6.86
    endloop
  endfacet
  facet normal -0.421836 -0.101258 0.901
    outer loop
      vertex 5.1407 6.25055 6.98
      vertex 4.89378 6.21144 6.86
      vertex 5.1874 6.056 6.98
    endloop
  endfacet
  facet normal -0.417591 -0.255901 -0.871856
    outer loop
      vertex 5.16625 5.55363 6.64
      vertex 5.04122 5.75766 6.64
      vertex 5.3685 5.70057 6.5
    endloop
  endfacet
  facet normal -0.329863 -0.281748 0.901004
    outer loop
      vertex 5.3685 5.70057 6.98
      vertex 5.32166 5.37166 6.86
      vertex 5.49844 5.54844 6.98
    endloop
  endfacet
  facet normal 0.47623 0.114325 -0.871857
    outer loop
      vertex 7.90622 6.68856 6.64
      vertex 7.6126 6.844 6.5
      vertex 7.85036 6.92125 6.64
    endloop
  endfacet
  facet normal -0.255881 0.41759 -0.871862
    outer loop
      vertex 5.82116 7.58603 6.5
      vertex 5.65057 7.4815 6.5
      vertex 5.70766 7.80878 6.64
    endloop
  endfacet
  facet normal -0.421836 0.101258 0.901
    outer loop
      vertex 5.1874 6.844 6.98
      vertex 4.89378 6.68856 6.86
      vertex 5.1407 6.64945 6.98
    endloop
  endfacet
  facet normal -0.760421 -0.649431 0
    outer loop
      vertex 5.32166 5.37166 6.64
      vertex 5.16625 5.55363 6.86
      vertex 5.16625 5.55363 6.64
    endloop
  endfacet
  facet normal -0.760421 -0.649431 0
    outer loop
      vertex 5.16625 5.55363 6.86
      vertex 5.32166 5.37166 6.64
      vertex 5.32166 5.37166 6.86
    endloop
  endfacet
  facet normal -0.400802 -0.16602 0.900997
    outer loop
      vertex 5.1874 6.056 6.98
      vertex 4.94964 5.97875 6.86
      vertex 5.04122 5.75766 6.86
    endloop
  endfacet
  facet normal -0.42184 -0.101268 0.900997
    outer loop
      vertex 5.1874 6.056 6.98
      vertex 4.89378 6.21144 6.86
      vertex 4.94964 5.97875 6.86
    endloop
  endfacet
  facet normal -0.476226 -0.114314 -0.871861
    outer loop
      vertex 5.1874 6.056 6.5
      vertex 4.89378 6.21144 6.64
      vertex 5.1407 6.25055 6.5
    endloop
  endfacet
  facet normal 0.318067 0.372426 -0.871856
    outer loop
      vertex 7.47834 7.52834 6.64
      vertex 7.14943 7.4815 6.5
      vertex 7.29637 7.68375 6.64
    endloop
  endfacet
  facet normal -0.649431 0.760421 0
    outer loop
      vertex 5.50363 7.68375 6.64
      vertex 5.32166 7.52834 6.86
      vertex 5.50363 7.68375 6.86
    endloop
  endfacet
  facet normal -0.649431 0.760421 0
    outer loop
      vertex 5.32166 7.52834 6.86
      vertex 5.50363 7.68375 6.64
      vertex 5.32166 7.52834 6.64
    endloop
  endfacet
  facet normal -0.923877 -0.382689 0
    outer loop
      vertex 5.04122 5.75766 6.64
      vertex 4.94964 5.97875 6.86
      vertex 4.94964 5.97875 6.64
    endloop
  endfacet
  facet normal -0.923877 -0.382689 0
    outer loop
      vertex 4.94964 5.97875 6.86
      vertex 5.04122 5.75766 6.64
      vertex 5.04122 5.75766 6.86
    endloop
  endfacet
  facet normal 0.318076 0.372394 -0.871866
    outer loop
      vertex 7.30156 7.35156 6.5
      vertex 7.14943 7.4815 6.5
      vertex 7.47834 7.52834 6.64
    endloop
  endfacet
  facet normal -0.114356 -0.476207 -0.871866
    outer loop
      vertex 6 4.98253 6.64
      vertex 5.92875 4.99964 6.64
      vertex 6 5.21893 6.51088
    endloop
  endfacet
  facet normal -0.852651 0.522481 0
    outer loop
      vertex 5.04122 7.14233 6.64
      vertex 5.16625 7.34637 6.86
      vertex 5.16625 7.34637 6.64
    endloop
  endfacet
  facet normal -0.852651 0.522481 0
    outer loop
      vertex 5.16625 7.34637 6.86
      vertex 5.04122 7.14233 6.64
      vertex 5.04122 7.14233 6.86
    endloop
  endfacet
  facet normal -0.452476 0.187433 -0.871857
    outer loop
      vertex 5.1874 6.844 6.5
      vertex 4.94964 6.92125 6.64
      vertex 5.04122 7.14233 6.64
    endloop
  endfacet
  facet normal 0.226657 0.369897 0.901001
    outer loop
      vertex 7.09234 7.80878 6.86
      vertex 6.97884 7.58603 6.98
      vertex 7.14943 7.4815 6.98
    endloop
  endfacet
  facet normal 0.372394 -0.318076 -0.871866
    outer loop
      vertex 7.47834 5.37166 6.64
      vertex 7.30156 5.54844 6.5
      vertex 7.4315 5.70057 6.5
    endloop
  endfacet
  facet normal 0.318076 -0.372394 -0.871866
    outer loop
      vertex 7.47834 5.37166 6.64
      vertex 7.14943 5.4185 6.5
      vertex 7.30156 5.54844 6.5
    endloop
  endfacet
  facet normal 0.421836 -0.101258 0.901
    outer loop
      vertex 7.6593 6.25055 6.98
      vertex 7.6126 6.056 6.98
      vertex 7.90622 6.21144 6.86
    endloop
  endfacet
  facet normal 0.255881 -0.41759 -0.871862
    outer loop
      vertex 7.09234 5.09122 6.64
      vertex 6.97884 5.31397 6.5
      vertex 7.14943 5.4185 6.5
    endloop
  endfacet
  facet normal 0.43248 -0.0340459 0.901
    outer loop
      vertex 7.925 6.45 6.86
      vertex 7.675 6.45 6.98
      vertex 7.90622 6.21144 6.86
    endloop
  endfacet
  facet normal 0.281748 -0.329863 0.901004
    outer loop
      vertex 7.30156 5.54844 6.98
      vertex 7.14943 5.4185 6.98
      vertex 7.47834 5.37166 6.86
    endloop
  endfacet
  facet normal 0.329891 -0.281741 0.900996
    outer loop
      vertex 7.63375 5.55363 6.86
      vertex 7.4315 5.70057 6.98
      vertex 7.47834 5.37166 6.86
    endloop
  endfacet
  facet normal 0.42184 -0.101268 0.900997
    outer loop
      vertex 7.90622 6.21144 6.86
      vertex 7.6126 6.056 6.98
      vertex 7.85036 5.97875 6.86
    endloop
  endfacet
  facet normal -0.522499 -0.85264 0
    outer loop
      vertex 5.50363 5.21625 6.64
      vertex 5.70766 5.09122 6.86
      vertex 5.50363 5.21625 6.86
    endloop
  endfacet
  facet normal -0.522499 -0.85264 -0
    outer loop
      vertex 5.70766 5.09122 6.86
      vertex 5.50363 5.21625 6.64
      vertex 5.70766 5.09122 6.64
    endloop
  endfacet
  facet normal 0.760421 0.649431 0
    outer loop
      vertex 7.63375 7.34637 6.86
      vertex 7.47834 7.52834 6.64
      vertex 7.47834 7.52834 6.86
    endloop
  endfacet
  facet normal 0.760421 0.649431 0
    outer loop
      vertex 7.47834 7.52834 6.64
      vertex 7.63375 7.34637 6.86
      vertex 7.63375 7.34637 6.64
    endloop
  endfacet
  facet normal -0.233502 -0.972356 0
    outer loop
      vertex 5.92875 4.99964 6.64
      vertex 6 4.98253 6.86
      vertex 5.92875 4.99964 6.86
    endloop
  endfacet
  facet normal -0.233502 -0.972356 -0
    outer loop
      vertex 6 4.98253 6.86
      vertex 5.92875 4.99964 6.64
      vertex 6 4.98253 6.64
    endloop
  endfacet
  facet normal 0.329863 0.281748 0.901004
    outer loop
      vertex 7.47834 7.52834 6.86
      vertex 7.30156 7.35156 6.98
      vertex 7.4315 7.19943 6.98
    endloop
  endfacet
  facet normal -0.114356 0.476207 -0.871866
    outer loop
      vertex 6 7.68107 6.51088
      vertex 5.92875 7.90036 6.64
      vertex 6 7.91747 6.64
    endloop
  endfacet
  facet normal -0.522499 0.85264 0
    outer loop
      vertex 5.70766 7.80878 6.64
      vertex 5.50363 7.68375 6.86
      vertex 5.70766 7.80878 6.86
    endloop
  endfacet
  facet normal -0.522499 0.85264 0
    outer loop
      vertex 5.50363 7.68375 6.86
      vertex 5.70766 7.80878 6.64
      vertex 5.50363 7.68375 6.64
    endloop
  endfacet
  facet normal -0.382689 0.923877 0
    outer loop
      vertex 5.92875 7.90036 6.64
      vertex 5.70766 7.80878 6.86
      vertex 5.92875 7.90036 6.86
    endloop
  endfacet
  facet normal -0.382689 0.923877 0
    outer loop
      vertex 5.70766 7.80878 6.86
      vertex 5.92875 7.90036 6.64
      vertex 5.70766 7.80878 6.64
    endloop
  endfacet
  facet normal -0.923871 0.382704 0
    outer loop
      vertex 4.94964 6.92125 6.64
      vertex 5.04122 7.14233 6.86
      vertex 5.04122 7.14233 6.64
    endloop
  endfacet
  facet normal -0.923871 0.382704 0
    outer loop
      vertex 5.04122 7.14233 6.86
      vertex 4.94964 6.92125 6.64
      vertex 4.94964 6.92125 6.86
    endloop
  endfacet
  facet normal -0.318067 0.372426 -0.871856
    outer loop
      vertex 5.65057 7.4815 6.5
      vertex 5.32166 7.52834 6.64
      vertex 5.50363 7.68375 6.64
    endloop
  endfacet
  facet normal 0.452466 -0.187434 -0.871862
    outer loop
      vertex 7.75878 5.75766 6.64
      vertex 7.53603 5.87116 6.5
      vertex 7.6126 6.056 6.5
    endloop
  endfacet
  facet normal 0.41759 -0.255881 -0.871862
    outer loop
      vertex 7.75878 5.75766 6.64
      vertex 7.4315 5.70057 6.5
      vertex 7.53603 5.87116 6.5
    endloop
  endfacet
  facet normal 0.432482 0.0340435 0.901
    outer loop
      vertex 7.90622 6.68856 6.86
      vertex 7.6593 6.64945 6.98
      vertex 7.675 6.45 6.98
    endloop
  endfacet
  facet normal -0.329863 0.281748 0.901004
    outer loop
      vertex 5.49844 7.35156 6.98
      vertex 5.32166 7.52834 6.86
      vertex 5.3685 7.19943 6.98
    endloop
  endfacet
  facet normal 0.488244 -0.0384329 -0.87186
    outer loop
      vertex 7.90622 6.21144 6.64
      vertex 7.6593 6.25055 6.5
      vertex 7.675 6.45 6.5
    endloop
  endfacet
  facet normal 0.382689 0.923877 -0
    outer loop
      vertex 7.09234 7.80878 6.64
      vertex 6.87125 7.90036 6.86
      vertex 7.09234 7.80878 6.86
    endloop
  endfacet
  facet normal 0.382689 0.923877 0
    outer loop
      vertex 6.87125 7.90036 6.86
      vertex 7.09234 7.80878 6.64
      vertex 6.87125 7.90036 6.64
    endloop
  endfacet
  facet normal 0.226657 -0.369897 0.901001
    outer loop
      vertex 7.14943 5.4185 6.98
      vertex 6.97884 5.31397 6.98
      vertex 7.09234 5.09122 6.86
    endloop
  endfacet
  facet normal 0.329891 0.281741 0.900996
    outer loop
      vertex 7.47834 7.52834 6.86
      vertex 7.4315 7.19943 6.98
      vertex 7.63375 7.34637 6.86
    endloop
  endfacet
  facet normal 0.369904 0.226667 0.900996
    outer loop
      vertex 7.63375 7.34637 6.86
      vertex 7.4315 7.19943 6.98
      vertex 7.75878 7.14233 6.86
    endloop
  endfacet
  facet normal 0.400799 0.166027 0.900997
    outer loop
      vertex 7.75878 7.14233 6.86
      vertex 7.6126 6.844 6.98
      vertex 7.85036 6.92125 6.86
    endloop
  endfacet
  facet normal 0.372426 0.318067 -0.871856
    outer loop
      vertex 7.63375 7.34637 6.64
      vertex 7.4315 7.19943 6.5
      vertex 7.47834 7.52834 6.64
    endloop
  endfacet
  facet normal 0.372394 0.318076 -0.871866
    outer loop
      vertex 7.4315 7.19943 6.5
      vertex 7.30156 7.35156 6.5
      vertex 7.47834 7.52834 6.64
    endloop
  endfacet
  facet normal 0.421836 0.101258 0.901
    outer loop
      vertex 7.90622 6.68856 6.86
      vertex 7.6126 6.844 6.98
      vertex 7.6593 6.64945 6.98
    endloop
  endfacet
  facet normal 0.369903 0.22666 0.900997
    outer loop
      vertex 7.75878 7.14233 6.86
      vertex 7.4315 7.19943 6.98
      vertex 7.53603 7.02884 6.98
    endloop
  endfacet
  facet normal -0.40079 -0.166027 0.901001
    outer loop
      vertex 5.1874 6.056 6.98
      vertex 5.04122 5.75766 6.86
      vertex 5.26397 5.87116 6.98
    endloop
  endfacet
  facet normal 0.476226 0.114314 -0.871861
    outer loop
      vertex 7.6593 6.64945 6.5
      vertex 7.6126 6.844 6.5
      vertex 7.90622 6.68856 6.64
    endloop
  endfacet
  facet normal 0.972374 0.23343 0
    outer loop
      vertex 7.90622 6.68856 6.86
      vertex 7.85036 6.92125 6.64
      vertex 7.85036 6.92125 6.86
    endloop
  endfacet
  facet normal 0.972374 0.23343 0
    outer loop
      vertex 7.85036 6.92125 6.64
      vertex 7.90622 6.68856 6.86
      vertex 7.90622 6.68856 6.64
    endloop
  endfacet
  facet normal 0.452476 0.187433 -0.871857
    outer loop
      vertex 7.85036 6.92125 6.64
      vertex 7.6126 6.844 6.5
      vertex 7.75878 7.14233 6.64
    endloop
  endfacet
  facet normal 0.281741 0.329891 0.900996
    outer loop
      vertex 7.29637 7.68375 6.86
      vertex 7.14943 7.4815 6.98
      vertex 7.47834 7.52834 6.86
    endloop
  endfacet
  facet normal 0.281748 0.329863 0.901004
    outer loop
      vertex 7.47834 7.52834 6.86
      vertex 7.14943 7.4815 6.98
      vertex 7.30156 7.35156 6.98
    endloop
  endfacet
  facet normal 0.43248 0.0340459 0.901
    outer loop
      vertex 7.90622 6.68856 6.86
      vertex 7.675 6.45 6.98
      vertex 7.925 6.45 6.86
    endloop
  endfacet
  facet normal 0.40079 -0.166027 0.901001
    outer loop
      vertex 7.6126 6.056 6.98
      vertex 7.53603 5.87116 6.98
      vertex 7.75878 5.75766 6.86
    endloop
  endfacet
  facet normal 0.255901 0.417591 -0.871856
    outer loop
      vertex 7.14943 7.4815 6.5
      vertex 7.09234 7.80878 6.64
      vertex 7.29637 7.68375 6.64
    endloop
  endfacet
  facet normal 0.255881 0.41759 -0.871862
    outer loop
      vertex 7.14943 7.4815 6.5
      vertex 6.97884 7.58603 6.5
      vertex 7.09234 7.80878 6.64
    endloop
  endfacet
  facet normal 0.972374 -0.23343 0
    outer loop
      vertex 7.85036 5.97875 6.86
      vertex 7.90622 6.21144 6.64
      vertex 7.90622 6.21144 6.86
    endloop
  endfacet
  facet normal 0.972374 -0.23343 0
    outer loop
      vertex 7.90622 6.21144 6.64
      vertex 7.85036 5.97875 6.86
      vertex 7.85036 5.97875 6.64
    endloop
  endfacet
  facet normal 0.187417 -0.452475 -0.871861
    outer loop
      vertex 6.8 5.23446 6.50282
      vertex 6.97884 5.31397 6.5
      vertex 7.09234 5.09122 6.64
    endloop
  endfacet
  facet normal 0.187525 -0.452713 -0.871714
    outer loop
      vertex 6.97884 5.31397 6.5
      vertex 6.8 5.23446 6.50282
      vertex 6.8 5.23989 6.5
    endloop
  endfacet
  facet normal 0.522499 -0.85264 0
    outer loop
      vertex 7.09234 5.09122 6.64
      vertex 7.29637 5.21625 6.86
      vertex 7.09234 5.09122 6.86
    endloop
  endfacet
  facet normal 0.522499 -0.85264 0
    outer loop
      vertex 7.29637 5.21625 6.86
      vertex 7.09234 5.09122 6.64
      vertex 7.29637 5.21625 6.64
    endloop
  endfacet
  facet normal 0.255901 -0.417591 -0.871856
    outer loop
      vertex 7.29637 5.21625 6.64
      vertex 7.09234 5.09122 6.64
      vertex 7.14943 5.4185 6.5
    endloop
  endfacet
  facet normal 0.165665 -0.401387 0.900801
    outer loop
      vertex 6.8 5.21893 6.97067
      vertex 7.09234 5.09122 6.86
      vertex 6.8 5.23446 6.97759
    endloop
  endfacet
  facet normal 0.16601 -0.400777 0.901009
    outer loop
      vertex 7.09234 5.09122 6.86
      vertex 6.8 5.21893 6.97067
      vertex 6.87125 4.99964 6.86
    endloop
  endfacet
  facet normal 0.233502 -0.972356 0
    outer loop
      vertex 6.8 4.98253 6.64
      vertex 6.87125 4.99964 6.86
      vertex 6.8 4.98253 6.86
    endloop
  endfacet
  facet normal 0.233502 -0.972356 0
    outer loop
      vertex 6.87125 4.99964 6.86
      vertex 6.8 4.98253 6.64
      vertex 6.87125 4.99964 6.64
    endloop
  endfacet
  facet normal -0.255901 -0.417591 -0.871856
    outer loop
      vertex 5.70766 5.09122 6.64
      vertex 5.50363 5.21625 6.64
      vertex 5.65057 5.4185 6.5
    endloop
  endfacet
  facet normal -0.255881 -0.41759 -0.871862
    outer loop
      vertex 5.70766 5.09122 6.64
      vertex 5.65057 5.4185 6.5
      vertex 5.82116 5.31397 6.5
    endloop
  endfacet
  facet normal -0.101293 -0.421806 0.90101
    outer loop
      vertex 6 5.21893 6.97067
      vertex 5.92875 4.99964 6.86
      vertex 6 4.98253 6.86
    endloop
  endfacet
  facet normal 0.400795 0.166029 0.900998
    outer loop
      vertex 7.75878 7.14233 6.86
      vertex 7.53603 7.02884 6.98
      vertex 7.6126 6.844 6.98
    endloop
  endfacet
  facet normal -0.382689 -0.923877 0
    outer loop
      vertex 5.70766 5.09122 6.64
      vertex 5.92875 4.99964 6.86
      vertex 5.70766 5.09122 6.86
    endloop
  endfacet
  facet normal -0.382689 -0.923877 -0
    outer loop
      vertex 5.92875 4.99964 6.86
      vertex 5.70766 5.09122 6.64
      vertex 5.92875 4.99964 6.64
    endloop
  endfacet
  facet normal -0.372394 0.318076 -0.871866
    outer loop
      vertex 5.3685 7.19943 6.5
      vertex 5.32166 7.52834 6.64
      vertex 5.49844 7.35156 6.5
    endloop
  endfacet
  facet normal -0.760421 0.649431 0
    outer loop
      vertex 5.16625 7.34637 6.64
      vertex 5.32166 7.52834 6.86
      vertex 5.32166 7.52834 6.64
    endloop
  endfacet
  facet normal -0.760421 0.649431 0
    outer loop
      vertex 5.32166 7.52834 6.86
      vertex 5.16625 7.34637 6.64
      vertex 5.16625 7.34637 6.86
    endloop
  endfacet
  facet normal -0.417597 0.255892 -0.871855
    outer loop
      vertex 5.3685 7.19943 6.5
      vertex 5.04122 7.14233 6.64
      vertex 5.16625 7.34637 6.64
    endloop
  endfacet
  facet normal 0.452471 0.187436 -0.871858
    outer loop
      vertex 7.6126 6.844 6.5
      vertex 7.53603 7.02884 6.5
      vertex 7.75878 7.14233 6.64
    endloop
  endfacet
  facet normal 0.852651 0.522481 0
    outer loop
      vertex 7.75878 7.14233 6.86
      vertex 7.63375 7.34637 6.64
      vertex 7.63375 7.34637 6.86
    endloop
  endfacet
  facet normal 0.852651 0.522481 0
    outer loop
      vertex 7.63375 7.34637 6.64
      vertex 7.75878 7.14233 6.86
      vertex 7.75878 7.14233 6.64
    endloop
  endfacet
  facet normal 0.417597 0.255892 -0.871855
    outer loop
      vertex 7.75878 7.14233 6.64
      vertex 7.4315 7.19943 6.5
      vertex 7.63375 7.34637 6.64
    endloop
  endfacet
  facet normal 0.369898 -0.226675 0.900996
    outer loop
      vertex 7.75878 5.75766 6.86
      vertex 7.4315 5.70057 6.98
      vertex 7.63375 5.55363 6.86
    endloop
  endfacet
  facet normal 0.417591 -0.255901 -0.871856
    outer loop
      vertex 7.63375 5.55363 6.64
      vertex 7.4315 5.70057 6.5
      vertex 7.75878 5.75766 6.64
    endloop
  endfacet
  facet normal 0.47623 -0.114325 -0.871857
    outer loop
      vertex 7.85036 5.97875 6.64
      vertex 7.6126 6.056 6.5
      vertex 7.90622 6.21144 6.64
    endloop
  endfacet
  facet normal 0.432482 -0.0340435 0.901
    outer loop
      vertex 7.675 6.45 6.98
      vertex 7.6593 6.25055 6.98
      vertex 7.90622 6.21144 6.86
    endloop
  endfacet
  facet normal -0.452471 0.187436 -0.871858
    outer loop
      vertex 5.1874 6.844 6.5
      vertex 5.04122 7.14233 6.64
      vertex 5.26397 7.02884 6.5
    endloop
  endfacet
  facet normal 0.382689 -0.923877 0
    outer loop
      vertex 6.87125 4.99964 6.64
      vertex 7.09234 5.09122 6.86
      vertex 6.87125 4.99964 6.86
    endloop
  endfacet
  facet normal 0.382689 -0.923877 0
    outer loop
      vertex 7.09234 5.09122 6.86
      vertex 6.87125 4.99964 6.64
      vertex 7.09234 5.09122 6.64
    endloop
  endfacet
  facet normal -0.47623 0.114325 -0.871857
    outer loop
      vertex 5.1874 6.844 6.5
      vertex 4.89378 6.68856 6.64
      vertex 4.94964 6.92125 6.64
    endloop
  endfacet
  facet normal -0.972374 0.23343 0
    outer loop
      vertex 4.89378 6.68856 6.64
      vertex 4.94964 6.92125 6.86
      vertex 4.94964 6.92125 6.64
    endloop
  endfacet
  facet normal -0.972374 0.23343 0
    outer loop
      vertex 4.94964 6.92125 6.86
      vertex 4.89378 6.68856 6.64
      vertex 4.89378 6.68856 6.86
    endloop
  endfacet
  facet normal 0.649431 -0.760421 0
    outer loop
      vertex 7.29637 5.21625 6.64
      vertex 7.47834 5.37166 6.86
      vertex 7.29637 5.21625 6.86
    endloop
  endfacet
  facet normal 0.649431 -0.760421 0
    outer loop
      vertex 7.47834 5.37166 6.86
      vertex 7.29637 5.21625 6.64
      vertex 7.47834 5.37166 6.64
    endloop
  endfacet
  facet normal 0.760421 -0.649431 0
    outer loop
      vertex 7.47834 5.37166 6.86
      vertex 7.63375 5.55363 6.64
      vertex 7.63375 5.55363 6.86
    endloop
  endfacet
  facet normal 0.760421 -0.649431 0
    outer loop
      vertex 7.63375 5.55363 6.64
      vertex 7.47834 5.37166 6.86
      vertex 7.47834 5.37166 6.64
    endloop
  endfacet
  facet normal 0.400802 -0.16602 0.900997
    outer loop
      vertex 7.85036 5.97875 6.86
      vertex 7.6126 6.056 6.98
      vertex 7.75878 5.75766 6.86
    endloop
  endfacet
  facet normal 0.488242 0.0384356 -0.871861
    outer loop
      vertex 7.925 6.45 6.64
      vertex 7.675 6.45 6.5
      vertex 7.90622 6.68856 6.64
    endloop
  endfacet
  facet normal 0.996916 0.0784795 0
    outer loop
      vertex 7.925 6.45 6.86
      vertex 7.90622 6.68856 6.64
      vertex 7.90622 6.68856 6.86
    endloop
  endfacet
  facet normal 0.996916 0.0784795 0
    outer loop
      vertex 7.90622 6.68856 6.64
      vertex 7.925 6.45 6.86
      vertex 7.925 6.45 6.64
    endloop
  endfacet
  facet normal 0.923877 -0.382689 0
    outer loop
      vertex 7.75878 5.75766 6.86
      vertex 7.85036 5.97875 6.64
      vertex 7.85036 5.97875 6.86
    endloop
  endfacet
  facet normal 0.923877 -0.382689 0
    outer loop
      vertex 7.85036 5.97875 6.64
      vertex 7.75878 5.75766 6.86
      vertex 7.75878 5.75766 6.64
    endloop
  endfacet
  facet normal 0.996916 -0.0784795 0
    outer loop
      vertex 7.90622 6.21144 6.86
      vertex 7.925 6.45 6.64
      vertex 7.925 6.45 6.86
    endloop
  endfacet
  facet normal 0.996916 -0.0784795 0
    outer loop
      vertex 7.925 6.45 6.64
      vertex 7.90622 6.21144 6.86
      vertex 7.90622 6.21144 6.64
    endloop
  endfacet
  facet normal 0.488242 -0.0384356 -0.871861
    outer loop
      vertex 7.90622 6.21144 6.64
      vertex 7.675 6.45 6.5
      vertex 7.925 6.45 6.64
    endloop
  endfacet
  facet normal 0.38268 -0.923881 0
    outer loop
      vertex 7.38885 3.40662 2.2
      vertex 7.85277 3.59878 5.4
      vertex 7.38885 3.40662 5.4
    endloop
  endfacet
  facet normal 0.38268 -0.923881 0
    outer loop
      vertex 7.85277 3.59878 5.4
      vertex 7.38885 3.40662 2.2
      vertex 7.85277 3.59878 2.2
    endloop
  endfacet
  facet normal 0.97237 0.233444 0
    outer loop
      vertex 9.5606 6.95059 5.4
      vertex 9.44338 7.43885 2.2
      vertex 9.44338 7.43885 5.4
    endloop
  endfacet
  facet normal 0.97237 0.233444 0
    outer loop
      vertex 9.44338 7.43885 2.2
      vertex 9.5606 6.95059 5.4
      vertex 9.5606 6.95059 2.2
    endloop
  endfacet
  facet normal 0.996917 0.0784645 0
    outer loop
      vertex 9.6 6.45 5.4
      vertex 9.5606 6.95059 2.2
      vertex 9.5606 6.95059 5.4
    endloop
  endfacet
  facet normal 0.996917 0.0784645 0
    outer loop
      vertex 9.5606 6.95059 2.2
      vertex 9.6 6.45 5.4
      vertex 9.6 6.45 2.2
    endloop
  endfacet
  facet normal 0.852635 -0.522506 0
    outer loop
      vertex 8.98885 4.56909 5.4
      vertex 9.25122 4.99723 2.2
      vertex 9.25122 4.99723 5.4
    endloop
  endfacet
  facet normal 0.852635 -0.522506 0
    outer loop
      vertex 9.25122 4.99723 2.2
      vertex 8.98885 4.56909 5.4
      vertex 8.98885 4.56909 2.2
    endloop
  endfacet
  facet normal 0.996917 -0.0784645 0
    outer loop
      vertex 9.5606 5.94941 5.4
      vertex 9.6 6.45 2.2
      vertex 9.6 6.45 5.4
    endloop
  endfacet
  facet normal 0.996917 -0.0784645 0
    outer loop
      vertex 9.6 6.45 2.2
      vertex 9.5606 5.94941 5.4
      vertex 9.5606 5.94941 2.2
    endloop
  endfacet
  facet normal 0.0784925 0.996915 0
    outer loop
      vertex 6.90059 9.6106 5.4
      vertex 6.8 9.61852 5.25
      vertex 6.8 9.61852 5.4
    endloop
  endfacet
  facet normal 0.0784925 0.996915 -0
    outer loop
      vertex 6.90059 9.6106 2.2
      vertex 6.8 9.61852 5.25
      vertex 6.90059 9.6106 5.4
    endloop
  endfacet
  facet normal 0.0784645 0.996917 -9.31623e-07
    outer loop
      vertex 6.4 9.65 2.2
      vertex 6.8 9.61852 5.25
      vertex 6.90059 9.6106 2.2
    endloop
  endfacet
  facet normal 0.0784574 0.996917 0
    outer loop
      vertex 6.8 9.61852 5.25
      vertex 6.4 9.65 2.2
      vertex 6.4 9.65 5.25
    endloop
  endfacet
  facet normal 0.97237 -0.233444 0
    outer loop
      vertex 9.44338 5.46115 5.4
      vertex 9.5606 5.94941 2.2
      vertex 9.5606 5.94941 5.4
    endloop
  endfacet
  facet normal 0.97237 -0.233444 0
    outer loop
      vertex 9.5606 5.94941 2.2
      vertex 9.44338 5.46115 5.4
      vertex 9.44338 5.46115 2.2
    endloop
  endfacet
  facet normal -0.233444 -0.97237 0
    outer loop
      vertex 5.41115 3.40662 2.2
      vertex 5.89941 3.2894 5.4
      vertex 5.41115 3.40662 5.4
    endloop
  endfacet
  facet normal -0.233444 -0.97237 -0
    outer loop
      vertex 5.89941 3.2894 5.4
      vertex 5.41115 3.40662 2.2
      vertex 5.89941 3.2894 2.2
    endloop
  endfacet
  facet normal -0.38268 0.923881 0
    outer loop
      vertex 5.41115 9.49338 2.2
      vertex 4.94723 9.30122 5.4
      vertex 5.41115 9.49338 5.4
    endloop
  endfacet
  facet normal -0.38268 0.923881 0
    outer loop
      vertex 4.94723 9.30122 5.4
      vertex 5.41115 9.49338 2.2
      vertex 4.94723 9.30122 2.2
    endloop
  endfacet
  facet normal -0.38268 -0.923881 0
    outer loop
      vertex 4.94723 3.59878 2.2
      vertex 5.41115 3.40662 5.4
      vertex 4.94723 3.59878 5.4
    endloop
  endfacet
  facet normal -0.38268 -0.923881 -0
    outer loop
      vertex 5.41115 3.40662 5.4
      vertex 4.94723 3.59878 2.2
      vertex 5.41115 3.40662 2.2
    endloop
  endfacet
  facet normal -0.233444 0.97237 0
    outer loop
      vertex 5.89941 9.6106 2.2
      vertex 5.41115 9.49338 5.4
      vertex 5.89941 9.6106 5.4
    endloop
  endfacet
  facet normal -0.233444 0.97237 0
    outer loop
      vertex 5.41115 9.49338 5.4
      vertex 5.89941 9.6106 2.2
      vertex 5.41115 9.49338 2.2
    endloop
  endfacet
  facet normal -0.76041 0.649444 0
    outer loop
      vertex 3.81115 8.33091 2.2
      vertex 4.13726 8.71274 5.4
      vertex 4.13726 8.71274 2.2
    endloop
  endfacet
  facet normal -0.76041 0.649444 0
    outer loop
      vertex 4.13726 8.71274 5.4
      vertex 3.81115 8.33091 2.2
      vertex 3.81115 8.33091 5.4
    endloop
  endfacet
  facet normal 0.649444 -0.76041 0
    outer loop
      vertex 8.28091 3.86115 2.2
      vertex 8.66274 4.18726 5.4
      vertex 8.28091 3.86115 5.4
    endloop
  endfacet
  facet normal 0.649444 -0.76041 0
    outer loop
      vertex 8.66274 4.18726 5.4
      vertex 8.28091 3.86115 2.2
      vertex 8.66274 4.18726 2.2
    endloop
  endfacet
  facet normal -0.649444 -0.76041 0
    outer loop
      vertex 4.13726 4.18726 2.2
      vertex 4.51909 3.86115 5.4
      vertex 4.13726 4.18726 5.4
    endloop
  endfacet
  facet normal -0.649444 -0.76041 -0
    outer loop
      vertex 4.51909 3.86115 5.4
      vertex 4.13726 4.18726 2.2
      vertex 4.51909 3.86115 2.2
    endloop
  endfacet
  facet normal -0.97237 -0.233444 0
    outer loop
      vertex 3.35662 5.46115 2.2
      vertex 3.2394 5.94941 5.4
      vertex 3.2394 5.94941 2.2
    endloop
  endfacet
  facet normal -0.97237 -0.233444 0
    outer loop
      vertex 3.2394 5.94941 5.4
      vertex 3.35662 5.46115 2.2
      vertex 3.35662 5.46115 5.4
    endloop
  endfacet
  facet normal -0.97237 0.233444 0
    outer loop
      vertex 3.2394 6.95059 2.2
      vertex 3.35662 7.43885 5.4
      vertex 3.35662 7.43885 2.2
    endloop
  endfacet
  facet normal -0.97237 0.233444 0
    outer loop
      vertex 3.35662 7.43885 5.4
      vertex 3.2394 6.95059 2.2
      vertex 3.2394 6.95059 5.4
    endloop
  endfacet
  facet normal 0.923881 -0.38268 0
    outer loop
      vertex 9.25122 4.99723 5.4
      vertex 9.44338 5.46115 2.2
      vertex 9.44338 5.46115 5.4
    endloop
  endfacet
  facet normal 0.923881 -0.38268 0
    outer loop
      vertex 9.44338 5.46115 2.2
      vertex 9.25122 4.99723 5.4
      vertex 9.25122 4.99723 2.2
    endloop
  endfacet
  facet normal -0.649444 0.76041 0
    outer loop
      vertex 4.51909 9.03885 2.2
      vertex 4.13726 8.71274 5.4
      vertex 4.51909 9.03885 5.4
    endloop
  endfacet
  facet normal -0.649444 0.76041 0
    outer loop
      vertex 4.13726 8.71274 5.4
      vertex 4.51909 9.03885 2.2
      vertex 4.13726 8.71274 2.2
    endloop
  endfacet
  facet normal 0.522506 -0.852635 0
    outer loop
      vertex 7.85277 3.59878 2.2
      vertex 8.28091 3.86115 5.4
      vertex 7.85277 3.59878 5.4
    endloop
  endfacet
  facet normal 0.522506 -0.852635 0
    outer loop
      vertex 8.28091 3.86115 5.4
      vertex 7.85277 3.59878 2.2
      vertex 8.28091 3.86115 2.2
    endloop
  endfacet
  facet normal -0.0784925 -0.996915 0
    outer loop
      vertex 5.89941 3.2894 5.4
      vertex 6 3.28148 5.25
      vertex 6 3.28148 5.4
    endloop
  endfacet
  facet normal -0.0784925 -0.996915 0
    outer loop
      vertex 5.89941 3.2894 2.2
      vertex 6 3.28148 5.25
      vertex 5.89941 3.2894 5.4
    endloop
  endfacet
  facet normal -0.0784645 -0.996917 -9.31623e-07
    outer loop
      vertex 6.4 3.25 2.2
      vertex 6 3.28148 5.25
      vertex 5.89941 3.2894 2.2
    endloop
  endfacet
  facet normal -0.0784574 -0.996917 0
    outer loop
      vertex 6 3.28148 5.25
      vertex 6.4 3.25 2.2
      vertex 6.4 3.25 5.25
    endloop
  endfacet
  facet normal 0.76041 0.649444 0
    outer loop
      vertex 8.98885 8.33091 5.4
      vertex 8.66274 8.71274 2.2
      vertex 8.66274 8.71274 5.4
    endloop
  endfacet
  facet normal 0.76041 0.649444 0
    outer loop
      vertex 8.66274 8.71274 2.2
      vertex 8.98885 8.33091 5.4
      vertex 8.98885 8.33091 2.2
    endloop
  endfacet
  facet normal 0.76041 -0.649444 0
    outer loop
      vertex 8.66274 4.18726 5.4
      vertex 8.98885 4.56909 2.2
      vertex 8.98885 4.56909 5.4
    endloop
  endfacet
  facet normal 0.76041 -0.649444 0
    outer loop
      vertex 8.98885 4.56909 2.2
      vertex 8.66274 4.18726 5.4
      vertex 8.66274 4.18726 2.2
    endloop
  endfacet
  facet normal -0.852635 -0.522506 0
    outer loop
      vertex 3.81115 4.56909 2.2
      vertex 3.54878 4.99723 5.4
      vertex 3.54878 4.99723 2.2
    endloop
  endfacet
  facet normal -0.852635 -0.522506 0
    outer loop
      vertex 3.54878 4.99723 5.4
      vertex 3.81115 4.56909 2.2
      vertex 3.81115 4.56909 5.4
    endloop
  endfacet
  facet normal 0.38268 0.923881 -0
    outer loop
      vertex 7.85277 9.30122 2.2
      vertex 7.38885 9.49338 5.4
      vertex 7.85277 9.30122 5.4
    endloop
  endfacet
  facet normal 0.38268 0.923881 0
    outer loop
      vertex 7.38885 9.49338 5.4
      vertex 7.85277 9.30122 2.2
      vertex 7.38885 9.49338 2.2
    endloop
  endfacet
  facet normal 0.649444 0.76041 -0
    outer loop
      vertex 8.66274 8.71274 2.2
      vertex 8.28091 9.03885 5.4
      vertex 8.66274 8.71274 5.4
    endloop
  endfacet
  facet normal 0.649444 0.76041 0
    outer loop
      vertex 8.28091 9.03885 5.4
      vertex 8.66274 8.71274 2.2
      vertex 8.28091 9.03885 2.2
    endloop
  endfacet
  facet normal 0.233444 -0.97237 0
    outer loop
      vertex 6.90059 3.2894 2.2
      vertex 7.38885 3.40662 5.4
      vertex 6.90059 3.2894 5.4
    endloop
  endfacet
  facet normal 0.233444 -0.97237 0
    outer loop
      vertex 7.38885 3.40662 5.4
      vertex 6.90059 3.2894 2.2
      vertex 7.38885 3.40662 2.2
    endloop
  endfacet
  facet normal 0.0784574 -0.996917 0
    outer loop
      vertex 6.4 3.25 5.25
      vertex 6.4 3.25 2.2
      vertex 6.8 3.28148 5.25
    endloop
  endfacet
  facet normal 0.0784925 -0.996915 0
    outer loop
      vertex 6.8 3.28148 5.25
      vertex 6.90059 3.2894 5.4
      vertex 6.8 3.28148 5.4
    endloop
  endfacet
  facet normal 0.0784645 -0.996917 -9.31623e-07
    outer loop
      vertex 6.90059 3.2894 2.2
      vertex 6.8 3.28148 5.25
      vertex 6.4 3.25 2.2
    endloop
  endfacet
  facet normal 0.0784925 -0.996915 0
    outer loop
      vertex 6.8 3.28148 5.25
      vertex 6.90059 3.2894 2.2
      vertex 6.90059 3.2894 5.4
    endloop
  endfacet
  facet normal 0.522506 0.852635 -0
    outer loop
      vertex 8.28091 9.03885 2.2
      vertex 7.85277 9.30122 5.4
      vertex 8.28091 9.03885 5.4
    endloop
  endfacet
  facet normal 0.522506 0.852635 0
    outer loop
      vertex 7.85277 9.30122 5.4
      vertex 8.28091 9.03885 2.2
      vertex 7.85277 9.30122 2.2
    endloop
  endfacet
  facet normal -0.923881 0.38268 0
    outer loop
      vertex 3.35662 7.43885 2.2
      vertex 3.54878 7.90277 5.4
      vertex 3.54878 7.90277 2.2
    endloop
  endfacet
  facet normal -0.923881 0.38268 0
    outer loop
      vertex 3.54878 7.90277 5.4
      vertex 3.35662 7.43885 2.2
      vertex 3.35662 7.43885 5.4
    endloop
  endfacet
  facet normal -0.852635 0.522506 0
    outer loop
      vertex 3.54878 7.90277 2.2
      vertex 3.81115 8.33091 5.4
      vertex 3.81115 8.33091 2.2
    endloop
  endfacet
  facet normal -0.852635 0.522506 0
    outer loop
      vertex 3.81115 8.33091 5.4
      vertex 3.54878 7.90277 2.2
      vertex 3.54878 7.90277 5.4
    endloop
  endfacet
  facet normal -0.0784574 0.996917 0
    outer loop
      vertex 6.4 9.65 5.25
      vertex 6.4 9.65 2.2
      vertex 6 9.61852 5.25
    endloop
  endfacet
  facet normal -0.0784925 0.996915 0
    outer loop
      vertex 6 9.61852 5.25
      vertex 5.89941 9.6106 5.4
      vertex 6 9.61852 5.4
    endloop
  endfacet
  facet normal -0.0784645 0.996917 -9.31623e-07
    outer loop
      vertex 5.89941 9.6106 2.2
      vertex 6 9.61852 5.25
      vertex 6.4 9.65 2.2
    endloop
  endfacet
  facet normal -0.0784925 0.996915 0
    outer loop
      vertex 6 9.61852 5.25
      vertex 5.89941 9.6106 2.2
      vertex 5.89941 9.6106 5.4
    endloop
  endfacet
  facet normal 0.852635 0.522506 0
    outer loop
      vertex 9.25122 7.90277 5.4
      vertex 8.98885 8.33091 2.2
      vertex 8.98885 8.33091 5.4
    endloop
  endfacet
  facet normal 0.852635 0.522506 0
    outer loop
      vertex 8.98885 8.33091 2.2
      vertex 9.25122 7.90277 5.4
      vertex 9.25122 7.90277 2.2
    endloop
  endfacet
  facet normal -0.76041 -0.649444 0
    outer loop
      vertex 4.13726 4.18726 2.2
      vertex 3.81115 4.56909 5.4
      vertex 3.81115 4.56909 2.2
    endloop
  endfacet
  facet normal -0.76041 -0.649444 0
    outer loop
      vertex 3.81115 4.56909 5.4
      vertex 4.13726 4.18726 2.2
      vertex 4.13726 4.18726 5.4
    endloop
  endfacet
  facet normal -0.996917 0.0784645 0
    outer loop
      vertex 3.2 6.45 2.2
      vertex 3.2394 6.95059 5.4
      vertex 3.2394 6.95059 2.2
    endloop
  endfacet
  facet normal -0.996917 0.0784645 0
    outer loop
      vertex 3.2394 6.95059 5.4
      vertex 3.2 6.45 2.2
      vertex 3.2 6.45 5.4
    endloop
  endfacet
  facet normal 0.233444 0.97237 -0
    outer loop
      vertex 7.38885 9.49338 2.2
      vertex 6.90059 9.6106 5.4
      vertex 7.38885 9.49338 5.4
    endloop
  endfacet
  facet normal 0.233444 0.97237 0
    outer loop
      vertex 6.90059 9.6106 5.4
      vertex 7.38885 9.49338 2.2
      vertex 6.90059 9.6106 2.2
    endloop
  endfacet
  facet normal -0.996917 -0.0784645 0
    outer loop
      vertex 3.2394 5.94941 2.2
      vertex 3.2 6.45 5.4
      vertex 3.2 6.45 2.2
    endloop
  endfacet
  facet normal -0.996917 -0.0784645 0
    outer loop
      vertex 3.2 6.45 5.4
      vertex 3.2394 5.94941 2.2
      vertex 3.2394 5.94941 5.4
    endloop
  endfacet
  facet normal 0.923881 0.38268 0
    outer loop
      vertex 9.44338 7.43885 5.4
      vertex 9.25122 7.90277 2.2
      vertex 9.25122 7.90277 5.4
    endloop
  endfacet
  facet normal 0.923881 0.38268 0
    outer loop
      vertex 9.25122 7.90277 2.2
      vertex 9.44338 7.43885 5.4
      vertex 9.44338 7.43885 2.2
    endloop
  endfacet
  facet normal -0.522506 0.852635 0
    outer loop
      vertex 4.94723 9.30122 2.2
      vertex 4.51909 9.03885 5.4
      vertex 4.94723 9.30122 5.4
    endloop
  endfacet
  facet normal -0.522506 0.852635 0
    outer loop
      vertex 4.51909 9.03885 5.4
      vertex 4.94723 9.30122 2.2
      vertex 4.51909 9.03885 2.2
    endloop
  endfacet
  facet normal -0.923881 -0.38268 0
    outer loop
      vertex 3.54878 4.99723 2.2
      vertex 3.35662 5.46115 5.4
      vertex 3.35662 5.46115 2.2
    endloop
  endfacet
  facet normal -0.923881 -0.38268 0
    outer loop
      vertex 3.35662 5.46115 5.4
      vertex 3.54878 4.99723 2.2
      vertex 3.54878 4.99723 5.4
    endloop
  endfacet
  facet normal 0 0 -1
    outer loop
      vertex 9.5606 5.94941 2.2
      vertex 9.5606 6.95059 2.2
      vertex 9.6 6.45 2.2
    endloop
  endfacet
  facet normal 0 0 -1
    outer loop
      vertex 9.44338 5.46115 2.2
      vertex 9.5606 6.95059 2.2
      vertex 9.5606 5.94941 2.2
    endloop
  endfacet
  facet normal 0 0 -1
    outer loop
      vertex 9.44338 5.46115 2.2
      vertex 9.44338 7.43885 2.2
      vertex 9.5606 6.95059 2.2
    endloop
  endfacet
  facet normal 0 0 -1
    outer loop
      vertex 9.25122 4.99723 2.2
      vertex 9.44338 7.43885 2.2
      vertex 9.44338 5.46115 2.2
    endloop
  endfacet
  facet normal 0 0 -1
    outer loop
      vertex 9.25122 4.99723 2.2
      vertex 9.25122 7.90277 2.2
      vertex 9.44338 7.43885 2.2
    endloop
  endfacet
  facet normal 0 0 -1
    outer loop
      vertex 8.98885 4.56909 2.2
      vertex 9.25122 7.90277 2.2
      vertex 9.25122 4.99723 2.2
    endloop
  endfacet
  facet normal 0 0 -1
    outer loop
      vertex 8.98885 4.56909 2.2
      vertex 8.98885 8.33091 2.2
      vertex 9.25122 7.90277 2.2
    endloop
  endfacet
  facet normal 0 0 -1
    outer loop
      vertex 8.66274 4.18726 2.2
      vertex 8.98885 8.33091 2.2
      vertex 8.98885 4.56909 2.2
    endloop
  endfacet
  facet normal 0 0 -1
    outer loop
      vertex 8.66274 4.18726 2.2
      vertex 8.66274 8.71274 2.2
      vertex 8.98885 8.33091 2.2
    endloop
  endfacet
  facet normal 0 0 -1
    outer loop
      vertex 8.28091 3.86115 2.2
      vertex 8.66274 8.71274 2.2
      vertex 8.66274 4.18726 2.2
    endloop
  endfacet
  facet normal 0 0 -1
    outer loop
      vertex 8.28091 3.86115 2.2
      vertex 8.28091 9.03885 2.2
      vertex 8.66274 8.71274 2.2
    endloop
  endfacet
  facet normal 0 0 -1
    outer loop
      vertex 7.85277 3.59878 2.2
      vertex 8.28091 9.03885 2.2
      vertex 8.28091 3.86115 2.2
    endloop
  endfacet
  facet normal 0 0 -1
    outer loop
      vertex 7.85277 3.59878 2.2
      vertex 7.85277 9.30122 2.2
      vertex 8.28091 9.03885 2.2
    endloop
  endfacet
  facet normal 0 0 -1
    outer loop
      vertex 7.38885 3.40662 2.2
      vertex 7.85277 9.30122 2.2
      vertex 7.85277 3.59878 2.2
    endloop
  endfacet
  facet normal 0 0 -1
    outer loop
      vertex 7.38885 3.40662 2.2
      vertex 7.38885 9.49338 2.2
      vertex 7.85277 9.30122 2.2
    endloop
  endfacet
  facet normal 0 0 -1
    outer loop
      vertex 6.90059 3.2894 2.2
      vertex 7.38885 9.49338 2.2
      vertex 7.38885 3.40662 2.2
    endloop
  endfacet
  facet normal 0 0 -1
    outer loop
      vertex 6.90059 3.2894 2.2
      vertex 6.90059 9.6106 2.2
      vertex 7.38885 9.49338 2.2
    endloop
  endfacet
  facet normal 0 0 -1
    outer loop
      vertex 6.4 3.25 2.2
      vertex 6.90059 9.6106 2.2
      vertex 6.90059 3.2894 2.2
    endloop
  endfacet
  facet normal 0 0 -1
    outer loop
      vertex 6.4 3.25 2.2
      vertex 6.4 9.65 2.2
      vertex 6.90059 9.6106 2.2
    endloop
  endfacet
  facet normal 0 0 -1
    outer loop
      vertex 5.89941 3.2894 2.2
      vertex 6.4 9.65 2.2
      vertex 6.4 3.25 2.2
    endloop
  endfacet
  facet normal 0 0 -1
    outer loop
      vertex 5.89941 3.2894 2.2
      vertex 5.89941 9.6106 2.2
      vertex 6.4 9.65 2.2
    endloop
  endfacet
  facet normal 0 0 -1
    outer loop
      vertex 5.41115 3.40662 2.2
      vertex 5.89941 9.6106 2.2
      vertex 5.89941 3.2894 2.2
    endloop
  endfacet
  facet normal 0 0 -1
    outer loop
      vertex 5.41115 3.40662 2.2
      vertex 5.41115 9.49338 2.2
      vertex 5.89941 9.6106 2.2
    endloop
  endfacet
  facet normal 0 0 -1
    outer loop
      vertex 4.94723 3.59878 2.2
      vertex 5.41115 9.49338 2.2
      vertex 5.41115 3.40662 2.2
    endloop
  endfacet
  facet normal 0 0 -1
    outer loop
      vertex 4.94723 3.59878 2.2
      vertex 4.94723 9.30122 2.2
      vertex 5.41115 9.49338 2.2
    endloop
  endfacet
  facet normal 0 0 -1
    outer loop
      vertex 4.51909 3.86115 2.2
      vertex 4.94723 9.30122 2.2
      vertex 4.94723 3.59878 2.2
    endloop
  endfacet
  facet normal 0 0 -1
    outer loop
      vertex 4.51909 3.86115 2.2
      vertex 4.51909 9.03885 2.2
      vertex 4.94723 9.30122 2.2
    endloop
  endfacet
  facet normal 0 0 -1
    outer loop
      vertex 4.13726 4.18726 2.2
      vertex 4.51909 9.03885 2.2
      vertex 4.51909 3.86115 2.2
    endloop
  endfacet
  facet normal 0 0 -1
    outer loop
      vertex 4.13726 4.18726 2.2
      vertex 4.13726 8.71274 2.2
      vertex 4.51909 9.03885 2.2
    endloop
  endfacet
  facet normal 0 0 -1
    outer loop
      vertex 3.81115 4.56909 2.2
      vertex 4.13726 8.71274 2.2
      vertex 4.13726 4.18726 2.2
    endloop
  endfacet
  facet normal 0 0 -1
    outer loop
      vertex 3.81115 4.56909 2.2
      vertex 3.81115 8.33091 2.2
      vertex 4.13726 8.71274 2.2
    endloop
  endfacet
  facet normal 0 0 -1
    outer loop
      vertex 3.54878 4.99723 2.2
      vertex 3.81115 8.33091 2.2
      vertex 3.81115 4.56909 2.2
    endloop
  endfacet
  facet normal 0 0 -1
    outer loop
      vertex 3.54878 4.99723 2.2
      vertex 3.54878 7.90277 2.2
      vertex 3.81115 8.33091 2.2
    endloop
  endfacet
  facet normal 0 0 -1
    outer loop
      vertex 3.35662 5.46115 2.2
      vertex 3.54878 7.90277 2.2
      vertex 3.54878 4.99723 2.2
    endloop
  endfacet
  facet normal 0 0 -1
    outer loop
      vertex 3.35662 5.46115 2.2
      vertex 3.35662 7.43885 2.2
      vertex 3.54878 7.90277 2.2
    endloop
  endfacet
  facet normal 0 0 -1
    outer loop
      vertex 3.2394 5.94941 2.2
      vertex 3.35662 7.43885 2.2
      vertex 3.35662 5.46115 2.2
    endloop
  endfacet
  facet normal 0 0 -1
    outer loop
      vertex 3.2394 5.94941 2.2
      vertex 3.2394 6.95059 2.2
      vertex 3.35662 7.43885 2.2
    endloop
  endfacet
  facet normal 0 -0 -1
    outer loop
      vertex 3.2394 6.95059 2.2
      vertex 3.2394 5.94941 2.2
      vertex 3.2 6.45 2.2
    endloop
  endfacet
  facet normal -0.522506 -0.852635 0
    outer loop
      vertex 4.51909 3.86115 2.2
      vertex 4.94723 3.59878 5.4
      vertex 4.51909 3.86115 5.4
    endloop
  endfacet
  facet normal -0.522506 -0.852635 -0
    outer loop
      vertex 4.94723 3.59878 5.4
      vertex 4.51909 3.86115 2.2
      vertex 4.94723 3.59878 2.2
    endloop
  endfacet
  facet normal 0 0 1
    outer loop
      vertex 9.5606 6.95059 5.4
      vertex 9.5606 5.94941 5.4
      vertex 9.6 6.45 5.4
    endloop
  endfacet
  facet normal 0 0 1
    outer loop
      vertex 9.44338 7.43885 5.4
      vertex 9.5606 5.94941 5.4
      vertex 9.5606 6.95059 5.4
    endloop
  endfacet
  facet normal 0 0 1
    outer loop
      vertex 9.44338 7.43885 5.4
      vertex 9.44338 5.46115 5.4
      vertex 9.5606 5.94941 5.4
    endloop
  endfacet
  facet normal 0 0 1
    outer loop
      vertex 9.25122 7.90277 5.4
      vertex 9.44338 5.46115 5.4
      vertex 9.44338 7.43885 5.4
    endloop
  endfacet
  facet normal 0 0 1
    outer loop
      vertex 9.25122 7.90277 5.4
      vertex 9.25122 4.99723 5.4
      vertex 9.44338 5.46115 5.4
    endloop
  endfacet
  facet normal 0 0 1
    outer loop
      vertex 8.98885 8.33091 5.4
      vertex 9.25122 4.99723 5.4
      vertex 9.25122 7.90277 5.4
    endloop
  endfacet
  facet normal 0 0 1
    outer loop
      vertex 8.98885 8.33091 5.4
      vertex 8.98885 4.56909 5.4
      vertex 9.25122 4.99723 5.4
    endloop
  endfacet
  facet normal 0 0 1
    outer loop
      vertex 8.66274 8.71274 5.4
      vertex 8.98885 4.56909 5.4
      vertex 8.98885 8.33091 5.4
    endloop
  endfacet
  facet normal 0 0 1
    outer loop
      vertex 8.66274 8.71274 5.4
      vertex 8.66274 4.18726 5.4
      vertex 8.98885 4.56909 5.4
    endloop
  endfacet
  facet normal 0 0 1
    outer loop
      vertex 8.28091 9.03885 5.4
      vertex 8.66274 4.18726 5.4
      vertex 8.66274 8.71274 5.4
    endloop
  endfacet
  facet normal 0 0 1
    outer loop
      vertex 8.28091 9.03885 5.4
      vertex 8.28091 3.86115 5.4
      vertex 8.66274 4.18726 5.4
    endloop
  endfacet
  facet normal 0 0 1
    outer loop
      vertex 7.85277 9.30122 5.4
      vertex 8.28091 3.86115 5.4
      vertex 8.28091 9.03885 5.4
    endloop
  endfacet
  facet normal 0 0 1
    outer loop
      vertex 7.85277 9.30122 5.4
      vertex 7.85277 3.59878 5.4
      vertex 8.28091 3.86115 5.4
    endloop
  endfacet
  facet normal 0 0 1
    outer loop
      vertex 6.8 9.61852 5.4
      vertex 7.85277 9.30122 5.4
      vertex 7.38885 9.49338 5.4
    endloop
  endfacet
  facet normal 0 0 1
    outer loop
      vertex 7.85277 9.30122 5.4
      vertex 6.8 9.61852 5.4
      vertex 7.85277 3.59878 5.4
    endloop
  endfacet
  facet normal 0 0 1
    outer loop
      vertex 6.8 9.61852 5.4
      vertex 7.38885 9.49338 5.4
      vertex 6.90059 9.6106 5.4
    endloop
  endfacet
  facet normal 0 0 1
    outer loop
      vertex 6.8 3.28148 5.4
      vertex 7.85277 3.59878 5.4
      vertex 6.8 9.61852 5.4
    endloop
  endfacet
  facet normal 0 0 1
    outer loop
      vertex 7.85277 3.59878 5.4
      vertex 6.8 3.28148 5.4
      vertex 7.38885 3.40662 5.4
    endloop
  endfacet
  facet normal 0 0 1
    outer loop
      vertex 7.38885 3.40662 5.4
      vertex 6.8 3.28148 5.4
      vertex 6.90059 3.2894 5.4
    endloop
  endfacet
  facet normal 0 0 1
    outer loop
      vertex 5.41115 9.49338 5.4
      vertex 6 9.61852 5.4
      vertex 5.89941 9.6106 5.4
    endloop
  endfacet
  facet normal 0 0 1
    outer loop
      vertex 4.94723 9.30122 5.4
      vertex 6 9.61852 5.4
      vertex 5.41115 9.49338 5.4
    endloop
  endfacet
  facet normal 0 0 1
    outer loop
      vertex 6 9.61852 5.4
      vertex 4.94723 9.30122 5.4
      vertex 6 3.28148 5.4
    endloop
  endfacet
  facet normal 0 0 1
    outer loop
      vertex 6 3.28148 5.4
      vertex 5.41115 3.40662 5.4
      vertex 5.89941 3.2894 5.4
    endloop
  endfacet
  facet normal -0 0 1
    outer loop
      vertex 4.94723 3.59878 5.4
      vertex 6 3.28148 5.4
      vertex 4.94723 9.30122 5.4
    endloop
  endfacet
  facet normal 0 0 1
    outer loop
      vertex 6 3.28148 5.4
      vertex 4.94723 3.59878 5.4
      vertex 5.41115 3.40662 5.4
    endloop
  endfacet
  facet normal -0 0 1
    outer loop
      vertex 4.51909 9.03885 5.4
      vertex 4.94723 3.59878 5.4
      vertex 4.94723 9.30122 5.4
    endloop
  endfacet
  facet normal 0 0 1
    outer loop
      vertex 4.51909 9.03885 5.4
      vertex 4.51909 3.86115 5.4
      vertex 4.94723 3.59878 5.4
    endloop
  endfacet
  facet normal -0 0 1
    outer loop
      vertex 4.13726 8.71274 5.4
      vertex 4.51909 3.86115 5.4
      vertex 4.51909 9.03885 5.4
    endloop
  endfacet
  facet normal 0 0 1
    outer loop
      vertex 4.13726 8.71274 5.4
      vertex 4.13726 4.18726 5.4
      vertex 4.51909 3.86115 5.4
    endloop
  endfacet
  facet normal -0 0 1
    outer loop
      vertex 3.81115 8.33091 5.4
      vertex 4.13726 4.18726 5.4
      vertex 4.13726 8.71274 5.4
    endloop
  endfacet
  facet normal 0 0 1
    outer loop
      vertex 3.81115 8.33091 5.4
      vertex 3.81115 4.56909 5.4
      vertex 4.13726 4.18726 5.4
    endloop
  endfacet
  facet normal -0 0 1
    outer loop
      vertex 3.54878 7.90277 5.4
      vertex 3.81115 4.56909 5.4
      vertex 3.81115 8.33091 5.4
    endloop
  endfacet
  facet normal 0 0 1
    outer loop
      vertex 3.54878 7.90277 5.4
      vertex 3.54878 4.99723 5.4
      vertex 3.81115 4.56909 5.4
    endloop
  endfacet
  facet normal -0 0 1
    outer loop
      vertex 3.35662 7.43885 5.4
      vertex 3.54878 4.99723 5.4
      vertex 3.54878 7.90277 5.4
    endloop
  endfacet
  facet normal 0 0 1
    outer loop
      vertex 3.35662 7.43885 5.4
      vertex 3.35662 5.46115 5.4
      vertex 3.54878 4.99723 5.4
    endloop
  endfacet
  facet normal -0 0 1
    outer loop
      vertex 3.2394 6.95059 5.4
      vertex 3.35662 5.46115 5.4
      vertex 3.35662 7.43885 5.4
    endloop
  endfacet
  facet normal 0 0 1
    outer loop
      vertex 3.2394 6.95059 5.4
      vertex 3.2394 5.94941 5.4
      vertex 3.35662 5.46115 5.4
    endloop
  endfacet
  facet normal 0 -0 1
    outer loop
      vertex 3.2394 5.94941 5.4
      vertex 3.2394 6.95059 5.4
      vertex 3.2 6.45 5.4
    endloop
  endfacet
  facet normal -1 0 0
    outer loop
      vertex 6.8 3.28148 5.25
      vertex 6.8 9.61852 5.4
      vertex 6.8 9.61852 5.25
    endloop
  endfacet
  facet normal -1 -0 0
    outer loop
      vertex 6.8 9.61852 5.4
      vertex 6.8 3.28148 5.25
      vertex 6.8 3.28148 5.4
    endloop
  endfacet
  facet normal -1 0 0
    outer loop
      vertex 6.8 5.23446 6.50282
      vertex 6.8 5.23989 6.98
      vertex 6.8 5.23989 6.5
    endloop
  endfacet
  facet normal -1 0 0
    outer loop
      vertex 6.8 5.21893 6.51088
      vertex 6.8 5.23989 6.98
      vertex 6.8 5.23446 6.50282
    endloop
  endfacet
  facet normal -1 0 0
    outer loop
      vertex 6.8 5.23989 6.98
      vertex 6.8 5.21893 6.51088
      vertex 6.8 5.23446 6.97759
    endloop
  endfacet
  facet normal -1 0 0
    outer loop
      vertex 6.8 5.21893 6.51088
      vertex 6.8 5.21893 6.97067
      vertex 6.8 5.23446 6.97759
    endloop
  endfacet
  facet normal -1 0 0
    outer loop
      vertex 6.8 4.98253 6.64
      vertex 6.8 5.21893 6.97067
      vertex 6.8 5.21893 6.51088
    endloop
  endfacet
  facet normal -1 0 0
    outer loop
      vertex 6.8 5.21893 6.97067
      vertex 6.8 4.98253 6.64
      vertex 6.8 4.98253 6.86
    endloop
  endfacet
  facet normal -1 0 0
    outer loop
      vertex 6.8 5.23989 6.5
      vertex 6.8 7.66011 6.5
      vertex 6.8 7.66011 5.4
    endloop
  endfacet
  facet normal -1 0 0
    outer loop
      vertex 6.8 7.66011 6.5
      vertex 6.8 5.23989 6.5
      vertex 6.8 7.66011 6.98
    endloop
  endfacet
  facet normal -1 0 0
    outer loop
      vertex 6.8 5.23989 6.5
      vertex 6.8 7.66011 5.4
      vertex 6.8 5.23989 5.4
    endloop
  endfacet
  facet normal -1 0 0
    outer loop
      vertex 6.8 5.23989 6.98
      vertex 6.8 7.66011 6.98
      vertex 6.8 5.23989 6.5
    endloop
  endfacet
  facet normal -1 0 0
    outer loop
      vertex 6.8 7.66011 6.98
      vertex 6.8 5.23989 6.98
      vertex 6.8 7.66011 7.6
    endloop
  endfacet
  facet normal -1 -0 0
    outer loop
      vertex 6.8 7.66011 7.6
      vertex 6.8 5.23989 6.98
      vertex 6.8 5.23989 7.6
    endloop
  endfacet
  facet normal -1 0 0
    outer loop
      vertex 6.8 7.68107 6.97067
      vertex 6.8 7.91747 6.64
      vertex 6.8 7.68107 6.51088
    endloop
  endfacet
  facet normal -1 0 0
    outer loop
      vertex 6.8 7.91747 6.64
      vertex 6.8 7.68107 6.97067
      vertex 6.8 7.91747 6.86
    endloop
  endfacet
  facet normal -1 0 0
    outer loop
      vertex 6.8 7.66011 6.98
      vertex 6.8 7.68107 6.51088
      vertex 6.8 7.66554 6.50282
    endloop
  endfacet
  facet normal -1 0 0
    outer loop
      vertex 6.8 7.68107 6.51088
      vertex 6.8 7.66554 6.97759
      vertex 6.8 7.68107 6.97067
    endloop
  endfacet
  facet normal -1 0 0
    outer loop
      vertex 6.8 7.66011 6.98
      vertex 6.8 7.66554 6.50282
      vertex 6.8 7.66011 6.5
    endloop
  endfacet
  facet normal -1 0 0
    outer loop
      vertex 6.8 7.68107 6.51088
      vertex 6.8 7.66011 6.98
      vertex 6.8 7.66554 6.97759
    endloop
  endfacet
  facet normal 0 0 1
    outer loop
      vertex 6 9.61852 5.25
      vertex 6.8 9.61852 5.25
      vertex 6.4 9.65 5.25
    endloop
  endfacet
  facet normal 0 0 1
    outer loop
      vertex 6.8 9.61852 5.25
      vertex 6 9.61852 5.25
      vertex 6.8 3.28148 5.25
    endloop
  endfacet
  facet normal 0 0 1
    outer loop
      vertex 6 3.28148 5.25
      vertex 6.8 3.28148 5.25
      vertex 6 9.61852 5.25
    endloop
  endfacet
  facet normal 0 0 1
    outer loop
      vertex 6.8 3.28148 5.25
      vertex 6 3.28148 5.25
      vertex 6.4 3.25 5.25
    endloop
  endfacet
  facet normal 1 0 0
    outer loop
      vertex 6 5.21893 6.51088
      vertex 6 5.23989 6.98
      vertex 6 5.23446 6.97759
    endloop
  endfacet
  facet normal 1 0 0
    outer loop
      vertex 6 5.23989 6.98
      vertex 6 5.23446 6.50282
      vertex 6 5.23989 6.5
    endloop
  endfacet
  facet normal 1 0 0
    outer loop
      vertex 6 5.21893 6.51088
      vertex 6 5.23446 6.97759
      vertex 6 5.21893 6.97067
    endloop
  endfacet
  facet normal 1 0 0
    outer loop
      vertex 6 5.23989 6.98
      vertex 6 5.21893 6.51088
      vertex 6 5.23446 6.50282
    endloop
  endfacet
  facet normal 1 0 0
    outer loop
      vertex 6 4.98253 6.64
      vertex 6 5.21893 6.97067
      vertex 6 4.98253 6.86
    endloop
  endfacet
  facet normal 1 0 0
    outer loop
      vertex 6 5.21893 6.97067
      vertex 6 4.98253 6.64
      vertex 6 5.21893 6.51088
    endloop
  endfacet
  facet normal 1 0 0
    outer loop
      vertex 6 5.23989 6.98
      vertex 6 7.66011 6.98
      vertex 6 7.66011 7.6
    endloop
  endfacet
  facet normal 1 0 0
    outer loop
      vertex 6 7.66011 6.98
      vertex 6 5.23989 6.98
      vertex 6 7.66011 6.5
    endloop
  endfacet
  facet normal 1 0 0
    outer loop
      vertex 6 5.23989 6.98
      vertex 6 7.66011 7.6
      vertex 6 5.23989 7.6
    endloop
  endfacet
  facet normal 1 0 0
    outer loop
      vertex 6 7.66011 6.5
      vertex 6 5.23989 6.98
      vertex 6 5.23989 6.5
    endloop
  endfacet
  facet normal 1 0 0
    outer loop
      vertex 6 7.66011 6.5
      vertex 6 5.23989 6.5
      vertex 6 7.66011 5.4
    endloop
  endfacet
  facet normal 1 0 0
    outer loop
      vertex 6 7.66011 5.4
      vertex 6 5.23989 6.5
      vertex 6 5.23989 5.4
    endloop
  endfacet
  facet normal 1 0 0
    outer loop
      vertex 6 7.68107 6.97067
      vertex 6 7.91747 6.64
      vertex 6 7.91747 6.86
    endloop
  endfacet
  facet normal 1 0 0
    outer loop
      vertex 6 7.68107 6.97067
      vertex 6 7.68107 6.51088
      vertex 6 7.91747 6.64
    endloop
  endfacet
  facet normal 1 0 0
    outer loop
      vertex 6 7.66554 6.97759
      vertex 6 7.68107 6.51088
      vertex 6 7.68107 6.97067
    endloop
  endfacet
  facet normal 1 0 0
    outer loop
      vertex 6 7.66011 6.98
      vertex 6 7.68107 6.51088
      vertex 6 7.66554 6.97759
    endloop
  endfacet
  facet normal 1 0 0
    outer loop
      vertex 6 7.68107 6.51088
      vertex 6 7.66011 6.98
      vertex 6 7.66554 6.50282
    endloop
  endfacet
  facet normal 1 0 0
    outer loop
      vertex 6 7.66554 6.50282
      vertex 6 7.66011 6.98
      vertex 6 7.66011 6.5
    endloop
  endfacet
  facet normal 1 -0 0
    outer loop
      vertex 6 3.28148 5.4
      vertex 6 9.61852 5.25
      vertex 6 9.61852 5.4
    endloop
  endfacet
  facet normal 1 0 0
    outer loop
      vertex 6 9.61852 5.25
      vertex 6 3.28148 5.4
      vertex 6 3.28148 5.25
    endloop
  endfacet
  facet normal 0.972365 -0.233467 0
    outer loop
      vertex 7.6626 28.906 6.5
      vertex 7.7093 29.1005 5.4
      vertex 7.7093 29.1005 6.5
    endloop
  endfacet
  facet normal 0.972365 -0.233467 0
    outer loop
      vertex 7.7093 29.1005 5.4
      vertex 7.6626 28.906 6.5
      vertex 7.6626 28.906 5.4
    endloop
  endfacet
  facet normal 0.972365 -0.233467 0
    outer loop
      vertex 7.6626 28.906 7.6
      vertex 7.7093 29.1005 6.98
      vertex 7.7093 29.1005 7.6
    endloop
  endfacet
  facet normal 0.972365 -0.233467 0
    outer loop
      vertex 7.7093 29.1005 6.98
      vertex 7.6626 28.906 7.6
      vertex 7.6626 28.906 6.98
    endloop
  endfacet
  facet normal 0.972365 0.233467 0
    outer loop
      vertex 7.7093 29.4995 6.5
      vertex 7.6626 29.694 5.4
      vertex 7.6626 29.694 6.5
    endloop
  endfacet
  facet normal 0.972365 0.233467 0
    outer loop
      vertex 7.6626 29.694 5.4
      vertex 7.7093 29.4995 6.5
      vertex 7.7093 29.4995 5.4
    endloop
  endfacet
  facet normal 0.972365 0.233467 0
    outer loop
      vertex 7.7093 29.4995 7.6
      vertex 7.6626 29.694 6.98
      vertex 7.6626 29.694 7.6
    endloop
  endfacet
  facet normal 0.972365 0.233467 0
    outer loop
      vertex 7.6626 29.694 6.98
      vertex 7.7093 29.4995 7.6
      vertex 7.7093 29.4995 6.98
    endloop
  endfacet
  facet normal 0.996918 0.0784542 0
    outer loop
      vertex 7.725 29.3 6.5
      vertex 7.7093 29.4995 5.4
      vertex 7.7093 29.4995 6.5
    endloop
  endfacet
  facet normal 0.996918 0.0784542 0
    outer loop
      vertex 7.7093 29.4995 5.4
      vertex 7.725 29.3 6.5
      vertex 7.725 29.3 5.4
    endloop
  endfacet
  facet normal 0.996918 0.0784542 0
    outer loop
      vertex 7.725 29.3 7.6
      vertex 7.7093 29.4995 6.98
      vertex 7.7093 29.4995 7.6
    endloop
  endfacet
  facet normal 0.996918 0.0784542 0
    outer loop
      vertex 7.7093 29.4995 6.98
      vertex 7.725 29.3 7.6
      vertex 7.725 29.3 6.98
    endloop
  endfacet
  facet normal 0.923838 0.382783 0
    outer loop
      vertex 7.6626 29.694 6.5
      vertex 7.58603 29.8788 5.4
      vertex 7.58603 29.8788 6.5
    endloop
  endfacet
  facet normal 0.923838 0.382783 0
    outer loop
      vertex 7.58603 29.8788 5.4
      vertex 7.6626 29.694 6.5
      vertex 7.6626 29.694 5.4
    endloop
  endfacet
  facet normal 0.923838 0.382783 0
    outer loop
      vertex 7.6626 29.694 7.6
      vertex 7.58603 29.8788 6.98
      vertex 7.58603 29.8788 7.6
    endloop
  endfacet
  facet normal 0.923838 0.382783 0
    outer loop
      vertex 7.58603 29.8788 6.98
      vertex 7.6626 29.694 7.6
      vertex 7.6626 29.694 6.98
    endloop
  endfacet
  facet normal -0 0 1
    outer loop
      vertex 5.87116 30.436 7.6
      vertex 6.05 28.0899 7.6
      vertex 6.05 30.5101 7.6
    endloop
  endfacet
  facet normal 0 0 1
    outer loop
      vertex 5.87116 30.436 7.6
      vertex 5.87116 28.164 7.6
      vertex 6.05 28.0899 7.6
    endloop
  endfacet
  facet normal -0 0 1
    outer loop
      vertex 5.70057 30.3315 7.6
      vertex 5.87116 28.164 7.6
      vertex 5.87116 30.436 7.6
    endloop
  endfacet
  facet normal 0 0 1
    outer loop
      vertex 5.70057 30.3315 7.6
      vertex 5.70057 28.2685 7.6
      vertex 5.87116 28.164 7.6
    endloop
  endfacet
  facet normal -0 0 1
    outer loop
      vertex 5.54844 30.2016 7.6
      vertex 5.70057 28.2685 7.6
      vertex 5.70057 30.3315 7.6
    endloop
  endfacet
  facet normal 0 0 1
    outer loop
      vertex 5.54844 30.2016 7.6
      vertex 5.54844 28.3984 7.6
      vertex 5.70057 28.2685 7.6
    endloop
  endfacet
  facet normal -0 0 1
    outer loop
      vertex 5.4185 30.0494 7.6
      vertex 5.54844 28.3984 7.6
      vertex 5.54844 30.2016 7.6
    endloop
  endfacet
  facet normal 0 0 1
    outer loop
      vertex 5.4185 30.0494 7.6
      vertex 5.4185 28.5506 7.6
      vertex 5.54844 28.3984 7.6
    endloop
  endfacet
  facet normal -0 0 1
    outer loop
      vertex 5.31397 29.8788 7.6
      vertex 5.4185 28.5506 7.6
      vertex 5.4185 30.0494 7.6
    endloop
  endfacet
  facet normal 0 0 1
    outer loop
      vertex 5.31397 29.8788 7.6
      vertex 5.31397 28.7212 7.6
      vertex 5.4185 28.5506 7.6
    endloop
  endfacet
  facet normal -0 0 1
    outer loop
      vertex 5.2374 29.694 7.6
      vertex 5.31397 28.7212 7.6
      vertex 5.31397 29.8788 7.6
    endloop
  endfacet
  facet normal 0 0 1
    outer loop
      vertex 5.2374 29.694 7.6
      vertex 5.2374 28.906 7.6
      vertex 5.31397 28.7212 7.6
    endloop
  endfacet
  facet normal -0 0 1
    outer loop
      vertex 5.1907 29.4995 7.6
      vertex 5.2374 28.906 7.6
      vertex 5.2374 29.694 7.6
    endloop
  endfacet
  facet normal 0 0 1
    outer loop
      vertex 5.1907 29.4995 7.6
      vertex 5.1907 29.1005 7.6
      vertex 5.2374 28.906 7.6
    endloop
  endfacet
  facet normal 0 -0 1
    outer loop
      vertex 5.1907 29.1005 7.6
      vertex 5.1907 29.4995 7.6
      vertex 5.175 29.3 7.6
    endloop
  endfacet
  facet normal 0 0 1
    outer loop
      vertex 7.7093 29.4995 7.6
      vertex 7.7093 29.1005 7.6
      vertex 7.725 29.3 7.6
    endloop
  endfacet
  facet normal 0 0 1
    outer loop
      vertex 7.6626 29.694 7.6
      vertex 7.7093 29.1005 7.6
      vertex 7.7093 29.4995 7.6
    endloop
  endfacet
  facet normal 0 0 1
    outer loop
      vertex 7.6626 29.694 7.6
      vertex 7.6626 28.906 7.6
      vertex 7.7093 29.1005 7.6
    endloop
  endfacet
  facet normal 0 0 1
    outer loop
      vertex 7.58603 29.8788 7.6
      vertex 7.6626 28.906 7.6
      vertex 7.6626 29.694 7.6
    endloop
  endfacet
  facet normal 0 0 1
    outer loop
      vertex 7.58603 29.8788 7.6
      vertex 7.58603 28.7212 7.6
      vertex 7.6626 28.906 7.6
    endloop
  endfacet
  facet normal 0 0 1
    outer loop
      vertex 7.4815 30.0494 7.6
      vertex 7.58603 28.7212 7.6
      vertex 7.58603 29.8788 7.6
    endloop
  endfacet
  facet normal 0 0 1
    outer loop
      vertex 7.4815 30.0494 7.6
      vertex 7.4815 28.5506 7.6
      vertex 7.58603 28.7212 7.6
    endloop
  endfacet
  facet normal 0 0 1
    outer loop
      vertex 7.35156 30.2016 7.6
      vertex 7.4815 28.5506 7.6
      vertex 7.4815 30.0494 7.6
    endloop
  endfacet
  facet normal 0 0 1
    outer loop
      vertex 7.35156 30.2016 7.6
      vertex 7.35156 28.3984 7.6
      vertex 7.4815 28.5506 7.6
    endloop
  endfacet
  facet normal 0 0 1
    outer loop
      vertex 7.19943 30.3315 7.6
      vertex 7.35156 28.3984 7.6
      vertex 7.35156 30.2016 7.6
    endloop
  endfacet
  facet normal 0 0 1
    outer loop
      vertex 7.19943 30.3315 7.6
      vertex 7.19943 28.2685 7.6
      vertex 7.35156 28.3984 7.6
    endloop
  endfacet
  facet normal 0 0 1
    outer loop
      vertex 7.02884 30.436 7.6
      vertex 7.19943 28.2685 7.6
      vertex 7.19943 30.3315 7.6
    endloop
  endfacet
  facet normal 0 0 1
    outer loop
      vertex 7.02884 30.436 7.6
      vertex 7.02884 28.164 7.6
      vertex 7.19943 28.2685 7.6
    endloop
  endfacet
  facet normal 0 0 1
    outer loop
      vertex 6.85 30.5101 7.6
      vertex 7.02884 28.164 7.6
      vertex 7.02884 30.436 7.6
    endloop
  endfacet
  facet normal 0 0 1
    outer loop
      vertex 7.02884 28.164 7.6
      vertex 6.85 30.5101 7.6
      vertex 6.85 28.0899 7.6
    endloop
  endfacet
  facet normal -0.760532 0.6493 0
    outer loop
      vertex 5.4185 30.0494 5.4
      vertex 5.54844 30.2016 6.5
      vertex 5.54844 30.2016 5.4
    endloop
  endfacet
  facet normal -0.760532 0.6493 0
    outer loop
      vertex 5.54844 30.2016 6.5
      vertex 5.4185 30.0494 5.4
      vertex 5.4185 30.0494 6.5
    endloop
  endfacet
  facet normal -0.760532 0.6493 0
    outer loop
      vertex 5.4185 30.0494 6.98
      vertex 5.54844 30.2016 7.6
      vertex 5.54844 30.2016 6.98
    endloop
  endfacet
  facet normal -0.760532 0.6493 0
    outer loop
      vertex 5.54844 30.2016 7.6
      vertex 5.4185 30.0494 6.98
      vertex 5.4185 30.0494 7.6
    endloop
  endfacet
  facet normal -0.972365 -0.233467 0
    outer loop
      vertex 5.2374 28.906 6.98
      vertex 5.1907 29.1005 7.6
      vertex 5.1907 29.1005 6.98
    endloop
  endfacet
  facet normal -0.972365 -0.233467 0
    outer loop
      vertex 5.1907 29.1005 7.6
      vertex 5.2374 28.906 6.98
      vertex 5.2374 28.906 7.6
    endloop
  endfacet
  facet normal -0.972365 -0.233467 0
    outer loop
      vertex 5.2374 28.906 5.4
      vertex 5.1907 29.1005 6.5
      vertex 5.1907 29.1005 5.4
    endloop
  endfacet
  facet normal -0.972365 -0.233467 0
    outer loop
      vertex 5.1907 29.1005 6.5
      vertex 5.2374 28.906 5.4
      vertex 5.2374 28.906 6.5
    endloop
  endfacet
  facet normal 0.852671 -0.522448 0
    outer loop
      vertex 7.4815 28.5506 7.6
      vertex 7.58603 28.7212 6.98
      vertex 7.58603 28.7212 7.6
    endloop
  endfacet
  facet normal 0.852671 -0.522448 0
    outer loop
      vertex 7.58603 28.7212 6.98
      vertex 7.4815 28.5506 7.6
      vertex 7.4815 28.5506 6.98
    endloop
  endfacet
  facet normal 0.852671 -0.522448 0
    outer loop
      vertex 7.4815 28.5506 6.5
      vertex 7.58603 28.7212 5.4
      vertex 7.58603 28.7212 6.5
    endloop
  endfacet
  facet normal 0.852671 -0.522448 0
    outer loop
      vertex 7.58603 28.7212 5.4
      vertex 7.4815 28.5506 6.5
      vertex 7.4815 28.5506 5.4
    endloop
  endfacet
  facet normal -0.382781 0.923839 0
    outer loop
      vertex 6.05 30.5101 5.4
      vertex 5.87116 30.436 6.5
      vertex 6.05 30.5101 6.5
    endloop
  endfacet
  facet normal -0.382781 0.923839 0
    outer loop
      vertex 5.87116 30.436 6.5
      vertex 6.05 30.5101 5.4
      vertex 5.87116 30.436 5.4
    endloop
  endfacet
  facet normal -0.382781 0.923839 0
    outer loop
      vertex 6.05 30.5101 6.98
      vertex 5.87116 30.436 7.6
      vertex 6.05 30.5101 7.6
    endloop
  endfacet
  facet normal -0.382781 0.923839 0
    outer loop
      vertex 5.87116 30.436 7.6
      vertex 6.05 30.5101 6.98
      vertex 5.87116 30.436 6.98
    endloop
  endfacet
  facet normal 0.760532 -0.6493 0
    outer loop
      vertex 7.35156 28.3984 7.6
      vertex 7.4815 28.5506 6.98
      vertex 7.4815 28.5506 7.6
    endloop
  endfacet
  facet normal 0.760532 -0.6493 0
    outer loop
      vertex 7.4815 28.5506 6.98
      vertex 7.35156 28.3984 7.6
      vertex 7.35156 28.3984 6.98
    endloop
  endfacet
  facet normal 0.760532 -0.6493 0
    outer loop
      vertex 7.35156 28.3984 6.5
      vertex 7.4815 28.5506 5.4
      vertex 7.4815 28.5506 6.5
    endloop
  endfacet
  facet normal 0.760532 -0.6493 0
    outer loop
      vertex 7.4815 28.5506 5.4
      vertex 7.35156 28.3984 6.5
      vertex 7.35156 28.3984 5.4
    endloop
  endfacet
  facet normal 0.923838 -0.382783 0
    outer loop
      vertex 7.58603 28.7212 7.6
      vertex 7.6626 28.906 6.98
      vertex 7.6626 28.906 7.6
    endloop
  endfacet
  facet normal 0.923838 -0.382783 0
    outer loop
      vertex 7.6626 28.906 6.98
      vertex 7.58603 28.7212 7.6
      vertex 7.58603 28.7212 6.98
    endloop
  endfacet
  facet normal 0.923838 -0.382783 0
    outer loop
      vertex 7.58603 28.7212 6.5
      vertex 7.6626 28.906 5.4
      vertex 7.6626 28.906 6.5
    endloop
  endfacet
  facet normal 0.923838 -0.382783 0
    outer loop
      vertex 7.6626 28.906 5.4
      vertex 7.58603 28.7212 6.5
      vertex 7.58603 28.7212 5.4
    endloop
  endfacet
  facet normal -0.972365 0.233467 0
    outer loop
      vertex 5.1907 29.4995 6.98
      vertex 5.2374 29.694 7.6
      vertex 5.2374 29.694 6.98
    endloop
  endfacet
  facet normal -0.972365 0.233467 0
    outer loop
      vertex 5.2374 29.694 7.6
      vertex 5.1907 29.4995 6.98
      vertex 5.1907 29.4995 7.6
    endloop
  endfacet
  facet normal -0.972365 0.233467 0
    outer loop
      vertex 5.1907 29.4995 5.4
      vertex 5.2374 29.694 6.5
      vertex 5.2374 29.694 5.4
    endloop
  endfacet
  facet normal -0.972365 0.233467 0
    outer loop
      vertex 5.2374 29.694 6.5
      vertex 5.1907 29.4995 5.4
      vertex 5.1907 29.4995 6.5
    endloop
  endfacet
  facet normal -0.996918 0.0784542 0
    outer loop
      vertex 5.175 29.3 6.98
      vertex 5.1907 29.4995 7.6
      vertex 5.1907 29.4995 6.98
    endloop
  endfacet
  facet normal -0.996918 0.0784542 0
    outer loop
      vertex 5.1907 29.4995 7.6
      vertex 5.175 29.3 6.98
      vertex 5.175 29.3 7.6
    endloop
  endfacet
  facet normal -0.996918 0.0784542 0
    outer loop
      vertex 5.175 29.3 5.4
      vertex 5.1907 29.4995 6.5
      vertex 5.1907 29.4995 5.4
    endloop
  endfacet
  facet normal -0.996918 0.0784542 0
    outer loop
      vertex 5.1907 29.4995 6.5
      vertex 5.175 29.3 5.4
      vertex 5.175 29.3 6.5
    endloop
  endfacet
  facet normal -0.996918 -0.0784542 0
    outer loop
      vertex 5.1907 29.1005 6.98
      vertex 5.175 29.3 7.6
      vertex 5.175 29.3 6.98
    endloop
  endfacet
  facet normal -0.996918 -0.0784542 0
    outer loop
      vertex 5.175 29.3 7.6
      vertex 5.1907 29.1005 6.98
      vertex 5.1907 29.1005 7.6
    endloop
  endfacet
  facet normal -0.996918 -0.0784542 0
    outer loop
      vertex 5.1907 29.1005 5.4
      vertex 5.175 29.3 6.5
      vertex 5.175 29.3 5.4
    endloop
  endfacet
  facet normal -0.996918 -0.0784542 0
    outer loop
      vertex 5.175 29.3 6.5
      vertex 5.1907 29.1005 5.4
      vertex 5.1907 29.1005 6.5
    endloop
  endfacet
  facet normal -0.852671 0.522448 0
    outer loop
      vertex 5.31397 29.8788 5.4
      vertex 5.4185 30.0494 6.5
      vertex 5.4185 30.0494 5.4
    endloop
  endfacet
  facet normal -0.852671 0.522448 0
    outer loop
      vertex 5.4185 30.0494 6.5
      vertex 5.31397 29.8788 5.4
      vertex 5.31397 29.8788 6.5
    endloop
  endfacet
  facet normal -0.852671 0.522448 0
    outer loop
      vertex 5.31397 29.8788 6.98
      vertex 5.4185 30.0494 7.6
      vertex 5.4185 30.0494 6.98
    endloop
  endfacet
  facet normal -0.852671 0.522448 0
    outer loop
      vertex 5.4185 30.0494 7.6
      vertex 5.31397 29.8788 6.98
      vertex 5.31397 29.8788 7.6
    endloop
  endfacet
  facet normal -0.522362 -0.852724 0
    outer loop
      vertex 5.70057 28.2685 5.4
      vertex 5.87116 28.164 6.5
      vertex 5.70057 28.2685 6.5
    endloop
  endfacet
  facet normal -0.522362 -0.852724 -0
    outer loop
      vertex 5.87116 28.164 6.5
      vertex 5.70057 28.2685 5.4
      vertex 5.87116 28.164 5.4
    endloop
  endfacet
  facet normal -0.522362 -0.852724 0
    outer loop
      vertex 5.70057 28.2685 6.98
      vertex 5.87116 28.164 7.6
      vertex 5.70057 28.2685 7.6
    endloop
  endfacet
  facet normal -0.522362 -0.852724 -0
    outer loop
      vertex 5.87116 28.164 7.6
      vertex 5.70057 28.2685 6.98
      vertex 5.87116 28.164 6.98
    endloop
  endfacet
  facet normal -0.382781 -0.923839 0
    outer loop
      vertex 5.87116 28.164 6.98
      vertex 6.05 28.0899 7.6
      vertex 5.87116 28.164 7.6
    endloop
  endfacet
  facet normal -0.382781 -0.923839 -0
    outer loop
      vertex 6.05 28.0899 7.6
      vertex 5.87116 28.164 6.98
      vertex 6.05 28.0899 6.98
    endloop
  endfacet
  facet normal -0.382781 -0.923839 0
    outer loop
      vertex 5.87116 28.164 5.4
      vertex 6.05 28.0899 6.5
      vertex 5.87116 28.164 6.5
    endloop
  endfacet
  facet normal -0.382781 -0.923839 -0
    outer loop
      vertex 6.05 28.0899 6.5
      vertex 5.87116 28.164 5.4
      vertex 6.05 28.0899 5.4
    endloop
  endfacet
  facet normal -0.760532 -0.6493 0
    outer loop
      vertex 5.54844 28.3984 6.98
      vertex 5.4185 28.5506 7.6
      vertex 5.4185 28.5506 6.98
    endloop
  endfacet
  facet normal -0.760532 -0.6493 0
    outer loop
      vertex 5.4185 28.5506 7.6
      vertex 5.54844 28.3984 6.98
      vertex 5.54844 28.3984 7.6
    endloop
  endfacet
  facet normal -0.760532 -0.6493 0
    outer loop
      vertex 5.54844 28.3984 5.4
      vertex 5.4185 28.5506 6.5
      vertex 5.4185 28.5506 5.4
    endloop
  endfacet
  facet normal -0.760532 -0.6493 0
    outer loop
      vertex 5.4185 28.5506 6.5
      vertex 5.54844 28.3984 5.4
      vertex 5.54844 28.3984 6.5
    endloop
  endfacet
  facet normal -0.852671 -0.522448 0
    outer loop
      vertex 5.4185 28.5506 6.98
      vertex 5.31397 28.7212 7.6
      vertex 5.31397 28.7212 6.98
    endloop
  endfacet
  facet normal -0.852671 -0.522448 0
    outer loop
      vertex 5.31397 28.7212 7.6
      vertex 5.4185 28.5506 6.98
      vertex 5.4185 28.5506 7.6
    endloop
  endfacet
  facet normal -0.852671 -0.522448 0
    outer loop
      vertex 5.4185 28.5506 5.4
      vertex 5.31397 28.7212 6.5
      vertex 5.31397 28.7212 5.4
    endloop
  endfacet
  facet normal -0.852671 -0.522448 0
    outer loop
      vertex 5.31397 28.7212 6.5
      vertex 5.4185 28.5506 5.4
      vertex 5.4185 28.5506 6.5
    endloop
  endfacet
  facet normal 0.852671 0.522448 0
    outer loop
      vertex 7.58603 29.8788 6.5
      vertex 7.4815 30.0494 5.4
      vertex 7.4815 30.0494 6.5
    endloop
  endfacet
  facet normal 0.852671 0.522448 0
    outer loop
      vertex 7.4815 30.0494 5.4
      vertex 7.58603 29.8788 6.5
      vertex 7.58603 29.8788 5.4
    endloop
  endfacet
  facet normal 0.852671 0.522448 0
    outer loop
      vertex 7.58603 29.8788 7.6
      vertex 7.4815 30.0494 6.98
      vertex 7.4815 30.0494 7.6
    endloop
  endfacet
  facet normal 0.852671 0.522448 0
    outer loop
      vertex 7.4815 30.0494 6.98
      vertex 7.58603 29.8788 7.6
      vertex 7.58603 29.8788 6.98
    endloop
  endfacet
  facet normal 0.382781 0.923839 -0
    outer loop
      vertex 7.02884 30.436 6.98
      vertex 6.85 30.5101 7.6
      vertex 7.02884 30.436 7.6
    endloop
  endfacet
  facet normal 0.382781 0.923839 0
    outer loop
      vertex 6.85 30.5101 7.6
      vertex 7.02884 30.436 6.98
      vertex 6.85 30.5101 6.98
    endloop
  endfacet
  facet normal 0.382781 0.923839 -0
    outer loop
      vertex 7.02884 30.436 5.4
      vertex 6.85 30.5101 6.5
      vertex 7.02884 30.436 6.5
    endloop
  endfacet
  facet normal 0.382781 0.923839 0
    outer loop
      vertex 6.85 30.5101 6.5
      vertex 7.02884 30.436 5.4
      vertex 6.85 30.5101 5.4
    endloop
  endfacet
  facet normal 0.760532 0.6493 0
    outer loop
      vertex 7.4815 30.0494 7.6
      vertex 7.35156 30.2016 6.98
      vertex 7.35156 30.2016 7.6
    endloop
  endfacet
  facet normal 0.760532 0.6493 0
    outer loop
      vertex 7.35156 30.2016 6.98
      vertex 7.4815 30.0494 7.6
      vertex 7.4815 30.0494 6.98
    endloop
  endfacet
  facet normal 0.760532 0.6493 0
    outer loop
      vertex 7.4815 30.0494 6.5
      vertex 7.35156 30.2016 5.4
      vertex 7.35156 30.2016 6.5
    endloop
  endfacet
  facet normal 0.760532 0.6493 0
    outer loop
      vertex 7.35156 30.2016 5.4
      vertex 7.4815 30.0494 6.5
      vertex 7.4815 30.0494 5.4
    endloop
  endfacet
  facet normal -0.522362 0.852724 0
    outer loop
      vertex 5.87116 30.436 5.4
      vertex 5.70057 30.3315 6.5
      vertex 5.87116 30.436 6.5
    endloop
  endfacet
  facet normal -0.522362 0.852724 0
    outer loop
      vertex 5.70057 30.3315 6.5
      vertex 5.87116 30.436 5.4
      vertex 5.70057 30.3315 5.4
    endloop
  endfacet
  facet normal -0.522362 0.852724 0
    outer loop
      vertex 5.87116 30.436 6.98
      vertex 5.70057 30.3315 7.6
      vertex 5.87116 30.436 7.6
    endloop
  endfacet
  facet normal -0.522362 0.852724 0
    outer loop
      vertex 5.70057 30.3315 7.6
      vertex 5.87116 30.436 6.98
      vertex 5.70057 30.3315 6.98
    endloop
  endfacet
  facet normal 0.996918 -0.0784542 0
    outer loop
      vertex 7.7093 29.1005 6.5
      vertex 7.725 29.3 5.4
      vertex 7.725 29.3 6.5
    endloop
  endfacet
  facet normal 0.996918 -0.0784542 0
    outer loop
      vertex 7.725 29.3 5.4
      vertex 7.7093 29.1005 6.5
      vertex 7.7093 29.1005 5.4
    endloop
  endfacet
  facet normal 0.996918 -0.0784542 0
    outer loop
      vertex 7.7093 29.1005 7.6
      vertex 7.725 29.3 6.98
      vertex 7.725 29.3 7.6
    endloop
  endfacet
  facet normal 0.996918 -0.0784542 0
    outer loop
      vertex 7.725 29.3 6.98
      vertex 7.7093 29.1005 7.6
      vertex 7.7093 29.1005 6.98
    endloop
  endfacet
  facet normal -0.649358 0.760483 0
    outer loop
      vertex 5.70057 30.3315 6.98
      vertex 5.54844 30.2016 7.6
      vertex 5.70057 30.3315 7.6
    endloop
  endfacet
  facet normal -0.649358 0.760483 0
    outer loop
      vertex 5.54844 30.2016 7.6
      vertex 5.70057 30.3315 6.98
      vertex 5.54844 30.2016 6.98
    endloop
  endfacet
  facet normal -0.649358 0.760483 0
    outer loop
      vertex 5.70057 30.3315 5.4
      vertex 5.54844 30.2016 6.5
      vertex 5.70057 30.3315 6.5
    endloop
  endfacet
  facet normal -0.649358 0.760483 0
    outer loop
      vertex 5.54844 30.2016 6.5
      vertex 5.70057 30.3315 5.4
      vertex 5.54844 30.2016 5.4
    endloop
  endfacet
  facet normal -0.923838 -0.382783 0
    outer loop
      vertex 5.31397 28.7212 6.98
      vertex 5.2374 28.906 7.6
      vertex 5.2374 28.906 6.98
    endloop
  endfacet
  facet normal -0.923838 -0.382783 0
    outer loop
      vertex 5.2374 28.906 7.6
      vertex 5.31397 28.7212 6.98
      vertex 5.31397 28.7212 7.6
    endloop
  endfacet
  facet normal -0.923838 -0.382783 0
    outer loop
      vertex 5.31397 28.7212 5.4
      vertex 5.2374 28.906 6.5
      vertex 5.2374 28.906 5.4
    endloop
  endfacet
  facet normal -0.923838 -0.382783 0
    outer loop
      vertex 5.2374 28.906 6.5
      vertex 5.31397 28.7212 5.4
      vertex 5.31397 28.7212 6.5
    endloop
  endfacet
  facet normal -0.649358 -0.760483 0
    outer loop
      vertex 5.54844 28.3984 5.4
      vertex 5.70057 28.2685 6.5
      vertex 5.54844 28.3984 6.5
    endloop
  endfacet
  facet normal -0.649358 -0.760483 -0
    outer loop
      vertex 5.70057 28.2685 6.5
      vertex 5.54844 28.3984 5.4
      vertex 5.70057 28.2685 5.4
    endloop
  endfacet
  facet normal -0.649358 -0.760483 0
    outer loop
      vertex 5.54844 28.3984 6.98
      vertex 5.70057 28.2685 7.6
      vertex 5.54844 28.3984 7.6
    endloop
  endfacet
  facet normal -0.649358 -0.760483 -0
    outer loop
      vertex 5.70057 28.2685 7.6
      vertex 5.54844 28.3984 6.98
      vertex 5.70057 28.2685 6.98
    endloop
  endfacet
  facet normal 0.382781 -0.923839 0
    outer loop
      vertex 6.85 28.0899 6.98
      vertex 7.02884 28.164 7.6
      vertex 6.85 28.0899 7.6
    endloop
  endfacet
  facet normal 0.382781 -0.923839 0
    outer loop
      vertex 7.02884 28.164 7.6
      vertex 6.85 28.0899 6.98
      vertex 7.02884 28.164 6.98
    endloop
  endfacet
  facet normal 0.382781 -0.923839 0
    outer loop
      vertex 6.85 28.0899 5.4
      vertex 7.02884 28.164 6.5
      vertex 6.85 28.0899 6.5
    endloop
  endfacet
  facet normal 0.382781 -0.923839 0
    outer loop
      vertex 7.02884 28.164 6.5
      vertex 6.85 28.0899 5.4
      vertex 7.02884 28.164 5.4
    endloop
  endfacet
  facet normal 0.522362 0.852724 -0
    outer loop
      vertex 7.19943 30.3315 6.98
      vertex 7.02884 30.436 7.6
      vertex 7.19943 30.3315 7.6
    endloop
  endfacet
  facet normal 0.522362 0.852724 0
    outer loop
      vertex 7.02884 30.436 7.6
      vertex 7.19943 30.3315 6.98
      vertex 7.02884 30.436 6.98
    endloop
  endfacet
  facet normal 0.522362 0.852724 -0
    outer loop
      vertex 7.19943 30.3315 5.4
      vertex 7.02884 30.436 6.5
      vertex 7.19943 30.3315 6.5
    endloop
  endfacet
  facet normal 0.522362 0.852724 0
    outer loop
      vertex 7.02884 30.436 6.5
      vertex 7.19943 30.3315 5.4
      vertex 7.02884 30.436 5.4
    endloop
  endfacet
  facet normal -0.923838 0.382783 0
    outer loop
      vertex 5.2374 29.694 6.98
      vertex 5.31397 29.8788 7.6
      vertex 5.31397 29.8788 6.98
    endloop
  endfacet
  facet normal -0.923838 0.382783 0
    outer loop
      vertex 5.31397 29.8788 7.6
      vertex 5.2374 29.694 6.98
      vertex 5.2374 29.694 7.6
    endloop
  endfacet
  facet normal -0.923838 0.382783 0
    outer loop
      vertex 5.2374 29.694 5.4
      vertex 5.31397 29.8788 6.5
      vertex 5.31397 29.8788 5.4
    endloop
  endfacet
  facet normal -0.923838 0.382783 0
    outer loop
      vertex 5.31397 29.8788 6.5
      vertex 5.2374 29.694 5.4
      vertex 5.2374 29.694 6.5
    endloop
  endfacet
  facet normal 0.649358 0.760483 -0
    outer loop
      vertex 7.35156 30.2016 6.98
      vertex 7.19943 30.3315 7.6
      vertex 7.35156 30.2016 7.6
    endloop
  endfacet
  facet normal 0.649358 0.760483 0
    outer loop
      vertex 7.19943 30.3315 7.6
      vertex 7.35156 30.2016 6.98
      vertex 7.19943 30.3315 6.98
    endloop
  endfacet
  facet normal 0.649358 0.760483 -0
    outer loop
      vertex 7.35156 30.2016 5.4
      vertex 7.19943 30.3315 6.5
      vertex 7.35156 30.2016 6.5
    endloop
  endfacet
  facet normal 0.649358 0.760483 0
    outer loop
      vertex 7.19943 30.3315 6.5
      vertex 7.35156 30.2016 5.4
      vertex 7.19943 30.3315 5.4
    endloop
  endfacet
  facet normal 0 0 -1
    outer loop
      vertex 7.7093 29.1005 5.4
      vertex 7.7093 29.4995 5.4
      vertex 7.725 29.3 5.4
    endloop
  endfacet
  facet normal 0 0 -1
    outer loop
      vertex 7.6626 28.906 5.4
      vertex 7.7093 29.4995 5.4
      vertex 7.7093 29.1005 5.4
    endloop
  endfacet
  facet normal 0 0 -1
    outer loop
      vertex 7.6626 28.906 5.4
      vertex 7.6626 29.694 5.4
      vertex 7.7093 29.4995 5.4
    endloop
  endfacet
  facet normal 0 0 -1
    outer loop
      vertex 7.58603 28.7212 5.4
      vertex 7.6626 29.694 5.4
      vertex 7.6626 28.906 5.4
    endloop
  endfacet
  facet normal 0 0 -1
    outer loop
      vertex 7.58603 28.7212 5.4
      vertex 7.58603 29.8788 5.4
      vertex 7.6626 29.694 5.4
    endloop
  endfacet
  facet normal 0 0 -1
    outer loop
      vertex 7.4815 28.5506 5.4
      vertex 7.58603 29.8788 5.4
      vertex 7.58603 28.7212 5.4
    endloop
  endfacet
  facet normal 0 0 -1
    outer loop
      vertex 7.4815 28.5506 5.4
      vertex 7.4815 30.0494 5.4
      vertex 7.58603 29.8788 5.4
    endloop
  endfacet
  facet normal 0 0 -1
    outer loop
      vertex 7.35156 28.3984 5.4
      vertex 7.4815 30.0494 5.4
      vertex 7.4815 28.5506 5.4
    endloop
  endfacet
  facet normal 0 0 -1
    outer loop
      vertex 7.35156 28.3984 5.4
      vertex 7.35156 30.2016 5.4
      vertex 7.4815 30.0494 5.4
    endloop
  endfacet
  facet normal 0 0 -1
    outer loop
      vertex 7.19943 28.2685 5.4
      vertex 7.35156 30.2016 5.4
      vertex 7.35156 28.3984 5.4
    endloop
  endfacet
  facet normal 0 0 -1
    outer loop
      vertex 7.19943 28.2685 5.4
      vertex 7.19943 30.3315 5.4
      vertex 7.35156 30.2016 5.4
    endloop
  endfacet
  facet normal 0 0 -1
    outer loop
      vertex 7.02884 28.164 5.4
      vertex 7.19943 30.3315 5.4
      vertex 7.19943 28.2685 5.4
    endloop
  endfacet
  facet normal 0 0 -1
    outer loop
      vertex 7.02884 28.164 5.4
      vertex 7.02884 30.436 5.4
      vertex 7.19943 30.3315 5.4
    endloop
  endfacet
  facet normal 0 0 -1
    outer loop
      vertex 6.85 28.0899 5.4
      vertex 7.02884 30.436 5.4
      vertex 7.02884 28.164 5.4
    endloop
  endfacet
  facet normal -0 0 -1
    outer loop
      vertex 7.02884 30.436 5.4
      vertex 6.85 28.0899 5.4
      vertex 6.85 30.5101 5.4
    endloop
  endfacet
  facet normal 0 0 -1
    outer loop
      vertex 5.87116 28.164 5.4
      vertex 6.05 30.5101 5.4
      vertex 6.05 28.0899 5.4
    endloop
  endfacet
  facet normal 0 0 -1
    outer loop
      vertex 5.87116 28.164 5.4
      vertex 5.87116 30.436 5.4
      vertex 6.05 30.5101 5.4
    endloop
  endfacet
  facet normal 0 0 -1
    outer loop
      vertex 5.70057 28.2685 5.4
      vertex 5.87116 30.436 5.4
      vertex 5.87116 28.164 5.4
    endloop
  endfacet
  facet normal 0 0 -1
    outer loop
      vertex 5.70057 28.2685 5.4
      vertex 5.70057 30.3315 5.4
      vertex 5.87116 30.436 5.4
    endloop
  endfacet
  facet normal 0 0 -1
    outer loop
      vertex 5.54844 28.3984 5.4
      vertex 5.70057 30.3315 5.4
      vertex 5.70057 28.2685 5.4
    endloop
  endfacet
  facet normal 0 0 -1
    outer loop
      vertex 5.54844 28.3984 5.4
      vertex 5.54844 30.2016 5.4
      vertex 5.70057 30.3315 5.4
    endloop
  endfacet
  facet normal 0 0 -1
    outer loop
      vertex 5.4185 28.5506 5.4
      vertex 5.54844 30.2016 5.4
      vertex 5.54844 28.3984 5.4
    endloop
  endfacet
  facet normal 0 0 -1
    outer loop
      vertex 5.4185 28.5506 5.4
      vertex 5.4185 30.0494 5.4
      vertex 5.54844 30.2016 5.4
    endloop
  endfacet
  facet normal 0 0 -1
    outer loop
      vertex 5.31397 28.7212 5.4
      vertex 5.4185 30.0494 5.4
      vertex 5.4185 28.5506 5.4
    endloop
  endfacet
  facet normal 0 0 -1
    outer loop
      vertex 5.31397 28.7212 5.4
      vertex 5.31397 29.8788 5.4
      vertex 5.4185 30.0494 5.4
    endloop
  endfacet
  facet normal 0 0 -1
    outer loop
      vertex 5.2374 28.906 5.4
      vertex 5.31397 29.8788 5.4
      vertex 5.31397 28.7212 5.4
    endloop
  endfacet
  facet normal 0 0 -1
    outer loop
      vertex 5.2374 28.906 5.4
      vertex 5.2374 29.694 5.4
      vertex 5.31397 29.8788 5.4
    endloop
  endfacet
  facet normal 0 0 -1
    outer loop
      vertex 5.1907 29.1005 5.4
      vertex 5.2374 29.694 5.4
      vertex 5.2374 28.906 5.4
    endloop
  endfacet
  facet normal 0 0 -1
    outer loop
      vertex 5.1907 29.1005 5.4
      vertex 5.1907 29.4995 5.4
      vertex 5.2374 29.694 5.4
    endloop
  endfacet
  facet normal 0 -0 -1
    outer loop
      vertex 5.1907 29.4995 5.4
      vertex 5.1907 29.1005 5.4
      vertex 5.175 29.3 5.4
    endloop
  endfacet
  facet normal 0.649358 -0.760483 0
    outer loop
      vertex 7.19943 28.2685 6.98
      vertex 7.35156 28.3984 7.6
      vertex 7.19943 28.2685 7.6
    endloop
  endfacet
  facet normal 0.649358 -0.760483 0
    outer loop
      vertex 7.35156 28.3984 7.6
      vertex 7.19943 28.2685 6.98
      vertex 7.35156 28.3984 6.98
    endloop
  endfacet
  facet normal 0.649358 -0.760483 0
    outer loop
      vertex 7.19943 28.2685 5.4
      vertex 7.35156 28.3984 6.5
      vertex 7.19943 28.2685 6.5
    endloop
  endfacet
  facet normal 0.649358 -0.760483 0
    outer loop
      vertex 7.35156 28.3984 6.5
      vertex 7.19943 28.2685 5.4
      vertex 7.35156 28.3984 5.4
    endloop
  endfacet
  facet normal 0.522362 -0.852724 0
    outer loop
      vertex 7.02884 28.164 6.98
      vertex 7.19943 28.2685 7.6
      vertex 7.02884 28.164 7.6
    endloop
  endfacet
  facet normal 0.522362 -0.852724 0
    outer loop
      vertex 7.19943 28.2685 7.6
      vertex 7.02884 28.164 6.98
      vertex 7.19943 28.2685 6.98
    endloop
  endfacet
  facet normal 0.522362 -0.852724 0
    outer loop
      vertex 7.02884 28.164 5.4
      vertex 7.19943 28.2685 6.5
      vertex 7.02884 28.164 6.5
    endloop
  endfacet
  facet normal 0.522362 -0.852724 0
    outer loop
      vertex 7.19943 28.2685 6.5
      vertex 7.02884 28.164 5.4
      vertex 7.19943 28.2685 5.4
    endloop
  endfacet
  facet normal -0.281756 0.329974 0.900961
    outer loop
      vertex 5.70057 30.3315 6.98
      vertex 5.37166 30.3783 6.86
      vertex 5.54844 30.2016 6.98
    endloop
  endfacet
  facet normal -0.43248 0.0340401 0.901001
    outer loop
      vertex 4.94378 29.5386 6.86
      vertex 4.925 29.3 6.86
      vertex 5.175 29.3 6.98
    endloop
  endfacet
  facet normal -0.281806 0.329776 0.901018
    outer loop
      vertex 5.55363 30.5338 6.86
      vertex 5.37166 30.3783 6.86
      vertex 5.70057 30.3315 6.98
    endloop
  endfacet
  facet normal -0.281756 -0.329974 0.900961
    outer loop
      vertex 5.54844 28.3984 6.98
      vertex 5.37166 28.2217 6.86
      vertex 5.70057 28.2685 6.98
    endloop
  endfacet
  facet normal -0.318142 -0.372298 -0.871883
    outer loop
      vertex 5.55363 28.0662 6.64
      vertex 5.37166 28.2217 6.64
      vertex 5.70057 28.2685 6.5
    endloop
  endfacet
  facet normal -0.226605 0.369874 0.901024
    outer loop
      vertex 5.75766 30.6588 6.86
      vertex 5.55363 30.5338 6.86
      vertex 5.70057 30.3315 6.98
    endloop
  endfacet
  facet normal -0.996917 -0.0784665 0
    outer loop
      vertex 4.94378 29.0614 6.64
      vertex 4.925 29.3 6.86
      vertex 4.925 29.3 6.64
    endloop
  endfacet
  facet normal -0.996917 -0.0784665 0
    outer loop
      vertex 4.925 29.3 6.86
      vertex 4.94378 29.0614 6.64
      vertex 4.94378 29.0614 6.86
    endloop
  endfacet
  facet normal -0.417596 0.255869 -0.871862
    outer loop
      vertex 5.31397 29.8788 6.5
      vertex 5.09122 29.9923 6.64
      vertex 5.4185 30.0494 6.5
    endloop
  endfacet
  facet normal -0.432485 0.0340351 0.900999
    outer loop
      vertex 5.1907 29.4995 6.98
      vertex 4.94378 29.5386 6.86
      vertex 5.175 29.3 6.98
    endloop
  endfacet
  facet normal -0.45245 -0.187468 -0.871863
    outer loop
      vertex 5.31397 28.7212 6.5
      vertex 5.09122 28.6077 6.64
      vertex 5.2374 28.906 6.5
    endloop
  endfacet
  facet normal 0.52239 0.852707 -0
    outer loop
      vertex 7.34637 30.5338 6.64
      vertex 7.14233 30.6588 6.86
      vertex 7.34637 30.5338 6.86
    endloop
  endfacet
  facet normal 0.52239 0.852707 0
    outer loop
      vertex 7.14233 30.6588 6.86
      vertex 7.34637 30.5338 6.64
      vertex 7.14233 30.6588 6.64
    endloop
  endfacet
  facet normal -0.476214 -0.114316 -0.871867
    outer loop
      vertex 4.99964 28.8287 6.64
      vertex 4.94378 29.0614 6.64
      vertex 5.2374 28.906 6.5
    endloop
  endfacet
  facet normal -0.101234 0.421808 0.901016
    outer loop
      vertex 6.05 30.7675 6.86
      vertex 5.97875 30.7504 6.86
      vertex 6.05 30.5311 6.97067
    endloop
  endfacet
  facet normal -0.37253 -0.318046 -0.871819
    outer loop
      vertex 5.54844 28.3984 6.5
      vertex 5.37166 28.2217 6.64
      vertex 5.4185 28.5506 6.5
    endloop
  endfacet
  facet normal -0.18845 0.450796 -0.872508
    outer loop
      vertex 5.75766 30.6588 6.64
      vertex 6.05 30.5311 6.51088
      vertex 6.05 30.5155 6.50282
    endloop
  endfacet
  facet normal -0.187451 0.45244 -0.871871
    outer loop
      vertex 6.05 30.5311 6.51088
      vertex 5.75766 30.6588 6.64
      vertex 5.97875 30.7504 6.64
    endloop
  endfacet
  facet normal -0.488247 0.0384234 -0.871859
    outer loop
      vertex 5.175 29.3 6.5
      vertex 4.94378 29.5386 6.64
      vertex 5.1907 29.4995 6.5
    endloop
  endfacet
  facet normal 0.114291 -0.47621 -0.871872
    outer loop
      vertex 6.92125 27.8496 6.64
      vertex 6.85 27.8325 6.64
      vertex 6.85 28.0689 6.51088
    endloop
  endfacet
  facet normal -0.166564 -0.399822 0.901332
    outer loop
      vertex 5.75766 27.9412 6.86
      vertex 6.05 28.0689 6.97067
      vertex 6.05 28.0845 6.97759
    endloop
  endfacet
  facet normal -0.166037 -0.400754 0.901015
    outer loop
      vertex 6.05 28.0689 6.97067
      vertex 5.75766 27.9412 6.86
      vertex 5.97875 27.8496 6.86
    endloop
  endfacet
  facet normal 0.187458 -0.452438 -0.871871
    outer loop
      vertex 6.85 28.0689 6.51088
      vertex 7.14233 27.9412 6.64
      vertex 6.92125 27.8496 6.64
    endloop
  endfacet
  facet normal 0.188457 -0.450795 -0.872507
    outer loop
      vertex 7.14233 27.9412 6.64
      vertex 6.85 28.0689 6.51088
      vertex 6.85 28.0845 6.50282
    endloop
  endfacet
  facet normal -0.369899 -0.226597 0.901015
    outer loop
      vertex 5.4185 28.5506 6.98
      vertex 5.09122 28.6077 6.86
      vertex 5.21625 28.4036 6.86
    endloop
  endfacet
  facet normal -0.255824 0.417567 -0.87189
    outer loop
      vertex 5.70057 30.3315 6.5
      vertex 5.55363 30.5338 6.64
      vertex 5.75766 30.6588 6.64
    endloop
  endfacet
  facet normal 0.318142 -0.372298 -0.871883
    outer loop
      vertex 7.34637 28.0662 6.64
      vertex 7.19943 28.2685 6.5
      vertex 7.52834 28.2217 6.64
    endloop
  endfacet
  facet normal -0.372325 -0.318104 -0.871885
    outer loop
      vertex 5.37166 28.2217 6.64
      vertex 5.21625 28.4036 6.64
      vertex 5.4185 28.5506 6.5
    endloop
  endfacet
  facet normal 0.488247 0.0384234 -0.871859
    outer loop
      vertex 7.725 29.3 6.5
      vertex 7.7093 29.4995 6.5
      vertex 7.95622 29.5386 6.64
    endloop
  endfacet
  facet normal -0.488247 -0.0384234 -0.871859
    outer loop
      vertex 5.1907 29.1005 6.5
      vertex 4.94378 29.0614 6.64
      vertex 5.175 29.3 6.5
    endloop
  endfacet
  facet normal -0.318081 -0.372515 -0.871813
    outer loop
      vertex 5.70057 28.2685 6.5
      vertex 5.37166 28.2217 6.64
      vertex 5.54844 28.3984 6.5
    endloop
  endfacet
  facet normal 0.101234 -0.421808 0.901016
    outer loop
      vertex 6.85 28.0689 6.97067
      vertex 6.85 27.8325 6.86
      vertex 6.92125 27.8496 6.86
    endloop
  endfacet
  facet normal -0.166506 -0.401861 0.900435
    outer loop
      vertex 5.87116 28.164 6.98
      vertex 6.05 28.0845 6.97759
      vertex 6.05 28.0899 6.98
    endloop
  endfacet
  facet normal -0.165996 -0.400733 0.901032
    outer loop
      vertex 6.05 28.0845 6.97759
      vertex 5.87116 28.164 6.98
      vertex 5.75766 27.9412 6.86
    endloop
  endfacet
  facet normal 0.188457 0.450795 -0.872507
    outer loop
      vertex 6.85 30.5311 6.51088
      vertex 7.14233 30.6588 6.64
      vertex 6.85 30.5155 6.50282
    endloop
  endfacet
  facet normal 0.187458 0.452438 -0.871871
    outer loop
      vertex 7.14233 30.6588 6.64
      vertex 6.85 30.5311 6.51088
      vertex 6.92125 30.7504 6.64
    endloop
  endfacet
  facet normal 0.233373 0.972387 -0
    outer loop
      vertex 6.92125 30.7504 6.64
      vertex 6.85 30.7675 6.86
      vertex 6.92125 30.7504 6.86
    endloop
  endfacet
  facet normal 0.233373 0.972387 0
    outer loop
      vertex 6.85 30.7675 6.86
      vertex 6.92125 30.7504 6.64
      vertex 6.85 30.7675 6.64
    endloop
  endfacet
  facet normal 0.369902 -0.226647 0.901001
    outer loop
      vertex 7.58603 28.7212 6.98
      vertex 7.4815 28.5506 6.98
      vertex 7.80878 28.6077 6.86
    endloop
  endfacet
  facet normal -0.3298 -0.281771 0.90102
    outer loop
      vertex 5.4185 28.5506 6.98
      vertex 5.21625 28.4036 6.86
      vertex 5.37166 28.2217 6.86
    endloop
  endfacet
  facet normal 0.85272 -0.522369 0
    outer loop
      vertex 7.68375 28.4036 6.86
      vertex 7.80878 28.6077 6.64
      vertex 7.80878 28.6077 6.86
    endloop
  endfacet
  facet normal 0.85272 -0.522369 0
    outer loop
      vertex 7.80878 28.6077 6.64
      vertex 7.68375 28.4036 6.86
      vertex 7.68375 28.4036 6.64
    endloop
  endfacet
  facet normal -0.85272 -0.522369 0
    outer loop
      vertex 5.21625 28.4036 6.64
      vertex 5.09122 28.6077 6.86
      vertex 5.09122 28.6077 6.64
    endloop
  endfacet
  facet normal -0.85272 -0.522369 0
    outer loop
      vertex 5.09122 28.6077 6.86
      vertex 5.21625 28.4036 6.64
      vertex 5.21625 28.4036 6.86
    endloop
  endfacet
  facet normal -0.400775 0.166057 0.901002
    outer loop
      vertex 5.31397 29.8788 6.98
      vertex 5.09122 29.9923 6.86
      vertex 5.2374 29.694 6.98
    endloop
  endfacet
  facet normal -0.188364 0.454616 -0.870542
    outer loop
      vertex 5.87116 30.436 6.5
      vertex 6.05 30.5155 6.50282
      vertex 6.05 30.5101 6.5
    endloop
  endfacet
  facet normal -0.187367 0.452422 -0.871899
    outer loop
      vertex 6.05 30.5155 6.50282
      vertex 5.87116 30.436 6.5
      vertex 5.75766 30.6588 6.64
    endloop
  endfacet
  facet normal -0.488242 -0.0384291 -0.871862
    outer loop
      vertex 4.94378 29.0614 6.64
      vertex 4.925 29.3 6.64
      vertex 5.175 29.3 6.5
    endloop
  endfacet
  facet normal -0.166506 0.401861 0.900435
    outer loop
      vertex 6.05 30.5155 6.97759
      vertex 5.87116 30.436 6.98
      vertex 6.05 30.5101 6.98
    endloop
  endfacet
  facet normal -0.165996 0.400733 0.901032
    outer loop
      vertex 5.87116 30.436 6.98
      vertex 6.05 30.5155 6.97759
      vertex 5.75766 30.6588 6.86
    endloop
  endfacet
  facet normal 0.101234 0.421808 0.901016
    outer loop
      vertex 6.85 30.7675 6.86
      vertex 6.85 30.5311 6.97067
      vertex 6.92125 30.7504 6.86
    endloop
  endfacet
  facet normal -0.452429 -0.187482 -0.871871
    outer loop
      vertex 5.09122 28.6077 6.64
      vertex 4.99964 28.8287 6.64
      vertex 5.2374 28.906 6.5
    endloop
  endfacet
  facet normal 0.165998 0.400738 0.901029
    outer loop
      vertex 6.85 30.5155 6.97759
      vertex 7.02884 30.436 6.98
      vertex 7.14233 30.6588 6.86
    endloop
  endfacet
  facet normal 0.166506 0.401861 0.900435
    outer loop
      vertex 7.02884 30.436 6.98
      vertex 6.85 30.5155 6.97759
      vertex 6.85 30.5101 6.98
    endloop
  endfacet
  facet normal -0.649648 -0.760235 0
    outer loop
      vertex 5.37166 28.2217 6.64
      vertex 5.55363 28.0662 6.86
      vertex 5.37166 28.2217 6.86
    endloop
  endfacet
  facet normal -0.649648 -0.760235 -0
    outer loop
      vertex 5.55363 28.0662 6.86
      vertex 5.37166 28.2217 6.64
      vertex 5.55363 28.0662 6.64
    endloop
  endfacet
  facet normal -0.476224 0.114343 -0.871858
    outer loop
      vertex 5.1907 29.4995 6.5
      vertex 4.94378 29.5386 6.64
      vertex 5.2374 29.694 6.5
    endloop
  endfacet
  facet normal 0.476224 -0.114343 -0.871858
    outer loop
      vertex 7.95622 29.0614 6.64
      vertex 7.6626 28.906 6.5
      vertex 7.7093 29.1005 6.5
    endloop
  endfacet
  facet normal -0.233373 0.972387 0
    outer loop
      vertex 6.05 30.7675 6.64
      vertex 5.97875 30.7504 6.86
      vertex 6.05 30.7675 6.86
    endloop
  endfacet
  facet normal -0.233373 0.972387 0
    outer loop
      vertex 5.97875 30.7504 6.86
      vertex 6.05 30.7675 6.64
      vertex 5.97875 30.7504 6.64
    endloop
  endfacet
  facet normal -0.226576 0.369872 0.901032
    outer loop
      vertex 5.75766 30.6588 6.86
      vertex 5.70057 30.3315 6.98
      vertex 5.87116 30.436 6.98
    endloop
  endfacet
  facet normal 0.372325 -0.318104 -0.871885
    outer loop
      vertex 7.52834 28.2217 6.64
      vertex 7.4815 28.5506 6.5
      vertex 7.68375 28.4036 6.64
    endloop
  endfacet
  facet normal 0.421845 0.101308 0.90099
    outer loop
      vertex 7.90036 29.7712 6.86
      vertex 7.6626 29.694 6.98
      vertex 7.95622 29.5386 6.86
    endloop
  endfacet
  facet normal -0.318081 0.372515 -0.871813
    outer loop
      vertex 5.54844 30.2016 6.5
      vertex 5.37166 30.3783 6.64
      vertex 5.70057 30.3315 6.5
    endloop
  endfacet
  facet normal 0.166506 -0.401861 0.900435
    outer loop
      vertex 6.85 28.0845 6.97759
      vertex 7.02884 28.164 6.98
      vertex 6.85 28.0899 6.98
    endloop
  endfacet
  facet normal 0.165998 -0.400738 0.901029
    outer loop
      vertex 7.02884 28.164 6.98
      vertex 6.85 28.0845 6.97759
      vertex 7.14233 27.9412 6.86
    endloop
  endfacet
  facet normal 0.649648 0.760235 -0
    outer loop
      vertex 7.52834 30.3783 6.64
      vertex 7.34637 30.5338 6.86
      vertex 7.52834 30.3783 6.86
    endloop
  endfacet
  facet normal 0.649648 0.760235 0
    outer loop
      vertex 7.34637 30.5338 6.86
      vertex 7.52834 30.3783 6.64
      vertex 7.34637 30.5338 6.64
    endloop
  endfacet
  facet normal 0.452429 -0.187482 -0.871871
    outer loop
      vertex 7.80878 28.6077 6.64
      vertex 7.6626 28.906 6.5
      vertex 7.90036 28.8287 6.64
    endloop
  endfacet
  facet normal -0.972376 -0.23342 0
    outer loop
      vertex 4.99964 28.8287 6.64
      vertex 4.94378 29.0614 6.86
      vertex 4.94378 29.0614 6.64
    endloop
  endfacet
  facet normal -0.972376 -0.23342 0
    outer loop
      vertex 4.94378 29.0614 6.86
      vertex 4.99964 28.8287 6.64
      vertex 4.99964 28.8287 6.86
    endloop
  endfacet
  facet normal -0.421845 0.101308 0.90099
    outer loop
      vertex 4.99964 29.7712 6.86
      vertex 4.94378 29.5386 6.86
      vertex 5.2374 29.694 6.98
    endloop
  endfacet
  facet normal 0.226597 0.369879 0.901023
    outer loop
      vertex 7.34637 30.5338 6.86
      vertex 7.14233 30.6588 6.86
      vertex 7.19943 30.3315 6.98
    endloop
  endfacet
  facet normal -0.43248 -0.0340401 0.901001
    outer loop
      vertex 5.175 29.3 6.98
      vertex 4.925 29.3 6.86
      vertex 4.94378 29.0614 6.86
    endloop
  endfacet
  facet normal 0.188364 0.454616 -0.870542
    outer loop
      vertex 6.85 30.5155 6.50282
      vertex 7.02884 30.436 6.5
      vertex 6.85 30.5101 6.5
    endloop
  endfacet
  facet normal 0.18737 0.452427 -0.871896
    outer loop
      vertex 7.02884 30.436 6.5
      vertex 6.85 30.5155 6.50282
      vertex 7.14233 30.6588 6.64
    endloop
  endfacet
  facet normal 0.417596 0.255869 -0.871862
    outer loop
      vertex 7.58603 29.8788 6.5
      vertex 7.4815 30.0494 6.5
      vertex 7.80878 29.9923 6.64
    endloop
  endfacet
  facet normal -0.372325 0.318104 -0.871885
    outer loop
      vertex 5.4185 30.0494 6.5
      vertex 5.21625 30.1964 6.64
      vertex 5.37166 30.3783 6.64
    endloop
  endfacet
  facet normal -0.400829 0.166024 0.900984
    outer loop
      vertex 5.09122 29.9923 6.86
      vertex 4.99964 29.7712 6.86
      vertex 5.2374 29.694 6.98
    endloop
  endfacet
  facet normal -0.488242 0.0384291 -0.871862
    outer loop
      vertex 5.175 29.3 6.5
      vertex 4.925 29.3 6.64
      vertex 4.94378 29.5386 6.64
    endloop
  endfacet
  facet normal -0.996917 0.0784665 0
    outer loop
      vertex 4.925 29.3 6.64
      vertex 4.94378 29.5386 6.86
      vertex 4.94378 29.5386 6.64
    endloop
  endfacet
  facet normal -0.996917 0.0784665 0
    outer loop
      vertex 4.94378 29.5386 6.86
      vertex 4.925 29.3 6.64
      vertex 4.925 29.3 6.86
    endloop
  endfacet
  facet normal -0.3298 0.281771 0.90102
    outer loop
      vertex 5.37166 30.3783 6.86
      vertex 5.21625 30.1964 6.86
      vertex 5.4185 30.0494 6.98
    endloop
  endfacet
  facet normal 0.329987 -0.281725 0.900966
    outer loop
      vertex 7.4815 28.5506 6.98
      vertex 7.35156 28.3984 6.98
      vertex 7.52834 28.2217 6.86
    endloop
  endfacet
  facet normal 0.281806 -0.329776 0.901018
    outer loop
      vertex 7.52834 28.2217 6.86
      vertex 7.19943 28.2685 6.98
      vertex 7.34637 28.0662 6.86
    endloop
  endfacet
  facet normal -0.226576 -0.369872 0.901032
    outer loop
      vertex 5.87116 28.164 6.98
      vertex 5.70057 28.2685 6.98
      vertex 5.75766 27.9412 6.86
    endloop
  endfacet
  facet normal -0.226605 -0.369874 0.901024
    outer loop
      vertex 5.70057 28.2685 6.98
      vertex 5.55363 28.0662 6.86
      vertex 5.75766 27.9412 6.86
    endloop
  endfacet
  facet normal -0.281806 -0.329776 0.901018
    outer loop
      vertex 5.70057 28.2685 6.98
      vertex 5.37166 28.2217 6.86
      vertex 5.55363 28.0662 6.86
    endloop
  endfacet
  facet normal -0.188364 -0.454616 -0.870542
    outer loop
      vertex 6.05 28.0845 6.50282
      vertex 5.87116 28.164 6.5
      vertex 6.05 28.0899 6.5
    endloop
  endfacet
  facet normal -0.187367 -0.452422 -0.871899
    outer loop
      vertex 5.87116 28.164 6.5
      vertex 6.05 28.0845 6.50282
      vertex 5.75766 27.9412 6.64
    endloop
  endfacet
  facet normal -0.187451 -0.45244 -0.871871
    outer loop
      vertex 5.75766 27.9412 6.64
      vertex 6.05 28.0689 6.51088
      vertex 5.97875 27.8496 6.64
    endloop
  endfacet
  facet normal -0.18845 -0.450796 -0.872508
    outer loop
      vertex 6.05 28.0689 6.51088
      vertex 5.75766 27.9412 6.64
      vertex 6.05 28.0845 6.50282
    endloop
  endfacet
  facet normal -0.166037 0.400754 0.901015
    outer loop
      vertex 5.75766 30.6588 6.86
      vertex 6.05 30.5311 6.97067
      vertex 5.97875 30.7504 6.86
    endloop
  endfacet
  facet normal -0.166564 0.399822 0.901332
    outer loop
      vertex 6.05 30.5311 6.97067
      vertex 5.75766 30.6588 6.86
      vertex 6.05 30.5155 6.97759
    endloop
  endfacet
  facet normal 0.923883 0.382674 0
    outer loop
      vertex 7.90036 29.7712 6.86
      vertex 7.80878 29.9923 6.64
      vertex 7.80878 29.9923 6.86
    endloop
  endfacet
  facet normal 0.923883 0.382674 0
    outer loop
      vertex 7.80878 29.9923 6.64
      vertex 7.90036 29.7712 6.86
      vertex 7.90036 29.7712 6.64
    endloop
  endfacet
  facet normal -0.369899 0.226597 0.901015
    outer loop
      vertex 5.21625 30.1964 6.86
      vertex 5.09122 29.9923 6.86
      vertex 5.4185 30.0494 6.98
    endloop
  endfacet
  facet normal -0.369902 0.226647 0.901001
    outer loop
      vertex 5.4185 30.0494 6.98
      vertex 5.09122 29.9923 6.86
      vertex 5.31397 29.8788 6.98
    endloop
  endfacet
  facet normal 0.114291 0.47621 -0.871872
    outer loop
      vertex 6.92125 30.7504 6.64
      vertex 6.85 30.5311 6.51088
      vertex 6.85 30.7675 6.64
    endloop
  endfacet
  facet normal -0.417596 -0.255869 -0.871862
    outer loop
      vertex 5.4185 28.5506 6.5
      vertex 5.09122 28.6077 6.64
      vertex 5.31397 28.7212 6.5
    endloop
  endfacet
  facet normal 0.166043 0.400751 0.901015
    outer loop
      vertex 6.85 30.5311 6.97067
      vertex 7.14233 30.6588 6.86
      vertex 6.92125 30.7504 6.86
    endloop
  endfacet
  facet normal 0.166569 0.399821 0.901331
    outer loop
      vertex 7.14233 30.6588 6.86
      vertex 6.85 30.5311 6.97067
      vertex 6.85 30.5155 6.97759
    endloop
  endfacet
  facet normal -0.369902 -0.226647 0.901001
    outer loop
      vertex 5.31397 28.7212 6.98
      vertex 5.09122 28.6077 6.86
      vertex 5.4185 28.5506 6.98
    endloop
  endfacet
  facet normal -0.432485 -0.0340351 0.900999
    outer loop
      vertex 5.175 29.3 6.98
      vertex 4.94378 29.0614 6.86
      vertex 5.1907 29.1005 6.98
    endloop
  endfacet
  facet normal 0.226597 -0.369879 0.901023
    outer loop
      vertex 7.19943 28.2685 6.98
      vertex 7.14233 27.9412 6.86
      vertex 7.34637 28.0662 6.86
    endloop
  endfacet
  facet normal -0.421835 -0.101284 0.900998
    outer loop
      vertex 5.1907 29.1005 6.98
      vertex 4.94378 29.0614 6.86
      vertex 5.2374 28.906 6.98
    endloop
  endfacet
  facet normal -0.417594 -0.255815 -0.87188
    outer loop
      vertex 5.21625 28.4036 6.64
      vertex 5.09122 28.6077 6.64
      vertex 5.4185 28.5506 6.5
    endloop
  endfacet
  facet normal -0.329987 -0.281725 0.900966
    outer loop
      vertex 5.4185 28.5506 6.98
      vertex 5.37166 28.2217 6.86
      vertex 5.54844 28.3984 6.98
    endloop
  endfacet
  facet normal 0.476234 0.11437 -0.871849
    outer loop
      vertex 7.95622 29.5386 6.64
      vertex 7.6626 29.694 6.5
      vertex 7.90036 29.7712 6.64
    endloop
  endfacet
  facet normal -0.255792 0.417565 -0.8719
    outer loop
      vertex 5.87116 30.436 6.5
      vertex 5.70057 30.3315 6.5
      vertex 5.75766 30.6588 6.64
    endloop
  endfacet
  facet normal -0.421835 0.101284 0.900998
    outer loop
      vertex 5.2374 29.694 6.98
      vertex 4.94378 29.5386 6.86
      vertex 5.1907 29.4995 6.98
    endloop
  endfacet
  facet normal -0.760297 -0.649575 0
    outer loop
      vertex 5.37166 28.2217 6.64
      vertex 5.21625 28.4036 6.86
      vertex 5.21625 28.4036 6.64
    endloop
  endfacet
  facet normal -0.760297 -0.649575 0
    outer loop
      vertex 5.21625 28.4036 6.86
      vertex 5.37166 28.2217 6.64
      vertex 5.37166 28.2217 6.86
    endloop
  endfacet
  facet normal -0.400756 -0.166069 0.901008
    outer loop
      vertex 5.2374 28.906 6.98
      vertex 4.99964 28.8287 6.86
      vertex 5.09122 28.6077 6.86
    endloop
  endfacet
  facet normal -0.421825 -0.10126 0.901005
    outer loop
      vertex 5.2374 28.906 6.98
      vertex 4.94378 29.0614 6.86
      vertex 4.99964 28.8287 6.86
    endloop
  endfacet
  facet normal -0.476224 -0.114343 -0.871858
    outer loop
      vertex 5.2374 28.906 6.5
      vertex 4.94378 29.0614 6.64
      vertex 5.1907 29.1005 6.5
    endloop
  endfacet
  facet normal 0.318142 0.372298 -0.871883
    outer loop
      vertex 7.52834 30.3783 6.64
      vertex 7.19943 30.3315 6.5
      vertex 7.34637 30.5338 6.64
    endloop
  endfacet
  facet normal -0.649648 0.760235 0
    outer loop
      vertex 5.55363 30.5338 6.64
      vertex 5.37166 30.3783 6.86
      vertex 5.55363 30.5338 6.86
    endloop
  endfacet
  facet normal -0.649648 0.760235 0
    outer loop
      vertex 5.37166 30.3783 6.86
      vertex 5.55363 30.5338 6.64
      vertex 5.37166 30.3783 6.64
    endloop
  endfacet
  facet normal -0.923822 -0.382822 0
    outer loop
      vertex 5.09122 28.6077 6.64
      vertex 4.99964 28.8287 6.86
      vertex 4.99964 28.8287 6.64
    endloop
  endfacet
  facet normal -0.923822 -0.382822 0
    outer loop
      vertex 4.99964 28.8287 6.86
      vertex 5.09122 28.6077 6.64
      vertex 5.09122 28.6077 6.86
    endloop
  endfacet
  facet normal 0.318081 0.372515 -0.871813
    outer loop
      vertex 7.35156 30.2016 6.5
      vertex 7.19943 30.3315 6.5
      vertex 7.52834 30.3783 6.64
    endloop
  endfacet
  facet normal -0.114291 -0.47621 -0.871872
    outer loop
      vertex 6.05 27.8325 6.64
      vertex 5.97875 27.8496 6.64
      vertex 6.05 28.0689 6.51088
    endloop
  endfacet
  facet normal -0.85272 0.522369 0
    outer loop
      vertex 5.09122 29.9923 6.64
      vertex 5.21625 30.1964 6.86
      vertex 5.21625 30.1964 6.64
    endloop
  endfacet
  facet normal -0.85272 0.522369 0
    outer loop
      vertex 5.21625 30.1964 6.86
      vertex 5.09122 29.9923 6.64
      vertex 5.09122 29.9923 6.86
    endloop
  endfacet
  facet normal -0.452508 0.187429 -0.871841
    outer loop
      vertex 5.2374 29.694 6.5
      vertex 4.99964 29.7712 6.64
      vertex 5.09122 29.9923 6.64
    endloop
  endfacet
  facet normal 0.22658 0.369878 0.901028
    outer loop
      vertex 7.14233 30.6588 6.86
      vertex 7.02884 30.436 6.98
      vertex 7.19943 30.3315 6.98
    endloop
  endfacet
  facet normal 0.37253 -0.318046 -0.871819
    outer loop
      vertex 7.52834 28.2217 6.64
      vertex 7.35156 28.3984 6.5
      vertex 7.4815 28.5506 6.5
    endloop
  endfacet
  facet normal 0.318081 -0.372515 -0.871813
    outer loop
      vertex 7.52834 28.2217 6.64
      vertex 7.19943 28.2685 6.5
      vertex 7.35156 28.3984 6.5
    endloop
  endfacet
  facet normal 0.421835 -0.101284 0.900998
    outer loop
      vertex 7.7093 29.1005 6.98
      vertex 7.6626 28.906 6.98
      vertex 7.95622 29.0614 6.86
    endloop
  endfacet
  facet normal 0.255796 -0.417572 -0.871896
    outer loop
      vertex 7.14233 27.9412 6.64
      vertex 7.02884 28.164 6.5
      vertex 7.19943 28.2685 6.5
    endloop
  endfacet
  facet normal 0.43248 -0.0340401 0.901001
    outer loop
      vertex 7.975 29.3 6.86
      vertex 7.725 29.3 6.98
      vertex 7.95622 29.0614 6.86
    endloop
  endfacet
  facet normal 0.281756 -0.329974 0.900961
    outer loop
      vertex 7.35156 28.3984 6.98
      vertex 7.19943 28.2685 6.98
      vertex 7.52834 28.2217 6.86
    endloop
  endfacet
  facet normal 0.3298 -0.281771 0.90102
    outer loop
      vertex 7.68375 28.4036 6.86
      vertex 7.4815 28.5506 6.98
      vertex 7.52834 28.2217 6.86
    endloop
  endfacet
  facet normal 0.421825 -0.10126 0.901005
    outer loop
      vertex 7.95622 29.0614 6.86
      vertex 7.6626 28.906 6.98
      vertex 7.90036 28.8287 6.86
    endloop
  endfacet
  facet normal -0.522408 -0.852696 0
    outer loop
      vertex 5.55363 28.0662 6.64
      vertex 5.75766 27.9412 6.86
      vertex 5.55363 28.0662 6.86
    endloop
  endfacet
  facet normal -0.522408 -0.852696 -0
    outer loop
      vertex 5.75766 27.9412 6.86
      vertex 5.55363 28.0662 6.64
      vertex 5.75766 27.9412 6.64
    endloop
  endfacet
  facet normal 0.760297 0.649575 0
    outer loop
      vertex 7.68375 30.1964 6.86
      vertex 7.52834 30.3783 6.64
      vertex 7.52834 30.3783 6.86
    endloop
  endfacet
  facet normal 0.760297 0.649575 0
    outer loop
      vertex 7.52834 30.3783 6.64
      vertex 7.68375 30.1964 6.86
      vertex 7.68375 30.1964 6.64
    endloop
  endfacet
  facet normal -0.233373 -0.972387 0
    outer loop
      vertex 5.97875 27.8496 6.64
      vertex 6.05 27.8325 6.86
      vertex 5.97875 27.8496 6.86
    endloop
  endfacet
  facet normal -0.233373 -0.972387 -0
    outer loop
      vertex 6.05 27.8325 6.86
      vertex 5.97875 27.8496 6.64
      vertex 6.05 27.8325 6.64
    endloop
  endfacet
  facet normal 0.329987 0.281725 0.900966
    outer loop
      vertex 7.52834 30.3783 6.86
      vertex 7.35156 30.2016 6.98
      vertex 7.4815 30.0494 6.98
    endloop
  endfacet
  facet normal -0.114291 0.47621 -0.871872
    outer loop
      vertex 6.05 30.5311 6.51088
      vertex 5.97875 30.7504 6.64
      vertex 6.05 30.7675 6.64
    endloop
  endfacet
  facet normal -0.522408 0.852696 0
    outer loop
      vertex 5.75766 30.6588 6.64
      vertex 5.55363 30.5338 6.86
      vertex 5.75766 30.6588 6.86
    endloop
  endfacet
  facet normal -0.522408 0.852696 0
    outer loop
      vertex 5.55363 30.5338 6.86
      vertex 5.75766 30.6588 6.64
      vertex 5.55363 30.5338 6.64
    endloop
  endfacet
  facet normal -0.38276 0.923848 0
    outer loop
      vertex 5.97875 30.7504 6.64
      vertex 5.75766 30.6588 6.86
      vertex 5.97875 30.7504 6.86
    endloop
  endfacet
  facet normal -0.38276 0.923848 0
    outer loop
      vertex 5.75766 30.6588 6.86
      vertex 5.97875 30.7504 6.64
      vertex 5.75766 30.6588 6.64
    endloop
  endfacet
  facet normal -0.923883 0.382674 0
    outer loop
      vertex 4.99964 29.7712 6.64
      vertex 5.09122 29.9923 6.86
      vertex 5.09122 29.9923 6.64
    endloop
  endfacet
  facet normal -0.923883 0.382674 0
    outer loop
      vertex 5.09122 29.9923 6.86
      vertex 4.99964 29.7712 6.64
      vertex 4.99964 29.7712 6.86
    endloop
  endfacet
  facet normal -0.318142 0.372298 -0.871883
    outer loop
      vertex 5.70057 30.3315 6.5
      vertex 5.37166 30.3783 6.64
      vertex 5.55363 30.5338 6.64
    endloop
  endfacet
  facet normal 0.45245 -0.187468 -0.871863
    outer loop
      vertex 7.80878 28.6077 6.64
      vertex 7.58603 28.7212 6.5
      vertex 7.6626 28.906 6.5
    endloop
  endfacet
  facet normal 0.417596 -0.255869 -0.871862
    outer loop
      vertex 7.80878 28.6077 6.64
      vertex 7.4815 28.5506 6.5
      vertex 7.58603 28.7212 6.5
    endloop
  endfacet
  facet normal 0.432485 0.0340351 0.900999
    outer loop
      vertex 7.95622 29.5386 6.86
      vertex 7.7093 29.4995 6.98
      vertex 7.725 29.3 6.98
    endloop
  endfacet
  facet normal -0.329987 0.281725 0.900966
    outer loop
      vertex 5.54844 30.2016 6.98
      vertex 5.37166 30.3783 6.86
      vertex 5.4185 30.0494 6.98
    endloop
  endfacet
  facet normal 0.488247 -0.0384234 -0.871859
    outer loop
      vertex 7.95622 29.0614 6.64
      vertex 7.7093 29.1005 6.5
      vertex 7.725 29.3 6.5
    endloop
  endfacet
  facet normal 0.382775 0.923842 -0
    outer loop
      vertex 7.14233 30.6588 6.64
      vertex 6.92125 30.7504 6.86
      vertex 7.14233 30.6588 6.86
    endloop
  endfacet
  facet normal 0.382775 0.923842 0
    outer loop
      vertex 6.92125 30.7504 6.86
      vertex 7.14233 30.6588 6.64
      vertex 6.92125 30.7504 6.64
    endloop
  endfacet
  facet normal 0.22658 -0.369878 0.901028
    outer loop
      vertex 7.19943 28.2685 6.98
      vertex 7.02884 28.164 6.98
      vertex 7.14233 27.9412 6.86
    endloop
  endfacet
  facet normal 0.3298 0.281771 0.90102
    outer loop
      vertex 7.52834 30.3783 6.86
      vertex 7.4815 30.0494 6.98
      vertex 7.68375 30.1964 6.86
    endloop
  endfacet
  facet normal 0.369899 0.226597 0.901015
    outer loop
      vertex 7.68375 30.1964 6.86
      vertex 7.4815 30.0494 6.98
      vertex 7.80878 29.9923 6.86
    endloop
  endfacet
  facet normal 0.400829 0.166024 0.900984
    outer loop
      vertex 7.80878 29.9923 6.86
      vertex 7.6626 29.694 6.98
      vertex 7.90036 29.7712 6.86
    endloop
  endfacet
  facet normal 0.372325 0.318104 -0.871885
    outer loop
      vertex 7.68375 30.1964 6.64
      vertex 7.4815 30.0494 6.5
      vertex 7.52834 30.3783 6.64
    endloop
  endfacet
  facet normal 0.37253 0.318046 -0.871819
    outer loop
      vertex 7.4815 30.0494 6.5
      vertex 7.35156 30.2016 6.5
      vertex 7.52834 30.3783 6.64
    endloop
  endfacet
  facet normal 0.421835 0.101284 0.900998
    outer loop
      vertex 7.95622 29.5386 6.86
      vertex 7.6626 29.694 6.98
      vertex 7.7093 29.4995 6.98
    endloop
  endfacet
  facet normal 0.369902 0.226647 0.901001
    outer loop
      vertex 7.80878 29.9923 6.86
      vertex 7.4815 30.0494 6.98
      vertex 7.58603 29.8788 6.98
    endloop
  endfacet
  facet normal -0.400775 -0.166057 0.901002
    outer loop
      vertex 5.2374 28.906 6.98
      vertex 5.09122 28.6077 6.86
      vertex 5.31397 28.7212 6.98
    endloop
  endfacet
  facet normal 0.476224 0.114343 -0.871858
    outer loop
      vertex 7.7093 29.4995 6.5
      vertex 7.6626 29.694 6.5
      vertex 7.95622 29.5386 6.64
    endloop
  endfacet
  facet normal 0.972353 0.233515 0
    outer loop
      vertex 7.95622 29.5386 6.86
      vertex 7.90036 29.7712 6.64
      vertex 7.90036 29.7712 6.86
    endloop
  endfacet
  facet normal 0.972353 0.233515 0
    outer loop
      vertex 7.90036 29.7712 6.64
      vertex 7.95622 29.5386 6.86
      vertex 7.95622 29.5386 6.64
    endloop
  endfacet
  facet normal 0.452508 0.187429 -0.871841
    outer loop
      vertex 7.90036 29.7712 6.64
      vertex 7.6626 29.694 6.5
      vertex 7.80878 29.9923 6.64
    endloop
  endfacet
  facet normal 0.281806 0.329776 0.901018
    outer loop
      vertex 7.34637 30.5338 6.86
      vertex 7.19943 30.3315 6.98
      vertex 7.52834 30.3783 6.86
    endloop
  endfacet
  facet normal 0.281756 0.329974 0.900961
    outer loop
      vertex 7.52834 30.3783 6.86
      vertex 7.19943 30.3315 6.98
      vertex 7.35156 30.2016 6.98
    endloop
  endfacet
  facet normal 0.43248 0.0340401 0.901001
    outer loop
      vertex 7.95622 29.5386 6.86
      vertex 7.725 29.3 6.98
      vertex 7.975 29.3 6.86
    endloop
  endfacet
  facet normal 0.400775 -0.166057 0.901002
    outer loop
      vertex 7.6626 28.906 6.98
      vertex 7.58603 28.7212 6.98
      vertex 7.80878 28.6077 6.86
    endloop
  endfacet
  facet normal 0.255816 0.417573 -0.871889
    outer loop
      vertex 7.19943 30.3315 6.5
      vertex 7.14233 30.6588 6.64
      vertex 7.34637 30.5338 6.64
    endloop
  endfacet
  facet normal 0.255796 0.417572 -0.871896
    outer loop
      vertex 7.19943 30.3315 6.5
      vertex 7.02884 30.436 6.5
      vertex 7.14233 30.6588 6.64
    endloop
  endfacet
  facet normal 0.972376 -0.23342 0
    outer loop
      vertex 7.90036 28.8287 6.86
      vertex 7.95622 29.0614 6.64
      vertex 7.95622 29.0614 6.86
    endloop
  endfacet
  facet normal 0.972376 -0.23342 0
    outer loop
      vertex 7.95622 29.0614 6.64
      vertex 7.90036 28.8287 6.86
      vertex 7.90036 28.8287 6.64
    endloop
  endfacet
  facet normal 0.18737 -0.452427 -0.871896
    outer loop
      vertex 6.85 28.0845 6.50282
      vertex 7.02884 28.164 6.5
      vertex 7.14233 27.9412 6.64
    endloop
  endfacet
  facet normal 0.188364 -0.454616 -0.870542
    outer loop
      vertex 7.02884 28.164 6.5
      vertex 6.85 28.0845 6.50282
      vertex 6.85 28.0899 6.5
    endloop
  endfacet
  facet normal 0.52239 -0.852707 0
    outer loop
      vertex 7.14233 27.9412 6.64
      vertex 7.34637 28.0662 6.86
      vertex 7.14233 27.9412 6.86
    endloop
  endfacet
  facet normal 0.52239 -0.852707 0
    outer loop
      vertex 7.34637 28.0662 6.86
      vertex 7.14233 27.9412 6.64
      vertex 7.34637 28.0662 6.64
    endloop
  endfacet
  facet normal 0.255816 -0.417573 -0.871889
    outer loop
      vertex 7.34637 28.0662 6.64
      vertex 7.14233 27.9412 6.64
      vertex 7.19943 28.2685 6.5
    endloop
  endfacet
  facet normal 0.166569 -0.399821 0.901331
    outer loop
      vertex 6.85 28.0689 6.97067
      vertex 7.14233 27.9412 6.86
      vertex 6.85 28.0845 6.97759
    endloop
  endfacet
  facet normal 0.166043 -0.400751 0.901015
    outer loop
      vertex 7.14233 27.9412 6.86
      vertex 6.85 28.0689 6.97067
      vertex 6.92125 27.8496 6.86
    endloop
  endfacet
  facet normal 0.233373 -0.972387 0
    outer loop
      vertex 6.85 27.8325 6.64
      vertex 6.92125 27.8496 6.86
      vertex 6.85 27.8325 6.86
    endloop
  endfacet
  facet normal 0.233373 -0.972387 0
    outer loop
      vertex 6.92125 27.8496 6.86
      vertex 6.85 27.8325 6.64
      vertex 6.92125 27.8496 6.64
    endloop
  endfacet
  facet normal -0.255824 -0.417567 -0.87189
    outer loop
      vertex 5.75766 27.9412 6.64
      vertex 5.55363 28.0662 6.64
      vertex 5.70057 28.2685 6.5
    endloop
  endfacet
  facet normal -0.255792 -0.417565 -0.8719
    outer loop
      vertex 5.75766 27.9412 6.64
      vertex 5.70057 28.2685 6.5
      vertex 5.87116 28.164 6.5
    endloop
  endfacet
  facet normal -0.101234 -0.421808 0.901016
    outer loop
      vertex 6.05 28.0689 6.97067
      vertex 5.97875 27.8496 6.86
      vertex 6.05 27.8325 6.86
    endloop
  endfacet
  facet normal 0.400775 0.166057 0.901002
    outer loop
      vertex 7.80878 29.9923 6.86
      vertex 7.58603 29.8788 6.98
      vertex 7.6626 29.694 6.98
    endloop
  endfacet
  facet normal -0.38276 -0.923848 0
    outer loop
      vertex 5.75766 27.9412 6.64
      vertex 5.97875 27.8496 6.86
      vertex 5.75766 27.9412 6.86
    endloop
  endfacet
  facet normal -0.38276 -0.923848 -0
    outer loop
      vertex 5.97875 27.8496 6.86
      vertex 5.75766 27.9412 6.64
      vertex 5.97875 27.8496 6.64
    endloop
  endfacet
  facet normal -0.37253 0.318046 -0.871819
    outer loop
      vertex 5.4185 30.0494 6.5
      vertex 5.37166 30.3783 6.64
      vertex 5.54844 30.2016 6.5
    endloop
  endfacet
  facet normal -0.760297 0.649575 0
    outer loop
      vertex 5.21625 30.1964 6.64
      vertex 5.37166 30.3783 6.86
      vertex 5.37166 30.3783 6.64
    endloop
  endfacet
  facet normal -0.760297 0.649575 0
    outer loop
      vertex 5.37166 30.3783 6.86
      vertex 5.21625 30.1964 6.64
      vertex 5.21625 30.1964 6.86
    endloop
  endfacet
  facet normal -0.417594 0.255815 -0.87188
    outer loop
      vertex 5.4185 30.0494 6.5
      vertex 5.09122 29.9923 6.64
      vertex 5.21625 30.1964 6.64
    endloop
  endfacet
  facet normal 0.45245 0.187468 -0.871863
    outer loop
      vertex 7.6626 29.694 6.5
      vertex 7.58603 29.8788 6.5
      vertex 7.80878 29.9923 6.64
    endloop
  endfacet
  facet normal 0.85272 0.522369 0
    outer loop
      vertex 7.80878 29.9923 6.86
      vertex 7.68375 30.1964 6.64
      vertex 7.68375 30.1964 6.86
    endloop
  endfacet
  facet normal 0.85272 0.522369 0
    outer loop
      vertex 7.68375 30.1964 6.64
      vertex 7.80878 29.9923 6.86
      vertex 7.80878 29.9923 6.64
    endloop
  endfacet
  facet normal 0.417594 0.255815 -0.87188
    outer loop
      vertex 7.80878 29.9923 6.64
      vertex 7.4815 30.0494 6.5
      vertex 7.68375 30.1964 6.64
    endloop
  endfacet
  facet normal 0.369899 -0.226597 0.901015
    outer loop
      vertex 7.80878 28.6077 6.86
      vertex 7.4815 28.5506 6.98
      vertex 7.68375 28.4036 6.86
    endloop
  endfacet
  facet normal 0.417594 -0.255815 -0.87188
    outer loop
      vertex 7.68375 28.4036 6.64
      vertex 7.4815 28.5506 6.5
      vertex 7.80878 28.6077 6.64
    endloop
  endfacet
  facet normal 0.476214 -0.114316 -0.871867
    outer loop
      vertex 7.90036 28.8287 6.64
      vertex 7.6626 28.906 6.5
      vertex 7.95622 29.0614 6.64
    endloop
  endfacet
  facet normal 0.432485 -0.0340351 0.900999
    outer loop
      vertex 7.725 29.3 6.98
      vertex 7.7093 29.1005 6.98
      vertex 7.95622 29.0614 6.86
    endloop
  endfacet
  facet normal -0.45245 0.187468 -0.871863
    outer loop
      vertex 5.2374 29.694 6.5
      vertex 5.09122 29.9923 6.64
      vertex 5.31397 29.8788 6.5
    endloop
  endfacet
  facet normal 0.382775 -0.923842 0
    outer loop
      vertex 6.92125 27.8496 6.64
      vertex 7.14233 27.9412 6.86
      vertex 6.92125 27.8496 6.86
    endloop
  endfacet
  facet normal 0.382775 -0.923842 0
    outer loop
      vertex 7.14233 27.9412 6.86
      vertex 6.92125 27.8496 6.64
      vertex 7.14233 27.9412 6.64
    endloop
  endfacet
  facet normal -0.476234 0.11437 -0.871849
    outer loop
      vertex 5.2374 29.694 6.5
      vertex 4.94378 29.5386 6.64
      vertex 4.99964 29.7712 6.64
    endloop
  endfacet
  facet normal -0.972353 0.233515 0
    outer loop
      vertex 4.94378 29.5386 6.64
      vertex 4.99964 29.7712 6.86
      vertex 4.99964 29.7712 6.64
    endloop
  endfacet
  facet normal -0.972353 0.233515 0
    outer loop
      vertex 4.99964 29.7712 6.86
      vertex 4.94378 29.5386 6.64
      vertex 4.94378 29.5386 6.86
    endloop
  endfacet
  facet normal 0.649648 -0.760235 0
    outer loop
      vertex 7.34637 28.0662 6.64
      vertex 7.52834 28.2217 6.86
      vertex 7.34637 28.0662 6.86
    endloop
  endfacet
  facet normal 0.649648 -0.760235 0
    outer loop
      vertex 7.52834 28.2217 6.86
      vertex 7.34637 28.0662 6.64
      vertex 7.52834 28.2217 6.64
    endloop
  endfacet
  facet normal 0.760297 -0.649575 0
    outer loop
      vertex 7.52834 28.2217 6.86
      vertex 7.68375 28.4036 6.64
      vertex 7.68375 28.4036 6.86
    endloop
  endfacet
  facet normal 0.760297 -0.649575 0
    outer loop
      vertex 7.68375 28.4036 6.64
      vertex 7.52834 28.2217 6.86
      vertex 7.52834 28.2217 6.64
    endloop
  endfacet
  facet normal 0.400756 -0.166069 0.901008
    outer loop
      vertex 7.90036 28.8287 6.86
      vertex 7.6626 28.906 6.98
      vertex 7.80878 28.6077 6.86
    endloop
  endfacet
  facet normal 0.488242 0.0384291 -0.871862
    outer loop
      vertex 7.975 29.3 6.64
      vertex 7.725 29.3 6.5
      vertex 7.95622 29.5386 6.64
    endloop
  endfacet
  facet normal 0.996917 0.0784665 0
    outer loop
      vertex 7.975 29.3 6.86
      vertex 7.95622 29.5386 6.64
      vertex 7.95622 29.5386 6.86
    endloop
  endfacet
  facet normal 0.996917 0.0784665 0
    outer loop
      vertex 7.95622 29.5386 6.64
      vertex 7.975 29.3 6.86
      vertex 7.975 29.3 6.64
    endloop
  endfacet
  facet normal 0.923822 -0.382822 0
    outer loop
      vertex 7.80878 28.6077 6.86
      vertex 7.90036 28.8287 6.64
      vertex 7.90036 28.8287 6.86
    endloop
  endfacet
  facet normal 0.923822 -0.382822 0
    outer loop
      vertex 7.90036 28.8287 6.64
      vertex 7.80878 28.6077 6.86
      vertex 7.80878 28.6077 6.64
    endloop
  endfacet
  facet normal 0.996917 -0.0784665 0
    outer loop
      vertex 7.95622 29.0614 6.86
      vertex 7.975 29.3 6.64
      vertex 7.975 29.3 6.86
    endloop
  endfacet
  facet normal 0.996917 -0.0784665 0
    outer loop
      vertex 7.975 29.3 6.64
      vertex 7.95622 29.0614 6.86
      vertex 7.95622 29.0614 6.64
    endloop
  endfacet
  facet normal 0.488242 -0.0384291 -0.871862
    outer loop
      vertex 7.95622 29.0614 6.64
      vertex 7.725 29.3 6.5
      vertex 7.975 29.3 6.64
    endloop
  endfacet
  facet normal 0.382748 -0.923853 0
    outer loop
      vertex 7.43885 26.2566 2.2
      vertex 7.90277 26.4488 5.4
      vertex 7.43885 26.2566 5.4
    endloop
  endfacet
  facet normal 0.382748 -0.923853 0
    outer loop
      vertex 7.90277 26.4488 5.4
      vertex 7.43885 26.2566 2.2
      vertex 7.90277 26.4488 2.2
    endloop
  endfacet
  facet normal 0.972375 0.233426 0
    outer loop
      vertex 9.6106 29.8006 5.4
      vertex 9.49338 30.2889 2.2
      vertex 9.49338 30.2889 5.4
    endloop
  endfacet
  facet normal 0.972375 0.233426 0
    outer loop
      vertex 9.49338 30.2889 2.2
      vertex 9.6106 29.8006 5.4
      vertex 9.6106 29.8006 2.2
    endloop
  endfacet
  facet normal 0.996917 0.0784629 0
    outer loop
      vertex 9.65 29.3 5.4
      vertex 9.6106 29.8006 2.2
      vertex 9.6106 29.8006 5.4
    endloop
  endfacet
  facet normal 0.996917 0.0784629 0
    outer loop
      vertex 9.6106 29.8006 2.2
      vertex 9.65 29.3 5.4
      vertex 9.65 29.3 2.2
    endloop
  endfacet
  facet normal 0.852614 -0.522542 0
    outer loop
      vertex 9.03885 27.4191 5.4
      vertex 9.30122 27.8472 2.2
      vertex 9.30122 27.8472 5.4
    endloop
  endfacet
  facet normal 0.852614 -0.522542 0
    outer loop
      vertex 9.30122 27.8472 2.2
      vertex 9.03885 27.4191 5.4
      vertex 9.03885 27.4191 2.2
    endloop
  endfacet
  facet normal 0.996917 -0.0784629 0
    outer loop
      vertex 9.6106 28.7994 5.4
      vertex 9.65 29.3 2.2
      vertex 9.65 29.3 5.4
    endloop
  endfacet
  facet normal 0.996917 -0.0784629 0
    outer loop
      vertex 9.65 29.3 2.2
      vertex 9.6106 28.7994 5.4
      vertex 9.6106 28.7994 2.2
    endloop
  endfacet
  facet normal 0.0782955 0.99693 0
    outer loop
      vertex 6.95059 32.4606 5.4
      vertex 6.85 32.4685 5.25
      vertex 6.85 32.4685 5.4
    endloop
  endfacet
  facet normal 0.0782955 0.99693 -0
    outer loop
      vertex 6.95059 32.4606 2.2
      vertex 6.85 32.4685 5.25
      vertex 6.95059 32.4606 5.4
    endloop
  endfacet
  facet normal 0.0784645 0.996917 5.60554e-06
    outer loop
      vertex 6.45 32.5 2.2
      vertex 6.85 32.4685 5.25
      vertex 6.95059 32.4606 2.2
    endloop
  endfacet
  facet normal 0.0785069 0.996914 0
    outer loop
      vertex 6.85 32.4685 5.25
      vertex 6.45 32.5 2.2
      vertex 6.45 32.5 5.25
    endloop
  endfacet
  facet normal 0.972375 -0.233426 0
    outer loop
      vertex 9.49338 28.3111 5.4
      vertex 9.6106 28.7994 2.2
      vertex 9.6106 28.7994 5.4
    endloop
  endfacet
  facet normal 0.972375 -0.233426 0
    outer loop
      vertex 9.6106 28.7994 2.2
      vertex 9.49338 28.3111 5.4
      vertex 9.49338 28.3111 2.2
    endloop
  endfacet
  facet normal -0.233406 -0.972379 0
    outer loop
      vertex 5.46115 26.2566 2.2
      vertex 5.94941 26.1394 5.4
      vertex 5.46115 26.2566 5.4
    endloop
  endfacet
  facet normal -0.233406 -0.972379 -0
    outer loop
      vertex 5.94941 26.1394 5.4
      vertex 5.46115 26.2566 2.2
      vertex 5.94941 26.1394 2.2
    endloop
  endfacet
  facet normal -0.382748 0.923853 0
    outer loop
      vertex 5.46115 32.3434 2.2
      vertex 4.99723 32.1512 5.4
      vertex 5.46115 32.3434 5.4
    endloop
  endfacet
  facet normal -0.382748 0.923853 0
    outer loop
      vertex 4.99723 32.1512 5.4
      vertex 5.46115 32.3434 2.2
      vertex 4.99723 32.1512 2.2
    endloop
  endfacet
  facet normal -0.382748 -0.923853 0
    outer loop
      vertex 4.99723 26.4488 2.2
      vertex 5.46115 26.2566 5.4
      vertex 4.99723 26.4488 5.4
    endloop
  endfacet
  facet normal -0.382748 -0.923853 -0
    outer loop
      vertex 5.46115 26.2566 5.4
      vertex 4.99723 26.4488 2.2
      vertex 5.46115 26.2566 2.2
    endloop
  endfacet
  facet normal -0.233406 0.972379 0
    outer loop
      vertex 5.94941 32.4606 2.2
      vertex 5.46115 32.3434 5.4
      vertex 5.94941 32.4606 5.4
    endloop
  endfacet
  facet normal -0.233406 0.972379 0
    outer loop
      vertex 5.46115 32.3434 5.4
      vertex 5.94941 32.4606 2.2
      vertex 5.46115 32.3434 2.2
    endloop
  endfacet
  facet normal -0.760384 0.649473 0
    outer loop
      vertex 3.86115 31.1809 2.2
      vertex 4.18726 31.5627 5.4
      vertex 4.18726 31.5627 2.2
    endloop
  endfacet
  facet normal -0.760384 0.649473 0
    outer loop
      vertex 4.18726 31.5627 5.4
      vertex 3.86115 31.1809 2.2
      vertex 3.86115 31.1809 5.4
    endloop
  endfacet
  facet normal 0.649547 -0.760321 0
    outer loop
      vertex 8.33091 26.7111 2.2
      vertex 8.71274 27.0373 5.4
      vertex 8.33091 26.7111 5.4
    endloop
  endfacet
  facet normal 0.649547 -0.760321 0
    outer loop
      vertex 8.71274 27.0373 5.4
      vertex 8.33091 26.7111 2.2
      vertex 8.71274 27.0373 2.2
    endloop
  endfacet
  facet normal -0.649547 -0.760321 0
    outer loop
      vertex 4.18726 27.0373 2.2
      vertex 4.56909 26.7111 5.4
      vertex 4.18726 27.0373 5.4
    endloop
  endfacet
  facet normal -0.649547 -0.760321 -0
    outer loop
      vertex 4.56909 26.7111 5.4
      vertex 4.18726 27.0373 2.2
      vertex 4.56909 26.7111 2.2
    endloop
  endfacet
  facet normal -0.972375 -0.233426 0
    outer loop
      vertex 3.40662 28.3111 2.2
      vertex 3.2894 28.7994 5.4
      vertex 3.2894 28.7994 2.2
    endloop
  endfacet
  facet normal -0.972375 -0.233426 0
    outer loop
      vertex 3.2894 28.7994 5.4
      vertex 3.40662 28.3111 2.2
      vertex 3.40662 28.3111 5.4
    endloop
  endfacet
  facet normal -0.972375 0.233426 0
    outer loop
      vertex 3.2894 29.8006 2.2
      vertex 3.40662 30.2889 5.4
      vertex 3.40662 30.2889 2.2
    endloop
  endfacet
  facet normal -0.972375 0.233426 0
    outer loop
      vertex 3.40662 30.2889 5.4
      vertex 3.2894 29.8006 2.2
      vertex 3.2894 29.8006 5.4
    endloop
  endfacet
  facet normal 0.923875 -0.382694 0
    outer loop
      vertex 9.30122 27.8472 5.4
      vertex 9.49338 28.3111 2.2
      vertex 9.49338 28.3111 5.4
    endloop
  endfacet
  facet normal 0.923875 -0.382694 0
    outer loop
      vertex 9.49338 28.3111 2.2
      vertex 9.30122 27.8472 5.4
      vertex 9.30122 27.8472 2.2
    endloop
  endfacet
  facet normal -0.649547 0.760321 0
    outer loop
      vertex 4.56909 31.8889 2.2
      vertex 4.18726 31.5627 5.4
      vertex 4.56909 31.8889 5.4
    endloop
  endfacet
  facet normal -0.649547 0.760321 0
    outer loop
      vertex 4.18726 31.5627 5.4
      vertex 4.56909 31.8889 2.2
      vertex 4.18726 31.5627 2.2
    endloop
  endfacet
  facet normal 0.522405 -0.852697 0
    outer loop
      vertex 7.90277 26.4488 2.2
      vertex 8.33091 26.7111 5.4
      vertex 7.90277 26.4488 5.4
    endloop
  endfacet
  facet normal 0.522405 -0.852697 0
    outer loop
      vertex 8.33091 26.7111 5.4
      vertex 7.90277 26.4488 2.2
      vertex 8.33091 26.7111 2.2
    endloop
  endfacet
  facet normal -0.0782955 -0.99693 0
    outer loop
      vertex 5.94941 26.1394 5.4
      vertex 6.05 26.1315 5.25
      vertex 6.05 26.1315 5.4
    endloop
  endfacet
  facet normal -0.0782955 -0.99693 0
    outer loop
      vertex 5.94941 26.1394 2.2
      vertex 6.05 26.1315 5.25
      vertex 5.94941 26.1394 5.4
    endloop
  endfacet
  facet normal -0.0784645 -0.996917 5.60554e-06
    outer loop
      vertex 6.45 26.1 2.2
      vertex 6.05 26.1315 5.25
      vertex 5.94941 26.1394 2.2
    endloop
  endfacet
  facet normal -0.0785069 -0.996914 0
    outer loop
      vertex 6.05 26.1315 5.25
      vertex 6.45 26.1 2.2
      vertex 6.45 26.1 5.25
    endloop
  endfacet
  facet normal 0.760384 0.649473 0
    outer loop
      vertex 9.03885 31.1809 5.4
      vertex 8.71274 31.5627 2.2
      vertex 8.71274 31.5627 5.4
    endloop
  endfacet
  facet normal 0.760384 0.649473 0
    outer loop
      vertex 8.71274 31.5627 2.2
      vertex 9.03885 31.1809 5.4
      vertex 9.03885 31.1809 2.2
    endloop
  endfacet
  facet normal 0.760384 -0.649473 0
    outer loop
      vertex 8.71274 27.0373 5.4
      vertex 9.03885 27.4191 2.2
      vertex 9.03885 27.4191 5.4
    endloop
  endfacet
  facet normal 0.760384 -0.649473 0
    outer loop
      vertex 9.03885 27.4191 2.2
      vertex 8.71274 27.0373 5.4
      vertex 8.71274 27.0373 2.2
    endloop
  endfacet
  facet normal -0.852614 -0.522542 0
    outer loop
      vertex 3.86115 27.4191 2.2
      vertex 3.59878 27.8472 5.4
      vertex 3.59878 27.8472 2.2
    endloop
  endfacet
  facet normal -0.852614 -0.522542 0
    outer loop
      vertex 3.59878 27.8472 5.4
      vertex 3.86115 27.4191 2.2
      vertex 3.86115 27.4191 5.4
    endloop
  endfacet
  facet normal 0.382748 0.923853 -0
    outer loop
      vertex 7.90277 32.1512 2.2
      vertex 7.43885 32.3434 5.4
      vertex 7.90277 32.1512 5.4
    endloop
  endfacet
  facet normal 0.382748 0.923853 0
    outer loop
      vertex 7.43885 32.3434 5.4
      vertex 7.90277 32.1512 2.2
      vertex 7.43885 32.3434 2.2
    endloop
  endfacet
  facet normal 0.649547 0.760321 -0
    outer loop
      vertex 8.71274 31.5627 2.2
      vertex 8.33091 31.8889 5.4
      vertex 8.71274 31.5627 5.4
    endloop
  endfacet
  facet normal 0.649547 0.760321 0
    outer loop
      vertex 8.33091 31.8889 5.4
      vertex 8.71274 31.5627 2.2
      vertex 8.33091 31.8889 2.2
    endloop
  endfacet
  facet normal 0.233406 -0.972379 0
    outer loop
      vertex 6.95059 26.1394 2.2
      vertex 7.43885 26.2566 5.4
      vertex 6.95059 26.1394 5.4
    endloop
  endfacet
  facet normal 0.233406 -0.972379 0
    outer loop
      vertex 7.43885 26.2566 5.4
      vertex 6.95059 26.1394 2.2
      vertex 7.43885 26.2566 2.2
    endloop
  endfacet
  facet normal 0.0785069 -0.996914 0
    outer loop
      vertex 6.45 26.1 5.25
      vertex 6.45 26.1 2.2
      vertex 6.85 26.1315 5.25
    endloop
  endfacet
  facet normal 0.0782955 -0.99693 0
    outer loop
      vertex 6.85 26.1315 5.25
      vertex 6.95059 26.1394 5.4
      vertex 6.85 26.1315 5.4
    endloop
  endfacet
  facet normal 0.0784645 -0.996917 5.60554e-06
    outer loop
      vertex 6.95059 26.1394 2.2
      vertex 6.85 26.1315 5.25
      vertex 6.45 26.1 2.2
    endloop
  endfacet
  facet normal 0.0782955 -0.99693 0
    outer loop
      vertex 6.85 26.1315 5.25
      vertex 6.95059 26.1394 2.2
      vertex 6.95059 26.1394 5.4
    endloop
  endfacet
  facet normal 0.522405 0.852697 -0
    outer loop
      vertex 8.33091 31.8889 2.2
      vertex 7.90277 32.1512 5.4
      vertex 8.33091 31.8889 5.4
    endloop
  endfacet
  facet normal 0.522405 0.852697 0
    outer loop
      vertex 7.90277 32.1512 5.4
      vertex 8.33091 31.8889 2.2
      vertex 7.90277 32.1512 2.2
    endloop
  endfacet
  facet normal -0.923875 0.382694 0
    outer loop
      vertex 3.40662 30.2889 2.2
      vertex 3.59878 30.7528 5.4
      vertex 3.59878 30.7528 2.2
    endloop
  endfacet
  facet normal -0.923875 0.382694 0
    outer loop
      vertex 3.59878 30.7528 5.4
      vertex 3.40662 30.2889 2.2
      vertex 3.40662 30.2889 5.4
    endloop
  endfacet
  facet normal -0.852614 0.522542 0
    outer loop
      vertex 3.59878 30.7528 2.2
      vertex 3.86115 31.1809 5.4
      vertex 3.86115 31.1809 2.2
    endloop
  endfacet
  facet normal -0.852614 0.522542 0
    outer loop
      vertex 3.86115 31.1809 5.4
      vertex 3.59878 30.7528 2.2
      vertex 3.59878 30.7528 5.4
    endloop
  endfacet
  facet normal -0.0785069 0.996914 0
    outer loop
      vertex 6.45 32.5 5.25
      vertex 6.45 32.5 2.2
      vertex 6.05 32.4685 5.25
    endloop
  endfacet
  facet normal -0.0782955 0.99693 0
    outer loop
      vertex 6.05 32.4685 5.25
      vertex 5.94941 32.4606 5.4
      vertex 6.05 32.4685 5.4
    endloop
  endfacet
  facet normal -0.0784645 0.996917 5.60554e-06
    outer loop
      vertex 5.94941 32.4606 2.2
      vertex 6.05 32.4685 5.25
      vertex 6.45 32.5 2.2
    endloop
  endfacet
  facet normal -0.0782955 0.99693 0
    outer loop
      vertex 6.05 32.4685 5.25
      vertex 5.94941 32.4606 2.2
      vertex 5.94941 32.4606 5.4
    endloop
  endfacet
  facet normal 0.852614 0.522542 0
    outer loop
      vertex 9.30122 30.7528 5.4
      vertex 9.03885 31.1809 2.2
      vertex 9.03885 31.1809 5.4
    endloop
  endfacet
  facet normal 0.852614 0.522542 0
    outer loop
      vertex 9.03885 31.1809 2.2
      vertex 9.30122 30.7528 5.4
      vertex 9.30122 30.7528 2.2
    endloop
  endfacet
  facet normal -0.760384 -0.649473 0
    outer loop
      vertex 4.18726 27.0373 2.2
      vertex 3.86115 27.4191 5.4
      vertex 3.86115 27.4191 2.2
    endloop
  endfacet
  facet normal -0.760384 -0.649473 0
    outer loop
      vertex 3.86115 27.4191 5.4
      vertex 4.18726 27.0373 2.2
      vertex 4.18726 27.0373 5.4
    endloop
  endfacet
  facet normal -0.996917 0.0784629 0
    outer loop
      vertex 3.25 29.3 2.2
      vertex 3.2894 29.8006 5.4
      vertex 3.2894 29.8006 2.2
    endloop
  endfacet
  facet normal -0.996917 0.0784629 0
    outer loop
      vertex 3.2894 29.8006 5.4
      vertex 3.25 29.3 2.2
      vertex 3.25 29.3 5.4
    endloop
  endfacet
  facet normal 0.233406 0.972379 -0
    outer loop
      vertex 7.43885 32.3434 2.2
      vertex 6.95059 32.4606 5.4
      vertex 7.43885 32.3434 5.4
    endloop
  endfacet
  facet normal 0.233406 0.972379 0
    outer loop
      vertex 6.95059 32.4606 5.4
      vertex 7.43885 32.3434 2.2
      vertex 6.95059 32.4606 2.2
    endloop
  endfacet
  facet normal -0.996917 -0.0784629 0
    outer loop
      vertex 3.2894 28.7994 2.2
      vertex 3.25 29.3 5.4
      vertex 3.25 29.3 2.2
    endloop
  endfacet
  facet normal -0.996917 -0.0784629 0
    outer loop
      vertex 3.25 29.3 5.4
      vertex 3.2894 28.7994 2.2
      vertex 3.2894 28.7994 5.4
    endloop
  endfacet
  facet normal 0.923875 0.382694 0
    outer loop
      vertex 9.49338 30.2889 5.4
      vertex 9.30122 30.7528 2.2
      vertex 9.30122 30.7528 5.4
    endloop
  endfacet
  facet normal 0.923875 0.382694 0
    outer loop
      vertex 9.30122 30.7528 2.2
      vertex 9.49338 30.2889 5.4
      vertex 9.49338 30.2889 2.2
    endloop
  endfacet
  facet normal -0.522405 0.852697 0
    outer loop
      vertex 4.99723 32.1512 2.2
      vertex 4.56909 31.8889 5.4
      vertex 4.99723 32.1512 5.4
    endloop
  endfacet
  facet normal -0.522405 0.852697 0
    outer loop
      vertex 4.56909 31.8889 5.4
      vertex 4.99723 32.1512 2.2
      vertex 4.56909 31.8889 2.2
    endloop
  endfacet
  facet normal -0.923875 -0.382694 0
    outer loop
      vertex 3.59878 27.8472 2.2
      vertex 3.40662 28.3111 5.4
      vertex 3.40662 28.3111 2.2
    endloop
  endfacet
  facet normal -0.923875 -0.382694 0
    outer loop
      vertex 3.40662 28.3111 5.4
      vertex 3.59878 27.8472 2.2
      vertex 3.59878 27.8472 5.4
    endloop
  endfacet
  facet normal 0 0 -1
    outer loop
      vertex 9.6106 28.7994 2.2
      vertex 9.6106 29.8006 2.2
      vertex 9.65 29.3 2.2
    endloop
  endfacet
  facet normal 0 0 -1
    outer loop
      vertex 9.49338 28.3111 2.2
      vertex 9.6106 29.8006 2.2
      vertex 9.6106 28.7994 2.2
    endloop
  endfacet
  facet normal 0 0 -1
    outer loop
      vertex 9.49338 28.3111 2.2
      vertex 9.49338 30.2889 2.2
      vertex 9.6106 29.8006 2.2
    endloop
  endfacet
  facet normal 0 0 -1
    outer loop
      vertex 9.30122 27.8472 2.2
      vertex 9.49338 30.2889 2.2
      vertex 9.49338 28.3111 2.2
    endloop
  endfacet
  facet normal 0 0 -1
    outer loop
      vertex 9.30122 27.8472 2.2
      vertex 9.30122 30.7528 2.2
      vertex 9.49338 30.2889 2.2
    endloop
  endfacet
  facet normal 0 0 -1
    outer loop
      vertex 9.03885 27.4191 2.2
      vertex 9.30122 30.7528 2.2
      vertex 9.30122 27.8472 2.2
    endloop
  endfacet
  facet normal 0 0 -1
    outer loop
      vertex 9.03885 27.4191 2.2
      vertex 9.03885 31.1809 2.2
      vertex 9.30122 30.7528 2.2
    endloop
  endfacet
  facet normal 0 0 -1
    outer loop
      vertex 8.71274 27.0373 2.2
      vertex 9.03885 31.1809 2.2
      vertex 9.03885 27.4191 2.2
    endloop
  endfacet
  facet normal 0 0 -1
    outer loop
      vertex 8.71274 27.0373 2.2
      vertex 8.71274 31.5627 2.2
      vertex 9.03885 31.1809 2.2
    endloop
  endfacet
  facet normal 0 0 -1
    outer loop
      vertex 8.33091 26.7111 2.2
      vertex 8.71274 31.5627 2.2
      vertex 8.71274 27.0373 2.2
    endloop
  endfacet
  facet normal 0 0 -1
    outer loop
      vertex 8.33091 26.7111 2.2
      vertex 8.33091 31.8889 2.2
      vertex 8.71274 31.5627 2.2
    endloop
  endfacet
  facet normal 0 0 -1
    outer loop
      vertex 7.90277 26.4488 2.2
      vertex 8.33091 31.8889 2.2
      vertex 8.33091 26.7111 2.2
    endloop
  endfacet
  facet normal 0 0 -1
    outer loop
      vertex 7.90277 26.4488 2.2
      vertex 7.90277 32.1512 2.2
      vertex 8.33091 31.8889 2.2
    endloop
  endfacet
  facet normal 0 0 -1
    outer loop
      vertex 7.43885 26.2566 2.2
      vertex 7.90277 32.1512 2.2
      vertex 7.90277 26.4488 2.2
    endloop
  endfacet
  facet normal 0 0 -1
    outer loop
      vertex 7.43885 26.2566 2.2
      vertex 7.43885 32.3434 2.2
      vertex 7.90277 32.1512 2.2
    endloop
  endfacet
  facet normal 0 0 -1
    outer loop
      vertex 6.95059 26.1394 2.2
      vertex 7.43885 32.3434 2.2
      vertex 7.43885 26.2566 2.2
    endloop
  endfacet
  facet normal 0 0 -1
    outer loop
      vertex 6.95059 26.1394 2.2
      vertex 6.95059 32.4606 2.2
      vertex 7.43885 32.3434 2.2
    endloop
  endfacet
  facet normal 0 0 -1
    outer loop
      vertex 6.45 26.1 2.2
      vertex 6.95059 32.4606 2.2
      vertex 6.95059 26.1394 2.2
    endloop
  endfacet
  facet normal 0 0 -1
    outer loop
      vertex 6.45 26.1 2.2
      vertex 6.45 32.5 2.2
      vertex 6.95059 32.4606 2.2
    endloop
  endfacet
  facet normal 0 0 -1
    outer loop
      vertex 5.94941 26.1394 2.2
      vertex 6.45 32.5 2.2
      vertex 6.45 26.1 2.2
    endloop
  endfacet
  facet normal 0 0 -1
    outer loop
      vertex 5.94941 26.1394 2.2
      vertex 5.94941 32.4606 2.2
      vertex 6.45 32.5 2.2
    endloop
  endfacet
  facet normal 0 0 -1
    outer loop
      vertex 5.46115 26.2566 2.2
      vertex 5.94941 32.4606 2.2
      vertex 5.94941 26.1394 2.2
    endloop
  endfacet
  facet normal 0 0 -1
    outer loop
      vertex 5.46115 26.2566 2.2
      vertex 5.46115 32.3434 2.2
      vertex 5.94941 32.4606 2.2
    endloop
  endfacet
  facet normal 0 0 -1
    outer loop
      vertex 4.99723 26.4488 2.2
      vertex 5.46115 32.3434 2.2
      vertex 5.46115 26.2566 2.2
    endloop
  endfacet
  facet normal 0 0 -1
    outer loop
      vertex 4.99723 26.4488 2.2
      vertex 4.99723 32.1512 2.2
      vertex 5.46115 32.3434 2.2
    endloop
  endfacet
  facet normal 0 0 -1
    outer loop
      vertex 4.56909 26.7111 2.2
      vertex 4.99723 32.1512 2.2
      vertex 4.99723 26.4488 2.2
    endloop
  endfacet
  facet normal 0 0 -1
    outer loop
      vertex 4.56909 26.7111 2.2
      vertex 4.56909 31.8889 2.2
      vertex 4.99723 32.1512 2.2
    endloop
  endfacet
  facet normal 0 0 -1
    outer loop
      vertex 4.18726 27.0373 2.2
      vertex 4.56909 31.8889 2.2
      vertex 4.56909 26.7111 2.2
    endloop
  endfacet
  facet normal 0 0 -1
    outer loop
      vertex 4.18726 27.0373 2.2
      vertex 4.18726 31.5627 2.2
      vertex 4.56909 31.8889 2.2
    endloop
  endfacet
  facet normal 0 0 -1
    outer loop
      vertex 3.86115 27.4191 2.2
      vertex 4.18726 31.5627 2.2
      vertex 4.18726 27.0373 2.2
    endloop
  endfacet
  facet normal 0 0 -1
    outer loop
      vertex 3.86115 27.4191 2.2
      vertex 3.86115 31.1809 2.2
      vertex 4.18726 31.5627 2.2
    endloop
  endfacet
  facet normal 0 0 -1
    outer loop
      vertex 3.59878 27.8472 2.2
      vertex 3.86115 31.1809 2.2
      vertex 3.86115 27.4191 2.2
    endloop
  endfacet
  facet normal 0 0 -1
    outer loop
      vertex 3.59878 27.8472 2.2
      vertex 3.59878 30.7528 2.2
      vertex 3.86115 31.1809 2.2
    endloop
  endfacet
  facet normal 0 0 -1
    outer loop
      vertex 3.40662 28.3111 2.2
      vertex 3.59878 30.7528 2.2
      vertex 3.59878 27.8472 2.2
    endloop
  endfacet
  facet normal 0 0 -1
    outer loop
      vertex 3.40662 28.3111 2.2
      vertex 3.40662 30.2889 2.2
      vertex 3.59878 30.7528 2.2
    endloop
  endfacet
  facet normal 0 0 -1
    outer loop
      vertex 3.2894 28.7994 2.2
      vertex 3.40662 30.2889 2.2
      vertex 3.40662 28.3111 2.2
    endloop
  endfacet
  facet normal 0 0 -1
    outer loop
      vertex 3.2894 28.7994 2.2
      vertex 3.2894 29.8006 2.2
      vertex 3.40662 30.2889 2.2
    endloop
  endfacet
  facet normal 0 -0 -1
    outer loop
      vertex 3.2894 29.8006 2.2
      vertex 3.2894 28.7994 2.2
      vertex 3.25 29.3 2.2
    endloop
  endfacet
  facet normal -0.522405 -0.852697 0
    outer loop
      vertex 4.56909 26.7111 2.2
      vertex 4.99723 26.4488 5.4
      vertex 4.56909 26.7111 5.4
    endloop
  endfacet
  facet normal -0.522405 -0.852697 -0
    outer loop
      vertex 4.99723 26.4488 5.4
      vertex 4.56909 26.7111 2.2
      vertex 4.99723 26.4488 2.2
    endloop
  endfacet
  facet normal 0 0 1
    outer loop
      vertex 9.6106 29.8006 5.4
      vertex 9.6106 28.7994 5.4
      vertex 9.65 29.3 5.4
    endloop
  endfacet
  facet normal 0 0 1
    outer loop
      vertex 9.49338 30.2889 5.4
      vertex 9.6106 28.7994 5.4
      vertex 9.6106 29.8006 5.4
    endloop
  endfacet
  facet normal 0 0 1
    outer loop
      vertex 9.49338 30.2889 5.4
      vertex 9.49338 28.3111 5.4
      vertex 9.6106 28.7994 5.4
    endloop
  endfacet
  facet normal 0 0 1
    outer loop
      vertex 9.30122 30.7528 5.4
      vertex 9.49338 28.3111 5.4
      vertex 9.49338 30.2889 5.4
    endloop
  endfacet
  facet normal 0 0 1
    outer loop
      vertex 9.30122 30.7528 5.4
      vertex 9.30122 27.8472 5.4
      vertex 9.49338 28.3111 5.4
    endloop
  endfacet
  facet normal 0 0 1
    outer loop
      vertex 9.03885 31.1809 5.4
      vertex 9.30122 27.8472 5.4
      vertex 9.30122 30.7528 5.4
    endloop
  endfacet
  facet normal 0 0 1
    outer loop
      vertex 9.03885 31.1809 5.4
      vertex 9.03885 27.4191 5.4
      vertex 9.30122 27.8472 5.4
    endloop
  endfacet
  facet normal 0 0 1
    outer loop
      vertex 8.71274 31.5627 5.4
      vertex 9.03885 27.4191 5.4
      vertex 9.03885 31.1809 5.4
    endloop
  endfacet
  facet normal 0 0 1
    outer loop
      vertex 8.71274 31.5627 5.4
      vertex 8.71274 27.0373 5.4
      vertex 9.03885 27.4191 5.4
    endloop
  endfacet
  facet normal 0 0 1
    outer loop
      vertex 8.33091 31.8889 5.4
      vertex 8.71274 27.0373 5.4
      vertex 8.71274 31.5627 5.4
    endloop
  endfacet
  facet normal 0 0 1
    outer loop
      vertex 8.33091 31.8889 5.4
      vertex 8.33091 26.7111 5.4
      vertex 8.71274 27.0373 5.4
    endloop
  endfacet
  facet normal 0 0 1
    outer loop
      vertex 7.90277 32.1512 5.4
      vertex 8.33091 26.7111 5.4
      vertex 8.33091 31.8889 5.4
    endloop
  endfacet
  facet normal 0 0 1
    outer loop
      vertex 7.90277 32.1512 5.4
      vertex 7.90277 26.4488 5.4
      vertex 8.33091 26.7111 5.4
    endloop
  endfacet
  facet normal 0 0 1
    outer loop
      vertex 6.85 32.4685 5.4
      vertex 7.90277 32.1512 5.4
      vertex 7.43885 32.3434 5.4
    endloop
  endfacet
  facet normal 0 0 1
    outer loop
      vertex 7.90277 32.1512 5.4
      vertex 6.85 32.4685 5.4
      vertex 7.90277 26.4488 5.4
    endloop
  endfacet
  facet normal 0 0 1
    outer loop
      vertex 6.85 32.4685 5.4
      vertex 7.43885 32.3434 5.4
      vertex 6.95059 32.4606 5.4
    endloop
  endfacet
  facet normal 0 0 1
    outer loop
      vertex 6.85 26.1315 5.4
      vertex 7.90277 26.4488 5.4
      vertex 6.85 32.4685 5.4
    endloop
  endfacet
  facet normal 0 0 1
    outer loop
      vertex 7.90277 26.4488 5.4
      vertex 6.85 26.1315 5.4
      vertex 7.43885 26.2566 5.4
    endloop
  endfacet
  facet normal 0 0 1
    outer loop
      vertex 7.43885 26.2566 5.4
      vertex 6.85 26.1315 5.4
      vertex 6.95059 26.1394 5.4
    endloop
  endfacet
  facet normal 0 0 1
    outer loop
      vertex 5.46115 32.3434 5.4
      vertex 6.05 32.4685 5.4
      vertex 5.94941 32.4606 5.4
    endloop
  endfacet
  facet normal 0 0 1
    outer loop
      vertex 4.99723 32.1512 5.4
      vertex 6.05 32.4685 5.4
      vertex 5.46115 32.3434 5.4
    endloop
  endfacet
  facet normal 0 0 1
    outer loop
      vertex 6.05 32.4685 5.4
      vertex 4.99723 32.1512 5.4
      vertex 6.05 26.1315 5.4
    endloop
  endfacet
  facet normal 0 0 1
    outer loop
      vertex 6.05 26.1315 5.4
      vertex 5.46115 26.2566 5.4
      vertex 5.94941 26.1394 5.4
    endloop
  endfacet
  facet normal -0 0 1
    outer loop
      vertex 4.99723 26.4488 5.4
      vertex 6.05 26.1315 5.4
      vertex 4.99723 32.1512 5.4
    endloop
  endfacet
  facet normal 0 0 1
    outer loop
      vertex 6.05 26.1315 5.4
      vertex 4.99723 26.4488 5.4
      vertex 5.46115 26.2566 5.4
    endloop
  endfacet
  facet normal -0 0 1
    outer loop
      vertex 4.56909 31.8889 5.4
      vertex 4.99723 26.4488 5.4
      vertex 4.99723 32.1512 5.4
    endloop
  endfacet
  facet normal 0 0 1
    outer loop
      vertex 4.56909 31.8889 5.4
      vertex 4.56909 26.7111 5.4
      vertex 4.99723 26.4488 5.4
    endloop
  endfacet
  facet normal -0 0 1
    outer loop
      vertex 4.18726 31.5627 5.4
      vertex 4.56909 26.7111 5.4
      vertex 4.56909 31.8889 5.4
    endloop
  endfacet
  facet normal 0 0 1
    outer loop
      vertex 4.18726 31.5627 5.4
      vertex 4.18726 27.0373 5.4
      vertex 4.56909 26.7111 5.4
    endloop
  endfacet
  facet normal -0 0 1
    outer loop
      vertex 3.86115 31.1809 5.4
      vertex 4.18726 27.0373 5.4
      vertex 4.18726 31.5627 5.4
    endloop
  endfacet
  facet normal 0 0 1
    outer loop
      vertex 3.86115 31.1809 5.4
      vertex 3.86115 27.4191 5.4
      vertex 4.18726 27.0373 5.4
    endloop
  endfacet
  facet normal -0 0 1
    outer loop
      vertex 3.59878 30.7528 5.4
      vertex 3.86115 27.4191 5.4
      vertex 3.86115 31.1809 5.4
    endloop
  endfacet
  facet normal 0 0 1
    outer loop
      vertex 3.59878 30.7528 5.4
      vertex 3.59878 27.8472 5.4
      vertex 3.86115 27.4191 5.4
    endloop
  endfacet
  facet normal -0 0 1
    outer loop
      vertex 3.40662 30.2889 5.4
      vertex 3.59878 27.8472 5.4
      vertex 3.59878 30.7528 5.4
    endloop
  endfacet
  facet normal 0 0 1
    outer loop
      vertex 3.40662 30.2889 5.4
      vertex 3.40662 28.3111 5.4
      vertex 3.59878 27.8472 5.4
    endloop
  endfacet
  facet normal -0 0 1
    outer loop
      vertex 3.2894 29.8006 5.4
      vertex 3.40662 28.3111 5.4
      vertex 3.40662 30.2889 5.4
    endloop
  endfacet
  facet normal 0 0 1
    outer loop
      vertex 3.2894 29.8006 5.4
      vertex 3.2894 28.7994 5.4
      vertex 3.40662 28.3111 5.4
    endloop
  endfacet
  facet normal 0 -0 1
    outer loop
      vertex 3.2894 28.7994 5.4
      vertex 3.2894 29.8006 5.4
      vertex 3.25 29.3 5.4
    endloop
  endfacet
  facet normal -1 0 0
    outer loop
      vertex 6.85 26.1315 5.25
      vertex 6.85 32.4685 5.4
      vertex 6.85 32.4685 5.25
    endloop
  endfacet
  facet normal -1 -0 0
    outer loop
      vertex 6.85 32.4685 5.4
      vertex 6.85 26.1315 5.25
      vertex 6.85 26.1315 5.4
    endloop
  endfacet
  facet normal -1 0 0
    outer loop
      vertex 6.85 28.0845 6.50282
      vertex 6.85 28.0899 6.98
      vertex 6.85 28.0899 6.5
    endloop
  endfacet
  facet normal -1 0 0
    outer loop
      vertex 6.85 28.0689 6.51088
      vertex 6.85 28.0899 6.98
      vertex 6.85 28.0845 6.50282
    endloop
  endfacet
  facet normal -1 0 0
    outer loop
      vertex 6.85 28.0899 6.98
      vertex 6.85 28.0689 6.51088
      vertex 6.85 28.0845 6.97759
    endloop
  endfacet
  facet normal -1 0 0
    outer loop
      vertex 6.85 28.0689 6.51088
      vertex 6.85 28.0689 6.97067
      vertex 6.85 28.0845 6.97759
    endloop
  endfacet
  facet normal -1 0 0
    outer loop
      vertex 6.85 27.8325 6.64
      vertex 6.85 28.0689 6.97067
      vertex 6.85 28.0689 6.51088
    endloop
  endfacet
  facet normal -1 0 0
    outer loop
      vertex 6.85 28.0689 6.97067
      vertex 6.85 27.8325 6.64
      vertex 6.85 27.8325 6.86
    endloop
  endfacet
  facet normal -1 0 0
    outer loop
      vertex 6.85 28.0899 6.5
      vertex 6.85 30.5101 6.5
      vertex 6.85 30.5101 5.4
    endloop
  endfacet
  facet normal -1 0 0
    outer loop
      vertex 6.85 30.5101 6.5
      vertex 6.85 28.0899 6.5
      vertex 6.85 30.5101 6.98
    endloop
  endfacet
  facet normal -1 0 0
    outer loop
      vertex 6.85 28.0899 6.5
      vertex 6.85 30.5101 5.4
      vertex 6.85 28.0899 5.4
    endloop
  endfacet
  facet normal -1 0 0
    outer loop
      vertex 6.85 28.0899 6.98
      vertex 6.85 30.5101 6.98
      vertex 6.85 28.0899 6.5
    endloop
  endfacet
  facet normal -1 0 0
    outer loop
      vertex 6.85 30.5101 6.98
      vertex 6.85 28.0899 6.98
      vertex 6.85 30.5101 7.6
    endloop
  endfacet
  facet normal -1 -0 0
    outer loop
      vertex 6.85 30.5101 7.6
      vertex 6.85 28.0899 6.98
      vertex 6.85 28.0899 7.6
    endloop
  endfacet
  facet normal -1 0 0
    outer loop
      vertex 6.85 30.5311 6.97067
      vertex 6.85 30.7675 6.64
      vertex 6.85 30.5311 6.51088
    endloop
  endfacet
  facet normal -1 0 0
    outer loop
      vertex 6.85 30.7675 6.64
      vertex 6.85 30.5311 6.97067
      vertex 6.85 30.7675 6.86
    endloop
  endfacet
  facet normal -1 0 0
    outer loop
      vertex 6.85 30.5101 6.98
      vertex 6.85 30.5311 6.51088
      vertex 6.85 30.5155 6.50282
    endloop
  endfacet
  facet normal -1 0 0
    outer loop
      vertex 6.85 30.5311 6.51088
      vertex 6.85 30.5155 6.97759
      vertex 6.85 30.5311 6.97067
    endloop
  endfacet
  facet normal -1 0 0
    outer loop
      vertex 6.85 30.5101 6.98
      vertex 6.85 30.5155 6.50282
      vertex 6.85 30.5101 6.5
    endloop
  endfacet
  facet normal -1 0 0
    outer loop
      vertex 6.85 30.5311 6.51088
      vertex 6.85 30.5101 6.98
      vertex 6.85 30.5155 6.97759
    endloop
  endfacet
  facet normal 0 0 1
    outer loop
      vertex 6.05 32.4685 5.25
      vertex 6.85 32.4685 5.25
      vertex 6.45 32.5 5.25
    endloop
  endfacet
  facet normal 0 0 1
    outer loop
      vertex 6.85 32.4685 5.25
      vertex 6.05 32.4685 5.25
      vertex 6.85 26.1315 5.25
    endloop
  endfacet
  facet normal 0 0 1
    outer loop
      vertex 6.05 26.1315 5.25
      vertex 6.85 26.1315 5.25
      vertex 6.05 32.4685 5.25
    endloop
  endfacet
  facet normal 0 0 1
    outer loop
      vertex 6.85 26.1315 5.25
      vertex 6.05 26.1315 5.25
      vertex 6.45 26.1 5.25
    endloop
  endfacet
  facet normal 1 0 0
    outer loop
      vertex 6.05 28.0689 6.51088
      vertex 6.05 28.0899 6.98
      vertex 6.05 28.0845 6.97759
    endloop
  endfacet
  facet normal 1 0 0
    outer loop
      vertex 6.05 28.0899 6.98
      vertex 6.05 28.0845 6.50282
      vertex 6.05 28.0899 6.5
    endloop
  endfacet
  facet normal 1 0 0
    outer loop
      vertex 6.05 28.0689 6.51088
      vertex 6.05 28.0845 6.97759
      vertex 6.05 28.0689 6.97067
    endloop
  endfacet
  facet normal 1 0 0
    outer loop
      vertex 6.05 28.0899 6.98
      vertex 6.05 28.0689 6.51088
      vertex 6.05 28.0845 6.50282
    endloop
  endfacet
  facet normal 1 0 0
    outer loop
      vertex 6.05 27.8325 6.64
      vertex 6.05 28.0689 6.97067
      vertex 6.05 27.8325 6.86
    endloop
  endfacet
  facet normal 1 0 0
    outer loop
      vertex 6.05 28.0689 6.97067
      vertex 6.05 27.8325 6.64
      vertex 6.05 28.0689 6.51088
    endloop
  endfacet
  facet normal 1 0 0
    outer loop
      vertex 6.05 28.0899 6.98
      vertex 6.05 30.5101 6.98
      vertex 6.05 30.5101 7.6
    endloop
  endfacet
  facet normal 1 0 0
    outer loop
      vertex 6.05 30.5101 6.98
      vertex 6.05 28.0899 6.98
      vertex 6.05 30.5101 6.5
    endloop
  endfacet
  facet normal 1 0 0
    outer loop
      vertex 6.05 28.0899 6.98
      vertex 6.05 30.5101 7.6
      vertex 6.05 28.0899 7.6
    endloop
  endfacet
  facet normal 1 0 0
    outer loop
      vertex 6.05 30.5101 6.5
      vertex 6.05 28.0899 6.98
      vertex 6.05 28.0899 6.5
    endloop
  endfacet
  facet normal 1 0 0
    outer loop
      vertex 6.05 30.5101 6.5
      vertex 6.05 28.0899 6.5
      vertex 6.05 30.5101 5.4
    endloop
  endfacet
  facet normal 1 0 0
    outer loop
      vertex 6.05 30.5101 5.4
      vertex 6.05 28.0899 6.5
      vertex 6.05 28.0899 5.4
    endloop
  endfacet
  facet normal 1 0 0
    outer loop
      vertex 6.05 30.5311 6.97067
      vertex 6.05 30.7675 6.64
      vertex 6.05 30.7675 6.86
    endloop
  endfacet
  facet normal 1 0 0
    outer loop
      vertex 6.05 30.5311 6.97067
      vertex 6.05 30.5311 6.51088
      vertex 6.05 30.7675 6.64
    endloop
  endfacet
  facet normal 1 0 0
    outer loop
      vertex 6.05 30.5155 6.97759
      vertex 6.05 30.5311 6.51088
      vertex 6.05 30.5311 6.97067
    endloop
  endfacet
  facet normal 1 0 0
    outer loop
      vertex 6.05 30.5101 6.98
      vertex 6.05 30.5311 6.51088
      vertex 6.05 30.5155 6.97759
    endloop
  endfacet
  facet normal 1 0 0
    outer loop
      vertex 6.05 30.5311 6.51088
      vertex 6.05 30.5101 6.98
      vertex 6.05 30.5155 6.50282
    endloop
  endfacet
  facet normal 1 0 0
    outer loop
      vertex 6.05 30.5155 6.50282
      vertex 6.05 30.5101 6.98
      vertex 6.05 30.5101 6.5
    endloop
  endfacet
  facet normal 1 -0 0
    outer loop
      vertex 6.05 26.1315 5.4
      vertex 6.05 32.4685 5.25
      vertex 6.05 32.4685 5.4
    endloop
  endfacet
  facet normal 1 0 0
    outer loop
      vertex 6.05 32.4685 5.25
      vertex 6.05 26.1315 5.4
      vertex 6.05 26.1315 5.25
    endloop
  endfacet
  facet normal 0.972378 -0.233411 0
    outer loop
      vertex 65.4626 6.056 6.5
      vertex 65.5093 6.25055 5.4
      vertex 65.5093 6.25055 6.5
    endloop
  endfacet
  facet normal 0.972378 -0.233411 0
    outer loop
      vertex 65.5093 6.25055 5.4
      vertex 65.4626 6.056 6.5
      vertex 65.4626 6.056 5.4
    endloop
  endfacet
  facet normal 0.972378 -0.233411 0
    outer loop
      vertex 65.4626 6.056 7.6
      vertex 65.5093 6.25055 6.98
      vertex 65.5093 6.25055 7.6
    endloop
  endfacet
  facet normal 0.972378 -0.233411 0
    outer loop
      vertex 65.5093 6.25055 6.98
      vertex 65.4626 6.056 7.6
      vertex 65.4626 6.056 6.98
    endloop
  endfacet
  facet normal 0.972378 0.233411 0
    outer loop
      vertex 65.5093 6.64945 6.5
      vertex 65.4626 6.844 5.4
      vertex 65.4626 6.844 6.5
    endloop
  endfacet
  facet normal 0.972378 0.233411 0
    outer loop
      vertex 65.4626 6.844 5.4
      vertex 65.5093 6.64945 6.5
      vertex 65.5093 6.64945 5.4
    endloop
  endfacet
  facet normal 0.972378 0.233411 0
    outer loop
      vertex 65.5093 6.64945 7.6
      vertex 65.4626 6.844 6.98
      vertex 65.4626 6.844 7.6
    endloop
  endfacet
  facet normal 0.972378 0.233411 0
    outer loop
      vertex 65.4626 6.844 6.98
      vertex 65.5093 6.64945 7.6
      vertex 65.5093 6.64945 6.98
    endloop
  endfacet
  facet normal 0.996916 0.0784737 0
    outer loop
      vertex 65.525 6.45 6.5
      vertex 65.5093 6.64945 5.4
      vertex 65.5093 6.64945 6.5
    endloop
  endfacet
  facet normal 0.996916 0.0784737 0
    outer loop
      vertex 65.5093 6.64945 5.4
      vertex 65.525 6.45 6.5
      vertex 65.525 6.45 5.4
    endloop
  endfacet
  facet normal 0.996916 0.0784737 0
    outer loop
      vertex 65.525 6.45 7.6
      vertex 65.5093 6.64945 6.98
      vertex 65.5093 6.64945 7.6
    endloop
  endfacet
  facet normal 0.996916 0.0784737 0
    outer loop
      vertex 65.5093 6.64945 6.98
      vertex 65.525 6.45 7.6
      vertex 65.525 6.45 6.98
    endloop
  endfacet
  facet normal 0.923815 0.38284 0
    outer loop
      vertex 65.4626 6.844 6.5
      vertex 65.386 7.02884 5.4
      vertex 65.386 7.02884 6.5
    endloop
  endfacet
  facet normal 0.923815 0.38284 0
    outer loop
      vertex 65.386 7.02884 5.4
      vertex 65.4626 6.844 6.5
      vertex 65.4626 6.844 5.4
    endloop
  endfacet
  facet normal 0.923815 0.38284 0
    outer loop
      vertex 65.4626 6.844 7.6
      vertex 65.386 7.02884 6.98
      vertex 65.386 7.02884 7.6
    endloop
  endfacet
  facet normal 0.923815 0.38284 0
    outer loop
      vertex 65.386 7.02884 6.98
      vertex 65.4626 6.844 7.6
      vertex 65.4626 6.844 6.98
    endloop
  endfacet
  facet normal -0 0 1
    outer loop
      vertex 63.6712 7.58603 7.6
      vertex 63.85 5.23989 7.6
      vertex 63.85 7.66011 7.6
    endloop
  endfacet
  facet normal 0 0 1
    outer loop
      vertex 63.6712 7.58603 7.6
      vertex 63.6712 5.31397 7.6
      vertex 63.85 5.23989 7.6
    endloop
  endfacet
  facet normal -0 0 1
    outer loop
      vertex 63.5006 7.4815 7.6
      vertex 63.6712 5.31397 7.6
      vertex 63.6712 7.58603 7.6
    endloop
  endfacet
  facet normal 0 0 1
    outer loop
      vertex 63.5006 7.4815 7.6
      vertex 63.5006 5.4185 7.6
      vertex 63.6712 5.31397 7.6
    endloop
  endfacet
  facet normal -0 0 1
    outer loop
      vertex 63.3484 7.35156 7.6
      vertex 63.5006 5.4185 7.6
      vertex 63.5006 7.4815 7.6
    endloop
  endfacet
  facet normal 0 0 1
    outer loop
      vertex 63.3484 7.35156 7.6
      vertex 63.3484 5.54844 7.6
      vertex 63.5006 5.4185 7.6
    endloop
  endfacet
  facet normal -0 0 1
    outer loop
      vertex 63.2185 7.19943 7.6
      vertex 63.3484 5.54844 7.6
      vertex 63.3484 7.35156 7.6
    endloop
  endfacet
  facet normal 0 0 1
    outer loop
      vertex 63.2185 7.19943 7.6
      vertex 63.2185 5.70057 7.6
      vertex 63.3484 5.54844 7.6
    endloop
  endfacet
  facet normal -0 0 1
    outer loop
      vertex 63.114 7.02884 7.6
      vertex 63.2185 5.70057 7.6
      vertex 63.2185 7.19943 7.6
    endloop
  endfacet
  facet normal 0 0 1
    outer loop
      vertex 63.114 7.02884 7.6
      vertex 63.114 5.87116 7.6
      vertex 63.2185 5.70057 7.6
    endloop
  endfacet
  facet normal -0 0 1
    outer loop
      vertex 63.0374 6.844 7.6
      vertex 63.114 5.87116 7.6
      vertex 63.114 7.02884 7.6
    endloop
  endfacet
  facet normal 0 0 1
    outer loop
      vertex 63.0374 6.844 7.6
      vertex 63.0374 6.056 7.6
      vertex 63.114 5.87116 7.6
    endloop
  endfacet
  facet normal -0 0 1
    outer loop
      vertex 62.9907 6.64945 7.6
      vertex 63.0374 6.056 7.6
      vertex 63.0374 6.844 7.6
    endloop
  endfacet
  facet normal 0 0 1
    outer loop
      vertex 62.9907 6.64945 7.6
      vertex 62.9907 6.25055 7.6
      vertex 63.0374 6.056 7.6
    endloop
  endfacet
  facet normal 0 -0 1
    outer loop
      vertex 62.9907 6.25055 7.6
      vertex 62.9907 6.64945 7.6
      vertex 62.975 6.45 7.6
    endloop
  endfacet
  facet normal 0 0 1
    outer loop
      vertex 65.5093 6.64945 7.6
      vertex 65.5093 6.25055 7.6
      vertex 65.525 6.45 7.6
    endloop
  endfacet
  facet normal 0 0 1
    outer loop
      vertex 65.4626 6.844 7.6
      vertex 65.5093 6.25055 7.6
      vertex 65.5093 6.64945 7.6
    endloop
  endfacet
  facet normal 0 0 1
    outer loop
      vertex 65.4626 6.844 7.6
      vertex 65.4626 6.056 7.6
      vertex 65.5093 6.25055 7.6
    endloop
  endfacet
  facet normal 0 0 1
    outer loop
      vertex 65.386 7.02884 7.6
      vertex 65.4626 6.056 7.6
      vertex 65.4626 6.844 7.6
    endloop
  endfacet
  facet normal 0 0 1
    outer loop
      vertex 65.386 7.02884 7.6
      vertex 65.386 5.87116 7.6
      vertex 65.4626 6.056 7.6
    endloop
  endfacet
  facet normal 0 0 1
    outer loop
      vertex 65.2815 7.19943 7.6
      vertex 65.386 5.87116 7.6
      vertex 65.386 7.02884 7.6
    endloop
  endfacet
  facet normal 0 0 1
    outer loop
      vertex 65.2815 7.19943 7.6
      vertex 65.2815 5.70057 7.6
      vertex 65.386 5.87116 7.6
    endloop
  endfacet
  facet normal 0 0 1
    outer loop
      vertex 65.1516 7.35156 7.6
      vertex 65.2815 5.70057 7.6
      vertex 65.2815 7.19943 7.6
    endloop
  endfacet
  facet normal 0 0 1
    outer loop
      vertex 65.1516 7.35156 7.6
      vertex 65.1516 5.54844 7.6
      vertex 65.2815 5.70057 7.6
    endloop
  endfacet
  facet normal 0 0 1
    outer loop
      vertex 64.9994 7.4815 7.6
      vertex 65.1516 5.54844 7.6
      vertex 65.1516 7.35156 7.6
    endloop
  endfacet
  facet normal 0 0 1
    outer loop
      vertex 64.9994 7.4815 7.6
      vertex 64.9994 5.4185 7.6
      vertex 65.1516 5.54844 7.6
    endloop
  endfacet
  facet normal 0 0 1
    outer loop
      vertex 64.8288 7.58603 7.6
      vertex 64.9994 5.4185 7.6
      vertex 64.9994 7.4815 7.6
    endloop
  endfacet
  facet normal 0 0 1
    outer loop
      vertex 64.8288 7.58603 7.6
      vertex 64.8288 5.31397 7.6
      vertex 64.9994 5.4185 7.6
    endloop
  endfacet
  facet normal 0 0 1
    outer loop
      vertex 64.65 7.66011 7.6
      vertex 64.8288 5.31397 7.6
      vertex 64.8288 7.58603 7.6
    endloop
  endfacet
  facet normal 0 0 1
    outer loop
      vertex 64.8288 5.31397 7.6
      vertex 64.65 7.66011 7.6
      vertex 64.65 5.23989 7.6
    endloop
  endfacet
  facet normal -0.760483 0.649358 0
    outer loop
      vertex 63.2185 7.19943 5.4
      vertex 63.3484 7.35156 6.5
      vertex 63.3484 7.35156 5.4
    endloop
  endfacet
  facet normal -0.760483 0.649358 0
    outer loop
      vertex 63.3484 7.35156 6.5
      vertex 63.2185 7.19943 5.4
      vertex 63.2185 7.19943 6.5
    endloop
  endfacet
  facet normal -0.760483 0.649358 0
    outer loop
      vertex 63.2185 7.19943 6.98
      vertex 63.3484 7.35156 7.6
      vertex 63.3484 7.35156 6.98
    endloop
  endfacet
  facet normal -0.760483 0.649358 0
    outer loop
      vertex 63.3484 7.35156 7.6
      vertex 63.2185 7.19943 6.98
      vertex 63.2185 7.19943 7.6
    endloop
  endfacet
  facet normal -0.972378 -0.233411 0
    outer loop
      vertex 63.0374 6.056 6.98
      vertex 62.9907 6.25055 7.6
      vertex 62.9907 6.25055 6.98
    endloop
  endfacet
  facet normal -0.972378 -0.233411 0
    outer loop
      vertex 62.9907 6.25055 7.6
      vertex 63.0374 6.056 6.98
      vertex 63.0374 6.056 7.6
    endloop
  endfacet
  facet normal -0.972378 -0.233411 0
    outer loop
      vertex 63.0374 6.056 5.4
      vertex 62.9907 6.25055 6.5
      vertex 62.9907 6.25055 5.4
    endloop
  endfacet
  facet normal -0.972378 -0.233411 0
    outer loop
      vertex 62.9907 6.25055 6.5
      vertex 63.0374 6.056 5.4
      vertex 63.0374 6.056 6.5
    endloop
  endfacet
  facet normal 0.852724 -0.522362 0
    outer loop
      vertex 65.2815 5.70057 7.6
      vertex 65.386 5.87116 6.98
      vertex 65.386 5.87116 7.6
    endloop
  endfacet
  facet normal 0.852724 -0.522362 0
    outer loop
      vertex 65.386 5.87116 6.98
      vertex 65.2815 5.70057 7.6
      vertex 65.2815 5.70057 6.98
    endloop
  endfacet
  facet normal 0.852724 -0.522362 0
    outer loop
      vertex 65.2815 5.70057 6.5
      vertex 65.386 5.87116 5.4
      vertex 65.386 5.87116 6.5
    endloop
  endfacet
  facet normal 0.852724 -0.522362 0
    outer loop
      vertex 65.386 5.87116 5.4
      vertex 65.2815 5.70057 6.5
      vertex 65.2815 5.70057 5.4
    endloop
  endfacet
  facet normal -0.382766 0.923846 0
    outer loop
      vertex 63.85 7.66011 5.4
      vertex 63.6712 7.58603 6.5
      vertex 63.85 7.66011 6.5
    endloop
  endfacet
  facet normal -0.382766 0.923846 0
    outer loop
      vertex 63.6712 7.58603 6.5
      vertex 63.85 7.66011 5.4
      vertex 63.6712 7.58603 5.4
    endloop
  endfacet
  facet normal -0.382766 0.923846 0
    outer loop
      vertex 63.85 7.66011 6.98
      vertex 63.6712 7.58603 7.6
      vertex 63.85 7.66011 7.6
    endloop
  endfacet
  facet normal -0.382766 0.923846 0
    outer loop
      vertex 63.6712 7.58603 7.6
      vertex 63.85 7.66011 6.98
      vertex 63.6712 7.58603 6.98
    endloop
  endfacet
  facet normal 0.760483 -0.649358 0
    outer loop
      vertex 65.1516 5.54844 7.6
      vertex 65.2815 5.70057 6.98
      vertex 65.2815 5.70057 7.6
    endloop
  endfacet
  facet normal 0.760483 -0.649358 0
    outer loop
      vertex 65.2815 5.70057 6.98
      vertex 65.1516 5.54844 7.6
      vertex 65.1516 5.54844 6.98
    endloop
  endfacet
  facet normal 0.760483 -0.649358 0
    outer loop
      vertex 65.1516 5.54844 6.5
      vertex 65.2815 5.70057 5.4
      vertex 65.2815 5.70057 6.5
    endloop
  endfacet
  facet normal 0.760483 -0.649358 0
    outer loop
      vertex 65.2815 5.70057 5.4
      vertex 65.1516 5.54844 6.5
      vertex 65.1516 5.54844 5.4
    endloop
  endfacet
  facet normal 0.923815 -0.38284 0
    outer loop
      vertex 65.386 5.87116 7.6
      vertex 65.4626 6.056 6.98
      vertex 65.4626 6.056 7.6
    endloop
  endfacet
  facet normal 0.923815 -0.38284 0
    outer loop
      vertex 65.4626 6.056 6.98
      vertex 65.386 5.87116 7.6
      vertex 65.386 5.87116 6.98
    endloop
  endfacet
  facet normal 0.923815 -0.38284 0
    outer loop
      vertex 65.386 5.87116 6.5
      vertex 65.4626 6.056 5.4
      vertex 65.4626 6.056 6.5
    endloop
  endfacet
  facet normal 0.923815 -0.38284 0
    outer loop
      vertex 65.4626 6.056 5.4
      vertex 65.386 5.87116 6.5
      vertex 65.386 5.87116 5.4
    endloop
  endfacet
  facet normal -0.972378 0.233411 0
    outer loop
      vertex 62.9907 6.64945 6.98
      vertex 63.0374 6.844 7.6
      vertex 63.0374 6.844 6.98
    endloop
  endfacet
  facet normal -0.972378 0.233411 0
    outer loop
      vertex 63.0374 6.844 7.6
      vertex 62.9907 6.64945 6.98
      vertex 62.9907 6.64945 7.6
    endloop
  endfacet
  facet normal -0.972378 0.233411 0
    outer loop
      vertex 62.9907 6.64945 5.4
      vertex 63.0374 6.844 6.5
      vertex 63.0374 6.844 5.4
    endloop
  endfacet
  facet normal -0.972378 0.233411 0
    outer loop
      vertex 63.0374 6.844 6.5
      vertex 62.9907 6.64945 5.4
      vertex 62.9907 6.64945 6.5
    endloop
  endfacet
  facet normal -0.996916 0.0784737 0
    outer loop
      vertex 62.975 6.45 6.98
      vertex 62.9907 6.64945 7.6
      vertex 62.9907 6.64945 6.98
    endloop
  endfacet
  facet normal -0.996916 0.0784737 0
    outer loop
      vertex 62.9907 6.64945 7.6
      vertex 62.975 6.45 6.98
      vertex 62.975 6.45 7.6
    endloop
  endfacet
  facet normal -0.996916 0.0784737 0
    outer loop
      vertex 62.975 6.45 5.4
      vertex 62.9907 6.64945 6.5
      vertex 62.9907 6.64945 5.4
    endloop
  endfacet
  facet normal -0.996916 0.0784737 0
    outer loop
      vertex 62.9907 6.64945 6.5
      vertex 62.975 6.45 5.4
      vertex 62.975 6.45 6.5
    endloop
  endfacet
  facet normal -0.996916 -0.0784737 0
    outer loop
      vertex 62.9907 6.25055 6.98
      vertex 62.975 6.45 7.6
      vertex 62.975 6.45 6.98
    endloop
  endfacet
  facet normal -0.996916 -0.0784737 0
    outer loop
      vertex 62.975 6.45 7.6
      vertex 62.9907 6.25055 6.98
      vertex 62.9907 6.25055 7.6
    endloop
  endfacet
  facet normal -0.996916 -0.0784737 0
    outer loop
      vertex 62.9907 6.25055 5.4
      vertex 62.975 6.45 6.5
      vertex 62.975 6.45 5.4
    endloop
  endfacet
  facet normal -0.996916 -0.0784737 0
    outer loop
      vertex 62.975 6.45 6.5
      vertex 62.9907 6.25055 5.4
      vertex 62.9907 6.25055 6.5
    endloop
  endfacet
  facet normal -0.852724 0.522362 0
    outer loop
      vertex 63.114 7.02884 5.4
      vertex 63.2185 7.19943 6.5
      vertex 63.2185 7.19943 5.4
    endloop
  endfacet
  facet normal -0.852724 0.522362 0
    outer loop
      vertex 63.2185 7.19943 6.5
      vertex 63.114 7.02884 5.4
      vertex 63.114 7.02884 6.5
    endloop
  endfacet
  facet normal -0.852724 0.522362 0
    outer loop
      vertex 63.114 7.02884 6.98
      vertex 63.2185 7.19943 7.6
      vertex 63.2185 7.19943 6.98
    endloop
  endfacet
  facet normal -0.852724 0.522362 0
    outer loop
      vertex 63.2185 7.19943 7.6
      vertex 63.114 7.02884 6.98
      vertex 63.114 7.02884 7.6
    endloop
  endfacet
  facet normal -0.522448 -0.852671 0
    outer loop
      vertex 63.5006 5.4185 5.4
      vertex 63.6712 5.31397 6.5
      vertex 63.5006 5.4185 6.5
    endloop
  endfacet
  facet normal -0.522448 -0.852671 -0
    outer loop
      vertex 63.6712 5.31397 6.5
      vertex 63.5006 5.4185 5.4
      vertex 63.6712 5.31397 5.4
    endloop
  endfacet
  facet normal -0.522448 -0.852671 0
    outer loop
      vertex 63.5006 5.4185 6.98
      vertex 63.6712 5.31397 7.6
      vertex 63.5006 5.4185 7.6
    endloop
  endfacet
  facet normal -0.522448 -0.852671 -0
    outer loop
      vertex 63.6712 5.31397 7.6
      vertex 63.5006 5.4185 6.98
      vertex 63.6712 5.31397 6.98
    endloop
  endfacet
  facet normal -0.382766 -0.923846 0
    outer loop
      vertex 63.6712 5.31397 6.98
      vertex 63.85 5.23989 7.6
      vertex 63.6712 5.31397 7.6
    endloop
  endfacet
  facet normal -0.382766 -0.923846 -0
    outer loop
      vertex 63.85 5.23989 7.6
      vertex 63.6712 5.31397 6.98
      vertex 63.85 5.23989 6.98
    endloop
  endfacet
  facet normal -0.382766 -0.923846 0
    outer loop
      vertex 63.6712 5.31397 5.4
      vertex 63.85 5.23989 6.5
      vertex 63.6712 5.31397 6.5
    endloop
  endfacet
  facet normal -0.382766 -0.923846 -0
    outer loop
      vertex 63.85 5.23989 6.5
      vertex 63.6712 5.31397 5.4
      vertex 63.85 5.23989 5.4
    endloop
  endfacet
  facet normal -0.760483 -0.649358 0
    outer loop
      vertex 63.3484 5.54844 6.98
      vertex 63.2185 5.70057 7.6
      vertex 63.2185 5.70057 6.98
    endloop
  endfacet
  facet normal -0.760483 -0.649358 0
    outer loop
      vertex 63.2185 5.70057 7.6
      vertex 63.3484 5.54844 6.98
      vertex 63.3484 5.54844 7.6
    endloop
  endfacet
  facet normal -0.760483 -0.649358 0
    outer loop
      vertex 63.3484 5.54844 5.4
      vertex 63.2185 5.70057 6.5
      vertex 63.2185 5.70057 5.4
    endloop
  endfacet
  facet normal -0.760483 -0.649358 0
    outer loop
      vertex 63.2185 5.70057 6.5
      vertex 63.3484 5.54844 5.4
      vertex 63.3484 5.54844 6.5
    endloop
  endfacet
  facet normal -0.852724 -0.522362 0
    outer loop
      vertex 63.2185 5.70057 6.98
      vertex 63.114 5.87116 7.6
      vertex 63.114 5.87116 6.98
    endloop
  endfacet
  facet normal -0.852724 -0.522362 0
    outer loop
      vertex 63.114 5.87116 7.6
      vertex 63.2185 5.70057 6.98
      vertex 63.2185 5.70057 7.6
    endloop
  endfacet
  facet normal -0.852724 -0.522362 0
    outer loop
      vertex 63.2185 5.70057 5.4
      vertex 63.114 5.87116 6.5
      vertex 63.114 5.87116 5.4
    endloop
  endfacet
  facet normal -0.852724 -0.522362 0
    outer loop
      vertex 63.114 5.87116 6.5
      vertex 63.2185 5.70057 5.4
      vertex 63.2185 5.70057 6.5
    endloop
  endfacet
  facet normal 0.852724 0.522362 0
    outer loop
      vertex 65.386 7.02884 6.5
      vertex 65.2815 7.19943 5.4
      vertex 65.2815 7.19943 6.5
    endloop
  endfacet
  facet normal 0.852724 0.522362 0
    outer loop
      vertex 65.2815 7.19943 5.4
      vertex 65.386 7.02884 6.5
      vertex 65.386 7.02884 5.4
    endloop
  endfacet
  facet normal 0.852724 0.522362 0
    outer loop
      vertex 65.386 7.02884 7.6
      vertex 65.2815 7.19943 6.98
      vertex 65.2815 7.19943 7.6
    endloop
  endfacet
  facet normal 0.852724 0.522362 0
    outer loop
      vertex 65.2815 7.19943 6.98
      vertex 65.386 7.02884 7.6
      vertex 65.386 7.02884 6.98
    endloop
  endfacet
  facet normal 0.382766 0.923846 -0
    outer loop
      vertex 64.8288 7.58603 6.98
      vertex 64.65 7.66011 7.6
      vertex 64.8288 7.58603 7.6
    endloop
  endfacet
  facet normal 0.382766 0.923846 0
    outer loop
      vertex 64.65 7.66011 7.6
      vertex 64.8288 7.58603 6.98
      vertex 64.65 7.66011 6.98
    endloop
  endfacet
  facet normal 0.382766 0.923846 -0
    outer loop
      vertex 64.8288 7.58603 5.4
      vertex 64.65 7.66011 6.5
      vertex 64.8288 7.58603 6.5
    endloop
  endfacet
  facet normal 0.382766 0.923846 0
    outer loop
      vertex 64.65 7.66011 6.5
      vertex 64.8288 7.58603 5.4
      vertex 64.65 7.66011 5.4
    endloop
  endfacet
  facet normal 0.760483 0.649358 0
    outer loop
      vertex 65.2815 7.19943 7.6
      vertex 65.1516 7.35156 6.98
      vertex 65.1516 7.35156 7.6
    endloop
  endfacet
  facet normal 0.760483 0.649358 0
    outer loop
      vertex 65.1516 7.35156 6.98
      vertex 65.2815 7.19943 7.6
      vertex 65.2815 7.19943 6.98
    endloop
  endfacet
  facet normal 0.760483 0.649358 0
    outer loop
      vertex 65.2815 7.19943 6.5
      vertex 65.1516 7.35156 5.4
      vertex 65.1516 7.35156 6.5
    endloop
  endfacet
  facet normal 0.760483 0.649358 0
    outer loop
      vertex 65.1516 7.35156 5.4
      vertex 65.2815 7.19943 6.5
      vertex 65.2815 7.19943 5.4
    endloop
  endfacet
  facet normal -0.522448 0.852671 0
    outer loop
      vertex 63.6712 7.58603 5.4
      vertex 63.5006 7.4815 6.5
      vertex 63.6712 7.58603 6.5
    endloop
  endfacet
  facet normal -0.522448 0.852671 0
    outer loop
      vertex 63.5006 7.4815 6.5
      vertex 63.6712 7.58603 5.4
      vertex 63.5006 7.4815 5.4
    endloop
  endfacet
  facet normal -0.522448 0.852671 0
    outer loop
      vertex 63.6712 7.58603 6.98
      vertex 63.5006 7.4815 7.6
      vertex 63.6712 7.58603 7.6
    endloop
  endfacet
  facet normal -0.522448 0.852671 0
    outer loop
      vertex 63.5006 7.4815 7.6
      vertex 63.6712 7.58603 6.98
      vertex 63.5006 7.4815 6.98
    endloop
  endfacet
  facet normal 0.996916 -0.0784737 0
    outer loop
      vertex 65.5093 6.25055 6.5
      vertex 65.525 6.45 5.4
      vertex 65.525 6.45 6.5
    endloop
  endfacet
  facet normal 0.996916 -0.0784737 0
    outer loop
      vertex 65.525 6.45 5.4
      vertex 65.5093 6.25055 6.5
      vertex 65.5093 6.25055 5.4
    endloop
  endfacet
  facet normal 0.996916 -0.0784737 0
    outer loop
      vertex 65.5093 6.25055 7.6
      vertex 65.525 6.45 6.98
      vertex 65.525 6.45 7.6
    endloop
  endfacet
  facet normal 0.996916 -0.0784737 0
    outer loop
      vertex 65.525 6.45 6.98
      vertex 65.5093 6.25055 7.6
      vertex 65.5093 6.25055 6.98
    endloop
  endfacet
  facet normal -0.6493 0.760532 0
    outer loop
      vertex 63.5006 7.4815 6.98
      vertex 63.3484 7.35156 7.6
      vertex 63.5006 7.4815 7.6
    endloop
  endfacet
  facet normal -0.6493 0.760532 0
    outer loop
      vertex 63.3484 7.35156 7.6
      vertex 63.5006 7.4815 6.98
      vertex 63.3484 7.35156 6.98
    endloop
  endfacet
  facet normal -0.6493 0.760532 0
    outer loop
      vertex 63.5006 7.4815 5.4
      vertex 63.3484 7.35156 6.5
      vertex 63.5006 7.4815 6.5
    endloop
  endfacet
  facet normal -0.6493 0.760532 0
    outer loop
      vertex 63.3484 7.35156 6.5
      vertex 63.5006 7.4815 5.4
      vertex 63.3484 7.35156 5.4
    endloop
  endfacet
  facet normal -0.923815 -0.38284 0
    outer loop
      vertex 63.114 5.87116 6.98
      vertex 63.0374 6.056 7.6
      vertex 63.0374 6.056 6.98
    endloop
  endfacet
  facet normal -0.923815 -0.38284 0
    outer loop
      vertex 63.0374 6.056 7.6
      vertex 63.114 5.87116 6.98
      vertex 63.114 5.87116 7.6
    endloop
  endfacet
  facet normal -0.923815 -0.38284 0
    outer loop
      vertex 63.114 5.87116 5.4
      vertex 63.0374 6.056 6.5
      vertex 63.0374 6.056 5.4
    endloop
  endfacet
  facet normal -0.923815 -0.38284 0
    outer loop
      vertex 63.0374 6.056 6.5
      vertex 63.114 5.87116 5.4
      vertex 63.114 5.87116 6.5
    endloop
  endfacet
  facet normal -0.6493 -0.760532 0
    outer loop
      vertex 63.3484 5.54844 5.4
      vertex 63.5006 5.4185 6.5
      vertex 63.3484 5.54844 6.5
    endloop
  endfacet
  facet normal -0.6493 -0.760532 -0
    outer loop
      vertex 63.5006 5.4185 6.5
      vertex 63.3484 5.54844 5.4
      vertex 63.5006 5.4185 5.4
    endloop
  endfacet
  facet normal -0.6493 -0.760532 0
    outer loop
      vertex 63.3484 5.54844 6.98
      vertex 63.5006 5.4185 7.6
      vertex 63.3484 5.54844 7.6
    endloop
  endfacet
  facet normal -0.6493 -0.760532 -0
    outer loop
      vertex 63.5006 5.4185 7.6
      vertex 63.3484 5.54844 6.98
      vertex 63.5006 5.4185 6.98
    endloop
  endfacet
  facet normal 0.382766 -0.923846 0
    outer loop
      vertex 64.65 5.23989 6.98
      vertex 64.8288 5.31397 7.6
      vertex 64.65 5.23989 7.6
    endloop
  endfacet
  facet normal 0.382766 -0.923846 0
    outer loop
      vertex 64.8288 5.31397 7.6
      vertex 64.65 5.23989 6.98
      vertex 64.8288 5.31397 6.98
    endloop
  endfacet
  facet normal 0.382766 -0.923846 0
    outer loop
      vertex 64.65 5.23989 5.4
      vertex 64.8288 5.31397 6.5
      vertex 64.65 5.23989 6.5
    endloop
  endfacet
  facet normal 0.382766 -0.923846 0
    outer loop
      vertex 64.8288 5.31397 6.5
      vertex 64.65 5.23989 5.4
      vertex 64.8288 5.31397 5.4
    endloop
  endfacet
  facet normal 0.522448 0.852671 -0
    outer loop
      vertex 64.9994 7.4815 6.98
      vertex 64.8288 7.58603 7.6
      vertex 64.9994 7.4815 7.6
    endloop
  endfacet
  facet normal 0.522448 0.852671 0
    outer loop
      vertex 64.8288 7.58603 7.6
      vertex 64.9994 7.4815 6.98
      vertex 64.8288 7.58603 6.98
    endloop
  endfacet
  facet normal 0.522448 0.852671 -0
    outer loop
      vertex 64.9994 7.4815 5.4
      vertex 64.8288 7.58603 6.5
      vertex 64.9994 7.4815 6.5
    endloop
  endfacet
  facet normal 0.522448 0.852671 0
    outer loop
      vertex 64.8288 7.58603 6.5
      vertex 64.9994 7.4815 5.4
      vertex 64.8288 7.58603 5.4
    endloop
  endfacet
  facet normal -0.923815 0.38284 0
    outer loop
      vertex 63.0374 6.844 6.98
      vertex 63.114 7.02884 7.6
      vertex 63.114 7.02884 6.98
    endloop
  endfacet
  facet normal -0.923815 0.38284 0
    outer loop
      vertex 63.114 7.02884 7.6
      vertex 63.0374 6.844 6.98
      vertex 63.0374 6.844 7.6
    endloop
  endfacet
  facet normal -0.923815 0.38284 0
    outer loop
      vertex 63.0374 6.844 5.4
      vertex 63.114 7.02884 6.5
      vertex 63.114 7.02884 5.4
    endloop
  endfacet
  facet normal -0.923815 0.38284 0
    outer loop
      vertex 63.114 7.02884 6.5
      vertex 63.0374 6.844 5.4
      vertex 63.0374 6.844 6.5
    endloop
  endfacet
  facet normal 0.6493 0.760532 -0
    outer loop
      vertex 65.1516 7.35156 6.98
      vertex 64.9994 7.4815 7.6
      vertex 65.1516 7.35156 7.6
    endloop
  endfacet
  facet normal 0.6493 0.760532 0
    outer loop
      vertex 64.9994 7.4815 7.6
      vertex 65.1516 7.35156 6.98
      vertex 64.9994 7.4815 6.98
    endloop
  endfacet
  facet normal 0.6493 0.760532 -0
    outer loop
      vertex 65.1516 7.35156 5.4
      vertex 64.9994 7.4815 6.5
      vertex 65.1516 7.35156 6.5
    endloop
  endfacet
  facet normal 0.6493 0.760532 0
    outer loop
      vertex 64.9994 7.4815 6.5
      vertex 65.1516 7.35156 5.4
      vertex 64.9994 7.4815 5.4
    endloop
  endfacet
  facet normal 0 0 -1
    outer loop
      vertex 65.5093 6.25055 5.4
      vertex 65.5093 6.64945 5.4
      vertex 65.525 6.45 5.4
    endloop
  endfacet
  facet normal 0 0 -1
    outer loop
      vertex 65.4626 6.056 5.4
      vertex 65.5093 6.64945 5.4
      vertex 65.5093 6.25055 5.4
    endloop
  endfacet
  facet normal 0 0 -1
    outer loop
      vertex 65.4626 6.056 5.4
      vertex 65.4626 6.844 5.4
      vertex 65.5093 6.64945 5.4
    endloop
  endfacet
  facet normal 0 0 -1
    outer loop
      vertex 65.386 5.87116 5.4
      vertex 65.4626 6.844 5.4
      vertex 65.4626 6.056 5.4
    endloop
  endfacet
  facet normal 0 0 -1
    outer loop
      vertex 65.386 5.87116 5.4
      vertex 65.386 7.02884 5.4
      vertex 65.4626 6.844 5.4
    endloop
  endfacet
  facet normal 0 0 -1
    outer loop
      vertex 65.2815 5.70057 5.4
      vertex 65.386 7.02884 5.4
      vertex 65.386 5.87116 5.4
    endloop
  endfacet
  facet normal 0 0 -1
    outer loop
      vertex 65.2815 5.70057 5.4
      vertex 65.2815 7.19943 5.4
      vertex 65.386 7.02884 5.4
    endloop
  endfacet
  facet normal 0 0 -1
    outer loop
      vertex 65.1516 5.54844 5.4
      vertex 65.2815 7.19943 5.4
      vertex 65.2815 5.70057 5.4
    endloop
  endfacet
  facet normal 0 0 -1
    outer loop
      vertex 65.1516 5.54844 5.4
      vertex 65.1516 7.35156 5.4
      vertex 65.2815 7.19943 5.4
    endloop
  endfacet
  facet normal 0 0 -1
    outer loop
      vertex 64.9994 5.4185 5.4
      vertex 65.1516 7.35156 5.4
      vertex 65.1516 5.54844 5.4
    endloop
  endfacet
  facet normal 0 0 -1
    outer loop
      vertex 64.9994 5.4185 5.4
      vertex 64.9994 7.4815 5.4
      vertex 65.1516 7.35156 5.4
    endloop
  endfacet
  facet normal 0 0 -1
    outer loop
      vertex 64.8288 5.31397 5.4
      vertex 64.9994 7.4815 5.4
      vertex 64.9994 5.4185 5.4
    endloop
  endfacet
  facet normal 0 0 -1
    outer loop
      vertex 64.8288 5.31397 5.4
      vertex 64.8288 7.58603 5.4
      vertex 64.9994 7.4815 5.4
    endloop
  endfacet
  facet normal 0 0 -1
    outer loop
      vertex 64.65 5.23989 5.4
      vertex 64.8288 7.58603 5.4
      vertex 64.8288 5.31397 5.4
    endloop
  endfacet
  facet normal -0 0 -1
    outer loop
      vertex 64.8288 7.58603 5.4
      vertex 64.65 5.23989 5.4
      vertex 64.65 7.66011 5.4
    endloop
  endfacet
  facet normal 0 0 -1
    outer loop
      vertex 63.6712 5.31397 5.4
      vertex 63.85 7.66011 5.4
      vertex 63.85 5.23989 5.4
    endloop
  endfacet
  facet normal 0 0 -1
    outer loop
      vertex 63.6712 5.31397 5.4
      vertex 63.6712 7.58603 5.4
      vertex 63.85 7.66011 5.4
    endloop
  endfacet
  facet normal 0 0 -1
    outer loop
      vertex 63.5006 5.4185 5.4
      vertex 63.6712 7.58603 5.4
      vertex 63.6712 5.31397 5.4
    endloop
  endfacet
  facet normal 0 0 -1
    outer loop
      vertex 63.5006 5.4185 5.4
      vertex 63.5006 7.4815 5.4
      vertex 63.6712 7.58603 5.4
    endloop
  endfacet
  facet normal 0 0 -1
    outer loop
      vertex 63.3484 5.54844 5.4
      vertex 63.5006 7.4815 5.4
      vertex 63.5006 5.4185 5.4
    endloop
  endfacet
  facet normal 0 0 -1
    outer loop
      vertex 63.3484 5.54844 5.4
      vertex 63.3484 7.35156 5.4
      vertex 63.5006 7.4815 5.4
    endloop
  endfacet
  facet normal 0 0 -1
    outer loop
      vertex 63.2185 5.70057 5.4
      vertex 63.3484 7.35156 5.4
      vertex 63.3484 5.54844 5.4
    endloop
  endfacet
  facet normal 0 0 -1
    outer loop
      vertex 63.2185 5.70057 5.4
      vertex 63.2185 7.19943 5.4
      vertex 63.3484 7.35156 5.4
    endloop
  endfacet
  facet normal 0 0 -1
    outer loop
      vertex 63.114 5.87116 5.4
      vertex 63.2185 7.19943 5.4
      vertex 63.2185 5.70057 5.4
    endloop
  endfacet
  facet normal 0 0 -1
    outer loop
      vertex 63.114 5.87116 5.4
      vertex 63.114 7.02884 5.4
      vertex 63.2185 7.19943 5.4
    endloop
  endfacet
  facet normal 0 0 -1
    outer loop
      vertex 63.0374 6.056 5.4
      vertex 63.114 7.02884 5.4
      vertex 63.114 5.87116 5.4
    endloop
  endfacet
  facet normal 0 0 -1
    outer loop
      vertex 63.0374 6.056 5.4
      vertex 63.0374 6.844 5.4
      vertex 63.114 7.02884 5.4
    endloop
  endfacet
  facet normal 0 0 -1
    outer loop
      vertex 62.9907 6.25055 5.4
      vertex 63.0374 6.844 5.4
      vertex 63.0374 6.056 5.4
    endloop
  endfacet
  facet normal 0 0 -1
    outer loop
      vertex 62.9907 6.25055 5.4
      vertex 62.9907 6.64945 5.4
      vertex 63.0374 6.844 5.4
    endloop
  endfacet
  facet normal 0 -0 -1
    outer loop
      vertex 62.9907 6.64945 5.4
      vertex 62.9907 6.25055 5.4
      vertex 62.975 6.45 5.4
    endloop
  endfacet
  facet normal 0.6493 -0.760532 0
    outer loop
      vertex 64.9994 5.4185 6.98
      vertex 65.1516 5.54844 7.6
      vertex 64.9994 5.4185 7.6
    endloop
  endfacet
  facet normal 0.6493 -0.760532 0
    outer loop
      vertex 65.1516 5.54844 7.6
      vertex 64.9994 5.4185 6.98
      vertex 65.1516 5.54844 6.98
    endloop
  endfacet
  facet normal 0.6493 -0.760532 0
    outer loop
      vertex 64.9994 5.4185 5.4
      vertex 65.1516 5.54844 6.5
      vertex 64.9994 5.4185 6.5
    endloop
  endfacet
  facet normal 0.6493 -0.760532 0
    outer loop
      vertex 65.1516 5.54844 6.5
      vertex 64.9994 5.4185 5.4
      vertex 65.1516 5.54844 5.4
    endloop
  endfacet
  facet normal 0.522448 -0.852671 0
    outer loop
      vertex 64.8288 5.31397 6.98
      vertex 64.9994 5.4185 7.6
      vertex 64.8288 5.31397 7.6
    endloop
  endfacet
  facet normal 0.522448 -0.852671 0
    outer loop
      vertex 64.9994 5.4185 7.6
      vertex 64.8288 5.31397 6.98
      vertex 64.9994 5.4185 6.98
    endloop
  endfacet
  facet normal 0.522448 -0.852671 0
    outer loop
      vertex 64.8288 5.31397 5.4
      vertex 64.9994 5.4185 6.5
      vertex 64.8288 5.31397 6.5
    endloop
  endfacet
  facet normal 0.522448 -0.852671 0
    outer loop
      vertex 64.9994 5.4185 6.5
      vertex 64.8288 5.31397 5.4
      vertex 64.9994 5.4185 5.4
    endloop
  endfacet
  facet normal -0.281725 0.329987 0.900966
    outer loop
      vertex 63.5006 7.4815 6.98
      vertex 63.1717 7.52834 6.86
      vertex 63.3484 7.35156 6.98
    endloop
  endfacet
  facet normal -0.43248 0.0340821 0.900999
    outer loop
      vertex 62.7438 6.68856 6.86
      vertex 62.725 6.45 6.86
      vertex 62.975 6.45 6.98
    endloop
  endfacet
  facet normal -0.281771 0.3298 0.90102
    outer loop
      vertex 63.3536 7.68375 6.86
      vertex 63.1717 7.52834 6.86
      vertex 63.5006 7.4815 6.98
    endloop
  endfacet
  facet normal -0.281725 -0.329987 0.900966
    outer loop
      vertex 63.3484 5.54844 6.98
      vertex 63.1717 5.37166 6.86
      vertex 63.5006 5.4185 6.98
    endloop
  endfacet
  facet normal -0.318104 -0.372325 -0.871885
    outer loop
      vertex 63.3536 5.21625 6.64
      vertex 63.1717 5.37166 6.64
      vertex 63.5006 5.4185 6.5
    endloop
  endfacet
  facet normal -0.226597 0.369899 0.901015
    outer loop
      vertex 63.5577 7.80878 6.86
      vertex 63.3536 7.68375 6.86
      vertex 63.5006 7.4815 6.98
    endloop
  endfacet
  facet normal -0.996909 -0.0785626 0
    outer loop
      vertex 62.7438 6.21144 6.64
      vertex 62.725 6.45 6.86
      vertex 62.725 6.45 6.64
    endloop
  endfacet
  facet normal -0.996909 -0.0785626 0
    outer loop
      vertex 62.725 6.45 6.86
      vertex 62.7438 6.21144 6.64
      vertex 62.7438 6.21144 6.86
    endloop
  endfacet
  facet normal -0.417572 0.255796 -0.871896
    outer loop
      vertex 63.114 7.02884 6.5
      vertex 62.8912 7.14233 6.64
      vertex 63.2185 7.19943 6.5
    endloop
  endfacet
  facet normal -0.43251 0.0340457 0.900986
    outer loop
      vertex 62.9907 6.64945 6.98
      vertex 62.7438 6.68856 6.86
      vertex 62.975 6.45 6.98
    endloop
  endfacet
  facet normal -0.452373 -0.187469 -0.871903
    outer loop
      vertex 63.114 5.87116 6.5
      vertex 62.8912 5.75766 6.64
      vertex 63.0374 6.056 6.5
    endloop
  endfacet
  facet normal 0.522369 0.85272 -0
    outer loop
      vertex 65.1464 7.68375 6.64
      vertex 64.9423 7.80878 6.86
      vertex 65.1464 7.68375 6.86
    endloop
  endfacet
  facet normal 0.522369 0.85272 0
    outer loop
      vertex 64.9423 7.80878 6.86
      vertex 65.1464 7.68375 6.64
      vertex 64.9423 7.80878 6.64
    endloop
  endfacet
  facet normal -0.476208 -0.114197 -0.871886
    outer loop
      vertex 62.7996 5.97875 6.64
      vertex 62.7438 6.21144 6.64
      vertex 63.0374 6.056 6.5
    endloop
  endfacet
  facet normal -0.101222 0.421809 0.901017
    outer loop
      vertex 63.85 7.91747 6.86
      vertex 63.7787 7.90036 6.86
      vertex 63.85 7.68107 6.97067
    endloop
  endfacet
  facet normal -0.372515 -0.318081 -0.871813
    outer loop
      vertex 63.3484 5.54844 6.5
      vertex 63.1717 5.37166 6.64
      vertex 63.2185 5.70057 6.5
    endloop
  endfacet
  facet normal -0.187432 0.452487 -0.871851
    outer loop
      vertex 63.5577 7.80878 6.64
      vertex 63.85 7.68107 6.51088
      vertex 63.85 7.66554 6.50282
    endloop
  endfacet
  facet normal -0.187476 0.452415 -0.871879
    outer loop
      vertex 63.85 7.68107 6.51088
      vertex 63.5577 7.80878 6.64
      vertex 63.7787 7.90036 6.64
    endloop
  endfacet
  facet normal -0.488274 0.0384352 -0.871843
    outer loop
      vertex 62.975 6.45 6.5
      vertex 62.7438 6.68856 6.64
      vertex 62.9907 6.64945 6.5
    endloop
  endfacet
  facet normal 0.114277 -0.476211 -0.871874
    outer loop
      vertex 64.7213 4.99964 6.64
      vertex 64.65 4.98253 6.64
      vertex 64.65 5.21893 6.51088
    endloop
  endfacet
  facet normal -0.165687 -0.401386 0.900798
    outer loop
      vertex 63.5577 5.09122 6.86
      vertex 63.85 5.21893 6.97067
      vertex 63.85 5.23446 6.97759
    endloop
  endfacet
  facet normal -0.166058 -0.40073 0.901022
    outer loop
      vertex 63.85 5.21893 6.97067
      vertex 63.5577 5.09122 6.86
      vertex 63.7787 4.99964 6.86
    endloop
  endfacet
  facet normal 0.187476 -0.452415 -0.871879
    outer loop
      vertex 64.65 5.21893 6.51088
      vertex 64.9423 5.09122 6.64
      vertex 64.7213 4.99964 6.64
    endloop
  endfacet
  facet normal 0.187432 -0.452487 -0.871851
    outer loop
      vertex 64.9423 5.09122 6.64
      vertex 64.65 5.21893 6.51088
      vertex 64.65 5.23446 6.50282
    endloop
  endfacet
  facet normal -0.369887 -0.226795 0.90097
    outer loop
      vertex 63.2185 5.70057 6.98
      vertex 62.8912 5.75766 6.86
      vertex 63.0163 5.55363 6.86
    endloop
  endfacet
  facet normal -0.255815 0.417594 -0.87188
    outer loop
      vertex 63.5006 7.4815 6.5
      vertex 63.3536 7.68375 6.64
      vertex 63.5577 7.80878 6.64
    endloop
  endfacet
  facet normal 0.318104 -0.372325 -0.871885
    outer loop
      vertex 65.1464 5.21625 6.64
      vertex 64.9994 5.4185 6.5
      vertex 65.3283 5.37166 6.64
    endloop
  endfacet
  facet normal -0.372478 -0.318091 -0.871824
    outer loop
      vertex 63.1717 5.37166 6.64
      vertex 63.0163 5.55363 6.64
      vertex 63.2185 5.70057 6.5
    endloop
  endfacet
  facet normal 0.488274 0.0384352 -0.871843
    outer loop
      vertex 65.525 6.45 6.5
      vertex 65.5093 6.64945 6.5
      vertex 65.7562 6.68856 6.64
    endloop
  endfacet
  facet normal -0.488274 -0.0384352 -0.871843
    outer loop
      vertex 62.9907 6.25055 6.5
      vertex 62.7438 6.21144 6.64
      vertex 62.975 6.45 6.5
    endloop
  endfacet
  facet normal -0.318046 -0.37253 -0.871819
    outer loop
      vertex 63.5006 5.4185 6.5
      vertex 63.1717 5.37166 6.64
      vertex 63.3484 5.54844 6.5
    endloop
  endfacet
  facet normal 0.101222 -0.421809 0.901017
    outer loop
      vertex 64.65 5.21893 6.97067
      vertex 64.65 4.98253 6.86
      vertex 64.7213 4.99964 6.86
    endloop
  endfacet
  facet normal -0.165751 -0.400058 0.901377
    outer loop
      vertex 63.6712 5.31397 6.98
      vertex 63.85 5.23446 6.97759
      vertex 63.85 5.23989 6.98
    endloop
  endfacet
  facet normal -0.166072 -0.400768 0.901002
    outer loop
      vertex 63.85 5.23446 6.97759
      vertex 63.6712 5.31397 6.98
      vertex 63.5577 5.09122 6.86
    endloop
  endfacet
  facet normal 0.187432 0.452487 -0.871851
    outer loop
      vertex 64.65 7.68107 6.51088
      vertex 64.9423 7.80878 6.64
      vertex 64.65 7.66554 6.50282
    endloop
  endfacet
  facet normal 0.187476 0.452415 -0.871879
    outer loop
      vertex 64.9423 7.80878 6.64
      vertex 64.65 7.68107 6.51088
      vertex 64.7213 7.90036 6.64
    endloop
  endfacet
  facet normal 0.233347 0.972393 -0
    outer loop
      vertex 64.7213 7.90036 6.64
      vertex 64.65 7.91747 6.86
      vertex 64.7213 7.90036 6.86
    endloop
  endfacet
  facet normal 0.233347 0.972393 0
    outer loop
      vertex 64.65 7.91747 6.86
      vertex 64.7213 7.90036 6.64
      vertex 64.65 7.91747 6.64
    endloop
  endfacet
  facet normal 0.369872 -0.226576 0.901032
    outer loop
      vertex 65.386 5.87116 6.98
      vertex 65.2815 5.70057 6.98
      vertex 65.6088 5.75766 6.86
    endloop
  endfacet
  facet normal -0.32994 -0.281765 0.900971
    outer loop
      vertex 63.2185 5.70057 6.98
      vertex 63.0163 5.55363 6.86
      vertex 63.1717 5.37166 6.86
    endloop
  endfacet
  facet normal 0.852509 -0.522712 0
    outer loop
      vertex 65.4837 5.55363 6.86
      vertex 65.6088 5.75766 6.64
      vertex 65.6088 5.75766 6.86
    endloop
  endfacet
  facet normal 0.852509 -0.522712 0
    outer loop
      vertex 65.6088 5.75766 6.64
      vertex 65.4837 5.55363 6.86
      vertex 65.4837 5.55363 6.64
    endloop
  endfacet
  facet normal -0.852509 -0.522712 0
    outer loop
      vertex 63.0163 5.55363 6.64
      vertex 62.8912 5.75766 6.86
      vertex 62.8912 5.75766 6.64
    endloop
  endfacet
  facet normal -0.852509 -0.522712 0
    outer loop
      vertex 62.8912 5.75766 6.86
      vertex 63.0163 5.55363 6.64
      vertex 63.0163 5.55363 6.86
    endloop
  endfacet
  facet normal -0.400708 0.166058 0.901031
    outer loop
      vertex 63.114 7.02884 6.98
      vertex 62.8912 7.14233 6.86
      vertex 63.0374 6.844 6.98
    endloop
  endfacet
  facet normal -0.187566 0.45271 -0.871707
    outer loop
      vertex 63.6712 7.58603 6.5
      vertex 63.85 7.66554 6.50282
      vertex 63.85 7.66011 6.5
    endloop
  endfacet
  facet normal -0.187451 0.452458 -0.871862
    outer loop
      vertex 63.85 7.66554 6.50282
      vertex 63.6712 7.58603 6.5
      vertex 63.5577 7.80878 6.64
    endloop
  endfacet
  facet normal -0.488242 -0.0384764 -0.87186
    outer loop
      vertex 62.7438 6.21144 6.64
      vertex 62.725 6.45 6.64
      vertex 62.975 6.45 6.5
    endloop
  endfacet
  facet normal -0.165751 0.400058 0.901377
    outer loop
      vertex 63.85 7.66554 6.97759
      vertex 63.6712 7.58603 6.98
      vertex 63.85 7.66011 6.98
    endloop
  endfacet
  facet normal -0.166072 0.400768 0.901002
    outer loop
      vertex 63.6712 7.58603 6.98
      vertex 63.85 7.66554 6.97759
      vertex 63.5577 7.80878 6.86
    endloop
  endfacet
  facet normal 0.101222 0.421809 0.901017
    outer loop
      vertex 64.65 7.91747 6.86
      vertex 64.65 7.68107 6.97067
      vertex 64.7213 7.90036 6.86
    endloop
  endfacet
  facet normal -0.452415 -0.187441 -0.871887
    outer loop
      vertex 62.8912 5.75766 6.64
      vertex 62.7996 5.97875 6.64
      vertex 63.0374 6.056 6.5
    endloop
  endfacet
  facet normal 0.166072 0.400768 0.901002
    outer loop
      vertex 64.65 7.66554 6.97759
      vertex 64.8288 7.58603 6.98
      vertex 64.9423 7.80878 6.86
    endloop
  endfacet
  facet normal 0.165751 0.400058 0.901377
    outer loop
      vertex 64.8288 7.58603 6.98
      vertex 64.65 7.66554 6.97759
      vertex 64.65 7.66011 6.98
    endloop
  endfacet
  facet normal -0.649575 -0.760297 0
    outer loop
      vertex 63.1717 5.37166 6.64
      vertex 63.3536 5.21625 6.86
      vertex 63.1717 5.37166 6.86
    endloop
  endfacet
  facet normal -0.649575 -0.760297 -0
    outer loop
      vertex 63.3536 5.21625 6.86
      vertex 63.1717 5.37166 6.64
      vertex 63.3536 5.21625 6.64
    endloop
  endfacet
  facet normal -0.476254 0.114321 -0.871844
    outer loop
      vertex 62.9907 6.64945 6.5
      vertex 62.7438 6.68856 6.64
      vertex 63.0374 6.844 6.5
    endloop
  endfacet
  facet normal 0.476254 -0.114321 -0.871844
    outer loop
      vertex 65.7562 6.21144 6.64
      vertex 65.4626 6.056 6.5
      vertex 65.5093 6.25055 6.5
    endloop
  endfacet
  facet normal -0.233347 0.972393 0
    outer loop
      vertex 63.85 7.91747 6.64
      vertex 63.7787 7.90036 6.86
      vertex 63.85 7.91747 6.86
    endloop
  endfacet
  facet normal -0.233347 0.972393 0
    outer loop
      vertex 63.7787 7.90036 6.86
      vertex 63.85 7.91747 6.64
      vertex 63.7787 7.90036 6.64
    endloop
  endfacet
  facet normal -0.226647 0.369902 0.901001
    outer loop
      vertex 63.5577 7.80878 6.86
      vertex 63.5006 7.4815 6.98
      vertex 63.6712 7.58603 6.98
    endloop
  endfacet
  facet normal 0.372478 -0.318091 -0.871824
    outer loop
      vertex 65.3283 5.37166 6.64
      vertex 65.2815 5.70057 6.5
      vertex 65.4837 5.55363 6.64
    endloop
  endfacet
  facet normal 0.421818 0.101154 0.90102
    outer loop
      vertex 65.7004 6.92125 6.86
      vertex 65.4626 6.844 6.98
      vertex 65.7562 6.68856 6.86
    endloop
  endfacet
  facet normal -0.318046 0.37253 -0.871819
    outer loop
      vertex 63.3484 7.35156 6.5
      vertex 63.1717 7.52834 6.64
      vertex 63.5006 7.4815 6.5
    endloop
  endfacet
  facet normal 0.165751 -0.400058 0.901377
    outer loop
      vertex 64.65 5.23446 6.97759
      vertex 64.8288 5.31397 6.98
      vertex 64.65 5.23989 6.98
    endloop
  endfacet
  facet normal 0.166072 -0.400768 0.901002
    outer loop
      vertex 64.8288 5.31397 6.98
      vertex 64.65 5.23446 6.97759
      vertex 64.9423 5.09122 6.86
    endloop
  endfacet
  facet normal 0.649575 0.760297 -0
    outer loop
      vertex 65.3283 7.52834 6.64
      vertex 65.1464 7.68375 6.86
      vertex 65.3283 7.52834 6.86
    endloop
  endfacet
  facet normal 0.649575 0.760297 0
    outer loop
      vertex 65.1464 7.68375 6.86
      vertex 65.3283 7.52834 6.64
      vertex 65.1464 7.68375 6.64
    endloop
  endfacet
  facet normal 0.452415 -0.187441 -0.871887
    outer loop
      vertex 65.6088 5.75766 6.64
      vertex 65.4626 6.056 6.5
      vertex 65.7004 5.97875 6.64
    endloop
  endfacet
  facet normal -0.972431 -0.233193 0
    outer loop
      vertex 62.7996 5.97875 6.64
      vertex 62.7438 6.21144 6.86
      vertex 62.7438 6.21144 6.64
    endloop
  endfacet
  facet normal -0.972431 -0.233193 0
    outer loop
      vertex 62.7438 6.21144 6.86
      vertex 62.7996 5.97875 6.64
      vertex 62.7996 5.97875 6.86
    endloop
  endfacet
  facet normal -0.421818 0.101154 0.90102
    outer loop
      vertex 62.7996 6.92125 6.86
      vertex 62.7438 6.68856 6.86
      vertex 63.0374 6.844 6.98
    endloop
  endfacet
  facet normal 0.226597 0.369899 0.901015
    outer loop
      vertex 65.1464 7.68375 6.86
      vertex 64.9423 7.80878 6.86
      vertex 64.9994 7.4815 6.98
    endloop
  endfacet
  facet normal -0.43248 -0.0340821 0.900999
    outer loop
      vertex 62.975 6.45 6.98
      vertex 62.725 6.45 6.86
      vertex 62.7438 6.21144 6.86
    endloop
  endfacet
  facet normal 0.187566 0.45271 -0.871707
    outer loop
      vertex 64.65 7.66554 6.50282
      vertex 64.8288 7.58603 6.5
      vertex 64.65 7.66011 6.5
    endloop
  endfacet
  facet normal 0.187451 0.452458 -0.871862
    outer loop
      vertex 64.8288 7.58603 6.5
      vertex 64.65 7.66554 6.50282
      vertex 64.9423 7.80878 6.64
    endloop
  endfacet
  facet normal 0.417572 0.255796 -0.871896
    outer loop
      vertex 65.386 7.02884 6.5
      vertex 65.2815 7.19943 6.5
      vertex 65.6088 7.14233 6.64
    endloop
  endfacet
  facet normal -0.372478 0.318091 -0.871824
    outer loop
      vertex 63.2185 7.19943 6.5
      vertex 63.0163 7.34637 6.64
      vertex 63.1717 7.52834 6.64
    endloop
  endfacet
  facet normal -0.40074 0.166039 0.901021
    outer loop
      vertex 62.8912 7.14233 6.86
      vertex 62.7996 6.92125 6.86
      vertex 63.0374 6.844 6.98
    endloop
  endfacet
  facet normal -0.488242 0.0384764 -0.87186
    outer loop
      vertex 62.975 6.45 6.5
      vertex 62.725 6.45 6.64
      vertex 62.7438 6.68856 6.64
    endloop
  endfacet
  facet normal -0.996909 0.0785626 0
    outer loop
      vertex 62.725 6.45 6.64
      vertex 62.7438 6.68856 6.86
      vertex 62.7438 6.68856 6.64
    endloop
  endfacet
  facet normal -0.996909 0.0785626 0
    outer loop
      vertex 62.7438 6.68856 6.86
      vertex 62.725 6.45 6.64
      vertex 62.725 6.45 6.86
    endloop
  endfacet
  facet normal -0.32994 0.281765 0.900971
    outer loop
      vertex 63.1717 7.52834 6.86
      vertex 63.0163 7.34637 6.86
      vertex 63.2185 7.19943 6.98
    endloop
  endfacet
  facet normal 0.329974 -0.281756 0.900961
    outer loop
      vertex 65.2815 5.70057 6.98
      vertex 65.1516 5.54844 6.98
      vertex 65.3283 5.37166 6.86
    endloop
  endfacet
  facet normal 0.281771 -0.3298 0.90102
    outer loop
      vertex 65.3283 5.37166 6.86
      vertex 64.9994 5.4185 6.98
      vertex 65.1464 5.21625 6.86
    endloop
  endfacet
  facet normal -0.226647 -0.369902 0.901001
    outer loop
      vertex 63.6712 5.31397 6.98
      vertex 63.5006 5.4185 6.98
      vertex 63.5577 5.09122 6.86
    endloop
  endfacet
  facet normal -0.226597 -0.369899 0.901015
    outer loop
      vertex 63.5006 5.4185 6.98
      vertex 63.3536 5.21625 6.86
      vertex 63.5577 5.09122 6.86
    endloop
  endfacet
  facet normal -0.281771 -0.3298 0.90102
    outer loop
      vertex 63.5006 5.4185 6.98
      vertex 63.1717 5.37166 6.86
      vertex 63.3536 5.21625 6.86
    endloop
  endfacet
  facet normal -0.187566 -0.45271 -0.871707
    outer loop
      vertex 63.85 5.23446 6.50282
      vertex 63.6712 5.31397 6.5
      vertex 63.85 5.23989 6.5
    endloop
  endfacet
  facet normal -0.187451 -0.452458 -0.871862
    outer loop
      vertex 63.6712 5.31397 6.5
      vertex 63.85 5.23446 6.50282
      vertex 63.5577 5.09122 6.64
    endloop
  endfacet
  facet normal -0.187476 -0.452415 -0.871879
    outer loop
      vertex 63.5577 5.09122 6.64
      vertex 63.85 5.21893 6.51088
      vertex 63.7787 4.99964 6.64
    endloop
  endfacet
  facet normal -0.187432 -0.452487 -0.871851
    outer loop
      vertex 63.85 5.21893 6.51088
      vertex 63.5577 5.09122 6.64
      vertex 63.85 5.23446 6.50282
    endloop
  endfacet
  facet normal -0.166058 0.40073 0.901022
    outer loop
      vertex 63.5577 7.80878 6.86
      vertex 63.85 7.68107 6.97067
      vertex 63.7787 7.90036 6.86
    endloop
  endfacet
  facet normal -0.165687 0.401386 0.900798
    outer loop
      vertex 63.85 7.68107 6.97067
      vertex 63.5577 7.80878 6.86
      vertex 63.85 7.66554 6.97759
    endloop
  endfacet
  facet normal 0.923842 0.382775 0
    outer loop
      vertex 65.7004 6.92125 6.86
      vertex 65.6088 7.14233 6.64
      vertex 65.6088 7.14233 6.86
    endloop
  endfacet
  facet normal 0.923842 0.382775 0
    outer loop
      vertex 65.6088 7.14233 6.64
      vertex 65.7004 6.92125 6.86
      vertex 65.7004 6.92125 6.64
    endloop
  endfacet
  facet normal -0.369893 0.226787 0.90097
    outer loop
      vertex 63.0163 7.34637 6.86
      vertex 62.8912 7.14233 6.86
      vertex 63.2185 7.19943 6.98
    endloop
  endfacet
  facet normal -0.369878 0.22658 0.901028
    outer loop
      vertex 63.2185 7.19943 6.98
      vertex 62.8912 7.14233 6.86
      vertex 63.114 7.02884 6.98
    endloop
  endfacet
  facet normal 0.114277 0.476211 -0.871874
    outer loop
      vertex 64.7213 7.90036 6.64
      vertex 64.65 7.68107 6.51088
      vertex 64.65 7.91747 6.64
    endloop
  endfacet
  facet normal -0.417565 -0.255792 -0.8719
    outer loop
      vertex 63.2185 5.70057 6.5
      vertex 62.8912 5.75766 6.64
      vertex 63.114 5.87116 6.5
    endloop
  endfacet
  facet normal 0.166058 0.40073 0.901022
    outer loop
      vertex 64.65 7.68107 6.97067
      vertex 64.9423 7.80878 6.86
      vertex 64.7213 7.90036 6.86
    endloop
  endfacet
  facet normal 0.165687 0.401386 0.900798
    outer loop
      vertex 64.9423 7.80878 6.86
      vertex 64.65 7.68107 6.97067
      vertex 64.65 7.66554 6.97759
    endloop
  endfacet
  facet normal -0.369872 -0.226576 0.901032
    outer loop
      vertex 63.114 5.87116 6.98
      vertex 62.8912 5.75766 6.86
      vertex 63.2185 5.70057 6.98
    endloop
  endfacet
  facet normal -0.43251 -0.0340457 0.900986
    outer loop
      vertex 62.975 6.45 6.98
      vertex 62.7438 6.21144 6.86
      vertex 62.9907 6.25055 6.98
    endloop
  endfacet
  facet normal 0.226597 -0.369899 0.901015
    outer loop
      vertex 64.9994 5.4185 6.98
      vertex 64.9423 5.09122 6.86
      vertex 65.1464 5.21625 6.86
    endloop
  endfacet
  facet normal -0.421863 -0.101264 0.900987
    outer loop
      vertex 62.9907 6.25055 6.98
      vertex 62.7438 6.21144 6.86
      vertex 63.0374 6.056 6.98
    endloop
  endfacet
  facet normal -0.417575 -0.256034 -0.871824
    outer loop
      vertex 63.0163 5.55363 6.64
      vertex 62.8912 5.75766 6.64
      vertex 63.2185 5.70057 6.5
    endloop
  endfacet
  facet normal -0.329974 -0.281756 0.900961
    outer loop
      vertex 63.2185 5.70057 6.98
      vertex 63.1717 5.37166 6.86
      vertex 63.3484 5.54844 6.98
    endloop
  endfacet
  facet normal 0.476208 0.114197 -0.871886
    outer loop
      vertex 65.7562 6.68856 6.64
      vertex 65.4626 6.844 6.5
      vertex 65.7004 6.92125 6.64
    endloop
  endfacet
  facet normal -0.255869 0.417596 -0.871862
    outer loop
      vertex 63.6712 7.58603 6.5
      vertex 63.5006 7.4815 6.5
      vertex 63.5577 7.80878 6.64
    endloop
  endfacet
  facet normal -0.421863 0.101264 0.900987
    outer loop
      vertex 63.0374 6.844 6.98
      vertex 62.7438 6.68856 6.86
      vertex 62.9907 6.64945 6.98
    endloop
  endfacet
  facet normal -0.760441 -0.649407 0
    outer loop
      vertex 63.1717 5.37166 6.64
      vertex 63.0163 5.55363 6.86
      vertex 63.0163 5.55363 6.64
    endloop
  endfacet
  facet normal -0.760441 -0.649407 0
    outer loop
      vertex 63.0163 5.55363 6.86
      vertex 63.1717 5.37166 6.64
      vertex 63.1717 5.37166 6.86
    endloop
  endfacet
  facet normal -0.400742 -0.166032 0.901021
    outer loop
      vertex 63.0374 6.056 6.98
      vertex 62.7996 5.97875 6.86
      vertex 62.8912 5.75766 6.86
    endloop
  endfacet
  facet normal -0.421818 -0.101154 0.90102
    outer loop
      vertex 63.0374 6.056 6.98
      vertex 62.7438 6.21144 6.86
      vertex 62.7996 5.97875 6.86
    endloop
  endfacet
  facet normal -0.476254 -0.114321 -0.871844
    outer loop
      vertex 63.0374 6.056 6.5
      vertex 62.7438 6.21144 6.64
      vertex 62.9907 6.25055 6.5
    endloop
  endfacet
  facet normal 0.318104 0.372325 -0.871885
    outer loop
      vertex 65.3283 7.52834 6.64
      vertex 64.9994 7.4815 6.5
      vertex 65.1464 7.68375 6.64
    endloop
  endfacet
  facet normal -0.649575 0.760297 0
    outer loop
      vertex 63.3536 7.68375 6.64
      vertex 63.1717 7.52834 6.86
      vertex 63.3536 7.68375 6.86
    endloop
  endfacet
  facet normal -0.649575 0.760297 0
    outer loop
      vertex 63.1717 7.52834 6.86
      vertex 63.3536 7.68375 6.64
      vertex 63.1717 7.52834 6.64
    endloop
  endfacet
  facet normal -0.923848 -0.38276 0
    outer loop
      vertex 62.8912 5.75766 6.64
      vertex 62.7996 5.97875 6.86
      vertex 62.7996 5.97875 6.64
    endloop
  endfacet
  facet normal -0.923848 -0.38276 0
    outer loop
      vertex 62.7996 5.97875 6.86
      vertex 62.8912 5.75766 6.64
      vertex 62.8912 5.75766 6.86
    endloop
  endfacet
  facet normal 0.318046 0.37253 -0.871819
    outer loop
      vertex 65.1516 7.35156 6.5
      vertex 64.9994 7.4815 6.5
      vertex 65.3283 7.52834 6.64
    endloop
  endfacet
  facet normal -0.114277 -0.476211 -0.871874
    outer loop
      vertex 63.85 4.98253 6.64
      vertex 63.7787 4.99964 6.64
      vertex 63.85 5.21893 6.51088
    endloop
  endfacet
  facet normal -0.852521 0.522693 0
    outer loop
      vertex 62.8912 7.14233 6.64
      vertex 63.0163 7.34637 6.86
      vertex 63.0163 7.34637 6.64
    endloop
  endfacet
  facet normal -0.852521 0.522693 0
    outer loop
      vertex 63.0163 7.34637 6.86
      vertex 62.8912 7.14233 6.64
      vertex 62.8912 7.14233 6.86
    endloop
  endfacet
  facet normal -0.452413 0.187448 -0.871886
    outer loop
      vertex 63.0374 6.844 6.5
      vertex 62.7996 6.92125 6.64
      vertex 62.8912 7.14233 6.64
    endloop
  endfacet
  facet normal 0.226647 0.369902 0.901001
    outer loop
      vertex 64.9423 7.80878 6.86
      vertex 64.8288 7.58603 6.98
      vertex 64.9994 7.4815 6.98
    endloop
  endfacet
  facet normal 0.372515 -0.318081 -0.871813
    outer loop
      vertex 65.3283 5.37166 6.64
      vertex 65.1516 5.54844 6.5
      vertex 65.2815 5.70057 6.5
    endloop
  endfacet
  facet normal 0.318046 -0.37253 -0.871819
    outer loop
      vertex 65.3283 5.37166 6.64
      vertex 64.9994 5.4185 6.5
      vertex 65.1516 5.54844 6.5
    endloop
  endfacet
  facet normal 0.421863 -0.101264 0.900987
    outer loop
      vertex 65.5093 6.25055 6.98
      vertex 65.4626 6.056 6.98
      vertex 65.7562 6.21144 6.86
    endloop
  endfacet
  facet normal 0.255869 -0.417596 -0.871862
    outer loop
      vertex 64.9423 5.09122 6.64
      vertex 64.8288 5.31397 6.5
      vertex 64.9994 5.4185 6.5
    endloop
  endfacet
  facet normal 0.43248 -0.0340821 0.900999
    outer loop
      vertex 65.775 6.45 6.86
      vertex 65.525 6.45 6.98
      vertex 65.7562 6.21144 6.86
    endloop
  endfacet
  facet normal 0.281725 -0.329987 0.900966
    outer loop
      vertex 65.1516 5.54844 6.98
      vertex 64.9994 5.4185 6.98
      vertex 65.3283 5.37166 6.86
    endloop
  endfacet
  facet normal 0.32994 -0.281765 0.900971
    outer loop
      vertex 65.4837 5.55363 6.86
      vertex 65.2815 5.70057 6.98
      vertex 65.3283 5.37166 6.86
    endloop
  endfacet
  facet normal 0.421818 -0.101154 0.90102
    outer loop
      vertex 65.7562 6.21144 6.86
      vertex 65.4626 6.056 6.98
      vertex 65.7004 5.97875 6.86
    endloop
  endfacet
  facet normal -0.522369 -0.85272 0
    outer loop
      vertex 63.3536 5.21625 6.64
      vertex 63.5577 5.09122 6.86
      vertex 63.3536 5.21625 6.86
    endloop
  endfacet
  facet normal -0.522369 -0.85272 -0
    outer loop
      vertex 63.5577 5.09122 6.86
      vertex 63.3536 5.21625 6.64
      vertex 63.5577 5.09122 6.64
    endloop
  endfacet
  facet normal 0.760441 0.649407 0
    outer loop
      vertex 65.4837 7.34637 6.86
      vertex 65.3283 7.52834 6.64
      vertex 65.3283 7.52834 6.86
    endloop
  endfacet
  facet normal 0.760441 0.649407 0
    outer loop
      vertex 65.3283 7.52834 6.64
      vertex 65.4837 7.34637 6.86
      vertex 65.4837 7.34637 6.64
    endloop
  endfacet
  facet normal -0.233347 -0.972393 0
    outer loop
      vertex 63.7787 4.99964 6.64
      vertex 63.85 4.98253 6.86
      vertex 63.7787 4.99964 6.86
    endloop
  endfacet
  facet normal -0.233347 -0.972393 -0
    outer loop
      vertex 63.85 4.98253 6.86
      vertex 63.7787 4.99964 6.64
      vertex 63.85 4.98253 6.64
    endloop
  endfacet
  facet normal 0.329974 0.281756 0.900961
    outer loop
      vertex 65.3283 7.52834 6.86
      vertex 65.1516 7.35156 6.98
      vertex 65.2815 7.19943 6.98
    endloop
  endfacet
  facet normal -0.114277 0.476211 -0.871874
    outer loop
      vertex 63.85 7.68107 6.51088
      vertex 63.7787 7.90036 6.64
      vertex 63.85 7.91747 6.64
    endloop
  endfacet
  facet normal -0.522369 0.85272 0
    outer loop
      vertex 63.5577 7.80878 6.64
      vertex 63.3536 7.68375 6.86
      vertex 63.5577 7.80878 6.86
    endloop
  endfacet
  facet normal -0.522369 0.85272 0
    outer loop
      vertex 63.3536 7.68375 6.86
      vertex 63.5577 7.80878 6.64
      vertex 63.3536 7.68375 6.64
    endloop
  endfacet
  facet normal -0.382822 0.923822 0
    outer loop
      vertex 63.7787 7.90036 6.64
      vertex 63.5577 7.80878 6.86
      vertex 63.7787 7.90036 6.86
    endloop
  endfacet
  facet normal -0.382822 0.923822 0
    outer loop
      vertex 63.5577 7.80878 6.86
      vertex 63.7787 7.90036 6.64
      vertex 63.5577 7.80878 6.64
    endloop
  endfacet
  facet normal -0.923842 0.382775 0
    outer loop
      vertex 62.7996 6.92125 6.64
      vertex 62.8912 7.14233 6.86
      vertex 62.8912 7.14233 6.64
    endloop
  endfacet
  facet normal -0.923842 0.382775 0
    outer loop
      vertex 62.8912 7.14233 6.86
      vertex 62.7996 6.92125 6.64
      vertex 62.7996 6.92125 6.86
    endloop
  endfacet
  facet normal -0.318104 0.372325 -0.871885
    outer loop
      vertex 63.5006 7.4815 6.5
      vertex 63.1717 7.52834 6.64
      vertex 63.3536 7.68375 6.64
    endloop
  endfacet
  facet normal 0.452373 -0.187469 -0.871903
    outer loop
      vertex 65.6088 5.75766 6.64
      vertex 65.386 5.87116 6.5
      vertex 65.4626 6.056 6.5
    endloop
  endfacet
  facet normal 0.417565 -0.255792 -0.8719
    outer loop
      vertex 65.6088 5.75766 6.64
      vertex 65.2815 5.70057 6.5
      vertex 65.386 5.87116 6.5
    endloop
  endfacet
  facet normal 0.43251 0.0340457 0.900986
    outer loop
      vertex 65.7562 6.68856 6.86
      vertex 65.5093 6.64945 6.98
      vertex 65.525 6.45 6.98
    endloop
  endfacet
  facet normal -0.329974 0.281756 0.900961
    outer loop
      vertex 63.3484 7.35156 6.98
      vertex 63.1717 7.52834 6.86
      vertex 63.2185 7.19943 6.98
    endloop
  endfacet
  facet normal 0.488274 -0.0384352 -0.871843
    outer loop
      vertex 65.7562 6.21144 6.64
      vertex 65.5093 6.25055 6.5
      vertex 65.525 6.45 6.5
    endloop
  endfacet
  facet normal 0.382822 0.923822 -0
    outer loop
      vertex 64.9423 7.80878 6.64
      vertex 64.7213 7.90036 6.86
      vertex 64.9423 7.80878 6.86
    endloop
  endfacet
  facet normal 0.382822 0.923822 0
    outer loop
      vertex 64.7213 7.90036 6.86
      vertex 64.9423 7.80878 6.64
      vertex 64.7213 7.90036 6.64
    endloop
  endfacet
  facet normal 0.226647 -0.369902 0.901001
    outer loop
      vertex 64.9994 5.4185 6.98
      vertex 64.8288 5.31397 6.98
      vertex 64.9423 5.09122 6.86
    endloop
  endfacet
  facet normal 0.32994 0.281765 0.900971
    outer loop
      vertex 65.3283 7.52834 6.86
      vertex 65.2815 7.19943 6.98
      vertex 65.4837 7.34637 6.86
    endloop
  endfacet
  facet normal 0.369893 0.226787 0.90097
    outer loop
      vertex 65.4837 7.34637 6.86
      vertex 65.2815 7.19943 6.98
      vertex 65.6088 7.14233 6.86
    endloop
  endfacet
  facet normal 0.40074 0.166039 0.901021
    outer loop
      vertex 65.6088 7.14233 6.86
      vertex 65.4626 6.844 6.98
      vertex 65.7004 6.92125 6.86
    endloop
  endfacet
  facet normal 0.372478 0.318091 -0.871824
    outer loop
      vertex 65.4837 7.34637 6.64
      vertex 65.2815 7.19943 6.5
      vertex 65.3283 7.52834 6.64
    endloop
  endfacet
  facet normal 0.372515 0.318081 -0.871813
    outer loop
      vertex 65.2815 7.19943 6.5
      vertex 65.1516 7.35156 6.5
      vertex 65.3283 7.52834 6.64
    endloop
  endfacet
  facet normal 0.421863 0.101264 0.900987
    outer loop
      vertex 65.7562 6.68856 6.86
      vertex 65.4626 6.844 6.98
      vertex 65.5093 6.64945 6.98
    endloop
  endfacet
  facet normal 0.369878 0.22658 0.901028
    outer loop
      vertex 65.6088 7.14233 6.86
      vertex 65.2815 7.19943 6.98
      vertex 65.386 7.02884 6.98
    endloop
  endfacet
  facet normal -0.400703 -0.166056 0.901034
    outer loop
      vertex 63.0374 6.056 6.98
      vertex 62.8912 5.75766 6.86
      vertex 63.114 5.87116 6.98
    endloop
  endfacet
  facet normal 0.476254 0.114321 -0.871844
    outer loop
      vertex 65.5093 6.64945 6.5
      vertex 65.4626 6.844 6.5
      vertex 65.7562 6.68856 6.64
    endloop
  endfacet
  facet normal 0.972431 0.233193 0
    outer loop
      vertex 65.7562 6.68856 6.86
      vertex 65.7004 6.92125 6.64
      vertex 65.7004 6.92125 6.86
    endloop
  endfacet
  facet normal 0.972431 0.233193 0
    outer loop
      vertex 65.7004 6.92125 6.64
      vertex 65.7562 6.68856 6.86
      vertex 65.7562 6.68856 6.64
    endloop
  endfacet
  facet normal 0.452413 0.187448 -0.871886
    outer loop
      vertex 65.7004 6.92125 6.64
      vertex 65.4626 6.844 6.5
      vertex 65.6088 7.14233 6.64
    endloop
  endfacet
  facet normal 0.281771 0.3298 0.90102
    outer loop
      vertex 65.1464 7.68375 6.86
      vertex 64.9994 7.4815 6.98
      vertex 65.3283 7.52834 6.86
    endloop
  endfacet
  facet normal 0.281725 0.329987 0.900966
    outer loop
      vertex 65.3283 7.52834 6.86
      vertex 64.9994 7.4815 6.98
      vertex 65.1516 7.35156 6.98
    endloop
  endfacet
  facet normal 0.43248 0.0340821 0.900999
    outer loop
      vertex 65.7562 6.68856 6.86
      vertex 65.525 6.45 6.98
      vertex 65.775 6.45 6.86
    endloop
  endfacet
  facet normal 0.400703 -0.166056 0.901034
    outer loop
      vertex 65.4626 6.056 6.98
      vertex 65.386 5.87116 6.98
      vertex 65.6088 5.75766 6.86
    endloop
  endfacet
  facet normal 0.255815 0.417594 -0.87188
    outer loop
      vertex 64.9994 7.4815 6.5
      vertex 64.9423 7.80878 6.64
      vertex 65.1464 7.68375 6.64
    endloop
  endfacet
  facet normal 0.255869 0.417596 -0.871862
    outer loop
      vertex 64.9994 7.4815 6.5
      vertex 64.8288 7.58603 6.5
      vertex 64.9423 7.80878 6.64
    endloop
  endfacet
  facet normal 0.972431 -0.233193 0
    outer loop
      vertex 65.7004 5.97875 6.86
      vertex 65.7562 6.21144 6.64
      vertex 65.7562 6.21144 6.86
    endloop
  endfacet
  facet normal 0.972431 -0.233193 0
    outer loop
      vertex 65.7562 6.21144 6.64
      vertex 65.7004 5.97875 6.86
      vertex 65.7004 5.97875 6.64
    endloop
  endfacet
  facet normal 0.187451 -0.452458 -0.871862
    outer loop
      vertex 64.65 5.23446 6.50282
      vertex 64.8288 5.31397 6.5
      vertex 64.9423 5.09122 6.64
    endloop
  endfacet
  facet normal 0.187566 -0.45271 -0.871707
    outer loop
      vertex 64.8288 5.31397 6.5
      vertex 64.65 5.23446 6.50282
      vertex 64.65 5.23989 6.5
    endloop
  endfacet
  facet normal 0.522369 -0.85272 0
    outer loop
      vertex 64.9423 5.09122 6.64
      vertex 65.1464 5.21625 6.86
      vertex 64.9423 5.09122 6.86
    endloop
  endfacet
  facet normal 0.522369 -0.85272 0
    outer loop
      vertex 65.1464 5.21625 6.86
      vertex 64.9423 5.09122 6.64
      vertex 65.1464 5.21625 6.64
    endloop
  endfacet
  facet normal 0.255815 -0.417594 -0.87188
    outer loop
      vertex 65.1464 5.21625 6.64
      vertex 64.9423 5.09122 6.64
      vertex 64.9994 5.4185 6.5
    endloop
  endfacet
  facet normal 0.165687 -0.401386 0.900798
    outer loop
      vertex 64.65 5.21893 6.97067
      vertex 64.9423 5.09122 6.86
      vertex 64.65 5.23446 6.97759
    endloop
  endfacet
  facet normal 0.166058 -0.40073 0.901022
    outer loop
      vertex 64.9423 5.09122 6.86
      vertex 64.65 5.21893 6.97067
      vertex 64.7213 4.99964 6.86
    endloop
  endfacet
  facet normal 0.233347 -0.972393 0
    outer loop
      vertex 64.65 4.98253 6.64
      vertex 64.7213 4.99964 6.86
      vertex 64.65 4.98253 6.86
    endloop
  endfacet
  facet normal 0.233347 -0.972393 0
    outer loop
      vertex 64.7213 4.99964 6.86
      vertex 64.65 4.98253 6.64
      vertex 64.7213 4.99964 6.64
    endloop
  endfacet
  facet normal -0.255815 -0.417594 -0.87188
    outer loop
      vertex 63.5577 5.09122 6.64
      vertex 63.3536 5.21625 6.64
      vertex 63.5006 5.4185 6.5
    endloop
  endfacet
  facet normal -0.255869 -0.417596 -0.871862
    outer loop
      vertex 63.5577 5.09122 6.64
      vertex 63.5006 5.4185 6.5
      vertex 63.6712 5.31397 6.5
    endloop
  endfacet
  facet normal -0.101222 -0.421809 0.901017
    outer loop
      vertex 63.85 5.21893 6.97067
      vertex 63.7787 4.99964 6.86
      vertex 63.85 4.98253 6.86
    endloop
  endfacet
  facet normal 0.400708 0.166058 0.901031
    outer loop
      vertex 65.6088 7.14233 6.86
      vertex 65.386 7.02884 6.98
      vertex 65.4626 6.844 6.98
    endloop
  endfacet
  facet normal -0.382822 -0.923822 0
    outer loop
      vertex 63.5577 5.09122 6.64
      vertex 63.7787 4.99964 6.86
      vertex 63.5577 5.09122 6.86
    endloop
  endfacet
  facet normal -0.382822 -0.923822 -0
    outer loop
      vertex 63.7787 4.99964 6.86
      vertex 63.5577 5.09122 6.64
      vertex 63.7787 4.99964 6.64
    endloop
  endfacet
  facet normal -0.372515 0.318081 -0.871813
    outer loop
      vertex 63.2185 7.19943 6.5
      vertex 63.1717 7.52834 6.64
      vertex 63.3484 7.35156 6.5
    endloop
  endfacet
  facet normal -0.760441 0.649407 0
    outer loop
      vertex 63.0163 7.34637 6.64
      vertex 63.1717 7.52834 6.86
      vertex 63.1717 7.52834 6.64
    endloop
  endfacet
  facet normal -0.760441 0.649407 0
    outer loop
      vertex 63.1717 7.52834 6.86
      vertex 63.0163 7.34637 6.64
      vertex 63.0163 7.34637 6.86
    endloop
  endfacet
  facet normal -0.417581 0.256025 -0.871824
    outer loop
      vertex 63.2185 7.19943 6.5
      vertex 62.8912 7.14233 6.64
      vertex 63.0163 7.34637 6.64
    endloop
  endfacet
  facet normal 0.452378 0.187471 -0.871899
    outer loop
      vertex 65.4626 6.844 6.5
      vertex 65.386 7.02884 6.5
      vertex 65.6088 7.14233 6.64
    endloop
  endfacet
  facet normal 0.852521 0.522693 0
    outer loop
      vertex 65.6088 7.14233 6.86
      vertex 65.4837 7.34637 6.64
      vertex 65.4837 7.34637 6.86
    endloop
  endfacet
  facet normal 0.852521 0.522693 0
    outer loop
      vertex 65.4837 7.34637 6.64
      vertex 65.6088 7.14233 6.86
      vertex 65.6088 7.14233 6.64
    endloop
  endfacet
  facet normal 0.417581 0.256025 -0.871824
    outer loop
      vertex 65.6088 7.14233 6.64
      vertex 65.2815 7.19943 6.5
      vertex 65.4837 7.34637 6.64
    endloop
  endfacet
  facet normal 0.369887 -0.226795 0.90097
    outer loop
      vertex 65.6088 5.75766 6.86
      vertex 65.2815 5.70057 6.98
      vertex 65.4837 5.55363 6.86
    endloop
  endfacet
  facet normal 0.417575 -0.256034 -0.871824
    outer loop
      vertex 65.4837 5.55363 6.64
      vertex 65.2815 5.70057 6.5
      vertex 65.6088 5.75766 6.64
    endloop
  endfacet
  facet normal 0.476208 -0.114197 -0.871886
    outer loop
      vertex 65.7004 5.97875 6.64
      vertex 65.4626 6.056 6.5
      vertex 65.7562 6.21144 6.64
    endloop
  endfacet
  facet normal 0.43251 -0.0340457 0.900986
    outer loop
      vertex 65.525 6.45 6.98
      vertex 65.5093 6.25055 6.98
      vertex 65.7562 6.21144 6.86
    endloop
  endfacet
  facet normal -0.452378 0.187471 -0.871899
    outer loop
      vertex 63.0374 6.844 6.5
      vertex 62.8912 7.14233 6.64
      vertex 63.114 7.02884 6.5
    endloop
  endfacet
  facet normal 0.382822 -0.923822 0
    outer loop
      vertex 64.7213 4.99964 6.64
      vertex 64.9423 5.09122 6.86
      vertex 64.7213 4.99964 6.86
    endloop
  endfacet
  facet normal 0.382822 -0.923822 0
    outer loop
      vertex 64.9423 5.09122 6.86
      vertex 64.7213 4.99964 6.64
      vertex 64.9423 5.09122 6.64
    endloop
  endfacet
  facet normal -0.476208 0.114197 -0.871886
    outer loop
      vertex 63.0374 6.844 6.5
      vertex 62.7438 6.68856 6.64
      vertex 62.7996 6.92125 6.64
    endloop
  endfacet
  facet normal -0.972431 0.233193 0
    outer loop
      vertex 62.7438 6.68856 6.64
      vertex 62.7996 6.92125 6.86
      vertex 62.7996 6.92125 6.64
    endloop
  endfacet
  facet normal -0.972431 0.233193 0
    outer loop
      vertex 62.7996 6.92125 6.86
      vertex 62.7438 6.68856 6.64
      vertex 62.7438 6.68856 6.86
    endloop
  endfacet
  facet normal 0.649575 -0.760297 0
    outer loop
      vertex 65.1464 5.21625 6.64
      vertex 65.3283 5.37166 6.86
      vertex 65.1464 5.21625 6.86
    endloop
  endfacet
  facet normal 0.649575 -0.760297 0
    outer loop
      vertex 65.3283 5.37166 6.86
      vertex 65.1464 5.21625 6.64
      vertex 65.3283 5.37166 6.64
    endloop
  endfacet
  facet normal 0.760441 -0.649407 0
    outer loop
      vertex 65.3283 5.37166 6.86
      vertex 65.4837 5.55363 6.64
      vertex 65.4837 5.55363 6.86
    endloop
  endfacet
  facet normal 0.760441 -0.649407 0
    outer loop
      vertex 65.4837 5.55363 6.64
      vertex 65.3283 5.37166 6.86
      vertex 65.3283 5.37166 6.64
    endloop
  endfacet
  facet normal 0.400742 -0.166032 0.901021
    outer loop
      vertex 65.7004 5.97875 6.86
      vertex 65.4626 6.056 6.98
      vertex 65.6088 5.75766 6.86
    endloop
  endfacet
  facet normal 0.488242 0.0384764 -0.87186
    outer loop
      vertex 65.775 6.45 6.64
      vertex 65.525 6.45 6.5
      vertex 65.7562 6.68856 6.64
    endloop
  endfacet
  facet normal 0.996909 0.0785626 0
    outer loop
      vertex 65.775 6.45 6.86
      vertex 65.7562 6.68856 6.64
      vertex 65.7562 6.68856 6.86
    endloop
  endfacet
  facet normal 0.996909 0.0785626 0
    outer loop
      vertex 65.7562 6.68856 6.64
      vertex 65.775 6.45 6.86
      vertex 65.775 6.45 6.64
    endloop
  endfacet
  facet normal 0.923848 -0.38276 0
    outer loop
      vertex 65.6088 5.75766 6.86
      vertex 65.7004 5.97875 6.64
      vertex 65.7004 5.97875 6.86
    endloop
  endfacet
  facet normal 0.923848 -0.38276 0
    outer loop
      vertex 65.7004 5.97875 6.64
      vertex 65.6088 5.75766 6.86
      vertex 65.6088 5.75766 6.64
    endloop
  endfacet
  facet normal 0.996909 -0.0785626 0
    outer loop
      vertex 65.7562 6.21144 6.86
      vertex 65.775 6.45 6.64
      vertex 65.775 6.45 6.86
    endloop
  endfacet
  facet normal 0.996909 -0.0785626 0
    outer loop
      vertex 65.775 6.45 6.64
      vertex 65.7562 6.21144 6.86
      vertex 65.7562 6.21144 6.64
    endloop
  endfacet
  facet normal 0.488242 -0.0384764 -0.87186
    outer loop
      vertex 65.7562 6.21144 6.64
      vertex 65.525 6.45 6.5
      vertex 65.775 6.45 6.64
    endloop
  endfacet
  facet normal 0.382694 -0.923875 0
    outer loop
      vertex 65.2389 3.40662 2.2
      vertex 65.7028 3.59878 5.4
      vertex 65.2389 3.40662 5.4
    endloop
  endfacet
  facet normal 0.382694 -0.923875 0
    outer loop
      vertex 65.7028 3.59878 5.4
      vertex 65.2389 3.40662 2.2
      vertex 65.7028 3.59878 2.2
    endloop
  endfacet
  facet normal 0.972379 0.233406 0
    outer loop
      vertex 67.4106 6.95059 5.4
      vertex 67.2934 7.43885 2.2
      vertex 67.2934 7.43885 5.4
    endloop
  endfacet
  facet normal 0.972379 0.233406 0
    outer loop
      vertex 67.2934 7.43885 2.2
      vertex 67.4106 6.95059 5.4
      vertex 67.4106 6.95059 2.2
    endloop
  endfacet
  facet normal 0.996917 0.0784645 0
    outer loop
      vertex 67.45 6.45 5.4
      vertex 67.4106 6.95059 2.2
      vertex 67.4106 6.95059 5.4
    endloop
  endfacet
  facet normal 0.996917 0.0784645 0
    outer loop
      vertex 67.4106 6.95059 2.2
      vertex 67.45 6.45 5.4
      vertex 67.45 6.45 2.2
    endloop
  endfacet
  facet normal 0.852697 -0.522405 0
    outer loop
      vertex 66.8389 4.56909 5.4
      vertex 67.1012 4.99723 2.2
      vertex 67.1012 4.99723 5.4
    endloop
  endfacet
  facet normal 0.852697 -0.522405 0
    outer loop
      vertex 67.1012 4.99723 2.2
      vertex 66.8389 4.56909 5.4
      vertex 66.8389 4.56909 2.2
    endloop
  endfacet
  facet normal 0.996917 -0.0784645 0
    outer loop
      vertex 67.4106 5.94941 5.4
      vertex 67.45 6.45 2.2
      vertex 67.45 6.45 5.4
    endloop
  endfacet
  facet normal 0.996917 -0.0784645 0
    outer loop
      vertex 67.45 6.45 2.2
      vertex 67.4106 5.94941 5.4
      vertex 67.4106 5.94941 2.2
    endloop
  endfacet
  facet normal 0.0784848 0.996915 0
    outer loop
      vertex 64.7506 9.6106 5.4
      vertex 64.65 9.61852 5.25
      vertex 64.65 9.61852 5.4
    endloop
  endfacet
  facet normal 0.0784848 0.996915 -0
    outer loop
      vertex 64.7506 9.6106 2.2
      vertex 64.65 9.61852 5.25
      vertex 64.7506 9.6106 5.4
    endloop
  endfacet
  facet normal 0.0784629 0.996917 -7.26061e-07
    outer loop
      vertex 64.25 9.65 2.2
      vertex 64.65 9.61852 5.25
      vertex 64.7506 9.6106 2.2
    endloop
  endfacet
  facet normal 0.0784574 0.996917 0
    outer loop
      vertex 64.65 9.61852 5.25
      vertex 64.25 9.65 2.2
      vertex 64.25 9.65 5.25
    endloop
  endfacet
  facet normal 0.972379 -0.233406 0
    outer loop
      vertex 67.2934 5.46115 5.4
      vertex 67.4106 5.94941 2.2
      vertex 67.4106 5.94941 5.4
    endloop
  endfacet
  facet normal 0.972379 -0.233406 0
    outer loop
      vertex 67.4106 5.94941 2.2
      vertex 67.2934 5.46115 5.4
      vertex 67.2934 5.46115 2.2
    endloop
  endfacet
  facet normal -0.233426 -0.972375 0
    outer loop
      vertex 63.2611 3.40662 2.2
      vertex 63.7494 3.2894 5.4
      vertex 63.2611 3.40662 5.4
    endloop
  endfacet
  facet normal -0.233426 -0.972375 -0
    outer loop
      vertex 63.7494 3.2894 5.4
      vertex 63.2611 3.40662 2.2
      vertex 63.7494 3.2894 2.2
    endloop
  endfacet
  facet normal -0.382694 0.923875 0
    outer loop
      vertex 63.2611 9.49338 2.2
      vertex 62.7972 9.30122 5.4
      vertex 63.2611 9.49338 5.4
    endloop
  endfacet
  facet normal -0.382694 0.923875 0
    outer loop
      vertex 62.7972 9.30122 5.4
      vertex 63.2611 9.49338 2.2
      vertex 62.7972 9.30122 2.2
    endloop
  endfacet
  facet normal -0.382694 -0.923875 0
    outer loop
      vertex 62.7972 3.59878 2.2
      vertex 63.2611 3.40662 5.4
      vertex 62.7972 3.59878 5.4
    endloop
  endfacet
  facet normal -0.382694 -0.923875 -0
    outer loop
      vertex 63.2611 3.40662 5.4
      vertex 62.7972 3.59878 2.2
      vertex 63.2611 3.40662 2.2
    endloop
  endfacet
  facet normal -0.233426 0.972375 0
    outer loop
      vertex 63.7494 9.6106 2.2
      vertex 63.2611 9.49338 5.4
      vertex 63.7494 9.6106 5.4
    endloop
  endfacet
  facet normal -0.233426 0.972375 0
    outer loop
      vertex 63.2611 9.49338 5.4
      vertex 63.7494 9.6106 2.2
      vertex 63.2611 9.49338 2.2
    endloop
  endfacet
  facet normal -0.760321 0.649547 0
    outer loop
      vertex 61.6611 8.33091 2.2
      vertex 61.9873 8.71274 5.4
      vertex 61.9873 8.71274 2.2
    endloop
  endfacet
  facet normal -0.760321 0.649547 0
    outer loop
      vertex 61.9873 8.71274 5.4
      vertex 61.6611 8.33091 2.2
      vertex 61.6611 8.33091 5.4
    endloop
  endfacet
  facet normal 0.649473 -0.760384 0
    outer loop
      vertex 66.1309 3.86115 2.2
      vertex 66.5127 4.18726 5.4
      vertex 66.1309 3.86115 5.4
    endloop
  endfacet
  facet normal 0.649473 -0.760384 0
    outer loop
      vertex 66.5127 4.18726 5.4
      vertex 66.1309 3.86115 2.2
      vertex 66.5127 4.18726 2.2
    endloop
  endfacet
  facet normal -0.649473 -0.760384 0
    outer loop
      vertex 61.9873 4.18726 2.2
      vertex 62.3691 3.86115 5.4
      vertex 61.9873 4.18726 5.4
    endloop
  endfacet
  facet normal -0.649473 -0.760384 -0
    outer loop
      vertex 62.3691 3.86115 5.4
      vertex 61.9873 4.18726 2.2
      vertex 62.3691 3.86115 2.2
    endloop
  endfacet
  facet normal -0.972379 -0.233406 0
    outer loop
      vertex 61.2066 5.46115 2.2
      vertex 61.0894 5.94941 5.4
      vertex 61.0894 5.94941 2.2
    endloop
  endfacet
  facet normal -0.972379 -0.233406 0
    outer loop
      vertex 61.0894 5.94941 5.4
      vertex 61.2066 5.46115 2.2
      vertex 61.2066 5.46115 5.4
    endloop
  endfacet
  facet normal -0.972379 0.233406 0
    outer loop
      vertex 61.0894 6.95059 2.2
      vertex 61.2066 7.43885 5.4
      vertex 61.2066 7.43885 2.2
    endloop
  endfacet
  facet normal -0.972379 0.233406 0
    outer loop
      vertex 61.2066 7.43885 5.4
      vertex 61.0894 6.95059 2.2
      vertex 61.0894 6.95059 5.4
    endloop
  endfacet
  facet normal 0.923853 -0.382748 0
    outer loop
      vertex 67.1012 4.99723 5.4
      vertex 67.2934 5.46115 2.2
      vertex 67.2934 5.46115 5.4
    endloop
  endfacet
  facet normal 0.923853 -0.382748 0
    outer loop
      vertex 67.2934 5.46115 2.2
      vertex 67.1012 4.99723 5.4
      vertex 67.1012 4.99723 2.2
    endloop
  endfacet
  facet normal -0.649473 0.760384 0
    outer loop
      vertex 62.3691 9.03885 2.2
      vertex 61.9873 8.71274 5.4
      vertex 62.3691 9.03885 5.4
    endloop
  endfacet
  facet normal -0.649473 0.760384 0
    outer loop
      vertex 61.9873 8.71274 5.4
      vertex 62.3691 9.03885 2.2
      vertex 61.9873 8.71274 2.2
    endloop
  endfacet
  facet normal 0.522542 -0.852614 0
    outer loop
      vertex 65.7028 3.59878 2.2
      vertex 66.1309 3.86115 5.4
      vertex 65.7028 3.59878 5.4
    endloop
  endfacet
  facet normal 0.522542 -0.852614 0
    outer loop
      vertex 66.1309 3.86115 5.4
      vertex 65.7028 3.59878 2.2
      vertex 66.1309 3.86115 2.2
    endloop
  endfacet
  facet normal -0.0784848 -0.996915 0
    outer loop
      vertex 63.7494 3.2894 5.4
      vertex 63.85 3.28148 5.25
      vertex 63.85 3.28148 5.4
    endloop
  endfacet
  facet normal -0.0784848 -0.996915 0
    outer loop
      vertex 63.7494 3.2894 2.2
      vertex 63.85 3.28148 5.25
      vertex 63.7494 3.2894 5.4
    endloop
  endfacet
  facet normal -0.0784629 -0.996917 -7.26061e-07
    outer loop
      vertex 64.25 3.25 2.2
      vertex 63.85 3.28148 5.25
      vertex 63.7494 3.2894 2.2
    endloop
  endfacet
  facet normal -0.0784574 -0.996917 0
    outer loop
      vertex 63.85 3.28148 5.25
      vertex 64.25 3.25 2.2
      vertex 64.25 3.25 5.25
    endloop
  endfacet
  facet normal 0.760321 0.649547 0
    outer loop
      vertex 66.8389 8.33091 5.4
      vertex 66.5127 8.71274 2.2
      vertex 66.5127 8.71274 5.4
    endloop
  endfacet
  facet normal 0.760321 0.649547 0
    outer loop
      vertex 66.5127 8.71274 2.2
      vertex 66.8389 8.33091 5.4
      vertex 66.8389 8.33091 2.2
    endloop
  endfacet
  facet normal 0.760321 -0.649547 0
    outer loop
      vertex 66.5127 4.18726 5.4
      vertex 66.8389 4.56909 2.2
      vertex 66.8389 4.56909 5.4
    endloop
  endfacet
  facet normal 0.760321 -0.649547 0
    outer loop
      vertex 66.8389 4.56909 2.2
      vertex 66.5127 4.18726 5.4
      vertex 66.5127 4.18726 2.2
    endloop
  endfacet
  facet normal -0.852697 -0.522405 0
    outer loop
      vertex 61.6611 4.56909 2.2
      vertex 61.3988 4.99723 5.4
      vertex 61.3988 4.99723 2.2
    endloop
  endfacet
  facet normal -0.852697 -0.522405 0
    outer loop
      vertex 61.3988 4.99723 5.4
      vertex 61.6611 4.56909 2.2
      vertex 61.6611 4.56909 5.4
    endloop
  endfacet
  facet normal 0.382694 0.923875 -0
    outer loop
      vertex 65.7028 9.30122 2.2
      vertex 65.2389 9.49338 5.4
      vertex 65.7028 9.30122 5.4
    endloop
  endfacet
  facet normal 0.382694 0.923875 0
    outer loop
      vertex 65.2389 9.49338 5.4
      vertex 65.7028 9.30122 2.2
      vertex 65.2389 9.49338 2.2
    endloop
  endfacet
  facet normal 0.649473 0.760384 -0
    outer loop
      vertex 66.5127 8.71274 2.2
      vertex 66.1309 9.03885 5.4
      vertex 66.5127 8.71274 5.4
    endloop
  endfacet
  facet normal 0.649473 0.760384 0
    outer loop
      vertex 66.1309 9.03885 5.4
      vertex 66.5127 8.71274 2.2
      vertex 66.1309 9.03885 2.2
    endloop
  endfacet
  facet normal 0.233426 -0.972375 0
    outer loop
      vertex 64.7506 3.2894 2.2
      vertex 65.2389 3.40662 5.4
      vertex 64.7506 3.2894 5.4
    endloop
  endfacet
  facet normal 0.233426 -0.972375 0
    outer loop
      vertex 65.2389 3.40662 5.4
      vertex 64.7506 3.2894 2.2
      vertex 65.2389 3.40662 2.2
    endloop
  endfacet
  facet normal 0.0784574 -0.996917 0
    outer loop
      vertex 64.25 3.25 5.25
      vertex 64.25 3.25 2.2
      vertex 64.65 3.28148 5.25
    endloop
  endfacet
  facet normal 0.0784848 -0.996915 0
    outer loop
      vertex 64.65 3.28148 5.25
      vertex 64.7506 3.2894 5.4
      vertex 64.65 3.28148 5.4
    endloop
  endfacet
  facet normal 0.0784629 -0.996917 -7.26061e-07
    outer loop
      vertex 64.7506 3.2894 2.2
      vertex 64.65 3.28148 5.25
      vertex 64.25 3.25 2.2
    endloop
  endfacet
  facet normal 0.0784848 -0.996915 0
    outer loop
      vertex 64.65 3.28148 5.25
      vertex 64.7506 3.2894 2.2
      vertex 64.7506 3.2894 5.4
    endloop
  endfacet
  facet normal 0.522542 0.852614 -0
    outer loop
      vertex 66.1309 9.03885 2.2
      vertex 65.7028 9.30122 5.4
      vertex 66.1309 9.03885 5.4
    endloop
  endfacet
  facet normal 0.522542 0.852614 0
    outer loop
      vertex 65.7028 9.30122 5.4
      vertex 66.1309 9.03885 2.2
      vertex 65.7028 9.30122 2.2
    endloop
  endfacet
  facet normal -0.923853 0.382748 0
    outer loop
      vertex 61.2066 7.43885 2.2
      vertex 61.3988 7.90277 5.4
      vertex 61.3988 7.90277 2.2
    endloop
  endfacet
  facet normal -0.923853 0.382748 0
    outer loop
      vertex 61.3988 7.90277 5.4
      vertex 61.2066 7.43885 2.2
      vertex 61.2066 7.43885 5.4
    endloop
  endfacet
  facet normal -0.852697 0.522405 0
    outer loop
      vertex 61.3988 7.90277 2.2
      vertex 61.6611 8.33091 5.4
      vertex 61.6611 8.33091 2.2
    endloop
  endfacet
  facet normal -0.852697 0.522405 0
    outer loop
      vertex 61.6611 8.33091 5.4
      vertex 61.3988 7.90277 2.2
      vertex 61.3988 7.90277 5.4
    endloop
  endfacet
  facet normal -0.0784574 0.996917 0
    outer loop
      vertex 64.25 9.65 5.25
      vertex 64.25 9.65 2.2
      vertex 63.85 9.61852 5.25
    endloop
  endfacet
  facet normal -0.0784848 0.996915 0
    outer loop
      vertex 63.85 9.61852 5.25
      vertex 63.7494 9.6106 5.4
      vertex 63.85 9.61852 5.4
    endloop
  endfacet
  facet normal -0.0784629 0.996917 -7.26061e-07
    outer loop
      vertex 63.7494 9.6106 2.2
      vertex 63.85 9.61852 5.25
      vertex 64.25 9.65 2.2
    endloop
  endfacet
  facet normal -0.0784848 0.996915 0
    outer loop
      vertex 63.85 9.61852 5.25
      vertex 63.7494 9.6106 2.2
      vertex 63.7494 9.6106 5.4
    endloop
  endfacet
  facet normal 0.852697 0.522405 0
    outer loop
      vertex 67.1012 7.90277 5.4
      vertex 66.8389 8.33091 2.2
      vertex 66.8389 8.33091 5.4
    endloop
  endfacet
  facet normal 0.852697 0.522405 0
    outer loop
      vertex 66.8389 8.33091 2.2
      vertex 67.1012 7.90277 5.4
      vertex 67.1012 7.90277 2.2
    endloop
  endfacet
  facet normal -0.760321 -0.649547 0
    outer loop
      vertex 61.9873 4.18726 2.2
      vertex 61.6611 4.56909 5.4
      vertex 61.6611 4.56909 2.2
    endloop
  endfacet
  facet normal -0.760321 -0.649547 0
    outer loop
      vertex 61.6611 4.56909 5.4
      vertex 61.9873 4.18726 2.2
      vertex 61.9873 4.18726 5.4
    endloop
  endfacet
  facet normal -0.996917 0.0784645 0
    outer loop
      vertex 61.05 6.45 2.2
      vertex 61.0894 6.95059 5.4
      vertex 61.0894 6.95059 2.2
    endloop
  endfacet
  facet normal -0.996917 0.0784645 0
    outer loop
      vertex 61.0894 6.95059 5.4
      vertex 61.05 6.45 2.2
      vertex 61.05 6.45 5.4
    endloop
  endfacet
  facet normal 0.233426 0.972375 -0
    outer loop
      vertex 65.2389 9.49338 2.2
      vertex 64.7506 9.6106 5.4
      vertex 65.2389 9.49338 5.4
    endloop
  endfacet
  facet normal 0.233426 0.972375 0
    outer loop
      vertex 64.7506 9.6106 5.4
      vertex 65.2389 9.49338 2.2
      vertex 64.7506 9.6106 2.2
    endloop
  endfacet
  facet normal -0.996917 -0.0784645 0
    outer loop
      vertex 61.0894 5.94941 2.2
      vertex 61.05 6.45 5.4
      vertex 61.05 6.45 2.2
    endloop
  endfacet
  facet normal -0.996917 -0.0784645 0
    outer loop
      vertex 61.05 6.45 5.4
      vertex 61.0894 5.94941 2.2
      vertex 61.0894 5.94941 5.4
    endloop
  endfacet
  facet normal 0.923853 0.382748 0
    outer loop
      vertex 67.2934 7.43885 5.4
      vertex 67.1012 7.90277 2.2
      vertex 67.1012 7.90277 5.4
    endloop
  endfacet
  facet normal 0.923853 0.382748 0
    outer loop
      vertex 67.1012 7.90277 2.2
      vertex 67.2934 7.43885 5.4
      vertex 67.2934 7.43885 2.2
    endloop
  endfacet
  facet normal -0.522542 0.852614 0
    outer loop
      vertex 62.7972 9.30122 2.2
      vertex 62.3691 9.03885 5.4
      vertex 62.7972 9.30122 5.4
    endloop
  endfacet
  facet normal -0.522542 0.852614 0
    outer loop
      vertex 62.3691 9.03885 5.4
      vertex 62.7972 9.30122 2.2
      vertex 62.3691 9.03885 2.2
    endloop
  endfacet
  facet normal -0.923853 -0.382748 0
    outer loop
      vertex 61.3988 4.99723 2.2
      vertex 61.2066 5.46115 5.4
      vertex 61.2066 5.46115 2.2
    endloop
  endfacet
  facet normal -0.923853 -0.382748 0
    outer loop
      vertex 61.2066 5.46115 5.4
      vertex 61.3988 4.99723 2.2
      vertex 61.3988 4.99723 5.4
    endloop
  endfacet
  facet normal 0 0 -1
    outer loop
      vertex 67.4106 5.94941 2.2
      vertex 67.4106 6.95059 2.2
      vertex 67.45 6.45 2.2
    endloop
  endfacet
  facet normal 0 0 -1
    outer loop
      vertex 67.2934 5.46115 2.2
      vertex 67.4106 6.95059 2.2
      vertex 67.4106 5.94941 2.2
    endloop
  endfacet
  facet normal 0 0 -1
    outer loop
      vertex 67.2934 5.46115 2.2
      vertex 67.2934 7.43885 2.2
      vertex 67.4106 6.95059 2.2
    endloop
  endfacet
  facet normal 0 0 -1
    outer loop
      vertex 67.1012 4.99723 2.2
      vertex 67.2934 7.43885 2.2
      vertex 67.2934 5.46115 2.2
    endloop
  endfacet
  facet normal 0 0 -1
    outer loop
      vertex 67.1012 4.99723 2.2
      vertex 67.1012 7.90277 2.2
      vertex 67.2934 7.43885 2.2
    endloop
  endfacet
  facet normal 0 0 -1
    outer loop
      vertex 66.8389 4.56909 2.2
      vertex 67.1012 7.90277 2.2
      vertex 67.1012 4.99723 2.2
    endloop
  endfacet
  facet normal 0 0 -1
    outer loop
      vertex 66.8389 4.56909 2.2
      vertex 66.8389 8.33091 2.2
      vertex 67.1012 7.90277 2.2
    endloop
  endfacet
  facet normal 0 0 -1
    outer loop
      vertex 66.5127 4.18726 2.2
      vertex 66.8389 8.33091 2.2
      vertex 66.8389 4.56909 2.2
    endloop
  endfacet
  facet normal 0 0 -1
    outer loop
      vertex 66.5127 4.18726 2.2
      vertex 66.5127 8.71274 2.2
      vertex 66.8389 8.33091 2.2
    endloop
  endfacet
  facet normal 0 0 -1
    outer loop
      vertex 66.1309 3.86115 2.2
      vertex 66.5127 8.71274 2.2
      vertex 66.5127 4.18726 2.2
    endloop
  endfacet
  facet normal 0 0 -1
    outer loop
      vertex 66.1309 3.86115 2.2
      vertex 66.1309 9.03885 2.2
      vertex 66.5127 8.71274 2.2
    endloop
  endfacet
  facet normal 0 0 -1
    outer loop
      vertex 65.7028 3.59878 2.2
      vertex 66.1309 9.03885 2.2
      vertex 66.1309 3.86115 2.2
    endloop
  endfacet
  facet normal 0 0 -1
    outer loop
      vertex 65.7028 3.59878 2.2
      vertex 65.7028 9.30122 2.2
      vertex 66.1309 9.03885 2.2
    endloop
  endfacet
  facet normal 0 0 -1
    outer loop
      vertex 65.2389 3.40662 2.2
      vertex 65.7028 9.30122 2.2
      vertex 65.7028 3.59878 2.2
    endloop
  endfacet
  facet normal 0 0 -1
    outer loop
      vertex 65.2389 3.40662 2.2
      vertex 65.2389 9.49338 2.2
      vertex 65.7028 9.30122 2.2
    endloop
  endfacet
  facet normal 0 0 -1
    outer loop
      vertex 64.7506 3.2894 2.2
      vertex 65.2389 9.49338 2.2
      vertex 65.2389 3.40662 2.2
    endloop
  endfacet
  facet normal 0 0 -1
    outer loop
      vertex 64.7506 3.2894 2.2
      vertex 64.7506 9.6106 2.2
      vertex 65.2389 9.49338 2.2
    endloop
  endfacet
  facet normal 0 0 -1
    outer loop
      vertex 64.25 3.25 2.2
      vertex 64.7506 9.6106 2.2
      vertex 64.7506 3.2894 2.2
    endloop
  endfacet
  facet normal 0 0 -1
    outer loop
      vertex 64.25 3.25 2.2
      vertex 64.25 9.65 2.2
      vertex 64.7506 9.6106 2.2
    endloop
  endfacet
  facet normal 0 0 -1
    outer loop
      vertex 63.7494 3.2894 2.2
      vertex 64.25 9.65 2.2
      vertex 64.25 3.25 2.2
    endloop
  endfacet
  facet normal 0 0 -1
    outer loop
      vertex 63.7494 3.2894 2.2
      vertex 63.7494 9.6106 2.2
      vertex 64.25 9.65 2.2
    endloop
  endfacet
  facet normal 0 0 -1
    outer loop
      vertex 63.2611 3.40662 2.2
      vertex 63.7494 9.6106 2.2
      vertex 63.7494 3.2894 2.2
    endloop
  endfacet
  facet normal 0 0 -1
    outer loop
      vertex 63.2611 3.40662 2.2
      vertex 63.2611 9.49338 2.2
      vertex 63.7494 9.6106 2.2
    endloop
  endfacet
  facet normal 0 0 -1
    outer loop
      vertex 62.7972 3.59878 2.2
      vertex 63.2611 9.49338 2.2
      vertex 63.2611 3.40662 2.2
    endloop
  endfacet
  facet normal 0 0 -1
    outer loop
      vertex 62.7972 3.59878 2.2
      vertex 62.7972 9.30122 2.2
      vertex 63.2611 9.49338 2.2
    endloop
  endfacet
  facet normal 0 0 -1
    outer loop
      vertex 62.3691 3.86115 2.2
      vertex 62.7972 9.30122 2.2
      vertex 62.7972 3.59878 2.2
    endloop
  endfacet
  facet normal 0 0 -1
    outer loop
      vertex 62.3691 3.86115 2.2
      vertex 62.3691 9.03885 2.2
      vertex 62.7972 9.30122 2.2
    endloop
  endfacet
  facet normal 0 0 -1
    outer loop
      vertex 61.9873 4.18726 2.2
      vertex 62.3691 9.03885 2.2
      vertex 62.3691 3.86115 2.2
    endloop
  endfacet
  facet normal 0 0 -1
    outer loop
      vertex 61.9873 4.18726 2.2
      vertex 61.9873 8.71274 2.2
      vertex 62.3691 9.03885 2.2
    endloop
  endfacet
  facet normal 0 0 -1
    outer loop
      vertex 61.6611 4.56909 2.2
      vertex 61.9873 8.71274 2.2
      vertex 61.9873 4.18726 2.2
    endloop
  endfacet
  facet normal 0 0 -1
    outer loop
      vertex 61.6611 4.56909 2.2
      vertex 61.6611 8.33091 2.2
      vertex 61.9873 8.71274 2.2
    endloop
  endfacet
  facet normal 0 0 -1
    outer loop
      vertex 61.3988 4.99723 2.2
      vertex 61.6611 8.33091 2.2
      vertex 61.6611 4.56909 2.2
    endloop
  endfacet
  facet normal 0 0 -1
    outer loop
      vertex 61.3988 4.99723 2.2
      vertex 61.3988 7.90277 2.2
      vertex 61.6611 8.33091 2.2
    endloop
  endfacet
  facet normal 0 0 -1
    outer loop
      vertex 61.2066 5.46115 2.2
      vertex 61.3988 7.90277 2.2
      vertex 61.3988 4.99723 2.2
    endloop
  endfacet
  facet normal 0 0 -1
    outer loop
      vertex 61.2066 5.46115 2.2
      vertex 61.2066 7.43885 2.2
      vertex 61.3988 7.90277 2.2
    endloop
  endfacet
  facet normal 0 0 -1
    outer loop
      vertex 61.0894 5.94941 2.2
      vertex 61.2066 7.43885 2.2
      vertex 61.2066 5.46115 2.2
    endloop
  endfacet
  facet normal 0 0 -1
    outer loop
      vertex 61.0894 5.94941 2.2
      vertex 61.0894 6.95059 2.2
      vertex 61.2066 7.43885 2.2
    endloop
  endfacet
  facet normal 0 -0 -1
    outer loop
      vertex 61.0894 6.95059 2.2
      vertex 61.0894 5.94941 2.2
      vertex 61.05 6.45 2.2
    endloop
  endfacet
  facet normal -0.522542 -0.852614 0
    outer loop
      vertex 62.3691 3.86115 2.2
      vertex 62.7972 3.59878 5.4
      vertex 62.3691 3.86115 5.4
    endloop
  endfacet
  facet normal -0.522542 -0.852614 -0
    outer loop
      vertex 62.7972 3.59878 5.4
      vertex 62.3691 3.86115 2.2
      vertex 62.7972 3.59878 2.2
    endloop
  endfacet
  facet normal 0 0 1
    outer loop
      vertex 67.4106 6.95059 5.4
      vertex 67.4106 5.94941 5.4
      vertex 67.45 6.45 5.4
    endloop
  endfacet
  facet normal 0 0 1
    outer loop
      vertex 67.2934 7.43885 5.4
      vertex 67.4106 5.94941 5.4
      vertex 67.4106 6.95059 5.4
    endloop
  endfacet
  facet normal 0 0 1
    outer loop
      vertex 67.2934 7.43885 5.4
      vertex 67.2934 5.46115 5.4
      vertex 67.4106 5.94941 5.4
    endloop
  endfacet
  facet normal 0 0 1
    outer loop
      vertex 67.1012 7.90277 5.4
      vertex 67.2934 5.46115 5.4
      vertex 67.2934 7.43885 5.4
    endloop
  endfacet
  facet normal 0 0 1
    outer loop
      vertex 67.1012 7.90277 5.4
      vertex 67.1012 4.99723 5.4
      vertex 67.2934 5.46115 5.4
    endloop
  endfacet
  facet normal 0 0 1
    outer loop
      vertex 66.8389 8.33091 5.4
      vertex 67.1012 4.99723 5.4
      vertex 67.1012 7.90277 5.4
    endloop
  endfacet
  facet normal 0 0 1
    outer loop
      vertex 66.8389 8.33091 5.4
      vertex 66.8389 4.56909 5.4
      vertex 67.1012 4.99723 5.4
    endloop
  endfacet
  facet normal 0 0 1
    outer loop
      vertex 66.5127 8.71274 5.4
      vertex 66.8389 4.56909 5.4
      vertex 66.8389 8.33091 5.4
    endloop
  endfacet
  facet normal 0 0 1
    outer loop
      vertex 66.5127 8.71274 5.4
      vertex 66.5127 4.18726 5.4
      vertex 66.8389 4.56909 5.4
    endloop
  endfacet
  facet normal 0 0 1
    outer loop
      vertex 66.1309 9.03885 5.4
      vertex 66.5127 4.18726 5.4
      vertex 66.5127 8.71274 5.4
    endloop
  endfacet
  facet normal 0 0 1
    outer loop
      vertex 66.1309 9.03885 5.4
      vertex 66.1309 3.86115 5.4
      vertex 66.5127 4.18726 5.4
    endloop
  endfacet
  facet normal 0 0 1
    outer loop
      vertex 65.7028 9.30122 5.4
      vertex 66.1309 3.86115 5.4
      vertex 66.1309 9.03885 5.4
    endloop
  endfacet
  facet normal 0 0 1
    outer loop
      vertex 65.7028 9.30122 5.4
      vertex 65.7028 3.59878 5.4
      vertex 66.1309 3.86115 5.4
    endloop
  endfacet
  facet normal 0 0 1
    outer loop
      vertex 64.65 9.61852 5.4
      vertex 65.7028 9.30122 5.4
      vertex 65.2389 9.49338 5.4
    endloop
  endfacet
  facet normal 0 0 1
    outer loop
      vertex 65.7028 9.30122 5.4
      vertex 64.65 9.61852 5.4
      vertex 65.7028 3.59878 5.4
    endloop
  endfacet
  facet normal 0 0 1
    outer loop
      vertex 64.65 9.61852 5.4
      vertex 65.2389 9.49338 5.4
      vertex 64.7506 9.6106 5.4
    endloop
  endfacet
  facet normal 0 0 1
    outer loop
      vertex 64.65 3.28148 5.4
      vertex 65.7028 3.59878 5.4
      vertex 64.65 9.61852 5.4
    endloop
  endfacet
  facet normal 0 0 1
    outer loop
      vertex 65.7028 3.59878 5.4
      vertex 64.65 3.28148 5.4
      vertex 65.2389 3.40662 5.4
    endloop
  endfacet
  facet normal 0 0 1
    outer loop
      vertex 65.2389 3.40662 5.4
      vertex 64.65 3.28148 5.4
      vertex 64.7506 3.2894 5.4
    endloop
  endfacet
  facet normal 0 0 1
    outer loop
      vertex 63.2611 9.49338 5.4
      vertex 63.85 9.61852 5.4
      vertex 63.7494 9.6106 5.4
    endloop
  endfacet
  facet normal 0 0 1
    outer loop
      vertex 62.7972 9.30122 5.4
      vertex 63.85 9.61852 5.4
      vertex 63.2611 9.49338 5.4
    endloop
  endfacet
  facet normal 0 0 1
    outer loop
      vertex 63.85 9.61852 5.4
      vertex 62.7972 9.30122 5.4
      vertex 63.85 3.28148 5.4
    endloop
  endfacet
  facet normal 0 0 1
    outer loop
      vertex 63.85 3.28148 5.4
      vertex 63.2611 3.40662 5.4
      vertex 63.7494 3.2894 5.4
    endloop
  endfacet
  facet normal -0 0 1
    outer loop
      vertex 62.7972 3.59878 5.4
      vertex 63.85 3.28148 5.4
      vertex 62.7972 9.30122 5.4
    endloop
  endfacet
  facet normal 0 0 1
    outer loop
      vertex 63.85 3.28148 5.4
      vertex 62.7972 3.59878 5.4
      vertex 63.2611 3.40662 5.4
    endloop
  endfacet
  facet normal -0 0 1
    outer loop
      vertex 62.3691 9.03885 5.4
      vertex 62.7972 3.59878 5.4
      vertex 62.7972 9.30122 5.4
    endloop
  endfacet
  facet normal 0 0 1
    outer loop
      vertex 62.3691 9.03885 5.4
      vertex 62.3691 3.86115 5.4
      vertex 62.7972 3.59878 5.4
    endloop
  endfacet
  facet normal -0 0 1
    outer loop
      vertex 61.9873 8.71274 5.4
      vertex 62.3691 3.86115 5.4
      vertex 62.3691 9.03885 5.4
    endloop
  endfacet
  facet normal 0 0 1
    outer loop
      vertex 61.9873 8.71274 5.4
      vertex 61.9873 4.18726 5.4
      vertex 62.3691 3.86115 5.4
    endloop
  endfacet
  facet normal -0 0 1
    outer loop
      vertex 61.6611 8.33091 5.4
      vertex 61.9873 4.18726 5.4
      vertex 61.9873 8.71274 5.4
    endloop
  endfacet
  facet normal 0 0 1
    outer loop
      vertex 61.6611 8.33091 5.4
      vertex 61.6611 4.56909 5.4
      vertex 61.9873 4.18726 5.4
    endloop
  endfacet
  facet normal -0 0 1
    outer loop
      vertex 61.3988 7.90277 5.4
      vertex 61.6611 4.56909 5.4
      vertex 61.6611 8.33091 5.4
    endloop
  endfacet
  facet normal 0 0 1
    outer loop
      vertex 61.3988 7.90277 5.4
      vertex 61.3988 4.99723 5.4
      vertex 61.6611 4.56909 5.4
    endloop
  endfacet
  facet normal -0 0 1
    outer loop
      vertex 61.2066 7.43885 5.4
      vertex 61.3988 4.99723 5.4
      vertex 61.3988 7.90277 5.4
    endloop
  endfacet
  facet normal 0 0 1
    outer loop
      vertex 61.2066 7.43885 5.4
      vertex 61.2066 5.46115 5.4
      vertex 61.3988 4.99723 5.4
    endloop
  endfacet
  facet normal -0 0 1
    outer loop
      vertex 61.0894 6.95059 5.4
      vertex 61.2066 5.46115 5.4
      vertex 61.2066 7.43885 5.4
    endloop
  endfacet
  facet normal 0 0 1
    outer loop
      vertex 61.0894 6.95059 5.4
      vertex 61.0894 5.94941 5.4
      vertex 61.2066 5.46115 5.4
    endloop
  endfacet
  facet normal 0 -0 1
    outer loop
      vertex 61.0894 5.94941 5.4
      vertex 61.0894 6.95059 5.4
      vertex 61.05 6.45 5.4
    endloop
  endfacet
  facet normal -1 0 0
    outer loop
      vertex 64.65 3.28148 5.25
      vertex 64.65 9.61852 5.4
      vertex 64.65 9.61852 5.25
    endloop
  endfacet
  facet normal -1 -0 0
    outer loop
      vertex 64.65 9.61852 5.4
      vertex 64.65 3.28148 5.25
      vertex 64.65 3.28148 5.4
    endloop
  endfacet
  facet normal -1 0 0
    outer loop
      vertex 64.65 5.23446 6.50282
      vertex 64.65 5.23989 6.98
      vertex 64.65 5.23989 6.5
    endloop
  endfacet
  facet normal -1 0 0
    outer loop
      vertex 64.65 5.21893 6.51088
      vertex 64.65 5.23989 6.98
      vertex 64.65 5.23446 6.50282
    endloop
  endfacet
  facet normal -1 0 0
    outer loop
      vertex 64.65 5.23989 6.98
      vertex 64.65 5.21893 6.51088
      vertex 64.65 5.23446 6.97759
    endloop
  endfacet
  facet normal -1 0 0
    outer loop
      vertex 64.65 5.21893 6.51088
      vertex 64.65 5.21893 6.97067
      vertex 64.65 5.23446 6.97759
    endloop
  endfacet
  facet normal -1 0 0
    outer loop
      vertex 64.65 4.98253 6.64
      vertex 64.65 5.21893 6.97067
      vertex 64.65 5.21893 6.51088
    endloop
  endfacet
  facet normal -1 0 0
    outer loop
      vertex 64.65 5.21893 6.97067
      vertex 64.65 4.98253 6.64
      vertex 64.65 4.98253 6.86
    endloop
  endfacet
  facet normal -1 0 0
    outer loop
      vertex 64.65 5.23989 6.5
      vertex 64.65 7.66011 6.5
      vertex 64.65 7.66011 5.4
    endloop
  endfacet
  facet normal -1 0 0
    outer loop
      vertex 64.65 7.66011 6.5
      vertex 64.65 5.23989 6.5
      vertex 64.65 7.66011 6.98
    endloop
  endfacet
  facet normal -1 0 0
    outer loop
      vertex 64.65 5.23989 6.5
      vertex 64.65 7.66011 5.4
      vertex 64.65 5.23989 5.4
    endloop
  endfacet
  facet normal -1 0 0
    outer loop
      vertex 64.65 5.23989 6.98
      vertex 64.65 7.66011 6.98
      vertex 64.65 5.23989 6.5
    endloop
  endfacet
  facet normal -1 0 0
    outer loop
      vertex 64.65 7.66011 6.98
      vertex 64.65 5.23989 6.98
      vertex 64.65 7.66011 7.6
    endloop
  endfacet
  facet normal -1 -0 0
    outer loop
      vertex 64.65 7.66011 7.6
      vertex 64.65 5.23989 6.98
      vertex 64.65 5.23989 7.6
    endloop
  endfacet
  facet normal -1 0 0
    outer loop
      vertex 64.65 7.68107 6.97067
      vertex 64.65 7.91747 6.64
      vertex 64.65 7.68107 6.51088
    endloop
  endfacet
  facet normal -1 0 0
    outer loop
      vertex 64.65 7.91747 6.64
      vertex 64.65 7.68107 6.97067
      vertex 64.65 7.91747 6.86
    endloop
  endfacet
  facet normal -1 0 0
    outer loop
      vertex 64.65 7.66011 6.98
      vertex 64.65 7.68107 6.51088
      vertex 64.65 7.66554 6.50282
    endloop
  endfacet
  facet normal -1 0 0
    outer loop
      vertex 64.65 7.68107 6.51088
      vertex 64.65 7.66554 6.97759
      vertex 64.65 7.68107 6.97067
    endloop
  endfacet
  facet normal -1 0 0
    outer loop
      vertex 64.65 7.66011 6.98
      vertex 64.65 7.66554 6.50282
      vertex 64.65 7.66011 6.5
    endloop
  endfacet
  facet normal -1 0 0
    outer loop
      vertex 64.65 7.68107 6.51088
      vertex 64.65 7.66011 6.98
      vertex 64.65 7.66554 6.97759
    endloop
  endfacet
  facet normal 0 0 1
    outer loop
      vertex 63.85 9.61852 5.25
      vertex 64.65 9.61852 5.25
      vertex 64.25 9.65 5.25
    endloop
  endfacet
  facet normal 0 0 1
    outer loop
      vertex 64.65 9.61852 5.25
      vertex 63.85 9.61852 5.25
      vertex 64.65 3.28148 5.25
    endloop
  endfacet
  facet normal 0 0 1
    outer loop
      vertex 63.85 3.28148 5.25
      vertex 64.65 3.28148 5.25
      vertex 63.85 9.61852 5.25
    endloop
  endfacet
  facet normal 0 0 1
    outer loop
      vertex 64.65 3.28148 5.25
      vertex 63.85 3.28148 5.25
      vertex 64.25 3.25 5.25
    endloop
  endfacet
  facet normal 1 0 0
    outer loop
      vertex 63.85 5.21893 6.51088
      vertex 63.85 5.23989 6.98
      vertex 63.85 5.23446 6.97759
    endloop
  endfacet
  facet normal 1 0 0
    outer loop
      vertex 63.85 5.23989 6.98
      vertex 63.85 5.23446 6.50282
      vertex 63.85 5.23989 6.5
    endloop
  endfacet
  facet normal 1 0 0
    outer loop
      vertex 63.85 5.21893 6.51088
      vertex 63.85 5.23446 6.97759
      vertex 63.85 5.21893 6.97067
    endloop
  endfacet
  facet normal 1 0 0
    outer loop
      vertex 63.85 5.23989 6.98
      vertex 63.85 5.21893 6.51088
      vertex 63.85 5.23446 6.50282
    endloop
  endfacet
  facet normal 1 0 0
    outer loop
      vertex 63.85 4.98253 6.64
      vertex 63.85 5.21893 6.97067
      vertex 63.85 4.98253 6.86
    endloop
  endfacet
  facet normal 1 0 0
    outer loop
      vertex 63.85 5.21893 6.97067
      vertex 63.85 4.98253 6.64
      vertex 63.85 5.21893 6.51088
    endloop
  endfacet
  facet normal 1 0 0
    outer loop
      vertex 63.85 5.23989 6.98
      vertex 63.85 7.66011 6.98
      vertex 63.85 7.66011 7.6
    endloop
  endfacet
  facet normal 1 0 0
    outer loop
      vertex 63.85 7.66011 6.98
      vertex 63.85 5.23989 6.98
      vertex 63.85 7.66011 6.5
    endloop
  endfacet
  facet normal 1 0 0
    outer loop
      vertex 63.85 5.23989 6.98
      vertex 63.85 7.66011 7.6
      vertex 63.85 5.23989 7.6
    endloop
  endfacet
  facet normal 1 0 0
    outer loop
      vertex 63.85 7.66011 6.5
      vertex 63.85 5.23989 6.98
      vertex 63.85 5.23989 6.5
    endloop
  endfacet
  facet normal 1 0 0
    outer loop
      vertex 63.85 7.66011 6.5
      vertex 63.85 5.23989 6.5
      vertex 63.85 7.66011 5.4
    endloop
  endfacet
  facet normal 1 0 0
    outer loop
      vertex 63.85 7.66011 5.4
      vertex 63.85 5.23989 6.5
      vertex 63.85 5.23989 5.4
    endloop
  endfacet
  facet normal 1 0 0
    outer loop
      vertex 63.85 7.68107 6.97067
      vertex 63.85 7.91747 6.64
      vertex 63.85 7.91747 6.86
    endloop
  endfacet
  facet normal 1 0 0
    outer loop
      vertex 63.85 7.68107 6.97067
      vertex 63.85 7.68107 6.51088
      vertex 63.85 7.91747 6.64
    endloop
  endfacet
  facet normal 1 0 0
    outer loop
      vertex 63.85 7.66554 6.97759
      vertex 63.85 7.68107 6.51088
      vertex 63.85 7.68107 6.97067
    endloop
  endfacet
  facet normal 1 0 0
    outer loop
      vertex 63.85 7.66011 6.98
      vertex 63.85 7.68107 6.51088
      vertex 63.85 7.66554 6.97759
    endloop
  endfacet
  facet normal 1 0 0
    outer loop
      vertex 63.85 7.68107 6.51088
      vertex 63.85 7.66011 6.98
      vertex 63.85 7.66554 6.50282
    endloop
  endfacet
  facet normal 1 0 0
    outer loop
      vertex 63.85 7.66554 6.50282
      vertex 63.85 7.66011 6.98
      vertex 63.85 7.66011 6.5
    endloop
  endfacet
  facet normal 1 -0 0
    outer loop
      vertex 63.85 3.28148 5.4
      vertex 63.85 9.61852 5.25
      vertex 63.85 9.61852 5.4
    endloop
  endfacet
  facet normal 1 0 0
    outer loop
      vertex 63.85 9.61852 5.25
      vertex 63.85 3.28148 5.4
      vertex 63.85 3.28148 5.25
    endloop
  endfacet
  facet normal 0.972365 -0.233467 0
    outer loop
      vertex 65.4626 28.956 6.5
      vertex 65.5093 29.1505 5.4
      vertex 65.5093 29.1505 6.5
    endloop
  endfacet
  facet normal 0.972365 -0.233467 0
    outer loop
      vertex 65.5093 29.1505 5.4
      vertex 65.4626 28.956 6.5
      vertex 65.4626 28.956 5.4
    endloop
  endfacet
  facet normal 0.972365 -0.233467 0
    outer loop
      vertex 65.4626 28.956 7.6
      vertex 65.5093 29.1505 6.98
      vertex 65.5093 29.1505 7.6
    endloop
  endfacet
  facet normal 0.972365 -0.233467 0
    outer loop
      vertex 65.5093 29.1505 6.98
      vertex 65.4626 28.956 7.6
      vertex 65.4626 28.956 6.98
    endloop
  endfacet
  facet normal 0.972365 0.233467 0
    outer loop
      vertex 65.5093 29.5495 6.5
      vertex 65.4626 29.744 5.4
      vertex 65.4626 29.744 6.5
    endloop
  endfacet
  facet normal 0.972365 0.233467 0
    outer loop
      vertex 65.4626 29.744 5.4
      vertex 65.5093 29.5495 6.5
      vertex 65.5093 29.5495 5.4
    endloop
  endfacet
  facet normal 0.972365 0.233467 0
    outer loop
      vertex 65.5093 29.5495 7.6
      vertex 65.4626 29.744 6.98
      vertex 65.4626 29.744 7.6
    endloop
  endfacet
  facet normal 0.972365 0.233467 0
    outer loop
      vertex 65.4626 29.744 6.98
      vertex 65.5093 29.5495 7.6
      vertex 65.5093 29.5495 6.98
    endloop
  endfacet
  facet normal 0.996918 0.0784542 0
    outer loop
      vertex 65.525 29.35 6.5
      vertex 65.5093 29.5495 5.4
      vertex 65.5093 29.5495 6.5
    endloop
  endfacet
  facet normal 0.996918 0.0784542 0
    outer loop
      vertex 65.5093 29.5495 5.4
      vertex 65.525 29.35 6.5
      vertex 65.525 29.35 5.4
    endloop
  endfacet
  facet normal 0.996918 0.0784542 0
    outer loop
      vertex 65.525 29.35 7.6
      vertex 65.5093 29.5495 6.98
      vertex 65.5093 29.5495 7.6
    endloop
  endfacet
  facet normal 0.996918 0.0784542 0
    outer loop
      vertex 65.5093 29.5495 6.98
      vertex 65.525 29.35 7.6
      vertex 65.525 29.35 6.98
    endloop
  endfacet
  facet normal 0.923785 0.382911 0
    outer loop
      vertex 65.4626 29.744 6.5
      vertex 65.386 29.9288 5.4
      vertex 65.386 29.9288 6.5
    endloop
  endfacet
  facet normal 0.923785 0.382911 0
    outer loop
      vertex 65.386 29.9288 5.4
      vertex 65.4626 29.744 6.5
      vertex 65.4626 29.744 5.4
    endloop
  endfacet
  facet normal 0.923785 0.382911 0
    outer loop
      vertex 65.4626 29.744 7.6
      vertex 65.386 29.9288 6.98
      vertex 65.386 29.9288 7.6
    endloop
  endfacet
  facet normal 0.923785 0.382911 0
    outer loop
      vertex 65.386 29.9288 6.98
      vertex 65.4626 29.744 7.6
      vertex 65.4626 29.744 6.98
    endloop
  endfacet
  facet normal -0 0 1
    outer loop
      vertex 63.6712 30.486 7.6
      vertex 63.85 28.1399 7.6
      vertex 63.85 30.5601 7.6
    endloop
  endfacet
  facet normal 0 0 1
    outer loop
      vertex 63.6712 30.486 7.6
      vertex 63.6712 28.214 7.6
      vertex 63.85 28.1399 7.6
    endloop
  endfacet
  facet normal -0 0 1
    outer loop
      vertex 63.5006 30.3815 7.6
      vertex 63.6712 28.214 7.6
      vertex 63.6712 30.486 7.6
    endloop
  endfacet
  facet normal 0 0 1
    outer loop
      vertex 63.5006 30.3815 7.6
      vertex 63.5006 28.3185 7.6
      vertex 63.6712 28.214 7.6
    endloop
  endfacet
  facet normal -0 0 1
    outer loop
      vertex 63.3484 30.2516 7.6
      vertex 63.5006 28.3185 7.6
      vertex 63.5006 30.3815 7.6
    endloop
  endfacet
  facet normal 0 0 1
    outer loop
      vertex 63.3484 30.2516 7.6
      vertex 63.3484 28.4484 7.6
      vertex 63.5006 28.3185 7.6
    endloop
  endfacet
  facet normal -0 0 1
    outer loop
      vertex 63.2185 30.0994 7.6
      vertex 63.3484 28.4484 7.6
      vertex 63.3484 30.2516 7.6
    endloop
  endfacet
  facet normal 0 0 1
    outer loop
      vertex 63.2185 30.0994 7.6
      vertex 63.2185 28.6006 7.6
      vertex 63.3484 28.4484 7.6
    endloop
  endfacet
  facet normal -0 0 1
    outer loop
      vertex 63.114 29.9288 7.6
      vertex 63.2185 28.6006 7.6
      vertex 63.2185 30.0994 7.6
    endloop
  endfacet
  facet normal 0 0 1
    outer loop
      vertex 63.114 29.9288 7.6
      vertex 63.114 28.7712 7.6
      vertex 63.2185 28.6006 7.6
    endloop
  endfacet
  facet normal -0 0 1
    outer loop
      vertex 63.0374 29.744 7.6
      vertex 63.114 28.7712 7.6
      vertex 63.114 29.9288 7.6
    endloop
  endfacet
  facet normal 0 0 1
    outer loop
      vertex 63.0374 29.744 7.6
      vertex 63.0374 28.956 7.6
      vertex 63.114 28.7712 7.6
    endloop
  endfacet
  facet normal -0 0 1
    outer loop
      vertex 62.9907 29.5495 7.6
      vertex 63.0374 28.956 7.6
      vertex 63.0374 29.744 7.6
    endloop
  endfacet
  facet normal 0 0 1
    outer loop
      vertex 62.9907 29.5495 7.6
      vertex 62.9907 29.1505 7.6
      vertex 63.0374 28.956 7.6
    endloop
  endfacet
  facet normal 0 -0 1
    outer loop
      vertex 62.9907 29.1505 7.6
      vertex 62.9907 29.5495 7.6
      vertex 62.975 29.35 7.6
    endloop
  endfacet
  facet normal 0 0 1
    outer loop
      vertex 65.5093 29.5495 7.6
      vertex 65.5093 29.1505 7.6
      vertex 65.525 29.35 7.6
    endloop
  endfacet
  facet normal 0 0 1
    outer loop
      vertex 65.4626 29.744 7.6
      vertex 65.5093 29.1505 7.6
      vertex 65.5093 29.5495 7.6
    endloop
  endfacet
  facet normal 0 0 1
    outer loop
      vertex 65.4626 29.744 7.6
      vertex 65.4626 28.956 7.6
      vertex 65.5093 29.1505 7.6
    endloop
  endfacet
  facet normal 0 0 1
    outer loop
      vertex 65.386 29.9288 7.6
      vertex 65.4626 28.956 7.6
      vertex 65.4626 29.744 7.6
    endloop
  endfacet
  facet normal 0 0 1
    outer loop
      vertex 65.386 29.9288 7.6
      vertex 65.386 28.7712 7.6
      vertex 65.4626 28.956 7.6
    endloop
  endfacet
  facet normal 0 0 1
    outer loop
      vertex 65.2815 30.0994 7.6
      vertex 65.386 28.7712 7.6
      vertex 65.386 29.9288 7.6
    endloop
  endfacet
  facet normal 0 0 1
    outer loop
      vertex 65.2815 30.0994 7.6
      vertex 65.2815 28.6006 7.6
      vertex 65.386 28.7712 7.6
    endloop
  endfacet
  facet normal 0 0 1
    outer loop
      vertex 65.1516 30.2516 7.6
      vertex 65.2815 28.6006 7.6
      vertex 65.2815 30.0994 7.6
    endloop
  endfacet
  facet normal 0 0 1
    outer loop
      vertex 65.1516 30.2516 7.6
      vertex 65.1516 28.4484 7.6
      vertex 65.2815 28.6006 7.6
    endloop
  endfacet
  facet normal 0 0 1
    outer loop
      vertex 64.9994 30.3815 7.6
      vertex 65.1516 28.4484 7.6
      vertex 65.1516 30.2516 7.6
    endloop
  endfacet
  facet normal 0 0 1
    outer loop
      vertex 64.9994 30.3815 7.6
      vertex 64.9994 28.3185 7.6
      vertex 65.1516 28.4484 7.6
    endloop
  endfacet
  facet normal 0 0 1
    outer loop
      vertex 64.8288 30.486 7.6
      vertex 64.9994 28.3185 7.6
      vertex 64.9994 30.3815 7.6
    endloop
  endfacet
  facet normal 0 0 1
    outer loop
      vertex 64.8288 30.486 7.6
      vertex 64.8288 28.214 7.6
      vertex 64.9994 28.3185 7.6
    endloop
  endfacet
  facet normal 0 0 1
    outer loop
      vertex 64.65 30.5601 7.6
      vertex 64.8288 28.214 7.6
      vertex 64.8288 30.486 7.6
    endloop
  endfacet
  facet normal 0 0 1
    outer loop
      vertex 64.8288 28.214 7.6
      vertex 64.65 30.5601 7.6
      vertex 64.65 28.1399 7.6
    endloop
  endfacet
  facet normal -0.760631 0.649185 0
    outer loop
      vertex 63.2185 30.0994 5.4
      vertex 63.3484 30.2516 6.5
      vertex 63.3484 30.2516 5.4
    endloop
  endfacet
  facet normal -0.760631 0.649185 0
    outer loop
      vertex 63.3484 30.2516 6.5
      vertex 63.2185 30.0994 5.4
      vertex 63.2185 30.0994 6.5
    endloop
  endfacet
  facet normal -0.760631 0.649185 0
    outer loop
      vertex 63.2185 30.0994 6.98
      vertex 63.3484 30.2516 7.6
      vertex 63.3484 30.2516 6.98
    endloop
  endfacet
  facet normal -0.760631 0.649185 0
    outer loop
      vertex 63.3484 30.2516 7.6
      vertex 63.2185 30.0994 6.98
      vertex 63.2185 30.0994 7.6
    endloop
  endfacet
  facet normal -0.972365 -0.233467 0
    outer loop
      vertex 63.0374 28.956 6.98
      vertex 62.9907 29.1505 7.6
      vertex 62.9907 29.1505 6.98
    endloop
  endfacet
  facet normal -0.972365 -0.233467 0
    outer loop
      vertex 62.9907 29.1505 7.6
      vertex 63.0374 28.956 6.98
      vertex 63.0374 28.956 7.6
    endloop
  endfacet
  facet normal -0.972365 -0.233467 0
    outer loop
      vertex 63.0374 28.956 5.4
      vertex 62.9907 29.1505 6.5
      vertex 62.9907 29.1505 5.4
    endloop
  endfacet
  facet normal -0.972365 -0.233467 0
    outer loop
      vertex 62.9907 29.1505 6.5
      vertex 63.0374 28.956 5.4
      vertex 63.0374 28.956 6.5
    endloop
  endfacet
  facet normal 0.852738 -0.522339 0
    outer loop
      vertex 65.2815 28.6006 7.6
      vertex 65.386 28.7712 6.98
      vertex 65.386 28.7712 7.6
    endloop
  endfacet
  facet normal 0.852738 -0.522339 0
    outer loop
      vertex 65.386 28.7712 6.98
      vertex 65.2815 28.6006 7.6
      vertex 65.2815 28.6006 6.98
    endloop
  endfacet
  facet normal 0.852738 -0.522339 0
    outer loop
      vertex 65.2815 28.6006 6.5
      vertex 65.386 28.7712 5.4
      vertex 65.386 28.7712 6.5
    endloop
  endfacet
  facet normal 0.852738 -0.522339 0
    outer loop
      vertex 65.386 28.7712 5.4
      vertex 65.2815 28.6006 6.5
      vertex 65.2815 28.6006 5.4
    endloop
  endfacet
  facet normal -0.382854 0.923809 0
    outer loop
      vertex 63.85 30.5601 5.4
      vertex 63.6712 30.486 6.5
      vertex 63.85 30.5601 6.5
    endloop
  endfacet
  facet normal -0.382854 0.923809 0
    outer loop
      vertex 63.6712 30.486 6.5
      vertex 63.85 30.5601 5.4
      vertex 63.6712 30.486 5.4
    endloop
  endfacet
  facet normal -0.382854 0.923809 0
    outer loop
      vertex 63.85 30.5601 6.98
      vertex 63.6712 30.486 7.6
      vertex 63.85 30.5601 7.6
    endloop
  endfacet
  facet normal -0.382854 0.923809 0
    outer loop
      vertex 63.6712 30.486 7.6
      vertex 63.85 30.5601 6.98
      vertex 63.6712 30.486 6.98
    endloop
  endfacet
  facet normal 0.760631 -0.649185 0
    outer loop
      vertex 65.1516 28.4484 7.6
      vertex 65.2815 28.6006 6.98
      vertex 65.2815 28.6006 7.6
    endloop
  endfacet
  facet normal 0.760631 -0.649185 0
    outer loop
      vertex 65.2815 28.6006 6.98
      vertex 65.1516 28.4484 7.6
      vertex 65.1516 28.4484 6.98
    endloop
  endfacet
  facet normal 0.760631 -0.649185 0
    outer loop
      vertex 65.1516 28.4484 6.5
      vertex 65.2815 28.6006 5.4
      vertex 65.2815 28.6006 6.5
    endloop
  endfacet
  facet normal 0.760631 -0.649185 0
    outer loop
      vertex 65.2815 28.6006 5.4
      vertex 65.1516 28.4484 6.5
      vertex 65.1516 28.4484 5.4
    endloop
  endfacet
  facet normal 0.923785 -0.382911 0
    outer loop
      vertex 65.386 28.7712 7.6
      vertex 65.4626 28.956 6.98
      vertex 65.4626 28.956 7.6
    endloop
  endfacet
  facet normal 0.923785 -0.382911 0
    outer loop
      vertex 65.4626 28.956 6.98
      vertex 65.386 28.7712 7.6
      vertex 65.386 28.7712 6.98
    endloop
  endfacet
  facet normal 0.923785 -0.382911 0
    outer loop
      vertex 65.386 28.7712 6.5
      vertex 65.4626 28.956 5.4
      vertex 65.4626 28.956 6.5
    endloop
  endfacet
  facet normal 0.923785 -0.382911 0
    outer loop
      vertex 65.4626 28.956 5.4
      vertex 65.386 28.7712 6.5
      vertex 65.386 28.7712 5.4
    endloop
  endfacet
  facet normal -0.972365 0.233467 0
    outer loop
      vertex 62.9907 29.5495 6.98
      vertex 63.0374 29.744 7.6
      vertex 63.0374 29.744 6.98
    endloop
  endfacet
  facet normal -0.972365 0.233467 0
    outer loop
      vertex 63.0374 29.744 7.6
      vertex 62.9907 29.5495 6.98
      vertex 62.9907 29.5495 7.6
    endloop
  endfacet
  facet normal -0.972365 0.233467 0
    outer loop
      vertex 62.9907 29.5495 5.4
      vertex 63.0374 29.744 6.5
      vertex 63.0374 29.744 5.4
    endloop
  endfacet
  facet normal -0.972365 0.233467 0
    outer loop
      vertex 63.0374 29.744 6.5
      vertex 62.9907 29.5495 5.4
      vertex 62.9907 29.5495 6.5
    endloop
  endfacet
  facet normal -0.996918 0.0784542 0
    outer loop
      vertex 62.975 29.35 6.98
      vertex 62.9907 29.5495 7.6
      vertex 62.9907 29.5495 6.98
    endloop
  endfacet
  facet normal -0.996918 0.0784542 0
    outer loop
      vertex 62.9907 29.5495 7.6
      vertex 62.975 29.35 6.98
      vertex 62.975 29.35 7.6
    endloop
  endfacet
  facet normal -0.996918 0.0784542 0
    outer loop
      vertex 62.975 29.35 5.4
      vertex 62.9907 29.5495 6.5
      vertex 62.9907 29.5495 5.4
    endloop
  endfacet
  facet normal -0.996918 0.0784542 0
    outer loop
      vertex 62.9907 29.5495 6.5
      vertex 62.975 29.35 5.4
      vertex 62.975 29.35 6.5
    endloop
  endfacet
  facet normal -0.996918 -0.0784542 0
    outer loop
      vertex 62.9907 29.1505 6.98
      vertex 62.975 29.35 7.6
      vertex 62.975 29.35 6.98
    endloop
  endfacet
  facet normal -0.996918 -0.0784542 0
    outer loop
      vertex 62.975 29.35 7.6
      vertex 62.9907 29.1505 6.98
      vertex 62.9907 29.1505 7.6
    endloop
  endfacet
  facet normal -0.996918 -0.0784542 0
    outer loop
      vertex 62.9907 29.1505 5.4
      vertex 62.975 29.35 6.5
      vertex 62.975 29.35 5.4
    endloop
  endfacet
  facet normal -0.996918 -0.0784542 0
    outer loop
      vertex 62.975 29.35 6.5
      vertex 62.9907 29.1505 5.4
      vertex 62.9907 29.1505 6.5
    endloop
  endfacet
  facet normal -0.852738 0.522339 0
    outer loop
      vertex 63.114 29.9288 5.4
      vertex 63.2185 30.0994 6.5
      vertex 63.2185 30.0994 5.4
    endloop
  endfacet
  facet normal -0.852738 0.522339 0
    outer loop
      vertex 63.2185 30.0994 6.5
      vertex 63.114 29.9288 5.4
      vertex 63.114 29.9288 6.5
    endloop
  endfacet
  facet normal -0.852738 0.522339 0
    outer loop
      vertex 63.114 29.9288 6.98
      vertex 63.2185 30.0994 7.6
      vertex 63.2185 30.0994 6.98
    endloop
  endfacet
  facet normal -0.852738 0.522339 0
    outer loop
      vertex 63.2185 30.0994 7.6
      vertex 63.114 29.9288 6.98
      vertex 63.114 29.9288 7.6
    endloop
  endfacet
  facet normal -0.522339 -0.852738 0
    outer loop
      vertex 63.5006 28.3185 5.4
      vertex 63.6712 28.214 6.5
      vertex 63.5006 28.3185 6.5
    endloop
  endfacet
  facet normal -0.522339 -0.852738 -0
    outer loop
      vertex 63.6712 28.214 6.5
      vertex 63.5006 28.3185 5.4
      vertex 63.6712 28.214 5.4
    endloop
  endfacet
  facet normal -0.522339 -0.852738 0
    outer loop
      vertex 63.5006 28.3185 6.98
      vertex 63.6712 28.214 7.6
      vertex 63.5006 28.3185 7.6
    endloop
  endfacet
  facet normal -0.522339 -0.852738 -0
    outer loop
      vertex 63.6712 28.214 7.6
      vertex 63.5006 28.3185 6.98
      vertex 63.6712 28.214 6.98
    endloop
  endfacet
  facet normal -0.382854 -0.923809 0
    outer loop
      vertex 63.6712 28.214 6.98
      vertex 63.85 28.1399 7.6
      vertex 63.6712 28.214 7.6
    endloop
  endfacet
  facet normal -0.382854 -0.923809 -0
    outer loop
      vertex 63.85 28.1399 7.6
      vertex 63.6712 28.214 6.98
      vertex 63.85 28.1399 6.98
    endloop
  endfacet
  facet normal -0.382854 -0.923809 0
    outer loop
      vertex 63.6712 28.214 5.4
      vertex 63.85 28.1399 6.5
      vertex 63.6712 28.214 6.5
    endloop
  endfacet
  facet normal -0.382854 -0.923809 -0
    outer loop
      vertex 63.85 28.1399 6.5
      vertex 63.6712 28.214 5.4
      vertex 63.85 28.1399 5.4
    endloop
  endfacet
  facet normal -0.760631 -0.649185 0
    outer loop
      vertex 63.3484 28.4484 6.98
      vertex 63.2185 28.6006 7.6
      vertex 63.2185 28.6006 6.98
    endloop
  endfacet
  facet normal -0.760631 -0.649185 0
    outer loop
      vertex 63.2185 28.6006 7.6
      vertex 63.3484 28.4484 6.98
      vertex 63.3484 28.4484 7.6
    endloop
  endfacet
  facet normal -0.760631 -0.649185 0
    outer loop
      vertex 63.3484 28.4484 5.4
      vertex 63.2185 28.6006 6.5
      vertex 63.2185 28.6006 5.4
    endloop
  endfacet
  facet normal -0.760631 -0.649185 0
    outer loop
      vertex 63.2185 28.6006 6.5
      vertex 63.3484 28.4484 5.4
      vertex 63.3484 28.4484 6.5
    endloop
  endfacet
  facet normal -0.852738 -0.522339 0
    outer loop
      vertex 63.2185 28.6006 6.98
      vertex 63.114 28.7712 7.6
      vertex 63.114 28.7712 6.98
    endloop
  endfacet
  facet normal -0.852738 -0.522339 0
    outer loop
      vertex 63.114 28.7712 7.6
      vertex 63.2185 28.6006 6.98
      vertex 63.2185 28.6006 7.6
    endloop
  endfacet
  facet normal -0.852738 -0.522339 0
    outer loop
      vertex 63.2185 28.6006 5.4
      vertex 63.114 28.7712 6.5
      vertex 63.114 28.7712 5.4
    endloop
  endfacet
  facet normal -0.852738 -0.522339 0
    outer loop
      vertex 63.114 28.7712 6.5
      vertex 63.2185 28.6006 5.4
      vertex 63.2185 28.6006 6.5
    endloop
  endfacet
  facet normal 0.852738 0.522339 0
    outer loop
      vertex 65.386 29.9288 6.5
      vertex 65.2815 30.0994 5.4
      vertex 65.2815 30.0994 6.5
    endloop
  endfacet
  facet normal 0.852738 0.522339 0
    outer loop
      vertex 65.2815 30.0994 5.4
      vertex 65.386 29.9288 6.5
      vertex 65.386 29.9288 5.4
    endloop
  endfacet
  facet normal 0.852738 0.522339 0
    outer loop
      vertex 65.386 29.9288 7.6
      vertex 65.2815 30.0994 6.98
      vertex 65.2815 30.0994 7.6
    endloop
  endfacet
  facet normal 0.852738 0.522339 0
    outer loop
      vertex 65.2815 30.0994 6.98
      vertex 65.386 29.9288 7.6
      vertex 65.386 29.9288 6.98
    endloop
  endfacet
  facet normal 0.382854 0.923809 -0
    outer loop
      vertex 64.8288 30.486 6.98
      vertex 64.65 30.5601 7.6
      vertex 64.8288 30.486 7.6
    endloop
  endfacet
  facet normal 0.382854 0.923809 0
    outer loop
      vertex 64.65 30.5601 7.6
      vertex 64.8288 30.486 6.98
      vertex 64.65 30.5601 6.98
    endloop
  endfacet
  facet normal 0.382854 0.923809 -0
    outer loop
      vertex 64.8288 30.486 5.4
      vertex 64.65 30.5601 6.5
      vertex 64.8288 30.486 6.5
    endloop
  endfacet
  facet normal 0.382854 0.923809 0
    outer loop
      vertex 64.65 30.5601 6.5
      vertex 64.8288 30.486 5.4
      vertex 64.65 30.5601 5.4
    endloop
  endfacet
  facet normal 0.760631 0.649185 0
    outer loop
      vertex 65.2815 30.0994 7.6
      vertex 65.1516 30.2516 6.98
      vertex 65.1516 30.2516 7.6
    endloop
  endfacet
  facet normal 0.760631 0.649185 0
    outer loop
      vertex 65.1516 30.2516 6.98
      vertex 65.2815 30.0994 7.6
      vertex 65.2815 30.0994 6.98
    endloop
  endfacet
  facet normal 0.760631 0.649185 0
    outer loop
      vertex 65.2815 30.0994 6.5
      vertex 65.1516 30.2516 5.4
      vertex 65.1516 30.2516 6.5
    endloop
  endfacet
  facet normal 0.760631 0.649185 0
    outer loop
      vertex 65.1516 30.2516 5.4
      vertex 65.2815 30.0994 6.5
      vertex 65.2815 30.0994 5.4
    endloop
  endfacet
  facet normal -0.522339 0.852738 0
    outer loop
      vertex 63.6712 30.486 5.4
      vertex 63.5006 30.3815 6.5
      vertex 63.6712 30.486 6.5
    endloop
  endfacet
  facet normal -0.522339 0.852738 0
    outer loop
      vertex 63.5006 30.3815 6.5
      vertex 63.6712 30.486 5.4
      vertex 63.5006 30.3815 5.4
    endloop
  endfacet
  facet normal -0.522339 0.852738 0
    outer loop
      vertex 63.6712 30.486 6.98
      vertex 63.5006 30.3815 7.6
      vertex 63.6712 30.486 7.6
    endloop
  endfacet
  facet normal -0.522339 0.852738 0
    outer loop
      vertex 63.5006 30.3815 7.6
      vertex 63.6712 30.486 6.98
      vertex 63.5006 30.3815 6.98
    endloop
  endfacet
  facet normal 0.996918 -0.0784542 0
    outer loop
      vertex 65.5093 29.1505 6.5
      vertex 65.525 29.35 5.4
      vertex 65.525 29.35 6.5
    endloop
  endfacet
  facet normal 0.996918 -0.0784542 0
    outer loop
      vertex 65.525 29.35 5.4
      vertex 65.5093 29.1505 6.5
      vertex 65.5093 29.1505 5.4
    endloop
  endfacet
  facet normal 0.996918 -0.0784542 0
    outer loop
      vertex 65.5093 29.1505 7.6
      vertex 65.525 29.35 6.98
      vertex 65.525 29.35 7.6
    endloop
  endfacet
  facet normal 0.996918 -0.0784542 0
    outer loop
      vertex 65.525 29.35 6.98
      vertex 65.5093 29.1505 7.6
      vertex 65.5093 29.1505 6.98
    endloop
  endfacet
  facet normal -0.649185 0.760631 0
    outer loop
      vertex 63.5006 30.3815 6.98
      vertex 63.3484 30.2516 7.6
      vertex 63.5006 30.3815 7.6
    endloop
  endfacet
  facet normal -0.649185 0.760631 0
    outer loop
      vertex 63.3484 30.2516 7.6
      vertex 63.5006 30.3815 6.98
      vertex 63.3484 30.2516 6.98
    endloop
  endfacet
  facet normal -0.649185 0.760631 0
    outer loop
      vertex 63.5006 30.3815 5.4
      vertex 63.3484 30.2516 6.5
      vertex 63.5006 30.3815 6.5
    endloop
  endfacet
  facet normal -0.649185 0.760631 0
    outer loop
      vertex 63.3484 30.2516 6.5
      vertex 63.5006 30.3815 5.4
      vertex 63.3484 30.2516 5.4
    endloop
  endfacet
  facet normal -0.923785 -0.382911 0
    outer loop
      vertex 63.114 28.7712 6.98
      vertex 63.0374 28.956 7.6
      vertex 63.0374 28.956 6.98
    endloop
  endfacet
  facet normal -0.923785 -0.382911 0
    outer loop
      vertex 63.0374 28.956 7.6
      vertex 63.114 28.7712 6.98
      vertex 63.114 28.7712 7.6
    endloop
  endfacet
  facet normal -0.923785 -0.382911 0
    outer loop
      vertex 63.114 28.7712 5.4
      vertex 63.0374 28.956 6.5
      vertex 63.0374 28.956 5.4
    endloop
  endfacet
  facet normal -0.923785 -0.382911 0
    outer loop
      vertex 63.0374 28.956 6.5
      vertex 63.114 28.7712 5.4
      vertex 63.114 28.7712 6.5
    endloop
  endfacet
  facet normal -0.649185 -0.760631 0
    outer loop
      vertex 63.3484 28.4484 5.4
      vertex 63.5006 28.3185 6.5
      vertex 63.3484 28.4484 6.5
    endloop
  endfacet
  facet normal -0.649185 -0.760631 -0
    outer loop
      vertex 63.5006 28.3185 6.5
      vertex 63.3484 28.4484 5.4
      vertex 63.5006 28.3185 5.4
    endloop
  endfacet
  facet normal -0.649185 -0.760631 0
    outer loop
      vertex 63.3484 28.4484 6.98
      vertex 63.5006 28.3185 7.6
      vertex 63.3484 28.4484 7.6
    endloop
  endfacet
  facet normal -0.649185 -0.760631 -0
    outer loop
      vertex 63.5006 28.3185 7.6
      vertex 63.3484 28.4484 6.98
      vertex 63.5006 28.3185 6.98
    endloop
  endfacet
  facet normal 0.382854 -0.923809 0
    outer loop
      vertex 64.65 28.1399 6.98
      vertex 64.8288 28.214 7.6
      vertex 64.65 28.1399 7.6
    endloop
  endfacet
  facet normal 0.382854 -0.923809 0
    outer loop
      vertex 64.8288 28.214 7.6
      vertex 64.65 28.1399 6.98
      vertex 64.8288 28.214 6.98
    endloop
  endfacet
  facet normal 0.382854 -0.923809 0
    outer loop
      vertex 64.65 28.1399 5.4
      vertex 64.8288 28.214 6.5
      vertex 64.65 28.1399 6.5
    endloop
  endfacet
  facet normal 0.382854 -0.923809 0
    outer loop
      vertex 64.8288 28.214 6.5
      vertex 64.65 28.1399 5.4
      vertex 64.8288 28.214 5.4
    endloop
  endfacet
  facet normal 0.522339 0.852738 -0
    outer loop
      vertex 64.9994 30.3815 6.98
      vertex 64.8288 30.486 7.6
      vertex 64.9994 30.3815 7.6
    endloop
  endfacet
  facet normal 0.522339 0.852738 0
    outer loop
      vertex 64.8288 30.486 7.6
      vertex 64.9994 30.3815 6.98
      vertex 64.8288 30.486 6.98
    endloop
  endfacet
  facet normal 0.522339 0.852738 -0
    outer loop
      vertex 64.9994 30.3815 5.4
      vertex 64.8288 30.486 6.5
      vertex 64.9994 30.3815 6.5
    endloop
  endfacet
  facet normal 0.522339 0.852738 0
    outer loop
      vertex 64.8288 30.486 6.5
      vertex 64.9994 30.3815 5.4
      vertex 64.8288 30.486 5.4
    endloop
  endfacet
  facet normal -0.923785 0.382911 0
    outer loop
      vertex 63.0374 29.744 6.98
      vertex 63.114 29.9288 7.6
      vertex 63.114 29.9288 6.98
    endloop
  endfacet
  facet normal -0.923785 0.382911 0
    outer loop
      vertex 63.114 29.9288 7.6
      vertex 63.0374 29.744 6.98
      vertex 63.0374 29.744 7.6
    endloop
  endfacet
  facet normal -0.923785 0.382911 0
    outer loop
      vertex 63.0374 29.744 5.4
      vertex 63.114 29.9288 6.5
      vertex 63.114 29.9288 5.4
    endloop
  endfacet
  facet normal -0.923785 0.382911 0
    outer loop
      vertex 63.114 29.9288 6.5
      vertex 63.0374 29.744 5.4
      vertex 63.0374 29.744 6.5
    endloop
  endfacet
  facet normal 0.649185 0.760631 -0
    outer loop
      vertex 65.1516 30.2516 6.98
      vertex 64.9994 30.3815 7.6
      vertex 65.1516 30.2516 7.6
    endloop
  endfacet
  facet normal 0.649185 0.760631 0
    outer loop
      vertex 64.9994 30.3815 7.6
      vertex 65.1516 30.2516 6.98
      vertex 64.9994 30.3815 6.98
    endloop
  endfacet
  facet normal 0.649185 0.760631 -0
    outer loop
      vertex 65.1516 30.2516 5.4
      vertex 64.9994 30.3815 6.5
      vertex 65.1516 30.2516 6.5
    endloop
  endfacet
  facet normal 0.649185 0.760631 0
    outer loop
      vertex 64.9994 30.3815 6.5
      vertex 65.1516 30.2516 5.4
      vertex 64.9994 30.3815 5.4
    endloop
  endfacet
  facet normal 0 0 -1
    outer loop
      vertex 65.5093 29.1505 5.4
      vertex 65.5093 29.5495 5.4
      vertex 65.525 29.35 5.4
    endloop
  endfacet
  facet normal 0 0 -1
    outer loop
      vertex 65.4626 28.956 5.4
      vertex 65.5093 29.5495 5.4
      vertex 65.5093 29.1505 5.4
    endloop
  endfacet
  facet normal 0 0 -1
    outer loop
      vertex 65.4626 28.956 5.4
      vertex 65.4626 29.744 5.4
      vertex 65.5093 29.5495 5.4
    endloop
  endfacet
  facet normal 0 0 -1
    outer loop
      vertex 65.386 28.7712 5.4
      vertex 65.4626 29.744 5.4
      vertex 65.4626 28.956 5.4
    endloop
  endfacet
  facet normal 0 0 -1
    outer loop
      vertex 65.386 28.7712 5.4
      vertex 65.386 29.9288 5.4
      vertex 65.4626 29.744 5.4
    endloop
  endfacet
  facet normal 0 0 -1
    outer loop
      vertex 65.2815 28.6006 5.4
      vertex 65.386 29.9288 5.4
      vertex 65.386 28.7712 5.4
    endloop
  endfacet
  facet normal 0 0 -1
    outer loop
      vertex 65.2815 28.6006 5.4
      vertex 65.2815 30.0994 5.4
      vertex 65.386 29.9288 5.4
    endloop
  endfacet
  facet normal 0 0 -1
    outer loop
      vertex 65.1516 28.4484 5.4
      vertex 65.2815 30.0994 5.4
      vertex 65.2815 28.6006 5.4
    endloop
  endfacet
  facet normal 0 0 -1
    outer loop
      vertex 65.1516 28.4484 5.4
      vertex 65.1516 30.2516 5.4
      vertex 65.2815 30.0994 5.4
    endloop
  endfacet
  facet normal 0 0 -1
    outer loop
      vertex 64.9994 28.3185 5.4
      vertex 65.1516 30.2516 5.4
      vertex 65.1516 28.4484 5.4
    endloop
  endfacet
  facet normal 0 0 -1
    outer loop
      vertex 64.9994 28.3185 5.4
      vertex 64.9994 30.3815 5.4
      vertex 65.1516 30.2516 5.4
    endloop
  endfacet
  facet normal 0 0 -1
    outer loop
      vertex 64.8288 28.214 5.4
      vertex 64.9994 30.3815 5.4
      vertex 64.9994 28.3185 5.4
    endloop
  endfacet
  facet normal 0 0 -1
    outer loop
      vertex 64.8288 28.214 5.4
      vertex 64.8288 30.486 5.4
      vertex 64.9994 30.3815 5.4
    endloop
  endfacet
  facet normal 0 0 -1
    outer loop
      vertex 64.65 28.1399 5.4
      vertex 64.8288 30.486 5.4
      vertex 64.8288 28.214 5.4
    endloop
  endfacet
  facet normal -0 0 -1
    outer loop
      vertex 64.8288 30.486 5.4
      vertex 64.65 28.1399 5.4
      vertex 64.65 30.5601 5.4
    endloop
  endfacet
  facet normal 0 0 -1
    outer loop
      vertex 63.6712 28.214 5.4
      vertex 63.85 30.5601 5.4
      vertex 63.85 28.1399 5.4
    endloop
  endfacet
  facet normal 0 0 -1
    outer loop
      vertex 63.6712 28.214 5.4
      vertex 63.6712 30.486 5.4
      vertex 63.85 30.5601 5.4
    endloop
  endfacet
  facet normal 0 0 -1
    outer loop
      vertex 63.5006 28.3185 5.4
      vertex 63.6712 30.486 5.4
      vertex 63.6712 28.214 5.4
    endloop
  endfacet
  facet normal 0 0 -1
    outer loop
      vertex 63.5006 28.3185 5.4
      vertex 63.5006 30.3815 5.4
      vertex 63.6712 30.486 5.4
    endloop
  endfacet
  facet normal 0 0 -1
    outer loop
      vertex 63.3484 28.4484 5.4
      vertex 63.5006 30.3815 5.4
      vertex 63.5006 28.3185 5.4
    endloop
  endfacet
  facet normal 0 0 -1
    outer loop
      vertex 63.3484 28.4484 5.4
      vertex 63.3484 30.2516 5.4
      vertex 63.5006 30.3815 5.4
    endloop
  endfacet
  facet normal 0 0 -1
    outer loop
      vertex 63.2185 28.6006 5.4
      vertex 63.3484 30.2516 5.4
      vertex 63.3484 28.4484 5.4
    endloop
  endfacet
  facet normal 0 0 -1
    outer loop
      vertex 63.2185 28.6006 5.4
      vertex 63.2185 30.0994 5.4
      vertex 63.3484 30.2516 5.4
    endloop
  endfacet
  facet normal 0 0 -1
    outer loop
      vertex 63.114 28.7712 5.4
      vertex 63.2185 30.0994 5.4
      vertex 63.2185 28.6006 5.4
    endloop
  endfacet
  facet normal 0 0 -1
    outer loop
      vertex 63.114 28.7712 5.4
      vertex 63.114 29.9288 5.4
      vertex 63.2185 30.0994 5.4
    endloop
  endfacet
  facet normal 0 0 -1
    outer loop
      vertex 63.0374 28.956 5.4
      vertex 63.114 29.9288 5.4
      vertex 63.114 28.7712 5.4
    endloop
  endfacet
  facet normal 0 0 -1
    outer loop
      vertex 63.0374 28.956 5.4
      vertex 63.0374 29.744 5.4
      vertex 63.114 29.9288 5.4
    endloop
  endfacet
  facet normal 0 0 -1
    outer loop
      vertex 62.9907 29.1505 5.4
      vertex 63.0374 29.744 5.4
      vertex 63.0374 28.956 5.4
    endloop
  endfacet
  facet normal 0 0 -1
    outer loop
      vertex 62.9907 29.1505 5.4
      vertex 62.9907 29.5495 5.4
      vertex 63.0374 29.744 5.4
    endloop
  endfacet
  facet normal 0 -0 -1
    outer loop
      vertex 62.9907 29.5495 5.4
      vertex 62.9907 29.1505 5.4
      vertex 62.975 29.35 5.4
    endloop
  endfacet
  facet normal 0.649185 -0.760631 0
    outer loop
      vertex 64.9994 28.3185 6.98
      vertex 65.1516 28.4484 7.6
      vertex 64.9994 28.3185 7.6
    endloop
  endfacet
  facet normal 0.649185 -0.760631 0
    outer loop
      vertex 65.1516 28.4484 7.6
      vertex 64.9994 28.3185 6.98
      vertex 65.1516 28.4484 6.98
    endloop
  endfacet
  facet normal 0.649185 -0.760631 0
    outer loop
      vertex 64.9994 28.3185 5.4
      vertex 65.1516 28.4484 6.5
      vertex 64.9994 28.3185 6.5
    endloop
  endfacet
  facet normal 0.649185 -0.760631 0
    outer loop
      vertex 65.1516 28.4484 6.5
      vertex 64.9994 28.3185 5.4
      vertex 65.1516 28.4484 5.4
    endloop
  endfacet
  facet normal 0.522339 -0.852738 0
    outer loop
      vertex 64.8288 28.214 6.98
      vertex 64.9994 28.3185 7.6
      vertex 64.8288 28.214 7.6
    endloop
  endfacet
  facet normal 0.522339 -0.852738 0
    outer loop
      vertex 64.9994 28.3185 7.6
      vertex 64.8288 28.214 6.98
      vertex 64.9994 28.3185 6.98
    endloop
  endfacet
  facet normal 0.522339 -0.852738 0
    outer loop
      vertex 64.8288 28.214 5.4
      vertex 64.9994 28.3185 6.5
      vertex 64.8288 28.214 6.5
    endloop
  endfacet
  facet normal 0.522339 -0.852738 0
    outer loop
      vertex 64.9994 28.3185 6.5
      vertex 64.8288 28.214 5.4
      vertex 64.9994 28.3185 5.4
    endloop
  endfacet
  facet normal -0.281733 0.330099 0.900922
    outer loop
      vertex 63.5006 30.3815 6.98
      vertex 63.1717 30.4283 6.86
      vertex 63.3484 30.2516 6.98
    endloop
  endfacet
  facet normal -0.43248 0.0340764 0.900999
    outer loop
      vertex 62.7438 29.5886 6.86
      vertex 62.725 29.35 6.86
      vertex 62.975 29.35 6.98
    endloop
  endfacet
  facet normal -0.281795 0.329849 0.900995
    outer loop
      vertex 63.3536 30.5837 6.86
      vertex 63.1717 30.4283 6.86
      vertex 63.5006 30.3815 6.98
    endloop
  endfacet
  facet normal -0.281733 -0.330099 0.900922
    outer loop
      vertex 63.3484 28.4484 6.98
      vertex 63.1717 28.2717 6.86
      vertex 63.5006 28.3185 6.98
    endloop
  endfacet
  facet normal -0.318179 -0.372197 -0.871913
    outer loop
      vertex 63.3536 28.1162 6.64
      vertex 63.1717 28.2717 6.64
      vertex 63.5006 28.3185 6.5
    endloop
  endfacet
  facet normal -0.226717 0.369888 0.90099
    outer loop
      vertex 63.5577 30.7088 6.86
      vertex 63.3536 30.5837 6.86
      vertex 63.5006 30.3815 6.98
    endloop
  endfacet
  facet normal -0.99691 -0.0785495 0
    outer loop
      vertex 62.7438 29.1114 6.64
      vertex 62.725 29.35 6.86
      vertex 62.725 29.35 6.64
    endloop
  endfacet
  facet normal -0.99691 -0.0785495 0
    outer loop
      vertex 62.725 29.35 6.86
      vertex 62.7438 29.1114 6.64
      vertex 62.7438 29.1114 6.86
    endloop
  endfacet
  facet normal -0.417571 0.255781 -0.8719
    outer loop
      vertex 63.114 29.9288 6.5
      vertex 62.8912 30.0423 6.64
      vertex 63.2185 30.0994 6.5
    endloop
  endfacet
  facet normal -0.432513 0.0340373 0.900985
    outer loop
      vertex 62.9907 29.5495 6.98
      vertex 62.7438 29.5886 6.86
      vertex 62.975 29.35 6.98
    endloop
  endfacet
  facet normal -0.452356 -0.187503 -0.871904
    outer loop
      vertex 63.114 28.7712 6.5
      vertex 62.8912 28.6577 6.64
      vertex 63.0374 28.956 6.5
    endloop
  endfacet
  facet normal 0.522582 0.852589 -0
    outer loop
      vertex 65.1464 30.5837 6.64
      vertex 64.9423 30.7088 6.86
      vertex 65.1464 30.5837 6.86
    endloop
  endfacet
  facet normal 0.522582 0.852589 0
    outer loop
      vertex 64.9423 30.7088 6.86
      vertex 65.1464 30.5837 6.64
      vertex 64.9423 30.7088 6.64
    endloop
  endfacet
  facet normal -0.476193 -0.114188 -0.871895
    outer loop
      vertex 62.7996 28.8787 6.64
      vertex 62.7438 29.1114 6.64
      vertex 63.0374 28.956 6.5
    endloop
  endfacet
  facet normal -0.101164 0.421811 0.901022
    outer loop
      vertex 63.85 30.8175 6.86
      vertex 63.7787 30.8004 6.86
      vertex 63.85 30.5811 6.97067
    endloop
  endfacet
  facet normal -0.372651 -0.318051 -0.871765
    outer loop
      vertex 63.3484 28.4484 6.5
      vertex 63.1717 28.2717 6.64
      vertex 63.2185 28.6006 6.5
    endloop
  endfacet
  facet normal -0.188475 0.450793 -0.872503
    outer loop
      vertex 63.5577 30.7088 6.64
      vertex 63.85 30.5811 6.51088
      vertex 63.85 30.5655 6.50282
    endloop
  endfacet
  facet normal -0.187506 0.452389 -0.871887
    outer loop
      vertex 63.85 30.5811 6.51088
      vertex 63.5577 30.7088 6.64
      vertex 63.7787 30.8004 6.64
    endloop
  endfacet
  facet normal -0.488277 0.0384258 -0.871843
    outer loop
      vertex 62.975 29.35 6.5
      vertex 62.7438 29.5886 6.64
      vertex 62.9907 29.5495 6.5
    endloop
  endfacet
  facet normal 0.114211 -0.476215 -0.87188
    outer loop
      vertex 64.7213 27.8996 6.64
      vertex 64.65 27.8825 6.64
      vertex 64.65 28.1189 6.51088
    endloop
  endfacet
  facet normal -0.166586 -0.39982 0.901329
    outer loop
      vertex 63.5577 27.9912 6.86
      vertex 63.85 28.1189 6.97067
      vertex 63.85 28.1345 6.97759
    endloop
  endfacet
  facet normal -0.166085 -0.400706 0.901027
    outer loop
      vertex 63.85 28.1189 6.97067
      vertex 63.5577 27.9912 6.86
      vertex 63.7787 27.8996 6.86
    endloop
  endfacet
  facet normal 0.187506 -0.452389 -0.871887
    outer loop
      vertex 64.65 28.1189 6.51088
      vertex 64.9423 27.9912 6.64
      vertex 64.7213 27.8996 6.64
    endloop
  endfacet
  facet normal 0.188475 -0.450793 -0.872503
    outer loop
      vertex 64.9423 27.9912 6.64
      vertex 64.65 28.1189 6.51088
      vertex 64.65 28.1345 6.50282
    endloop
  endfacet
  facet normal -0.369888 -0.226717 0.90099
    outer loop
      vertex 63.2185 28.6006 6.98
      vertex 62.8912 28.6577 6.86
      vertex 63.0163 28.4536 6.86
    endloop
  endfacet
  facet normal -0.255948 0.417578 -0.871848
    outer loop
      vertex 63.5006 30.3815 6.5
      vertex 63.3536 30.5837 6.64
      vertex 63.5577 30.7088 6.64
    endloop
  endfacet
  facet normal 0.318179 -0.372197 -0.871913
    outer loop
      vertex 65.1464 28.1162 6.64
      vertex 64.9994 28.3185 6.5
      vertex 65.3283 28.2717 6.64
    endloop
  endfacet
  facet normal -0.372378 -0.318128 -0.871854
    outer loop
      vertex 63.1717 28.2717 6.64
      vertex 63.0163 28.4536 6.64
      vertex 63.2185 28.6006 6.5
    endloop
  endfacet
  facet normal 0.488277 0.0384258 -0.871843
    outer loop
      vertex 65.525 29.35 6.5
      vertex 65.5093 29.5495 6.5
      vertex 65.7562 29.5886 6.64
    endloop
  endfacet
  facet normal -0.488277 -0.0384258 -0.871843
    outer loop
      vertex 62.9907 29.1505 6.5
      vertex 62.7438 29.1114 6.64
      vertex 62.975 29.35 6.5
    endloop
  endfacet
  facet normal -0.318051 -0.372651 -0.871765
    outer loop
      vertex 63.5006 28.3185 6.5
      vertex 63.1717 28.2717 6.64
      vertex 63.3484 28.4484 6.5
    endloop
  endfacet
  facet normal 0.101164 -0.421811 0.901022
    outer loop
      vertex 64.65 28.1189 6.97067
      vertex 64.65 27.8825 6.86
      vertex 64.7213 27.8996 6.86
    endloop
  endfacet
  facet normal -0.166542 -0.401858 0.90043
    outer loop
      vertex 63.6712 28.214 6.98
      vertex 63.85 28.1345 6.97759
      vertex 63.85 28.1399 6.98
    endloop
  endfacet
  facet normal -0.166027 -0.400718 0.901033
    outer loop
      vertex 63.85 28.1345 6.97759
      vertex 63.6712 28.214 6.98
      vertex 63.5577 27.9912 6.86
    endloop
  endfacet
  facet normal 0.188475 0.450793 -0.872503
    outer loop
      vertex 64.65 30.5811 6.51088
      vertex 64.9423 30.7088 6.64
      vertex 64.65 30.5655 6.50282
    endloop
  endfacet
  facet normal 0.187506 0.452389 -0.871887
    outer loop
      vertex 64.9423 30.7088 6.64
      vertex 64.65 30.5811 6.51088
      vertex 64.7213 30.8004 6.64
    endloop
  endfacet
  facet normal 0.233218 0.972424 -0
    outer loop
      vertex 64.7213 30.8004 6.64
      vertex 64.65 30.8175 6.86
      vertex 64.7213 30.8004 6.86
    endloop
  endfacet
  facet normal 0.233218 0.972424 0
    outer loop
      vertex 64.65 30.8175 6.86
      vertex 64.7213 30.8004 6.64
      vertex 64.65 30.8175 6.64
    endloop
  endfacet
  facet normal 0.369877 -0.226566 0.901032
    outer loop
      vertex 65.386 28.7712 6.98
      vertex 65.2815 28.6006 6.98
      vertex 65.6088 28.6577 6.86
    endloop
  endfacet
  facet normal -0.329849 -0.281795 0.900995
    outer loop
      vertex 63.2185 28.6006 6.98
      vertex 63.0163 28.4536 6.86
      vertex 63.1717 28.2717 6.86
    endloop
  endfacet
  facet normal 0.852589 -0.522582 0
    outer loop
      vertex 65.4837 28.4536 6.86
      vertex 65.6088 28.6577 6.64
      vertex 65.6088 28.6577 6.86
    endloop
  endfacet
  facet normal 0.852589 -0.522582 0
    outer loop
      vertex 65.6088 28.6577 6.64
      vertex 65.4837 28.4536 6.86
      vertex 65.4837 28.4536 6.64
    endloop
  endfacet
  facet normal -0.852589 -0.522582 0
    outer loop
      vertex 63.0163 28.4536 6.64
      vertex 62.8912 28.6577 6.86
      vertex 62.8912 28.6577 6.64
    endloop
  endfacet
  facet normal -0.852589 -0.522582 0
    outer loop
      vertex 62.8912 28.6577 6.86
      vertex 63.0163 28.4536 6.64
      vertex 63.0163 28.4536 6.86
    endloop
  endfacet
  facet normal -0.400689 0.166086 0.901035
    outer loop
      vertex 63.114 29.9288 6.98
      vertex 62.8912 30.0423 6.86
      vertex 63.0374 29.744 6.98
    endloop
  endfacet
  facet normal -0.188405 0.454613 -0.870535
    outer loop
      vertex 63.6712 30.486 6.5
      vertex 63.85 30.5655 6.50282
      vertex 63.85 30.5601 6.5
    endloop
  endfacet
  facet normal -0.187402 0.452405 -0.8719
    outer loop
      vertex 63.85 30.5655 6.50282
      vertex 63.6712 30.486 6.5
      vertex 63.5577 30.7088 6.64
    endloop
  endfacet
  facet normal -0.488242 -0.03847 -0.87186
    outer loop
      vertex 62.7438 29.1114 6.64
      vertex 62.725 29.35 6.64
      vertex 62.975 29.35 6.5
    endloop
  endfacet
  facet normal -0.166542 0.401858 0.90043
    outer loop
      vertex 63.85 30.5655 6.97759
      vertex 63.6712 30.486 6.98
      vertex 63.85 30.5601 6.98
    endloop
  endfacet
  facet normal -0.166027 0.400718 0.901033
    outer loop
      vertex 63.6712 30.486 6.98
      vertex 63.85 30.5655 6.97759
      vertex 63.5577 30.7088 6.86
    endloop
  endfacet
  facet normal 0.101164 0.421811 0.901022
    outer loop
      vertex 64.65 30.8175 6.86
      vertex 64.65 30.5811 6.97067
      vertex 64.7213 30.8004 6.86
    endloop
  endfacet
  facet normal -0.452366 -0.187496 -0.8719
    outer loop
      vertex 62.8912 28.6577 6.64
      vertex 62.7996 28.8787 6.64
      vertex 63.0374 28.956 6.5
    endloop
  endfacet
  facet normal 0.166027 0.400718 0.901033
    outer loop
      vertex 64.65 30.5655 6.97759
      vertex 64.8288 30.486 6.98
      vertex 64.9423 30.7088 6.86
    endloop
  endfacet
  facet normal 0.166542 0.401858 0.90043
    outer loop
      vertex 64.8288 30.486 6.98
      vertex 64.65 30.5655 6.97759
      vertex 64.65 30.5601 6.98
    endloop
  endfacet
  facet normal -0.649793 -0.760111 0
    outer loop
      vertex 63.1717 28.2717 6.64
      vertex 63.3536 28.1162 6.86
      vertex 63.1717 28.2717 6.86
    endloop
  endfacet
  facet normal -0.649793 -0.760111 -0
    outer loop
      vertex 63.3536 28.1162 6.86
      vertex 63.1717 28.2717 6.64
      vertex 63.3536 28.1162 6.64
    endloop
  endfacet
  facet normal -0.476253 0.11435 -0.871842
    outer loop
      vertex 62.9907 29.5495 6.5
      vertex 62.7438 29.5886 6.64
      vertex 63.0374 29.744 6.5
    endloop
  endfacet
  facet normal 0.476253 -0.11435 -0.871842
    outer loop
      vertex 65.7562 29.1114 6.64
      vertex 65.4626 28.956 6.5
      vertex 65.5093 29.1505 6.5
    endloop
  endfacet
  facet normal -0.233218 0.972424 0
    outer loop
      vertex 63.85 30.8175 6.64
      vertex 63.7787 30.8004 6.86
      vertex 63.85 30.8175 6.86
    endloop
  endfacet
  facet normal -0.233218 0.972424 0
    outer loop
      vertex 63.7787 30.8004 6.86
      vertex 63.85 30.8175 6.64
      vertex 63.7787 30.8004 6.64
    endloop
  endfacet
  facet normal -0.226566 0.369877 0.901032
    outer loop
      vertex 63.5577 30.7088 6.86
      vertex 63.5006 30.3815 6.98
      vertex 63.6712 30.486 6.98
    endloop
  endfacet
  facet normal 0.372378 -0.318128 -0.871854
    outer loop
      vertex 65.3283 28.2717 6.64
      vertex 65.2815 28.6006 6.5
      vertex 65.4837 28.4536 6.64
    endloop
  endfacet
  facet normal 0.421803 0.101146 0.901028
    outer loop
      vertex 65.7004 29.8213 6.86
      vertex 65.4626 29.744 6.98
      vertex 65.7562 29.5886 6.86
    endloop
  endfacet
  facet normal -0.318051 0.372651 -0.871765
    outer loop
      vertex 63.3484 30.2516 6.5
      vertex 63.1717 30.4283 6.64
      vertex 63.5006 30.3815 6.5
    endloop
  endfacet
  facet normal 0.166542 -0.401858 0.90043
    outer loop
      vertex 64.65 28.1345 6.97759
      vertex 64.8288 28.214 6.98
      vertex 64.65 28.1399 6.98
    endloop
  endfacet
  facet normal 0.166027 -0.400718 0.901033
    outer loop
      vertex 64.8288 28.214 6.98
      vertex 64.65 28.1345 6.97759
      vertex 64.9423 27.9912 6.86
    endloop
  endfacet
  facet normal 0.649551 0.760318 -0
    outer loop
      vertex 65.3283 30.4283 6.64
      vertex 65.1464 30.5837 6.86
      vertex 65.3283 30.4283 6.86
    endloop
  endfacet
  facet normal 0.649551 0.760318 0
    outer loop
      vertex 65.1464 30.5837 6.86
      vertex 65.3283 30.4283 6.64
      vertex 65.1464 30.5837 6.64
    endloop
  endfacet
  facet normal 0.452366 -0.187496 -0.8719
    outer loop
      vertex 65.6088 28.6577 6.64
      vertex 65.4626 28.956 6.5
      vertex 65.7004 28.8787 6.64
    endloop
  endfacet
  facet normal -0.972433 -0.233183 0
    outer loop
      vertex 62.7996 28.8787 6.64
      vertex 62.7438 29.1114 6.86
      vertex 62.7438 29.1114 6.64
    endloop
  endfacet
  facet normal -0.972433 -0.233183 0
    outer loop
      vertex 62.7438 29.1114 6.86
      vertex 62.7996 28.8787 6.64
      vertex 62.7996 28.8787 6.86
    endloop
  endfacet
  facet normal -0.421803 0.101146 0.901028
    outer loop
      vertex 62.7996 29.8213 6.86
      vertex 62.7438 29.5886 6.86
      vertex 63.0374 29.744 6.98
    endloop
  endfacet
  facet normal 0.226717 0.369888 0.90099
    outer loop
      vertex 65.1464 30.5837 6.86
      vertex 64.9423 30.7088 6.86
      vertex 64.9994 30.3815 6.98
    endloop
  endfacet
  facet normal -0.43248 -0.0340764 0.900999
    outer loop
      vertex 62.975 29.35 6.98
      vertex 62.725 29.35 6.86
      vertex 62.7438 29.1114 6.86
    endloop
  endfacet
  facet normal 0.188405 0.454613 -0.870535
    outer loop
      vertex 64.65 30.5655 6.50282
      vertex 64.8288 30.486 6.5
      vertex 64.65 30.5601 6.5
    endloop
  endfacet
  facet normal 0.187402 0.452405 -0.8719
    outer loop
      vertex 64.8288 30.486 6.5
      vertex 64.65 30.5655 6.50282
      vertex 64.9423 30.7088 6.64
    endloop
  endfacet
  facet normal 0.417571 0.255781 -0.8719
    outer loop
      vertex 65.386 29.9288 6.5
      vertex 65.2815 30.0994 6.5
      vertex 65.6088 30.0423 6.64
    endloop
  endfacet
  facet normal -0.372378 0.318128 -0.871854
    outer loop
      vertex 63.2185 30.0994 6.5
      vertex 63.0163 30.2464 6.64
      vertex 63.1717 30.4283 6.64
    endloop
  endfacet
  facet normal -0.400697 0.166081 0.901032
    outer loop
      vertex 62.8912 30.0423 6.86
      vertex 62.7996 29.8213 6.86
      vertex 63.0374 29.744 6.98
    endloop
  endfacet
  facet normal -0.488242 0.03847 -0.87186
    outer loop
      vertex 62.975 29.35 6.5
      vertex 62.725 29.35 6.64
      vertex 62.7438 29.5886 6.64
    endloop
  endfacet
  facet normal -0.99691 0.0785495 0
    outer loop
      vertex 62.725 29.35 6.64
      vertex 62.7438 29.5886 6.86
      vertex 62.7438 29.5886 6.64
    endloop
  endfacet
  facet normal -0.99691 0.0785495 0
    outer loop
      vertex 62.7438 29.5886 6.86
      vertex 62.725 29.35 6.64
      vertex 62.725 29.35 6.86
    endloop
  endfacet
  facet normal -0.329849 0.281795 0.900995
    outer loop
      vertex 63.1717 30.4283 6.86
      vertex 63.0163 30.2464 6.86
      vertex 63.2185 30.0994 6.98
    endloop
  endfacet
  facet normal 0.330099 -0.281733 0.900922
    outer loop
      vertex 65.2815 28.6006 6.98
      vertex 65.1516 28.4484 6.98
      vertex 65.3283 28.2717 6.86
    endloop
  endfacet
  facet normal 0.281836 -0.329684 0.901042
    outer loop
      vertex 65.3283 28.2717 6.86
      vertex 64.9994 28.3185 6.98
      vertex 65.1464 28.1162 6.86
    endloop
  endfacet
  facet normal -0.226566 -0.369877 0.901032
    outer loop
      vertex 63.6712 28.214 6.98
      vertex 63.5006 28.3185 6.98
      vertex 63.5577 27.9912 6.86
    endloop
  endfacet
  facet normal -0.226528 -0.369874 0.901043
    outer loop
      vertex 63.5006 28.3185 6.98
      vertex 63.3536 28.1162 6.86
      vertex 63.5577 27.9912 6.86
    endloop
  endfacet
  facet normal -0.281836 -0.329684 0.901042
    outer loop
      vertex 63.5006 28.3185 6.98
      vertex 63.1717 28.2717 6.86
      vertex 63.3536 28.1162 6.86
    endloop
  endfacet
  facet normal -0.188405 -0.454613 -0.870535
    outer loop
      vertex 63.85 28.1345 6.50282
      vertex 63.6712 28.214 6.5
      vertex 63.85 28.1399 6.5
    endloop
  endfacet
  facet normal -0.187402 -0.452405 -0.8719
    outer loop
      vertex 63.6712 28.214 6.5
      vertex 63.85 28.1345 6.50282
      vertex 63.5577 27.9912 6.64
    endloop
  endfacet
  facet normal -0.187506 -0.452389 -0.871887
    outer loop
      vertex 63.5577 27.9912 6.64
      vertex 63.85 28.1189 6.51088
      vertex 63.7787 27.8996 6.64
    endloop
  endfacet
  facet normal -0.188475 -0.450793 -0.872503
    outer loop
      vertex 63.85 28.1189 6.51088
      vertex 63.5577 27.9912 6.64
      vertex 63.85 28.1345 6.50282
    endloop
  endfacet
  facet normal -0.166085 0.400706 0.901027
    outer loop
      vertex 63.5577 30.7088 6.86
      vertex 63.85 30.5811 6.97067
      vertex 63.7787 30.8004 6.86
    endloop
  endfacet
  facet normal -0.166586 0.39982 0.901329
    outer loop
      vertex 63.85 30.5811 6.97067
      vertex 63.5577 30.7088 6.86
      vertex 63.85 30.5655 6.97759
    endloop
  endfacet
  facet normal 0.923793 0.382893 0
    outer loop
      vertex 65.7004 29.8213 6.86
      vertex 65.6088 30.0423 6.64
      vertex 65.6088 30.0423 6.86
    endloop
  endfacet
  facet normal 0.923793 0.382893 0
    outer loop
      vertex 65.6088 30.0423 6.64
      vertex 65.7004 29.8213 6.86
      vertex 65.7004 29.8213 6.64
    endloop
  endfacet
  facet normal -0.369888 0.226717 0.90099
    outer loop
      vertex 63.0163 30.2464 6.86
      vertex 62.8912 30.0423 6.86
      vertex 63.2185 30.0994 6.98
    endloop
  endfacet
  facet normal -0.369877 0.226566 0.901032
    outer loop
      vertex 63.2185 30.0994 6.98
      vertex 62.8912 30.0423 6.86
      vertex 63.114 29.9288 6.98
    endloop
  endfacet
  facet normal 0.114211 0.476215 -0.87188
    outer loop
      vertex 64.7213 30.8004 6.64
      vertex 64.65 30.5811 6.51088
      vertex 64.65 30.8175 6.64
    endloop
  endfacet
  facet normal -0.417571 -0.255781 -0.8719
    outer loop
      vertex 63.2185 28.6006 6.5
      vertex 62.8912 28.6577 6.64
      vertex 63.114 28.7712 6.5
    endloop
  endfacet
  facet normal 0.166085 0.400706 0.901027
    outer loop
      vertex 64.65 30.5811 6.97067
      vertex 64.9423 30.7088 6.86
      vertex 64.7213 30.8004 6.86
    endloop
  endfacet
  facet normal 0.166586 0.39982 0.901329
    outer loop
      vertex 64.9423 30.7088 6.86
      vertex 64.65 30.5811 6.97067
      vertex 64.65 30.5655 6.97759
    endloop
  endfacet
  facet normal -0.369877 -0.226566 0.901032
    outer loop
      vertex 63.114 28.7712 6.98
      vertex 62.8912 28.6577 6.86
      vertex 63.2185 28.6006 6.98
    endloop
  endfacet
  facet normal -0.432513 -0.0340373 0.900985
    outer loop
      vertex 62.975 29.35 6.98
      vertex 62.7438 29.1114 6.86
      vertex 62.9907 29.1505 6.98
    endloop
  endfacet
  facet normal 0.226528 -0.369874 0.901043
    outer loop
      vertex 64.9994 28.3185 6.98
      vertex 64.9423 27.9912 6.86
      vertex 65.1464 28.1162 6.86
    endloop
  endfacet
  facet normal -0.421862 -0.10129 0.900984
    outer loop
      vertex 62.9907 29.1505 6.98
      vertex 62.7438 29.1114 6.86
      vertex 63.0374 28.956 6.98
    endloop
  endfacet
  facet normal -0.417578 -0.255948 -0.871848
    outer loop
      vertex 63.0163 28.4536 6.64
      vertex 62.8912 28.6577 6.64
      vertex 63.2185 28.6006 6.5
    endloop
  endfacet
  facet normal -0.330099 -0.281733 0.900922
    outer loop
      vertex 63.2185 28.6006 6.98
      vertex 63.1717 28.2717 6.86
      vertex 63.3484 28.4484 6.98
    endloop
  endfacet
  facet normal 0.476193 0.114188 -0.871895
    outer loop
      vertex 65.7562 29.5886 6.64
      vertex 65.4626 29.744 6.5
      vertex 65.7004 29.8213 6.64
    endloop
  endfacet
  facet normal -0.255781 0.417571 -0.8719
    outer loop
      vertex 63.6712 30.486 6.5
      vertex 63.5006 30.3815 6.5
      vertex 63.5577 30.7088 6.64
    endloop
  endfacet
  facet normal -0.421862 0.10129 0.900984
    outer loop
      vertex 63.0374 29.744 6.98
      vertex 62.7438 29.5886 6.86
      vertex 62.9907 29.5495 6.98
    endloop
  endfacet
  facet normal -0.760318 -0.649551 0
    outer loop
      vertex 63.1717 28.2717 6.64
      vertex 63.0163 28.4536 6.86
      vertex 63.0163 28.4536 6.64
    endloop
  endfacet
  facet normal -0.760318 -0.649551 0
    outer loop
      vertex 63.0163 28.4536 6.86
      vertex 63.1717 28.2717 6.64
      vertex 63.1717 28.2717 6.86
    endloop
  endfacet
  facet normal -0.400697 -0.166081 0.901032
    outer loop
      vertex 63.0374 28.956 6.98
      vertex 62.7996 28.8787 6.86
      vertex 62.8912 28.6577 6.86
    endloop
  endfacet
  facet normal -0.421803 -0.101146 0.901028
    outer loop
      vertex 63.0374 28.956 6.98
      vertex 62.7438 29.1114 6.86
      vertex 62.7996 28.8787 6.86
    endloop
  endfacet
  facet normal -0.476253 -0.11435 -0.871842
    outer loop
      vertex 63.0374 28.956 6.5
      vertex 62.7438 29.1114 6.64
      vertex 62.9907 29.1505 6.5
    endloop
  endfacet
  facet normal 0.318128 0.372378 -0.871854
    outer loop
      vertex 65.3283 30.4283 6.64
      vertex 64.9994 30.3815 6.5
      vertex 65.1464 30.5837 6.64
    endloop
  endfacet
  facet normal -0.649551 0.760318 0
    outer loop
      vertex 63.3536 30.5837 6.64
      vertex 63.1717 30.4283 6.86
      vertex 63.3536 30.5837 6.86
    endloop
  endfacet
  facet normal -0.649551 0.760318 0
    outer loop
      vertex 63.1717 30.4283 6.86
      vertex 63.3536 30.5837 6.64
      vertex 63.1717 30.4283 6.64
    endloop
  endfacet
  facet normal -0.923793 -0.382893 0
    outer loop
      vertex 62.8912 28.6577 6.64
      vertex 62.7996 28.8787 6.86
      vertex 62.7996 28.8787 6.64
    endloop
  endfacet
  facet normal -0.923793 -0.382893 0
    outer loop
      vertex 62.7996 28.8787 6.86
      vertex 62.8912 28.6577 6.64
      vertex 62.8912 28.6577 6.86
    endloop
  endfacet
  facet normal 0.318051 0.372651 -0.871765
    outer loop
      vertex 65.1516 30.2516 6.5
      vertex 64.9994 30.3815 6.5
      vertex 65.3283 30.4283 6.64
    endloop
  endfacet
  facet normal -0.114211 -0.476215 -0.87188
    outer loop
      vertex 63.85 27.8825 6.64
      vertex 63.7787 27.8996 6.64
      vertex 63.85 28.1189 6.51088
    endloop
  endfacet
  facet normal -0.852589 0.522582 0
    outer loop
      vertex 62.8912 30.0423 6.64
      vertex 63.0163 30.2464 6.86
      vertex 63.0163 30.2464 6.64
    endloop
  endfacet
  facet normal -0.852589 0.522582 0
    outer loop
      vertex 63.0163 30.2464 6.86
      vertex 62.8912 30.0423 6.64
      vertex 62.8912 30.0423 6.86
    endloop
  endfacet
  facet normal -0.452366 0.187496 -0.8719
    outer loop
      vertex 63.0374 29.744 6.5
      vertex 62.7996 29.8213 6.64
      vertex 62.8912 30.0423 6.64
    endloop
  endfacet
  facet normal 0.226566 0.369877 0.901032
    outer loop
      vertex 64.9423 30.7088 6.86
      vertex 64.8288 30.486 6.98
      vertex 64.9994 30.3815 6.98
    endloop
  endfacet
  facet normal 0.372651 -0.318051 -0.871765
    outer loop
      vertex 65.3283 28.2717 6.64
      vertex 65.1516 28.4484 6.5
      vertex 65.2815 28.6006 6.5
    endloop
  endfacet
  facet normal 0.318051 -0.372651 -0.871765
    outer loop
      vertex 65.3283 28.2717 6.64
      vertex 64.9994 28.3185 6.5
      vertex 65.1516 28.4484 6.5
    endloop
  endfacet
  facet normal 0.421862 -0.10129 0.900984
    outer loop
      vertex 65.5093 29.1505 6.98
      vertex 65.4626 28.956 6.98
      vertex 65.7562 29.1114 6.86
    endloop
  endfacet
  facet normal 0.255781 -0.417571 -0.8719
    outer loop
      vertex 64.9423 27.9912 6.64
      vertex 64.8288 28.214 6.5
      vertex 64.9994 28.3185 6.5
    endloop
  endfacet
  facet normal 0.43248 -0.0340764 0.900999
    outer loop
      vertex 65.775 29.35 6.86
      vertex 65.525 29.35 6.98
      vertex 65.7562 29.1114 6.86
    endloop
  endfacet
  facet normal 0.281733 -0.330099 0.900922
    outer loop
      vertex 65.1516 28.4484 6.98
      vertex 64.9994 28.3185 6.98
      vertex 65.3283 28.2717 6.86
    endloop
  endfacet
  facet normal 0.329849 -0.281795 0.900995
    outer loop
      vertex 65.4837 28.4536 6.86
      vertex 65.2815 28.6006 6.98
      vertex 65.3283 28.2717 6.86
    endloop
  endfacet
  facet normal 0.421803 -0.101146 0.901028
    outer loop
      vertex 65.7562 29.1114 6.86
      vertex 65.4626 28.956 6.98
      vertex 65.7004 28.8787 6.86
    endloop
  endfacet
  facet normal -0.522278 -0.852775 0
    outer loop
      vertex 63.3536 28.1162 6.64
      vertex 63.5577 27.9912 6.86
      vertex 63.3536 28.1162 6.86
    endloop
  endfacet
  facet normal -0.522278 -0.852775 -0
    outer loop
      vertex 63.5577 27.9912 6.86
      vertex 63.3536 28.1162 6.64
      vertex 63.5577 27.9912 6.64
    endloop
  endfacet
  facet normal 0.760318 0.649551 0
    outer loop
      vertex 65.4837 30.2464 6.86
      vertex 65.3283 30.4283 6.64
      vertex 65.3283 30.4283 6.86
    endloop
  endfacet
  facet normal 0.760318 0.649551 0
    outer loop
      vertex 65.3283 30.4283 6.64
      vertex 65.4837 30.2464 6.86
      vertex 65.4837 30.2464 6.64
    endloop
  endfacet
  facet normal -0.233218 -0.972424 0
    outer loop
      vertex 63.7787 27.8996 6.64
      vertex 63.85 27.8825 6.86
      vertex 63.7787 27.8996 6.86
    endloop
  endfacet
  facet normal -0.233218 -0.972424 -0
    outer loop
      vertex 63.85 27.8825 6.86
      vertex 63.7787 27.8996 6.64
      vertex 63.85 27.8825 6.64
    endloop
  endfacet
  facet normal 0.330099 0.281733 0.900922
    outer loop
      vertex 65.3283 30.4283 6.86
      vertex 65.1516 30.2516 6.98
      vertex 65.2815 30.0994 6.98
    endloop
  endfacet
  facet normal -0.114211 0.476215 -0.87188
    outer loop
      vertex 63.85 30.5811 6.51088
      vertex 63.7787 30.8004 6.64
      vertex 63.85 30.8175 6.64
    endloop
  endfacet
  facet normal -0.522582 0.852589 0
    outer loop
      vertex 63.5577 30.7088 6.64
      vertex 63.3536 30.5837 6.86
      vertex 63.5577 30.7088 6.86
    endloop
  endfacet
  facet normal -0.522582 0.852589 0
    outer loop
      vertex 63.3536 30.5837 6.86
      vertex 63.5577 30.7088 6.64
      vertex 63.3536 30.5837 6.64
    endloop
  endfacet
  facet normal -0.382893 0.923793 0
    outer loop
      vertex 63.7787 30.8004 6.64
      vertex 63.5577 30.7088 6.86
      vertex 63.7787 30.8004 6.86
    endloop
  endfacet
  facet normal -0.382893 0.923793 0
    outer loop
      vertex 63.5577 30.7088 6.86
      vertex 63.7787 30.8004 6.64
      vertex 63.5577 30.7088 6.64
    endloop
  endfacet
  facet normal -0.923793 0.382893 0
    outer loop
      vertex 62.7996 29.8213 6.64
      vertex 62.8912 30.0423 6.86
      vertex 62.8912 30.0423 6.64
    endloop
  endfacet
  facet normal -0.923793 0.382893 0
    outer loop
      vertex 62.8912 30.0423 6.86
      vertex 62.7996 29.8213 6.64
      vertex 62.7996 29.8213 6.86
    endloop
  endfacet
  facet normal -0.318128 0.372378 -0.871854
    outer loop
      vertex 63.5006 30.3815 6.5
      vertex 63.1717 30.4283 6.64
      vertex 63.3536 30.5837 6.64
    endloop
  endfacet
  facet normal 0.452356 -0.187503 -0.871904
    outer loop
      vertex 65.6088 28.6577 6.64
      vertex 65.386 28.7712 6.5
      vertex 65.4626 28.956 6.5
    endloop
  endfacet
  facet normal 0.417571 -0.255781 -0.8719
    outer loop
      vertex 65.6088 28.6577 6.64
      vertex 65.2815 28.6006 6.5
      vertex 65.386 28.7712 6.5
    endloop
  endfacet
  facet normal 0.432513 0.0340373 0.900985
    outer loop
      vertex 65.7562 29.5886 6.86
      vertex 65.5093 29.5495 6.98
      vertex 65.525 29.35 6.98
    endloop
  endfacet
  facet normal -0.330099 0.281733 0.900922
    outer loop
      vertex 63.3484 30.2516 6.98
      vertex 63.1717 30.4283 6.86
      vertex 63.2185 30.0994 6.98
    endloop
  endfacet
  facet normal 0.488277 -0.0384258 -0.871843
    outer loop
      vertex 65.7562 29.1114 6.64
      vertex 65.5093 29.1505 6.5
      vertex 65.525 29.35 6.5
    endloop
  endfacet
  facet normal 0.382893 0.923793 -0
    outer loop
      vertex 64.9423 30.7088 6.64
      vertex 64.7213 30.8004 6.86
      vertex 64.9423 30.7088 6.86
    endloop
  endfacet
  facet normal 0.382893 0.923793 0
    outer loop
      vertex 64.7213 30.8004 6.86
      vertex 64.9423 30.7088 6.64
      vertex 64.7213 30.8004 6.64
    endloop
  endfacet
  facet normal 0.226566 -0.369877 0.901032
    outer loop
      vertex 64.9994 28.3185 6.98
      vertex 64.8288 28.214 6.98
      vertex 64.9423 27.9912 6.86
    endloop
  endfacet
  facet normal 0.329849 0.281795 0.900995
    outer loop
      vertex 65.3283 30.4283 6.86
      vertex 65.2815 30.0994 6.98
      vertex 65.4837 30.2464 6.86
    endloop
  endfacet
  facet normal 0.369888 0.226717 0.90099
    outer loop
      vertex 65.4837 30.2464 6.86
      vertex 65.2815 30.0994 6.98
      vertex 65.6088 30.0423 6.86
    endloop
  endfacet
  facet normal 0.400697 0.166081 0.901032
    outer loop
      vertex 65.6088 30.0423 6.86
      vertex 65.4626 29.744 6.98
      vertex 65.7004 29.8213 6.86
    endloop
  endfacet
  facet normal 0.372378 0.318128 -0.871854
    outer loop
      vertex 65.4837 30.2464 6.64
      vertex 65.2815 30.0994 6.5
      vertex 65.3283 30.4283 6.64
    endloop
  endfacet
  facet normal 0.372651 0.318051 -0.871765
    outer loop
      vertex 65.2815 30.0994 6.5
      vertex 65.1516 30.2516 6.5
      vertex 65.3283 30.4283 6.64
    endloop
  endfacet
  facet normal 0.421862 0.10129 0.900984
    outer loop
      vertex 65.7562 29.5886 6.86
      vertex 65.4626 29.744 6.98
      vertex 65.5093 29.5495 6.98
    endloop
  endfacet
  facet normal 0.369877 0.226566 0.901032
    outer loop
      vertex 65.6088 30.0423 6.86
      vertex 65.2815 30.0994 6.98
      vertex 65.386 29.9288 6.98
    endloop
  endfacet
  facet normal -0.400689 -0.166086 0.901035
    outer loop
      vertex 63.0374 28.956 6.98
      vertex 62.8912 28.6577 6.86
      vertex 63.114 28.7712 6.98
    endloop
  endfacet
  facet normal 0.476253 0.11435 -0.871842
    outer loop
      vertex 65.5093 29.5495 6.5
      vertex 65.4626 29.744 6.5
      vertex 65.7562 29.5886 6.64
    endloop
  endfacet
  facet normal 0.972433 0.233183 0
    outer loop
      vertex 65.7562 29.5886 6.86
      vertex 65.7004 29.8213 6.64
      vertex 65.7004 29.8213 6.86
    endloop
  endfacet
  facet normal 0.972433 0.233183 0
    outer loop
      vertex 65.7004 29.8213 6.64
      vertex 65.7562 29.5886 6.86
      vertex 65.7562 29.5886 6.64
    endloop
  endfacet
  facet normal 0.452366 0.187496 -0.8719
    outer loop
      vertex 65.7004 29.8213 6.64
      vertex 65.4626 29.744 6.5
      vertex 65.6088 30.0423 6.64
    endloop
  endfacet
  facet normal 0.281795 0.329849 0.900995
    outer loop
      vertex 65.1464 30.5837 6.86
      vertex 64.9994 30.3815 6.98
      vertex 65.3283 30.4283 6.86
    endloop
  endfacet
  facet normal 0.281733 0.330099 0.900922
    outer loop
      vertex 65.3283 30.4283 6.86
      vertex 64.9994 30.3815 6.98
      vertex 65.1516 30.2516 6.98
    endloop
  endfacet
  facet normal 0.43248 0.0340764 0.900999
    outer loop
      vertex 65.7562 29.5886 6.86
      vertex 65.525 29.35 6.98
      vertex 65.775 29.35 6.86
    endloop
  endfacet
  facet normal 0.400689 -0.166086 0.901035
    outer loop
      vertex 65.4626 28.956 6.98
      vertex 65.386 28.7712 6.98
      vertex 65.6088 28.6577 6.86
    endloop
  endfacet
  facet normal 0.255948 0.417578 -0.871848
    outer loop
      vertex 64.9994 30.3815 6.5
      vertex 64.9423 30.7088 6.64
      vertex 65.1464 30.5837 6.64
    endloop
  endfacet
  facet normal 0.255781 0.417571 -0.8719
    outer loop
      vertex 64.9994 30.3815 6.5
      vertex 64.8288 30.486 6.5
      vertex 64.9423 30.7088 6.64
    endloop
  endfacet
  facet normal 0.972433 -0.233183 0
    outer loop
      vertex 65.7004 28.8787 6.86
      vertex 65.7562 29.1114 6.64
      vertex 65.7562 29.1114 6.86
    endloop
  endfacet
  facet normal 0.972433 -0.233183 0
    outer loop
      vertex 65.7562 29.1114 6.64
      vertex 65.7004 28.8787 6.86
      vertex 65.7004 28.8787 6.64
    endloop
  endfacet
  facet normal 0.187402 -0.452405 -0.8719
    outer loop
      vertex 64.65 28.1345 6.50282
      vertex 64.8288 28.214 6.5
      vertex 64.9423 27.9912 6.64
    endloop
  endfacet
  facet normal 0.188405 -0.454613 -0.870535
    outer loop
      vertex 64.8288 28.214 6.5
      vertex 64.65 28.1345 6.50282
      vertex 64.65 28.1399 6.5
    endloop
  endfacet
  facet normal 0.522278 -0.852775 0
    outer loop
      vertex 64.9423 27.9912 6.64
      vertex 65.1464 28.1162 6.86
      vertex 64.9423 27.9912 6.86
    endloop
  endfacet
  facet normal 0.522278 -0.852775 0
    outer loop
      vertex 65.1464 28.1162 6.86
      vertex 64.9423 27.9912 6.64
      vertex 65.1464 28.1162 6.64
    endloop
  endfacet
  facet normal 0.255738 -0.41757 -0.871914
    outer loop
      vertex 65.1464 28.1162 6.64
      vertex 64.9423 27.9912 6.64
      vertex 64.9994 28.3185 6.5
    endloop
  endfacet
  facet normal 0.166586 -0.39982 0.901329
    outer loop
      vertex 64.65 28.1189 6.97067
      vertex 64.9423 27.9912 6.86
      vertex 64.65 28.1345 6.97759
    endloop
  endfacet
  facet normal 0.166085 -0.400706 0.901027
    outer loop
      vertex 64.9423 27.9912 6.86
      vertex 64.65 28.1189 6.97067
      vertex 64.7213 27.8996 6.86
    endloop
  endfacet
  facet normal 0.233218 -0.972424 0
    outer loop
      vertex 64.65 27.8825 6.64
      vertex 64.7213 27.8996 6.86
      vertex 64.65 27.8825 6.86
    endloop
  endfacet
  facet normal 0.233218 -0.972424 0
    outer loop
      vertex 64.7213 27.8996 6.86
      vertex 64.65 27.8825 6.64
      vertex 64.7213 27.8996 6.64
    endloop
  endfacet
  facet normal -0.255738 -0.41757 -0.871914
    outer loop
      vertex 63.5577 27.9912 6.64
      vertex 63.3536 28.1162 6.64
      vertex 63.5006 28.3185 6.5
    endloop
  endfacet
  facet normal -0.255781 -0.417571 -0.8719
    outer loop
      vertex 63.5577 27.9912 6.64
      vertex 63.5006 28.3185 6.5
      vertex 63.6712 28.214 6.5
    endloop
  endfacet
  facet normal -0.101164 -0.421811 0.901022
    outer loop
      vertex 63.85 28.1189 6.97067
      vertex 63.7787 27.8996 6.86
      vertex 63.85 27.8825 6.86
    endloop
  endfacet
  facet normal 0.400689 0.166086 0.901035
    outer loop
      vertex 65.6088 30.0423 6.86
      vertex 65.386 29.9288 6.98
      vertex 65.4626 29.744 6.98
    endloop
  endfacet
  facet normal -0.382893 -0.923793 0
    outer loop
      vertex 63.5577 27.9912 6.64
      vertex 63.7787 27.8996 6.86
      vertex 63.5577 27.9912 6.86
    endloop
  endfacet
  facet normal -0.382893 -0.923793 -0
    outer loop
      vertex 63.7787 27.8996 6.86
      vertex 63.5577 27.9912 6.64
      vertex 63.7787 27.8996 6.64
    endloop
  endfacet
  facet normal -0.372651 0.318051 -0.871765
    outer loop
      vertex 63.2185 30.0994 6.5
      vertex 63.1717 30.4283 6.64
      vertex 63.3484 30.2516 6.5
    endloop
  endfacet
  facet normal -0.760318 0.649551 0
    outer loop
      vertex 63.0163 30.2464 6.64
      vertex 63.1717 30.4283 6.86
      vertex 63.1717 30.4283 6.64
    endloop
  endfacet
  facet normal -0.760318 0.649551 0
    outer loop
      vertex 63.1717 30.4283 6.86
      vertex 63.0163 30.2464 6.64
      vertex 63.0163 30.2464 6.86
    endloop
  endfacet
  facet normal -0.417578 0.255948 -0.871848
    outer loop
      vertex 63.2185 30.0994 6.5
      vertex 62.8912 30.0423 6.64
      vertex 63.0163 30.2464 6.64
    endloop
  endfacet
  facet normal 0.452356 0.187503 -0.871904
    outer loop
      vertex 65.4626 29.744 6.5
      vertex 65.386 29.9288 6.5
      vertex 65.6088 30.0423 6.64
    endloop
  endfacet
  facet normal 0.852589 0.522582 0
    outer loop
      vertex 65.6088 30.0423 6.86
      vertex 65.4837 30.2464 6.64
      vertex 65.4837 30.2464 6.86
    endloop
  endfacet
  facet normal 0.852589 0.522582 0
    outer loop
      vertex 65.4837 30.2464 6.64
      vertex 65.6088 30.0423 6.86
      vertex 65.6088 30.0423 6.64
    endloop
  endfacet
  facet normal 0.417578 0.255948 -0.871848
    outer loop
      vertex 65.6088 30.0423 6.64
      vertex 65.2815 30.0994 6.5
      vertex 65.4837 30.2464 6.64
    endloop
  endfacet
  facet normal 0.369888 -0.226717 0.90099
    outer loop
      vertex 65.6088 28.6577 6.86
      vertex 65.2815 28.6006 6.98
      vertex 65.4837 28.4536 6.86
    endloop
  endfacet
  facet normal 0.417578 -0.255948 -0.871848
    outer loop
      vertex 65.4837 28.4536 6.64
      vertex 65.2815 28.6006 6.5
      vertex 65.6088 28.6577 6.64
    endloop
  endfacet
  facet normal 0.476193 -0.114188 -0.871895
    outer loop
      vertex 65.7004 28.8787 6.64
      vertex 65.4626 28.956 6.5
      vertex 65.7562 29.1114 6.64
    endloop
  endfacet
  facet normal 0.432513 -0.0340373 0.900985
    outer loop
      vertex 65.525 29.35 6.98
      vertex 65.5093 29.1505 6.98
      vertex 65.7562 29.1114 6.86
    endloop
  endfacet
  facet normal -0.452356 0.187503 -0.871904
    outer loop
      vertex 63.0374 29.744 6.5
      vertex 62.8912 30.0423 6.64
      vertex 63.114 29.9288 6.5
    endloop
  endfacet
  facet normal 0.382893 -0.923793 0
    outer loop
      vertex 64.7213 27.8996 6.64
      vertex 64.9423 27.9912 6.86
      vertex 64.7213 27.8996 6.86
    endloop
  endfacet
  facet normal 0.382893 -0.923793 0
    outer loop
      vertex 64.9423 27.9912 6.86
      vertex 64.7213 27.8996 6.64
      vertex 64.9423 27.9912 6.64
    endloop
  endfacet
  facet normal -0.476193 0.114188 -0.871895
    outer loop
      vertex 63.0374 29.744 6.5
      vertex 62.7438 29.5886 6.64
      vertex 62.7996 29.8213 6.64
    endloop
  endfacet
  facet normal -0.972433 0.233183 0
    outer loop
      vertex 62.7438 29.5886 6.64
      vertex 62.7996 29.8213 6.86
      vertex 62.7996 29.8213 6.64
    endloop
  endfacet
  facet normal -0.972433 0.233183 0
    outer loop
      vertex 62.7996 29.8213 6.86
      vertex 62.7438 29.5886 6.64
      vertex 62.7438 29.5886 6.86
    endloop
  endfacet
  facet normal 0.649793 -0.760111 0
    outer loop
      vertex 65.1464 28.1162 6.64
      vertex 65.3283 28.2717 6.86
      vertex 65.1464 28.1162 6.86
    endloop
  endfacet
  facet normal 0.649793 -0.760111 0
    outer loop
      vertex 65.3283 28.2717 6.86
      vertex 65.1464 28.1162 6.64
      vertex 65.3283 28.2717 6.64
    endloop
  endfacet
  facet normal 0.760318 -0.649551 0
    outer loop
      vertex 65.3283 28.2717 6.86
      vertex 65.4837 28.4536 6.64
      vertex 65.4837 28.4536 6.86
    endloop
  endfacet
  facet normal 0.760318 -0.649551 0
    outer loop
      vertex 65.4837 28.4536 6.64
      vertex 65.3283 28.2717 6.86
      vertex 65.3283 28.2717 6.64
    endloop
  endfacet
  facet normal 0.400697 -0.166081 0.901032
    outer loop
      vertex 65.7004 28.8787 6.86
      vertex 65.4626 28.956 6.98
      vertex 65.6088 28.6577 6.86
    endloop
  endfacet
  facet normal 0.488242 0.03847 -0.87186
    outer loop
      vertex 65.775 29.35 6.64
      vertex 65.525 29.35 6.5
      vertex 65.7562 29.5886 6.64
    endloop
  endfacet
  facet normal 0.99691 0.0785495 0
    outer loop
      vertex 65.775 29.35 6.86
      vertex 65.7562 29.5886 6.64
      vertex 65.7562 29.5886 6.86
    endloop
  endfacet
  facet normal 0.99691 0.0785495 0
    outer loop
      vertex 65.7562 29.5886 6.64
      vertex 65.775 29.35 6.86
      vertex 65.775 29.35 6.64
    endloop
  endfacet
  facet normal 0.923793 -0.382893 0
    outer loop
      vertex 65.6088 28.6577 6.86
      vertex 65.7004 28.8787 6.64
      vertex 65.7004 28.8787 6.86
    endloop
  endfacet
  facet normal 0.923793 -0.382893 0
    outer loop
      vertex 65.7004 28.8787 6.64
      vertex 65.6088 28.6577 6.86
      vertex 65.6088 28.6577 6.64
    endloop
  endfacet
  facet normal 0.99691 -0.0785495 0
    outer loop
      vertex 65.7562 29.1114 6.86
      vertex 65.775 29.35 6.64
      vertex 65.775 29.35 6.86
    endloop
  endfacet
  facet normal 0.99691 -0.0785495 0
    outer loop
      vertex 65.775 29.35 6.64
      vertex 65.7562 29.1114 6.86
      vertex 65.7562 29.1114 6.64
    endloop
  endfacet
  facet normal 0.488242 -0.03847 -0.87186
    outer loop
      vertex 65.7562 29.1114 6.64
      vertex 65.525 29.35 6.5
      vertex 65.775 29.35 6.64
    endloop
  endfacet
  facet normal 0.382762 -0.923847 0
    outer loop
      vertex 65.2389 26.3066 2.2
      vertex 65.7028 26.4988 5.4
      vertex 65.2389 26.3066 5.4
    endloop
  endfacet
  facet normal 0.382762 -0.923847 0
    outer loop
      vertex 65.7028 26.4988 5.4
      vertex 65.2389 26.3066 2.2
      vertex 65.7028 26.4988 2.2
    endloop
  endfacet
  facet normal 0.972384 0.233388 0
    outer loop
      vertex 67.4106 29.8506 5.4
      vertex 67.2934 30.3389 2.2
      vertex 67.2934 30.3389 5.4
    endloop
  endfacet
  facet normal 0.972384 0.233388 0
    outer loop
      vertex 67.2934 30.3389 2.2
      vertex 67.4106 29.8506 5.4
      vertex 67.4106 29.8506 2.2
    endloop
  endfacet
  facet normal 0.996917 0.0784629 0
    outer loop
      vertex 67.45 29.35 5.4
      vertex 67.4106 29.8506 2.2
      vertex 67.4106 29.8506 5.4
    endloop
  endfacet
  facet normal 0.996917 0.0784629 0
    outer loop
      vertex 67.4106 29.8506 2.2
      vertex 67.45 29.35 5.4
      vertex 67.45 29.35 2.2
    endloop
  endfacet
  facet normal 0.852676 -0.522441 0
    outer loop
      vertex 66.8389 27.4691 5.4
      vertex 67.1012 27.8972 2.2
      vertex 67.1012 27.8972 5.4
    endloop
  endfacet
  facet normal 0.852676 -0.522441 0
    outer loop
      vertex 67.1012 27.8972 2.2
      vertex 66.8389 27.4691 5.4
      vertex 66.8389 27.4691 2.2
    endloop
  endfacet
  facet normal 0.996917 -0.0784629 0
    outer loop
      vertex 67.4106 28.8494 5.4
      vertex 67.45 29.35 2.2
      vertex 67.45 29.35 5.4
    endloop
  endfacet
  facet normal 0.996917 -0.0784629 0
    outer loop
      vertex 67.45 29.35 2.2
      vertex 67.4106 28.8494 5.4
      vertex 67.4106 28.8494 2.2
    endloop
  endfacet
  facet normal 0.0782878 0.996931 0
    outer loop
      vertex 64.7506 32.5106 5.4
      vertex 64.65 32.5185 5.25
      vertex 64.65 32.5185 5.4
    endloop
  endfacet
  facet normal 0.0782878 0.996931 -0
    outer loop
      vertex 64.7506 32.5106 2.2
      vertex 64.65 32.5185 5.25
      vertex 64.7506 32.5106 5.4
    endloop
  endfacet
  facet normal 0.0784629 0.996917 5.8111e-06
    outer loop
      vertex 64.25 32.55 2.2
      vertex 64.65 32.5185 5.25
      vertex 64.7506 32.5106 2.2
    endloop
  endfacet
  facet normal 0.0785069 0.996914 0
    outer loop
      vertex 64.65 32.5185 5.25
      vertex 64.25 32.55 2.2
      vertex 64.25 32.55 5.25
    endloop
  endfacet
  facet normal 0.972384 -0.233388 0
    outer loop
      vertex 67.2934 28.3611 5.4
      vertex 67.4106 28.8494 2.2
      vertex 67.4106 28.8494 5.4
    endloop
  endfacet
  facet normal 0.972384 -0.233388 0
    outer loop
      vertex 67.4106 28.8494 2.2
      vertex 67.2934 28.3611 5.4
      vertex 67.2934 28.3611 2.2
    endloop
  endfacet
  facet normal -0.233388 -0.972384 0
    outer loop
      vertex 63.2611 26.3066 2.2
      vertex 63.7494 26.1894 5.4
      vertex 63.2611 26.3066 5.4
    endloop
  endfacet
  facet normal -0.233388 -0.972384 -0
    outer loop
      vertex 63.7494 26.1894 5.4
      vertex 63.2611 26.3066 2.2
      vertex 63.7494 26.1894 2.2
    endloop
  endfacet
  facet normal -0.382762 0.923847 0
    outer loop
      vertex 63.2611 32.3934 2.2
      vertex 62.7972 32.2012 5.4
      vertex 63.2611 32.3934 5.4
    endloop
  endfacet
  facet normal -0.382762 0.923847 0
    outer loop
      vertex 62.7972 32.2012 5.4
      vertex 63.2611 32.3934 2.2
      vertex 62.7972 32.2012 2.2
    endloop
  endfacet
  facet normal -0.382762 -0.923847 0
    outer loop
      vertex 62.7972 26.4988 2.2
      vertex 63.2611 26.3066 5.4
      vertex 62.7972 26.4988 5.4
    endloop
  endfacet
  facet normal -0.382762 -0.923847 -0
    outer loop
      vertex 63.2611 26.3066 5.4
      vertex 62.7972 26.4988 2.2
      vertex 63.2611 26.3066 2.2
    endloop
  endfacet
  facet normal -0.233388 0.972384 0
    outer loop
      vertex 63.7494 32.5106 2.2
      vertex 63.2611 32.3934 5.4
      vertex 63.7494 32.5106 5.4
    endloop
  endfacet
  facet normal -0.233388 0.972384 0
    outer loop
      vertex 63.2611 32.3934 5.4
      vertex 63.7494 32.5106 2.2
      vertex 63.2611 32.3934 2.2
    endloop
  endfacet
  facet normal -0.760296 0.649577 0
    outer loop
      vertex 61.6611 31.2309 2.2
      vertex 61.9873 31.6127 5.4
      vertex 61.9873 31.6127 2.2
    endloop
  endfacet
  facet normal -0.760296 0.649577 0
    outer loop
      vertex 61.9873 31.6127 5.4
      vertex 61.6611 31.2309 2.2
      vertex 61.6611 31.2309 5.4
    endloop
  endfacet
  facet normal 0.649577 -0.760296 0
    outer loop
      vertex 66.1309 26.7611 2.2
      vertex 66.5127 27.0873 5.4
      vertex 66.1309 26.7611 5.4
    endloop
  endfacet
  facet normal 0.649577 -0.760296 0
    outer loop
      vertex 66.5127 27.0873 5.4
      vertex 66.1309 26.7611 2.2
      vertex 66.5127 27.0873 2.2
    endloop
  endfacet
  facet normal -0.649577 -0.760296 0
    outer loop
      vertex 61.9873 27.0873 2.2
      vertex 62.3691 26.7611 5.4
      vertex 61.9873 27.0873 5.4
    endloop
  endfacet
  facet normal -0.649577 -0.760296 -0
    outer loop
      vertex 62.3691 26.7611 5.4
      vertex 61.9873 27.0873 2.2
      vertex 62.3691 26.7611 2.2
    endloop
  endfacet
  facet normal -0.972384 -0.233388 0
    outer loop
      vertex 61.2066 28.3611 2.2
      vertex 61.0894 28.8494 5.4
      vertex 61.0894 28.8494 2.2
    endloop
  endfacet
  facet normal -0.972384 -0.233388 0
    outer loop
      vertex 61.0894 28.8494 5.4
      vertex 61.2066 28.3611 2.2
      vertex 61.2066 28.3611 5.4
    endloop
  endfacet
  facet normal -0.972384 0.233388 0
    outer loop
      vertex 61.0894 29.8506 2.2
      vertex 61.2066 30.3389 5.4
      vertex 61.2066 30.3389 2.2
    endloop
  endfacet
  facet normal -0.972384 0.233388 0
    outer loop
      vertex 61.2066 30.3389 5.4
      vertex 61.0894 29.8506 2.2
      vertex 61.0894 29.8506 5.4
    endloop
  endfacet
  facet normal 0.923847 -0.382762 0
    outer loop
      vertex 67.1012 27.8972 5.4
      vertex 67.2934 28.3611 2.2
      vertex 67.2934 28.3611 5.4
    endloop
  endfacet
  facet normal 0.923847 -0.382762 0
    outer loop
      vertex 67.2934 28.3611 2.2
      vertex 67.1012 27.8972 5.4
      vertex 67.1012 27.8972 2.2
    endloop
  endfacet
  facet normal -0.649577 0.760296 0
    outer loop
      vertex 62.3691 31.9389 2.2
      vertex 61.9873 31.6127 5.4
      vertex 62.3691 31.9389 5.4
    endloop
  endfacet
  facet normal -0.649577 0.760296 0
    outer loop
      vertex 61.9873 31.6127 5.4
      vertex 62.3691 31.9389 2.2
      vertex 61.9873 31.6127 2.2
    endloop
  endfacet
  facet normal 0.522441 -0.852676 0
    outer loop
      vertex 65.7028 26.4988 2.2
      vertex 66.1309 26.7611 5.4
      vertex 65.7028 26.4988 5.4
    endloop
  endfacet
  facet normal 0.522441 -0.852676 0
    outer loop
      vertex 66.1309 26.7611 5.4
      vertex 65.7028 26.4988 2.2
      vertex 66.1309 26.7611 2.2
    endloop
  endfacet
  facet normal -0.0782878 -0.996931 0
    outer loop
      vertex 63.7494 26.1894 5.4
      vertex 63.85 26.1815 5.25
      vertex 63.85 26.1815 5.4
    endloop
  endfacet
  facet normal -0.0782878 -0.996931 0
    outer loop
      vertex 63.7494 26.1894 2.2
      vertex 63.85 26.1815 5.25
      vertex 63.7494 26.1894 5.4
    endloop
  endfacet
  facet normal -0.0784629 -0.996917 5.8111e-06
    outer loop
      vertex 64.25 26.15 2.2
      vertex 63.85 26.1815 5.25
      vertex 63.7494 26.1894 2.2
    endloop
  endfacet
  facet normal -0.0785069 -0.996914 0
    outer loop
      vertex 63.85 26.1815 5.25
      vertex 64.25 26.15 2.2
      vertex 64.25 26.15 5.25
    endloop
  endfacet
  facet normal 0.760296 0.649577 0
    outer loop
      vertex 66.8389 31.2309 5.4
      vertex 66.5127 31.6127 2.2
      vertex 66.5127 31.6127 5.4
    endloop
  endfacet
  facet normal 0.760296 0.649577 0
    outer loop
      vertex 66.5127 31.6127 2.2
      vertex 66.8389 31.2309 5.4
      vertex 66.8389 31.2309 2.2
    endloop
  endfacet
  facet normal 0.760296 -0.649577 0
    outer loop
      vertex 66.5127 27.0873 5.4
      vertex 66.8389 27.4691 2.2
      vertex 66.8389 27.4691 5.4
    endloop
  endfacet
  facet normal 0.760296 -0.649577 0
    outer loop
      vertex 66.8389 27.4691 2.2
      vertex 66.5127 27.0873 5.4
      vertex 66.5127 27.0873 2.2
    endloop
  endfacet
  facet normal -0.852676 -0.522441 0
    outer loop
      vertex 61.6611 27.4691 2.2
      vertex 61.3988 27.8972 5.4
      vertex 61.3988 27.8972 2.2
    endloop
  endfacet
  facet normal -0.852676 -0.522441 0
    outer loop
      vertex 61.3988 27.8972 5.4
      vertex 61.6611 27.4691 2.2
      vertex 61.6611 27.4691 5.4
    endloop
  endfacet
  facet normal 0.382762 0.923847 -0
    outer loop
      vertex 65.7028 32.2012 2.2
      vertex 65.2389 32.3934 5.4
      vertex 65.7028 32.2012 5.4
    endloop
  endfacet
  facet normal 0.382762 0.923847 0
    outer loop
      vertex 65.2389 32.3934 5.4
      vertex 65.7028 32.2012 2.2
      vertex 65.2389 32.3934 2.2
    endloop
  endfacet
  facet normal 0.649577 0.760296 -0
    outer loop
      vertex 66.5127 31.6127 2.2
      vertex 66.1309 31.9389 5.4
      vertex 66.5127 31.6127 5.4
    endloop
  endfacet
  facet normal 0.649577 0.760296 0
    outer loop
      vertex 66.1309 31.9389 5.4
      vertex 66.5127 31.6127 2.2
      vertex 66.1309 31.9389 2.2
    endloop
  endfacet
  facet normal 0.233388 -0.972384 0
    outer loop
      vertex 64.7506 26.1894 2.2
      vertex 65.2389 26.3066 5.4
      vertex 64.7506 26.1894 5.4
    endloop
  endfacet
  facet normal 0.233388 -0.972384 0
    outer loop
      vertex 65.2389 26.3066 5.4
      vertex 64.7506 26.1894 2.2
      vertex 65.2389 26.3066 2.2
    endloop
  endfacet
  facet normal 0.0785069 -0.996914 0
    outer loop
      vertex 64.25 26.15 5.25
      vertex 64.25 26.15 2.2
      vertex 64.65 26.1815 5.25
    endloop
  endfacet
  facet normal 0.0782878 -0.996931 0
    outer loop
      vertex 64.65 26.1815 5.25
      vertex 64.7506 26.1894 5.4
      vertex 64.65 26.1815 5.4
    endloop
  endfacet
  facet normal 0.0784629 -0.996917 5.8111e-06
    outer loop
      vertex 64.7506 26.1894 2.2
      vertex 64.65 26.1815 5.25
      vertex 64.25 26.15 2.2
    endloop
  endfacet
  facet normal 0.0782878 -0.996931 0
    outer loop
      vertex 64.65 26.1815 5.25
      vertex 64.7506 26.1894 2.2
      vertex 64.7506 26.1894 5.4
    endloop
  endfacet
  facet normal 0.522441 0.852676 -0
    outer loop
      vertex 66.1309 31.9389 2.2
      vertex 65.7028 32.2012 5.4
      vertex 66.1309 31.9389 5.4
    endloop
  endfacet
  facet normal 0.522441 0.852676 0
    outer loop
      vertex 65.7028 32.2012 5.4
      vertex 66.1309 31.9389 2.2
      vertex 65.7028 32.2012 2.2
    endloop
  endfacet
  facet normal -0.923847 0.382762 0
    outer loop
      vertex 61.2066 30.3389 2.2
      vertex 61.3988 30.8028 5.4
      vertex 61.3988 30.8028 2.2
    endloop
  endfacet
  facet normal -0.923847 0.382762 0
    outer loop
      vertex 61.3988 30.8028 5.4
      vertex 61.2066 30.3389 2.2
      vertex 61.2066 30.3389 5.4
    endloop
  endfacet
  facet normal -0.852676 0.522441 0
    outer loop
      vertex 61.3988 30.8028 2.2
      vertex 61.6611 31.2309 5.4
      vertex 61.6611 31.2309 2.2
    endloop
  endfacet
  facet normal -0.852676 0.522441 0
    outer loop
      vertex 61.6611 31.2309 5.4
      vertex 61.3988 30.8028 2.2
      vertex 61.3988 30.8028 5.4
    endloop
  endfacet
  facet normal -0.0785069 0.996914 0
    outer loop
      vertex 64.25 32.55 5.25
      vertex 64.25 32.55 2.2
      vertex 63.85 32.5185 5.25
    endloop
  endfacet
  facet normal -0.0782878 0.996931 0
    outer loop
      vertex 63.85 32.5185 5.25
      vertex 63.7494 32.5106 5.4
      vertex 63.85 32.5185 5.4
    endloop
  endfacet
  facet normal -0.0784629 0.996917 5.8111e-06
    outer loop
      vertex 63.7494 32.5106 2.2
      vertex 63.85 32.5185 5.25
      vertex 64.25 32.55 2.2
    endloop
  endfacet
  facet normal -0.0782878 0.996931 0
    outer loop
      vertex 63.85 32.5185 5.25
      vertex 63.7494 32.5106 2.2
      vertex 63.7494 32.5106 5.4
    endloop
  endfacet
  facet normal 0.852676 0.522441 0
    outer loop
      vertex 67.1012 30.8028 5.4
      vertex 66.8389 31.2309 2.2
      vertex 66.8389 31.2309 5.4
    endloop
  endfacet
  facet normal 0.852676 0.522441 0
    outer loop
      vertex 66.8389 31.2309 2.2
      vertex 67.1012 30.8028 5.4
      vertex 67.1012 30.8028 2.2
    endloop
  endfacet
  facet normal -0.760296 -0.649577 0
    outer loop
      vertex 61.9873 27.0873 2.2
      vertex 61.6611 27.4691 5.4
      vertex 61.6611 27.4691 2.2
    endloop
  endfacet
  facet normal -0.760296 -0.649577 0
    outer loop
      vertex 61.6611 27.4691 5.4
      vertex 61.9873 27.0873 2.2
      vertex 61.9873 27.0873 5.4
    endloop
  endfacet
  facet normal -0.996917 0.0784629 0
    outer loop
      vertex 61.05 29.35 2.2
      vertex 61.0894 29.8506 5.4
      vertex 61.0894 29.8506 2.2
    endloop
  endfacet
  facet normal -0.996917 0.0784629 0
    outer loop
      vertex 61.0894 29.8506 5.4
      vertex 61.05 29.35 2.2
      vertex 61.05 29.35 5.4
    endloop
  endfacet
  facet normal 0.233388 0.972384 -0
    outer loop
      vertex 65.2389 32.3934 2.2
      vertex 64.7506 32.5106 5.4
      vertex 65.2389 32.3934 5.4
    endloop
  endfacet
  facet normal 0.233388 0.972384 0
    outer loop
      vertex 64.7506 32.5106 5.4
      vertex 65.2389 32.3934 2.2
      vertex 64.7506 32.5106 2.2
    endloop
  endfacet
  facet normal -0.996917 -0.0784629 0
    outer loop
      vertex 61.0894 28.8494 2.2
      vertex 61.05 29.35 5.4
      vertex 61.05 29.35 2.2
    endloop
  endfacet
  facet normal -0.996917 -0.0784629 0
    outer loop
      vertex 61.05 29.35 5.4
      vertex 61.0894 28.8494 2.2
      vertex 61.0894 28.8494 5.4
    endloop
  endfacet
  facet normal 0.923847 0.382762 0
    outer loop
      vertex 67.2934 30.3389 5.4
      vertex 67.1012 30.8028 2.2
      vertex 67.1012 30.8028 5.4
    endloop
  endfacet
  facet normal 0.923847 0.382762 0
    outer loop
      vertex 67.1012 30.8028 2.2
      vertex 67.2934 30.3389 5.4
      vertex 67.2934 30.3389 2.2
    endloop
  endfacet
  facet normal -0.522441 0.852676 0
    outer loop
      vertex 62.7972 32.2012 2.2
      vertex 62.3691 31.9389 5.4
      vertex 62.7972 32.2012 5.4
    endloop
  endfacet
  facet normal -0.522441 0.852676 0
    outer loop
      vertex 62.3691 31.9389 5.4
      vertex 62.7972 32.2012 2.2
      vertex 62.3691 31.9389 2.2
    endloop
  endfacet
  facet normal -0.923847 -0.382762 0
    outer loop
      vertex 61.3988 27.8972 2.2
      vertex 61.2066 28.3611 5.4
      vertex 61.2066 28.3611 2.2
    endloop
  endfacet
  facet normal -0.923847 -0.382762 0
    outer loop
      vertex 61.2066 28.3611 5.4
      vertex 61.3988 27.8972 2.2
      vertex 61.3988 27.8972 5.4
    endloop
  endfacet
  facet normal 0 0 -1
    outer loop
      vertex 67.4106 28.8494 2.2
      vertex 67.4106 29.8506 2.2
      vertex 67.45 29.35 2.2
    endloop
  endfacet
  facet normal 0 0 -1
    outer loop
      vertex 67.2934 28.3611 2.2
      vertex 67.4106 29.8506 2.2
      vertex 67.4106 28.8494 2.2
    endloop
  endfacet
  facet normal 0 0 -1
    outer loop
      vertex 67.2934 28.3611 2.2
      vertex 67.2934 30.3389 2.2
      vertex 67.4106 29.8506 2.2
    endloop
  endfacet
  facet normal 0 0 -1
    outer loop
      vertex 67.1012 27.8972 2.2
      vertex 67.2934 30.3389 2.2
      vertex 67.2934 28.3611 2.2
    endloop
  endfacet
  facet normal 0 0 -1
    outer loop
      vertex 67.1012 27.8972 2.2
      vertex 67.1012 30.8028 2.2
      vertex 67.2934 30.3389 2.2
    endloop
  endfacet
  facet normal 0 0 -1
    outer loop
      vertex 66.8389 27.4691 2.2
      vertex 67.1012 30.8028 2.2
      vertex 67.1012 27.8972 2.2
    endloop
  endfacet
  facet normal 0 0 -1
    outer loop
      vertex 66.8389 27.4691 2.2
      vertex 66.8389 31.2309 2.2
      vertex 67.1012 30.8028 2.2
    endloop
  endfacet
  facet normal 0 0 -1
    outer loop
      vertex 66.5127 27.0873 2.2
      vertex 66.8389 31.2309 2.2
      vertex 66.8389 27.4691 2.2
    endloop
  endfacet
  facet normal 0 0 -1
    outer loop
      vertex 66.5127 27.0873 2.2
      vertex 66.5127 31.6127 2.2
      vertex 66.8389 31.2309 2.2
    endloop
  endfacet
  facet normal 0 0 -1
    outer loop
      vertex 66.1309 26.7611 2.2
      vertex 66.5127 31.6127 2.2
      vertex 66.5127 27.0873 2.2
    endloop
  endfacet
  facet normal 0 0 -1
    outer loop
      vertex 66.1309 26.7611 2.2
      vertex 66.1309 31.9389 2.2
      vertex 66.5127 31.6127 2.2
    endloop
  endfacet
  facet normal 0 0 -1
    outer loop
      vertex 65.7028 26.4988 2.2
      vertex 66.1309 31.9389 2.2
      vertex 66.1309 26.7611 2.2
    endloop
  endfacet
  facet normal 0 0 -1
    outer loop
      vertex 65.7028 26.4988 2.2
      vertex 65.7028 32.2012 2.2
      vertex 66.1309 31.9389 2.2
    endloop
  endfacet
  facet normal 0 0 -1
    outer loop
      vertex 65.2389 26.3066 2.2
      vertex 65.7028 32.2012 2.2
      vertex 65.7028 26.4988 2.2
    endloop
  endfacet
  facet normal 0 0 -1
    outer loop
      vertex 65.2389 26.3066 2.2
      vertex 65.2389 32.3934 2.2
      vertex 65.7028 32.2012 2.2
    endloop
  endfacet
  facet normal 0 0 -1
    outer loop
      vertex 64.7506 26.1894 2.2
      vertex 65.2389 32.3934 2.2
      vertex 65.2389 26.3066 2.2
    endloop
  endfacet
  facet normal 0 0 -1
    outer loop
      vertex 64.7506 26.1894 2.2
      vertex 64.7506 32.5106 2.2
      vertex 65.2389 32.3934 2.2
    endloop
  endfacet
  facet normal 0 0 -1
    outer loop
      vertex 64.25 26.15 2.2
      vertex 64.7506 32.5106 2.2
      vertex 64.7506 26.1894 2.2
    endloop
  endfacet
  facet normal 0 0 -1
    outer loop
      vertex 64.25 26.15 2.2
      vertex 64.25 32.55 2.2
      vertex 64.7506 32.5106 2.2
    endloop
  endfacet
  facet normal 0 0 -1
    outer loop
      vertex 63.7494 26.1894 2.2
      vertex 64.25 32.55 2.2
      vertex 64.25 26.15 2.2
    endloop
  endfacet
  facet normal 0 0 -1
    outer loop
      vertex 63.7494 26.1894 2.2
      vertex 63.7494 32.5106 2.2
      vertex 64.25 32.55 2.2
    endloop
  endfacet
  facet normal 0 0 -1
    outer loop
      vertex 63.2611 26.3066 2.2
      vertex 63.7494 32.5106 2.2
      vertex 63.7494 26.1894 2.2
    endloop
  endfacet
  facet normal 0 0 -1
    outer loop
      vertex 63.2611 26.3066 2.2
      vertex 63.2611 32.3934 2.2
      vertex 63.7494 32.5106 2.2
    endloop
  endfacet
  facet normal 0 0 -1
    outer loop
      vertex 62.7972 26.4988 2.2
      vertex 63.2611 32.3934 2.2
      vertex 63.2611 26.3066 2.2
    endloop
  endfacet
  facet normal 0 0 -1
    outer loop
      vertex 62.7972 26.4988 2.2
      vertex 62.7972 32.2012 2.2
      vertex 63.2611 32.3934 2.2
    endloop
  endfacet
  facet normal 0 0 -1
    outer loop
      vertex 62.3691 26.7611 2.2
      vertex 62.7972 32.2012 2.2
      vertex 62.7972 26.4988 2.2
    endloop
  endfacet
  facet normal 0 0 -1
    outer loop
      vertex 62.3691 26.7611 2.2
      vertex 62.3691 31.9389 2.2
      vertex 62.7972 32.2012 2.2
    endloop
  endfacet
  facet normal 0 0 -1
    outer loop
      vertex 61.9873 27.0873 2.2
      vertex 62.3691 31.9389 2.2
      vertex 62.3691 26.7611 2.2
    endloop
  endfacet
  facet normal 0 0 -1
    outer loop
      vertex 61.9873 27.0873 2.2
      vertex 61.9873 31.6127 2.2
      vertex 62.3691 31.9389 2.2
    endloop
  endfacet
  facet normal 0 0 -1
    outer loop
      vertex 61.6611 27.4691 2.2
      vertex 61.9873 31.6127 2.2
      vertex 61.9873 27.0873 2.2
    endloop
  endfacet
  facet normal 0 0 -1
    outer loop
      vertex 61.6611 27.4691 2.2
      vertex 61.6611 31.2309 2.2
      vertex 61.9873 31.6127 2.2
    endloop
  endfacet
  facet normal 0 0 -1
    outer loop
      vertex 61.3988 27.8972 2.2
      vertex 61.6611 31.2309 2.2
      vertex 61.6611 27.4691 2.2
    endloop
  endfacet
  facet normal 0 0 -1
    outer loop
      vertex 61.3988 27.8972 2.2
      vertex 61.3988 30.8028 2.2
      vertex 61.6611 31.2309 2.2
    endloop
  endfacet
  facet normal 0 0 -1
    outer loop
      vertex 61.2066 28.3611 2.2
      vertex 61.3988 30.8028 2.2
      vertex 61.3988 27.8972 2.2
    endloop
  endfacet
  facet normal 0 0 -1
    outer loop
      vertex 61.2066 28.3611 2.2
      vertex 61.2066 30.3389 2.2
      vertex 61.3988 30.8028 2.2
    endloop
  endfacet
  facet normal 0 0 -1
    outer loop
      vertex 61.0894 28.8494 2.2
      vertex 61.2066 30.3389 2.2
      vertex 61.2066 28.3611 2.2
    endloop
  endfacet
  facet normal 0 0 -1
    outer loop
      vertex 61.0894 28.8494 2.2
      vertex 61.0894 29.8506 2.2
      vertex 61.2066 30.3389 2.2
    endloop
  endfacet
  facet normal 0 -0 -1
    outer loop
      vertex 61.0894 29.8506 2.2
      vertex 61.0894 28.8494 2.2
      vertex 61.05 29.35 2.2
    endloop
  endfacet
  facet normal -0.522441 -0.852676 0
    outer loop
      vertex 62.3691 26.7611 2.2
      vertex 62.7972 26.4988 5.4
      vertex 62.3691 26.7611 5.4
    endloop
  endfacet
  facet normal -0.522441 -0.852676 -0
    outer loop
      vertex 62.7972 26.4988 5.4
      vertex 62.3691 26.7611 2.2
      vertex 62.7972 26.4988 2.2
    endloop
  endfacet
  facet normal 0 0 1
    outer loop
      vertex 67.4106 29.8506 5.4
      vertex 67.4106 28.8494 5.4
      vertex 67.45 29.35 5.4
    endloop
  endfacet
  facet normal 0 0 1
    outer loop
      vertex 67.2934 30.3389 5.4
      vertex 67.4106 28.8494 5.4
      vertex 67.4106 29.8506 5.4
    endloop
  endfacet
  facet normal 0 0 1
    outer loop
      vertex 67.2934 30.3389 5.4
      vertex 67.2934 28.3611 5.4
      vertex 67.4106 28.8494 5.4
    endloop
  endfacet
  facet normal 0 0 1
    outer loop
      vertex 67.1012 30.8028 5.4
      vertex 67.2934 28.3611 5.4
      vertex 67.2934 30.3389 5.4
    endloop
  endfacet
  facet normal 0 0 1
    outer loop
      vertex 67.1012 30.8028 5.4
      vertex 67.1012 27.8972 5.4
      vertex 67.2934 28.3611 5.4
    endloop
  endfacet
  facet normal 0 0 1
    outer loop
      vertex 66.8389 31.2309 5.4
      vertex 67.1012 27.8972 5.4
      vertex 67.1012 30.8028 5.4
    endloop
  endfacet
  facet normal 0 0 1
    outer loop
      vertex 66.8389 31.2309 5.4
      vertex 66.8389 27.4691 5.4
      vertex 67.1012 27.8972 5.4
    endloop
  endfacet
  facet normal 0 0 1
    outer loop
      vertex 66.5127 31.6127 5.4
      vertex 66.8389 27.4691 5.4
      vertex 66.8389 31.2309 5.4
    endloop
  endfacet
  facet normal 0 0 1
    outer loop
      vertex 66.5127 31.6127 5.4
      vertex 66.5127 27.0873 5.4
      vertex 66.8389 27.4691 5.4
    endloop
  endfacet
  facet normal 0 0 1
    outer loop
      vertex 66.1309 31.9389 5.4
      vertex 66.5127 27.0873 5.4
      vertex 66.5127 31.6127 5.4
    endloop
  endfacet
  facet normal 0 0 1
    outer loop
      vertex 66.1309 31.9389 5.4
      vertex 66.1309 26.7611 5.4
      vertex 66.5127 27.0873 5.4
    endloop
  endfacet
  facet normal 0 0 1
    outer loop
      vertex 65.7028 32.2012 5.4
      vertex 66.1309 26.7611 5.4
      vertex 66.1309 31.9389 5.4
    endloop
  endfacet
  facet normal 0 0 1
    outer loop
      vertex 65.7028 32.2012 5.4
      vertex 65.7028 26.4988 5.4
      vertex 66.1309 26.7611 5.4
    endloop
  endfacet
  facet normal 0 0 1
    outer loop
      vertex 64.65 32.5185 5.4
      vertex 65.7028 32.2012 5.4
      vertex 65.2389 32.3934 5.4
    endloop
  endfacet
  facet normal 0 0 1
    outer loop
      vertex 65.7028 32.2012 5.4
      vertex 64.65 32.5185 5.4
      vertex 65.7028 26.4988 5.4
    endloop
  endfacet
  facet normal 0 0 1
    outer loop
      vertex 64.65 32.5185 5.4
      vertex 65.2389 32.3934 5.4
      vertex 64.7506 32.5106 5.4
    endloop
  endfacet
  facet normal 0 0 1
    outer loop
      vertex 64.65 26.1815 5.4
      vertex 65.7028 26.4988 5.4
      vertex 64.65 32.5185 5.4
    endloop
  endfacet
  facet normal 0 0 1
    outer loop
      vertex 65.7028 26.4988 5.4
      vertex 64.65 26.1815 5.4
      vertex 65.2389 26.3066 5.4
    endloop
  endfacet
  facet normal 0 0 1
    outer loop
      vertex 65.2389 26.3066 5.4
      vertex 64.65 26.1815 5.4
      vertex 64.7506 26.1894 5.4
    endloop
  endfacet
  facet normal 0 0 1
    outer loop
      vertex 63.2611 32.3934 5.4
      vertex 63.85 32.5185 5.4
      vertex 63.7494 32.5106 5.4
    endloop
  endfacet
  facet normal 0 0 1
    outer loop
      vertex 62.7972 32.2012 5.4
      vertex 63.85 32.5185 5.4
      vertex 63.2611 32.3934 5.4
    endloop
  endfacet
  facet normal 0 0 1
    outer loop
      vertex 63.85 32.5185 5.4
      vertex 62.7972 32.2012 5.4
      vertex 63.85 26.1815 5.4
    endloop
  endfacet
  facet normal 0 0 1
    outer loop
      vertex 63.85 26.1815 5.4
      vertex 63.2611 26.3066 5.4
      vertex 63.7494 26.1894 5.4
    endloop
  endfacet
  facet normal -0 0 1
    outer loop
      vertex 62.7972 26.4988 5.4
      vertex 63.85 26.1815 5.4
      vertex 62.7972 32.2012 5.4
    endloop
  endfacet
  facet normal 0 0 1
    outer loop
      vertex 63.85 26.1815 5.4
      vertex 62.7972 26.4988 5.4
      vertex 63.2611 26.3066 5.4
    endloop
  endfacet
  facet normal -0 0 1
    outer loop
      vertex 62.3691 31.9389 5.4
      vertex 62.7972 26.4988 5.4
      vertex 62.7972 32.2012 5.4
    endloop
  endfacet
  facet normal 0 0 1
    outer loop
      vertex 62.3691 31.9389 5.4
      vertex 62.3691 26.7611 5.4
      vertex 62.7972 26.4988 5.4
    endloop
  endfacet
  facet normal -0 0 1
    outer loop
      vertex 61.9873 31.6127 5.4
      vertex 62.3691 26.7611 5.4
      vertex 62.3691 31.9389 5.4
    endloop
  endfacet
  facet normal 0 0 1
    outer loop
      vertex 61.9873 31.6127 5.4
      vertex 61.9873 27.0873 5.4
      vertex 62.3691 26.7611 5.4
    endloop
  endfacet
  facet normal -0 0 1
    outer loop
      vertex 61.6611 31.2309 5.4
      vertex 61.9873 27.0873 5.4
      vertex 61.9873 31.6127 5.4
    endloop
  endfacet
  facet normal 0 0 1
    outer loop
      vertex 61.6611 31.2309 5.4
      vertex 61.6611 27.4691 5.4
      vertex 61.9873 27.0873 5.4
    endloop
  endfacet
  facet normal -0 0 1
    outer loop
      vertex 61.3988 30.8028 5.4
      vertex 61.6611 27.4691 5.4
      vertex 61.6611 31.2309 5.4
    endloop
  endfacet
  facet normal 0 0 1
    outer loop
      vertex 61.3988 30.8028 5.4
      vertex 61.3988 27.8972 5.4
      vertex 61.6611 27.4691 5.4
    endloop
  endfacet
  facet normal -0 0 1
    outer loop
      vertex 61.2066 30.3389 5.4
      vertex 61.3988 27.8972 5.4
      vertex 61.3988 30.8028 5.4
    endloop
  endfacet
  facet normal 0 0 1
    outer loop
      vertex 61.2066 30.3389 5.4
      vertex 61.2066 28.3611 5.4
      vertex 61.3988 27.8972 5.4
    endloop
  endfacet
  facet normal -0 0 1
    outer loop
      vertex 61.0894 29.8506 5.4
      vertex 61.2066 28.3611 5.4
      vertex 61.2066 30.3389 5.4
    endloop
  endfacet
  facet normal 0 0 1
    outer loop
      vertex 61.0894 29.8506 5.4
      vertex 61.0894 28.8494 5.4
      vertex 61.2066 28.3611 5.4
    endloop
  endfacet
  facet normal 0 -0 1
    outer loop
      vertex 61.0894 28.8494 5.4
      vertex 61.0894 29.8506 5.4
      vertex 61.05 29.35 5.4
    endloop
  endfacet
  facet normal -1 0 0
    outer loop
      vertex 64.65 26.1815 5.25
      vertex 64.65 32.5185 5.4
      vertex 64.65 32.5185 5.25
    endloop
  endfacet
  facet normal -1 -0 0
    outer loop
      vertex 64.65 32.5185 5.4
      vertex 64.65 26.1815 5.25
      vertex 64.65 26.1815 5.4
    endloop
  endfacet
  facet normal -1 0 0
    outer loop
      vertex 64.65 28.1345 6.50282
      vertex 64.65 28.1399 6.98
      vertex 64.65 28.1399 6.5
    endloop
  endfacet
  facet normal -1 0 0
    outer loop
      vertex 64.65 28.1189 6.51088
      vertex 64.65 28.1399 6.98
      vertex 64.65 28.1345 6.50282
    endloop
  endfacet
  facet normal -1 0 0
    outer loop
      vertex 64.65 28.1399 6.98
      vertex 64.65 28.1189 6.51088
      vertex 64.65 28.1345 6.97759
    endloop
  endfacet
  facet normal -1 0 0
    outer loop
      vertex 64.65 28.1189 6.51088
      vertex 64.65 28.1189 6.97067
      vertex 64.65 28.1345 6.97759
    endloop
  endfacet
  facet normal -1 0 0
    outer loop
      vertex 64.65 27.8825 6.64
      vertex 64.65 28.1189 6.97067
      vertex 64.65 28.1189 6.51088
    endloop
  endfacet
  facet normal -1 0 0
    outer loop
      vertex 64.65 28.1189 6.97067
      vertex 64.65 27.8825 6.64
      vertex 64.65 27.8825 6.86
    endloop
  endfacet
  facet normal -1 0 0
    outer loop
      vertex 64.65 28.1399 6.5
      vertex 64.65 30.5601 6.5
      vertex 64.65 30.5601 5.4
    endloop
  endfacet
  facet normal -1 0 0
    outer loop
      vertex 64.65 30.5601 6.5
      vertex 64.65 28.1399 6.5
      vertex 64.65 30.5601 6.98
    endloop
  endfacet
  facet normal -1 0 0
    outer loop
      vertex 64.65 28.1399 6.5
      vertex 64.65 30.5601 5.4
      vertex 64.65 28.1399 5.4
    endloop
  endfacet
  facet normal -1 0 0
    outer loop
      vertex 64.65 28.1399 6.98
      vertex 64.65 30.5601 6.98
      vertex 64.65 28.1399 6.5
    endloop
  endfacet
  facet normal -1 0 0
    outer loop
      vertex 64.65 30.5601 6.98
      vertex 64.65 28.1399 6.98
      vertex 64.65 30.5601 7.6
    endloop
  endfacet
  facet normal -1 -0 0
    outer loop
      vertex 64.65 30.5601 7.6
      vertex 64.65 28.1399 6.98
      vertex 64.65 28.1399 7.6
    endloop
  endfacet
  facet normal -1 0 0
    outer loop
      vertex 64.65 30.5811 6.97067
      vertex 64.65 30.8175 6.64
      vertex 64.65 30.5811 6.51088
    endloop
  endfacet
  facet normal -1 0 0
    outer loop
      vertex 64.65 30.8175 6.64
      vertex 64.65 30.5811 6.97067
      vertex 64.65 30.8175 6.86
    endloop
  endfacet
  facet normal -1 0 0
    outer loop
      vertex 64.65 30.5601 6.98
      vertex 64.65 30.5811 6.51088
      vertex 64.65 30.5655 6.50282
    endloop
  endfacet
  facet normal -1 0 0
    outer loop
      vertex 64.65 30.5811 6.51088
      vertex 64.65 30.5655 6.97759
      vertex 64.65 30.5811 6.97067
    endloop
  endfacet
  facet normal -1 0 0
    outer loop
      vertex 64.65 30.5601 6.98
      vertex 64.65 30.5655 6.50282
      vertex 64.65 30.5601 6.5
    endloop
  endfacet
  facet normal -1 0 0
    outer loop
      vertex 64.65 30.5811 6.51088
      vertex 64.65 30.5601 6.98
      vertex 64.65 30.5655 6.97759
    endloop
  endfacet
  facet normal 0 0 1
    outer loop
      vertex 63.85 32.5185 5.25
      vertex 64.65 32.5185 5.25
      vertex 64.25 32.55 5.25
    endloop
  endfacet
  facet normal 0 0 1
    outer loop
      vertex 64.65 32.5185 5.25
      vertex 63.85 32.5185 5.25
      vertex 64.65 26.1815 5.25
    endloop
  endfacet
  facet normal 0 0 1
    outer loop
      vertex 63.85 26.1815 5.25
      vertex 64.65 26.1815 5.25
      vertex 63.85 32.5185 5.25
    endloop
  endfacet
  facet normal 0 0 1
    outer loop
      vertex 64.65 26.1815 5.25
      vertex 63.85 26.1815 5.25
      vertex 64.25 26.15 5.25
    endloop
  endfacet
  facet normal 1 0 0
    outer loop
      vertex 63.85 28.1189 6.51088
      vertex 63.85 28.1399 6.98
      vertex 63.85 28.1345 6.97759
    endloop
  endfacet
  facet normal 1 0 0
    outer loop
      vertex 63.85 28.1399 6.98
      vertex 63.85 28.1345 6.50282
      vertex 63.85 28.1399 6.5
    endloop
  endfacet
  facet normal 1 0 0
    outer loop
      vertex 63.85 28.1189 6.51088
      vertex 63.85 28.1345 6.97759
      vertex 63.85 28.1189 6.97067
    endloop
  endfacet
  facet normal 1 0 0
    outer loop
      vertex 63.85 28.1399 6.98
      vertex 63.85 28.1189 6.51088
      vertex 63.85 28.1345 6.50282
    endloop
  endfacet
  facet normal 1 0 0
    outer loop
      vertex 63.85 27.8825 6.64
      vertex 63.85 28.1189 6.97067
      vertex 63.85 27.8825 6.86
    endloop
  endfacet
  facet normal 1 0 0
    outer loop
      vertex 63.85 28.1189 6.97067
      vertex 63.85 27.8825 6.64
      vertex 63.85 28.1189 6.51088
    endloop
  endfacet
  facet normal 1 0 0
    outer loop
      vertex 63.85 28.1399 6.98
      vertex 63.85 30.5601 6.98
      vertex 63.85 30.5601 7.6
    endloop
  endfacet
  facet normal 1 0 0
    outer loop
      vertex 63.85 30.5601 6.98
      vertex 63.85 28.1399 6.98
      vertex 63.85 30.5601 6.5
    endloop
  endfacet
  facet normal 1 0 0
    outer loop
      vertex 63.85 28.1399 6.98
      vertex 63.85 30.5601 7.6
      vertex 63.85 28.1399 7.6
    endloop
  endfacet
  facet normal 1 0 0
    outer loop
      vertex 63.85 30.5601 6.5
      vertex 63.85 28.1399 6.98
      vertex 63.85 28.1399 6.5
    endloop
  endfacet
  facet normal 1 0 0
    outer loop
      vertex 63.85 30.5601 6.5
      vertex 63.85 28.1399 6.5
      vertex 63.85 30.5601 5.4
    endloop
  endfacet
  facet normal 1 0 0
    outer loop
      vertex 63.85 30.5601 5.4
      vertex 63.85 28.1399 6.5
      vertex 63.85 28.1399 5.4
    endloop
  endfacet
  facet normal 1 0 0
    outer loop
      vertex 63.85 30.5811 6.97067
      vertex 63.85 30.8175 6.64
      vertex 63.85 30.8175 6.86
    endloop
  endfacet
  facet normal 1 0 0
    outer loop
      vertex 63.85 30.5811 6.97067
      vertex 63.85 30.5811 6.51088
      vertex 63.85 30.8175 6.64
    endloop
  endfacet
  facet normal 1 0 0
    outer loop
      vertex 63.85 30.5655 6.97759
      vertex 63.85 30.5811 6.51088
      vertex 63.85 30.5811 6.97067
    endloop
  endfacet
  facet normal 1 0 0
    outer loop
      vertex 63.85 30.5601 6.98
      vertex 63.85 30.5811 6.51088
      vertex 63.85 30.5655 6.97759
    endloop
  endfacet
  facet normal 1 0 0
    outer loop
      vertex 63.85 30.5811 6.51088
      vertex 63.85 30.5601 6.98
      vertex 63.85 30.5655 6.50282
    endloop
  endfacet
  facet normal 1 0 0
    outer loop
      vertex 63.85 30.5655 6.50282
      vertex 63.85 30.5601 6.98
      vertex 63.85 30.5601 6.5
    endloop
  endfacet
  facet normal 1 -0 0
    outer loop
      vertex 63.85 26.1815 5.4
      vertex 63.85 32.5185 5.25
      vertex 63.85 32.5185 5.4
    endloop
  endfacet
  facet normal 1 0 0
    outer loop
      vertex 63.85 32.5185 5.25
      vertex 63.85 26.1815 5.4
      vertex 63.85 26.1815 5.25
    endloop
  endfacet
  facet normal -0.951223 -0.308504 0
    outer loop
      vertex 9.23 -1.7 14.95
      vertex 8.67865 0 13.5541
      vertex 8.67865 0 13.2041
    endloop
  endfacet
  facet normal -0.951223 -0.308504 0
    outer loop
      vertex 8.67865 0 13.5541
      vertex 9.23 -1.7 14.95
      vertex 9.23 -1.7 15.3
    endloop
  endfacet
  facet normal 0.953578 -0 0.301146
    outer loop
      vertex 21.33 -1.7 15.3
      vertex 21.6219 0 14.3757
      vertex 21.33 -0.9 15.3
    endloop
  endfacet
  facet normal 0.953567 2.10346e-05 0.301181
    outer loop
      vertex 21.6219 0 14.3757
      vertex 21.33 -1.7 15.3
      vertex 21.8814 0 13.5541
    endloop
  endfacet
  facet normal 0 0.716462 0.697626
    outer loop
      vertex 21.6219 0 14.3757
      vertex 9.23 -0.9 15.3
      vertex 21.33 -0.9 15.3
    endloop
  endfacet
  facet normal 0 0.716462 0.697626
    outer loop
      vertex 9.23 -0.9 15.3
      vertex 21.6219 0 14.3757
      vertex 8.93811 0 14.3757
    endloop
  endfacet
  facet normal 0 -1 0
    outer loop
      vertex 9.23 -1.7 14.95
      vertex 21.33 -1.7 15.3
      vertex 9.23 -1.7 15.3
    endloop
  endfacet
  facet normal 0 -1 -0
    outer loop
      vertex 21.33 -1.7 15.3
      vertex 9.23 -1.7 14.95
      vertex 21.33 -1.7 14.95
    endloop
  endfacet
  facet normal 0.951215 -0.308529 0
    outer loop
      vertex 21.33 -1.7 14.95
      vertex 21.8814 0 13.5541
      vertex 21.33 -1.7 15.3
    endloop
  endfacet
  facet normal 0.951215 -0.308529 0
    outer loop
      vertex 21.8814 0 13.5541
      vertex 21.33 -1.7 14.95
      vertex 21.8814 0 13.2041
    endloop
  endfacet
  facet normal -0 0 1
    outer loop
      vertex 9.23 -0.9 15.3
      vertex 21.33 -1.7 15.3
      vertex 21.33 -0.9 15.3
    endloop
  endfacet
  facet normal 0 0 1
    outer loop
      vertex 21.33 -1.7 15.3
      vertex 9.23 -0.9 15.3
      vertex 9.23 -1.7 15.3
    endloop
  endfacet
  facet normal 0 -0.716462 -0.697626
    outer loop
      vertex 8.67865 0 13.2041
      vertex 21.33 -1.7 14.95
      vertex 9.23 -1.7 14.95
    endloop
  endfacet
  facet normal 0 -0.716462 -0.697626
    outer loop
      vertex 21.33 -1.7 14.95
      vertex 8.67865 0 13.2041
      vertex 21.8814 0 13.2041
    endloop
  endfacet
  facet normal -0.95358 1.40232e-06 0.301139
    outer loop
      vertex 9.23 -1.7 15.3
      vertex 8.93811 0 14.3757
      vertex 8.67865 0 13.5541
    endloop
  endfacet
  facet normal -0.953581 0 0.301137
    outer loop
      vertex 8.93811 0 14.3757
      vertex 9.23 -1.7 15.3
      vertex 9.23 -0.9 15.3
    endloop
  endfacet
  facet normal -0.951215 -0.308529 0
    outer loop
      vertex 38.48 -1.7 14.95
      vertex 37.9286 0 13.5541
      vertex 37.9286 0 13.2041
    endloop
  endfacet
  facet normal -0.951215 -0.308529 0
    outer loop
      vertex 37.9286 0 13.5541
      vertex 38.48 -1.7 14.95
      vertex 38.48 -1.7 15.3
    endloop
  endfacet
  facet normal 0.953592 0 0.301101
    outer loop
      vertex 50.4819 0 14.3757
      vertex 50.625 -0.358751 13.9225
      vertex 50.625 0 13.9225
    endloop
  endfacet
  facet normal 0.953586 -2.80476e-05 0.301121
    outer loop
      vertex 50.19 -0.9 15.3
      vertex 50.625 -0.358751 13.9225
      vertex 50.4819 0 14.3757
    endloop
  endfacet
  facet normal 0.953583 0 0.301131
    outer loop
      vertex 50.625 -0.358751 13.9225
      vertex 50.19 -0.9 15.3
      vertex 50.19 -1.7 15.3
    endloop
  endfacet
  facet normal 0 0.716462 0.697626
    outer loop
      vertex 62.9419 0 14.3757
      vertex 51.06 -0.9 15.3
      vertex 62.65 -0.9 15.3
    endloop
  endfacet
  facet normal 0 0.716462 0.697626
    outer loop
      vertex 51.06 -0.9 15.3
      vertex 62.9419 0 14.3757
      vertex 50.7681 0 14.3757
    endloop
  endfacet
  facet normal 0 0.716462 0.697626
    outer loop
      vertex 50.4819 0 14.3757
      vertex 38.48 -0.9 15.3
      vertex 50.19 -0.9 15.3
    endloop
  endfacet
  facet normal 0 0.716462 0.697626
    outer loop
      vertex 38.48 -0.9 15.3
      vertex 50.4819 0 14.3757
      vertex 38.1881 0 14.3757
    endloop
  endfacet
  facet normal 0 -1 0
    outer loop
      vertex 38.48 -1.7 14.95
      vertex 50.19 -1.7 15.3
      vertex 38.48 -1.7 15.3
    endloop
  endfacet
  facet normal 0 -1 -0
    outer loop
      vertex 50.19 -1.7 15.3
      vertex 38.48 -1.7 14.95
      vertex 50.19 -1.7 14.95
    endloop
  endfacet
  facet normal 0.951223 -0.308505 0
    outer loop
      vertex 50.19 -1.7 14.95
      vertex 50.625 -0.358751 13.9225
      vertex 50.19 -1.7 15.3
    endloop
  endfacet
  facet normal 0.951223 -0.308505 0
    outer loop
      vertex 50.625 -0.358751 13.9225
      vertex 50.19 -1.7 14.95
      vertex 50.625 -0.358751 13.5725
    endloop
  endfacet
  facet normal -0.953567 2.10346e-05 0.301181
    outer loop
      vertex 38.48 -1.7 15.3
      vertex 38.1881 0 14.3757
      vertex 37.9286 0 13.5541
    endloop
  endfacet
  facet normal -0.953578 0 0.301146
    outer loop
      vertex 38.1881 0 14.3757
      vertex 38.48 -1.7 15.3
      vertex 38.48 -0.9 15.3
    endloop
  endfacet
  facet normal -0 0 1
    outer loop
      vertex 38.48 -0.9 15.3
      vertex 50.19 -1.7 15.3
      vertex 50.19 -0.9 15.3
    endloop
  endfacet
  facet normal 0 0 1
    outer loop
      vertex 50.19 -1.7 15.3
      vertex 38.48 -0.9 15.3
      vertex 38.48 -1.7 15.3
    endloop
  endfacet
  facet normal 0 -0.716471 -0.697616
    outer loop
      vertex 38.48 -1.7 14.95
      vertex 50.625 -0.358751 13.5725
      vertex 50.19 -1.7 14.95
    endloop
  endfacet
  facet normal -2.0672e-06 -0.716462 -0.697626
    outer loop
      vertex 50.625 -0.358751 13.5725
      vertex 38.48 -1.7 14.95
      vertex 37.9286 0 13.2041
    endloop
  endfacet
  facet normal 0 -0.716471 -0.697616
    outer loop
      vertex 50.625 -0.358751 13.5725
      vertex 62.65 -1.7 14.95
      vertex 51.06 -1.7 14.95
    endloop
  endfacet
  facet normal 2.0871e-06 -0.716462 -0.697626
    outer loop
      vertex 50.625 -0.358751 13.5725
      vertex 63.2014 0 13.2041
      vertex 62.65 -1.7 14.95
    endloop
  endfacet
  facet normal -0 -0.716427 -0.697662
    outer loop
      vertex 63.2014 0 13.2041
      vertex 50.625 -0.358751 13.5725
      vertex 37.9286 0 13.2041
    endloop
  endfacet
  facet normal -0.951223 -0.308505 0
    outer loop
      vertex 51.06 -1.7 14.95
      vertex 50.625 -0.358751 13.9225
      vertex 50.625 -0.358751 13.5725
    endloop
  endfacet
  facet normal -0.951223 -0.308505 0
    outer loop
      vertex 50.625 -0.358751 13.9225
      vertex 51.06 -1.7 14.95
      vertex 51.06 -1.7 15.3
    endloop
  endfacet
  facet normal 0.953578 -0 0.301146
    outer loop
      vertex 62.65 -1.7 15.3
      vertex 62.9419 0 14.3757
      vertex 62.65 -0.9 15.3
    endloop
  endfacet
  facet normal 0.953567 2.10346e-05 0.301181
    outer loop
      vertex 62.9419 0 14.3757
      vertex 62.65 -1.7 15.3
      vertex 63.2014 0 13.5541
    endloop
  endfacet
  facet normal 0 -1 0
    outer loop
      vertex 51.06 -1.7 14.95
      vertex 62.65 -1.7 15.3
      vertex 51.06 -1.7 15.3
    endloop
  endfacet
  facet normal 0 -1 -0
    outer loop
      vertex 62.65 -1.7 15.3
      vertex 51.06 -1.7 14.95
      vertex 62.65 -1.7 14.95
    endloop
  endfacet
  facet normal 0.951215 -0.308529 0
    outer loop
      vertex 62.65 -1.7 14.95
      vertex 63.2014 0 13.5541
      vertex 62.65 -1.7 15.3
    endloop
  endfacet
  facet normal 0.951215 -0.308529 0
    outer loop
      vertex 63.2014 0 13.5541
      vertex 62.65 -1.7 14.95
      vertex 63.2014 0 13.2041
    endloop
  endfacet
  facet normal -0.953592 0 0.301101
    outer loop
      vertex 50.625 -0.358751 13.9225
      vertex 50.7681 0 14.3757
      vertex 50.625 0 13.9225
    endloop
  endfacet
  facet normal -0.953586 -2.80476e-05 0.301121
    outer loop
      vertex 50.625 -0.358751 13.9225
      vertex 51.06 -0.9 15.3
      vertex 50.7681 0 14.3757
    endloop
  endfacet
  facet normal -0.953583 0 0.301131
    outer loop
      vertex 51.06 -0.9 15.3
      vertex 50.625 -0.358751 13.9225
      vertex 51.06 -1.7 15.3
    endloop
  endfacet
  facet normal -0 0 1
    outer loop
      vertex 51.06 -0.9 15.3
      vertex 62.65 -1.7 15.3
      vertex 62.65 -0.9 15.3
    endloop
  endfacet
  facet normal 0 0 1
    outer loop
      vertex 62.65 -1.7 15.3
      vertex 51.06 -0.9 15.3
      vertex 51.06 -1.7 15.3
    endloop
  endfacet
  facet normal -1 0 0
    outer loop
      vertex 20.73 0 5.6
      vertex 20.73 2.4 13.2
      vertex 20.73 2.4 5.6
    endloop
  endfacet
  facet normal -1 -0 0
    outer loop
      vertex 20.73 2.4 13.2
      vertex 20.73 0 5.6
      vertex 20.73 0 13.2
    endloop
  endfacet
  facet normal 0 0 -1
    outer loop
      vertex 9.83 0 13.2
      vertex 20.73 2.4 13.2
      vertex 20.73 0 13.2
    endloop
  endfacet
  facet normal -0 0 -1
    outer loop
      vertex 20.73 2.4 13.2
      vertex 9.83 0 13.2
      vertex 9.83 2.4 13.2
    endloop
  endfacet
  facet normal -0 0 1
    outer loop
      vertex 9.83 2.4 5.6
      vertex 20.73 0 5.6
      vertex 20.73 2.4 5.6
    endloop
  endfacet
  facet normal 0 0 1
    outer loop
      vertex 20.73 0 5.6
      vertex 9.83 2.4 5.6
      vertex 9.83 0 5.6
    endloop
  endfacet
  facet normal 1 -0 0
    outer loop
      vertex 9.83 0 13.2
      vertex 9.83 2.4 5.6
      vertex 9.83 2.4 13.2
    endloop
  endfacet
  facet normal 1 0 0
    outer loop
      vertex 9.83 2.4 5.6
      vertex 9.83 0 13.2
      vertex 9.83 0 5.6
    endloop
  endfacet
  facet normal -1 0 0
    outer loop
      vertex 49.59 0 5.6
      vertex 49.59 2.4 13.2
      vertex 49.59 2.4 5.6
    endloop
  endfacet
  facet normal -1 -0 0
    outer loop
      vertex 49.59 2.4 13.2
      vertex 49.59 0 5.6
      vertex 49.59 0 13.2
    endloop
  endfacet
  facet normal 0 0 -1
    outer loop
      vertex 39.08 0 13.2
      vertex 49.59 2.4 13.2
      vertex 49.59 0 13.2
    endloop
  endfacet
  facet normal -0 0 -1
    outer loop
      vertex 49.59 2.4 13.2
      vertex 39.08 0 13.2
      vertex 39.08 2.4 13.2
    endloop
  endfacet
  facet normal -0 0 1
    outer loop
      vertex 39.08 2.4 5.6
      vertex 49.59 0 5.6
      vertex 49.59 2.4 5.6
    endloop
  endfacet
  facet normal 0 0 1
    outer loop
      vertex 49.59 0 5.6
      vertex 39.08 2.4 5.6
      vertex 39.08 0 5.6
    endloop
  endfacet
  facet normal 1 -0 0
    outer loop
      vertex 39.08 0 13.2
      vertex 39.08 2.4 5.6
      vertex 39.08 2.4 13.2
    endloop
  endfacet
  facet normal 1 0 0
    outer loop
      vertex 39.08 2.4 5.6
      vertex 39.08 0 13.2
      vertex 39.08 0 5.6
    endloop
  endfacet
  facet normal -1 0 0
    outer loop
      vertex 62.05 0 5.6
      vertex 62.05 2.4 13.2
      vertex 62.05 2.4 5.6
    endloop
  endfacet
  facet normal -1 -0 0
    outer loop
      vertex 62.05 2.4 13.2
      vertex 62.05 0 5.6
      vertex 62.05 0 13.2
    endloop
  endfacet
  facet normal 0 0 -1
    outer loop
      vertex 51.66 0 13.2
      vertex 62.05 2.4 13.2
      vertex 62.05 0 13.2
    endloop
  endfacet
  facet normal -0 0 -1
    outer loop
      vertex 62.05 2.4 13.2
      vertex 51.66 0 13.2
      vertex 51.66 2.4 13.2
    endloop
  endfacet
  facet normal -0 0 1
    outer loop
      vertex 51.66 2.4 5.6
      vertex 62.05 0 5.6
      vertex 62.05 2.4 5.6
    endloop
  endfacet
  facet normal 0 0 1
    outer loop
      vertex 62.05 0 5.6
      vertex 51.66 2.4 5.6
      vertex 51.66 0 5.6
    endloop
  endfacet
  facet normal 1 -0 0
    outer loop
      vertex 51.66 0 13.2
      vertex 51.66 2.4 5.6
      vertex 51.66 2.4 13.2
    endloop
  endfacet
  facet normal 1 0 0
    outer loop
      vertex 51.66 2.4 5.6
      vertex 51.66 0 13.2
      vertex 51.66 0 5.6
    endloop
  endfacet
  facet normal 0 0 -1
    outer loop
      vertex 0 13.65 14.5
      vertex 2.4 22.05 14.5
      vertex 2.4 13.65 14.5
    endloop
  endfacet
  facet normal -0 0 -1
    outer loop
      vertex 2.4 22.05 14.5
      vertex 0 13.65 14.5
      vertex 0 22.05 14.5
    endloop
  endfacet
  facet normal -0 0 1
    outer loop
      vertex 0 22.05 11.1
      vertex 2.4 13.65 11.1
      vertex 2.4 22.05 11.1
    endloop
  endfacet
  facet normal 0 0 1
    outer loop
      vertex 2.4 13.65 11.1
      vertex 0 22.05 11.1
      vertex 0 13.65 11.1
    endloop
  endfacet
  facet normal 0 -1 0
    outer loop
      vertex 0 22.05 11.1
      vertex 2.4 22.05 14.5
      vertex 0 22.05 14.5
    endloop
  endfacet
  facet normal 0 -1 -0
    outer loop
      vertex 2.4 22.05 14.5
      vertex 0 22.05 11.1
      vertex 2.4 22.05 11.1
    endloop
  endfacet
  facet normal 0 1 -0
    outer loop
      vertex 2.4 13.65 11.1
      vertex 0 13.65 14.5
      vertex 2.4 13.65 14.5
    endloop
  endfacet
  facet normal 0 1 0
    outer loop
      vertex 0 13.65 14.5
      vertex 2.4 13.65 11.1
      vertex 0 13.65 11.1
    endloop
  endfacet
  facet normal 0 0 -1
    outer loop
      vertex 68.3 13.65 14.5
      vertex 70.7 22.05 14.5
      vertex 70.7 13.65 14.5
    endloop
  endfacet
  facet normal -0 0 -1
    outer loop
      vertex 70.7 22.05 14.5
      vertex 68.3 13.65 14.5
      vertex 68.3 22.05 14.5
    endloop
  endfacet
  facet normal -0 0 1
    outer loop
      vertex 68.3 22.05 11.1
      vertex 70.7 13.65 11.1
      vertex 70.7 22.05 11.1
    endloop
  endfacet
  facet normal 0 0 1
    outer loop
      vertex 70.7 13.65 11.1
      vertex 68.3 22.05 11.1
      vertex 68.3 13.65 11.1
    endloop
  endfacet
  facet normal 0 -1 0
    outer loop
      vertex 68.3 22.05 11.1
      vertex 70.7 22.05 14.5
      vertex 68.3 22.05 14.5
    endloop
  endfacet
  facet normal 0 -1 -0
    outer loop
      vertex 70.7 22.05 14.5
      vertex 68.3 22.05 11.1
      vertex 70.7 22.05 11.1
    endloop
  endfacet
  facet normal 0 1 -0
    outer loop
      vertex 70.7 13.65 11.1
      vertex 68.3 13.65 14.5
      vertex 70.7 13.65 14.5
    endloop
  endfacet
  facet normal 0 1 0
    outer loop
      vertex 68.3 13.65 14.5
      vertex 70.7 13.65 11.1
      vertex 68.3 13.65 11.1
    endloop
  endfacet
  facet normal 0 0 -1
    outer loop
      vertex 68.3 10.75 6
      vertex 70.7 24.95 6
      vertex 70.7 10.75 6
    endloop
  endfacet
  facet normal -0 0 -1
    outer loop
      vertex 70.7 24.95 6
      vertex 68.3 10.75 6
      vertex 68.3 24.95 6
    endloop
  endfacet
  facet normal -0 0 1
    outer loop
      vertex 68.3 24.95 2.9
      vertex 70.7 10.75 2.9
      vertex 70.7 24.95 2.9
    endloop
  endfacet
  facet normal 0 0 1
    outer loop
      vertex 70.7 10.75 2.9
      vertex 68.3 24.95 2.9
      vertex 68.3 10.75 2.9
    endloop
  endfacet
  facet normal 0 -1 0
    outer loop
      vertex 68.3 24.95 2.9
      vertex 70.7 24.95 6
      vertex 68.3 24.95 6
    endloop
  endfacet
  facet normal 0 -1 -0
    outer loop
      vertex 70.7 24.95 6
      vertex 68.3 24.95 2.9
      vertex 70.7 24.95 2.9
    endloop
  endfacet
  facet normal 0 1 -0
    outer loop
      vertex 70.7 10.75 2.9
      vertex 68.3 10.75 6
      vertex 70.7 10.75 6
    endloop
  endfacet
  facet normal 0 1 0
    outer loop
      vertex 68.3 10.75 6
      vertex 70.7 10.75 2.9
      vertex 68.3 10.75 2.9
    endloop
  endfacet
  facet normal 0 0 -1
    outer loop
      vertex 0 8.43 9.8
      vertex 2.4 27.33 9.8
      vertex 2.4 8.43 9.8
    endloop
  endfacet
  facet normal -0 0 -1
    outer loop
      vertex 2.4 27.33 9.8
      vertex 0 8.43 9.8
      vertex 0 27.33 9.8
    endloop
  endfacet
  facet normal -0 0 1
    outer loop
      vertex 0 27.33 6.2
      vertex 2.4 8.43 6.2
      vertex 2.4 27.33 6.2
    endloop
  endfacet
  facet normal 0 0 1
    outer loop
      vertex 2.4 8.43 6.2
      vertex 0 27.33 6.2
      vertex 0 8.43 6.2
    endloop
  endfacet
  facet normal 0 -1 0
    outer loop
      vertex 0 27.33 6.2
      vertex 2.4 27.33 9.8
      vertex 0 27.33 9.8
    endloop
  endfacet
  facet normal 0 -1 -0
    outer loop
      vertex 2.4 27.33 9.8
      vertex 0 27.33 6.2
      vertex 2.4 27.33 6.2
    endloop
  endfacet
  facet normal 0 1 -0
    outer loop
      vertex 2.4 8.43 6.2
      vertex 0 8.43 9.8
      vertex 2.4 8.43 9.8
    endloop
  endfacet
  facet normal 0 1 0
    outer loop
      vertex 0 8.43 9.8
      vertex 2.4 8.43 6.2
      vertex 0 8.43 6.2
    endloop
  endfacet
  facet normal -0.97239 -0.233364 0
    outer loop
      vertex 26.7641 5.37851 0
      vertex 26.6872 5.69894 2.2
      vertex 26.6872 5.69894 0
    endloop
  endfacet
  facet normal -0.97239 -0.233364 0
    outer loop
      vertex 26.6872 5.69894 2.2
      vertex 26.7641 5.37851 0
      vertex 26.7641 5.37851 2.2
    endloop
  endfacet
  facet normal -0.996906 -0.0785969 0
    outer loop
      vertex 26.79 5.05 0
      vertex 26.7641 5.37851 2.2
      vertex 26.7641 5.37851 0
    endloop
  endfacet
  facet normal -0.996906 -0.0785969 0
    outer loop
      vertex 26.7641 5.37851 2.2
      vertex 26.79 5.05 0
      vertex 26.79 5.05 2.2
    endloop
  endfacet
  facet normal -0.923883 -0.382675 0
    outer loop
      vertex 26.6872 5.69894 0
      vertex 26.5611 6.00338 2.2
      vertex 26.5611 6.00338 0
    endloop
  endfacet
  facet normal -0.923883 -0.382675 0
    outer loop
      vertex 26.5611 6.00338 2.2
      vertex 26.6872 5.69894 0
      vertex 26.6872 5.69894 2.2
    endloop
  endfacet
  facet normal -0.522596 -0.85258 0
    outer loop
      vertex 25.6434 6.92111 0
      vertex 25.9243 6.74893 2.2
      vertex 25.6434 6.92111 2.2
    endloop
  endfacet
  facet normal -0.522596 -0.85258 -0
    outer loop
      vertex 25.9243 6.74893 2.2
      vertex 25.6434 6.92111 0
      vertex 25.9243 6.74893 0
    endloop
  endfacet
  facet normal -0.996906 0.0785969 0
    outer loop
      vertex 26.7641 4.72149 0
      vertex 26.79 5.05 2.2
      vertex 26.79 5.05 0
    endloop
  endfacet
  facet normal -0.996906 0.0785969 0
    outer loop
      vertex 26.79 5.05 2.2
      vertex 26.7641 4.72149 0
      vertex 26.7641 4.72149 2.2
    endloop
  endfacet
  facet normal 0.852611 0.522546 0
    outer loop
      vertex 22.9911 3.81565 2.2
      vertex 22.8189 4.09662 0
      vertex 22.8189 4.09662 2.2
    endloop
  endfacet
  facet normal 0.852611 0.522546 0
    outer loop
      vertex 22.8189 4.09662 0
      vertex 22.9911 3.81565 2.2
      vertex 22.9911 3.81565 0
    endloop
  endfacet
  facet normal 0.97239 0.233364 0
    outer loop
      vertex 22.6928 4.40106 2.2
      vertex 22.6159 4.72149 0
      vertex 22.6159 4.72149 2.2
    endloop
  endfacet
  facet normal 0.97239 0.233364 0
    outer loop
      vertex 22.6159 4.72149 0
      vertex 22.6928 4.40106 2.2
      vertex 22.6928 4.40106 0
    endloop
  endfacet
  facet normal 0.0784485 0.996918 -0
    outer loop
      vertex 24.69 2.95 0
      vertex 24.3615 2.97585 2.2
      vertex 24.69 2.95 2.2
    endloop
  endfacet
  facet normal 0.0784485 0.996918 0
    outer loop
      vertex 24.3615 2.97585 2.2
      vertex 24.69 2.95 0
      vertex 24.3615 2.97585 0
    endloop
  endfacet
  facet normal -0.0784485 -0.996918 0
    outer loop
      vertex 24.69 7.15 0
      vertex 25.0185 7.12415 2.2
      vertex 24.69 7.15 2.2
    endloop
  endfacet
  facet normal -0.0784485 -0.996918 -0
    outer loop
      vertex 25.0185 7.12415 2.2
      vertex 24.69 7.15 0
      vertex 25.0185 7.12415 0
    endloop
  endfacet
  facet normal 0.382637 -0.923899 0
    outer loop
      vertex 23.7366 6.92111 0
      vertex 24.0411 7.04722 2.2
      vertex 23.7366 6.92111 2.2
    endloop
  endfacet
  facet normal 0.382637 -0.923899 0
    outer loop
      vertex 24.0411 7.04722 2.2
      vertex 23.7366 6.92111 0
      vertex 24.0411 7.04722 0
    endloop
  endfacet
  facet normal 0.0784485 -0.996918 0
    outer loop
      vertex 24.3615 7.12415 0
      vertex 24.69 7.15 2.2
      vertex 24.3615 7.12415 2.2
    endloop
  endfacet
  facet normal 0.0784485 -0.996918 0
    outer loop
      vertex 24.69 7.15 2.2
      vertex 24.3615 7.12415 0
      vertex 24.69 7.15 0
    endloop
  endfacet
  facet normal 0.522574 0.852594 -0
    outer loop
      vertex 23.7366 3.17889 0
      vertex 23.4557 3.35106 2.2
      vertex 23.7366 3.17889 2.2
    endloop
  endfacet
  facet normal 0.522574 0.852594 0
    outer loop
      vertex 23.4557 3.35106 2.2
      vertex 23.7366 3.17889 0
      vertex 23.4557 3.35106 0
    endloop
  endfacet
  facet normal -0.852611 -0.522546 0
    outer loop
      vertex 26.5611 6.00338 0
      vertex 26.3889 6.28435 2.2
      vertex 26.3889 6.28435 0
    endloop
  endfacet
  facet normal -0.852611 -0.522546 0
    outer loop
      vertex 26.3889 6.28435 2.2
      vertex 26.5611 6.00338 0
      vertex 26.5611 6.00338 2.2
    endloop
  endfacet
  facet normal -0.233471 -0.972364 0
    outer loop
      vertex 25.0185 7.12415 0
      vertex 25.3389 7.04722 2.2
      vertex 25.0185 7.12415 2.2
    endloop
  endfacet
  facet normal -0.233471 -0.972364 -0
    outer loop
      vertex 25.3389 7.04722 2.2
      vertex 25.0185 7.12415 0
      vertex 25.3389 7.04722 0
    endloop
  endfacet
  facet normal -0.97239 0.233364 0
    outer loop
      vertex 26.6872 4.40106 0
      vertex 26.7641 4.72149 2.2
      vertex 26.7641 4.72149 0
    endloop
  endfacet
  facet normal -0.97239 0.233364 0
    outer loop
      vertex 26.7641 4.72149 2.2
      vertex 26.6872 4.40106 0
      vertex 26.6872 4.40106 2.2
    endloop
  endfacet
  facet normal -0.522574 0.852594 0
    outer loop
      vertex 25.9243 3.35106 0
      vertex 25.6434 3.17889 2.2
      vertex 25.9243 3.35106 2.2
    endloop
  endfacet
  facet normal -0.522574 0.852594 0
    outer loop
      vertex 25.6434 3.17889 2.2
      vertex 25.9243 3.35106 0
      vertex 25.6434 3.17889 0
    endloop
  endfacet
  facet normal -0.649408 0.76044 0
    outer loop
      vertex 26.1749 3.56507 0
      vertex 25.9243 3.35106 2.2
      vertex 26.1749 3.56507 2.2
    endloop
  endfacet
  facet normal -0.649408 0.76044 0
    outer loop
      vertex 25.9243 3.35106 2.2
      vertex 26.1749 3.56507 0
      vertex 25.9243 3.35106 0
    endloop
  endfacet
  facet normal 0.760416 -0.649436 0
    outer loop
      vertex 22.9911 6.28435 2.2
      vertex 23.2051 6.53492 0
      vertex 23.2051 6.53492 2.2
    endloop
  endfacet
  facet normal 0.760416 -0.649436 0
    outer loop
      vertex 23.2051 6.53492 0
      vertex 22.9911 6.28435 2.2
      vertex 22.9911 6.28435 0
    endloop
  endfacet
  facet normal 0.996906 -0.0785969 0
    outer loop
      vertex 22.59 5.05 2.2
      vertex 22.6159 5.37851 0
      vertex 22.6159 5.37851 2.2
    endloop
  endfacet
  facet normal 0.996906 -0.0785969 0
    outer loop
      vertex 22.6159 5.37851 0
      vertex 22.59 5.05 2.2
      vertex 22.59 5.05 0
    endloop
  endfacet
  facet normal -0.233471 0.972364 0
    outer loop
      vertex 25.3389 3.05278 0
      vertex 25.0185 2.97585 2.2
      vertex 25.3389 3.05278 2.2
    endloop
  endfacet
  facet normal -0.233471 0.972364 0
    outer loop
      vertex 25.0185 2.97585 2.2
      vertex 25.3389 3.05278 0
      vertex 25.0185 2.97585 0
    endloop
  endfacet
  facet normal 0.522596 -0.85258 0
    outer loop
      vertex 23.4557 6.74893 0
      vertex 23.7366 6.92111 2.2
      vertex 23.4557 6.74893 2.2
    endloop
  endfacet
  facet normal 0.522596 -0.85258 0
    outer loop
      vertex 23.7366 6.92111 2.2
      vertex 23.4557 6.74893 0
      vertex 23.7366 6.92111 0
    endloop
  endfacet
  facet normal 0.97239 -0.233364 0
    outer loop
      vertex 22.6159 5.37851 2.2
      vertex 22.6928 5.69894 0
      vertex 22.6928 5.69894 2.2
    endloop
  endfacet
  facet normal 0.97239 -0.233364 0
    outer loop
      vertex 22.6928 5.69894 0
      vertex 22.6159 5.37851 2.2
      vertex 22.6159 5.37851 0
    endloop
  endfacet
  facet normal -0.852611 0.522546 0
    outer loop
      vertex 26.3889 3.81565 0
      vertex 26.5611 4.09662 2.2
      vertex 26.5611 4.09662 0
    endloop
  endfacet
  facet normal -0.852611 0.522546 0
    outer loop
      vertex 26.5611 4.09662 2.2
      vertex 26.3889 3.81565 0
      vertex 26.3889 3.81565 2.2
    endloop
  endfacet
  facet normal -0.923883 0.382675 0
    outer loop
      vertex 26.5611 4.09662 0
      vertex 26.6872 4.40106 2.2
      vertex 26.6872 4.40106 0
    endloop
  endfacet
  facet normal -0.923883 0.382675 0
    outer loop
      vertex 26.6872 4.40106 2.2
      vertex 26.5611 4.09662 0
      vertex 26.5611 4.09662 2.2
    endloop
  endfacet
  facet normal 0.233471 0.972364 -0
    outer loop
      vertex 24.3615 2.97585 0
      vertex 24.0411 3.05278 2.2
      vertex 24.3615 2.97585 2.2
    endloop
  endfacet
  facet normal 0.233471 0.972364 0
    outer loop
      vertex 24.0411 3.05278 2.2
      vertex 24.3615 2.97585 0
      vertex 24.0411 3.05278 0
    endloop
  endfacet
  facet normal 0.649408 -0.76044 0
    outer loop
      vertex 23.2051 6.53492 0
      vertex 23.4557 6.74893 2.2
      vertex 23.2051 6.53492 2.2
    endloop
  endfacet
  facet normal 0.649408 -0.76044 0
    outer loop
      vertex 23.4557 6.74893 2.2
      vertex 23.2051 6.53492 0
      vertex 23.4557 6.74893 0
    endloop
  endfacet
  facet normal -0.649408 -0.76044 0
    outer loop
      vertex 25.9243 6.74893 0
      vertex 26.1749 6.53492 2.2
      vertex 25.9243 6.74893 2.2
    endloop
  endfacet
  facet normal -0.649408 -0.76044 -0
    outer loop
      vertex 26.1749 6.53492 2.2
      vertex 25.9243 6.74893 0
      vertex 26.1749 6.53492 0
    endloop
  endfacet
  facet normal -0.382637 0.923899 0
    outer loop
      vertex 25.6434 3.17889 0
      vertex 25.3389 3.05278 2.2
      vertex 25.6434 3.17889 2.2
    endloop
  endfacet
  facet normal -0.382637 0.923899 0
    outer loop
      vertex 25.3389 3.05278 2.2
      vertex 25.6434 3.17889 0
      vertex 25.3389 3.05278 0
    endloop
  endfacet
  facet normal -0.760429 0.649421 0
    outer loop
      vertex 26.1749 3.56507 0
      vertex 26.3889 3.81565 2.2
      vertex 26.3889 3.81565 0
    endloop
  endfacet
  facet normal -0.760429 0.649421 0
    outer loop
      vertex 26.3889 3.81565 2.2
      vertex 26.1749 3.56507 0
      vertex 26.1749 3.56507 2.2
    endloop
  endfacet
  facet normal -0.0784485 0.996918 0
    outer loop
      vertex 25.0185 2.97585 0
      vertex 24.69 2.95 2.2
      vertex 25.0185 2.97585 2.2
    endloop
  endfacet
  facet normal -0.0784485 0.996918 0
    outer loop
      vertex 24.69 2.95 2.2
      vertex 25.0185 2.97585 0
      vertex 24.69 2.95 0
    endloop
  endfacet
  facet normal 0.233471 -0.972364 0
    outer loop
      vertex 24.0411 7.04722 0
      vertex 24.3615 7.12415 2.2
      vertex 24.0411 7.04722 2.2
    endloop
  endfacet
  facet normal 0.233471 -0.972364 0
    outer loop
      vertex 24.3615 7.12415 2.2
      vertex 24.0411 7.04722 0
      vertex 24.3615 7.12415 0
    endloop
  endfacet
  facet normal -0.760416 -0.649436 0
    outer loop
      vertex 26.3889 6.28435 0
      vertex 26.1749 6.53492 2.2
      vertex 26.1749 6.53492 0
    endloop
  endfacet
  facet normal -0.760416 -0.649436 0
    outer loop
      vertex 26.1749 6.53492 2.2
      vertex 26.3889 6.28435 0
      vertex 26.3889 6.28435 2.2
    endloop
  endfacet
  facet normal 0.923883 0.382675 0
    outer loop
      vertex 22.8189 4.09662 2.2
      vertex 22.6928 4.40106 0
      vertex 22.6928 4.40106 2.2
    endloop
  endfacet
  facet normal 0.923883 0.382675 0
    outer loop
      vertex 22.6928 4.40106 0
      vertex 22.8189 4.09662 2.2
      vertex 22.8189 4.09662 0
    endloop
  endfacet
  facet normal 0.760429 0.649421 0
    outer loop
      vertex 23.2051 3.56507 2.2
      vertex 22.9911 3.81565 0
      vertex 22.9911 3.81565 2.2
    endloop
  endfacet
  facet normal 0.760429 0.649421 0
    outer loop
      vertex 22.9911 3.81565 0
      vertex 23.2051 3.56507 2.2
      vertex 23.2051 3.56507 0
    endloop
  endfacet
  facet normal 0.996906 0.0785969 0
    outer loop
      vertex 22.6159 4.72149 2.2
      vertex 22.59 5.05 0
      vertex 22.59 5.05 2.2
    endloop
  endfacet
  facet normal 0.996906 0.0785969 0
    outer loop
      vertex 22.59 5.05 0
      vertex 22.6159 4.72149 2.2
      vertex 22.6159 4.72149 0
    endloop
  endfacet
  facet normal -0.382637 -0.923899 0
    outer loop
      vertex 25.3389 7.04722 0
      vertex 25.6434 6.92111 2.2
      vertex 25.3389 7.04722 2.2
    endloop
  endfacet
  facet normal -0.382637 -0.923899 -0
    outer loop
      vertex 25.6434 6.92111 2.2
      vertex 25.3389 7.04722 0
      vertex 25.6434 6.92111 0
    endloop
  endfacet
  facet normal 0.382637 0.923899 -0
    outer loop
      vertex 24.0411 3.05278 0
      vertex 23.7366 3.17889 2.2
      vertex 24.0411 3.05278 2.2
    endloop
  endfacet
  facet normal 0.382637 0.923899 0
    outer loop
      vertex 23.7366 3.17889 2.2
      vertex 24.0411 3.05278 0
      vertex 23.7366 3.17889 0
    endloop
  endfacet
  facet normal 0.649408 0.76044 -0
    outer loop
      vertex 23.4557 3.35106 0
      vertex 23.2051 3.56507 2.2
      vertex 23.4557 3.35106 2.2
    endloop
  endfacet
  facet normal 0.649408 0.76044 0
    outer loop
      vertex 23.2051 3.56507 2.2
      vertex 23.4557 3.35106 0
      vertex 23.2051 3.56507 0
    endloop
  endfacet
  facet normal 0.923883 -0.382675 0
    outer loop
      vertex 22.6928 5.69894 2.2
      vertex 22.8189 6.00338 0
      vertex 22.8189 6.00338 2.2
    endloop
  endfacet
  facet normal 0.923883 -0.382675 0
    outer loop
      vertex 22.8189 6.00338 0
      vertex 22.6928 5.69894 2.2
      vertex 22.6928 5.69894 0
    endloop
  endfacet
  facet normal 0.852611 -0.522546 0
    outer loop
      vertex 22.8189 6.00338 2.2
      vertex 22.9911 6.28435 0
      vertex 22.9911 6.28435 2.2
    endloop
  endfacet
  facet normal 0.852611 -0.522546 0
    outer loop
      vertex 22.9911 6.28435 0
      vertex 22.8189 6.00338 2.2
      vertex 22.8189 6.00338 0
    endloop
  endfacet
  facet normal -1 0 0
    outer loop
      vertex 61.5 33.3 7.6
      vertex 61.5 35.7 15.4
      vertex 61.5 35.7 7.6
    endloop
  endfacet
  facet normal -1 -0 0
    outer loop
      vertex 61.5 35.7 15.4
      vertex 61.5 33.3 7.6
      vertex 61.5 33.3 15.4
    endloop
  endfacet
  facet normal -0 0 1
    outer loop
      vertex 9.1 35.7 7.6
      vertex 61.5 33.3 7.6
      vertex 61.5 35.7 7.6
    endloop
  endfacet
  facet normal 0 0 1
    outer loop
      vertex 61.5 33.3 7.6
      vertex 9.1 35.7 7.6
      vertex 9.1 33.3 7.6
    endloop
  endfacet
  facet normal 1 -0 0
    outer loop
      vertex 9.1 33.3 15.4
      vertex 9.1 35.7 7.6
      vertex 9.1 35.7 15.4
    endloop
  endfacet
  facet normal 1 0 0
    outer loop
      vertex 9.1 35.7 7.6
      vertex 9.1 33.3 15.4
      vertex 9.1 33.3 7.6
    endloop
  endfacet
  facet normal 0 -1 0
    outer loop
      vertex 15.7987 23.85 0
      vertex 17.1013 23.85 2.2
      vertex 15.7987 23.85 2.2
    endloop
  endfacet
  facet normal 0 -1 -0
    outer loop
      vertex 17.1013 23.85 2.2
      vertex 15.7987 23.85 0
      vertex 17.1013 23.85 0
    endloop
  endfacet
  facet normal 0.499972 0.866042 -0
    outer loop
      vertex 16.45 23.474 0
      vertex 15.7987 23.85 2.2
      vertex 16.45 23.474 2.2
    endloop
  endfacet
  facet normal 0.499972 0.866042 0
    outer loop
      vertex 15.7987 23.85 2.2
      vertex 16.45 23.474 0
      vertex 15.7987 23.85 0
    endloop
  endfacet
  facet normal -0.499972 0.866042 0
    outer loop
      vertex 17.1013 23.85 0
      vertex 16.45 23.474 2.2
      vertex 17.1013 23.85 2.2
    endloop
  endfacet
  facet normal -0.499972 0.866042 0
    outer loop
      vertex 16.45 23.474 2.2
      vertex 17.1013 23.85 0
      vertex 16.45 23.474 0
    endloop
  endfacet
  facet normal -1 0 0
    outer loop
      vertex 23.48 21.9902 0
      vertex 23.48 23.85 2.2
      vertex 23.48 23.85 0
    endloop
  endfacet
  facet normal -1 -0 0
    outer loop
      vertex 23.48 23.85 2.2
      vertex 23.48 21.9902 0
      vertex 23.48 21.9902 2.2
    endloop
  endfacet
  facet normal 0 -1 0
    outer loop
      vertex 19.02 23.85 0
      vertex 23.48 23.85 2.2
      vertex 19.02 23.85 2.2
    endloop
  endfacet
  facet normal 0 -1 -0
    outer loop
      vertex 23.48 23.85 2.2
      vertex 19.02 23.85 0
      vertex 23.48 23.85 0
    endloop
  endfacet
  facet normal 1 -0 0
    outer loop
      vertex 19.02 21.9902 2.2
      vertex 19.02 23.85 0
      vertex 19.02 23.85 2.2
    endloop
  endfacet
  facet normal 1 0 0
    outer loop
      vertex 19.02 23.85 0
      vertex 19.02 21.9902 2.2
      vertex 19.02 21.9902 0
    endloop
  endfacet
  facet normal 0.500003 0.866024 -0
    outer loop
      vertex 21.25 20.7027 0
      vertex 19.02 21.9902 2.2
      vertex 21.25 20.7027 2.2
    endloop
  endfacet
  facet normal 0.500003 0.866024 0
    outer loop
      vertex 19.02 21.9902 2.2
      vertex 21.25 20.7027 0
      vertex 19.02 21.9902 0
    endloop
  endfacet
  facet normal -0.500003 0.866024 0
    outer loop
      vertex 23.48 21.9902 0
      vertex 21.25 20.7027 2.2
      vertex 23.48 21.9902 2.2
    endloop
  endfacet
  facet normal -0.500003 0.866024 0
    outer loop
      vertex 21.25 20.7027 2.2
      vertex 23.48 21.9902 0
      vertex 21.25 20.7027 0
    endloop
  endfacet
  facet normal 0 -1 0
    outer loop
      vertex 25.3987 23.85 0
      vertex 26.7013 23.85 2.2
      vertex 25.3987 23.85 2.2
    endloop
  endfacet
  facet normal 0 -1 -0
    outer loop
      vertex 26.7013 23.85 2.2
      vertex 25.3987 23.85 0
      vertex 26.7013 23.85 0
    endloop
  endfacet
  facet normal 0.499972 0.866042 -0
    outer loop
      vertex 26.05 23.474 0
      vertex 25.3987 23.85 2.2
      vertex 26.05 23.474 2.2
    endloop
  endfacet
  facet normal 0.499972 0.866042 0
    outer loop
      vertex 25.3987 23.85 2.2
      vertex 26.05 23.474 0
      vertex 25.3987 23.85 0
    endloop
  endfacet
  facet normal -0.499972 0.866042 0
    outer loop
      vertex 26.7013 23.85 0
      vertex 26.05 23.474 2.2
      vertex 26.7013 23.85 2.2
    endloop
  endfacet
  facet normal -0.499972 0.866042 0
    outer loop
      vertex 26.05 23.474 2.2
      vertex 26.7013 23.85 0
      vertex 26.05 23.474 0
    endloop
  endfacet
  facet normal -1 0 0
    outer loop
      vertex 33.08 21.9902 0
      vertex 33.08 23.85 2.2
      vertex 33.08 23.85 0
    endloop
  endfacet
  facet normal -1 -0 0
    outer loop
      vertex 33.08 23.85 2.2
      vertex 33.08 21.9902 0
      vertex 33.08 21.9902 2.2
    endloop
  endfacet
  facet normal 0 -1 0
    outer loop
      vertex 28.62 23.85 0
      vertex 33.08 23.85 2.2
      vertex 28.62 23.85 2.2
    endloop
  endfacet
  facet normal 0 -1 -0
    outer loop
      vertex 33.08 23.85 2.2
      vertex 28.62 23.85 0
      vertex 33.08 23.85 0
    endloop
  endfacet
  facet normal 1 -0 0
    outer loop
      vertex 28.62 21.9902 2.2
      vertex 28.62 23.85 0
      vertex 28.62 23.85 2.2
    endloop
  endfacet
  facet normal 1 0 0
    outer loop
      vertex 28.62 23.85 0
      vertex 28.62 21.9902 2.2
      vertex 28.62 21.9902 0
    endloop
  endfacet
  facet normal 0.500003 0.866024 -0
    outer loop
      vertex 30.85 20.7027 0
      vertex 28.62 21.9902 2.2
      vertex 30.85 20.7027 2.2
    endloop
  endfacet
  facet normal 0.500003 0.866024 0
    outer loop
      vertex 28.62 21.9902 2.2
      vertex 30.85 20.7027 0
      vertex 28.62 21.9902 0
    endloop
  endfacet
  facet normal -0.500003 0.866024 0
    outer loop
      vertex 33.08 21.9902 0
      vertex 30.85 20.7027 2.2
      vertex 33.08 21.9902 2.2
    endloop
  endfacet
  facet normal -0.500003 0.866024 0
    outer loop
      vertex 30.85 20.7027 2.2
      vertex 33.08 21.9902 0
      vertex 30.85 20.7027 0
    endloop
  endfacet
  facet normal 0 -1 0
    outer loop
      vertex 34.9987 23.85 0
      vertex 36.3013 23.85 2.2
      vertex 34.9987 23.85 2.2
    endloop
  endfacet
  facet normal 0 -1 -0
    outer loop
      vertex 36.3013 23.85 2.2
      vertex 34.9987 23.85 0
      vertex 36.3013 23.85 0
    endloop
  endfacet
  facet normal 0.499972 0.866042 -0
    outer loop
      vertex 35.65 23.474 0
      vertex 34.9987 23.85 2.2
      vertex 35.65 23.474 2.2
    endloop
  endfacet
  facet normal 0.499972 0.866042 0
    outer loop
      vertex 34.9987 23.85 2.2
      vertex 35.65 23.474 0
      vertex 34.9987 23.85 0
    endloop
  endfacet
  facet normal -0.499972 0.866042 0
    outer loop
      vertex 36.3013 23.85 0
      vertex 35.65 23.474 2.2
      vertex 36.3013 23.85 2.2
    endloop
  endfacet
  facet normal -0.499972 0.866042 0
    outer loop
      vertex 35.65 23.474 2.2
      vertex 36.3013 23.85 0
      vertex 35.65 23.474 0
    endloop
  endfacet
  facet normal -1 0 0
    outer loop
      vertex 28.28 19.2189 0
      vertex 28.28 21.7939 2.2
      vertex 28.28 21.7939 0
    endloop
  endfacet
  facet normal -1 -0 0
    outer loop
      vertex 28.28 21.7939 2.2
      vertex 28.28 19.2189 0
      vertex 28.28 19.2189 2.2
    endloop
  endfacet
  facet normal -0.500003 -0.866024 0
    outer loop
      vertex 26.05 23.0814 0
      vertex 28.28 21.7939 2.2
      vertex 26.05 23.0814 2.2
    endloop
  endfacet
  facet normal -0.500003 -0.866024 -0
    outer loop
      vertex 28.28 21.7939 2.2
      vertex 26.05 23.0814 0
      vertex 28.28 21.7939 0
    endloop
  endfacet
  facet normal 0.500003 -0.866024 0
    outer loop
      vertex 23.82 21.7939 0
      vertex 26.05 23.0814 2.2
      vertex 23.82 21.7939 2.2
    endloop
  endfacet
  facet normal 0.500003 -0.866024 0
    outer loop
      vertex 26.05 23.0814 2.2
      vertex 23.82 21.7939 0
      vertex 26.05 23.0814 0
    endloop
  endfacet
  facet normal 1 -0 0
    outer loop
      vertex 23.82 19.2189 2.2
      vertex 23.82 21.7939 0
      vertex 23.82 21.7939 2.2
    endloop
  endfacet
  facet normal 1 0 0
    outer loop
      vertex 23.82 21.7939 0
      vertex 23.82 19.2189 2.2
      vertex 23.82 19.2189 0
    endloop
  endfacet
  facet normal 0.500003 0.866024 -0
    outer loop
      vertex 26.05 17.9314 0
      vertex 23.82 19.2189 2.2
      vertex 26.05 17.9314 2.2
    endloop
  endfacet
  facet normal 0.500003 0.866024 0
    outer loop
      vertex 23.82 19.2189 2.2
      vertex 26.05 17.9314 0
      vertex 23.82 19.2189 0
    endloop
  endfacet
  facet normal -0.500003 0.866024 0
    outer loop
      vertex 28.28 19.2189 0
      vertex 26.05 17.9314 2.2
      vertex 28.28 19.2189 2.2
    endloop
  endfacet
  facet normal -0.500003 0.866024 0
    outer loop
      vertex 26.05 17.9314 2.2
      vertex 28.28 19.2189 0
      vertex 26.05 17.9314 0
    endloop
  endfacet
  facet normal -1 0 0
    outer loop
      vertex 36.85 18.6242 0
      vertex 36.85 22.3886 2.2
      vertex 36.85 22.3886 0
    endloop
  endfacet
  facet normal -1 -0 0
    outer loop
      vertex 36.85 22.3886 2.2
      vertex 36.85 18.6242 0
      vertex 36.85 18.6242 2.2
    endloop
  endfacet
  facet normal -0.499989 -0.866032 0
    outer loop
      vertex 35.65 23.0814 0
      vertex 36.85 22.3886 2.2
      vertex 35.65 23.0814 2.2
    endloop
  endfacet
  facet normal -0.499989 -0.866032 -0
    outer loop
      vertex 36.85 22.3886 2.2
      vertex 35.65 23.0814 0
      vertex 36.85 22.3886 0
    endloop
  endfacet
  facet normal 0.500003 -0.866024 0
    outer loop
      vertex 33.42 21.7939 0
      vertex 35.65 23.0814 2.2
      vertex 33.42 21.7939 2.2
    endloop
  endfacet
  facet normal 0.500003 -0.866024 0
    outer loop
      vertex 35.65 23.0814 2.2
      vertex 33.42 21.7939 0
      vertex 35.65 23.0814 0
    endloop
  endfacet
  facet normal 1 -0 0
    outer loop
      vertex 33.42 19.2189 2.2
      vertex 33.42 21.7939 0
      vertex 33.42 21.7939 2.2
    endloop
  endfacet
  facet normal 1 0 0
    outer loop
      vertex 33.42 21.7939 0
      vertex 33.42 19.2189 2.2
      vertex 33.42 19.2189 0
    endloop
  endfacet
  facet normal 0.500003 0.866024 -0
    outer loop
      vertex 35.65 17.9314 0
      vertex 33.42 19.2189 2.2
      vertex 35.65 17.9314 2.2
    endloop
  endfacet
  facet normal 0.500003 0.866024 0
    outer loop
      vertex 33.42 19.2189 2.2
      vertex 35.65 17.9314 0
      vertex 33.42 19.2189 0
    endloop
  endfacet
  facet normal -0.499989 0.866032 0
    outer loop
      vertex 36.85 18.6242 0
      vertex 35.65 17.9314 2.2
      vertex 36.85 18.6242 2.2
    endloop
  endfacet
  facet normal -0.499989 0.866032 0
    outer loop
      vertex 35.65 17.9314 2.2
      vertex 36.85 18.6242 0
      vertex 35.65 17.9314 0
    endloop
  endfacet
  facet normal -1 0 0
    outer loop
      vertex 18.68 19.2189 0
      vertex 18.68 21.7939 2.2
      vertex 18.68 21.7939 0
    endloop
  endfacet
  facet normal -1 -0 0
    outer loop
      vertex 18.68 21.7939 2.2
      vertex 18.68 19.2189 0
      vertex 18.68 19.2189 2.2
    endloop
  endfacet
  facet normal -0.500003 -0.866024 0
    outer loop
      vertex 16.45 23.0814 0
      vertex 18.68 21.7939 2.2
      vertex 16.45 23.0814 2.2
    endloop
  endfacet
  facet normal -0.500003 -0.866024 -0
    outer loop
      vertex 18.68 21.7939 2.2
      vertex 16.45 23.0814 0
      vertex 18.68 21.7939 0
    endloop
  endfacet
  facet normal 0.500016 -0.866016 0
    outer loop
      vertex 14.85 22.1576 0
      vertex 16.45 23.0814 2.2
      vertex 14.85 22.1576 2.2
    endloop
  endfacet
  facet normal 0.500016 -0.866016 0
    outer loop
      vertex 16.45 23.0814 2.2
      vertex 14.85 22.1576 0
      vertex 16.45 23.0814 0
    endloop
  endfacet
  facet normal 1 -0 0
    outer loop
      vertex 14.85 18.8551 2.2
      vertex 14.85 22.1576 0
      vertex 14.85 22.1576 2.2
    endloop
  endfacet
  facet normal 1 0 0
    outer loop
      vertex 14.85 22.1576 0
      vertex 14.85 18.8551 2.2
      vertex 14.85 18.8551 0
    endloop
  endfacet
  facet normal 0.499975 0.86604 -0
    outer loop
      vertex 16.45 17.9314 0
      vertex 14.85 18.8551 2.2
      vertex 16.45 17.9314 2.2
    endloop
  endfacet
  facet normal 0.499975 0.86604 0
    outer loop
      vertex 14.85 18.8551 2.2
      vertex 16.45 17.9314 0
      vertex 14.85 18.8551 0
    endloop
  endfacet
  facet normal -0.500003 0.866024 0
    outer loop
      vertex 18.68 19.2189 0
      vertex 16.45 17.9314 2.2
      vertex 18.68 19.2189 2.2
    endloop
  endfacet
  facet normal -0.500003 0.866024 0
    outer loop
      vertex 16.45 17.9314 2.2
      vertex 18.68 19.2189 0
      vertex 16.45 17.9314 0
    endloop
  endfacet
  facet normal -1 0 0
    outer loop
      vertex 33.08 16.4476 0
      vertex 33.08 19.0226 2.2
      vertex 33.08 19.0226 0
    endloop
  endfacet
  facet normal -1 -0 0
    outer loop
      vertex 33.08 19.0226 2.2
      vertex 33.08 16.4476 0
      vertex 33.08 16.4476 2.2
    endloop
  endfacet
  facet normal -0.500003 -0.866024 0
    outer loop
      vertex 30.85 20.3101 0
      vertex 33.08 19.0226 2.2
      vertex 30.85 20.3101 2.2
    endloop
  endfacet
  facet normal -0.500003 -0.866024 -0
    outer loop
      vertex 33.08 19.0226 2.2
      vertex 30.85 20.3101 0
      vertex 33.08 19.0226 0
    endloop
  endfacet
  facet normal 0.500003 -0.866024 0
    outer loop
      vertex 28.62 19.0226 0
      vertex 30.85 20.3101 2.2
      vertex 28.62 19.0226 2.2
    endloop
  endfacet
  facet normal 0.500003 -0.866024 0
    outer loop
      vertex 30.85 20.3101 2.2
      vertex 28.62 19.0226 0
      vertex 30.85 20.3101 0
    endloop
  endfacet
  facet normal 1 -0 0
    outer loop
      vertex 28.62 16.4476 2.2
      vertex 28.62 19.0226 0
      vertex 28.62 19.0226 2.2
    endloop
  endfacet
  facet normal 1 0 0
    outer loop
      vertex 28.62 19.0226 0
      vertex 28.62 16.4476 2.2
      vertex 28.62 16.4476 0
    endloop
  endfacet
  facet normal 0.500003 0.866024 -0
    outer loop
      vertex 30.85 15.1601 0
      vertex 28.62 16.4476 2.2
      vertex 30.85 15.1601 2.2
    endloop
  endfacet
  facet normal 0.500003 0.866024 0
    outer loop
      vertex 28.62 16.4476 2.2
      vertex 30.85 15.1601 0
      vertex 28.62 16.4476 0
    endloop
  endfacet
  facet normal -0.500003 0.866024 0
    outer loop
      vertex 33.08 16.4476 0
      vertex 30.85 15.1601 2.2
      vertex 33.08 16.4476 2.2
    endloop
  endfacet
  facet normal -0.500003 0.866024 0
    outer loop
      vertex 30.85 15.1601 2.2
      vertex 33.08 16.4476 0
      vertex 30.85 15.1601 0
    endloop
  endfacet
  facet normal -1 0 0
    outer loop
      vertex 23.48 16.4476 0
      vertex 23.48 19.0226 2.2
      vertex 23.48 19.0226 0
    endloop
  endfacet
  facet normal -1 -0 0
    outer loop
      vertex 23.48 19.0226 2.2
      vertex 23.48 16.4476 0
      vertex 23.48 16.4476 2.2
    endloop
  endfacet
  facet normal -0.500003 -0.866024 0
    outer loop
      vertex 21.25 20.3101 0
      vertex 23.48 19.0226 2.2
      vertex 21.25 20.3101 2.2
    endloop
  endfacet
  facet normal -0.500003 -0.866024 -0
    outer loop
      vertex 23.48 19.0226 2.2
      vertex 21.25 20.3101 0
      vertex 23.48 19.0226 0
    endloop
  endfacet
  facet normal 0.500003 -0.866024 0
    outer loop
      vertex 19.02 19.0226 0
      vertex 21.25 20.3101 2.2
      vertex 19.02 19.0226 2.2
    endloop
  endfacet
  facet normal 0.500003 -0.866024 0
    outer loop
      vertex 21.25 20.3101 2.2
      vertex 19.02 19.0226 0
      vertex 21.25 20.3101 0
    endloop
  endfacet
  facet normal 1 -0 0
    outer loop
      vertex 19.02 16.4476 2.2
      vertex 19.02 19.0226 0
      vertex 19.02 19.0226 2.2
    endloop
  endfacet
  facet normal 1 0 0
    outer loop
      vertex 19.02 19.0226 0
      vertex 19.02 16.4476 2.2
      vertex 19.02 16.4476 0
    endloop
  endfacet
  facet normal 0.500003 0.866024 -0
    outer loop
      vertex 21.25 15.1601 0
      vertex 19.02 16.4476 2.2
      vertex 21.25 15.1601 2.2
    endloop
  endfacet
  facet normal 0.500003 0.866024 0
    outer loop
      vertex 19.02 16.4476 2.2
      vertex 21.25 15.1601 0
      vertex 19.02 16.4476 0
    endloop
  endfacet
  facet normal -0.500003 0.866024 0
    outer loop
      vertex 23.48 16.4476 0
      vertex 21.25 15.1601 2.2
      vertex 23.48 16.4476 2.2
    endloop
  endfacet
  facet normal -0.500003 0.866024 0
    outer loop
      vertex 21.25 15.1601 2.2
      vertex 23.48 16.4476 0
      vertex 21.25 15.1601 0
    endloop
  endfacet
  facet normal -1 0 0
    outer loop
      vertex 28.28 13.6763 0
      vertex 28.28 16.2513 2.2
      vertex 28.28 16.2513 0
    endloop
  endfacet
  facet normal -1 -0 0
    outer loop
      vertex 28.28 16.2513 2.2
      vertex 28.28 13.6763 0
      vertex 28.28 13.6763 2.2
    endloop
  endfacet
  facet normal -0.500003 -0.866024 0
    outer loop
      vertex 26.05 17.5388 0
      vertex 28.28 16.2513 2.2
      vertex 26.05 17.5388 2.2
    endloop
  endfacet
  facet normal -0.500003 -0.866024 -0
    outer loop
      vertex 28.28 16.2513 2.2
      vertex 26.05 17.5388 0
      vertex 28.28 16.2513 0
    endloop
  endfacet
  facet normal 0.500003 -0.866024 0
    outer loop
      vertex 23.82 16.2513 0
      vertex 26.05 17.5388 2.2
      vertex 23.82 16.2513 2.2
    endloop
  endfacet
  facet normal 0.500003 -0.866024 0
    outer loop
      vertex 26.05 17.5388 2.2
      vertex 23.82 16.2513 0
      vertex 26.05 17.5388 0
    endloop
  endfacet
  facet normal 1 -0 0
    outer loop
      vertex 23.82 13.6763 2.2
      vertex 23.82 16.2513 0
      vertex 23.82 16.2513 2.2
    endloop
  endfacet
  facet normal 1 0 0
    outer loop
      vertex 23.82 16.2513 0
      vertex 23.82 13.6763 2.2
      vertex 23.82 13.6763 0
    endloop
  endfacet
  facet normal 0.500003 0.866024 -0
    outer loop
      vertex 26.05 12.3888 0
      vertex 23.82 13.6763 2.2
      vertex 26.05 12.3888 2.2
    endloop
  endfacet
  facet normal 0.500003 0.866024 0
    outer loop
      vertex 23.82 13.6763 2.2
      vertex 26.05 12.3888 0
      vertex 23.82 13.6763 0
    endloop
  endfacet
  facet normal -0.500003 0.866024 0
    outer loop
      vertex 28.28 13.6763 0
      vertex 26.05 12.3888 2.2
      vertex 28.28 13.6763 2.2
    endloop
  endfacet
  facet normal -0.500003 0.866024 0
    outer loop
      vertex 26.05 12.3888 2.2
      vertex 28.28 13.6763 0
      vertex 26.05 12.3888 0
    endloop
  endfacet
  facet normal -1 0 0
    outer loop
      vertex 18.68 13.6763 0
      vertex 18.68 16.2513 2.2
      vertex 18.68 16.2513 0
    endloop
  endfacet
  facet normal -1 -0 0
    outer loop
      vertex 18.68 16.2513 2.2
      vertex 18.68 13.6763 0
      vertex 18.68 13.6763 2.2
    endloop
  endfacet
  facet normal -0.500003 -0.866024 0
    outer loop
      vertex 16.45 17.5388 0
      vertex 18.68 16.2513 2.2
      vertex 16.45 17.5388 2.2
    endloop
  endfacet
  facet normal -0.500003 -0.866024 -0
    outer loop
      vertex 18.68 16.2513 2.2
      vertex 16.45 17.5388 0
      vertex 18.68 16.2513 0
    endloop
  endfacet
  facet normal 0.499975 -0.86604 0
    outer loop
      vertex 14.85 16.6151 0
      vertex 16.45 17.5388 2.2
      vertex 14.85 16.6151 2.2
    endloop
  endfacet
  facet normal 0.499975 -0.86604 0
    outer loop
      vertex 16.45 17.5388 2.2
      vertex 14.85 16.6151 0
      vertex 16.45 17.5388 0
    endloop
  endfacet
  facet normal 1 -0 0
    outer loop
      vertex 14.85 13.3126 2.2
      vertex 14.85 16.6151 0
      vertex 14.85 16.6151 2.2
    endloop
  endfacet
  facet normal 1 0 0
    outer loop
      vertex 14.85 16.6151 0
      vertex 14.85 13.3126 2.2
      vertex 14.85 13.3126 0
    endloop
  endfacet
  facet normal 0.500016 0.866016 -0
    outer loop
      vertex 16.45 12.3888 0
      vertex 14.85 13.3126 2.2
      vertex 16.45 12.3888 2.2
    endloop
  endfacet
  facet normal 0.500016 0.866016 0
    outer loop
      vertex 14.85 13.3126 2.2
      vertex 16.45 12.3888 0
      vertex 14.85 13.3126 0
    endloop
  endfacet
  facet normal -0.500003 0.866024 0
    outer loop
      vertex 18.68 13.6763 0
      vertex 16.45 12.3888 2.2
      vertex 18.68 13.6763 2.2
    endloop
  endfacet
  facet normal -0.500003 0.866024 0
    outer loop
      vertex 16.45 12.3888 2.2
      vertex 18.68 13.6763 0
      vertex 16.45 12.3888 0
    endloop
  endfacet
  facet normal -1 0 0
    outer loop
      vertex 36.85 13.0816 0
      vertex 36.85 16.846 2.2
      vertex 36.85 16.846 0
    endloop
  endfacet
  facet normal -1 -0 0
    outer loop
      vertex 36.85 16.846 2.2
      vertex 36.85 13.0816 0
      vertex 36.85 13.0816 2.2
    endloop
  endfacet
  facet normal -0.499989 -0.866032 0
    outer loop
      vertex 35.65 17.5388 0
      vertex 36.85 16.846 2.2
      vertex 35.65 17.5388 2.2
    endloop
  endfacet
  facet normal -0.499989 -0.866032 -0
    outer loop
      vertex 36.85 16.846 2.2
      vertex 35.65 17.5388 0
      vertex 36.85 16.846 0
    endloop
  endfacet
  facet normal 0.500003 -0.866024 0
    outer loop
      vertex 33.42 16.2513 0
      vertex 35.65 17.5388 2.2
      vertex 33.42 16.2513 2.2
    endloop
  endfacet
  facet normal 0.500003 -0.866024 0
    outer loop
      vertex 35.65 17.5388 2.2
      vertex 33.42 16.2513 0
      vertex 35.65 17.5388 0
    endloop
  endfacet
  facet normal 1 -0 0
    outer loop
      vertex 33.42 13.6763 2.2
      vertex 33.42 16.2513 0
      vertex 33.42 16.2513 2.2
    endloop
  endfacet
  facet normal 1 0 0
    outer loop
      vertex 33.42 16.2513 0
      vertex 33.42 13.6763 2.2
      vertex 33.42 13.6763 0
    endloop
  endfacet
  facet normal 0.500003 0.866024 -0
    outer loop
      vertex 35.65 12.3888 0
      vertex 33.42 13.6763 2.2
      vertex 35.65 12.3888 2.2
    endloop
  endfacet
  facet normal 0.500003 0.866024 0
    outer loop
      vertex 33.42 13.6763 2.2
      vertex 35.65 12.3888 0
      vertex 33.42 13.6763 0
    endloop
  endfacet
  facet normal -0.499989 0.866032 0
    outer loop
      vertex 36.85 13.0816 0
      vertex 35.65 12.3888 2.2
      vertex 36.85 13.0816 2.2
    endloop
  endfacet
  facet normal -0.499989 0.866032 0
    outer loop
      vertex 35.65 12.3888 2.2
      vertex 36.85 13.0816 0
      vertex 35.65 12.3888 0
    endloop
  endfacet
  facet normal -1 0 0
    outer loop
      vertex 33.08 10.905 0
      vertex 33.08 13.48 2.2
      vertex 33.08 13.48 0
    endloop
  endfacet
  facet normal -1 -0 0
    outer loop
      vertex 33.08 13.48 2.2
      vertex 33.08 10.905 0
      vertex 33.08 10.905 2.2
    endloop
  endfacet
  facet normal -0.500003 -0.866024 0
    outer loop
      vertex 30.85 14.7675 0
      vertex 33.08 13.48 2.2
      vertex 30.85 14.7675 2.2
    endloop
  endfacet
  facet normal -0.500003 -0.866024 -0
    outer loop
      vertex 33.08 13.48 2.2
      vertex 30.85 14.7675 0
      vertex 33.08 13.48 0
    endloop
  endfacet
  facet normal 0.500003 -0.866024 0
    outer loop
      vertex 28.62 13.48 0
      vertex 30.85 14.7675 2.2
      vertex 28.62 13.48 2.2
    endloop
  endfacet
  facet normal 0.500003 -0.866024 0
    outer loop
      vertex 30.85 14.7675 2.2
      vertex 28.62 13.48 0
      vertex 30.85 14.7675 0
    endloop
  endfacet
  facet normal 1 -0 0
    outer loop
      vertex 28.62 10.905 2.2
      vertex 28.62 13.48 0
      vertex 28.62 13.48 2.2
    endloop
  endfacet
  facet normal 1 0 0
    outer loop
      vertex 28.62 13.48 0
      vertex 28.62 10.905 2.2
      vertex 28.62 10.905 0
    endloop
  endfacet
  facet normal 0.499986 0.866034 -0
    outer loop
      vertex 30.4474 9.84999 0
      vertex 28.62 10.905 2.2
      vertex 30.4474 9.84999 2.2
    endloop
  endfacet
  facet normal 0.499986 0.866034 0
    outer loop
      vertex 28.62 10.905 2.2
      vertex 30.4474 9.84999 0
      vertex 28.62 10.905 0
    endloop
  endfacet
  facet normal 0 1 -0
    outer loop
      vertex 31.2526 9.84999 0
      vertex 30.4474 9.84999 2.2
      vertex 31.2526 9.84999 2.2
    endloop
  endfacet
  facet normal 0 1 0
    outer loop
      vertex 30.4474 9.84999 2.2
      vertex 31.2526 9.84999 0
      vertex 30.4474 9.84999 0
    endloop
  endfacet
  facet normal -0.499986 0.866034 0
    outer loop
      vertex 33.08 10.905 0
      vertex 31.2526 9.84999 2.2
      vertex 33.08 10.905 2.2
    endloop
  endfacet
  facet normal -0.499986 0.866034 0
    outer loop
      vertex 31.2526 9.84999 2.2
      vertex 33.08 10.905 0
      vertex 31.2526 9.84999 0
    endloop
  endfacet
  facet normal -1 0 0
    outer loop
      vertex 23.48 10.905 0
      vertex 23.48 13.48 2.2
      vertex 23.48 13.48 0
    endloop
  endfacet
  facet normal -1 -0 0
    outer loop
      vertex 23.48 13.48 2.2
      vertex 23.48 10.905 0
      vertex 23.48 10.905 2.2
    endloop
  endfacet
  facet normal -0.500003 -0.866024 0
    outer loop
      vertex 21.25 14.7675 0
      vertex 23.48 13.48 2.2
      vertex 21.25 14.7675 2.2
    endloop
  endfacet
  facet normal -0.500003 -0.866024 -0
    outer loop
      vertex 23.48 13.48 2.2
      vertex 21.25 14.7675 0
      vertex 23.48 13.48 0
    endloop
  endfacet
  facet normal 0.500003 -0.866024 0
    outer loop
      vertex 19.02 13.48 0
      vertex 21.25 14.7675 2.2
      vertex 19.02 13.48 2.2
    endloop
  endfacet
  facet normal 0.500003 -0.866024 0
    outer loop
      vertex 21.25 14.7675 2.2
      vertex 19.02 13.48 0
      vertex 21.25 14.7675 0
    endloop
  endfacet
  facet normal 1 -0 0
    outer loop
      vertex 19.02 10.905 2.2
      vertex 19.02 13.48 0
      vertex 19.02 13.48 2.2
    endloop
  endfacet
  facet normal 1 0 0
    outer loop
      vertex 19.02 13.48 0
      vertex 19.02 10.905 2.2
      vertex 19.02 10.905 0
    endloop
  endfacet
  facet normal 0.499986 0.866034 -0
    outer loop
      vertex 20.8474 9.84999 0
      vertex 19.02 10.905 2.2
      vertex 20.8474 9.84999 2.2
    endloop
  endfacet
  facet normal 0.499986 0.866034 0
    outer loop
      vertex 19.02 10.905 2.2
      vertex 20.8474 9.84999 0
      vertex 19.02 10.905 0
    endloop
  endfacet
  facet normal 0 1 -0
    outer loop
      vertex 21.6526 9.84999 0
      vertex 20.8474 9.84999 2.2
      vertex 21.6526 9.84999 2.2
    endloop
  endfacet
  facet normal 0 1 0
    outer loop
      vertex 20.8474 9.84999 2.2
      vertex 21.6526 9.84999 0
      vertex 20.8474 9.84999 0
    endloop
  endfacet
  facet normal -0.499986 0.866034 0
    outer loop
      vertex 23.48 10.905 0
      vertex 21.6526 9.84999 2.2
      vertex 23.48 10.905 2.2
    endloop
  endfacet
  facet normal -0.499986 0.866034 0
    outer loop
      vertex 21.6526 9.84999 2.2
      vertex 23.48 10.905 0
      vertex 21.6526 9.84999 0
    endloop
  endfacet
  facet normal -0.500043 -0.866001 0
    outer loop
      vertex 35.65 11.9963 0
      vertex 36.85 11.3034 2.2
      vertex 35.65 11.9963 2.2
    endloop
  endfacet
  facet normal -0.500043 -0.866001 -0
    outer loop
      vertex 36.85 11.3034 2.2
      vertex 35.65 11.9963 0
      vertex 36.85 11.3034 0
    endloop
  endfacet
  facet normal 0.500003 -0.866024 0
    outer loop
      vertex 33.42 10.7088 0
      vertex 35.65 11.9963 2.2
      vertex 33.42 10.7088 2.2
    endloop
  endfacet
  facet normal 0.500003 -0.866024 0
    outer loop
      vertex 35.65 11.9963 2.2
      vertex 33.42 10.7088 0
      vertex 35.65 11.9963 0
    endloop
  endfacet
  facet normal 1 -0 0
    outer loop
      vertex 33.42 9.84999 2.2
      vertex 33.42 10.7088 0
      vertex 33.42 10.7088 2.2
    endloop
  endfacet
  facet normal 1 0 0
    outer loop
      vertex 33.42 10.7088 0
      vertex 33.42 9.84999 2.2
      vertex 33.42 9.84999 0
    endloop
  endfacet
  facet normal 0 1 -0
    outer loop
      vertex 36.85 9.84999 0
      vertex 33.42 9.84999 2.2
      vertex 36.85 9.84999 2.2
    endloop
  endfacet
  facet normal 0 1 0
    outer loop
      vertex 33.42 9.84999 2.2
      vertex 36.85 9.84999 0
      vertex 33.42 9.84999 0
    endloop
  endfacet
  facet normal -1 0 0
    outer loop
      vertex 36.85 9.84999 0
      vertex 36.85 11.3034 2.2
      vertex 36.85 11.3034 0
    endloop
  endfacet
  facet normal -1 -0 0
    outer loop
      vertex 36.85 11.3034 2.2
      vertex 36.85 9.84999 0
      vertex 36.85 9.84999 2.2
    endloop
  endfacet
  facet normal -0.500003 -0.866024 0
    outer loop
      vertex 16.45 11.9963 0
      vertex 18.68 10.7088 2.2
      vertex 16.45 11.9963 2.2
    endloop
  endfacet
  facet normal -0.500003 -0.866024 -0
    outer loop
      vertex 18.68 10.7088 2.2
      vertex 16.45 11.9963 0
      vertex 18.68 10.7088 0
    endloop
  endfacet
  facet normal 0.500016 -0.866016 0
    outer loop
      vertex 14.85 11.0725 0
      vertex 16.45 11.9963 2.2
      vertex 14.85 11.0725 2.2
    endloop
  endfacet
  facet normal 0.500016 -0.866016 0
    outer loop
      vertex 16.45 11.9963 2.2
      vertex 14.85 11.0725 0
      vertex 16.45 11.9963 0
    endloop
  endfacet
  facet normal 1 -0 0
    outer loop
      vertex 14.85 9.84999 2.2
      vertex 14.85 11.0725 0
      vertex 14.85 11.0725 2.2
    endloop
  endfacet
  facet normal 1 0 0
    outer loop
      vertex 14.85 11.0725 0
      vertex 14.85 9.84999 2.2
      vertex 14.85 9.84999 0
    endloop
  endfacet
  facet normal 0 1 -0
    outer loop
      vertex 18.68 9.84999 0
      vertex 14.85 9.84999 2.2
      vertex 18.68 9.84999 2.2
    endloop
  endfacet
  facet normal 0 1 0
    outer loop
      vertex 14.85 9.84999 2.2
      vertex 18.68 9.84999 0
      vertex 14.85 9.84999 0
    endloop
  endfacet
  facet normal -1 0 0
    outer loop
      vertex 18.68 9.84999 0
      vertex 18.68 10.7088 2.2
      vertex 18.68 10.7088 0
    endloop
  endfacet
  facet normal -1 -0 0
    outer loop
      vertex 18.68 10.7088 2.2
      vertex 18.68 9.84999 0
      vertex 18.68 9.84999 2.2
    endloop
  endfacet
  facet normal -0.500003 -0.866024 0
    outer loop
      vertex 26.05 11.9963 0
      vertex 28.28 10.7088 2.2
      vertex 26.05 11.9963 2.2
    endloop
  endfacet
  facet normal -0.500003 -0.866024 -0
    outer loop
      vertex 28.28 10.7088 2.2
      vertex 26.05 11.9963 0
      vertex 28.28 10.7088 0
    endloop
  endfacet
  facet normal 0.500003 -0.866024 0
    outer loop
      vertex 23.82 10.7088 0
      vertex 26.05 11.9963 2.2
      vertex 23.82 10.7088 2.2
    endloop
  endfacet
  facet normal 0.500003 -0.866024 0
    outer loop
      vertex 26.05 11.9963 2.2
      vertex 23.82 10.7088 0
      vertex 26.05 11.9963 0
    endloop
  endfacet
  facet normal 1 -0 0
    outer loop
      vertex 23.82 9.84999 2.2
      vertex 23.82 10.7088 0
      vertex 23.82 10.7088 2.2
    endloop
  endfacet
  facet normal 1 0 0
    outer loop
      vertex 23.82 10.7088 0
      vertex 23.82 9.84999 2.2
      vertex 23.82 9.84999 0
    endloop
  endfacet
  facet normal 0 1 -0
    outer loop
      vertex 28.28 9.84999 0
      vertex 23.82 9.84999 2.2
      vertex 28.28 9.84999 2.2
    endloop
  endfacet
  facet normal 0 1 0
    outer loop
      vertex 23.82 9.84999 2.2
      vertex 28.28 9.84999 0
      vertex 23.82 9.84999 0
    endloop
  endfacet
  facet normal -1 0 0
    outer loop
      vertex 28.28 9.84999 0
      vertex 28.28 10.7088 2.2
      vertex 28.28 10.7088 0
    endloop
  endfacet
  facet normal -1 -0 0
    outer loop
      vertex 28.28 10.7088 2.2
      vertex 28.28 9.84999 0
      vertex 28.28 9.84999 2.2
    endloop
  endfacet
endsolid OpenSCAD_Model
