solid OpenSCAD_Model
  facet normal -0.659364 -0.751824 0
    outer loop
      vertex 2.79792 2.79792 0
      vertex 2.9651 2.6513 1.8
      vertex 2.79792 2.79792 1.8
    endloop
  endfacet
  facet normal -0.659364 -0.751824 -0
    outer loop
      vertex 2.9651 2.6513 1.8
      vertex 2.79792 2.79792 0
      vertex 2.9651 2.6513 0
    endloop
  endfacet
  facet normal -0.99786 -0.0653848 0
    outer loop
      vertex 2.31454 3.7781 0
      vertex 2.3 4 1.8
      vertex 2.3 4 0
    endloop
  endfacet
  facet normal -0.99786 -0.0653848 0
    outer loop
      vertex 2.3 4 1.8
      vertex 2.31454 3.7781 0
      vertex 2.31454 3.7781 1.8
    endloop
  endfacet
  facet normal 0.896789 -0.442459 0
    outer loop
      vertex 67.3722 3.15 1.8
      vertex 67.4706 3.34944 0
      vertex 67.4706 3.34944 1.8
    endloop
  endfacet
  facet normal 0.896789 -0.442459 0
    outer loop
      vertex 67.4706 3.34944 0
      vertex 67.3722 3.15 1.8
      vertex 67.3722 3.15 0
    endloop
  endfacet
  facet normal 0 1 -0
    outer loop
      vertex 8.7 32.6 0
      vertex 4 32.6 1.8
      vertex 8.7 32.6 1.8
    endloop
  endfacet
  facet normal 0 1 0
    outer loop
      vertex 4 32.6 1.8
      vertex 8.7 32.6 0
      vertex 4 32.6 0
    endloop
  endfacet
  facet normal 0 1 -0
    outer loop
      vertex 65.9 32.6 0
      vertex 61.1 32.6 1.8
      vertex 65.9 32.6 1.8
    endloop
  endfacet
  facet normal 0 1 0
    outer loop
      vertex 61.1 32.6 1.8
      vertex 65.9 32.6 0
      vertex 61.1 32.6 0
    endloop
  endfacet
  facet normal -0.321525 0.946901 0
    outer loop
      vertex 3.56001 32.5421 0
      vertex 3.34944 32.4706 1.8
      vertex 3.56001 32.5421 1.8
    endloop
  endfacet
  facet normal -0.321525 0.946901 0
    outer loop
      vertex 3.34944 32.4706 1.8
      vertex 3.56001 32.5421 0
      vertex 3.34944 32.4706 0
    endloop
  endfacet
  facet normal -0.831483 0.555551 0
    outer loop
      vertex 2.52776 31.75 0
      vertex 2.6513 31.9349 1.8
      vertex 2.6513 31.9349 0
    endloop
  endfacet
  facet normal -0.831483 0.555551 0
    outer loop
      vertex 2.6513 31.9349 1.8
      vertex 2.52776 31.75 0
      vertex 2.52776 31.75 1.8
    endloop
  endfacet
  facet normal 0.321363 -0.946956 0
    outer loop
      vertex 66.34 2.35793 0
      vertex 66.5506 2.4294 1.8
      vertex 66.34 2.35793 1.8
    endloop
  endfacet
  facet normal 0.321363 -0.946956 0
    outer loop
      vertex 66.5506 2.4294 1.8
      vertex 66.34 2.35793 0
      vertex 66.5506 2.4294 0
    endloop
  endfacet
  facet normal -0.321404 -0.946942 0
    outer loop
      vertex 3.34944 2.4294 0
      vertex 3.56001 2.35793 1.8
      vertex 3.34944 2.4294 1.8
    endloop
  endfacet
  facet normal -0.321404 -0.946942 -0
    outer loop
      vertex 3.56001 2.35793 1.8
      vertex 3.34944 2.4294 0
      vertex 3.56001 2.35793 0
    endloop
  endfacet
  facet normal -0.659313 0.751869 0
    outer loop
      vertex 2.9651 32.2487 0
      vertex 2.79792 32.1021 1.8
      vertex 2.9651 32.2487 1.8
    endloop
  endfacet
  facet normal -0.659313 0.751869 0
    outer loop
      vertex 2.79792 32.1021 1.8
      vertex 2.9651 32.2487 0
      vertex 2.79792 32.1021 0
    endloop
  endfacet
  facet normal -1 0 0
    outer loop
      vertex 2.3 4 0
      vertex 2.3 30.9 1.8
      vertex 2.3 30.9 0
    endloop
  endfacet
  facet normal -1 -0 0
    outer loop
      vertex 2.3 30.9 1.8
      vertex 2.3 4 0
      vertex 2.3 4 1.8
    endloop
  endfacet
  facet normal -0.751824 -0.659364 0
    outer loop
      vertex 2.79792 2.79792 0
      vertex 2.6513 2.9651 1.8
      vertex 2.6513 2.9651 0
    endloop
  endfacet
  facet normal -0.751824 -0.659364 0
    outer loop
      vertex 2.6513 2.9651 1.8
      vertex 2.79792 2.79792 0
      vertex 2.79792 2.79792 1.8
    endloop
  endfacet
  facet normal 1 -0 0
    outer loop
      vertex 67.6 4 1.8
      vertex 67.6 30.9 0
      vertex 67.6 30.9 1.8
    endloop
  endfacet
  facet normal 1 0 0
    outer loop
      vertex 67.6 30.9 0
      vertex 67.6 4 1.8
      vertex 67.6 4 0
    endloop
  endfacet
  facet normal 0.831566 0.555426 0
    outer loop
      vertex 67.3722 31.75 1.8
      vertex 67.2487 31.9349 0
      vertex 67.2487 31.9349 1.8
    endloop
  endfacet
  facet normal 0.831566 0.555426 0
    outer loop
      vertex 67.2487 31.9349 0
      vertex 67.3722 31.75 1.8
      vertex 67.3722 31.75 0
    endloop
  endfacet
  facet normal 0 -1 0
    outer loop
      vertex 4 2.3 0
      vertex 65.9 2.3 1.8
      vertex 4 2.3 1.8
    endloop
  endfacet
  facet normal 0 -1 -0
    outer loop
      vertex 65.9 2.3 1.8
      vertex 4 2.3 0
      vertex 65.9 2.3 0
    endloop
  endfacet
  facet normal 0.195122 -0.980779 0
    outer loop
      vertex 66.1219 2.31454 0
      vertex 66.34 2.35793 1.8
      vertex 66.1219 2.31454 1.8
    endloop
  endfacet
  facet normal 0.195122 -0.980779 0
    outer loop
      vertex 66.34 2.35793 1.8
      vertex 66.1219 2.31454 0
      vertex 66.34 2.35793 0
    endloop
  endfacet
  facet normal 0.751908 0.659268 0
    outer loop
      vertex 67.2487 31.9349 1.8
      vertex 67.1021 32.1021 0
      vertex 67.1021 32.1021 1.8
    endloop
  endfacet
  facet normal 0.751908 0.659268 0
    outer loop
      vertex 67.1021 32.1021 0
      vertex 67.2487 31.9349 1.8
      vertex 67.2487 31.9349 0
    endloop
  endfacet
  facet normal 0 0 -1
    outer loop
      vertex 66.3 4 0
      vertex 67.6 4 0
      vertex 67.5855 3.7781 0
    endloop
  endfacet
  facet normal 0 0 -1
    outer loop
      vertex 67.6 4 0
      vertex 66.3 4 0
      vertex 67.6 30.9 0
    endloop
  endfacet
  facet normal 0 0 -1
    outer loop
      vertex 66.2966 3.94779 0
      vertex 67.5855 3.7781 0
      vertex 67.5421 3.56001 0
    endloop
  endfacet
  facet normal 0 0 -1
    outer loop
      vertex 66.3 30.9 0
      vertex 67.6 30.9 0
      vertex 66.3 4 0
    endloop
  endfacet
  facet normal 0 0 -1
    outer loop
      vertex 66.2864 3.89647 0
      vertex 67.5421 3.56001 0
      vertex 67.4706 3.34944 0
    endloop
  endfacet
  facet normal 0 0 -1
    outer loop
      vertex 67.6 30.9 0
      vertex 66.3 30.9 0
      vertex 67.5855 31.1219 0
    endloop
  endfacet
  facet normal 0 0 -1
    outer loop
      vertex 66.2695 3.84693 0
      vertex 67.4706 3.34944 0
      vertex 67.3722 3.15 0
    endloop
  endfacet
  facet normal 0 0 -1
    outer loop
      vertex 66.2966 30.9522 0
      vertex 67.5855 31.1219 0
      vertex 66.3 30.9 0
    endloop
  endfacet
  facet normal 0 0 -1
    outer loop
      vertex 66.2464 3.8 0
      vertex 67.3722 3.15 0
      vertex 67.2487 2.9651 0
    endloop
  endfacet
  facet normal -0 0 -1
    outer loop
      vertex 67.5855 31.1219 0
      vertex 66.2966 30.9522 0
      vertex 67.5421 31.34 0
    endloop
  endfacet
  facet normal 0 0 -1
    outer loop
      vertex 66.2173 3.75649 0
      vertex 67.2487 2.9651 0
      vertex 67.1021 2.79792 0
    endloop
  endfacet
  facet normal 0 0 -1
    outer loop
      vertex 66.2864 31.0035 0
      vertex 67.5421 31.34 0
      vertex 66.2966 30.9522 0
    endloop
  endfacet
  facet normal 0 0 -1
    outer loop
      vertex 66.1828 3.71716 0
      vertex 67.1021 2.79792 0
      vertex 66.9349 2.6513 0
    endloop
  endfacet
  facet normal -0 0 -1
    outer loop
      vertex 67.5421 31.34 0
      vertex 66.2864 31.0035 0
      vertex 67.4706 31.5506 0
    endloop
  endfacet
  facet normal 0 0 -1
    outer loop
      vertex 66.1435 3.68266 0
      vertex 66.9349 2.6513 0
      vertex 66.75 2.52776 0
    endloop
  endfacet
  facet normal 0 0 -1
    outer loop
      vertex 66.2695 31.0531 0
      vertex 67.4706 31.5506 0
      vertex 66.2864 31.0035 0
    endloop
  endfacet
  facet normal 0 0 -1
    outer loop
      vertex 66.1 3.65359 0
      vertex 66.75 2.52776 0
      vertex 66.5506 2.4294 0
    endloop
  endfacet
  facet normal -0 0 -1
    outer loop
      vertex 67.4706 31.5506 0
      vertex 66.2695 31.0531 0
      vertex 67.3722 31.75 0
    endloop
  endfacet
  facet normal 0 0 -1
    outer loop
      vertex 66.0531 3.63045 0
      vertex 66.5506 2.4294 0
      vertex 66.34 2.35793 0
    endloop
  endfacet
  facet normal 0 0 -1
    outer loop
      vertex 66.2464 31.1 0
      vertex 67.3722 31.75 0
      vertex 66.2695 31.0531 0
    endloop
  endfacet
  facet normal -0 0 -1
    outer loop
      vertex 67.3722 31.75 0
      vertex 66.2464 31.1 0
      vertex 67.2487 31.9349 0
    endloop
  endfacet
  facet normal 0 0 -1
    outer loop
      vertex 67.5855 3.7781 0
      vertex 66.2966 3.94779 0
      vertex 66.3 4 0
    endloop
  endfacet
  facet normal 0 0 -1
    outer loop
      vertex 67.5421 3.56001 0
      vertex 66.2864 3.89647 0
      vertex 66.2966 3.94779 0
    endloop
  endfacet
  facet normal 0 0 -1
    outer loop
      vertex 67.4706 3.34944 0
      vertex 66.2695 3.84693 0
      vertex 66.2864 3.89647 0
    endloop
  endfacet
  facet normal 0 0 -1
    outer loop
      vertex 67.3722 3.15 0
      vertex 66.2464 3.8 0
      vertex 66.2695 3.84693 0
    endloop
  endfacet
  facet normal 0 0 -1
    outer loop
      vertex 67.2487 2.9651 0
      vertex 66.2173 3.75649 0
      vertex 66.2464 3.8 0
    endloop
  endfacet
  facet normal 0 0 -1
    outer loop
      vertex 67.1021 2.79792 0
      vertex 66.1828 3.71716 0
      vertex 66.2173 3.75649 0
    endloop
  endfacet
  facet normal 0 0 -1
    outer loop
      vertex 66.9349 2.6513 0
      vertex 66.1435 3.68266 0
      vertex 66.1828 3.71716 0
    endloop
  endfacet
  facet normal 0 0 -1
    outer loop
      vertex 66.0035 3.61363 0
      vertex 66.34 2.35793 0
      vertex 66.1219 2.31454 0
    endloop
  endfacet
  facet normal 0 0 -1
    outer loop
      vertex 66.75 2.52776 0
      vertex 66.1 3.65359 0
      vertex 66.1435 3.68266 0
    endloop
  endfacet
  facet normal 0 0 -1
    outer loop
      vertex 66.5506 2.4294 0
      vertex 66.0531 3.63045 0
      vertex 66.1 3.65359 0
    endloop
  endfacet
  facet normal 0 0 -1
    outer loop
      vertex 66.34 2.35793 0
      vertex 66.0035 3.61363 0
      vertex 66.0531 3.63045 0
    endloop
  endfacet
  facet normal 0 0 -1
    outer loop
      vertex 66.1219 2.31454 0
      vertex 65.9522 3.60342 0
      vertex 66.0035 3.61363 0
    endloop
  endfacet
  facet normal 0 0 -1
    outer loop
      vertex 65.9 2.3 0
      vertex 65.9522 3.60342 0
      vertex 66.1219 2.31454 0
    endloop
  endfacet
  facet normal 0 0 -1
    outer loop
      vertex 65.9 2.3 0
      vertex 65.9 3.6 0
      vertex 65.9522 3.60342 0
    endloop
  endfacet
  facet normal 0 0 -1
    outer loop
      vertex 4 2.3 0
      vertex 65.9 3.6 0
      vertex 65.9 2.3 0
    endloop
  endfacet
  facet normal 0 0 -1
    outer loop
      vertex 4 2.3 0
      vertex 4 3.6 0
      vertex 65.9 3.6 0
    endloop
  endfacet
  facet normal 0 0 -1
    outer loop
      vertex 4 2.3 0
      vertex 3.94779 3.60342 0
      vertex 4 3.6 0
    endloop
  endfacet
  facet normal 0 0 -1
    outer loop
      vertex 3.7781 2.31454 0
      vertex 3.94779 3.60342 0
      vertex 4 2.3 0
    endloop
  endfacet
  facet normal -0 0 -1
    outer loop
      vertex 3.94779 3.60342 0
      vertex 3.7781 2.31454 0
      vertex 3.89647 3.61363 0
    endloop
  endfacet
  facet normal 0 0 -1
    outer loop
      vertex 3.56001 2.35793 0
      vertex 3.89647 3.61363 0
      vertex 3.7781 2.31454 0
    endloop
  endfacet
  facet normal -0 0 -1
    outer loop
      vertex 3.89647 3.61363 0
      vertex 3.56001 2.35793 0
      vertex 3.84693 3.63045 0
    endloop
  endfacet
  facet normal 0 0 -1
    outer loop
      vertex 3.34944 2.4294 0
      vertex 3.84693 3.63045 0
      vertex 3.56001 2.35793 0
    endloop
  endfacet
  facet normal -0 0 -1
    outer loop
      vertex 3.84693 3.63045 0
      vertex 3.34944 2.4294 0
      vertex 3.8 3.65359 0
    endloop
  endfacet
  facet normal 0 0 -1
    outer loop
      vertex 3.15 2.52776 0
      vertex 3.8 3.65359 0
      vertex 3.34944 2.4294 0
    endloop
  endfacet
  facet normal -0 0 -1
    outer loop
      vertex 3.8 3.65359 0
      vertex 3.15 2.52776 0
      vertex 3.75649 3.68266 0
    endloop
  endfacet
  facet normal 0 0 -1
    outer loop
      vertex 2.9651 2.6513 0
      vertex 3.75649 3.68266 0
      vertex 3.15 2.52776 0
    endloop
  endfacet
  facet normal -0 0 -1
    outer loop
      vertex 3.75649 3.68266 0
      vertex 2.9651 2.6513 0
      vertex 3.71716 3.71716 0
    endloop
  endfacet
  facet normal 0 0 -1
    outer loop
      vertex 2.79792 2.79792 0
      vertex 3.71716 3.71716 0
      vertex 2.9651 2.6513 0
    endloop
  endfacet
  facet normal -0 0 -1
    outer loop
      vertex 3.68266 3.75649 0
      vertex 2.6513 2.9651 0
      vertex 3.65359 3.8 0
    endloop
  endfacet
  facet normal 0 0 -1
    outer loop
      vertex 2.6513 2.9651 0
      vertex 3.68266 3.75649 0
      vertex 2.79792 2.79792 0
    endloop
  endfacet
  facet normal -0 0 -1
    outer loop
      vertex 3.71716 3.71716 0
      vertex 2.79792 2.79792 0
      vertex 3.68266 3.75649 0
    endloop
  endfacet
  facet normal 0 0 -1
    outer loop
      vertex 66.2173 31.1435 0
      vertex 67.2487 31.9349 0
      vertex 66.2464 31.1 0
    endloop
  endfacet
  facet normal -0 0 -1
    outer loop
      vertex 67.2487 31.9349 0
      vertex 66.2173 31.1435 0
      vertex 67.1021 32.1021 0
    endloop
  endfacet
  facet normal 0 0 -1
    outer loop
      vertex 66.1828 31.1828 0
      vertex 67.1021 32.1021 0
      vertex 66.2173 31.1435 0
    endloop
  endfacet
  facet normal -0 0 -1
    outer loop
      vertex 67.1021 32.1021 0
      vertex 66.1828 31.1828 0
      vertex 66.9349 32.2487 0
    endloop
  endfacet
  facet normal 0 0 -1
    outer loop
      vertex 66.1435 31.2173 0
      vertex 66.9349 32.2487 0
      vertex 66.1828 31.1828 0
    endloop
  endfacet
  facet normal -0 0 -1
    outer loop
      vertex 66.9349 32.2487 0
      vertex 66.1435 31.2173 0
      vertex 66.75 32.3722 0
    endloop
  endfacet
  facet normal 0 0 -1
    outer loop
      vertex 66.1 31.2464 0
      vertex 66.75 32.3722 0
      vertex 66.1435 31.2173 0
    endloop
  endfacet
  facet normal -0 0 -1
    outer loop
      vertex 66.75 32.3722 0
      vertex 66.1 31.2464 0
      vertex 66.5506 32.4706 0
    endloop
  endfacet
  facet normal 0 0 -1
    outer loop
      vertex 66.0531 31.2696 0
      vertex 66.5506 32.4706 0
      vertex 66.1 31.2464 0
    endloop
  endfacet
  facet normal -0 0 -1
    outer loop
      vertex 66.5506 32.4706 0
      vertex 66.0531 31.2696 0
      vertex 66.34 32.5421 0
    endloop
  endfacet
  facet normal 0 0 -1
    outer loop
      vertex 66.0035 31.2864 0
      vertex 66.34 32.5421 0
      vertex 66.0531 31.2696 0
    endloop
  endfacet
  facet normal -0 0 -1
    outer loop
      vertex 66.34 32.5421 0
      vertex 66.0035 31.2864 0
      vertex 66.1219 32.5855 0
    endloop
  endfacet
  facet normal 0 0 -1
    outer loop
      vertex 65.9522 31.2966 0
      vertex 66.1219 32.5855 0
      vertex 66.0035 31.2864 0
    endloop
  endfacet
  facet normal 0 0 -1
    outer loop
      vertex 65.9 31.3 0
      vertex 66.1219 32.5855 0
      vertex 65.9522 31.2966 0
    endloop
  endfacet
  facet normal 0 0 -1
    outer loop
      vertex 65.9 31.3 0
      vertex 65.9 32.6 0
      vertex 66.1219 32.5855 0
    endloop
  endfacet
  facet normal 0 0 -1
    outer loop
      vertex 61.1 31.3 0
      vertex 65.9 32.6 0
      vertex 65.9 31.3 0
    endloop
  endfacet
  facet normal -0 0 -1
    outer loop
      vertex 65.9 32.6 0
      vertex 61.1 31.3 0
      vertex 61.1 32.6 0
    endloop
  endfacet
  facet normal 0 0 -1
    outer loop
      vertex 8.7 31.3 0
      vertex 4 32.6 0
      vertex 8.7 32.6 0
    endloop
  endfacet
  facet normal 0 0 -1
    outer loop
      vertex 4 31.3 0
      vertex 4 32.6 0
      vertex 8.7 31.3 0
    endloop
  endfacet
  facet normal 0 0 -1
    outer loop
      vertex 3.94779 31.2966 0
      vertex 4 32.6 0
      vertex 4 31.3 0
    endloop
  endfacet
  facet normal 0 0 -1
    outer loop
      vertex 3.7781 32.5855 0
      vertex 3.94779 31.2966 0
      vertex 3.89647 31.2864 0
    endloop
  endfacet
  facet normal 0 0 -1
    outer loop
      vertex 3.56001 32.5421 0
      vertex 3.89647 31.2864 0
      vertex 3.84693 31.2696 0
    endloop
  endfacet
  facet normal 0 0 -1
    outer loop
      vertex 3.34944 32.4706 0
      vertex 3.84693 31.2696 0
      vertex 3.8 31.2464 0
    endloop
  endfacet
  facet normal 0 0 -1
    outer loop
      vertex 3.94779 31.2966 0
      vertex 3.7781 32.5855 0
      vertex 4 32.6 0
    endloop
  endfacet
  facet normal 0 0 -1
    outer loop
      vertex 3.15 32.3722 0
      vertex 3.8 31.2464 0
      vertex 3.75649 31.2173 0
    endloop
  endfacet
  facet normal 0 0 -1
    outer loop
      vertex 2.9651 32.2487 0
      vertex 3.75649 31.2173 0
      vertex 3.71716 31.1828 0
    endloop
  endfacet
  facet normal 0 0 -1
    outer loop
      vertex 2.79792 32.1021 0
      vertex 3.71716 31.1828 0
      vertex 3.68266 31.1435 0
    endloop
  endfacet
  facet normal 0 0 -1
    outer loop
      vertex 2.6513 31.9349 0
      vertex 3.68266 31.1435 0
      vertex 3.65359 31.1 0
    endloop
  endfacet
  facet normal 0 0 -1
    outer loop
      vertex 2.52776 31.75 0
      vertex 3.65359 31.1 0
      vertex 3.63045 31.0531 0
    endloop
  endfacet
  facet normal 0 0 -1
    outer loop
      vertex 2.4294 31.5506 0
      vertex 3.63045 31.0531 0
      vertex 3.61363 31.0035 0
    endloop
  endfacet
  facet normal 0 0 -1
    outer loop
      vertex 2.35793 31.34 0
      vertex 3.61363 31.0035 0
      vertex 3.60342 30.9522 0
    endloop
  endfacet
  facet normal 0 0 -1
    outer loop
      vertex 3.89647 31.2864 0
      vertex 3.56001 32.5421 0
      vertex 3.7781 32.5855 0
    endloop
  endfacet
  facet normal 0 0 -1
    outer loop
      vertex 2.31454 31.1219 0
      vertex 3.60342 30.9522 0
      vertex 3.6 30.9 0
    endloop
  endfacet
  facet normal 0 0 -1
    outer loop
      vertex 3.6 4 0
      vertex 2.3 4 0
      vertex 3.6 30.9 0
    endloop
  endfacet
  facet normal 0 0 -1
    outer loop
      vertex 2.52776 3.15 0
      vertex 3.65359 3.8 0
      vertex 2.6513 2.9651 0
    endloop
  endfacet
  facet normal 0 0 -1
    outer loop
      vertex 2.3 30.9 0
      vertex 3.6 30.9 0
      vertex 2.3 4 0
    endloop
  endfacet
  facet normal -0 0 -1
    outer loop
      vertex 3.65359 3.8 0
      vertex 2.52776 3.15 0
      vertex 3.63045 3.84693 0
    endloop
  endfacet
  facet normal 0 -0 -1
    outer loop
      vertex 2.31454 31.1219 0
      vertex 3.6 30.9 0
      vertex 2.3 30.9 0
    endloop
  endfacet
  facet normal 0 0 -1
    outer loop
      vertex 2.4294 3.34944 0
      vertex 3.63045 3.84693 0
      vertex 2.52776 3.15 0
    endloop
  endfacet
  facet normal 0 0 -1
    outer loop
      vertex 3.84693 31.2696 0
      vertex 3.34944 32.4706 0
      vertex 3.56001 32.5421 0
    endloop
  endfacet
  facet normal -0 0 -1
    outer loop
      vertex 3.63045 3.84693 0
      vertex 2.4294 3.34944 0
      vertex 3.61363 3.89647 0
    endloop
  endfacet
  facet normal 0 0 -1
    outer loop
      vertex 3.8 31.2464 0
      vertex 3.15 32.3722 0
      vertex 3.34944 32.4706 0
    endloop
  endfacet
  facet normal 0 0 -1
    outer loop
      vertex 2.35793 3.56001 0
      vertex 3.61363 3.89647 0
      vertex 2.4294 3.34944 0
    endloop
  endfacet
  facet normal 0 0 -1
    outer loop
      vertex 3.75649 31.2173 0
      vertex 2.9651 32.2487 0
      vertex 3.15 32.3722 0
    endloop
  endfacet
  facet normal -0 0 -1
    outer loop
      vertex 3.61363 3.89647 0
      vertex 2.35793 3.56001 0
      vertex 3.60342 3.94779 0
    endloop
  endfacet
  facet normal 0 0 -1
    outer loop
      vertex 3.71716 31.1828 0
      vertex 2.79792 32.1021 0
      vertex 2.9651 32.2487 0
    endloop
  endfacet
  facet normal 0 0 -1
    outer loop
      vertex 2.31454 3.7781 0
      vertex 3.60342 3.94779 0
      vertex 2.35793 3.56001 0
    endloop
  endfacet
  facet normal 0 0 -1
    outer loop
      vertex 3.68266 31.1435 0
      vertex 2.6513 31.9349 0
      vertex 2.79792 32.1021 0
    endloop
  endfacet
  facet normal -0 0 -1
    outer loop
      vertex 3.60342 3.94779 0
      vertex 2.31454 3.7781 0
      vertex 3.6 4 0
    endloop
  endfacet
  facet normal 0 0 -1
    outer loop
      vertex 3.65359 31.1 0
      vertex 2.52776 31.75 0
      vertex 2.6513 31.9349 0
    endloop
  endfacet
  facet normal -0 0 -1
    outer loop
      vertex 3.6 4 0
      vertex 2.31454 3.7781 0
      vertex 2.3 4 0
    endloop
  endfacet
  facet normal 0 0 -1
    outer loop
      vertex 3.63045 31.0531 0
      vertex 2.4294 31.5506 0
      vertex 2.52776 31.75 0
    endloop
  endfacet
  facet normal 0 0 -1
    outer loop
      vertex 3.61363 31.0035 0
      vertex 2.35793 31.34 0
      vertex 2.4294 31.5506 0
    endloop
  endfacet
  facet normal 0 0 -1
    outer loop
      vertex 3.60342 30.9522 0
      vertex 2.31454 31.1219 0
      vertex 2.35793 31.34 0
    endloop
  endfacet
  facet normal -0.0653848 -0.99786 0
    outer loop
      vertex 3.7781 2.31454 0
      vertex 4 2.3 1.8
      vertex 3.7781 2.31454 1.8
    endloop
  endfacet
  facet normal -0.0653848 -0.99786 -0
    outer loop
      vertex 4 2.3 1.8
      vertex 3.7781 2.31454 0
      vertex 4 2.3 0
    endloop
  endfacet
  facet normal 0.321484 0.946915 -0
    outer loop
      vertex 66.5506 32.4706 0
      vertex 66.34 32.5421 1.8
      vertex 66.5506 32.4706 1.8
    endloop
  endfacet
  facet normal 0.321484 0.946915 0
    outer loop
      vertex 66.34 32.5421 1.8
      vertex 66.5506 32.4706 0
      vertex 66.34 32.5421 0
    endloop
  endfacet
  facet normal 0.997872 -0.0652057 0
    outer loop
      vertex 67.5855 3.7781 1.8
      vertex 67.6 4 0
      vertex 67.6 4 1.8
    endloop
  endfacet
  facet normal 0.997872 -0.0652057 0
    outer loop
      vertex 67.6 4 0
      vertex 67.5855 3.7781 1.8
      vertex 67.5855 3.7781 0
    endloop
  endfacet
  facet normal 0.946915 0.321484 0
    outer loop
      vertex 67.5421 31.34 1.8
      vertex 67.4706 31.5506 0
      vertex 67.4706 31.5506 1.8
    endloop
  endfacet
  facet normal 0.946915 0.321484 0
    outer loop
      vertex 67.4706 31.5506 0
      vertex 67.5421 31.34 1.8
      vertex 67.5421 31.34 0
    endloop
  endfacet
  facet normal -0.195173 0.980769 0
    outer loop
      vertex 3.7781 32.5855 0
      vertex 3.56001 32.5421 1.8
      vertex 3.7781 32.5855 1.8
    endloop
  endfacet
  facet normal -0.195173 0.980769 0
    outer loop
      vertex 3.56001 32.5421 1.8
      vertex 3.7781 32.5855 0
      vertex 3.56001 32.5421 0
    endloop
  endfacet
  facet normal 0.555426 0.831566 -0
    outer loop
      vertex 66.9349 32.2487 0
      vertex 66.75 32.3722 1.8
      vertex 66.9349 32.2487 1.8
    endloop
  endfacet
  facet normal 0.555426 0.831566 0
    outer loop
      vertex 66.75 32.3722 1.8
      vertex 66.9349 32.2487 0
      vertex 66.75 32.3722 0
    endloop
  endfacet
  facet normal -0.831483 -0.555551 0
    outer loop
      vertex 2.6513 2.9651 0
      vertex 2.52776 3.15 1.8
      vertex 2.52776 3.15 0
    endloop
  endfacet
  facet normal -0.831483 -0.555551 0
    outer loop
      vertex 2.52776 3.15 1.8
      vertex 2.6513 2.9651 0
      vertex 2.6513 2.9651 1.8
    endloop
  endfacet
  facet normal -0.555551 -0.831483 0
    outer loop
      vertex 2.9651 2.6513 0
      vertex 3.15 2.52776 1.8
      vertex 2.9651 2.6513 1.8
    endloop
  endfacet
  facet normal -0.555551 -0.831483 -0
    outer loop
      vertex 3.15 2.52776 1.8
      vertex 2.9651 2.6513 0
      vertex 3.15 2.52776 0
    endloop
  endfacet
  facet normal 0.659319 -0.751863 0
    outer loop
      vertex 66.9349 2.6513 0
      vertex 67.1021 2.79792 1.8
      vertex 66.9349 2.6513 1.8
    endloop
  endfacet
  facet normal 0.659319 -0.751863 0
    outer loop
      vertex 67.1021 2.79792 1.8
      vertex 66.9349 2.6513 0
      vertex 67.1021 2.79792 0
    endloop
  endfacet
  facet normal 0.980769 -0.195173 0
    outer loop
      vertex 67.5421 3.56001 1.8
      vertex 67.5855 3.7781 0
      vertex 67.5855 3.7781 1.8
    endloop
  endfacet
  facet normal 0.980769 -0.195173 0
    outer loop
      vertex 67.5855 3.7781 0
      vertex 67.5421 3.56001 1.8
      vertex 67.5421 3.56001 0
    endloop
  endfacet
  facet normal -0.980779 0.195122 0
    outer loop
      vertex 2.31454 31.1219 0
      vertex 2.35793 31.34 1.8
      vertex 2.35793 31.34 0
    endloop
  endfacet
  facet normal -0.980779 0.195122 0
    outer loop
      vertex 2.35793 31.34 1.8
      vertex 2.31454 31.1219 0
      vertex 2.31454 31.1219 1.8
    endloop
  endfacet
  facet normal 0.0653848 -0.99786 0
    outer loop
      vertex 65.9 2.3 0
      vertex 66.1219 2.31454 1.8
      vertex 65.9 2.3 1.8
    endloop
  endfacet
  facet normal 0.0653848 -0.99786 0
    outer loop
      vertex 66.1219 2.31454 1.8
      vertex 65.9 2.3 0
      vertex 66.1219 2.31454 0
    endloop
  endfacet
  facet normal 0.98077 0.195165 0
    outer loop
      vertex 67.5855 31.1219 1.8
      vertex 67.5421 31.34 0
      vertex 67.5421 31.34 1.8
    endloop
  endfacet
  facet normal 0.98077 0.195165 0
    outer loop
      vertex 67.5421 31.34 0
      vertex 67.5855 31.1219 1.8
      vertex 67.5855 31.1219 0
    endloop
  endfacet
  facet normal -0.0652057 0.997872 0
    outer loop
      vertex 4 32.6 0
      vertex 3.7781 32.5855 1.8
      vertex 4 32.6 1.8
    endloop
  endfacet
  facet normal -0.0652057 0.997872 0
    outer loop
      vertex 3.7781 32.5855 1.8
      vertex 4 32.6 0
      vertex 3.7781 32.5855 0
    endloop
  endfacet
  facet normal 0.659268 0.751908 -0
    outer loop
      vertex 67.1021 32.1021 0
      vertex 66.9349 32.2487 1.8
      vertex 67.1021 32.1021 1.8
    endloop
  endfacet
  facet normal 0.659268 0.751908 0
    outer loop
      vertex 66.9349 32.2487 1.8
      vertex 67.1021 32.1021 0
      vertex 66.9349 32.2487 0
    endloop
  endfacet
  facet normal -0.980777 -0.19513 0
    outer loop
      vertex 2.35793 3.56001 0
      vertex 2.31454 3.7781 1.8
      vertex 2.31454 3.7781 0
    endloop
  endfacet
  facet normal -0.980777 -0.19513 0
    outer loop
      vertex 2.31454 3.7781 1.8
      vertex 2.35793 3.56001 0
      vertex 2.35793 3.56001 1.8
    endloop
  endfacet
  facet normal 0.831566 -0.555426 0
    outer loop
      vertex 67.2487 2.9651 1.8
      vertex 67.3722 3.15 0
      vertex 67.3722 3.15 1.8
    endloop
  endfacet
  facet normal 0.831566 -0.555426 0
    outer loop
      vertex 67.3722 3.15 0
      vertex 67.2487 2.9651 1.8
      vertex 67.2487 2.9651 0
    endloop
  endfacet
  facet normal -0.442459 0.896789 0
    outer loop
      vertex 3.34944 32.4706 0
      vertex 3.15 32.3722 1.8
      vertex 3.34944 32.4706 1.8
    endloop
  endfacet
  facet normal -0.442459 0.896789 0
    outer loop
      vertex 3.15 32.3722 1.8
      vertex 3.34944 32.4706 0
      vertex 3.15 32.3722 0
    endloop
  endfacet
  facet normal -0.946942 -0.321404 0
    outer loop
      vertex 2.4294 3.34944 0
      vertex 2.35793 3.56001 1.8
      vertex 2.35793 3.56001 0
    endloop
  endfacet
  facet normal -0.946942 -0.321404 0
    outer loop
      vertex 2.35793 3.56001 1.8
      vertex 2.4294 3.34944 0
      vertex 2.4294 3.34944 1.8
    endloop
  endfacet
  facet normal 0.946901 -0.321525 0
    outer loop
      vertex 67.4706 3.34944 1.8
      vertex 67.5421 3.56001 0
      vertex 67.5421 3.56001 1.8
    endloop
  endfacet
  facet normal 0.946901 -0.321525 0
    outer loop
      vertex 67.5421 3.56001 0
      vertex 67.4706 3.34944 1.8
      vertex 67.4706 3.34944 0
    endloop
  endfacet
  facet normal -0.89686 -0.442314 0
    outer loop
      vertex 2.52776 3.15 0
      vertex 2.4294 3.34944 1.8
      vertex 2.4294 3.34944 0
    endloop
  endfacet
  facet normal -0.89686 -0.442314 0
    outer loop
      vertex 2.4294 3.34944 1.8
      vertex 2.52776 3.15 0
      vertex 2.52776 3.15 1.8
    endloop
  endfacet
  facet normal -0.19513 -0.980777 0
    outer loop
      vertex 3.56001 2.35793 0
      vertex 3.7781 2.31454 1.8
      vertex 3.56001 2.35793 1.8
    endloop
  endfacet
  facet normal -0.19513 -0.980777 -0
    outer loop
      vertex 3.7781 2.31454 1.8
      vertex 3.56001 2.35793 0
      vertex 3.7781 2.31454 0
    endloop
  endfacet
  facet normal 0.555551 -0.831483 0
    outer loop
      vertex 66.75 2.52776 0
      vertex 66.9349 2.6513 1.8
      vertex 66.75 2.52776 1.8
    endloop
  endfacet
  facet normal 0.555551 -0.831483 0
    outer loop
      vertex 66.9349 2.6513 1.8
      vertex 66.75 2.52776 0
      vertex 66.9349 2.6513 0
    endloop
  endfacet
  facet normal -0.442314 -0.89686 0
    outer loop
      vertex 3.15 2.52776 0
      vertex 3.34944 2.4294 1.8
      vertex 3.15 2.52776 1.8
    endloop
  endfacet
  facet normal -0.442314 -0.89686 -0
    outer loop
      vertex 3.34944 2.4294 1.8
      vertex 3.15 2.52776 0
      vertex 3.34944 2.4294 0
    endloop
  endfacet
  facet normal -0.946956 0.321363 0
    outer loop
      vertex 2.35793 31.34 0
      vertex 2.4294 31.5506 1.8
      vertex 2.4294 31.5506 0
    endloop
  endfacet
  facet normal -0.946956 0.321363 0
    outer loop
      vertex 2.4294 31.5506 1.8
      vertex 2.35793 31.34 0
      vertex 2.35793 31.34 1.8
    endloop
  endfacet
  facet normal 0.0652057 0.997872 -0
    outer loop
      vertex 66.1219 32.5855 0
      vertex 65.9 32.6 1.8
      vertex 66.1219 32.5855 1.8
    endloop
  endfacet
  facet normal 0.0652057 0.997872 0
    outer loop
      vertex 65.9 32.6 1.8
      vertex 66.1219 32.5855 0
      vertex 65.9 32.6 0
    endloop
  endfacet
  facet normal 0.442386 -0.896825 0
    outer loop
      vertex 66.5506 2.4294 0
      vertex 66.75 2.52776 1.8
      vertex 66.5506 2.4294 1.8
    endloop
  endfacet
  facet normal 0.442386 -0.896825 0
    outer loop
      vertex 66.75 2.52776 1.8
      vertex 66.5506 2.4294 0
      vertex 66.75 2.52776 0
    endloop
  endfacet
  facet normal 0.44253 0.896754 -0
    outer loop
      vertex 66.75 32.3722 0
      vertex 66.5506 32.4706 1.8
      vertex 66.75 32.3722 1.8
    endloop
  endfacet
  facet normal 0.44253 0.896754 0
    outer loop
      vertex 66.5506 32.4706 1.8
      vertex 66.75 32.3722 0
      vertex 66.5506 32.4706 0
    endloop
  endfacet
  facet normal 0.195165 0.98077 -0
    outer loop
      vertex 66.34 32.5421 0
      vertex 66.1219 32.5855 1.8
      vertex 66.34 32.5421 1.8
    endloop
  endfacet
  facet normal 0.195165 0.98077 0
    outer loop
      vertex 66.1219 32.5855 1.8
      vertex 66.34 32.5421 0
      vertex 66.1219 32.5855 0
    endloop
  endfacet
  facet normal -0.751863 0.659319 0
    outer loop
      vertex 2.6513 31.9349 0
      vertex 2.79792 32.1021 1.8
      vertex 2.79792 32.1021 0
    endloop
  endfacet
  facet normal -0.751863 0.659319 0
    outer loop
      vertex 2.79792 32.1021 1.8
      vertex 2.6513 31.9349 0
      vertex 2.6513 31.9349 1.8
    endloop
  endfacet
  facet normal 0.751869 -0.659313 0
    outer loop
      vertex 67.1021 2.79792 1.8
      vertex 67.2487 2.9651 0
      vertex 67.2487 2.9651 1.8
    endloop
  endfacet
  facet normal 0.751869 -0.659313 0
    outer loop
      vertex 67.2487 2.9651 0
      vertex 67.1021 2.79792 1.8
      vertex 67.1021 2.79792 0
    endloop
  endfacet
  facet normal -0.99786 0.0653848 0
    outer loop
      vertex 2.3 30.9 0
      vertex 2.31454 31.1219 1.8
      vertex 2.31454 31.1219 0
    endloop
  endfacet
  facet normal -0.99786 0.0653848 0
    outer loop
      vertex 2.31454 31.1219 1.8
      vertex 2.3 30.9 0
      vertex 2.3 30.9 1.8
    endloop
  endfacet
  facet normal 0.896754 0.44253 0
    outer loop
      vertex 67.4706 31.5506 1.8
      vertex 67.3722 31.75 0
      vertex 67.3722 31.75 1.8
    endloop
  endfacet
  facet normal 0.896754 0.44253 0
    outer loop
      vertex 67.3722 31.75 0
      vertex 67.4706 31.5506 1.8
      vertex 67.4706 31.5506 0
    endloop
  endfacet
  facet normal -0.555426 0.831566 0
    outer loop
      vertex 3.15 32.3722 0
      vertex 2.9651 32.2487 1.8
      vertex 3.15 32.3722 1.8
    endloop
  endfacet
  facet normal -0.555426 0.831566 0
    outer loop
      vertex 2.9651 32.2487 1.8
      vertex 3.15 32.3722 0
      vertex 2.9651 32.2487 0
    endloop
  endfacet
  facet normal 0.997872 0.0652057 0
    outer loop
      vertex 67.6 30.9 1.8
      vertex 67.5855 31.1219 0
      vertex 67.5855 31.1219 1.8
    endloop
  endfacet
  facet normal 0.997872 0.0652057 0
    outer loop
      vertex 67.5855 31.1219 0
      vertex 67.6 30.9 1.8
      vertex 67.6 30.9 0
    endloop
  endfacet
  facet normal -0.896825 0.442386 0
    outer loop
      vertex 2.4294 31.5506 0
      vertex 2.52776 31.75 1.8
      vertex 2.52776 31.75 0
    endloop
  endfacet
  facet normal -0.896825 0.442386 0
    outer loop
      vertex 2.52776 31.75 1.8
      vertex 2.4294 31.5506 0
      vertex 2.4294 31.5506 1.8
    endloop
  endfacet
  facet normal -0.443387 -0.89633 0
    outer loop
      vertex 66.0531 31.2696 0
      vertex 66.1 31.2464 1.8
      vertex 66.0531 31.2696 1.8
    endloop
  endfacet
  facet normal -0.443387 -0.89633 -0
    outer loop
      vertex 66.1 31.2464 1.8
      vertex 66.0531 31.2696 0
      vertex 66.1 31.2464 0
    endloop
  endfacet
  facet normal 0 1 -0
    outer loop
      vertex 65.9 3.6 0
      vertex 4 3.6 1.8
      vertex 65.9 3.6 1.8
    endloop
  endfacet
  facet normal 0 1 0
    outer loop
      vertex 4 3.6 1.8
      vertex 65.9 3.6 0
      vertex 4 3.6 0
    endloop
  endfacet
  facet normal -0.831226 0.555934 0
    outer loop
      vertex 66.2173 3.75649 0
      vertex 66.2464 3.8 1.8
      vertex 66.2464 3.8 0
    endloop
  endfacet
  facet normal -0.831226 0.555934 0
    outer loop
      vertex 66.2464 3.8 1.8
      vertex 66.2173 3.75649 0
      vertex 66.2173 3.75649 1.8
    endloop
  endfacet
  facet normal -0.320807 -0.947145 0
    outer loop
      vertex 66.0035 31.2864 0
      vertex 66.0531 31.2696 1.8
      vertex 66.0035 31.2864 1.8
    endloop
  endfacet
  facet normal -0.320807 -0.947145 -0
    outer loop
      vertex 66.0531 31.2696 1.8
      vertex 66.0035 31.2864 0
      vertex 66.0531 31.2696 0
    endloop
  endfacet
  facet normal 0.442238 0.896898 -0
    outer loop
      vertex 3.84693 3.63045 0
      vertex 3.8 3.65359 1.8
      vertex 3.84693 3.63045 1.8
    endloop
  endfacet
  facet normal 0.442238 0.896898 0
    outer loop
      vertex 3.8 3.65359 1.8
      vertex 3.84693 3.63045 0
      vertex 3.8 3.65359 0
    endloop
  endfacet
  facet normal 0 -1 0
    outer loop
      vertex 4 31.3 0
      vertex 8.7 31.3 1.8
      vertex 4 31.3 1.8
    endloop
  endfacet
  facet normal 0 -1 -0
    outer loop
      vertex 8.7 31.3 1.8
      vertex 4 31.3 0
      vertex 8.7 31.3 0
    endloop
  endfacet
  facet normal 0 -1 0
    outer loop
      vertex 61.1 31.3 0
      vertex 65.9 31.3 1.8
      vertex 61.1 31.3 1.8
    endloop
  endfacet
  facet normal 0 -1 -0
    outer loop
      vertex 65.9 31.3 1.8
      vertex 61.1 31.3 0
      vertex 65.9 31.3 0
    endloop
  endfacet
  facet normal -0.556022 -0.831167 0
    outer loop
      vertex 66.1 31.2464 0
      vertex 66.1435 31.2173 1.8
      vertex 66.1 31.2464 1.8
    endloop
  endfacet
  facet normal -0.556022 -0.831167 -0
    outer loop
      vertex 66.1435 31.2173 1.8
      vertex 66.1 31.2464 0
      vertex 66.1435 31.2173 0
    endloop
  endfacet
  facet normal -0.659722 -0.75151 0
    outer loop
      vertex 66.1435 31.2173 0
      vertex 66.1828 31.1828 1.8
      vertex 66.1435 31.2173 1.8
    endloop
  endfacet
  facet normal -0.659722 -0.75151 -0
    outer loop
      vertex 66.1828 31.1828 1.8
      vertex 66.1435 31.2173 0
      vertex 66.1828 31.1828 0
    endloop
  endfacet
  facet normal 0.195124 0.980779 -0
    outer loop
      vertex 3.94779 3.60342 0
      vertex 3.89647 3.61363 1.8
      vertex 3.94779 3.60342 1.8
    endloop
  endfacet
  facet normal 0.195124 0.980779 0
    outer loop
      vertex 3.89647 3.61363 1.8
      vertex 3.94779 3.60342 0
      vertex 3.89647 3.61363 0
    endloop
  endfacet
  facet normal -0.75151 -0.659722 0
    outer loop
      vertex 66.2173 31.1435 0
      vertex 66.1828 31.1828 1.8
      vertex 66.1828 31.1828 0
    endloop
  endfacet
  facet normal -0.75151 -0.659722 0
    outer loop
      vertex 66.1828 31.1828 1.8
      vertex 66.2173 31.1435 0
      vertex 66.2173 31.1435 1.8
    endloop
  endfacet
  facet normal -0.946444 0.322868 0
    outer loop
      vertex 66.2695 3.84693 0
      vertex 66.2864 3.89647 1.8
      vertex 66.2864 3.89647 0
    endloop
  endfacet
  facet normal -0.946444 0.322868 0
    outer loop
      vertex 66.2864 3.89647 1.8
      vertex 66.2695 3.84693 0
      vertex 66.2695 3.84693 1.8
    endloop
  endfacet
  facet normal -1 0 0
    outer loop
      vertex 66.3 4 0
      vertex 66.3 30.9 1.8
      vertex 66.3 30.9 0
    endloop
  endfacet
  facet normal -1 -0 0
    outer loop
      vertex 66.3 30.9 1.8
      vertex 66.3 4 0
      vertex 66.3 4 1.8
    endloop
  endfacet
  facet normal 0.555538 0.831491 -0
    outer loop
      vertex 3.8 3.65359 0
      vertex 3.75649 3.68266 1.8
      vertex 3.8 3.65359 1.8
    endloop
  endfacet
  facet normal 0.555538 0.831491 0
    outer loop
      vertex 3.75649 3.68266 1.8
      vertex 3.8 3.65359 0
      vertex 3.75649 3.68266 0
    endloop
  endfacet
  facet normal 0.896786 -0.442465 0
    outer loop
      vertex 3.63045 31.0531 1.8
      vertex 3.65359 31.1 0
      vertex 3.65359 31.1 1.8
    endloop
  endfacet
  facet normal 0.896786 -0.442465 0
    outer loop
      vertex 3.65359 31.1 0
      vertex 3.63045 31.0531 1.8
      vertex 3.63045 31.0531 0
    endloop
  endfacet
  facet normal 0.75151 -0.659722 0
    outer loop
      vertex 3.68266 31.1435 1.8
      vertex 3.71716 31.1828 0
      vertex 3.71716 31.1828 1.8
    endloop
  endfacet
  facet normal 0.75151 -0.659722 0
    outer loop
      vertex 3.71716 31.1828 0
      vertex 3.68266 31.1435 1.8
      vertex 3.68266 31.1435 0
    endloop
  endfacet
  facet normal 1 -0 0
    outer loop
      vertex 3.6 4 1.8
      vertex 3.6 30.9 0
      vertex 3.6 30.9 1.8
    endloop
  endfacet
  facet normal 1 0 0
    outer loop
      vertex 3.6 30.9 0
      vertex 3.6 4 1.8
      vertex 3.6 4 0
    endloop
  endfacet
  facet normal 0.947028 -0.32115 0
    outer loop
      vertex 3.61363 31.0035 1.8
      vertex 3.63045 31.0531 0
      vertex 3.63045 31.0531 1.8
    endloop
  endfacet
  facet normal 0.947028 -0.32115 0
    outer loop
      vertex 3.63045 31.0531 0
      vertex 3.61363 31.0035 1.8
      vertex 3.61363 31.0035 0
    endloop
  endfacet
  facet normal -0.442465 0.896786 0
    outer loop
      vertex 66.1 3.65359 0
      vertex 66.0531 3.63045 1.8
      vertex 66.1 3.65359 1.8
    endloop
  endfacet
  facet normal -0.442465 0.896786 0
    outer loop
      vertex 66.0531 3.63045 1.8
      vertex 66.1 3.65359 0
      vertex 66.0531 3.63045 0
    endloop
  endfacet
  facet normal -0.659722 0.75151 0
    outer loop
      vertex 66.1828 3.71716 0
      vertex 66.1435 3.68266 1.8
      vertex 66.1828 3.71716 1.8
    endloop
  endfacet
  facet normal -0.659722 0.75151 0
    outer loop
      vertex 66.1435 3.68266 1.8
      vertex 66.1828 3.71716 0
      vertex 66.1435 3.68266 0
    endloop
  endfacet
  facet normal -0.32115 0.947028 0
    outer loop
      vertex 66.0531 3.63045 0
      vertex 66.0035 3.61363 1.8
      vertex 66.0531 3.63045 1.8
    endloop
  endfacet
  facet normal -0.32115 0.947028 0
    outer loop
      vertex 66.0035 3.61363 1.8
      vertex 66.0531 3.63045 0
      vertex 66.0035 3.61363 0
    endloop
  endfacet
  facet normal 0.555934 -0.831226 0
    outer loop
      vertex 3.75649 31.2173 0
      vertex 3.8 31.2464 1.8
      vertex 3.75649 31.2173 1.8
    endloop
  endfacet
  facet normal 0.555934 -0.831226 0
    outer loop
      vertex 3.8 31.2464 1.8
      vertex 3.75649 31.2173 0
      vertex 3.8 31.2464 0
    endloop
  endfacet
  facet normal -0.997886 0.064984 0
    outer loop
      vertex 66.2966 3.94779 0
      vertex 66.3 4 1.8
      vertex 66.3 4 0
    endloop
  endfacet
  facet normal -0.997886 0.064984 0
    outer loop
      vertex 66.3 4 1.8
      vertex 66.2966 3.94779 0
      vertex 66.2966 3.94779 1.8
    endloop
  endfacet
  facet normal -0.555626 0.831432 0
    outer loop
      vertex 66.1435 3.68266 0
      vertex 66.1 3.65359 1.8
      vertex 66.1435 3.68266 1.8
    endloop
  endfacet
  facet normal -0.555626 0.831432 0
    outer loop
      vertex 66.1 3.65359 1.8
      vertex 66.1435 3.68266 0
      vertex 66.1 3.65359 0
    endloop
  endfacet
  facet normal 0.064984 -0.997886 0
    outer loop
      vertex 3.94779 31.2966 0
      vertex 4 31.3 1.8
      vertex 3.94779 31.2966 1.8
    endloop
  endfacet
  facet normal 0.064984 -0.997886 0
    outer loop
      vertex 4 31.3 1.8
      vertex 3.94779 31.2966 0
      vertex 4 31.3 0
    endloop
  endfacet
  facet normal 0.321498 0.94691 -0
    outer loop
      vertex 3.89647 3.61363 0
      vertex 3.84693 3.63045 1.8
      vertex 3.89647 3.61363 1.8
    endloop
  endfacet
  facet normal 0.321498 0.94691 0
    outer loop
      vertex 3.84693 3.63045 1.8
      vertex 3.89647 3.61363 0
      vertex 3.84693 3.63045 0
    endloop
  endfacet
  facet normal -0.0649964 -0.997886 0
    outer loop
      vertex 65.9 31.3 0
      vertex 65.9522 31.2966 1.8
      vertex 65.9 31.3 1.8
    endloop
  endfacet
  facet normal -0.0649964 -0.997886 -0
    outer loop
      vertex 65.9522 31.2966 1.8
      vertex 65.9 31.3 0
      vertex 65.9522 31.2966 0
    endloop
  endfacet
  facet normal 0.751759 0.659438 0
    outer loop
      vertex 3.71716 3.71716 1.8
      vertex 3.68266 3.75649 0
      vertex 3.68266 3.75649 1.8
    endloop
  endfacet
  facet normal 0.751759 0.659438 0
    outer loop
      vertex 3.68266 3.75649 0
      vertex 3.71716 3.71716 1.8
      vertex 3.71716 3.71716 0
    endloop
  endfacet
  facet normal 0.659438 -0.751759 0
    outer loop
      vertex 3.71716 31.1828 0
      vertex 3.75649 31.2173 1.8
      vertex 3.71716 31.1828 1.8
    endloop
  endfacet
  facet normal 0.659438 -0.751759 0
    outer loop
      vertex 3.75649 31.2173 1.8
      vertex 3.71716 31.1828 0
      vertex 3.75649 31.2173 0
    endloop
  endfacet
  facet normal -0.195013 -0.980801 0
    outer loop
      vertex 65.9522 31.2966 0
      vertex 66.0035 31.2864 1.8
      vertex 65.9522 31.2966 1.8
    endloop
  endfacet
  facet normal -0.195013 -0.980801 -0
    outer loop
      vertex 66.0035 31.2864 1.8
      vertex 65.9522 31.2966 0
      vertex 66.0035 31.2864 0
    endloop
  endfacet
  facet normal 0.94691 0.321498 0
    outer loop
      vertex 3.63045 3.84693 1.8
      vertex 3.61363 3.89647 0
      vertex 3.61363 3.89647 1.8
    endloop
  endfacet
  facet normal 0.94691 0.321498 0
    outer loop
      vertex 3.61363 3.89647 0
      vertex 3.63045 3.84693 1.8
      vertex 3.63045 3.84693 0
    endloop
  endfacet
  facet normal 0.831491 0.555538 0
    outer loop
      vertex 3.68266 3.75649 1.8
      vertex 3.65359 3.8 0
      vertex 3.65359 3.8 1.8
    endloop
  endfacet
  facet normal 0.831491 0.555538 0
    outer loop
      vertex 3.65359 3.8 0
      vertex 3.68266 3.75649 1.8
      vertex 3.68266 3.75649 0
    endloop
  endfacet
  facet normal 0.321156 -0.947026 0
    outer loop
      vertex 3.84693 31.2696 0
      vertex 3.89647 31.2864 1.8
      vertex 3.84693 31.2696 1.8
    endloop
  endfacet
  facet normal 0.321156 -0.947026 0
    outer loop
      vertex 3.89647 31.2864 1.8
      vertex 3.84693 31.2696 0
      vertex 3.89647 31.2864 0
    endloop
  endfacet
  facet normal -0.980815 0.19494 0
    outer loop
      vertex 66.2864 3.89647 0
      vertex 66.2966 3.94779 1.8
      vertex 66.2966 3.94779 0
    endloop
  endfacet
  facet normal -0.980815 0.19494 0
    outer loop
      vertex 66.2966 3.94779 1.8
      vertex 66.2864 3.89647 0
      vertex 66.2864 3.89647 1.8
    endloop
  endfacet
  facet normal -0.0653771 0.997861 0
    outer loop
      vertex 65.9522 3.60342 0
      vertex 65.9 3.6 1.8
      vertex 65.9522 3.60342 1.8
    endloop
  endfacet
  facet normal -0.0653771 0.997861 0
    outer loop
      vertex 65.9 3.6 1.8
      vertex 65.9522 3.60342 0
      vertex 65.9 3.6 0
    endloop
  endfacet
  facet normal -0.946563 -0.322518 0
    outer loop
      vertex 66.2864 31.0035 0
      vertex 66.2695 31.0531 1.8
      vertex 66.2695 31.0531 0
    endloop
  endfacet
  facet normal -0.946563 -0.322518 0
    outer loop
      vertex 66.2695 31.0531 1.8
      vertex 66.2864 31.0035 0
      vertex 66.2864 31.0035 1.8
    endloop
  endfacet
  facet normal -0.897201 0.441622 0
    outer loop
      vertex 66.2464 3.8 0
      vertex 66.2695 3.84693 1.8
      vertex 66.2695 3.84693 0
    endloop
  endfacet
  facet normal -0.897201 0.441622 0
    outer loop
      vertex 66.2695 3.84693 1.8
      vertex 66.2464 3.8 0
      vertex 66.2464 3.8 1.8
    endloop
  endfacet
  facet normal 0.659438 0.751759 -0
    outer loop
      vertex 3.75649 3.68266 0
      vertex 3.71716 3.71716 1.8
      vertex 3.75649 3.68266 1.8
    endloop
  endfacet
  facet normal 0.659438 0.751759 0
    outer loop
      vertex 3.71716 3.71716 1.8
      vertex 3.75649 3.68266 0
      vertex 3.71716 3.71716 0
    endloop
  endfacet
  facet normal 0.896898 0.442238 0
    outer loop
      vertex 3.65359 3.8 1.8
      vertex 3.63045 3.84693 0
      vertex 3.63045 3.84693 1.8
    endloop
  endfacet
  facet normal 0.896898 0.442238 0
    outer loop
      vertex 3.63045 3.84693 0
      vertex 3.65359 3.8 1.8
      vertex 3.65359 3.8 0
    endloop
  endfacet
  facet normal 0.980764 -0.195197 0
    outer loop
      vertex 3.60342 30.9522 1.8
      vertex 3.61363 31.0035 0
      vertex 3.61363 31.0035 1.8
    endloop
  endfacet
  facet normal 0.980764 -0.195197 0
    outer loop
      vertex 3.61363 31.0035 0
      vertex 3.60342 30.9522 1.8
      vertex 3.60342 30.9522 0
    endloop
  endfacet
  facet normal -0.751759 0.659438 0
    outer loop
      vertex 66.1828 3.71716 0
      vertex 66.2173 3.75649 1.8
      vertex 66.2173 3.75649 0
    endloop
  endfacet
  facet normal -0.751759 0.659438 0
    outer loop
      vertex 66.2173 3.75649 1.8
      vertex 66.1828 3.71716 0
      vertex 66.1828 3.71716 1.8
    endloop
  endfacet
  facet normal -0.980801 -0.195013 0
    outer loop
      vertex 66.2966 30.9522 0
      vertex 66.2864 31.0035 1.8
      vertex 66.2864 31.0035 0
    endloop
  endfacet
  facet normal -0.980801 -0.195013 0
    outer loop
      vertex 66.2864 31.0035 1.8
      vertex 66.2966 30.9522 0
      vertex 66.2966 30.9522 1.8
    endloop
  endfacet
  facet normal -0.897089 -0.44185 0
    outer loop
      vertex 66.2695 31.0531 0
      vertex 66.2464 31.1 1.8
      vertex 66.2464 31.1 0
    endloop
  endfacet
  facet normal -0.897089 -0.44185 0
    outer loop
      vertex 66.2464 31.1 1.8
      vertex 66.2695 31.0531 0
      vertex 66.2695 31.0531 1.8
    endloop
  endfacet
  facet normal 0.997861 -0.0653771 0
    outer loop
      vertex 3.6 30.9 1.8
      vertex 3.60342 30.9522 0
      vertex 3.60342 30.9522 1.8
    endloop
  endfacet
  facet normal 0.997861 -0.0653771 0
    outer loop
      vertex 3.60342 30.9522 0
      vertex 3.6 30.9 1.8
      vertex 3.6 30.9 0
    endloop
  endfacet
  facet normal -0.195197 0.980764 0
    outer loop
      vertex 66.0035 3.61363 0
      vertex 65.9522 3.60342 1.8
      vertex 66.0035 3.61363 1.8
    endloop
  endfacet
  facet normal -0.195197 0.980764 0
    outer loop
      vertex 65.9522 3.60342 1.8
      vertex 66.0035 3.61363 0
      vertex 65.9522 3.60342 0
    endloop
  endfacet
  facet normal 0.19494 -0.980815 0
    outer loop
      vertex 3.89647 31.2864 0
      vertex 3.94779 31.2966 1.8
      vertex 3.89647 31.2864 1.8
    endloop
  endfacet
  facet normal 0.19494 -0.980815 0
    outer loop
      vertex 3.94779 31.2966 1.8
      vertex 3.89647 31.2864 0
      vertex 3.94779 31.2966 0
    endloop
  endfacet
  facet normal -0.831167 -0.556022 0
    outer loop
      vertex 66.2464 31.1 0
      vertex 66.2173 31.1435 1.8
      vertex 66.2173 31.1435 0
    endloop
  endfacet
  facet normal -0.831167 -0.556022 0
    outer loop
      vertex 66.2173 31.1435 1.8
      vertex 66.2464 31.1 0
      vertex 66.2464 31.1 1.8
    endloop
  endfacet
  facet normal 0.997861 0.0653646 0
    outer loop
      vertex 3.60342 3.94779 1.8
      vertex 3.6 4 0
      vertex 3.6 4 1.8
    endloop
  endfacet
  facet normal 0.997861 0.0653646 0
    outer loop
      vertex 3.6 4 0
      vertex 3.60342 3.94779 1.8
      vertex 3.60342 3.94779 0
    endloop
  endfacet
  facet normal 0.980779 0.195124 0
    outer loop
      vertex 3.61363 3.89647 1.8
      vertex 3.60342 3.94779 0
      vertex 3.60342 3.94779 1.8
    endloop
  endfacet
  facet normal 0.980779 0.195124 0
    outer loop
      vertex 3.60342 3.94779 0
      vertex 3.61363 3.89647 1.8
      vertex 3.61363 3.89647 0
    endloop
  endfacet
  facet normal 0.443159 -0.896443 0
    outer loop
      vertex 3.8 31.2464 0
      vertex 3.84693 31.2696 1.8
      vertex 3.8 31.2464 1.8
    endloop
  endfacet
  facet normal 0.443159 -0.896443 0
    outer loop
      vertex 3.84693 31.2696 1.8
      vertex 3.8 31.2464 0
      vertex 3.84693 31.2696 0
    endloop
  endfacet
  facet normal -0.997886 -0.0649964 0
    outer loop
      vertex 66.3 30.9 0
      vertex 66.2966 30.9522 1.8
      vertex 66.2966 30.9522 0
    endloop
  endfacet
  facet normal -0.997886 -0.0649964 0
    outer loop
      vertex 66.2966 30.9522 1.8
      vertex 66.3 30.9 0
      vertex 66.3 30.9 1.8
    endloop
  endfacet
  facet normal 0.831432 -0.555626 0
    outer loop
      vertex 3.65359 31.1 1.8
      vertex 3.68266 31.1435 0
      vertex 3.68266 31.1435 1.8
    endloop
  endfacet
  facet normal 0.831432 -0.555626 0
    outer loop
      vertex 3.68266 31.1435 0
      vertex 3.65359 31.1 1.8
      vertex 3.65359 31.1 0
    endloop
  endfacet
  facet normal 0.0653646 0.997861 -0
    outer loop
      vertex 4 3.6 0
      vertex 3.94779 3.60342 1.8
      vertex 4 3.6 1.8
    endloop
  endfacet
  facet normal 0.0653646 0.997861 0
    outer loop
      vertex 3.94779 3.60342 1.8
      vertex 4 3.6 0
      vertex 3.94779 3.60342 0
    endloop
  endfacet
  facet normal 0.896887 -0.44226 0
    outer loop
      vertex 69.3641 2 3.8
      vertex 69.5955 2.46927 1.8
      vertex 69.5955 2.46927 3.8
    endloop
  endfacet
  facet normal 0.896887 -0.44226 0
    outer loop
      vertex 69.5955 2.46927 1.8
      vertex 69.3641 2 3.8
      vertex 69.3641 2 1.8
    endloop
  endfacet
  facet normal 0 1 -0
    outer loop
      vertex 8.7 34.9 1.8
      vertex 4 34.9 3.8
      vertex 8.7 34.9 3.8
    endloop
  endfacet
  facet normal 0 1 0
    outer loop
      vertex 4 34.9 3.8
      vertex 8.7 34.9 1.8
      vertex 4 34.9 1.8
    endloop
  endfacet
  facet normal 0 1 -0
    outer loop
      vertex 65.9 34.9 1.8
      vertex 61.1 34.9 3.8
      vertex 65.9 34.9 3.8
    endloop
  endfacet
  facet normal 0 1 0
    outer loop
      vertex 61.1 34.9 3.8
      vertex 65.9 34.9 1.8
      vertex 61.1 34.9 1.8
    endloop
  endfacet
  facet normal 0.19508 -0.980787 0
    outer loop
      vertex 66.4221 0.0342197 1.8
      vertex 66.9353 0.136296 3.8
      vertex 66.4221 0.0342197 3.8
    endloop
  endfacet
  facet normal 0.19508 -0.980787 0
    outer loop
      vertex 66.9353 0.136296 3.8
      vertex 66.4221 0.0342197 1.8
      vertex 66.9353 0.136296 1.8
    endloop
  endfacet
  facet normal -0.321445 -0.946928 0
    outer loop
      vertex 2.46927 0.304482 1.8
      vertex 2.96472 0.136296 3.8
      vertex 2.46927 0.304482 3.8
    endloop
  endfacet
  facet normal -0.321445 -0.946928 -0
    outer loop
      vertex 2.96472 0.136296 3.8
      vertex 2.46927 0.304482 1.8
      vertex 2.96472 0.136296 1.8
    endloop
  endfacet
  facet normal 0.321474 -0.946918 0
    outer loop
      vertex 66.9353 0.136296 1.8
      vertex 67.4307 0.304482 3.8
      vertex 66.9353 0.136296 3.8
    endloop
  endfacet
  facet normal 0.321474 -0.946918 0
    outer loop
      vertex 67.4307 0.304482 3.8
      vertex 66.9353 0.136296 1.8
      vertex 67.4307 0.304482 1.8
    endloop
  endfacet
  facet normal -0.0654009 -0.997859 0
    outer loop
      vertex 3.47789 0.0342197 1.8
      vertex 4 0 3.8
      vertex 3.47789 0.0342197 3.8
    endloop
  endfacet
  facet normal -0.0654009 -0.997859 -0
    outer loop
      vertex 4 0 3.8
      vertex 3.47789 0.0342197 1.8
      vertex 4 0 1.8
    endloop
  endfacet
  facet normal -0.946928 -0.321445 0
    outer loop
      vertex 0.304482 2.46927 1.8
      vertex 0.136296 2.96472 3.8
      vertex 0.136296 2.96472 1.8
    endloop
  endfacet
  facet normal -0.946928 -0.321445 0
    outer loop
      vertex 0.136296 2.96472 3.8
      vertex 0.304482 2.46927 1.8
      vertex 0.304482 2.46927 3.8
    endloop
  endfacet
  facet normal -0.44226 0.896887 0
    outer loop
      vertex 2.46927 34.5955 1.8
      vertex 2 34.3641 3.8
      vertex 2.46927 34.5955 3.8
    endloop
  endfacet
  facet normal -0.44226 0.896887 0
    outer loop
      vertex 2 34.3641 3.8
      vertex 2.46927 34.5955 1.8
      vertex 2 34.3641 1.8
    endloop
  endfacet
  facet normal -1 0 0
    outer loop
      vertex 0 4 1.8
      vertex 0 30.9 3.8
      vertex 0 30.9 1.8
    endloop
  endfacet
  facet normal -1 -0 0
    outer loop
      vertex 0 30.9 3.8
      vertex 0 4 1.8
      vertex 0 4 3.8
    endloop
  endfacet
  facet normal -0.997859 -0.0654009 0
    outer loop
      vertex 0.0342197 3.47789 1.8
      vertex 0 4 3.8
      vertex 0 4 1.8
    endloop
  endfacet
  facet normal -0.997859 -0.0654009 0
    outer loop
      vertex 0 4 3.8
      vertex 0.0342197 3.47789 1.8
      vertex 0.0342197 3.47789 3.8
    endloop
  endfacet
  facet normal 0.442262 -0.896886 0
    outer loop
      vertex 67.4307 0.304482 1.8
      vertex 67.9 0.535898 3.8
      vertex 67.4307 0.304482 3.8
    endloop
  endfacet
  facet normal 0.442262 -0.896886 0
    outer loop
      vertex 67.9 0.535898 3.8
      vertex 67.4307 0.304482 1.8
      vertex 67.9 0.535898 1.8
    endloop
  endfacet
  facet normal -0.831443 0.55561 0
    outer loop
      vertex 0.535898 32.9 1.8
      vertex 0.826586 33.335 3.8
      vertex 0.826586 33.335 1.8
    endloop
  endfacet
  facet normal -0.831443 0.55561 0
    outer loop
      vertex 0.826586 33.335 3.8
      vertex 0.535898 32.9 1.8
      vertex 0.535898 32.9 3.8
    endloop
  endfacet
  facet normal 1 -0 0
    outer loop
      vertex 69.9 4 3.8
      vertex 69.9 30.9 1.8
      vertex 69.9 30.9 3.8
    endloop
  endfacet
  facet normal 1 0 0
    outer loop
      vertex 69.9 30.9 1.8
      vertex 69.9 4 3.8
      vertex 69.9 4 1.8
    endloop
  endfacet
  facet normal -0.321469 0.94692 0
    outer loop
      vertex 2.96472 34.7637 1.8
      vertex 2.46927 34.5955 3.8
      vertex 2.96472 34.7637 3.8
    endloop
  endfacet
  facet normal -0.321469 0.94692 0
    outer loop
      vertex 2.46927 34.5955 3.8
      vertex 2.96472 34.7637 1.8
      vertex 2.46927 34.5955 1.8
    endloop
  endfacet
  facet normal -0.751857 0.659326 0
    outer loop
      vertex 0.826586 33.335 1.8
      vertex 1.17157 33.7284 3.8
      vertex 1.17157 33.7284 1.8
    endloop
  endfacet
  facet normal -0.751857 0.659326 0
    outer loop
      vertex 1.17157 33.7284 3.8
      vertex 0.826586 33.335 1.8
      vertex 0.826586 33.335 3.8
    endloop
  endfacet
  facet normal 0.997862 -0.0653634 0
    outer loop
      vertex 69.8658 3.47789 3.8
      vertex 69.9 4 1.8
      vertex 69.9 4 3.8
    endloop
  endfacet
  facet normal 0.997862 -0.0653634 0
    outer loop
      vertex 69.9 4 1.8
      vertex 69.8658 3.47789 3.8
      vertex 69.8658 3.47789 1.8
    endloop
  endfacet
  facet normal 0.997861 0.0653646 0
    outer loop
      vertex 69.9 30.9 3.8
      vertex 69.8658 31.4221 1.8
      vertex 69.8658 31.4221 3.8
    endloop
  endfacet
  facet normal 0.997861 0.0653646 0
    outer loop
      vertex 69.8658 31.4221 1.8
      vertex 69.9 30.9 3.8
      vertex 69.9 30.9 1.8
    endloop
  endfacet
  facet normal 0 -1 0
    outer loop
      vertex 4 0 1.8
      vertex 65.9 0 3.8
      vertex 4 0 3.8
    endloop
  endfacet
  facet normal 0 -1 -0
    outer loop
      vertex 65.9 0 3.8
      vertex 4 0 1.8
      vertex 65.9 0 1.8
    endloop
  endfacet
  facet normal 0.0653646 0.997861 -0
    outer loop
      vertex 66.4221 34.8658 1.8
      vertex 65.9 34.9 3.8
      vertex 66.4221 34.8658 3.8
    endloop
  endfacet
  facet normal 0.0653646 0.997861 0
    outer loop
      vertex 65.9 34.9 3.8
      vertex 66.4221 34.8658 1.8
      vertex 65.9 34.9 1.8
    endloop
  endfacet
  facet normal 0.831432 0.555626 0
    outer loop
      vertex 69.3641 32.9 3.8
      vertex 69.0734 33.335 1.8
      vertex 69.0734 33.335 3.8
    endloop
  endfacet
  facet normal 0.831432 0.555626 0
    outer loop
      vertex 69.0734 33.335 1.8
      vertex 69.3641 32.9 3.8
      vertex 69.3641 32.9 1.8
    endloop
  endfacet
  facet normal -0.980785 -0.195091 0
    outer loop
      vertex 0.136296 2.96472 1.8
      vertex 0.0342197 3.47789 3.8
      vertex 0.0342197 3.47789 1.8
    endloop
  endfacet
  facet normal -0.980785 -0.195091 0
    outer loop
      vertex 0.0342197 3.47789 3.8
      vertex 0.136296 2.96472 1.8
      vertex 0.136296 2.96472 3.8
    endloop
  endfacet
  facet normal 0 0 -1
    outer loop
      vertex 67.6 4 1.8
      vertex 69.9 4 1.8
      vertex 69.8658 3.47789 1.8
    endloop
  endfacet
  facet normal 0 0 -1
    outer loop
      vertex 69.9 4 1.8
      vertex 67.6 4 1.8
      vertex 69.9 30.9 1.8
    endloop
  endfacet
  facet normal 0 0 -1
    outer loop
      vertex 67.5855 3.7781 1.8
      vertex 69.8658 3.47789 1.8
      vertex 69.7637 2.96472 1.8
    endloop
  endfacet
  facet normal 0 0 -1
    outer loop
      vertex 67.6 30.9 1.8
      vertex 69.9 30.9 1.8
      vertex 67.6 4 1.8
    endloop
  endfacet
  facet normal 0 0 -1
    outer loop
      vertex 67.5421 3.56001 1.8
      vertex 69.7637 2.96472 1.8
      vertex 69.5955 2.46927 1.8
    endloop
  endfacet
  facet normal 0 0 -1
    outer loop
      vertex 69.9 30.9 1.8
      vertex 67.6 30.9 1.8
      vertex 69.8658 31.4221 1.8
    endloop
  endfacet
  facet normal 0 0 -1
    outer loop
      vertex 67.4706 3.34944 1.8
      vertex 69.5955 2.46927 1.8
      vertex 69.3641 2 1.8
    endloop
  endfacet
  facet normal 0 0 -1
    outer loop
      vertex 67.5855 31.1219 1.8
      vertex 69.8658 31.4221 1.8
      vertex 67.6 30.9 1.8
    endloop
  endfacet
  facet normal 0 0 -1
    outer loop
      vertex 67.3722 3.15 1.8
      vertex 69.3641 2 1.8
      vertex 69.0734 1.56495 1.8
    endloop
  endfacet
  facet normal -0 0 -1
    outer loop
      vertex 69.8658 31.4221 1.8
      vertex 67.5855 31.1219 1.8
      vertex 69.7637 31.9353 1.8
    endloop
  endfacet
  facet normal 0 0 -1
    outer loop
      vertex 67.2487 2.9651 1.8
      vertex 69.0734 1.56495 1.8
      vertex 68.7284 1.17157 1.8
    endloop
  endfacet
  facet normal 0 0 -1
    outer loop
      vertex 67.5421 31.34 1.8
      vertex 69.7637 31.9353 1.8
      vertex 67.5855 31.1219 1.8
    endloop
  endfacet
  facet normal 0 0 -1
    outer loop
      vertex 67.1021 2.79792 1.8
      vertex 68.7284 1.17157 1.8
      vertex 68.335 0.826586 1.8
    endloop
  endfacet
  facet normal -0 0 -1
    outer loop
      vertex 69.7637 31.9353 1.8
      vertex 67.5421 31.34 1.8
      vertex 69.5955 32.4307 1.8
    endloop
  endfacet
  facet normal 0 0 -1
    outer loop
      vertex 66.9349 2.6513 1.8
      vertex 68.335 0.826586 1.8
      vertex 67.9 0.535898 1.8
    endloop
  endfacet
  facet normal 0 0 -1
    outer loop
      vertex 67.4706 31.5506 1.8
      vertex 69.5955 32.4307 1.8
      vertex 67.5421 31.34 1.8
    endloop
  endfacet
  facet normal -0 0 -1
    outer loop
      vertex 69.5955 32.4307 1.8
      vertex 67.4706 31.5506 1.8
      vertex 69.3641 32.9 1.8
    endloop
  endfacet
  facet normal 0 0 -1
    outer loop
      vertex 69.8658 3.47789 1.8
      vertex 67.5855 3.7781 1.8
      vertex 67.6 4 1.8
    endloop
  endfacet
  facet normal 0 0 -1
    outer loop
      vertex 69.7637 2.96472 1.8
      vertex 67.5421 3.56001 1.8
      vertex 67.5855 3.7781 1.8
    endloop
  endfacet
  facet normal 0 0 -1
    outer loop
      vertex 69.5955 2.46927 1.8
      vertex 67.4706 3.34944 1.8
      vertex 67.5421 3.56001 1.8
    endloop
  endfacet
  facet normal 0 0 -1
    outer loop
      vertex 66.75 2.52776 1.8
      vertex 67.9 0.535898 1.8
      vertex 67.4307 0.304482 1.8
    endloop
  endfacet
  facet normal 0 0 -1
    outer loop
      vertex 69.3641 2 1.8
      vertex 67.3722 3.15 1.8
      vertex 67.4706 3.34944 1.8
    endloop
  endfacet
  facet normal 0 0 -1
    outer loop
      vertex 69.0734 1.56495 1.8
      vertex 67.2487 2.9651 1.8
      vertex 67.3722 3.15 1.8
    endloop
  endfacet
  facet normal 0 0 -1
    outer loop
      vertex 68.7284 1.17157 1.8
      vertex 67.1021 2.79792 1.8
      vertex 67.2487 2.9651 1.8
    endloop
  endfacet
  facet normal 0 0 -1
    outer loop
      vertex 66.5506 2.4294 1.8
      vertex 67.4307 0.304482 1.8
      vertex 66.9353 0.136296 1.8
    endloop
  endfacet
  facet normal 0 0 -1
    outer loop
      vertex 68.335 0.826586 1.8
      vertex 66.9349 2.6513 1.8
      vertex 67.1021 2.79792 1.8
    endloop
  endfacet
  facet normal 0 0 -1
    outer loop
      vertex 67.9 0.535898 1.8
      vertex 66.75 2.52776 1.8
      vertex 66.9349 2.6513 1.8
    endloop
  endfacet
  facet normal 0 0 -1
    outer loop
      vertex 67.4307 0.304482 1.8
      vertex 66.5506 2.4294 1.8
      vertex 66.75 2.52776 1.8
    endloop
  endfacet
  facet normal 0 0 -1
    outer loop
      vertex 66.34 2.35793 1.8
      vertex 66.9353 0.136296 1.8
      vertex 66.4221 0.0342197 1.8
    endloop
  endfacet
  facet normal 0 0 -1
    outer loop
      vertex 66.9353 0.136296 1.8
      vertex 66.34 2.35793 1.8
      vertex 66.5506 2.4294 1.8
    endloop
  endfacet
  facet normal 0 0 -1
    outer loop
      vertex 66.4221 0.0342197 1.8
      vertex 66.1219 2.31454 1.8
      vertex 66.34 2.35793 1.8
    endloop
  endfacet
  facet normal 0 0 -1
    outer loop
      vertex 65.9 0 1.8
      vertex 66.1219 2.31454 1.8
      vertex 66.4221 0.0342197 1.8
    endloop
  endfacet
  facet normal 0 0 -1
    outer loop
      vertex 65.9 0 1.8
      vertex 65.9 2.3 1.8
      vertex 66.1219 2.31454 1.8
    endloop
  endfacet
  facet normal 0 0 -1
    outer loop
      vertex 4 0 1.8
      vertex 65.9 2.3 1.8
      vertex 65.9 0 1.8
    endloop
  endfacet
  facet normal 0 0 -1
    outer loop
      vertex 4 0 1.8
      vertex 4 2.3 1.8
      vertex 65.9 2.3 1.8
    endloop
  endfacet
  facet normal 0 0 -1
    outer loop
      vertex 4 0 1.8
      vertex 3.7781 2.31454 1.8
      vertex 4 2.3 1.8
    endloop
  endfacet
  facet normal 0 0 -1
    outer loop
      vertex 3.47789 0.0342197 1.8
      vertex 3.7781 2.31454 1.8
      vertex 4 0 1.8
    endloop
  endfacet
  facet normal -0 0 -1
    outer loop
      vertex 3.7781 2.31454 1.8
      vertex 3.47789 0.0342197 1.8
      vertex 3.56001 2.35793 1.8
    endloop
  endfacet
  facet normal 0 0 -1
    outer loop
      vertex 2.96472 0.136296 1.8
      vertex 3.56001 2.35793 1.8
      vertex 3.47789 0.0342197 1.8
    endloop
  endfacet
  facet normal -0 0 -1
    outer loop
      vertex 3.56001 2.35793 1.8
      vertex 2.96472 0.136296 1.8
      vertex 3.34944 2.4294 1.8
    endloop
  endfacet
  facet normal 0 0 -1
    outer loop
      vertex 2.46927 0.304482 1.8
      vertex 3.34944 2.4294 1.8
      vertex 2.96472 0.136296 1.8
    endloop
  endfacet
  facet normal -0 0 -1
    outer loop
      vertex 3.34944 2.4294 1.8
      vertex 2.46927 0.304482 1.8
      vertex 3.15 2.52776 1.8
    endloop
  endfacet
  facet normal 0 0 -1
    outer loop
      vertex 2 0.535898 1.8
      vertex 3.15 2.52776 1.8
      vertex 2.46927 0.304482 1.8
    endloop
  endfacet
  facet normal -0 0 -1
    outer loop
      vertex 3.15 2.52776 1.8
      vertex 2 0.535898 1.8
      vertex 2.9651 2.6513 1.8
    endloop
  endfacet
  facet normal 0 0 -1
    outer loop
      vertex 1.56495 0.826586 1.8
      vertex 2.9651 2.6513 1.8
      vertex 2 0.535898 1.8
    endloop
  endfacet
  facet normal -0 0 -1
    outer loop
      vertex 2.9651 2.6513 1.8
      vertex 1.56495 0.826586 1.8
      vertex 2.79792 2.79792 1.8
    endloop
  endfacet
  facet normal 0 0 -1
    outer loop
      vertex 1.17157 1.17157 1.8
      vertex 2.79792 2.79792 1.8
      vertex 1.56495 0.826586 1.8
    endloop
  endfacet
  facet normal -0 0 -1
    outer loop
      vertex 2.79792 2.79792 1.8
      vertex 1.17157 1.17157 1.8
      vertex 2.6513 2.9651 1.8
    endloop
  endfacet
  facet normal 0 0 -1
    outer loop
      vertex 0.826586 1.56495 1.8
      vertex 2.6513 2.9651 1.8
      vertex 1.17157 1.17157 1.8
    endloop
  endfacet
  facet normal -0 0 -1
    outer loop
      vertex 2.6513 2.9651 1.8
      vertex 0.826586 1.56495 1.8
      vertex 2.52776 3.15 1.8
    endloop
  endfacet
  facet normal -0 0 -1
    outer loop
      vertex 2.52776 3.15 1.8
      vertex 0.535898 2 1.8
      vertex 2.4294 3.34944 1.8
    endloop
  endfacet
  facet normal 0 0 -1
    outer loop
      vertex 0.535898 2 1.8
      vertex 2.52776 3.15 1.8
      vertex 0.826586 1.56495 1.8
    endloop
  endfacet
  facet normal 0 0 -1
    outer loop
      vertex 67.3722 31.75 1.8
      vertex 69.3641 32.9 1.8
      vertex 67.4706 31.5506 1.8
    endloop
  endfacet
  facet normal -0 0 -1
    outer loop
      vertex 69.3641 32.9 1.8
      vertex 67.3722 31.75 1.8
      vertex 69.0734 33.335 1.8
    endloop
  endfacet
  facet normal 0 0 -1
    outer loop
      vertex 67.2487 31.9349 1.8
      vertex 69.0734 33.335 1.8
      vertex 67.3722 31.75 1.8
    endloop
  endfacet
  facet normal -0 0 -1
    outer loop
      vertex 69.0734 33.335 1.8
      vertex 67.2487 31.9349 1.8
      vertex 68.7284 33.7284 1.8
    endloop
  endfacet
  facet normal 0 0 -1
    outer loop
      vertex 67.1021 32.1021 1.8
      vertex 68.7284 33.7284 1.8
      vertex 67.2487 31.9349 1.8
    endloop
  endfacet
  facet normal -0 0 -1
    outer loop
      vertex 68.7284 33.7284 1.8
      vertex 67.1021 32.1021 1.8
      vertex 68.335 34.0734 1.8
    endloop
  endfacet
  facet normal 0 0 -1
    outer loop
      vertex 66.9349 32.2487 1.8
      vertex 68.335 34.0734 1.8
      vertex 67.1021 32.1021 1.8
    endloop
  endfacet
  facet normal -0 0 -1
    outer loop
      vertex 68.335 34.0734 1.8
      vertex 66.9349 32.2487 1.8
      vertex 67.9 34.3641 1.8
    endloop
  endfacet
  facet normal 0 0 -1
    outer loop
      vertex 66.75 32.3722 1.8
      vertex 67.9 34.3641 1.8
      vertex 66.9349 32.2487 1.8
    endloop
  endfacet
  facet normal -0 0 -1
    outer loop
      vertex 67.9 34.3641 1.8
      vertex 66.75 32.3722 1.8
      vertex 67.4307 34.5955 1.8
    endloop
  endfacet
  facet normal 0 0 -1
    outer loop
      vertex 66.5506 32.4706 1.8
      vertex 67.4307 34.5955 1.8
      vertex 66.75 32.3722 1.8
    endloop
  endfacet
  facet normal -0 0 -1
    outer loop
      vertex 67.4307 34.5955 1.8
      vertex 66.5506 32.4706 1.8
      vertex 66.9353 34.7637 1.8
    endloop
  endfacet
  facet normal 0 0 -1
    outer loop
      vertex 66.34 32.5421 1.8
      vertex 66.9353 34.7637 1.8
      vertex 66.5506 32.4706 1.8
    endloop
  endfacet
  facet normal -0 0 -1
    outer loop
      vertex 66.9353 34.7637 1.8
      vertex 66.34 32.5421 1.8
      vertex 66.4221 34.8658 1.8
    endloop
  endfacet
  facet normal 0 0 -1
    outer loop
      vertex 66.1219 32.5855 1.8
      vertex 66.4221 34.8658 1.8
      vertex 66.34 32.5421 1.8
    endloop
  endfacet
  facet normal 0 0 -1
    outer loop
      vertex 65.9 32.6 1.8
      vertex 66.4221 34.8658 1.8
      vertex 66.1219 32.5855 1.8
    endloop
  endfacet
  facet normal 0 0 -1
    outer loop
      vertex 65.9 32.6 1.8
      vertex 65.9 34.9 1.8
      vertex 66.4221 34.8658 1.8
    endloop
  endfacet
  facet normal 0 0 -1
    outer loop
      vertex 61.1 32.6 1.8
      vertex 65.9 34.9 1.8
      vertex 65.9 32.6 1.8
    endloop
  endfacet
  facet normal -0 0 -1
    outer loop
      vertex 65.9 34.9 1.8
      vertex 61.1 32.6 1.8
      vertex 61.1 34.9 1.8
    endloop
  endfacet
  facet normal 0 0 -1
    outer loop
      vertex 8.7 32.6 1.8
      vertex 4 34.9 1.8
      vertex 8.7 34.9 1.8
    endloop
  endfacet
  facet normal 0 0 -1
    outer loop
      vertex 4 32.6 1.8
      vertex 4 34.9 1.8
      vertex 8.7 32.6 1.8
    endloop
  endfacet
  facet normal 0 0 -1
    outer loop
      vertex 3.7781 32.5855 1.8
      vertex 4 34.9 1.8
      vertex 4 32.6 1.8
    endloop
  endfacet
  facet normal 0 0 -1
    outer loop
      vertex 3.47789 34.8658 1.8
      vertex 3.7781 32.5855 1.8
      vertex 3.56001 32.5421 1.8
    endloop
  endfacet
  facet normal 0 0 -1
    outer loop
      vertex 3.7781 32.5855 1.8
      vertex 3.47789 34.8658 1.8
      vertex 4 34.9 1.8
    endloop
  endfacet
  facet normal 0 0 -1
    outer loop
      vertex 2.96472 34.7637 1.8
      vertex 3.56001 32.5421 1.8
      vertex 3.34944 32.4706 1.8
    endloop
  endfacet
  facet normal 0 0 -1
    outer loop
      vertex 2.46927 34.5955 1.8
      vertex 3.34944 32.4706 1.8
      vertex 3.15 32.3722 1.8
    endloop
  endfacet
  facet normal 0 0 -1
    outer loop
      vertex 2 34.3641 1.8
      vertex 3.15 32.3722 1.8
      vertex 2.9651 32.2487 1.8
    endloop
  endfacet
  facet normal 0 0 -1
    outer loop
      vertex 3.56001 32.5421 1.8
      vertex 2.96472 34.7637 1.8
      vertex 3.47789 34.8658 1.8
    endloop
  endfacet
  facet normal 0 0 -1
    outer loop
      vertex 1.56495 34.0734 1.8
      vertex 2.9651 32.2487 1.8
      vertex 2.79792 32.1021 1.8
    endloop
  endfacet
  facet normal 0 0 -1
    outer loop
      vertex 1.17157 33.7284 1.8
      vertex 2.79792 32.1021 1.8
      vertex 2.6513 31.9349 1.8
    endloop
  endfacet
  facet normal 0 0 -1
    outer loop
      vertex 0.826586 33.335 1.8
      vertex 2.6513 31.9349 1.8
      vertex 2.52776 31.75 1.8
    endloop
  endfacet
  facet normal 0 0 -1
    outer loop
      vertex 3.34944 32.4706 1.8
      vertex 2.46927 34.5955 1.8
      vertex 2.96472 34.7637 1.8
    endloop
  endfacet
  facet normal 0 0 -1
    outer loop
      vertex 0.535898 32.9 1.8
      vertex 2.52776 31.75 1.8
      vertex 2.4294 31.5506 1.8
    endloop
  endfacet
  facet normal 0 0 -1
    outer loop
      vertex 0.304482 32.4307 1.8
      vertex 2.4294 31.5506 1.8
      vertex 2.35793 31.34 1.8
    endloop
  endfacet
  facet normal 0 0 -1
    outer loop
      vertex 0.136296 31.9353 1.8
      vertex 2.35793 31.34 1.8
      vertex 2.31454 31.1219 1.8
    endloop
  endfacet
  facet normal 0 0 -1
    outer loop
      vertex 0.0342197 31.4221 1.8
      vertex 2.31454 31.1219 1.8
      vertex 2.3 30.9 1.8
    endloop
  endfacet
  facet normal 0 0 -1
    outer loop
      vertex 3.15 32.3722 1.8
      vertex 2 34.3641 1.8
      vertex 2.46927 34.5955 1.8
    endloop
  endfacet
  facet normal 0 0 -1
    outer loop
      vertex 2.3 4 1.8
      vertex 0 4 1.8
      vertex 2.3 30.9 1.8
    endloop
  endfacet
  facet normal 0 0 -1
    outer loop
      vertex 0.304482 2.46927 1.8
      vertex 2.4294 3.34944 1.8
      vertex 0.535898 2 1.8
    endloop
  endfacet
  facet normal 0 0 -1
    outer loop
      vertex 0 30.9 1.8
      vertex 2.3 30.9 1.8
      vertex 0 4 1.8
    endloop
  endfacet
  facet normal -0 0 -1
    outer loop
      vertex 2.4294 3.34944 1.8
      vertex 0.304482 2.46927 1.8
      vertex 2.35793 3.56001 1.8
    endloop
  endfacet
  facet normal 0 -0 -1
    outer loop
      vertex 0.0342197 31.4221 1.8
      vertex 2.3 30.9 1.8
      vertex 0 30.9 1.8
    endloop
  endfacet
  facet normal 0 0 -1
    outer loop
      vertex 0.136296 2.96472 1.8
      vertex 2.35793 3.56001 1.8
      vertex 0.304482 2.46927 1.8
    endloop
  endfacet
  facet normal 0 0 -1
    outer loop
      vertex 2.9651 32.2487 1.8
      vertex 1.56495 34.0734 1.8
      vertex 2 34.3641 1.8
    endloop
  endfacet
  facet normal -0 0 -1
    outer loop
      vertex 2.35793 3.56001 1.8
      vertex 0.136296 2.96472 1.8
      vertex 2.31454 3.7781 1.8
    endloop
  endfacet
  facet normal 0 0 -1
    outer loop
      vertex 2.79792 32.1021 1.8
      vertex 1.17157 33.7284 1.8
      vertex 1.56495 34.0734 1.8
    endloop
  endfacet
  facet normal 0 0 -1
    outer loop
      vertex 0.0342197 3.47789 1.8
      vertex 2.31454 3.7781 1.8
      vertex 0.136296 2.96472 1.8
    endloop
  endfacet
  facet normal 0 0 -1
    outer loop
      vertex 2.6513 31.9349 1.8
      vertex 0.826586 33.335 1.8
      vertex 1.17157 33.7284 1.8
    endloop
  endfacet
  facet normal -0 0 -1
    outer loop
      vertex 2.31454 3.7781 1.8
      vertex 0.0342197 3.47789 1.8
      vertex 2.3 4 1.8
    endloop
  endfacet
  facet normal 0 0 -1
    outer loop
      vertex 2.52776 31.75 1.8
      vertex 0.535898 32.9 1.8
      vertex 0.826586 33.335 1.8
    endloop
  endfacet
  facet normal -0 0 -1
    outer loop
      vertex 2.3 4 1.8
      vertex 0.0342197 3.47789 1.8
      vertex 0 4 1.8
    endloop
  endfacet
  facet normal 0 0 -1
    outer loop
      vertex 2.4294 31.5506 1.8
      vertex 0.304482 32.4307 1.8
      vertex 0.535898 32.9 1.8
    endloop
  endfacet
  facet normal 0 0 -1
    outer loop
      vertex 2.35793 31.34 1.8
      vertex 0.136296 31.9353 1.8
      vertex 0.304482 32.4307 1.8
    endloop
  endfacet
  facet normal 0 0 -1
    outer loop
      vertex 2.31454 31.1219 1.8
      vertex 0.0342197 31.4221 1.8
      vertex 0.136296 31.9353 1.8
    endloop
  endfacet
  facet normal 0 0 -1
    outer loop
      vertex 18.35 17.85 1.8
      vertex 40.55 19.45 1.8
      vertex 40.55 17.85 1.8
    endloop
  endfacet
  facet normal -0 0 -1
    outer loop
      vertex 40.55 19.45 1.8
      vertex 18.35 17.85 1.8
      vertex 18.35 19.45 1.8
    endloop
  endfacet
  facet normal 0 0 -1
    outer loop
      vertex 18.35 14.65 1.8
      vertex 40.55 16.25 1.8
      vertex 40.55 14.65 1.8
    endloop
  endfacet
  facet normal -0 0 -1
    outer loop
      vertex 40.55 16.25 1.8
      vertex 18.35 14.65 1.8
      vertex 18.35 16.25 1.8
    endloop
  endfacet
  facet normal 0 0 -1
    outer loop
      vertex 18.35 11.45 1.8
      vertex 40.55 13.05 1.8
      vertex 40.55 11.45 1.8
    endloop
  endfacet
  facet normal -0 0 -1
    outer loop
      vertex 40.55 13.05 1.8
      vertex 18.35 11.45 1.8
      vertex 18.35 13.05 1.8
    endloop
  endfacet
  facet normal 0 0 -1
    outer loop
      vertex 65.1896 6.60489 1.8
      vertex 66.3 4 1.8
      vertex 65.2506 6.42529 1.8
    endloop
  endfacet
  facet normal 0 0 -1
    outer loop
      vertex 66.3 30.9 1.8
      vertex 65.2876 28.7607 1.8
      vertex 65.3 28.95 1.8
    endloop
  endfacet
  facet normal 0 0 -1
    outer loop
      vertex 66.3 4 1.8
      vertex 65.1896 6.60489 1.8
      vertex 66.3 30.9 1.8
    endloop
  endfacet
  facet normal 0 0 -1
    outer loop
      vertex 66.3 30.9 1.8
      vertex 65.2506 28.5747 1.8
      vertex 65.2876 28.7607 1.8
    endloop
  endfacet
  facet normal 0 0 -1
    outer loop
      vertex 65.1896 28.3951 1.8
      vertex 66.3 30.9 1.8
      vertex 65.1896 6.60489 1.8
    endloop
  endfacet
  facet normal 0 0 -1
    outer loop
      vertex 66.3 30.9 1.8
      vertex 65.1896 28.3951 1.8
      vertex 65.2506 28.5747 1.8
    endloop
  endfacet
  facet normal 0 0 -1
    outer loop
      vertex 65.1057 6.775 1.8
      vertex 65.1896 28.3951 1.8
      vertex 65.1896 6.60489 1.8
    endloop
  endfacet
  facet normal 0 0 -1
    outer loop
      vertex 65.1057 6.775 1.8
      vertex 65.1057 28.225 1.8
      vertex 65.1896 28.3951 1.8
    endloop
  endfacet
  facet normal 0 0 -1
    outer loop
      vertex 65.0004 6.9327 1.8
      vertex 65.1057 28.225 1.8
      vertex 65.1057 6.775 1.8
    endloop
  endfacet
  facet normal 0 0 -1
    outer loop
      vertex 65.0004 6.9327 1.8
      vertex 65.0004 28.0673 1.8
      vertex 65.1057 28.225 1.8
    endloop
  endfacet
  facet normal 0 0 -1
    outer loop
      vertex 64.8753 7.0753 1.8
      vertex 65.0004 28.0673 1.8
      vertex 65.0004 6.9327 1.8
    endloop
  endfacet
  facet normal 0 0 -1
    outer loop
      vertex 64.8753 7.0753 1.8
      vertex 64.8753 27.9247 1.8
      vertex 65.0004 28.0673 1.8
    endloop
  endfacet
  facet normal 0 0 -1
    outer loop
      vertex 64.7327 7.20036 1.8
      vertex 64.8753 27.9247 1.8
      vertex 64.8753 7.0753 1.8
    endloop
  endfacet
  facet normal 0 0 -1
    outer loop
      vertex 64.7327 7.20036 1.8
      vertex 64.7327 27.7996 1.8
      vertex 64.8753 27.9247 1.8
    endloop
  endfacet
  facet normal 0 0 -1
    outer loop
      vertex 64.575 7.30574 1.8
      vertex 64.7327 27.7996 1.8
      vertex 64.7327 7.20036 1.8
    endloop
  endfacet
  facet normal 0 0 -1
    outer loop
      vertex 64.575 7.30574 1.8
      vertex 64.575 27.6943 1.8
      vertex 64.7327 27.7996 1.8
    endloop
  endfacet
  facet normal 0 0 -1
    outer loop
      vertex 64.4049 7.38962 1.8
      vertex 64.575 27.6943 1.8
      vertex 64.575 7.30574 1.8
    endloop
  endfacet
  facet normal 0 0 -1
    outer loop
      vertex 64.4049 7.38962 1.8
      vertex 64.4049 27.6104 1.8
      vertex 64.575 27.6943 1.8
    endloop
  endfacet
  facet normal 0 0 -1
    outer loop
      vertex 64.2253 7.45059 1.8
      vertex 64.4049 27.6104 1.8
      vertex 64.4049 7.38962 1.8
    endloop
  endfacet
  facet normal 0 0 -1
    outer loop
      vertex 64.2253 7.45059 1.8
      vertex 64.2253 27.5494 1.8
      vertex 64.4049 27.6104 1.8
    endloop
  endfacet
  facet normal 0 0 -1
    outer loop
      vertex 61.1 25.99 1.8
      vertex 64.2253 7.45059 1.8
      vertex 64.0393 7.48759 1.8
    endloop
  endfacet
  facet normal 0 0 -1
    outer loop
      vertex 64.2253 7.45059 1.8
      vertex 61.1 25.99 1.8
      vertex 64.2253 27.5494 1.8
    endloop
  endfacet
  facet normal 0 0 -1
    outer loop
      vertex 61.1 25.99 1.8
      vertex 64.0393 7.48759 1.8
      vertex 63.85 7.5 1.8
    endloop
  endfacet
  facet normal 0 0 -1
    outer loop
      vertex 64.2253 27.5494 1.8
      vertex 61.1 25.99 1.8
      vertex 64.0393 27.5124 1.8
    endloop
  endfacet
  facet normal 0 0 -1
    outer loop
      vertex 61.1 25.99 1.8
      vertex 63.85 7.5 1.8
      vertex 63.6607 7.48759 1.8
    endloop
  endfacet
  facet normal 0 0 -1
    outer loop
      vertex 64.0393 27.5124 1.8
      vertex 61.1 25.99 1.8
      vertex 63.85 27.5 1.8
    endloop
  endfacet
  facet normal 0 0 -1
    outer loop
      vertex 61.1 25.99 1.8
      vertex 63.6607 7.48759 1.8
      vertex 63.4747 7.45059 1.8
    endloop
  endfacet
  facet normal -0 0 -1
    outer loop
      vertex 63.85 27.5 1.8
      vertex 61.1 25.99 1.8
      vertex 63.6607 27.5124 1.8
    endloop
  endfacet
  facet normal 0 0 -1
    outer loop
      vertex 61.1 25.99 1.8
      vertex 63.4747 7.45059 1.8
      vertex 63.2951 7.38962 1.8
    endloop
  endfacet
  facet normal -0 0 -1
    outer loop
      vertex 63.6607 27.5124 1.8
      vertex 61.1 25.99 1.8
      vertex 63.4747 27.5494 1.8
    endloop
  endfacet
  facet normal 0 0 -1
    outer loop
      vertex 61.1 25.99 1.8
      vertex 63.2951 7.38962 1.8
      vertex 63.125 7.30574 1.8
    endloop
  endfacet
  facet normal -0 0 -1
    outer loop
      vertex 63.4747 27.5494 1.8
      vertex 61.1 25.99 1.8
      vertex 63.2951 27.6104 1.8
    endloop
  endfacet
  facet normal 0 0 -1
    outer loop
      vertex 61.1 25.99 1.8
      vertex 63.125 7.30574 1.8
      vertex 62.9673 7.20036 1.8
    endloop
  endfacet
  facet normal -0 0 -1
    outer loop
      vertex 63.2951 27.6104 1.8
      vertex 61.1 25.99 1.8
      vertex 63.125 27.6943 1.8
    endloop
  endfacet
  facet normal 0 0 -1
    outer loop
      vertex 61.1 25.99 1.8
      vertex 62.9673 7.20036 1.8
      vertex 62.8247 7.0753 1.8
    endloop
  endfacet
  facet normal -0 0 -1
    outer loop
      vertex 63.125 27.6943 1.8
      vertex 61.1 25.99 1.8
      vertex 62.9673 27.7996 1.8
    endloop
  endfacet
  facet normal 0 0 -1
    outer loop
      vertex 40.55 16.25 1.8
      vertex 62.8247 7.0753 1.8
      vertex 62.6996 6.9327 1.8
    endloop
  endfacet
  facet normal -0 0 -1
    outer loop
      vertex 62.9673 27.7996 1.8
      vertex 61.1 25.99 1.8
      vertex 62.8247 27.9247 1.8
    endloop
  endfacet
  facet normal 0 0 -1
    outer loop
      vertex 40.55 13.05 1.8
      vertex 62.6996 6.9327 1.8
      vertex 62.5943 6.775 1.8
    endloop
  endfacet
  facet normal -0 0 -1
    outer loop
      vertex 62.8247 27.9247 1.8
      vertex 61.1 25.99 1.8
      vertex 62.6996 28.0673 1.8
    endloop
  endfacet
  facet normal 0 0 -1
    outer loop
      vertex 40.55 11.45 1.8
      vertex 62.5943 6.775 1.8
      vertex 62.5104 6.60489 1.8
    endloop
  endfacet
  facet normal -0 0 -1
    outer loop
      vertex 62.6996 28.0673 1.8
      vertex 61.1 25.99 1.8
      vertex 62.5943 28.225 1.8
    endloop
  endfacet
  facet normal 0 0 -1
    outer loop
      vertex 40.55 9.85 1.8
      vertex 62.5104 6.60489 1.8
      vertex 62.4494 6.42529 1.8
    endloop
  endfacet
  facet normal -0 0 -1
    outer loop
      vertex 62.5943 28.225 1.8
      vertex 61.1 25.99 1.8
      vertex 62.5104 28.3951 1.8
    endloop
  endfacet
  facet normal 0 0 -1
    outer loop
      vertex 40.55 9.85 1.8
      vertex 62.4494 6.42529 1.8
      vertex 62.4124 6.23926 1.8
    endloop
  endfacet
  facet normal -0 0 -1
    outer loop
      vertex 62.5104 28.3951 1.8
      vertex 61.1 25.99 1.8
      vertex 62.4494 28.5747 1.8
    endloop
  endfacet
  facet normal 0 0 -1
    outer loop
      vertex 40.55 9.85 1.8
      vertex 62.4124 6.23926 1.8
      vertex 62.4 6.05 1.8
    endloop
  endfacet
  facet normal -0 0 -1
    outer loop
      vertex 62.4494 28.5747 1.8
      vertex 61.1 25.99 1.8
      vertex 62.4124 28.7607 1.8
    endloop
  endfacet
  facet normal 0 0 -1
    outer loop
      vertex 65.9 3.6 1.8
      vertex 66.3 4 1.8
      vertex 66.2966 3.94779 1.8
    endloop
  endfacet
  facet normal 0 0 -1
    outer loop
      vertex 65.2876 6.23926 1.8
      vertex 66.3 4 1.8
      vertex 65.3 6.05 1.8
    endloop
  endfacet
  facet normal 0 0 -1
    outer loop
      vertex 65.9 3.6 1.8
      vertex 66.2966 3.94779 1.8
      vertex 66.2864 3.89647 1.8
    endloop
  endfacet
  facet normal 0 0 -1
    outer loop
      vertex 65.2506 6.42529 1.8
      vertex 66.3 4 1.8
      vertex 65.2876 6.23926 1.8
    endloop
  endfacet
  facet normal 0 0 -1
    outer loop
      vertex 65.9 3.6 1.8
      vertex 66.2864 3.89647 1.8
      vertex 66.2695 3.84693 1.8
    endloop
  endfacet
  facet normal 0 0 -1
    outer loop
      vertex 65.2876 29.1393 1.8
      vertex 66.3 30.9 1.8
      vertex 65.3 28.95 1.8
    endloop
  endfacet
  facet normal 0 0 -1
    outer loop
      vertex 65.9 3.6 1.8
      vertex 66.2695 3.84693 1.8
      vertex 66.2464 3.8 1.8
    endloop
  endfacet
  facet normal 0 0 -1
    outer loop
      vertex 65.2506 29.3253 1.8
      vertex 66.3 30.9 1.8
      vertex 65.2876 29.1393 1.8
    endloop
  endfacet
  facet normal 0 0 -1
    outer loop
      vertex 65.9 3.6 1.8
      vertex 66.2464 3.8 1.8
      vertex 66.2173 3.75649 1.8
    endloop
  endfacet
  facet normal 0 0 -1
    outer loop
      vertex 65.1896 29.5049 1.8
      vertex 66.3 30.9 1.8
      vertex 65.2506 29.3253 1.8
    endloop
  endfacet
  facet normal 0 0 -1
    outer loop
      vertex 65.9 3.6 1.8
      vertex 66.2173 3.75649 1.8
      vertex 66.1828 3.71716 1.8
    endloop
  endfacet
  facet normal 0 0 -1
    outer loop
      vertex 65.1057 29.675 1.8
      vertex 66.3 30.9 1.8
      vertex 65.1896 29.5049 1.8
    endloop
  endfacet
  facet normal 0 0 -1
    outer loop
      vertex 65.9 3.6 1.8
      vertex 66.1828 3.71716 1.8
      vertex 66.1435 3.68266 1.8
    endloop
  endfacet
  facet normal 0 0 -1
    outer loop
      vertex 65.0004 29.8327 1.8
      vertex 66.3 30.9 1.8
      vertex 65.1057 29.675 1.8
    endloop
  endfacet
  facet normal 0 0 -1
    outer loop
      vertex 65.9 3.6 1.8
      vertex 66.1435 3.68266 1.8
      vertex 66.1 3.65359 1.8
    endloop
  endfacet
  facet normal 0 0 -1
    outer loop
      vertex 64.8753 29.9753 1.8
      vertex 66.3 30.9 1.8
      vertex 65.0004 29.8327 1.8
    endloop
  endfacet
  facet normal 0 0 -1
    outer loop
      vertex 65.9 3.6 1.8
      vertex 66.1 3.65359 1.8
      vertex 66.0531 3.63045 1.8
    endloop
  endfacet
  facet normal 0 -0 -1
    outer loop
      vertex 65.9 31.3 1.8
      vertex 66.3 30.9 1.8
      vertex 64.8753 29.9753 1.8
    endloop
  endfacet
  facet normal 0 0 -1
    outer loop
      vertex 65.9 3.6 1.8
      vertex 66.0531 3.63045 1.8
      vertex 66.0035 3.61363 1.8
    endloop
  endfacet
  facet normal 0 0 -1
    outer loop
      vertex 66.3 30.9 1.8
      vertex 65.9 31.3 1.8
      vertex 66.2966 30.9522 1.8
    endloop
  endfacet
  facet normal 0 0 -1
    outer loop
      vertex 65.9 3.6 1.8
      vertex 66.0035 3.61363 1.8
      vertex 65.9522 3.60342 1.8
    endloop
  endfacet
  facet normal 0 0 -1
    outer loop
      vertex 66.2864 31.0035 1.8
      vertex 65.9 31.3 1.8
      vertex 66.2695 31.0531 1.8
    endloop
  endfacet
  facet normal -0 0 -1
    outer loop
      vertex 66.3 4 1.8
      vertex 65.9 3.6 1.8
      vertex 64.8753 5.02469 1.8
    endloop
  endfacet
  facet normal 0 0 -1
    outer loop
      vertex 66.2695 31.0531 1.8
      vertex 65.9 31.3 1.8
      vertex 66.2464 31.1 1.8
    endloop
  endfacet
  facet normal 0 0 -1
    outer loop
      vertex 66.2464 31.1 1.8
      vertex 65.9 31.3 1.8
      vertex 66.2173 31.1435 1.8
    endloop
  endfacet
  facet normal 0 0 -1
    outer loop
      vertex 66.3 4 1.8
      vertex 65.2876 5.86074 1.8
      vertex 65.3 6.05 1.8
    endloop
  endfacet
  facet normal 0 0 -1
    outer loop
      vertex 66.3 4 1.8
      vertex 65.2506 5.67471 1.8
      vertex 65.2876 5.86074 1.8
    endloop
  endfacet
  facet normal 0 0 -1
    outer loop
      vertex 66.3 4 1.8
      vertex 65.1896 5.49511 1.8
      vertex 65.2506 5.67471 1.8
    endloop
  endfacet
  facet normal 0 0 -1
    outer loop
      vertex 66.3 4 1.8
      vertex 65.1057 5.325 1.8
      vertex 65.1896 5.49511 1.8
    endloop
  endfacet
  facet normal 0 0 -1
    outer loop
      vertex 66.3 4 1.8
      vertex 65.0004 5.1673 1.8
      vertex 65.1057 5.325 1.8
    endloop
  endfacet
  facet normal 0 0 -1
    outer loop
      vertex 66.3 4 1.8
      vertex 64.8753 5.02469 1.8
      vertex 65.0004 5.1673 1.8
    endloop
  endfacet
  facet normal 0 0 -1
    outer loop
      vertex 65.9 3.6 1.8
      vertex 64.7327 4.89964 1.8
      vertex 64.8753 5.02469 1.8
    endloop
  endfacet
  facet normal 0 0 -1
    outer loop
      vertex 65.9 3.6 1.8
      vertex 64.575 4.79426 1.8
      vertex 64.7327 4.89964 1.8
    endloop
  endfacet
  facet normal 0 0 -1
    outer loop
      vertex 65.9 3.6 1.8
      vertex 64.4049 4.71037 1.8
      vertex 64.575 4.79426 1.8
    endloop
  endfacet
  facet normal 0 0 -1
    outer loop
      vertex 65.9 3.6 1.8
      vertex 64.2253 4.64941 1.8
      vertex 64.4049 4.71037 1.8
    endloop
  endfacet
  facet normal 0 0 -1
    outer loop
      vertex 65.9 3.6 1.8
      vertex 64.0393 4.6124 1.8
      vertex 64.2253 4.64941 1.8
    endloop
  endfacet
  facet normal 0 0 -1
    outer loop
      vertex 65.9 3.6 1.8
      vertex 63.85 4.6 1.8
      vertex 64.0393 4.6124 1.8
    endloop
  endfacet
  facet normal 0 0 -1
    outer loop
      vertex 65.9 3.6 1.8
      vertex 63.6607 4.6124 1.8
      vertex 63.85 4.6 1.8
    endloop
  endfacet
  facet normal 0 0 -1
    outer loop
      vertex 65.9 3.6 1.8
      vertex 63.4747 4.64941 1.8
      vertex 63.6607 4.6124 1.8
    endloop
  endfacet
  facet normal 0 0 -1
    outer loop
      vertex 65.9 3.6 1.8
      vertex 63.2951 4.71037 1.8
      vertex 63.4747 4.64941 1.8
    endloop
  endfacet
  facet normal -0 0 -1
    outer loop
      vertex 62.4124 28.7607 1.8
      vertex 61.1 25.99 1.8
      vertex 62.4 28.95 1.8
    endloop
  endfacet
  facet normal 0 0 -1
    outer loop
      vertex 62.5104 6.60489 1.8
      vertex 40.55 9.85 1.8
      vertex 40.55 11.45 1.8
    endloop
  endfacet
  facet normal 0 0 -1
    outer loop
      vertex 62.4124 5.86074 1.8
      vertex 40.55 9.85 1.8
      vertex 62.4 6.05 1.8
    endloop
  endfacet
  facet normal 0 0 -1
    outer loop
      vertex 62.4494 5.67471 1.8
      vertex 40.55 9.85 1.8
      vertex 62.4124 5.86074 1.8
    endloop
  endfacet
  facet normal 0 0 -1
    outer loop
      vertex 62.5104 5.49511 1.8
      vertex 40.55 9.85 1.8
      vertex 62.4494 5.67471 1.8
    endloop
  endfacet
  facet normal 0 0 -1
    outer loop
      vertex 62.5943 5.325 1.8
      vertex 40.55 9.85 1.8
      vertex 62.5104 5.49511 1.8
    endloop
  endfacet
  facet normal 0 0 -1
    outer loop
      vertex 62.6996 5.1673 1.8
      vertex 40.55 9.85 1.8
      vertex 62.5943 5.325 1.8
    endloop
  endfacet
  facet normal 0 0 -1
    outer loop
      vertex 62.8247 5.02469 1.8
      vertex 40.55 9.85 1.8
      vertex 62.6996 5.1673 1.8
    endloop
  endfacet
  facet normal 0 0 -1
    outer loop
      vertex 62.9673 4.89964 1.8
      vertex 40.55 9.85 1.8
      vertex 62.8247 5.02469 1.8
    endloop
  endfacet
  facet normal 0 0 -1
    outer loop
      vertex 63.125 4.79426 1.8
      vertex 40.55 9.85 1.8
      vertex 62.9673 4.89964 1.8
    endloop
  endfacet
  facet normal 0 0 -1
    outer loop
      vertex 63.2951 4.71037 1.8
      vertex 40.55 9.85 1.8
      vertex 63.125 4.79426 1.8
    endloop
  endfacet
  facet normal 0 0 -1
    outer loop
      vertex 65.9 3.6 1.8
      vertex 40.55 9.85 1.8
      vertex 63.2951 4.71037 1.8
    endloop
  endfacet
  facet normal 0 0 -1
    outer loop
      vertex 4 3.6 1.8
      vertex 40.55 9.85 1.8
      vertex 65.9 3.6 1.8
    endloop
  endfacet
  facet normal 0 0 -1
    outer loop
      vertex 7.15036 6.9327 1.8
      vertex 18.35 11.45 1.8
      vertex 18.35 9.85 1.8
    endloop
  endfacet
  facet normal -0 0 -1
    outer loop
      vertex 18.35 11.45 1.8
      vertex 7.0253 7.0753 1.8
      vertex 18.35 13.05 1.8
    endloop
  endfacet
  facet normal 0 0 -1
    outer loop
      vertex 6.8827 7.20036 1.8
      vertex 18.35 13.05 1.8
      vertex 7.0253 7.0753 1.8
    endloop
  endfacet
  facet normal -0 0 -1
    outer loop
      vertex 18.35 13.05 1.8
      vertex 6.725 7.30574 1.8
      vertex 18.35 14.65 1.8
    endloop
  endfacet
  facet normal 0 0 -1
    outer loop
      vertex 6.55489 7.38962 1.8
      vertex 18.35 14.65 1.8
      vertex 6.725 7.30574 1.8
    endloop
  endfacet
  facet normal 0 0 -1
    outer loop
      vertex 6.37529 7.45059 1.8
      vertex 18.35 16.25 1.8
      vertex 6.55489 7.38962 1.8
    endloop
  endfacet
  facet normal 0 -0 -1
    outer loop
      vertex 8.7 25.99 1.8
      vertex 18.35 16.25 1.8
      vertex 6.37529 7.45059 1.8
    endloop
  endfacet
  facet normal 0 0 -1
    outer loop
      vertex 8.7 25.99 1.8
      vertex 7.5 28.9 1.8
      vertex 8.7 31.3 1.8
    endloop
  endfacet
  facet normal 0 0 -1
    outer loop
      vertex 8.7 25.99 1.8
      vertex 7.48759 28.7107 1.8
      vertex 7.5 28.9 1.8
    endloop
  endfacet
  facet normal 0 0 -1
    outer loop
      vertex 8.7 25.99 1.8
      vertex 7.45059 28.5247 1.8
      vertex 7.48759 28.7107 1.8
    endloop
  endfacet
  facet normal 0 0 -1
    outer loop
      vertex 7.40059 6.42529 1.8
      vertex 18.35 9.85 1.8
      vertex 7.43759 6.23926 1.8
    endloop
  endfacet
  facet normal 0 0 -1
    outer loop
      vertex 7.43759 6.23926 1.8
      vertex 18.35 9.85 1.8
      vertex 7.45 6.05 1.8
    endloop
  endfacet
  facet normal -0 0 -1
    outer loop
      vertex 40.55 9.85 1.8
      vertex 6.725 4.79426 1.8
      vertex 18.35 9.85 1.8
    endloop
  endfacet
  facet normal 0 0 -1
    outer loop
      vertex 18.35 9.85 1.8
      vertex 7.43759 5.86074 1.8
      vertex 7.45 6.05 1.8
    endloop
  endfacet
  facet normal 0 0 -1
    outer loop
      vertex 18.35 9.85 1.8
      vertex 7.40059 5.67471 1.8
      vertex 7.43759 5.86074 1.8
    endloop
  endfacet
  facet normal 0 0 -1
    outer loop
      vertex 18.35 9.85 1.8
      vertex 7.33962 5.49511 1.8
      vertex 7.40059 5.67471 1.8
    endloop
  endfacet
  facet normal 0 0 -1
    outer loop
      vertex 18.35 9.85 1.8
      vertex 7.25574 5.325 1.8
      vertex 7.33962 5.49511 1.8
    endloop
  endfacet
  facet normal 0 0 -1
    outer loop
      vertex 18.35 9.85 1.8
      vertex 7.15036 5.1673 1.8
      vertex 7.25574 5.325 1.8
    endloop
  endfacet
  facet normal 0 0 -1
    outer loop
      vertex 18.35 9.85 1.8
      vertex 7.0253 5.02469 1.8
      vertex 7.15036 5.1673 1.8
    endloop
  endfacet
  facet normal 0 0 -1
    outer loop
      vertex 18.35 9.85 1.8
      vertex 6.8827 4.89964 1.8
      vertex 7.0253 5.02469 1.8
    endloop
  endfacet
  facet normal 0 0 -1
    outer loop
      vertex 18.35 9.85 1.8
      vertex 6.725 4.79426 1.8
      vertex 6.8827 4.89964 1.8
    endloop
  endfacet
  facet normal 0 0 -1
    outer loop
      vertex 40.55 9.85 1.8
      vertex 6.55489 4.71037 1.8
      vertex 6.725 4.79426 1.8
    endloop
  endfacet
  facet normal 0 0 -1
    outer loop
      vertex 40.55 9.85 1.8
      vertex 4 3.6 1.8
      vertex 6.55489 4.71037 1.8
    endloop
  endfacet
  facet normal 0 0 -1
    outer loop
      vertex 6.55489 4.71037 1.8
      vertex 4 3.6 1.8
      vertex 6.37529 4.64941 1.8
    endloop
  endfacet
  facet normal 0 0 -1
    outer loop
      vertex 6.37529 4.64941 1.8
      vertex 4 3.6 1.8
      vertex 6.18926 4.6124 1.8
    endloop
  endfacet
  facet normal -0 0 -1
    outer loop
      vertex 4.59941 5.67471 1.8
      vertex 3.6 4 1.8
      vertex 4.5624 5.86074 1.8
    endloop
  endfacet
  facet normal -0 0 -1
    outer loop
      vertex 4.66037 5.49511 1.8
      vertex 3.6 4 1.8
      vertex 4.59941 5.67471 1.8
    endloop
  endfacet
  facet normal -0 0 -1
    outer loop
      vertex 4.74426 5.325 1.8
      vertex 3.6 4 1.8
      vertex 4.66037 5.49511 1.8
    endloop
  endfacet
  facet normal -0 0 -1
    outer loop
      vertex 4.84964 5.1673 1.8
      vertex 3.6 4 1.8
      vertex 4.74426 5.325 1.8
    endloop
  endfacet
  facet normal -0 0 -1
    outer loop
      vertex 4.97469 5.02469 1.8
      vertex 3.6 4 1.8
      vertex 4.84964 5.1673 1.8
    endloop
  endfacet
  facet normal 0 0 -1
    outer loop
      vertex 3.6 4 1.8
      vertex 4.97469 5.02469 1.8
      vertex 4 3.6 1.8
    endloop
  endfacet
  facet normal -0 0 -1
    outer loop
      vertex 5.1173 4.89964 1.8
      vertex 4 3.6 1.8
      vertex 4.97469 5.02469 1.8
    endloop
  endfacet
  facet normal -0 0 -1
    outer loop
      vertex 5.275 4.79426 1.8
      vertex 4 3.6 1.8
      vertex 5.1173 4.89964 1.8
    endloop
  endfacet
  facet normal -0 0 -1
    outer loop
      vertex 5.44511 4.71037 1.8
      vertex 4 3.6 1.8
      vertex 5.275 4.79426 1.8
    endloop
  endfacet
  facet normal -0 0 -1
    outer loop
      vertex 5.62471 4.64941 1.8
      vertex 4 3.6 1.8
      vertex 5.44511 4.71037 1.8
    endloop
  endfacet
  facet normal -0 0 -1
    outer loop
      vertex 5.81074 4.6124 1.8
      vertex 4 3.6 1.8
      vertex 5.62471 4.64941 1.8
    endloop
  endfacet
  facet normal -0 0 -1
    outer loop
      vertex 6 4.6 1.8
      vertex 4 3.6 1.8
      vertex 5.81074 4.6124 1.8
    endloop
  endfacet
  facet normal 0 0 -1
    outer loop
      vertex 6.18926 4.6124 1.8
      vertex 4 3.6 1.8
      vertex 6 4.6 1.8
    endloop
  endfacet
  facet normal 0 0 -1
    outer loop
      vertex 66.2173 31.1435 1.8
      vertex 65.9 31.3 1.8
      vertex 66.1828 31.1828 1.8
    endloop
  endfacet
  facet normal 0 0 -1
    outer loop
      vertex 66.1828 31.1828 1.8
      vertex 65.9 31.3 1.8
      vertex 66.1435 31.2173 1.8
    endloop
  endfacet
  facet normal 0 0 -1
    outer loop
      vertex 66.1435 31.2173 1.8
      vertex 65.9 31.3 1.8
      vertex 66.1 31.2464 1.8
    endloop
  endfacet
  facet normal 0 0 -1
    outer loop
      vertex 66.1 31.2464 1.8
      vertex 65.9 31.3 1.8
      vertex 66.0531 31.2696 1.8
    endloop
  endfacet
  facet normal 0 0 -1
    outer loop
      vertex 66.0531 31.2696 1.8
      vertex 65.9 31.3 1.8
      vertex 66.0035 31.2864 1.8
    endloop
  endfacet
  facet normal 0 0 -1
    outer loop
      vertex 66.0035 31.2864 1.8
      vertex 65.9 31.3 1.8
      vertex 65.9522 31.2966 1.8
    endloop
  endfacet
  facet normal 0 0 -1
    outer loop
      vertex 66.2966 30.9522 1.8
      vertex 65.9 31.3 1.8
      vertex 66.2864 31.0035 1.8
    endloop
  endfacet
  facet normal 0 0 -1
    outer loop
      vertex 64.7327 30.1004 1.8
      vertex 65.9 31.3 1.8
      vertex 64.8753 29.9753 1.8
    endloop
  endfacet
  facet normal 0 0 -1
    outer loop
      vertex 64.575 30.2057 1.8
      vertex 65.9 31.3 1.8
      vertex 64.7327 30.1004 1.8
    endloop
  endfacet
  facet normal 0 0 -1
    outer loop
      vertex 64.4049 30.2896 1.8
      vertex 65.9 31.3 1.8
      vertex 64.575 30.2057 1.8
    endloop
  endfacet
  facet normal 0 0 -1
    outer loop
      vertex 64.2253 30.3506 1.8
      vertex 65.9 31.3 1.8
      vertex 64.4049 30.2896 1.8
    endloop
  endfacet
  facet normal 0 0 -1
    outer loop
      vertex 64.0393 30.3876 1.8
      vertex 65.9 31.3 1.8
      vertex 64.2253 30.3506 1.8
    endloop
  endfacet
  facet normal 0 0 -1
    outer loop
      vertex 63.85 30.4 1.8
      vertex 65.9 31.3 1.8
      vertex 64.0393 30.3876 1.8
    endloop
  endfacet
  facet normal 0 0 -1
    outer loop
      vertex 63.6607 30.3876 1.8
      vertex 65.9 31.3 1.8
      vertex 63.85 30.4 1.8
    endloop
  endfacet
  facet normal 0 0 -1
    outer loop
      vertex 61.1 31.3 1.8
      vertex 63.6607 30.3876 1.8
      vertex 63.4747 30.3506 1.8
    endloop
  endfacet
  facet normal 0 0 -1
    outer loop
      vertex 61.1 31.3 1.8
      vertex 63.4747 30.3506 1.8
      vertex 63.2951 30.2896 1.8
    endloop
  endfacet
  facet normal 0 0 -1
    outer loop
      vertex 61.1 31.3 1.8
      vertex 62.4 28.95 1.8
      vertex 61.1 25.99 1.8
    endloop
  endfacet
  facet normal 0 0 -1
    outer loop
      vertex 62.4 28.95 1.8
      vertex 61.1 31.3 1.8
      vertex 62.4124 29.1393 1.8
    endloop
  endfacet
  facet normal 0 0 -1
    outer loop
      vertex 62.4124 29.1393 1.8
      vertex 61.1 31.3 1.8
      vertex 62.4494 29.3253 1.8
    endloop
  endfacet
  facet normal 0 0 -1
    outer loop
      vertex 63.6607 30.3876 1.8
      vertex 61.1 31.3 1.8
      vertex 65.9 31.3 1.8
    endloop
  endfacet
  facet normal 0 0 -1
    outer loop
      vertex 63.125 30.2057 1.8
      vertex 61.1 31.3 1.8
      vertex 63.2951 30.2896 1.8
    endloop
  endfacet
  facet normal 0 0 -1
    outer loop
      vertex 62.9673 30.1004 1.8
      vertex 61.1 31.3 1.8
      vertex 63.125 30.2057 1.8
    endloop
  endfacet
  facet normal 0 0 -1
    outer loop
      vertex 62.8247 29.9753 1.8
      vertex 61.1 31.3 1.8
      vertex 62.9673 30.1004 1.8
    endloop
  endfacet
  facet normal 0 0 -1
    outer loop
      vertex 62.6996 29.8327 1.8
      vertex 61.1 31.3 1.8
      vertex 62.8247 29.9753 1.8
    endloop
  endfacet
  facet normal 0 0 -1
    outer loop
      vertex 62.5943 29.675 1.8
      vertex 61.1 31.3 1.8
      vertex 62.6996 29.8327 1.8
    endloop
  endfacet
  facet normal 0 0 -1
    outer loop
      vertex 62.5104 29.5049 1.8
      vertex 61.1 31.3 1.8
      vertex 62.5943 29.675 1.8
    endloop
  endfacet
  facet normal 0 0 -1
    outer loop
      vertex 62.4494 29.3253 1.8
      vertex 61.1 31.3 1.8
      vertex 62.5104 29.5049 1.8
    endloop
  endfacet
  facet normal 0 0 -1
    outer loop
      vertex 62.5943 6.775 1.8
      vertex 40.55 11.45 1.8
      vertex 40.55 13.05 1.8
    endloop
  endfacet
  facet normal 0 0 -1
    outer loop
      vertex 62.6996 6.9327 1.8
      vertex 40.55 13.05 1.8
      vertex 40.55 14.65 1.8
    endloop
  endfacet
  facet normal 0 0 -1
    outer loop
      vertex 62.6996 6.9327 1.8
      vertex 40.55 14.65 1.8
      vertex 40.55 16.25 1.8
    endloop
  endfacet
  facet normal 0 0 -1
    outer loop
      vertex 62.8247 7.0753 1.8
      vertex 40.55 16.25 1.8
      vertex 61.1 25.99 1.8
    endloop
  endfacet
  facet normal 0 0 -1
    outer loop
      vertex 40.55 17.85 1.8
      vertex 61.1 25.99 1.8
      vertex 40.55 16.25 1.8
    endloop
  endfacet
  facet normal 0 0 -1
    outer loop
      vertex 40.55 19.45 1.8
      vertex 61.1 25.99 1.8
      vertex 40.55 17.85 1.8
    endloop
  endfacet
  facet normal 0 0 -1
    outer loop
      vertex 40.55 21.05 1.8
      vertex 61.1 25.99 1.8
      vertex 40.55 19.45 1.8
    endloop
  endfacet
  facet normal 0 0 -1
    outer loop
      vertex 8.7 25.99 1.8
      vertex 40.55 21.05 1.8
      vertex 18.35 21.05 1.8
    endloop
  endfacet
  facet normal 0 0 -1
    outer loop
      vertex 40.55 21.05 1.8
      vertex 8.7 25.99 1.8
      vertex 61.1 25.99 1.8
    endloop
  endfacet
  facet normal 0 0 -1
    outer loop
      vertex 7.48759 29.0893 1.8
      vertex 8.7 31.3 1.8
      vertex 7.5 28.9 1.8
    endloop
  endfacet
  facet normal 0 0 -1
    outer loop
      vertex 7.45059 29.2753 1.8
      vertex 8.7 31.3 1.8
      vertex 7.48759 29.0893 1.8
    endloop
  endfacet
  facet normal 0 0 -1
    outer loop
      vertex 7.38962 29.4549 1.8
      vertex 8.7 31.3 1.8
      vertex 7.45059 29.2753 1.8
    endloop
  endfacet
  facet normal 0 0 -1
    outer loop
      vertex 7.30574 29.625 1.8
      vertex 8.7 31.3 1.8
      vertex 7.38962 29.4549 1.8
    endloop
  endfacet
  facet normal 0 0 -1
    outer loop
      vertex 7.20036 29.7827 1.8
      vertex 8.7 31.3 1.8
      vertex 7.30574 29.625 1.8
    endloop
  endfacet
  facet normal 0 0 -1
    outer loop
      vertex 7.0753 29.9253 1.8
      vertex 8.7 31.3 1.8
      vertex 7.20036 29.7827 1.8
    endloop
  endfacet
  facet normal 0 0 -1
    outer loop
      vertex 6.9327 30.0504 1.8
      vertex 8.7 31.3 1.8
      vertex 7.0753 29.9253 1.8
    endloop
  endfacet
  facet normal 0 0 -1
    outer loop
      vertex 6.775 30.1557 1.8
      vertex 8.7 31.3 1.8
      vertex 6.9327 30.0504 1.8
    endloop
  endfacet
  facet normal 0 0 -1
    outer loop
      vertex 6.60489 30.2396 1.8
      vertex 8.7 31.3 1.8
      vertex 6.775 30.1557 1.8
    endloop
  endfacet
  facet normal 0 0 -1
    outer loop
      vertex 6.42529 30.3006 1.8
      vertex 8.7 31.3 1.8
      vertex 6.60489 30.2396 1.8
    endloop
  endfacet
  facet normal 0 0 -1
    outer loop
      vertex 6.23926 30.3376 1.8
      vertex 8.7 31.3 1.8
      vertex 6.42529 30.3006 1.8
    endloop
  endfacet
  facet normal 0 0 -1
    outer loop
      vertex 6.05 30.35 1.8
      vertex 8.7 31.3 1.8
      vertex 6.23926 30.3376 1.8
    endloop
  endfacet
  facet normal 0 0 -1
    outer loop
      vertex 4 31.3 1.8
      vertex 6.05 30.35 1.8
      vertex 5.86074 30.3376 1.8
    endloop
  endfacet
  facet normal 0 0 -1
    outer loop
      vertex 4 31.3 1.8
      vertex 5.86074 30.3376 1.8
      vertex 5.67471 30.3006 1.8
    endloop
  endfacet
  facet normal 0 0 -1
    outer loop
      vertex 4.64941 28.5247 1.8
      vertex 3.6 30.9 1.8
      vertex 4.6124 28.7107 1.8
    endloop
  endfacet
  facet normal 0 0 -1
    outer loop
      vertex 3.6 4 1.8
      vertex 4.5624 6.23926 1.8
      vertex 4.55 6.05 1.8
    endloop
  endfacet
  facet normal -0 0 -1
    outer loop
      vertex 4.5624 5.86074 1.8
      vertex 3.6 4 1.8
      vertex 4.55 6.05 1.8
    endloop
  endfacet
  facet normal 0 0 -1
    outer loop
      vertex 6.05 30.35 1.8
      vertex 4 31.3 1.8
      vertex 8.7 31.3 1.8
    endloop
  endfacet
  facet normal 0 0 -1
    outer loop
      vertex 5.49511 30.2396 1.8
      vertex 4 31.3 1.8
      vertex 5.67471 30.3006 1.8
    endloop
  endfacet
  facet normal 0 0 -1
    outer loop
      vertex 5.325 30.1557 1.8
      vertex 4 31.3 1.8
      vertex 5.49511 30.2396 1.8
    endloop
  endfacet
  facet normal 0 0 -1
    outer loop
      vertex 5.1673 30.0504 1.8
      vertex 4 31.3 1.8
      vertex 5.325 30.1557 1.8
    endloop
  endfacet
  facet normal 0 0 -1
    outer loop
      vertex 5.02469 29.9253 1.8
      vertex 4 31.3 1.8
      vertex 5.1673 30.0504 1.8
    endloop
  endfacet
  facet normal 0 0 -1
    outer loop
      vertex 3.6 30.9 1.8
      vertex 5.02469 29.9253 1.8
      vertex 4.89964 29.7827 1.8
    endloop
  endfacet
  facet normal 0 0 -1
    outer loop
      vertex 3.6 30.9 1.8
      vertex 4.89964 29.7827 1.8
      vertex 4.79426 29.625 1.8
    endloop
  endfacet
  facet normal 0 0 -1
    outer loop
      vertex 3.6 30.9 1.8
      vertex 4.79426 29.625 1.8
      vertex 4.71037 29.4549 1.8
    endloop
  endfacet
  facet normal 0 0 -1
    outer loop
      vertex 3.6 30.9 1.8
      vertex 4.71037 29.4549 1.8
      vertex 4.64941 29.2753 1.8
    endloop
  endfacet
  facet normal 0 0 -1
    outer loop
      vertex 3.6 30.9 1.8
      vertex 4.64941 29.2753 1.8
      vertex 4.6124 29.0893 1.8
    endloop
  endfacet
  facet normal 0 0 -1
    outer loop
      vertex 3.6 30.9 1.8
      vertex 4.6124 29.0893 1.8
      vertex 4.6 28.9 1.8
    endloop
  endfacet
  facet normal -0 0 -1
    outer loop
      vertex 4.5624 6.23926 1.8
      vertex 3.6 4 1.8
      vertex 3.6 30.9 1.8
    endloop
  endfacet
  facet normal 0 0 -1
    outer loop
      vertex 3.6 4 1.8
      vertex 4 3.6 1.8
      vertex 3.94779 3.60342 1.8
    endloop
  endfacet
  facet normal 0 0 -1
    outer loop
      vertex 4.6124 28.7107 1.8
      vertex 3.6 30.9 1.8
      vertex 4.6 28.9 1.8
    endloop
  endfacet
  facet normal 0 0 -1
    outer loop
      vertex 3.6 4 1.8
      vertex 3.94779 3.60342 1.8
      vertex 3.89647 3.61363 1.8
    endloop
  endfacet
  facet normal 0 0 -1
    outer loop
      vertex 5.02469 29.9253 1.8
      vertex 3.6 30.9 1.8
      vertex 4 31.3 1.8
    endloop
  endfacet
  facet normal 0 0 -1
    outer loop
      vertex 3.6 4 1.8
      vertex 3.89647 3.61363 1.8
      vertex 3.84693 3.63045 1.8
    endloop
  endfacet
  facet normal 0 0 -1
    outer loop
      vertex 4 31.3 1.8
      vertex 3.6 30.9 1.8
      vertex 3.94779 31.2966 1.8
    endloop
  endfacet
  facet normal 0 0 -1
    outer loop
      vertex 3.6 4 1.8
      vertex 3.84693 3.63045 1.8
      vertex 3.8 3.65359 1.8
    endloop
  endfacet
  facet normal 0 0 -1
    outer loop
      vertex 3.94779 31.2966 1.8
      vertex 3.6 30.9 1.8
      vertex 3.89647 31.2864 1.8
    endloop
  endfacet
  facet normal 0 0 -1
    outer loop
      vertex 3.6 4 1.8
      vertex 3.8 3.65359 1.8
      vertex 3.75649 3.68266 1.8
    endloop
  endfacet
  facet normal 0 0 -1
    outer loop
      vertex 3.89647 31.2864 1.8
      vertex 3.6 30.9 1.8
      vertex 3.84693 31.2696 1.8
    endloop
  endfacet
  facet normal 0 0 -1
    outer loop
      vertex 3.6 4 1.8
      vertex 3.75649 3.68266 1.8
      vertex 3.71716 3.71716 1.8
    endloop
  endfacet
  facet normal 0 0 -1
    outer loop
      vertex 3.84693 31.2696 1.8
      vertex 3.6 30.9 1.8
      vertex 3.8 31.2464 1.8
    endloop
  endfacet
  facet normal 0 0 -1
    outer loop
      vertex 3.6 4 1.8
      vertex 3.71716 3.71716 1.8
      vertex 3.68266 3.75649 1.8
    endloop
  endfacet
  facet normal 0 0 -1
    outer loop
      vertex 3.8 31.2464 1.8
      vertex 3.6 30.9 1.8
      vertex 3.75649 31.2173 1.8
    endloop
  endfacet
  facet normal 0 0 -1
    outer loop
      vertex 3.6 4 1.8
      vertex 3.68266 3.75649 1.8
      vertex 3.65359 3.8 1.8
    endloop
  endfacet
  facet normal 0 0 -1
    outer loop
      vertex 3.75649 31.2173 1.8
      vertex 3.6 30.9 1.8
      vertex 3.71716 31.1828 1.8
    endloop
  endfacet
  facet normal 0 0 -1
    outer loop
      vertex 3.6 4 1.8
      vertex 3.65359 3.8 1.8
      vertex 3.63045 3.84693 1.8
    endloop
  endfacet
  facet normal 0 0 -1
    outer loop
      vertex 3.71716 31.1828 1.8
      vertex 3.6 30.9 1.8
      vertex 3.68266 31.1435 1.8
    endloop
  endfacet
  facet normal 0 0 -1
    outer loop
      vertex 3.6 4 1.8
      vertex 3.63045 3.84693 1.8
      vertex 3.61363 3.89647 1.8
    endloop
  endfacet
  facet normal 0 0 -1
    outer loop
      vertex 3.68266 31.1435 1.8
      vertex 3.6 30.9 1.8
      vertex 3.65359 31.1 1.8
    endloop
  endfacet
  facet normal 0 0 -1
    outer loop
      vertex 3.6 4 1.8
      vertex 3.61363 3.89647 1.8
      vertex 3.60342 3.94779 1.8
    endloop
  endfacet
  facet normal 0 0 -1
    outer loop
      vertex 3.65359 31.1 1.8
      vertex 3.6 30.9 1.8
      vertex 3.63045 31.0531 1.8
    endloop
  endfacet
  facet normal 0 0 -1
    outer loop
      vertex 3.63045 31.0531 1.8
      vertex 3.6 30.9 1.8
      vertex 3.61363 31.0035 1.8
    endloop
  endfacet
  facet normal 0 0 -1
    outer loop
      vertex 3.61363 31.0035 1.8
      vertex 3.6 30.9 1.8
      vertex 3.60342 30.9522 1.8
    endloop
  endfacet
  facet normal 0 0 -1
    outer loop
      vertex 7.33962 6.60489 1.8
      vertex 18.35 9.85 1.8
      vertex 7.40059 6.42529 1.8
    endloop
  endfacet
  facet normal 0 0 -1
    outer loop
      vertex 7.25574 6.775 1.8
      vertex 18.35 9.85 1.8
      vertex 7.33962 6.60489 1.8
    endloop
  endfacet
  facet normal 0 0 -1
    outer loop
      vertex 8.7 25.99 1.8
      vertex 7.38962 28.3451 1.8
      vertex 7.45059 28.5247 1.8
    endloop
  endfacet
  facet normal 0 0 -1
    outer loop
      vertex 7.15036 6.9327 1.8
      vertex 18.35 9.85 1.8
      vertex 7.25574 6.775 1.8
    endloop
  endfacet
  facet normal 0 0 -1
    outer loop
      vertex 8.7 25.99 1.8
      vertex 7.30574 28.175 1.8
      vertex 7.38962 28.3451 1.8
    endloop
  endfacet
  facet normal 0 0 -1
    outer loop
      vertex 18.35 11.45 1.8
      vertex 7.15036 6.9327 1.8
      vertex 7.0253 7.0753 1.8
    endloop
  endfacet
  facet normal 0 0 -1
    outer loop
      vertex 8.7 25.99 1.8
      vertex 7.20036 28.0173 1.8
      vertex 7.30574 28.175 1.8
    endloop
  endfacet
  facet normal 0 0 -1
    outer loop
      vertex 6.725 7.30574 1.8
      vertex 18.35 13.05 1.8
      vertex 6.8827 7.20036 1.8
    endloop
  endfacet
  facet normal 0 0 -1
    outer loop
      vertex 8.7 25.99 1.8
      vertex 7.0753 27.8747 1.8
      vertex 7.20036 28.0173 1.8
    endloop
  endfacet
  facet normal -0 0 -1
    outer loop
      vertex 18.35 14.65 1.8
      vertex 6.55489 7.38962 1.8
      vertex 18.35 16.25 1.8
    endloop
  endfacet
  facet normal 0 0 -1
    outer loop
      vertex 8.7 25.99 1.8
      vertex 6.9327 27.7496 1.8
      vertex 7.0753 27.8747 1.8
    endloop
  endfacet
  facet normal 0 0 -1
    outer loop
      vertex 18.35 16.25 1.8
      vertex 8.7 25.99 1.8
      vertex 18.35 17.85 1.8
    endloop
  endfacet
  facet normal 0 0 -1
    outer loop
      vertex 8.7 25.99 1.8
      vertex 6.775 27.6443 1.8
      vertex 6.9327 27.7496 1.8
    endloop
  endfacet
  facet normal 0 0 -1
    outer loop
      vertex 18.35 19.45 1.8
      vertex 8.7 25.99 1.8
      vertex 18.35 21.05 1.8
    endloop
  endfacet
  facet normal 0 0 -1
    outer loop
      vertex 8.7 25.99 1.8
      vertex 6.60489 27.5604 1.8
      vertex 6.775 27.6443 1.8
    endloop
  endfacet
  facet normal 0 0 -1
    outer loop
      vertex 18.35 17.85 1.8
      vertex 8.7 25.99 1.8
      vertex 18.35 19.45 1.8
    endloop
  endfacet
  facet normal 0 0 -1
    outer loop
      vertex 8.7 25.99 1.8
      vertex 6.42529 27.4994 1.8
      vertex 6.60489 27.5604 1.8
    endloop
  endfacet
  facet normal 0 0 -1
    outer loop
      vertex 6.18926 7.48759 1.8
      vertex 8.7 25.99 1.8
      vertex 6.37529 7.45059 1.8
    endloop
  endfacet
  facet normal 0 0 -1
    outer loop
      vertex 8.7 25.99 1.8
      vertex 6.23926 27.4624 1.8
      vertex 6.42529 27.4994 1.8
    endloop
  endfacet
  facet normal 0 0 -1
    outer loop
      vertex 6 7.5 1.8
      vertex 8.7 25.99 1.8
      vertex 6.18926 7.48759 1.8
    endloop
  endfacet
  facet normal 0 0 -1
    outer loop
      vertex 8.7 25.99 1.8
      vertex 6.05 27.45 1.8
      vertex 6.23926 27.4624 1.8
    endloop
  endfacet
  facet normal 0 0 -1
    outer loop
      vertex 5.81074 7.48759 1.8
      vertex 8.7 25.99 1.8
      vertex 6 7.5 1.8
    endloop
  endfacet
  facet normal 0 0 -1
    outer loop
      vertex 8.7 25.99 1.8
      vertex 5.86074 27.4624 1.8
      vertex 6.05 27.45 1.8
    endloop
  endfacet
  facet normal 0 0 -1
    outer loop
      vertex 5.62471 7.45059 1.8
      vertex 8.7 25.99 1.8
      vertex 5.81074 7.48759 1.8
    endloop
  endfacet
  facet normal 0 0 -1
    outer loop
      vertex 8.7 25.99 1.8
      vertex 5.67471 27.4994 1.8
      vertex 5.86074 27.4624 1.8
    endloop
  endfacet
  facet normal -0 0 -1
    outer loop
      vertex 8.7 25.99 1.8
      vertex 5.62471 7.45059 1.8
      vertex 5.67471 27.4994 1.8
    endloop
  endfacet
  facet normal 0 0 -1
    outer loop
      vertex 5.62471 7.45059 1.8
      vertex 5.49511 27.5604 1.8
      vertex 5.67471 27.4994 1.8
    endloop
  endfacet
  facet normal 0 0 -1
    outer loop
      vertex 5.44511 7.38962 1.8
      vertex 5.49511 27.5604 1.8
      vertex 5.62471 7.45059 1.8
    endloop
  endfacet
  facet normal 0 0 -1
    outer loop
      vertex 5.44511 7.38962 1.8
      vertex 5.325 27.6443 1.8
      vertex 5.49511 27.5604 1.8
    endloop
  endfacet
  facet normal 0 0 -1
    outer loop
      vertex 5.275 7.30574 1.8
      vertex 5.325 27.6443 1.8
      vertex 5.44511 7.38962 1.8
    endloop
  endfacet
  facet normal 0 0 -1
    outer loop
      vertex 5.275 7.30574 1.8
      vertex 5.1673 27.7496 1.8
      vertex 5.325 27.6443 1.8
    endloop
  endfacet
  facet normal 0 0 -1
    outer loop
      vertex 5.1173 7.20036 1.8
      vertex 5.1673 27.7496 1.8
      vertex 5.275 7.30574 1.8
    endloop
  endfacet
  facet normal 0 0 -1
    outer loop
      vertex 5.1173 7.20036 1.8
      vertex 5.02469 27.8747 1.8
      vertex 5.1673 27.7496 1.8
    endloop
  endfacet
  facet normal 0 0 -1
    outer loop
      vertex 4.97469 7.0753 1.8
      vertex 5.02469 27.8747 1.8
      vertex 5.1173 7.20036 1.8
    endloop
  endfacet
  facet normal 0 0 -1
    outer loop
      vertex 4.97469 7.0753 1.8
      vertex 4.89964 28.0173 1.8
      vertex 5.02469 27.8747 1.8
    endloop
  endfacet
  facet normal 0 0 -1
    outer loop
      vertex 4.84964 6.9327 1.8
      vertex 4.89964 28.0173 1.8
      vertex 4.97469 7.0753 1.8
    endloop
  endfacet
  facet normal 0 0 -1
    outer loop
      vertex 4.84964 6.9327 1.8
      vertex 4.79426 28.175 1.8
      vertex 4.89964 28.0173 1.8
    endloop
  endfacet
  facet normal 0 0 -1
    outer loop
      vertex 4.74426 6.775 1.8
      vertex 4.79426 28.175 1.8
      vertex 4.84964 6.9327 1.8
    endloop
  endfacet
  facet normal 0 0 -1
    outer loop
      vertex 4.74426 6.775 1.8
      vertex 4.71037 28.3451 1.8
      vertex 4.79426 28.175 1.8
    endloop
  endfacet
  facet normal 0 0 -1
    outer loop
      vertex 4.66037 6.60489 1.8
      vertex 4.71037 28.3451 1.8
      vertex 4.74426 6.775 1.8
    endloop
  endfacet
  facet normal 0 0 -1
    outer loop
      vertex 3.6 30.9 1.8
      vertex 4.71037 28.3451 1.8
      vertex 4.66037 6.60489 1.8
    endloop
  endfacet
  facet normal 0 0 -1
    outer loop
      vertex 3.6 30.9 1.8
      vertex 4.66037 6.60489 1.8
      vertex 4.59941 6.42529 1.8
    endloop
  endfacet
  facet normal 0 0 -1
    outer loop
      vertex 4.71037 28.3451 1.8
      vertex 3.6 30.9 1.8
      vertex 4.64941 28.5247 1.8
    endloop
  endfacet
  facet normal 0 0 -1
    outer loop
      vertex 3.6 30.9 1.8
      vertex 4.59941 6.42529 1.8
      vertex 4.5624 6.23926 1.8
    endloop
  endfacet
  facet normal -0.997859 0.0654021 0
    outer loop
      vertex 0 30.9 1.8
      vertex 0.0342197 31.4221 3.8
      vertex 0.0342197 31.4221 1.8
    endloop
  endfacet
  facet normal -0.997859 0.0654021 0
    outer loop
      vertex 0.0342197 31.4221 3.8
      vertex 0 30.9 1.8
      vertex 0 30.9 3.8
    endloop
  endfacet
  facet normal -0.659362 0.751826 0
    outer loop
      vertex 1.56495 34.0734 1.8
      vertex 1.17157 33.7284 3.8
      vertex 1.56495 34.0734 3.8
    endloop
  endfacet
  facet normal -0.659362 0.751826 0
    outer loop
      vertex 1.17157 33.7284 3.8
      vertex 1.56495 34.0734 1.8
      vertex 1.17157 33.7284 1.8
    endloop
  endfacet
  facet normal 0.751826 -0.659362 0
    outer loop
      vertex 68.7284 1.17157 3.8
      vertex 69.0734 1.56495 1.8
      vertex 69.0734 1.56495 3.8
    endloop
  endfacet
  facet normal 0.751826 -0.659362 0
    outer loop
      vertex 69.0734 1.56495 1.8
      vertex 68.7284 1.17157 3.8
      vertex 68.7284 1.17157 1.8
    endloop
  endfacet
  facet normal -0.946918 0.321474 0
    outer loop
      vertex 0.136296 31.9353 1.8
      vertex 0.304482 32.4307 3.8
      vertex 0.304482 32.4307 1.8
    endloop
  endfacet
  facet normal -0.946918 0.321474 0
    outer loop
      vertex 0.304482 32.4307 3.8
      vertex 0.136296 31.9353 1.8
      vertex 0.136296 31.9353 3.8
    endloop
  endfacet
  facet normal 0.0654021 -0.997859 0
    outer loop
      vertex 65.9 0 1.8
      vertex 66.4221 0.0342197 3.8
      vertex 65.9 0 3.8
    endloop
  endfacet
  facet normal 0.0654021 -0.997859 0
    outer loop
      vertex 66.4221 0.0342197 3.8
      vertex 65.9 0 1.8
      vertex 66.4221 0.0342197 1.8
    endloop
  endfacet
  facet normal -0.442285 -0.896875 0
    outer loop
      vertex 2 0.535898 1.8
      vertex 2.46927 0.304482 3.8
      vertex 2 0.535898 3.8
    endloop
  endfacet
  facet normal -0.442285 -0.896875 -0
    outer loop
      vertex 2.46927 0.304482 3.8
      vertex 2 0.535898 1.8
      vertex 2.46927 0.304482 1.8
    endloop
  endfacet
  facet normal -0.195091 -0.980785 0
    outer loop
      vertex 2.96472 0.136296 1.8
      vertex 3.47789 0.0342197 3.8
      vertex 2.96472 0.136296 3.8
    endloop
  endfacet
  facet normal -0.195091 -0.980785 -0
    outer loop
      vertex 3.47789 0.0342197 3.8
      vertex 2.96472 0.136296 1.8
      vertex 3.47789 0.0342197 1.8
    endloop
  endfacet
  facet normal -0.0653634 0.997862 0
    outer loop
      vertex 4 34.9 1.8
      vertex 3.47789 34.8658 3.8
      vertex 4 34.9 3.8
    endloop
  endfacet
  facet normal -0.0653634 0.997862 0
    outer loop
      vertex 3.47789 34.8658 3.8
      vertex 4 34.9 1.8
      vertex 3.47789 34.8658 1.8
    endloop
  endfacet
  facet normal -0.195135 0.980776 0
    outer loop
      vertex 3.47789 34.8658 1.8
      vertex 2.96472 34.7637 3.8
      vertex 3.47789 34.8658 3.8
    endloop
  endfacet
  facet normal -0.195135 0.980776 0
    outer loop
      vertex 2.96472 34.7637 3.8
      vertex 3.47789 34.8658 1.8
      vertex 2.96472 34.7637 1.8
    endloop
  endfacet
  facet normal -0.555582 0.831462 0
    outer loop
      vertex 2 34.3641 1.8
      vertex 1.56495 34.0734 3.8
      vertex 2 34.3641 3.8
    endloop
  endfacet
  facet normal -0.555582 0.831462 0
    outer loop
      vertex 1.56495 34.0734 3.8
      vertex 2 34.3641 1.8
      vertex 1.56495 34.0734 1.8
    endloop
  endfacet
  facet normal 0.896898 0.442238 0
    outer loop
      vertex 69.5955 32.4307 3.8
      vertex 69.3641 32.9 1.8
      vertex 69.3641 32.9 3.8
    endloop
  endfacet
  facet normal 0.896898 0.442238 0
    outer loop
      vertex 69.3641 32.9 1.8
      vertex 69.5955 32.4307 3.8
      vertex 69.5955 32.4307 1.8
    endloop
  endfacet
  facet normal -0.555566 -0.831472 0
    outer loop
      vertex 1.56495 0.826586 1.8
      vertex 2 0.535898 3.8
      vertex 1.56495 0.826586 3.8
    endloop
  endfacet
  facet normal -0.555566 -0.831472 -0
    outer loop
      vertex 2 0.535898 3.8
      vertex 1.56495 0.826586 1.8
      vertex 2 0.535898 1.8
    endloop
  endfacet
  facet normal 0.751842 0.659343 0
    outer loop
      vertex 69.0734 33.335 3.8
      vertex 68.7284 33.7284 1.8
      vertex 68.7284 33.7284 3.8
    endloop
  endfacet
  facet normal 0.751842 0.659343 0
    outer loop
      vertex 68.7284 33.7284 1.8
      vertex 69.0734 33.335 3.8
      vertex 69.0734 33.335 1.8
    endloop
  endfacet
  facet normal -0.831472 -0.555566 0
    outer loop
      vertex 0.826586 1.56495 1.8
      vertex 0.535898 2 3.8
      vertex 0.535898 2 1.8
    endloop
  endfacet
  facet normal -0.831472 -0.555566 0
    outer loop
      vertex 0.535898 2 3.8
      vertex 0.826586 1.56495 1.8
      vertex 0.826586 1.56495 3.8
    endloop
  endfacet
  facet normal -0.980787 0.19508 0
    outer loop
      vertex 0.0342197 31.4221 1.8
      vertex 0.136296 31.9353 3.8
      vertex 0.136296 31.9353 1.8
    endloop
  endfacet
  facet normal -0.980787 0.19508 0
    outer loop
      vertex 0.136296 31.9353 3.8
      vertex 0.0342197 31.4221 1.8
      vertex 0.0342197 31.4221 3.8
    endloop
  endfacet
  facet normal 0.195124 0.980779 -0
    outer loop
      vertex 66.9353 34.7637 1.8
      vertex 66.4221 34.8658 3.8
      vertex 66.9353 34.7637 3.8
    endloop
  endfacet
  facet normal 0.195124 0.980779 0
    outer loop
      vertex 66.4221 34.8658 3.8
      vertex 66.9353 34.7637 1.8
      vertex 66.4221 34.8658 1.8
    endloop
  endfacet
  facet normal 0.321498 0.94691 -0
    outer loop
      vertex 67.4307 34.5955 1.8
      vertex 66.9353 34.7637 3.8
      vertex 67.4307 34.5955 3.8
    endloop
  endfacet
  facet normal 0.321498 0.94691 0
    outer loop
      vertex 66.9353 34.7637 3.8
      vertex 67.4307 34.5955 1.8
      vertex 66.9353 34.7637 1.8
    endloop
  endfacet
  facet normal 0.442238 0.896898 -0
    outer loop
      vertex 67.9 34.3641 1.8
      vertex 67.4307 34.5955 3.8
      vertex 67.9 34.3641 3.8
    endloop
  endfacet
  facet normal 0.442238 0.896898 0
    outer loop
      vertex 67.4307 34.5955 3.8
      vertex 67.9 34.3641 1.8
      vertex 67.4307 34.5955 1.8
    endloop
  endfacet
  facet normal 0.831462 -0.555582 0
    outer loop
      vertex 69.0734 1.56495 3.8
      vertex 69.3641 2 1.8
      vertex 69.3641 2 3.8
    endloop
  endfacet
  facet normal 0.831462 -0.555582 0
    outer loop
      vertex 69.3641 2 1.8
      vertex 69.0734 1.56495 3.8
      vertex 69.0734 1.56495 1.8
    endloop
  endfacet
  facet normal -0.896875 -0.442285 0
    outer loop
      vertex 0.535898 2 1.8
      vertex 0.304482 2.46927 3.8
      vertex 0.304482 2.46927 1.8
    endloop
  endfacet
  facet normal -0.896875 -0.442285 0
    outer loop
      vertex 0.304482 2.46927 3.8
      vertex 0.535898 2 1.8
      vertex 0.535898 2 3.8
    endloop
  endfacet
  facet normal -0.659345 -0.751841 0
    outer loop
      vertex 1.17157 1.17157 1.8
      vertex 1.56495 0.826586 3.8
      vertex 1.17157 1.17157 3.8
    endloop
  endfacet
  facet normal -0.659345 -0.751841 -0
    outer loop
      vertex 1.56495 0.826586 3.8
      vertex 1.17157 1.17157 1.8
      vertex 1.56495 0.826586 1.8
    endloop
  endfacet
  facet normal 0.55561 -0.831443 0
    outer loop
      vertex 67.9 0.535898 1.8
      vertex 68.335 0.826586 3.8
      vertex 67.9 0.535898 3.8
    endloop
  endfacet
  facet normal 0.55561 -0.831443 0
    outer loop
      vertex 68.335 0.826586 3.8
      vertex 67.9 0.535898 1.8
      vertex 68.335 0.826586 1.8
    endloop
  endfacet
  facet normal 0.94691 0.321498 0
    outer loop
      vertex 69.7637 31.9353 3.8
      vertex 69.5955 32.4307 1.8
      vertex 69.5955 32.4307 3.8
    endloop
  endfacet
  facet normal 0.94691 0.321498 0
    outer loop
      vertex 69.5955 32.4307 1.8
      vertex 69.7637 31.9353 3.8
      vertex 69.7637 31.9353 1.8
    endloop
  endfacet
  facet normal 0.980779 0.195124 0
    outer loop
      vertex 69.8658 31.4221 3.8
      vertex 69.7637 31.9353 1.8
      vertex 69.7637 31.9353 3.8
    endloop
  endfacet
  facet normal 0.980779 0.195124 0
    outer loop
      vertex 69.7637 31.9353 1.8
      vertex 69.8658 31.4221 3.8
      vertex 69.8658 31.4221 1.8
    endloop
  endfacet
  facet normal 0.659343 0.751842 -0
    outer loop
      vertex 68.7284 33.7284 1.8
      vertex 68.335 34.0734 3.8
      vertex 68.7284 33.7284 3.8
    endloop
  endfacet
  facet normal 0.659343 0.751842 0
    outer loop
      vertex 68.335 34.0734 3.8
      vertex 68.7284 33.7284 1.8
      vertex 68.335 34.0734 1.8
    endloop
  endfacet
  facet normal 0.980776 -0.195135 0
    outer loop
      vertex 69.7637 2.96472 3.8
      vertex 69.8658 3.47789 1.8
      vertex 69.8658 3.47789 3.8
    endloop
  endfacet
  facet normal 0.980776 -0.195135 0
    outer loop
      vertex 69.8658 3.47789 1.8
      vertex 69.7637 2.96472 3.8
      vertex 69.7637 2.96472 1.8
    endloop
  endfacet
  facet normal -0.751841 -0.659345 0
    outer loop
      vertex 1.17157 1.17157 1.8
      vertex 0.826586 1.56495 3.8
      vertex 0.826586 1.56495 1.8
    endloop
  endfacet
  facet normal -0.751841 -0.659345 0
    outer loop
      vertex 0.826586 1.56495 3.8
      vertex 1.17157 1.17157 1.8
      vertex 1.17157 1.17157 3.8
    endloop
  endfacet
  facet normal 0.659326 -0.751857 0
    outer loop
      vertex 68.335 0.826586 1.8
      vertex 68.7284 1.17157 3.8
      vertex 68.335 0.826586 3.8
    endloop
  endfacet
  facet normal 0.659326 -0.751857 0
    outer loop
      vertex 68.7284 1.17157 3.8
      vertex 68.335 0.826586 1.8
      vertex 68.7284 1.17157 1.8
    endloop
  endfacet
  facet normal 0.94692 -0.321469 0
    outer loop
      vertex 69.5955 2.46927 3.8
      vertex 69.7637 2.96472 1.8
      vertex 69.7637 2.96472 3.8
    endloop
  endfacet
  facet normal 0.94692 -0.321469 0
    outer loop
      vertex 69.7637 2.96472 1.8
      vertex 69.5955 2.46927 3.8
      vertex 69.5955 2.46927 1.8
    endloop
  endfacet
  facet normal 0.555626 0.831432 -0
    outer loop
      vertex 68.335 34.0734 1.8
      vertex 67.9 34.3641 3.8
      vertex 68.335 34.0734 3.8
    endloop
  endfacet
  facet normal 0.555626 0.831432 0
    outer loop
      vertex 67.9 34.3641 3.8
      vertex 68.335 34.0734 1.8
      vertex 67.9 34.3641 1.8
    endloop
  endfacet
  facet normal -0.896886 0.442262 0
    outer loop
      vertex 0.304482 32.4307 1.8
      vertex 0.535898 32.9 3.8
      vertex 0.535898 32.9 1.8
    endloop
  endfacet
  facet normal -0.896886 0.442262 0
    outer loop
      vertex 0.535898 32.9 3.8
      vertex 0.304482 32.4307 1.8
      vertex 0.304482 32.4307 3.8
    endloop
  endfacet
  facet normal 0 0 1
    outer loop
      vertex 18.35 9.85 3.8
      vertex 8.50257 6.36674 3.8
      vertex 8.52333 6.05 3.8
    endloop
  endfacet
  facet normal 0 0 1
    outer loop
      vertex 8.7 25.99 3.8
      vertex 8.50175 6.37936 3.8
      vertex 8.50257 6.36674 3.8
    endloop
  endfacet
  facet normal -0 0 1
    outer loop
      vertex 8.48735 28.2469 3.8
      vertex 8.7 25.99 3.8
      vertex 8.48982 28.2593 3.8
    endloop
  endfacet
  facet normal -0 0 1
    outer loop
      vertex 8.38532 27.9463 3.8
      vertex 8.7 25.99 3.8
      vertex 8.48735 28.2469 3.8
    endloop
  endfacet
  facet normal 0 0 1
    outer loop
      vertex 8.7 25.99 3.8
      vertex 8.43982 6.69068 3.8
      vertex 8.50175 6.37936 3.8
    endloop
  endfacet
  facet normal 0 0 1
    outer loop
      vertex 8.7 25.99 3.8
      vertex 8.43735 6.70309 3.8
      vertex 8.43982 6.69068 3.8
    endloop
  endfacet
  facet normal -0 0 1
    outer loop
      vertex 8.38126 27.9344 3.8
      vertex 8.7 25.99 3.8
      vertex 8.38532 27.9463 3.8
    endloop
  endfacet
  facet normal -0 0 1
    outer loop
      vertex 8.37566 27.923 3.8
      vertex 8.7 25.99 3.8
      vertex 8.38126 27.9344 3.8
    endloop
  endfacet
  facet normal -0 0 1
    outer loop
      vertex 8.23527 27.6383 3.8
      vertex 8.7 25.99 3.8
      vertex 8.37566 27.923 3.8
    endloop
  endfacet
  facet normal 0 0 1
    outer loop
      vertex 8.7 25.99 3.8
      vertex 8.33532 7.00366 3.8
      vertex 8.43735 6.70309 3.8
    endloop
  endfacet
  facet normal 0 0 1
    outer loop
      vertex 8.7 25.99 3.8
      vertex 8.33125 7.01564 3.8
      vertex 8.33532 7.00366 3.8
    endloop
  endfacet
  facet normal 0 0 1
    outer loop
      vertex 8.7 25.99 3.8
      vertex 8.32566 7.02698 3.8
      vertex 8.33125 7.01564 3.8
    endloop
  endfacet
  facet normal -0 0 1
    outer loop
      vertex 8.05892 27.3744 3.8
      vertex 8.7 25.99 3.8
      vertex 8.23527 27.6383 3.8
    endloop
  endfacet
  facet normal 0 0 1
    outer loop
      vertex 8.7 25.99 3.8
      vertex 8.18527 7.31167 3.8
      vertex 8.32566 7.02698 3.8
    endloop
  endfacet
  facet normal -0 0 1
    outer loop
      vertex 8.05189 27.3639 3.8
      vertex 8.7 25.99 3.8
      vertex 8.05892 27.3744 3.8
    endloop
  endfacet
  facet normal -0 0 1
    outer loop
      vertex 7.8426 27.1252 3.8
      vertex 8.7 25.99 3.8
      vertex 8.05189 27.3639 3.8
    endloop
  endfacet
  facet normal 0 0 1
    outer loop
      vertex 8.7 25.99 3.8
      vertex 8.00892 7.57559 3.8
      vertex 8.18527 7.31167 3.8
    endloop
  endfacet
  facet normal 0 0 1
    outer loop
      vertex 8.7 25.99 3.8
      vertex 8.00189 7.58611 3.8
      vertex 8.00892 7.57559 3.8
    endloop
  endfacet
  facet normal -0 0 1
    outer loop
      vertex 7.83427 27.1157 3.8
      vertex 8.7 25.99 3.8
      vertex 7.8426 27.1252 3.8
    endloop
  endfacet
  facet normal -0 0 1
    outer loop
      vertex 7.82476 27.1074 3.8
      vertex 8.7 25.99 3.8
      vertex 7.83427 27.1157 3.8
    endloop
  endfacet
  facet normal -0 0 1
    outer loop
      vertex 7.58611 26.8981 3.8
      vertex 8.7 25.99 3.8
      vertex 7.82476 27.1074 3.8
    endloop
  endfacet
  facet normal 0 0 1
    outer loop
      vertex 8.7 25.99 3.8
      vertex 7.7926 7.82476 3.8
      vertex 8.00189 7.58611 3.8
    endloop
  endfacet
  facet normal 0 0 1
    outer loop
      vertex 8.7 25.99 3.8
      vertex 7.78427 7.83427 3.8
      vertex 7.7926 7.82476 3.8
    endloop
  endfacet
  facet normal 0 0 1
    outer loop
      vertex 8.7 25.99 3.8
      vertex 7.77476 7.8426 3.8
      vertex 7.78427 7.83427 3.8
    endloop
  endfacet
  facet normal -0 0 1
    outer loop
      vertex 7.57559 26.8911 3.8
      vertex 8.7 25.99 3.8
      vertex 7.58611 26.8981 3.8
    endloop
  endfacet
  facet normal -0 0 1
    outer loop
      vertex 7.31167 26.7147 3.8
      vertex 8.7 25.99 3.8
      vertex 7.57559 26.8911 3.8
    endloop
  endfacet
  facet normal 0 0 1
    outer loop
      vertex 8.7 25.99 3.8
      vertex 7.53611 8.05189 3.8
      vertex 7.77476 7.8426 3.8
    endloop
  endfacet
  facet normal 0 0 1
    outer loop
      vertex 8.7 25.99 3.8
      vertex 7.52559 8.05892 3.8
      vertex 7.53611 8.05189 3.8
    endloop
  endfacet
  facet normal -0 0 1
    outer loop
      vertex 7.02698 26.5743 3.8
      vertex 8.7 25.99 3.8
      vertex 7.31167 26.7147 3.8
    endloop
  endfacet
  facet normal 0 0 1
    outer loop
      vertex 8.7 25.99 3.8
      vertex 7.26167 8.23527 3.8
      vertex 7.52559 8.05892 3.8
    endloop
  endfacet
  facet normal -0 0 1
    outer loop
      vertex 7.01564 26.5687 3.8
      vertex 8.7 25.99 3.8
      vertex 7.02698 26.5743 3.8
    endloop
  endfacet
  facet normal -0 0 1
    outer loop
      vertex 7.00366 26.5647 3.8
      vertex 8.7 25.99 3.8
      vertex 7.01564 26.5687 3.8
    endloop
  endfacet
  facet normal -0 0 1
    outer loop
      vertex 6.70309 26.4626 3.8
      vertex 8.7 25.99 3.8
      vertex 7.00366 26.5647 3.8
    endloop
  endfacet
  facet normal 0 0 1
    outer loop
      vertex 8.7 25.99 3.8
      vertex 6.97698 8.37566 3.8
      vertex 7.26167 8.23527 3.8
    endloop
  endfacet
  facet normal 0 0 1
    outer loop
      vertex 8.7 25.99 3.8
      vertex 6.96564 8.38126 3.8
      vertex 6.97698 8.37566 3.8
    endloop
  endfacet
  facet normal 0 0 1
    outer loop
      vertex 8.7 25.99 3.8
      vertex 6.95366 8.38532 3.8
      vertex 6.96564 8.38126 3.8
    endloop
  endfacet
  facet normal -0 0 1
    outer loop
      vertex 6.39176 26.4007 3.8
      vertex 8.7 25.99 3.8
      vertex 6.70309 26.4626 3.8
    endloop
  endfacet
  facet normal 0 0 1
    outer loop
      vertex 8.7 25.99 3.8
      vertex 6.65309 8.48735 3.8
      vertex 6.95366 8.38532 3.8
    endloop
  endfacet
  facet normal 0 0 1
    outer loop
      vertex 8.7 25.99 3.8
      vertex 6.64068 8.48982 3.8
      vertex 6.65309 8.48735 3.8
    endloop
  endfacet
  facet normal -0 0 1
    outer loop
      vertex 6.37936 26.3983 3.8
      vertex 8.7 25.99 3.8
      vertex 6.39176 26.4007 3.8
    endloop
  endfacet
  facet normal -0 0 1
    outer loop
      vertex 6.06262 26.3775 3.8
      vertex 8.7 25.99 3.8
      vertex 6.37936 26.3983 3.8
    endloop
  endfacet
  facet normal 0 0 1
    outer loop
      vertex 8.7 25.99 3.8
      vertex 6.32936 8.55175 3.8
      vertex 6.64068 8.48982 3.8
    endloop
  endfacet
  facet normal 0 0 1
    outer loop
      vertex 8.7 25.99 3.8
      vertex 6.31674 8.55257 3.8
      vertex 6.32936 8.55175 3.8
    endloop
  endfacet
  facet normal -0 0 1
    outer loop
      vertex 6.05 26.3767 3.8
      vertex 8.7 25.99 3.8
      vertex 6.06262 26.3775 3.8
    endloop
  endfacet
  facet normal 0 0 1
    outer loop
      vertex 8.7 25.99 3.8
      vertex 6.05 26.3767 3.8
      vertex 6 8.57333 3.8
    endloop
  endfacet
  facet normal 0 0 1
    outer loop
      vertex 6 8.57333 3.8
      vertex 6.05 26.3767 3.8
      vertex 6.03738 26.3775 3.8
    endloop
  endfacet
  facet normal 0 0 1
    outer loop
      vertex 8.7 25.99 3.8
      vertex 6 8.57333 3.8
      vertex 6.31674 8.55257 3.8
    endloop
  endfacet
  facet normal 0 0 1
    outer loop
      vertex 5.72064 26.3983 3.8
      vertex 6 8.57333 3.8
      vertex 6.03738 26.3775 3.8
    endloop
  endfacet
  facet normal 0 0 1
    outer loop
      vertex 5.67064 8.55175 3.8
      vertex 5.72064 26.3983 3.8
      vertex 5.70824 26.4007 3.8
    endloop
  endfacet
  facet normal 0 0 1
    outer loop
      vertex 5.72064 26.3983 3.8
      vertex 5.68326 8.55257 3.8
      vertex 6 8.57333 3.8
    endloop
  endfacet
  facet normal 0 0 1
    outer loop
      vertex 5.72064 26.3983 3.8
      vertex 5.67064 8.55175 3.8
      vertex 5.68326 8.55257 3.8
    endloop
  endfacet
  facet normal 0 0 1
    outer loop
      vertex 5.39691 26.4626 3.8
      vertex 5.67064 8.55175 3.8
      vertex 5.70824 26.4007 3.8
    endloop
  endfacet
  facet normal 0 0 1
    outer loop
      vertex 5.39691 26.4626 3.8
      vertex 5.35931 8.48982 3.8
      vertex 5.67064 8.55175 3.8
    endloop
  endfacet
  facet normal 0 0 1
    outer loop
      vertex 5.39691 26.4626 3.8
      vertex 5.34691 8.48735 3.8
      vertex 5.35931 8.48982 3.8
    endloop
  endfacet
  facet normal 0 0 1
    outer loop
      vertex 5.09633 26.5647 3.8
      vertex 5.34691 8.48735 3.8
      vertex 5.39691 26.4626 3.8
    endloop
  endfacet
  facet normal 0 0 1
    outer loop
      vertex 5.04634 8.38532 3.8
      vertex 5.09633 26.5647 3.8
      vertex 5.08436 26.5687 3.8
    endloop
  endfacet
  facet normal 0 0 1
    outer loop
      vertex 5.03436 8.38126 3.8
      vertex 5.08436 26.5687 3.8
      vertex 5.07302 26.5743 3.8
    endloop
  endfacet
  facet normal 0 0 1
    outer loop
      vertex 5.09633 26.5647 3.8
      vertex 5.04634 8.38532 3.8
      vertex 5.34691 8.48735 3.8
    endloop
  endfacet
  facet normal 0 0 1
    outer loop
      vertex 5.08436 26.5687 3.8
      vertex 5.03436 8.38126 3.8
      vertex 5.04634 8.38532 3.8
    endloop
  endfacet
  facet normal 0 0 1
    outer loop
      vertex 5.07302 26.5743 3.8
      vertex 5.02302 8.37566 3.8
      vertex 5.03436 8.38126 3.8
    endloop
  endfacet
  facet normal 0 0 1
    outer loop
      vertex 4.78833 26.7147 3.8
      vertex 5.02302 8.37566 3.8
      vertex 5.07302 26.5743 3.8
    endloop
  endfacet
  facet normal 0 0 1
    outer loop
      vertex 4.78833 26.7147 3.8
      vertex 4.73833 8.23527 3.8
      vertex 5.02302 8.37566 3.8
    endloop
  endfacet
  facet normal 0 0 1
    outer loop
      vertex 4.52441 26.8911 3.8
      vertex 4.73833 8.23527 3.8
      vertex 4.78833 26.7147 3.8
    endloop
  endfacet
  facet normal 0 0 1
    outer loop
      vertex 4.51389 26.8981 3.8
      vertex 4.73833 8.23527 3.8
      vertex 4.52441 26.8911 3.8
    endloop
  endfacet
  facet normal 0 0 1
    outer loop
      vertex 4.46389 8.05189 3.8
      vertex 4.51389 26.8981 3.8
      vertex 4.50438 26.9064 3.8
    endloop
  endfacet
  facet normal 0 0 1
    outer loop
      vertex 4.51389 26.8981 3.8
      vertex 4.47441 8.05892 3.8
      vertex 4.73833 8.23527 3.8
    endloop
  endfacet
  facet normal 0 0 1
    outer loop
      vertex 4.51389 26.8981 3.8
      vertex 4.46389 8.05189 3.8
      vertex 4.47441 8.05892 3.8
    endloop
  endfacet
  facet normal 0 0 1
    outer loop
      vertex 4.26573 27.1157 3.8
      vertex 4.46389 8.05189 3.8
      vertex 4.50438 26.9064 3.8
    endloop
  endfacet
  facet normal 0 0 1
    outer loop
      vertex 4.26573 27.1157 3.8
      vertex 4.22524 7.8426 3.8
      vertex 4.46389 8.05189 3.8
    endloop
  endfacet
  facet normal 0 0 1
    outer loop
      vertex 4.26573 27.1157 3.8
      vertex 4.21573 7.83427 3.8
      vertex 4.22524 7.8426 3.8
    endloop
  endfacet
  facet normal 0 0 1
    outer loop
      vertex 4.26573 27.1157 3.8
      vertex 4.2074 7.82476 3.8
      vertex 4.21573 7.83427 3.8
    endloop
  endfacet
  facet normal 0 0 1
    outer loop
      vertex 4.05644 27.3544 3.8
      vertex 4.2074 7.82476 3.8
      vertex 4.26573 27.1157 3.8
    endloop
  endfacet
  facet normal 0 0 1
    outer loop
      vertex 4.0481 27.3639 3.8
      vertex 4.2074 7.82476 3.8
      vertex 4.05644 27.3544 3.8
    endloop
  endfacet
  facet normal 0 0 1
    outer loop
      vertex 0 30.9 3.8
      vertex 4.0481 27.3639 3.8
      vertex 4.04108 27.3744 3.8
    endloop
  endfacet
  facet normal 0 0 1
    outer loop
      vertex 4.0481 27.3639 3.8
      vertex 3.9981 7.58611 3.8
      vertex 4.2074 7.82476 3.8
    endloop
  endfacet
  facet normal 0 0 1
    outer loop
      vertex 4.0481 27.3639 3.8
      vertex 0 30.9 3.8
      vertex 3.9981 7.58611 3.8
    endloop
  endfacet
  facet normal 0 0 1
    outer loop
      vertex 0 30.9 3.8
      vertex 4.04108 27.3744 3.8
      vertex 3.86473 27.6383 3.8
    endloop
  endfacet
  facet normal 0 0 1
    outer loop
      vertex 0 30.9 3.8
      vertex 3.86473 27.6383 3.8
      vertex 3.85914 27.6497 3.8
    endloop
  endfacet
  facet normal 0 0 1
    outer loop
      vertex 0 4 3.8
      vertex 3.9981 7.58611 3.8
      vertex 0 30.9 3.8
    endloop
  endfacet
  facet normal 0 0 1
    outer loop
      vertex 0 30.9 3.8
      vertex 3.85914 27.6497 3.8
      vertex 3.71874 27.9344 3.8
    endloop
  endfacet
  facet normal 0 0 1
    outer loop
      vertex 3.9981 7.58611 3.8
      vertex 0 4 3.8
      vertex 3.99108 7.57559 3.8
    endloop
  endfacet
  facet normal 0 0 1
    outer loop
      vertex 3.99108 7.57559 3.8
      vertex 0 4 3.8
      vertex 3.81473 7.31167 3.8
    endloop
  endfacet
  facet normal 0 0 1
    outer loop
      vertex 3.81473 7.31167 3.8
      vertex 0 4 3.8
      vertex 3.67434 7.02698 3.8
    endloop
  endfacet
  facet normal 0 0 1
    outer loop
      vertex 0 30.9 3.8
      vertex 3.71874 27.9344 3.8
      vertex 3.61671 28.2349 3.8
    endloop
  endfacet
  facet normal 0 0 1
    outer loop
      vertex 0 30.9 3.8
      vertex 3.61671 28.2349 3.8
      vertex 3.61265 28.2469 3.8
    endloop
  endfacet
  facet normal 0 0 1
    outer loop
      vertex 0 30.9 3.8
      vertex 3.61265 28.2469 3.8
      vertex 3.61018 28.2593 3.8
    endloop
  endfacet
  facet normal 0 0 1
    outer loop
      vertex 3.67434 7.02698 3.8
      vertex 0 4 3.8
      vertex 3.66874 7.01564 3.8
    endloop
  endfacet
  facet normal 0 0 1
    outer loop
      vertex 3.66874 7.01564 3.8
      vertex 0 4 3.8
      vertex 3.66468 7.00366 3.8
    endloop
  endfacet
  facet normal 0 0 1
    outer loop
      vertex 0 30.9 3.8
      vertex 3.61018 28.2593 3.8
      vertex 3.54825 28.5706 3.8
    endloop
  endfacet
  facet normal 0 0 1
    outer loop
      vertex 0 30.9 3.8
      vertex 3.54825 28.5706 3.8
      vertex 3.54743 28.5833 3.8
    endloop
  endfacet
  facet normal 0 0 1
    outer loop
      vertex 0 30.9 3.8
      vertex 3.54743 28.5833 3.8
      vertex 3.52667 28.9 3.8
    endloop
  endfacet
  facet normal 0 0 1
    outer loop
      vertex 3.66468 7.00366 3.8
      vertex 0 4 3.8
      vertex 3.56265 6.70309 3.8
    endloop
  endfacet
  facet normal 0 0 1
    outer loop
      vertex 8.7 34.9 3.8
      vertex 8.57333 28.9 3.8
      vertex 8.7 25.99 3.8
    endloop
  endfacet
  facet normal 0 0 1
    outer loop
      vertex 8.7 34.9 3.8
      vertex 8.55257 29.2167 3.8
      vertex 8.57333 28.9 3.8
    endloop
  endfacet
  facet normal 0 0 1
    outer loop
      vertex 8.7 34.9 3.8
      vertex 8.55175 29.2294 3.8
      vertex 8.55257 29.2167 3.8
    endloop
  endfacet
  facet normal 0 0 1
    outer loop
      vertex 8.7 34.9 3.8
      vertex 8.48982 29.5407 3.8
      vertex 8.55175 29.2294 3.8
    endloop
  endfacet
  facet normal 0 0 1
    outer loop
      vertex 8.7 34.9 3.8
      vertex 8.48735 29.5531 3.8
      vertex 8.48982 29.5407 3.8
    endloop
  endfacet
  facet normal 0 0 1
    outer loop
      vertex 8.7 34.9 3.8
      vertex 8.38532 29.8537 3.8
      vertex 8.48735 29.5531 3.8
    endloop
  endfacet
  facet normal 0 0 1
    outer loop
      vertex 8.7 34.9 3.8
      vertex 8.38126 29.8656 3.8
      vertex 8.38532 29.8537 3.8
    endloop
  endfacet
  facet normal 0 0 1
    outer loop
      vertex 8.7 34.9 3.8
      vertex 8.37566 29.877 3.8
      vertex 8.38126 29.8656 3.8
    endloop
  endfacet
  facet normal 0 0 1
    outer loop
      vertex 8.7 34.9 3.8
      vertex 8.23527 30.1617 3.8
      vertex 8.37566 29.877 3.8
    endloop
  endfacet
  facet normal 0 0 1
    outer loop
      vertex 8.7 34.9 3.8
      vertex 8.05892 30.4256 3.8
      vertex 8.23527 30.1617 3.8
    endloop
  endfacet
  facet normal 0 0 1
    outer loop
      vertex 8.7 34.9 3.8
      vertex 8.05189 30.4361 3.8
      vertex 8.05892 30.4256 3.8
    endloop
  endfacet
  facet normal 0 0 1
    outer loop
      vertex 8.7 34.9 3.8
      vertex 7.8426 30.6748 3.8
      vertex 8.05189 30.4361 3.8
    endloop
  endfacet
  facet normal 0 0 1
    outer loop
      vertex 8.7 34.9 3.8
      vertex 7.83427 30.6843 3.8
      vertex 7.8426 30.6748 3.8
    endloop
  endfacet
  facet normal 0 0 1
    outer loop
      vertex 8.7 34.9 3.8
      vertex 7.82476 30.6926 3.8
      vertex 7.83427 30.6843 3.8
    endloop
  endfacet
  facet normal 0 0 1
    outer loop
      vertex 8.7 34.9 3.8
      vertex 7.58611 30.9019 3.8
      vertex 7.82476 30.6926 3.8
    endloop
  endfacet
  facet normal 0 0 1
    outer loop
      vertex 8.7 34.9 3.8
      vertex 7.32218 31.0782 3.8
      vertex 7.58611 30.9019 3.8
    endloop
  endfacet
  facet normal 0 0 1
    outer loop
      vertex 8.7 34.9 3.8
      vertex 7.31167 31.0853 3.8
      vertex 7.32218 31.0782 3.8
    endloop
  endfacet
  facet normal 0 0 1
    outer loop
      vertex 8.7 34.9 3.8
      vertex 7.30033 31.0909 3.8
      vertex 7.31167 31.0853 3.8
    endloop
  endfacet
  facet normal 0 0 1
    outer loop
      vertex 8.7 34.9 3.8
      vertex 7.01564 31.2313 3.8
      vertex 7.30033 31.0909 3.8
    endloop
  endfacet
  facet normal 0 0 1
    outer loop
      vertex 8.7 34.9 3.8
      vertex 7.00366 31.2353 3.8
      vertex 7.01564 31.2313 3.8
    endloop
  endfacet
  facet normal 0 0 1
    outer loop
      vertex 8.7 34.9 3.8
      vertex 6.70309 31.3374 3.8
      vertex 7.00366 31.2353 3.8
    endloop
  endfacet
  facet normal 0 0 1
    outer loop
      vertex 8.7 34.9 3.8
      vertex 6.39176 31.3993 3.8
      vertex 6.70309 31.3374 3.8
    endloop
  endfacet
  facet normal 0 0 1
    outer loop
      vertex 8.7 34.9 3.8
      vertex 6.37936 31.4017 3.8
      vertex 6.39176 31.3993 3.8
    endloop
  endfacet
  facet normal 0 0 1
    outer loop
      vertex 8.7 34.9 3.8
      vertex 6.06262 31.4225 3.8
      vertex 6.37936 31.4017 3.8
    endloop
  endfacet
  facet normal -0 0 1
    outer loop
      vertex 4 34.9 3.8
      vertex 6.06262 31.4225 3.8
      vertex 8.7 34.9 3.8
    endloop
  endfacet
  facet normal 0 0 1
    outer loop
      vertex 6.06262 31.4225 3.8
      vertex 4 34.9 3.8
      vertex 6.05 31.4233 3.8
    endloop
  endfacet
  facet normal 0 0 1
    outer loop
      vertex 6.05 31.4233 3.8
      vertex 4 34.9 3.8
      vertex 6.03738 31.4225 3.8
    endloop
  endfacet
  facet normal 0 0 1
    outer loop
      vertex 6.03738 31.4225 3.8
      vertex 4 34.9 3.8
      vertex 5.72064 31.4017 3.8
    endloop
  endfacet
  facet normal 0 0 1
    outer loop
      vertex 5.72064 31.4017 3.8
      vertex 4 34.9 3.8
      vertex 5.70824 31.3993 3.8
    endloop
  endfacet
  facet normal 0 0 1
    outer loop
      vertex 5.70824 31.3993 3.8
      vertex 4 34.9 3.8
      vertex 5.39691 31.3374 3.8
    endloop
  endfacet
  facet normal 0 0 1
    outer loop
      vertex 5.39691 31.3374 3.8
      vertex 4 34.9 3.8
      vertex 5.09633 31.2353 3.8
    endloop
  endfacet
  facet normal 0 0 1
    outer loop
      vertex 5.09633 31.2353 3.8
      vertex 4 34.9 3.8
      vertex 5.08436 31.2313 3.8
    endloop
  endfacet
  facet normal 0 0 1
    outer loop
      vertex 5.08436 31.2313 3.8
      vertex 4 34.9 3.8
      vertex 4.79967 31.0909 3.8
    endloop
  endfacet
  facet normal 0 0 1
    outer loop
      vertex 4.79967 31.0909 3.8
      vertex 4 34.9 3.8
      vertex 4.78833 31.0853 3.8
    endloop
  endfacet
  facet normal -0 0 1
    outer loop
      vertex 3.47789 34.8658 3.8
      vertex 4.78833 31.0853 3.8
      vertex 4 34.9 3.8
    endloop
  endfacet
  facet normal 0 0 1
    outer loop
      vertex 4.78833 31.0853 3.8
      vertex 3.47789 34.8658 3.8
      vertex 4.77782 31.0782 3.8
    endloop
  endfacet
  facet normal -0 0 1
    outer loop
      vertex 2.96472 34.7637 3.8
      vertex 4.77782 31.0782 3.8
      vertex 3.47789 34.8658 3.8
    endloop
  endfacet
  facet normal 0 0 1
    outer loop
      vertex 0.826586 33.335 3.8
      vertex 4.05644 30.4456 3.8
      vertex 4.26573 30.6843 3.8
    endloop
  endfacet
  facet normal 0 0 1
    outer loop
      vertex 4.77782 31.0782 3.8
      vertex 2.96472 34.7637 3.8
      vertex 4.51389 30.9019 3.8
    endloop
  endfacet
  facet normal -0 0 1
    outer loop
      vertex 2.46927 34.5955 3.8
      vertex 4.51389 30.9019 3.8
      vertex 2.96472 34.7637 3.8
    endloop
  endfacet
  facet normal -0 0 1
    outer loop
      vertex 2 34.3641 3.8
      vertex 4.51389 30.9019 3.8
      vertex 2.46927 34.5955 3.8
    endloop
  endfacet
  facet normal 0 0 1
    outer loop
      vertex 4.51389 30.9019 3.8
      vertex 2 34.3641 3.8
      vertex 4.50438 30.8936 3.8
    endloop
  endfacet
  facet normal -0 0 1
    outer loop
      vertex 1.56495 34.0734 3.8
      vertex 4.50438 30.8936 3.8
      vertex 2 34.3641 3.8
    endloop
  endfacet
  facet normal 0 0 1
    outer loop
      vertex 4.50438 30.8936 3.8
      vertex 1.56495 34.0734 3.8
      vertex 4.26573 30.6843 3.8
    endloop
  endfacet
  facet normal -0 0 1
    outer loop
      vertex 1.17157 33.7284 3.8
      vertex 4.26573 30.6843 3.8
      vertex 1.56495 34.0734 3.8
    endloop
  endfacet
  facet normal -0 0 1
    outer loop
      vertex 0.826586 33.335 3.8
      vertex 4.26573 30.6843 3.8
      vertex 1.17157 33.7284 3.8
    endloop
  endfacet
  facet normal -0 0 1
    outer loop
      vertex 0.535898 32.9 3.8
      vertex 4.05644 30.4456 3.8
      vertex 0.826586 33.335 3.8
    endloop
  endfacet
  facet normal 0 0 1
    outer loop
      vertex 4.05644 30.4456 3.8
      vertex 0.535898 32.9 3.8
      vertex 4.0481 30.4361 3.8
    endloop
  endfacet
  facet normal 0 0 1
    outer loop
      vertex 0 30.9 3.8
      vertex 3.54743 29.2167 3.8
      vertex 3.54825 29.2294 3.8
    endloop
  endfacet
  facet normal 0 0 1
    outer loop
      vertex 3.56265 6.70309 3.8
      vertex 0 4 3.8
      vertex 3.56018 6.69068 3.8
    endloop
  endfacet
  facet normal -0 0 1
    outer loop
      vertex 0.304482 32.4307 3.8
      vertex 4.0481 30.4361 3.8
      vertex 0.535898 32.9 3.8
    endloop
  endfacet
  facet normal 0 0 1
    outer loop
      vertex 4.0481 30.4361 3.8
      vertex 0.304482 32.4307 3.8
      vertex 4.04108 30.4256 3.8
    endloop
  endfacet
  facet normal -0 0 1
    outer loop
      vertex 0.136296 31.9353 3.8
      vertex 4.04108 30.4256 3.8
      vertex 0.304482 32.4307 3.8
    endloop
  endfacet
  facet normal 0 0 1
    outer loop
      vertex 3.56018 6.69068 3.8
      vertex 0 4 3.8
      vertex 3.49825 6.37936 3.8
    endloop
  endfacet
  facet normal 0 0 1
    outer loop
      vertex 4.04108 30.4256 3.8
      vertex 0.136296 31.9353 3.8
      vertex 3.86473 30.1617 3.8
    endloop
  endfacet
  facet normal -0 0 1
    outer loop
      vertex 18.35 13.05 3.8
      vertex 40.55 11.45 3.8
      vertex 40.55 13.05 3.8
    endloop
  endfacet
  facet normal 0 0 1
    outer loop
      vertex 40.55 11.45 3.8
      vertex 18.35 13.05 3.8
      vertex 18.35 11.45 3.8
    endloop
  endfacet
  facet normal -0 0 1
    outer loop
      vertex 18.35 16.25 3.8
      vertex 40.55 14.65 3.8
      vertex 40.55 16.25 3.8
    endloop
  endfacet
  facet normal 0 0 1
    outer loop
      vertex 40.55 14.65 3.8
      vertex 18.35 16.25 3.8
      vertex 18.35 14.65 3.8
    endloop
  endfacet
  facet normal -0 0 1
    outer loop
      vertex 18.35 19.45 3.8
      vertex 40.55 17.85 3.8
      vertex 40.55 19.45 3.8
    endloop
  endfacet
  facet normal 0 0 1
    outer loop
      vertex 40.55 17.85 3.8
      vertex 18.35 19.45 3.8
      vertex 18.35 17.85 3.8
    endloop
  endfacet
  facet normal -0 0 1
    outer loop
      vertex 8.7 25.99 3.8
      vertex 40.55 21.05 3.8
      vertex 61.1 25.99 3.8
    endloop
  endfacet
  facet normal 0 0 1
    outer loop
      vertex 8.7 25.99 3.8
      vertex 18.35 19.45 3.8
      vertex 18.35 21.05 3.8
    endloop
  endfacet
  facet normal 0 0 1
    outer loop
      vertex 18.35 19.45 3.8
      vertex 8.7 25.99 3.8
      vertex 18.35 17.85 3.8
    endloop
  endfacet
  facet normal 0 0 1
    outer loop
      vertex 18.35 17.85 3.8
      vertex 8.7 25.99 3.8
      vertex 18.35 16.25 3.8
    endloop
  endfacet
  facet normal 0 0 1
    outer loop
      vertex 8.50257 6.36674 3.8
      vertex 18.35 16.25 3.8
      vertex 8.7 25.99 3.8
    endloop
  endfacet
  facet normal 0 0 1
    outer loop
      vertex 8.50257 6.36674 3.8
      vertex 18.35 14.65 3.8
      vertex 18.35 16.25 3.8
    endloop
  endfacet
  facet normal 0 0 1
    outer loop
      vertex 8.50257 6.36674 3.8
      vertex 18.35 13.05 3.8
      vertex 18.35 14.65 3.8
    endloop
  endfacet
  facet normal 0 0 1
    outer loop
      vertex 8.50257 6.36674 3.8
      vertex 18.35 11.45 3.8
      vertex 18.35 13.05 3.8
    endloop
  endfacet
  facet normal 0 0 1
    outer loop
      vertex 40.55 21.05 3.8
      vertex 8.7 25.99 3.8
      vertex 18.35 21.05 3.8
    endloop
  endfacet
  facet normal 0 0 1
    outer loop
      vertex 66.3517 28.6206 3.8
      vertex 69.9 30.9 3.8
      vertex 66.3725 28.9374 3.8
    endloop
  endfacet
  facet normal 0 0 1
    outer loop
      vertex 69.9 30.9 3.8
      vertex 66.3725 6.06262 3.8
      vertex 66.3733 6.05 3.8
    endloop
  endfacet
  facet normal 0 0 1
    outer loop
      vertex 66.3493 28.6082 3.8
      vertex 69.9 30.9 3.8
      vertex 66.3517 28.6206 3.8
    endloop
  endfacet
  facet normal 0 0 1
    outer loop
      vertex 69.9 30.9 3.8
      vertex 66.3517 6.37936 3.8
      vertex 66.3725 6.06262 3.8
    endloop
  endfacet
  facet normal 0 0 1
    outer loop
      vertex 66.2874 28.2969 3.8
      vertex 69.9 30.9 3.8
      vertex 66.3493 28.6082 3.8
    endloop
  endfacet
  facet normal 0 0 1
    outer loop
      vertex 69.9 30.9 3.8
      vertex 66.3493 6.39176 3.8
      vertex 66.3517 6.37936 3.8
    endloop
  endfacet
  facet normal 0 0 1
    outer loop
      vertex 66.1853 27.9963 3.8
      vertex 69.9 30.9 3.8
      vertex 66.2874 28.2969 3.8
    endloop
  endfacet
  facet normal 0 0 1
    outer loop
      vertex 69.9 30.9 3.8
      vertex 66.2874 6.70309 3.8
      vertex 66.3493 6.39176 3.8
    endloop
  endfacet
  facet normal 0 0 1
    outer loop
      vertex 66.1813 27.9844 3.8
      vertex 69.9 30.9 3.8
      vertex 66.1853 27.9963 3.8
    endloop
  endfacet
  facet normal 0 0 1
    outer loop
      vertex 69.9 30.9 3.8
      vertex 66.1853 7.00366 3.8
      vertex 66.2874 6.70309 3.8
    endloop
  endfacet
  facet normal 0 0 1
    outer loop
      vertex 66.1757 27.973 3.8
      vertex 69.9 30.9 3.8
      vertex 66.1813 27.9844 3.8
    endloop
  endfacet
  facet normal 0 0 1
    outer loop
      vertex 69.9 30.9 3.8
      vertex 66.1813 7.01564 3.8
      vertex 66.1853 7.00366 3.8
    endloop
  endfacet
  facet normal 0 0 1
    outer loop
      vertex 66.0353 27.6883 3.8
      vertex 69.9 30.9 3.8
      vertex 66.1757 27.973 3.8
    endloop
  endfacet
  facet normal 0 0 1
    outer loop
      vertex 69.9 30.9 3.8
      vertex 66.1757 7.02698 3.8
      vertex 66.1813 7.01564 3.8
    endloop
  endfacet
  facet normal 0 0 1
    outer loop
      vertex 65.8589 27.4244 3.8
      vertex 69.9 30.9 3.8
      vertex 66.0353 27.6883 3.8
    endloop
  endfacet
  facet normal 0 0 1
    outer loop
      vertex 69.9 30.9 3.8
      vertex 66.0353 7.31167 3.8
      vertex 66.1757 7.02698 3.8
    endloop
  endfacet
  facet normal 0 0 1
    outer loop
      vertex 65.8519 27.4139 3.8
      vertex 69.9 30.9 3.8
      vertex 65.8589 27.4244 3.8
    endloop
  endfacet
  facet normal 0 0 1
    outer loop
      vertex 69.9 30.9 3.8
      vertex 65.8589 7.57559 3.8
      vertex 66.0353 7.31167 3.8
    endloop
  endfacet
  facet normal 0 0 1
    outer loop
      vertex 65.8519 7.58611 3.8
      vertex 69.9 30.9 3.8
      vertex 65.8519 27.4139 3.8
    endloop
  endfacet
  facet normal 0 0 1
    outer loop
      vertex 69.9 30.9 3.8
      vertex 65.8519 7.58611 3.8
      vertex 65.8589 7.57559 3.8
    endloop
  endfacet
  facet normal -0 0 1
    outer loop
      vertex 65.6426 27.1752 3.8
      vertex 65.8519 7.58611 3.8
      vertex 65.8519 27.4139 3.8
    endloop
  endfacet
  facet normal 0 0 1
    outer loop
      vertex 65.6426 27.1752 3.8
      vertex 65.6426 7.82476 3.8
      vertex 65.8519 7.58611 3.8
    endloop
  endfacet
  facet normal -0 0 1
    outer loop
      vertex 65.6343 27.1657 3.8
      vertex 65.6426 7.82476 3.8
      vertex 65.6426 27.1752 3.8
    endloop
  endfacet
  facet normal 0 0 1
    outer loop
      vertex 65.6343 27.1657 3.8
      vertex 65.6343 7.83427 3.8
      vertex 65.6426 7.82476 3.8
    endloop
  endfacet
  facet normal -0 0 1
    outer loop
      vertex 65.6248 27.1574 3.8
      vertex 65.6343 7.83427 3.8
      vertex 65.6343 27.1657 3.8
    endloop
  endfacet
  facet normal 0 0 1
    outer loop
      vertex 65.6248 27.1574 3.8
      vertex 65.6248 7.8426 3.8
      vertex 65.6343 7.83427 3.8
    endloop
  endfacet
  facet normal -0 0 1
    outer loop
      vertex 65.3861 26.9481 3.8
      vertex 65.6248 7.8426 3.8
      vertex 65.6248 27.1574 3.8
    endloop
  endfacet
  facet normal 0 0 1
    outer loop
      vertex 65.3861 26.9481 3.8
      vertex 65.3861 8.05189 3.8
      vertex 65.6248 7.8426 3.8
    endloop
  endfacet
  facet normal -0 0 1
    outer loop
      vertex 65.3756 26.9411 3.8
      vertex 65.3861 8.05189 3.8
      vertex 65.3861 26.9481 3.8
    endloop
  endfacet
  facet normal 0 0 1
    outer loop
      vertex 65.3756 26.9411 3.8
      vertex 65.3756 8.05892 3.8
      vertex 65.3861 8.05189 3.8
    endloop
  endfacet
  facet normal -0 0 1
    outer loop
      vertex 65.1117 26.7647 3.8
      vertex 65.3756 8.05892 3.8
      vertex 65.3756 26.9411 3.8
    endloop
  endfacet
  facet normal 0 0 1
    outer loop
      vertex 65.1117 26.7647 3.8
      vertex 65.1117 8.23527 3.8
      vertex 65.3756 8.05892 3.8
    endloop
  endfacet
  facet normal -0 0 1
    outer loop
      vertex 64.827 26.6243 3.8
      vertex 65.1117 8.23527 3.8
      vertex 65.1117 26.7647 3.8
    endloop
  endfacet
  facet normal 0 0 1
    outer loop
      vertex 64.827 26.6243 3.8
      vertex 64.827 8.37566 3.8
      vertex 65.1117 8.23527 3.8
    endloop
  endfacet
  facet normal -0 0 1
    outer loop
      vertex 64.8156 26.6187 3.8
      vertex 64.827 8.37566 3.8
      vertex 64.827 26.6243 3.8
    endloop
  endfacet
  facet normal 0 0 1
    outer loop
      vertex 64.8156 26.6187 3.8
      vertex 64.8156 8.38126 3.8
      vertex 64.827 8.37566 3.8
    endloop
  endfacet
  facet normal -0 0 1
    outer loop
      vertex 64.8037 26.6147 3.8
      vertex 64.8156 8.38126 3.8
      vertex 64.8156 26.6187 3.8
    endloop
  endfacet
  facet normal 0 0 1
    outer loop
      vertex 64.8037 26.6147 3.8
      vertex 64.8037 8.38532 3.8
      vertex 64.8156 8.38126 3.8
    endloop
  endfacet
  facet normal -0 0 1
    outer loop
      vertex 64.5031 26.5126 3.8
      vertex 64.8037 8.38532 3.8
      vertex 64.8037 26.6147 3.8
    endloop
  endfacet
  facet normal 0 0 1
    outer loop
      vertex 64.5031 26.5126 3.8
      vertex 64.5031 8.48735 3.8
      vertex 64.8037 8.38532 3.8
    endloop
  endfacet
  facet normal -0 0 1
    outer loop
      vertex 64.4907 26.5102 3.8
      vertex 64.5031 8.48735 3.8
      vertex 64.5031 26.5126 3.8
    endloop
  endfacet
  facet normal 0 0 1
    outer loop
      vertex 64.4907 26.5102 3.8
      vertex 64.4907 8.48982 3.8
      vertex 64.5031 8.48735 3.8
    endloop
  endfacet
  facet normal -0 0 1
    outer loop
      vertex 64.1794 26.4483 3.8
      vertex 64.4907 8.48982 3.8
      vertex 64.4907 26.5102 3.8
    endloop
  endfacet
  facet normal 0 0 1
    outer loop
      vertex 64.1794 26.4483 3.8
      vertex 64.1794 8.55175 3.8
      vertex 64.4907 8.48982 3.8
    endloop
  endfacet
  facet normal 0 0 1
    outer loop
      vertex 64.1794 26.4483 3.8
      vertex 64.1667 8.55257 3.8
      vertex 64.1794 8.55175 3.8
    endloop
  endfacet
  facet normal -0 0 1
    outer loop
      vertex 63.8626 26.4275 3.8
      vertex 64.1667 8.55257 3.8
      vertex 64.1794 26.4483 3.8
    endloop
  endfacet
  facet normal 0 0 1
    outer loop
      vertex 63.85 8.57333 3.8
      vertex 63.8626 26.4275 3.8
      vertex 63.85 26.4267 3.8
    endloop
  endfacet
  facet normal 0 0 1
    outer loop
      vertex 63.8626 26.4275 3.8
      vertex 63.85 8.57333 3.8
      vertex 64.1667 8.55257 3.8
    endloop
  endfacet
  facet normal 0 0 1
    outer loop
      vertex 61.1 25.99 3.8
      vertex 63.85 26.4267 3.8
      vertex 63.8374 26.4275 3.8
    endloop
  endfacet
  facet normal 0 0 1
    outer loop
      vertex 63.85 26.4267 3.8
      vertex 61.1 25.99 3.8
      vertex 63.85 8.57333 3.8
    endloop
  endfacet
  facet normal 0 0 1
    outer loop
      vertex 61.1 25.99 3.8
      vertex 63.8374 26.4275 3.8
      vertex 63.5206 26.4483 3.8
    endloop
  endfacet
  facet normal 0 0 1
    outer loop
      vertex 63.85 8.57333 3.8
      vertex 61.1 25.99 3.8
      vertex 63.5333 8.55257 3.8
    endloop
  endfacet
  facet normal 0 0 1
    outer loop
      vertex 61.1 25.99 3.8
      vertex 63.5206 26.4483 3.8
      vertex 63.2093 26.5102 3.8
    endloop
  endfacet
  facet normal 0 0 1
    outer loop
      vertex 63.5333 8.55257 3.8
      vertex 61.1 25.99 3.8
      vertex 63.5206 8.55175 3.8
    endloop
  endfacet
  facet normal 0 0 1
    outer loop
      vertex 61.1 25.99 3.8
      vertex 63.2093 26.5102 3.8
      vertex 63.1969 26.5126 3.8
    endloop
  endfacet
  facet normal 0 0 1
    outer loop
      vertex 63.5206 8.55175 3.8
      vertex 61.1 25.99 3.8
      vertex 63.2093 8.48982 3.8
    endloop
  endfacet
  facet normal 0 0 1
    outer loop
      vertex 61.1 25.99 3.8
      vertex 63.1969 26.5126 3.8
      vertex 62.8963 26.6147 3.8
    endloop
  endfacet
  facet normal 0 0 1
    outer loop
      vertex 63.2093 8.48982 3.8
      vertex 61.1 25.99 3.8
      vertex 63.1969 8.48735 3.8
    endloop
  endfacet
  facet normal 0 0 1
    outer loop
      vertex 61.1 25.99 3.8
      vertex 62.8963 26.6147 3.8
      vertex 62.8844 26.6187 3.8
    endloop
  endfacet
  facet normal 0 0 1
    outer loop
      vertex 63.1969 8.48735 3.8
      vertex 61.1 25.99 3.8
      vertex 62.8963 8.38532 3.8
    endloop
  endfacet
  facet normal 0 0 1
    outer loop
      vertex 61.1 25.99 3.8
      vertex 62.8844 26.6187 3.8
      vertex 62.873 26.6243 3.8
    endloop
  endfacet
  facet normal 0 0 1
    outer loop
      vertex 62.8963 8.38532 3.8
      vertex 61.1 25.99 3.8
      vertex 62.8844 8.38126 3.8
    endloop
  endfacet
  facet normal 0 0 1
    outer loop
      vertex 61.1 25.99 3.8
      vertex 62.873 26.6243 3.8
      vertex 62.5883 26.7647 3.8
    endloop
  endfacet
  facet normal 0 0 1
    outer loop
      vertex 62.8844 8.38126 3.8
      vertex 61.1 25.99 3.8
      vertex 62.873 8.37566 3.8
    endloop
  endfacet
  facet normal 0 0 1
    outer loop
      vertex 61.1 25.99 3.8
      vertex 62.5883 26.7647 3.8
      vertex 62.3244 26.9411 3.8
    endloop
  endfacet
  facet normal 0 0 1
    outer loop
      vertex 62.873 8.37566 3.8
      vertex 61.1 25.99 3.8
      vertex 62.5883 8.23527 3.8
    endloop
  endfacet
  facet normal 0 0 1
    outer loop
      vertex 61.1 25.99 3.8
      vertex 62.3244 26.9411 3.8
      vertex 62.3139 26.9481 3.8
    endloop
  endfacet
  facet normal 0 0 1
    outer loop
      vertex 62.5883 8.23527 3.8
      vertex 61.1 25.99 3.8
      vertex 62.3244 8.05892 3.8
    endloop
  endfacet
  facet normal 0 0 1
    outer loop
      vertex 61.1 25.99 3.8
      vertex 62.3139 26.9481 3.8
      vertex 62.0752 27.1574 3.8
    endloop
  endfacet
  facet normal 0 0 1
    outer loop
      vertex 62.3244 8.05892 3.8
      vertex 61.1 25.99 3.8
      vertex 62.3139 8.05189 3.8
    endloop
  endfacet
  facet normal 0 0 1
    outer loop
      vertex 61.1 25.99 3.8
      vertex 62.0752 27.1574 3.8
      vertex 62.0657 27.1657 3.8
    endloop
  endfacet
  facet normal 0 0 1
    outer loop
      vertex 62.3139 8.05189 3.8
      vertex 61.1 25.99 3.8
      vertex 62.0752 7.8426 3.8
    endloop
  endfacet
  facet normal 0 0 1
    outer loop
      vertex 61.1 25.99 3.8
      vertex 62.0657 27.1657 3.8
      vertex 62.0574 27.1752 3.8
    endloop
  endfacet
  facet normal 0 0 1
    outer loop
      vertex 62.0752 7.8426 3.8
      vertex 61.1 25.99 3.8
      vertex 62.0657 7.83427 3.8
    endloop
  endfacet
  facet normal 0 0 1
    outer loop
      vertex 61.1 25.99 3.8
      vertex 62.0574 27.1752 3.8
      vertex 61.8481 27.4139 3.8
    endloop
  endfacet
  facet normal -0 0 1
    outer loop
      vertex 40.55 16.25 3.8
      vertex 62.0657 7.83427 3.8
      vertex 61.1 25.99 3.8
    endloop
  endfacet
  facet normal 0 0 1
    outer loop
      vertex 61.1 25.99 3.8
      vertex 61.8481 27.4139 3.8
      vertex 61.6718 27.6778 3.8
    endloop
  endfacet
  facet normal 0 0 1
    outer loop
      vertex 62.0657 7.83427 3.8
      vertex 40.55 16.25 3.8
      vertex 62.0574 7.82476 3.8
    endloop
  endfacet
  facet normal 0 0 1
    outer loop
      vertex 61.1 25.99 3.8
      vertex 61.6718 27.6778 3.8
      vertex 61.6647 27.6883 3.8
    endloop
  endfacet
  facet normal 0 0 1
    outer loop
      vertex 62.0574 7.82476 3.8
      vertex 40.55 16.25 3.8
      vertex 61.8481 7.58611 3.8
    endloop
  endfacet
  facet normal 0 0 1
    outer loop
      vertex 61.1 25.99 3.8
      vertex 61.6647 27.6883 3.8
      vertex 61.6591 27.6997 3.8
    endloop
  endfacet
  facet normal -0 0 1
    outer loop
      vertex 40.55 14.65 3.8
      vertex 61.8481 7.58611 3.8
      vertex 40.55 16.25 3.8
    endloop
  endfacet
  facet normal 0 0 1
    outer loop
      vertex 61.1 25.99 3.8
      vertex 61.6591 27.6997 3.8
      vertex 61.5187 27.9844 3.8
    endloop
  endfacet
  facet normal 0 0 1
    outer loop
      vertex 61.8481 7.58611 3.8
      vertex 40.55 14.65 3.8
      vertex 61.6718 7.32218 3.8
    endloop
  endfacet
  facet normal 0 0 1
    outer loop
      vertex 61.1 25.99 3.8
      vertex 61.5187 27.9844 3.8
      vertex 61.5147 27.9963 3.8
    endloop
  endfacet
  facet normal -0 0 1
    outer loop
      vertex 40.55 13.05 3.8
      vertex 61.6718 7.32218 3.8
      vertex 40.55 14.65 3.8
    endloop
  endfacet
  facet normal 0 0 1
    outer loop
      vertex 61.1 25.99 3.8
      vertex 61.5147 27.9963 3.8
      vertex 61.4126 28.2969 3.8
    endloop
  endfacet
  facet normal 0 0 1
    outer loop
      vertex 61.6718 7.32218 3.8
      vertex 40.55 13.05 3.8
      vertex 61.6647 7.31167 3.8
    endloop
  endfacet
  facet normal 0 0 1
    outer loop
      vertex 61.1 25.99 3.8
      vertex 61.4126 28.2969 3.8
      vertex 61.3507 28.6082 3.8
    endloop
  endfacet
  facet normal 0 0 1
    outer loop
      vertex 61.6647 7.31167 3.8
      vertex 40.55 13.05 3.8
      vertex 61.6591 7.30033 3.8
    endloop
  endfacet
  facet normal 0 0 1
    outer loop
      vertex 61.1 25.99 3.8
      vertex 61.3507 28.6082 3.8
      vertex 61.3483 28.6206 3.8
    endloop
  endfacet
  facet normal -0 0 1
    outer loop
      vertex 40.55 11.45 3.8
      vertex 61.6591 7.30033 3.8
      vertex 40.55 13.05 3.8
    endloop
  endfacet
  facet normal 0 0 1
    outer loop
      vertex 61.1 25.99 3.8
      vertex 61.3483 28.6206 3.8
      vertex 61.3275 28.9374 3.8
    endloop
  endfacet
  facet normal 0 0 1
    outer loop
      vertex 61.6591 7.30033 3.8
      vertex 40.55 11.45 3.8
      vertex 61.5187 7.01564 3.8
    endloop
  endfacet
  facet normal 0 0 1
    outer loop
      vertex 61.1 25.99 3.8
      vertex 61.3275 28.9374 3.8
      vertex 61.3267 28.95 3.8
    endloop
  endfacet
  facet normal -0 0 1
    outer loop
      vertex 40.55 9.85 3.8
      vertex 61.5187 7.01564 3.8
      vertex 40.55 11.45 3.8
    endloop
  endfacet
  facet normal 0 0 1
    outer loop
      vertex 66.0353 30.2117 3.8
      vertex 69.9 30.9 3.8
      vertex 69.8658 31.4221 3.8
    endloop
  endfacet
  facet normal 0 0 1
    outer loop
      vertex 66.3725 28.9374 3.8
      vertex 69.9 30.9 3.8
      vertex 66.3733 28.95 3.8
    endloop
  endfacet
  facet normal 0 0 1
    outer loop
      vertex 66.0353 30.2117 3.8
      vertex 69.8658 31.4221 3.8
      vertex 69.7637 31.9353 3.8
    endloop
  endfacet
  facet normal 0 0 1
    outer loop
      vertex 69.9 30.9 3.8
      vertex 66.3733 6.05 3.8
      vertex 69.9 4 3.8
    endloop
  endfacet
  facet normal 0 0 1
    outer loop
      vertex 66.0353 30.2117 3.8
      vertex 69.7637 31.9353 3.8
      vertex 69.5955 32.4307 3.8
    endloop
  endfacet
  facet normal -0 0 1
    outer loop
      vertex 66.3725 6.03738 3.8
      vertex 69.9 4 3.8
      vertex 66.3733 6.05 3.8
    endloop
  endfacet
  facet normal 0 0 1
    outer loop
      vertex 65.8519 30.4861 3.8
      vertex 69.5955 32.4307 3.8
      vertex 69.3641 32.9 3.8
    endloop
  endfacet
  facet normal -0 0 1
    outer loop
      vertex 66.3517 5.72064 3.8
      vertex 69.9 4 3.8
      vertex 66.3725 6.03738 3.8
    endloop
  endfacet
  facet normal 0 0 1
    outer loop
      vertex 65.8436 30.4956 3.8
      vertex 69.3641 32.9 3.8
      vertex 69.0734 33.335 3.8
    endloop
  endfacet
  facet normal -0 0 1
    outer loop
      vertex 66.3493 5.70824 3.8
      vertex 69.9 4 3.8
      vertex 66.3517 5.72064 3.8
    endloop
  endfacet
  facet normal 0 0 1
    outer loop
      vertex 65.6343 30.7343 3.8
      vertex 69.0734 33.335 3.8
      vertex 68.7284 33.7284 3.8
    endloop
  endfacet
  facet normal -0 0 1
    outer loop
      vertex 66.2874 5.39691 3.8
      vertex 69.9 4 3.8
      vertex 66.3493 5.70824 3.8
    endloop
  endfacet
  facet normal 0 0 1
    outer loop
      vertex 65.6343 30.7343 3.8
      vertex 68.7284 33.7284 3.8
      vertex 68.335 34.0734 3.8
    endloop
  endfacet
  facet normal -0 0 1
    outer loop
      vertex 66.1853 5.09633 3.8
      vertex 69.9 4 3.8
      vertex 66.2874 5.39691 3.8
    endloop
  endfacet
  facet normal 0 0 1
    outer loop
      vertex 65.6343 30.7343 3.8
      vertex 68.335 34.0734 3.8
      vertex 67.9 34.3641 3.8
    endloop
  endfacet
  facet normal -0 0 1
    outer loop
      vertex 66.1813 5.08436 3.8
      vertex 69.9 4 3.8
      vertex 66.1853 5.09633 3.8
    endloop
  endfacet
  facet normal 0 0 1
    outer loop
      vertex 65.3861 30.9519 3.8
      vertex 67.9 34.3641 3.8
      vertex 67.4307 34.5955 3.8
    endloop
  endfacet
  facet normal -0 0 1
    outer loop
      vertex 66.1757 5.07302 3.8
      vertex 69.9 4 3.8
      vertex 66.1813 5.08436 3.8
    endloop
  endfacet
  facet normal 0 0 1
    outer loop
      vertex 65.3756 30.9589 3.8
      vertex 67.4307 34.5955 3.8
      vertex 66.9353 34.7637 3.8
    endloop
  endfacet
  facet normal -0 0 1
    outer loop
      vertex 66.0353 4.78833 3.8
      vertex 69.9 4 3.8
      vertex 66.1757 5.07302 3.8
    endloop
  endfacet
  facet normal 0 0 1
    outer loop
      vertex 65.1117 31.1353 3.8
      vertex 66.9353 34.7637 3.8
      vertex 66.4221 34.8658 3.8
    endloop
  endfacet
  facet normal 0 0 1
    outer loop
      vertex 69.9 4 3.8
      vertex 66.0353 4.78833 3.8
      vertex 69.8658 3.47789 3.8
    endloop
  endfacet
  facet normal 0 0 1
    outer loop
      vertex 69.8658 3.47789 3.8
      vertex 66.0353 4.78833 3.8
      vertex 69.7637 2.96472 3.8
    endloop
  endfacet
  facet normal 0 0 1
    outer loop
      vertex 69.9 30.9 3.8
      vertex 66.3725 28.9626 3.8
      vertex 66.3733 28.95 3.8
    endloop
  endfacet
  facet normal 0 0 1
    outer loop
      vertex 69.9 30.9 3.8
      vertex 66.3517 29.2794 3.8
      vertex 66.3725 28.9626 3.8
    endloop
  endfacet
  facet normal 0 0 1
    outer loop
      vertex 69.9 30.9 3.8
      vertex 66.3493 29.2918 3.8
      vertex 66.3517 29.2794 3.8
    endloop
  endfacet
  facet normal 0 0 1
    outer loop
      vertex 69.9 30.9 3.8
      vertex 66.2874 29.6031 3.8
      vertex 66.3493 29.2918 3.8
    endloop
  endfacet
  facet normal 0 0 1
    outer loop
      vertex 69.9 30.9 3.8
      vertex 66.1853 29.9037 3.8
      vertex 66.2874 29.6031 3.8
    endloop
  endfacet
  facet normal 0 0 1
    outer loop
      vertex 69.9 30.9 3.8
      vertex 66.1813 29.9156 3.8
      vertex 66.1853 29.9037 3.8
    endloop
  endfacet
  facet normal 0 0 1
    outer loop
      vertex 69.9 30.9 3.8
      vertex 66.1757 29.927 3.8
      vertex 66.1813 29.9156 3.8
    endloop
  endfacet
  facet normal 0 0 1
    outer loop
      vertex 69.9 30.9 3.8
      vertex 66.0353 30.2117 3.8
      vertex 66.1757 29.927 3.8
    endloop
  endfacet
  facet normal 0 0 1
    outer loop
      vertex 65.1117 31.1353 3.8
      vertex 66.4221 34.8658 3.8
      vertex 65.9 34.9 3.8
    endloop
  endfacet
  facet normal 0 0 1
    outer loop
      vertex 69.5955 32.4307 3.8
      vertex 65.8589 30.4756 3.8
      vertex 66.0353 30.2117 3.8
    endloop
  endfacet
  facet normal 0 0 1
    outer loop
      vertex 69.5955 32.4307 3.8
      vertex 65.8519 30.4861 3.8
      vertex 65.8589 30.4756 3.8
    endloop
  endfacet
  facet normal 0 0 1
    outer loop
      vertex 69.3641 32.9 3.8
      vertex 65.8436 30.4956 3.8
      vertex 65.8519 30.4861 3.8
    endloop
  endfacet
  facet normal 0 0 1
    outer loop
      vertex 69.0734 33.335 3.8
      vertex 65.6343 30.7343 3.8
      vertex 65.8436 30.4956 3.8
    endloop
  endfacet
  facet normal 0 0 1
    outer loop
      vertex 67.9 34.3641 3.8
      vertex 65.3956 30.9436 3.8
      vertex 65.6343 30.7343 3.8
    endloop
  endfacet
  facet normal 0 0 1
    outer loop
      vertex 67.9 34.3641 3.8
      vertex 65.3861 30.9519 3.8
      vertex 65.3956 30.9436 3.8
    endloop
  endfacet
  facet normal 0 0 1
    outer loop
      vertex 67.4307 34.5955 3.8
      vertex 65.3756 30.9589 3.8
      vertex 65.3861 30.9519 3.8
    endloop
  endfacet
  facet normal 0 0 1
    outer loop
      vertex 66.9353 34.7637 3.8
      vertex 65.1117 31.1353 3.8
      vertex 65.3756 30.9589 3.8
    endloop
  endfacet
  facet normal 0 0 1
    outer loop
      vertex 65.9 34.9 3.8
      vertex 65.1003 31.1409 3.8
      vertex 65.1117 31.1353 3.8
    endloop
  endfacet
  facet normal 0 0 1
    outer loop
      vertex 65.9 34.9 3.8
      vertex 64.8156 31.2813 3.8
      vertex 65.1003 31.1409 3.8
    endloop
  endfacet
  facet normal 0 0 1
    outer loop
      vertex 65.9 34.9 3.8
      vertex 64.5151 31.3833 3.8
      vertex 64.8156 31.2813 3.8
    endloop
  endfacet
  facet normal 0 0 1
    outer loop
      vertex 65.9 34.9 3.8
      vertex 64.5031 31.3874 3.8
      vertex 64.5151 31.3833 3.8
    endloop
  endfacet
  facet normal 0 0 1
    outer loop
      vertex 65.9 34.9 3.8
      vertex 64.4907 31.3898 3.8
      vertex 64.5031 31.3874 3.8
    endloop
  endfacet
  facet normal 0 0 1
    outer loop
      vertex 65.9 34.9 3.8
      vertex 64.1794 31.4517 3.8
      vertex 64.4907 31.3898 3.8
    endloop
  endfacet
  facet normal 0 0 1
    outer loop
      vertex 65.9 34.9 3.8
      vertex 64.1667 31.4526 3.8
      vertex 64.1794 31.4517 3.8
    endloop
  endfacet
  facet normal 0 0 1
    outer loop
      vertex 65.9 34.9 3.8
      vertex 63.85 31.4733 3.8
      vertex 64.1667 31.4526 3.8
    endloop
  endfacet
  facet normal 0 0 1
    outer loop
      vertex 65.9 34.9 3.8
      vertex 63.5333 31.4526 3.8
      vertex 63.85 31.4733 3.8
    endloop
  endfacet
  facet normal -0 0 1
    outer loop
      vertex 61.1 34.9 3.8
      vertex 63.5333 31.4526 3.8
      vertex 65.9 34.9 3.8
    endloop
  endfacet
  facet normal 0 0 1
    outer loop
      vertex 63.5333 31.4526 3.8
      vertex 61.1 34.9 3.8
      vertex 63.5206 31.4517 3.8
    endloop
  endfacet
  facet normal 0 0 1
    outer loop
      vertex 63.5206 31.4517 3.8
      vertex 61.1 34.9 3.8
      vertex 63.2093 31.3898 3.8
    endloop
  endfacet
  facet normal 0 0 1
    outer loop
      vertex 63.2093 31.3898 3.8
      vertex 61.1 34.9 3.8
      vertex 63.1969 31.3874 3.8
    endloop
  endfacet
  facet normal 0 0 1
    outer loop
      vertex 63.1969 31.3874 3.8
      vertex 61.1 34.9 3.8
      vertex 63.1849 31.3833 3.8
    endloop
  endfacet
  facet normal 0 0 1
    outer loop
      vertex 63.1849 31.3833 3.8
      vertex 61.1 34.9 3.8
      vertex 62.8844 31.2813 3.8
    endloop
  endfacet
  facet normal 0 0 1
    outer loop
      vertex 62.8844 31.2813 3.8
      vertex 61.1 34.9 3.8
      vertex 62.5997 31.1409 3.8
    endloop
  endfacet
  facet normal 0 0 1
    outer loop
      vertex 62.5997 31.1409 3.8
      vertex 61.1 34.9 3.8
      vertex 62.5883 31.1353 3.8
    endloop
  endfacet
  facet normal 0 0 1
    outer loop
      vertex 62.5883 31.1353 3.8
      vertex 61.1 34.9 3.8
      vertex 62.5778 31.1282 3.8
    endloop
  endfacet
  facet normal 0 0 1
    outer loop
      vertex 62.5778 31.1282 3.8
      vertex 61.1 34.9 3.8
      vertex 62.3139 30.9519 3.8
    endloop
  endfacet
  facet normal 0 0 1
    outer loop
      vertex 62.3139 30.9519 3.8
      vertex 61.1 34.9 3.8
      vertex 62.3044 30.9436 3.8
    endloop
  endfacet
  facet normal 0 0 1
    outer loop
      vertex 61.1 34.9 3.8
      vertex 61.6591 30.2003 3.8
      vertex 61.6647 30.2117 3.8
    endloop
  endfacet
  facet normal 0 0 -1
    outer loop
      vertex 61.3483 29.2794 3.8
      vertex 61.3267 28.95 3.8
      vertex 61.3275 28.9626 3.8
    endloop
  endfacet
  facet normal 0 0 1
    outer loop
      vertex 61.1 25.99 3.8
      vertex 61.3267 28.95 3.8
      vertex 61.1 34.9 3.8
    endloop
  endfacet
  facet normal 0 0 1
    outer loop
      vertex 61.3483 29.2794 3.8
      vertex 61.1 34.9 3.8
      vertex 61.3267 28.95 3.8
    endloop
  endfacet
  facet normal 0 0 1
    outer loop
      vertex 61.3507 29.2918 3.8
      vertex 61.1 34.9 3.8
      vertex 61.3483 29.2794 3.8
    endloop
  endfacet
  facet normal 0 0 1
    outer loop
      vertex 61.4126 29.6031 3.8
      vertex 61.1 34.9 3.8
      vertex 61.3507 29.2918 3.8
    endloop
  endfacet
  facet normal 0 0 1
    outer loop
      vertex 61.5147 29.9037 3.8
      vertex 61.1 34.9 3.8
      vertex 61.4126 29.6031 3.8
    endloop
  endfacet
  facet normal 0 0 1
    outer loop
      vertex 61.5187 29.9156 3.8
      vertex 61.1 34.9 3.8
      vertex 61.5147 29.9037 3.8
    endloop
  endfacet
  facet normal 0 0 1
    outer loop
      vertex 61.6591 30.2003 3.8
      vertex 61.1 34.9 3.8
      vertex 61.5187 29.9156 3.8
    endloop
  endfacet
  facet normal 0 0 1
    outer loop
      vertex 61.6718 30.2222 3.8
      vertex 61.1 34.9 3.8
      vertex 61.6647 30.2117 3.8
    endloop
  endfacet
  facet normal 0 0 1
    outer loop
      vertex 61.8481 30.4861 3.8
      vertex 61.1 34.9 3.8
      vertex 61.6718 30.2222 3.8
    endloop
  endfacet
  facet normal 0 0 1
    outer loop
      vertex 61.8564 30.4956 3.8
      vertex 61.1 34.9 3.8
      vertex 61.8481 30.4861 3.8
    endloop
  endfacet
  facet normal 0 0 1
    outer loop
      vertex 62.0657 30.7343 3.8
      vertex 61.1 34.9 3.8
      vertex 61.8564 30.4956 3.8
    endloop
  endfacet
  facet normal 0 0 1
    outer loop
      vertex 62.3044 30.9436 3.8
      vertex 61.1 34.9 3.8
      vertex 62.0657 30.7343 3.8
    endloop
  endfacet
  facet normal -0 0 1
    outer loop
      vertex 65.8589 4.52441 3.8
      vertex 69.7637 2.96472 3.8
      vertex 66.0353 4.78833 3.8
    endloop
  endfacet
  facet normal 0 0 1
    outer loop
      vertex 69.7637 2.96472 3.8
      vertex 65.8589 4.52441 3.8
      vertex 69.5955 2.46927 3.8
    endloop
  endfacet
  facet normal -0 0 1
    outer loop
      vertex 65.8519 4.51389 3.8
      vertex 69.5955 2.46927 3.8
      vertex 65.8589 4.52441 3.8
    endloop
  endfacet
  facet normal 0 0 1
    outer loop
      vertex 69.5955 2.46927 3.8
      vertex 65.8519 4.51389 3.8
      vertex 69.3641 2 3.8
    endloop
  endfacet
  facet normal -0 0 1
    outer loop
      vertex 65.8436 4.50438 3.8
      vertex 69.3641 2 3.8
      vertex 65.8519 4.51389 3.8
    endloop
  endfacet
  facet normal 0 0 1
    outer loop
      vertex 69.3641 2 3.8
      vertex 65.8436 4.50438 3.8
      vertex 69.0734 1.56495 3.8
    endloop
  endfacet
  facet normal -0 0 1
    outer loop
      vertex 65.6343 4.26573 3.8
      vertex 69.0734 1.56495 3.8
      vertex 65.8436 4.50438 3.8
    endloop
  endfacet
  facet normal 0 0 1
    outer loop
      vertex 69.0734 1.56495 3.8
      vertex 65.6343 4.26573 3.8
      vertex 68.7284 1.17157 3.8
    endloop
  endfacet
  facet normal 0 0 1
    outer loop
      vertex 68.7284 1.17157 3.8
      vertex 65.6343 4.26573 3.8
      vertex 68.335 0.826586 3.8
    endloop
  endfacet
  facet normal -0 0 1
    outer loop
      vertex 65.3956 4.05644 3.8
      vertex 68.335 0.826586 3.8
      vertex 65.6343 4.26573 3.8
    endloop
  endfacet
  facet normal 0 0 1
    outer loop
      vertex 68.335 0.826586 3.8
      vertex 65.3956 4.05644 3.8
      vertex 67.9 0.535898 3.8
    endloop
  endfacet
  facet normal -0 0 1
    outer loop
      vertex 65.3861 4.0481 3.8
      vertex 67.9 0.535898 3.8
      vertex 65.3956 4.05644 3.8
    endloop
  endfacet
  facet normal 0 0 1
    outer loop
      vertex 67.9 0.535898 3.8
      vertex 65.3861 4.0481 3.8
      vertex 67.4307 0.304482 3.8
    endloop
  endfacet
  facet normal -0 0 1
    outer loop
      vertex 65.3756 4.04108 3.8
      vertex 67.4307 0.304482 3.8
      vertex 65.3861 4.0481 3.8
    endloop
  endfacet
  facet normal 0 0 1
    outer loop
      vertex 67.4307 0.304482 3.8
      vertex 65.3756 4.04108 3.8
      vertex 66.9353 0.136296 3.8
    endloop
  endfacet
  facet normal -0 0 1
    outer loop
      vertex 65.1117 3.86473 3.8
      vertex 66.9353 0.136296 3.8
      vertex 65.3756 4.04108 3.8
    endloop
  endfacet
  facet normal 0 0 1
    outer loop
      vertex 66.9353 0.136296 3.8
      vertex 65.1117 3.86473 3.8
      vertex 66.4221 0.0342197 3.8
    endloop
  endfacet
  facet normal 0 0 1
    outer loop
      vertex 66.4221 0.0342197 3.8
      vertex 65.1117 3.86473 3.8
      vertex 65.9 0 3.8
    endloop
  endfacet
  facet normal -0 0 1
    outer loop
      vertex 65.1003 3.85914 3.8
      vertex 65.9 0 3.8
      vertex 65.1117 3.86473 3.8
    endloop
  endfacet
  facet normal -0 0 1
    outer loop
      vertex 64.8156 3.71874 3.8
      vertex 65.9 0 3.8
      vertex 65.1003 3.85914 3.8
    endloop
  endfacet
  facet normal -0 0 1
    outer loop
      vertex 64.5151 3.61671 3.8
      vertex 65.9 0 3.8
      vertex 64.8156 3.71874 3.8
    endloop
  endfacet
  facet normal -0 0 1
    outer loop
      vertex 64.5031 3.61265 3.8
      vertex 65.9 0 3.8
      vertex 64.5151 3.61671 3.8
    endloop
  endfacet
  facet normal -0 0 1
    outer loop
      vertex 64.4907 3.61018 3.8
      vertex 65.9 0 3.8
      vertex 64.5031 3.61265 3.8
    endloop
  endfacet
  facet normal -0 0 1
    outer loop
      vertex 64.1794 3.54825 3.8
      vertex 65.9 0 3.8
      vertex 64.4907 3.61018 3.8
    endloop
  endfacet
  facet normal -0 0 1
    outer loop
      vertex 64.1667 3.54743 3.8
      vertex 65.9 0 3.8
      vertex 64.1794 3.54825 3.8
    endloop
  endfacet
  facet normal -0 0 1
    outer loop
      vertex 63.85 3.52667 3.8
      vertex 65.9 0 3.8
      vertex 64.1667 3.54743 3.8
    endloop
  endfacet
  facet normal 0 0 1
    outer loop
      vertex 63.5333 3.54743 3.8
      vertex 65.9 0 3.8
      vertex 63.85 3.52667 3.8
    endloop
  endfacet
  facet normal 0 0 1
    outer loop
      vertex 63.5206 3.54825 3.8
      vertex 65.9 0 3.8
      vertex 63.5333 3.54743 3.8
    endloop
  endfacet
  facet normal 0 0 1
    outer loop
      vertex 63.2093 3.61018 3.8
      vertex 65.9 0 3.8
      vertex 63.5206 3.54825 3.8
    endloop
  endfacet
  facet normal 0 0 1
    outer loop
      vertex 63.1969 3.61265 3.8
      vertex 65.9 0 3.8
      vertex 63.2093 3.61018 3.8
    endloop
  endfacet
  facet normal 0 0 1
    outer loop
      vertex 63.1849 3.61671 3.8
      vertex 65.9 0 3.8
      vertex 63.1969 3.61265 3.8
    endloop
  endfacet
  facet normal 0 0 1
    outer loop
      vertex 62.8844 3.71874 3.8
      vertex 65.9 0 3.8
      vertex 63.1849 3.61671 3.8
    endloop
  endfacet
  facet normal 0 0 1
    outer loop
      vertex 62.5997 3.85914 3.8
      vertex 65.9 0 3.8
      vertex 62.8844 3.71874 3.8
    endloop
  endfacet
  facet normal 0 0 1
    outer loop
      vertex 62.5883 3.86473 3.8
      vertex 65.9 0 3.8
      vertex 62.5997 3.85914 3.8
    endloop
  endfacet
  facet normal 0 0 1
    outer loop
      vertex 62.5778 3.87175 3.8
      vertex 65.9 0 3.8
      vertex 62.5883 3.86473 3.8
    endloop
  endfacet
  facet normal 0 0 1
    outer loop
      vertex 62.3139 4.0481 3.8
      vertex 65.9 0 3.8
      vertex 62.5778 3.87175 3.8
    endloop
  endfacet
  facet normal 0 0 1
    outer loop
      vertex 62.3044 4.05644 3.8
      vertex 65.9 0 3.8
      vertex 62.3139 4.0481 3.8
    endloop
  endfacet
  facet normal 0 0 1
    outer loop
      vertex 62.0657 4.26573 3.8
      vertex 65.9 0 3.8
      vertex 62.3044 4.05644 3.8
    endloop
  endfacet
  facet normal 0 0 1
    outer loop
      vertex 40.55 9.85 3.8
      vertex 61.6591 4.79967 3.8
      vertex 61.5187 5.08436 3.8
    endloop
  endfacet
  facet normal 0 0 1
    outer loop
      vertex 40.55 9.85 3.8
      vertex 61.3275 6.03738 3.8
      vertex 61.3267 6.05 3.8
    endloop
  endfacet
  facet normal 0 0 1
    outer loop
      vertex 61.5187 7.01564 3.8
      vertex 40.55 9.85 3.8
      vertex 61.5147 7.00366 3.8
    endloop
  endfacet
  facet normal 0 0 1
    outer loop
      vertex 40.55 19.45 3.8
      vertex 61.1 25.99 3.8
      vertex 40.55 21.05 3.8
    endloop
  endfacet
  facet normal 0 0 1
    outer loop
      vertex 40.55 17.85 3.8
      vertex 61.1 25.99 3.8
      vertex 40.55 19.45 3.8
    endloop
  endfacet
  facet normal 0 0 1
    outer loop
      vertex 40.55 16.25 3.8
      vertex 61.1 25.99 3.8
      vertex 40.55 17.85 3.8
    endloop
  endfacet
  facet normal 0 0 1
    outer loop
      vertex 61.5147 7.00366 3.8
      vertex 40.55 9.85 3.8
      vertex 61.4126 6.70309 3.8
    endloop
  endfacet
  facet normal 0 0 1
    outer loop
      vertex 61.4126 6.70309 3.8
      vertex 40.55 9.85 3.8
      vertex 61.3507 6.39176 3.8
    endloop
  endfacet
  facet normal 0 0 1
    outer loop
      vertex 61.3507 6.39176 3.8
      vertex 40.55 9.85 3.8
      vertex 61.3483 6.37936 3.8
    endloop
  endfacet
  facet normal 0 0 1
    outer loop
      vertex 61.3483 6.37936 3.8
      vertex 40.55 9.85 3.8
      vertex 61.3275 6.06262 3.8
    endloop
  endfacet
  facet normal 0 0 1
    outer loop
      vertex 61.3275 6.06262 3.8
      vertex 40.55 9.85 3.8
      vertex 61.3267 6.05 3.8
    endloop
  endfacet
  facet normal 0 0 1
    outer loop
      vertex 61.3275 6.03738 3.8
      vertex 40.55 9.85 3.8
      vertex 61.3483 5.72064 3.8
    endloop
  endfacet
  facet normal 0 0 1
    outer loop
      vertex 61.3483 5.72064 3.8
      vertex 40.55 9.85 3.8
      vertex 61.3507 5.70824 3.8
    endloop
  endfacet
  facet normal 0 0 1
    outer loop
      vertex 61.3507 5.70824 3.8
      vertex 40.55 9.85 3.8
      vertex 61.4126 5.39691 3.8
    endloop
  endfacet
  facet normal 0 0 1
    outer loop
      vertex 61.4126 5.39691 3.8
      vertex 40.55 9.85 3.8
      vertex 61.5147 5.09633 3.8
    endloop
  endfacet
  facet normal 0 0 1
    outer loop
      vertex 61.5147 5.09633 3.8
      vertex 40.55 9.85 3.8
      vertex 61.5187 5.08436 3.8
    endloop
  endfacet
  facet normal 0 0 1
    outer loop
      vertex 61.6591 4.79967 3.8
      vertex 40.55 9.85 3.8
      vertex 61.6647 4.78833 3.8
    endloop
  endfacet
  facet normal 0 0 1
    outer loop
      vertex 61.6647 4.78833 3.8
      vertex 40.55 9.85 3.8
      vertex 61.6718 4.77782 3.8
    endloop
  endfacet
  facet normal 0 0 1
    outer loop
      vertex 61.6718 4.77782 3.8
      vertex 40.55 9.85 3.8
      vertex 61.8481 4.51389 3.8
    endloop
  endfacet
  facet normal 0 0 1
    outer loop
      vertex 61.8481 4.51389 3.8
      vertex 40.55 9.85 3.8
      vertex 61.8564 4.50438 3.8
    endloop
  endfacet
  facet normal 0 0 1
    outer loop
      vertex 61.8564 4.50438 3.8
      vertex 40.55 9.85 3.8
      vertex 62.0657 4.26573 3.8
    endloop
  endfacet
  facet normal 0 0 1
    outer loop
      vertex 62.0657 4.26573 3.8
      vertex 40.55 9.85 3.8
      vertex 65.9 0 3.8
    endloop
  endfacet
  facet normal 0 0 1
    outer loop
      vertex 4 0 3.8
      vertex 40.55 9.85 3.8
      vertex 18.35 9.85 3.8
    endloop
  endfacet
  facet normal -0 0 1
    outer loop
      vertex 8.55257 28.5833 3.8
      vertex 8.7 25.99 3.8
      vertex 8.57333 28.9 3.8
    endloop
  endfacet
  facet normal -0 0 1
    outer loop
      vertex 8.55175 28.5706 3.8
      vertex 8.7 25.99 3.8
      vertex 8.55257 28.5833 3.8
    endloop
  endfacet
  facet normal -0 0 1
    outer loop
      vertex 8.48982 28.2593 3.8
      vertex 8.7 25.99 3.8
      vertex 8.55175 28.5706 3.8
    endloop
  endfacet
  facet normal 0 0 1
    outer loop
      vertex 8.50257 6.36674 3.8
      vertex 18.35 9.85 3.8
      vertex 18.35 11.45 3.8
    endloop
  endfacet
  facet normal 0 0 1
    outer loop
      vertex 8.50257 5.73326 3.8
      vertex 18.35 9.85 3.8
      vertex 8.52333 6.05 3.8
    endloop
  endfacet
  facet normal 0 0 1
    outer loop
      vertex 8.50175 5.72064 3.8
      vertex 18.35 9.85 3.8
      vertex 8.50257 5.73326 3.8
    endloop
  endfacet
  facet normal 0 0 1
    outer loop
      vertex 8.43982 5.40932 3.8
      vertex 18.35 9.85 3.8
      vertex 8.50175 5.72064 3.8
    endloop
  endfacet
  facet normal 0 0 1
    outer loop
      vertex 8.43735 5.39691 3.8
      vertex 18.35 9.85 3.8
      vertex 8.43982 5.40932 3.8
    endloop
  endfacet
  facet normal 0 0 1
    outer loop
      vertex 8.33532 5.09633 3.8
      vertex 18.35 9.85 3.8
      vertex 8.43735 5.39691 3.8
    endloop
  endfacet
  facet normal 0 0 1
    outer loop
      vertex 8.33125 5.08436 3.8
      vertex 18.35 9.85 3.8
      vertex 8.33532 5.09633 3.8
    endloop
  endfacet
  facet normal 0 0 1
    outer loop
      vertex 8.32566 5.07302 3.8
      vertex 18.35 9.85 3.8
      vertex 8.33125 5.08436 3.8
    endloop
  endfacet
  facet normal 0 0 1
    outer loop
      vertex 8.18527 4.78833 3.8
      vertex 18.35 9.85 3.8
      vertex 8.32566 5.07302 3.8
    endloop
  endfacet
  facet normal 0 0 1
    outer loop
      vertex 8.00892 4.52441 3.8
      vertex 18.35 9.85 3.8
      vertex 8.18527 4.78833 3.8
    endloop
  endfacet
  facet normal 0 0 1
    outer loop
      vertex 8.00189 4.51389 3.8
      vertex 18.35 9.85 3.8
      vertex 8.00892 4.52441 3.8
    endloop
  endfacet
  facet normal 0 0 1
    outer loop
      vertex 7.99356 4.50438 3.8
      vertex 18.35 9.85 3.8
      vertex 8.00189 4.51389 3.8
    endloop
  endfacet
  facet normal 0 0 1
    outer loop
      vertex 7.78427 4.26573 3.8
      vertex 18.35 9.85 3.8
      vertex 7.99356 4.50438 3.8
    endloop
  endfacet
  facet normal 0 0 1
    outer loop
      vertex 4 0 3.8
      vertex 18.35 9.85 3.8
      vertex 7.78427 4.26573 3.8
    endloop
  endfacet
  facet normal 0 0 1
    outer loop
      vertex 4 0 3.8
      vertex 7.78427 4.26573 3.8
      vertex 7.54561 4.05644 3.8
    endloop
  endfacet
  facet normal 0 0 1
    outer loop
      vertex 4 0 3.8
      vertex 7.54561 4.05644 3.8
      vertex 7.53611 4.0481 3.8
    endloop
  endfacet
  facet normal 0 0 1
    outer loop
      vertex 4 0 3.8
      vertex 7.53611 4.0481 3.8
      vertex 7.27218 3.87175 3.8
    endloop
  endfacet
  facet normal 0 0 1
    outer loop
      vertex 4 0 3.8
      vertex 7.27218 3.87175 3.8
      vertex 7.26167 3.86473 3.8
    endloop
  endfacet
  facet normal 0 0 1
    outer loop
      vertex 4 0 3.8
      vertex 7.26167 3.86473 3.8
      vertex 7.25033 3.85914 3.8
    endloop
  endfacet
  facet normal 0 0 1
    outer loop
      vertex 4 0 3.8
      vertex 7.25033 3.85914 3.8
      vertex 6.96564 3.71874 3.8
    endloop
  endfacet
  facet normal 0 0 1
    outer loop
      vertex 4 0 3.8
      vertex 6.96564 3.71874 3.8
      vertex 6.66506 3.61671 3.8
    endloop
  endfacet
  facet normal 0 0 1
    outer loop
      vertex 4 0 3.8
      vertex 6.66506 3.61671 3.8
      vertex 6.65309 3.61265 3.8
    endloop
  endfacet
  facet normal 0 0 1
    outer loop
      vertex 4 0 3.8
      vertex 6.65309 3.61265 3.8
      vertex 6.64068 3.61018 3.8
    endloop
  endfacet
  facet normal 0 0 1
    outer loop
      vertex 4 0 3.8
      vertex 6.64068 3.61018 3.8
      vertex 6.32936 3.54825 3.8
    endloop
  endfacet
  facet normal 0 0 1
    outer loop
      vertex 4 0 3.8
      vertex 6.32936 3.54825 3.8
      vertex 6.31674 3.54743 3.8
    endloop
  endfacet
  facet normal 0 0 1
    outer loop
      vertex 4 0 3.8
      vertex 6.31674 3.54743 3.8
      vertex 6 3.52667 3.8
    endloop
  endfacet
  facet normal 0 0 1
    outer loop
      vertex 4 0 3.8
      vertex 5.68326 3.54743 3.8
      vertex 5.67064 3.54825 3.8
    endloop
  endfacet
  facet normal 0 0 1
    outer loop
      vertex 4 0 3.8
      vertex 5.35931 3.61018 3.8
      vertex 5.34691 3.61265 3.8
    endloop
  endfacet
  facet normal 0 0 1
    outer loop
      vertex 40.55 9.85 3.8
      vertex 4 0 3.8
      vertex 65.9 0 3.8
    endloop
  endfacet
  facet normal 0 0 1
    outer loop
      vertex 5.68326 3.54743 3.8
      vertex 4 0 3.8
      vertex 6 3.52667 3.8
    endloop
  endfacet
  facet normal 0 0 1
    outer loop
      vertex 5.35931 3.61018 3.8
      vertex 4 0 3.8
      vertex 5.67064 3.54825 3.8
    endloop
  endfacet
  facet normal 0 0 1
    outer loop
      vertex 5.33494 3.61671 3.8
      vertex 4 0 3.8
      vertex 5.34691 3.61265 3.8
    endloop
  endfacet
  facet normal 0 0 1
    outer loop
      vertex 5.03436 3.71874 3.8
      vertex 4 0 3.8
      vertex 5.33494 3.61671 3.8
    endloop
  endfacet
  facet normal 0 0 1
    outer loop
      vertex 4.74967 3.85914 3.8
      vertex 4 0 3.8
      vertex 5.03436 3.71874 3.8
    endloop
  endfacet
  facet normal 0 0 1
    outer loop
      vertex 3.47789 0.0342197 3.8
      vertex 4.74967 3.85914 3.8
      vertex 4.73833 3.86473 3.8
    endloop
  endfacet
  facet normal 0 0 1
    outer loop
      vertex 2.96472 0.136296 3.8
      vertex 4.73833 3.86473 3.8
      vertex 4.72782 3.87175 3.8
    endloop
  endfacet
  facet normal 0 0 1
    outer loop
      vertex 2.96472 0.136296 3.8
      vertex 4.72782 3.87175 3.8
      vertex 4.46389 4.0481 3.8
    endloop
  endfacet
  facet normal 0 0 1
    outer loop
      vertex 2 0.535898 3.8
      vertex 4.46389 4.0481 3.8
      vertex 4.45439 4.05644 3.8
    endloop
  endfacet
  facet normal 0 0 1
    outer loop
      vertex 1.56495 0.826586 3.8
      vertex 4.45439 4.05644 3.8
      vertex 4.21573 4.26573 3.8
    endloop
  endfacet
  facet normal 0 0 1
    outer loop
      vertex 0.826586 1.56495 3.8
      vertex 4.21573 4.26573 3.8
      vertex 4.00644 4.50438 3.8
    endloop
  endfacet
  facet normal 0 0 1
    outer loop
      vertex 0.535898 2 3.8
      vertex 4.00644 4.50438 3.8
      vertex 3.9981 4.51389 3.8
    endloop
  endfacet
  facet normal 0 0 1
    outer loop
      vertex 0.304482 2.46927 3.8
      vertex 3.9981 4.51389 3.8
      vertex 3.99108 4.52441 3.8
    endloop
  endfacet
  facet normal 0 0 1
    outer loop
      vertex 0.136296 2.96472 3.8
      vertex 3.99108 4.52441 3.8
      vertex 3.81473 4.78833 3.8
    endloop
  endfacet
  facet normal 0 0 1
    outer loop
      vertex 0 4 3.8
      vertex 3.81473 4.78833 3.8
      vertex 3.67434 5.07302 3.8
    endloop
  endfacet
  facet normal 0 0 1
    outer loop
      vertex 0 4 3.8
      vertex 3.67434 5.07302 3.8
      vertex 3.66874 5.08436 3.8
    endloop
  endfacet
  facet normal 0 0 1
    outer loop
      vertex 0 4 3.8
      vertex 3.66874 5.08436 3.8
      vertex 3.66468 5.09633 3.8
    endloop
  endfacet
  facet normal 0 0 1
    outer loop
      vertex 0 4 3.8
      vertex 3.66468 5.09633 3.8
      vertex 3.56265 5.39691 3.8
    endloop
  endfacet
  facet normal 0 0 1
    outer loop
      vertex 0 4 3.8
      vertex 3.56265 5.39691 3.8
      vertex 3.56018 5.40932 3.8
    endloop
  endfacet
  facet normal 0 0 1
    outer loop
      vertex 0 4 3.8
      vertex 3.56018 5.40932 3.8
      vertex 3.49825 5.72064 3.8
    endloop
  endfacet
  facet normal 0 0 1
    outer loop
      vertex 4.74967 3.85914 3.8
      vertex 3.47789 0.0342197 3.8
      vertex 4 0 3.8
    endloop
  endfacet
  facet normal 0 0 1
    outer loop
      vertex 0 4 3.8
      vertex 3.49825 5.72064 3.8
      vertex 3.49743 5.73326 3.8
    endloop
  endfacet
  facet normal 0 0 1
    outer loop
      vertex 0 4 3.8
      vertex 3.49743 5.73326 3.8
      vertex 3.47667 6.05 3.8
    endloop
  endfacet
  facet normal 0 0 1
    outer loop
      vertex 3.49825 6.37936 3.8
      vertex 0 4 3.8
      vertex 3.49743 6.36674 3.8
    endloop
  endfacet
  facet normal 0 0 1
    outer loop
      vertex 3.49743 6.36674 3.8
      vertex 0 4 3.8
      vertex 3.47667 6.05 3.8
    endloop
  endfacet
  facet normal -0 0 1
    outer loop
      vertex 0.0342197 31.4221 3.8
      vertex 3.86473 30.1617 3.8
      vertex 0.136296 31.9353 3.8
    endloop
  endfacet
  facet normal 0 0 1
    outer loop
      vertex 3.81473 4.78833 3.8
      vertex 0 4 3.8
      vertex 0.0342197 3.47789 3.8
    endloop
  endfacet
  facet normal 0 0 1
    outer loop
      vertex 3.86473 30.1617 3.8
      vertex 0.0342197 31.4221 3.8
      vertex 3.85914 30.1503 3.8
    endloop
  endfacet
  facet normal 0 0 1
    outer loop
      vertex 4.73833 3.86473 3.8
      vertex 2.96472 0.136296 3.8
      vertex 3.47789 0.0342197 3.8
    endloop
  endfacet
  facet normal -0 0 1
    outer loop
      vertex 0 30.9 3.8
      vertex 3.85914 30.1503 3.8
      vertex 0.0342197 31.4221 3.8
    endloop
  endfacet
  facet normal 0 0 1
    outer loop
      vertex 4.46389 4.0481 3.8
      vertex 2.46927 0.304482 3.8
      vertex 2.96472 0.136296 3.8
    endloop
  endfacet
  facet normal 0 0 1
    outer loop
      vertex 3.85914 30.1503 3.8
      vertex 0 30.9 3.8
      vertex 3.71874 29.8656 3.8
    endloop
  endfacet
  facet normal 0 0 1
    outer loop
      vertex 4.46389 4.0481 3.8
      vertex 2 0.535898 3.8
      vertex 2.46927 0.304482 3.8
    endloop
  endfacet
  facet normal 0 0 1
    outer loop
      vertex 3.71874 29.8656 3.8
      vertex 0 30.9 3.8
      vertex 3.61671 29.5651 3.8
    endloop
  endfacet
  facet normal 0 0 1
    outer loop
      vertex 4.45439 4.05644 3.8
      vertex 1.56495 0.826586 3.8
      vertex 2 0.535898 3.8
    endloop
  endfacet
  facet normal 0 0 1
    outer loop
      vertex 3.61671 29.5651 3.8
      vertex 0 30.9 3.8
      vertex 3.61265 29.5531 3.8
    endloop
  endfacet
  facet normal 0 0 1
    outer loop
      vertex 4.21573 4.26573 3.8
      vertex 1.17157 1.17157 3.8
      vertex 1.56495 0.826586 3.8
    endloop
  endfacet
  facet normal 0 0 1
    outer loop
      vertex 3.61265 29.5531 3.8
      vertex 0 30.9 3.8
      vertex 3.61018 29.5407 3.8
    endloop
  endfacet
  facet normal 0 0 1
    outer loop
      vertex 4.21573 4.26573 3.8
      vertex 0.826586 1.56495 3.8
      vertex 1.17157 1.17157 3.8
    endloop
  endfacet
  facet normal 0 0 1
    outer loop
      vertex 3.61018 29.5407 3.8
      vertex 0 30.9 3.8
      vertex 3.54825 29.2294 3.8
    endloop
  endfacet
  facet normal 0 0 1
    outer loop
      vertex 4.00644 4.50438 3.8
      vertex 0.535898 2 3.8
      vertex 0.826586 1.56495 3.8
    endloop
  endfacet
  facet normal 0 0 1
    outer loop
      vertex 3.54743 29.2167 3.8
      vertex 0 30.9 3.8
      vertex 3.52667 28.9 3.8
    endloop
  endfacet
  facet normal 0 0 1
    outer loop
      vertex 3.9981 4.51389 3.8
      vertex 0.304482 2.46927 3.8
      vertex 0.535898 2 3.8
    endloop
  endfacet
  facet normal 0 0 1
    outer loop
      vertex 3.99108 4.52441 3.8
      vertex 0.136296 2.96472 3.8
      vertex 0.304482 2.46927 3.8
    endloop
  endfacet
  facet normal 0 0 1
    outer loop
      vertex 3.81473 4.78833 3.8
      vertex 0.0342197 3.47789 3.8
      vertex 0.136296 2.96472 3.8
    endloop
  endfacet
  facet normal -1 0 0
    outer loop
      vertex 40.55 9.85 1.8
      vertex 40.55 11.45 3.8
      vertex 40.55 11.45 1.8
    endloop
  endfacet
  facet normal -1 -0 0
    outer loop
      vertex 40.55 11.45 3.8
      vertex 40.55 9.85 1.8
      vertex 40.55 9.85 3.8
    endloop
  endfacet
  facet normal 1 -0 0
    outer loop
      vertex 18.35 9.85 3.8
      vertex 18.35 11.45 1.8
      vertex 18.35 11.45 3.8
    endloop
  endfacet
  facet normal 1 0 0
    outer loop
      vertex 18.35 11.45 1.8
      vertex 18.35 9.85 3.8
      vertex 18.35 9.85 1.8
    endloop
  endfacet
  facet normal 0 -1 0
    outer loop
      vertex 18.35 11.45 1.8
      vertex 40.55 11.45 3.8
      vertex 18.35 11.45 3.8
    endloop
  endfacet
  facet normal 0 -1 -0
    outer loop
      vertex 40.55 11.45 3.8
      vertex 18.35 11.45 1.8
      vertex 40.55 11.45 1.8
    endloop
  endfacet
  facet normal 0 1 -0
    outer loop
      vertex 40.55 9.85 1.8
      vertex 18.35 9.85 3.8
      vertex 40.55 9.85 3.8
    endloop
  endfacet
  facet normal 0 1 0
    outer loop
      vertex 18.35 9.85 3.8
      vertex 40.55 9.85 1.8
      vertex 18.35 9.85 1.8
    endloop
  endfacet
  facet normal -1 0 0
    outer loop
      vertex 40.55 13.05 1.8
      vertex 40.55 14.65 3.8
      vertex 40.55 14.65 1.8
    endloop
  endfacet
  facet normal -1 -0 0
    outer loop
      vertex 40.55 14.65 3.8
      vertex 40.55 13.05 1.8
      vertex 40.55 13.05 3.8
    endloop
  endfacet
  facet normal 1 -0 0
    outer loop
      vertex 18.35 13.05 3.8
      vertex 18.35 14.65 1.8
      vertex 18.35 14.65 3.8
    endloop
  endfacet
  facet normal 1 0 0
    outer loop
      vertex 18.35 14.65 1.8
      vertex 18.35 13.05 3.8
      vertex 18.35 13.05 1.8
    endloop
  endfacet
  facet normal 0 -1 0
    outer loop
      vertex 18.35 14.65 1.8
      vertex 40.55 14.65 3.8
      vertex 18.35 14.65 3.8
    endloop
  endfacet
  facet normal 0 -1 -0
    outer loop
      vertex 40.55 14.65 3.8
      vertex 18.35 14.65 1.8
      vertex 40.55 14.65 1.8
    endloop
  endfacet
  facet normal 0 1 -0
    outer loop
      vertex 40.55 13.05 1.8
      vertex 18.35 13.05 3.8
      vertex 40.55 13.05 3.8
    endloop
  endfacet
  facet normal 0 1 0
    outer loop
      vertex 18.35 13.05 3.8
      vertex 40.55 13.05 1.8
      vertex 18.35 13.05 1.8
    endloop
  endfacet
  facet normal -1 0 0
    outer loop
      vertex 40.55 16.25 1.8
      vertex 40.55 17.85 3.8
      vertex 40.55 17.85 1.8
    endloop
  endfacet
  facet normal -1 -0 0
    outer loop
      vertex 40.55 17.85 3.8
      vertex 40.55 16.25 1.8
      vertex 40.55 16.25 3.8
    endloop
  endfacet
  facet normal 1 -0 0
    outer loop
      vertex 18.35 16.25 3.8
      vertex 18.35 17.85 1.8
      vertex 18.35 17.85 3.8
    endloop
  endfacet
  facet normal 1 0 0
    outer loop
      vertex 18.35 17.85 1.8
      vertex 18.35 16.25 3.8
      vertex 18.35 16.25 1.8
    endloop
  endfacet
  facet normal 0 -1 0
    outer loop
      vertex 18.35 17.85 1.8
      vertex 40.55 17.85 3.8
      vertex 18.35 17.85 3.8
    endloop
  endfacet
  facet normal 0 -1 -0
    outer loop
      vertex 40.55 17.85 3.8
      vertex 18.35 17.85 1.8
      vertex 40.55 17.85 1.8
    endloop
  endfacet
  facet normal 0 1 -0
    outer loop
      vertex 40.55 16.25 1.8
      vertex 18.35 16.25 3.8
      vertex 40.55 16.25 3.8
    endloop
  endfacet
  facet normal 0 1 0
    outer loop
      vertex 18.35 16.25 3.8
      vertex 40.55 16.25 1.8
      vertex 18.35 16.25 1.8
    endloop
  endfacet
  facet normal -1 0 0
    outer loop
      vertex 40.55 19.45 1.8
      vertex 40.55 21.05 3.8
      vertex 40.55 21.05 1.8
    endloop
  endfacet
  facet normal -1 -0 0
    outer loop
      vertex 40.55 21.05 3.8
      vertex 40.55 19.45 1.8
      vertex 40.55 19.45 3.8
    endloop
  endfacet
  facet normal 1 -0 0
    outer loop
      vertex 18.35 19.45 3.8
      vertex 18.35 21.05 1.8
      vertex 18.35 21.05 3.8
    endloop
  endfacet
  facet normal 1 0 0
    outer loop
      vertex 18.35 21.05 1.8
      vertex 18.35 19.45 3.8
      vertex 18.35 19.45 1.8
    endloop
  endfacet
  facet normal 0 -1 0
    outer loop
      vertex 18.35 21.05 1.8
      vertex 40.55 21.05 3.8
      vertex 18.35 21.05 3.8
    endloop
  endfacet
  facet normal 0 -1 -0
    outer loop
      vertex 40.55 21.05 3.8
      vertex 18.35 21.05 1.8
      vertex 40.55 21.05 1.8
    endloop
  endfacet
  facet normal 0 1 -0
    outer loop
      vertex 40.55 19.45 1.8
      vertex 18.35 19.45 3.8
      vertex 40.55 19.45 3.8
    endloop
  endfacet
  facet normal 0 1 0
    outer loop
      vertex 18.35 19.45 3.8
      vertex 40.55 19.45 1.8
      vertex 18.35 19.45 1.8
    endloop
  endfacet
  facet normal -0.321458 -0.946924 0
    outer loop
      vertex 6.37529 7.45059 1.8
      vertex 6.55489 7.38962 2.4
      vertex 6.37529 7.45059 2.4
    endloop
  endfacet
  facet normal -0.321458 -0.946924 -0
    outer loop
      vertex 6.55489 7.38962 2.4
      vertex 6.37529 7.45059 1.8
      vertex 6.55489 7.38962 1.8
    endloop
  endfacet
  facet normal -0.980789 -0.195072 0
    outer loop
      vertex 7.43759 6.23926 1.8
      vertex 7.40059 6.42529 2.4
      vertex 7.40059 6.42529 1.8
    endloop
  endfacet
  facet normal -0.980789 -0.195072 0
    outer loop
      vertex 7.40059 6.42529 2.4
      vertex 7.43759 6.23926 1.8
      vertex 7.43759 6.23926 2.4
    endloop
  endfacet
  facet normal -0.997857 -0.0654307 0
    outer loop
      vertex 7.45 6.05 1.8
      vertex 7.43759 6.23926 2.4
      vertex 7.43759 6.23926 1.8
    endloop
  endfacet
  facet normal -0.997857 -0.0654307 0
    outer loop
      vertex 7.43759 6.23926 2.4
      vertex 7.45 6.05 1.8
      vertex 7.45 6.05 2.4
    endloop
  endfacet
  facet normal -0.5556 0.83145 0
    outer loop
      vertex 6.8827 4.89964 1.8
      vertex 6.725 4.79426 2.4
      vertex 6.8827 4.89964 2.4
    endloop
  endfacet
  facet normal -0.5556 0.83145 0
    outer loop
      vertex 6.725 4.79426 2.4
      vertex 6.8827 4.89964 1.8
      vertex 6.725 4.79426 1.8
    endloop
  endfacet
  facet normal -0.0654307 -0.997857 0
    outer loop
      vertex 6 7.5 1.8
      vertex 6.18926 7.48759 2.4
      vertex 6 7.5 2.4
    endloop
  endfacet
  facet normal -0.0654307 -0.997857 -0
    outer loop
      vertex 6.18926 7.48759 2.4
      vertex 6 7.5 1.8
      vertex 6.18926 7.48759 1.8
    endloop
  endfacet
  facet normal -0.83145 -0.5556 0
    outer loop
      vertex 7.25574 6.775 1.8
      vertex 7.15036 6.9327 2.4
      vertex 7.15036 6.9327 1.8
    endloop
  endfacet
  facet normal -0.83145 -0.5556 0
    outer loop
      vertex 7.15036 6.9327 2.4
      vertex 7.25574 6.775 1.8
      vertex 7.25574 6.775 2.4
    endloop
  endfacet
  facet normal 0.751858 -0.659325 0
    outer loop
      vertex 4.84964 6.9327 2.4
      vertex 4.97469 7.0753 1.8
      vertex 4.97469 7.0753 2.4
    endloop
  endfacet
  facet normal 0.751858 -0.659325 0
    outer loop
      vertex 4.97469 7.0753 1.8
      vertex 4.84964 6.9327 2.4
      vertex 4.84964 6.9327 1.8
    endloop
  endfacet
  facet normal 0.94694 -0.321411 0
    outer loop
      vertex 4.59941 6.42529 2.4
      vertex 4.66037 6.60489 1.8
      vertex 4.66037 6.60489 2.4
    endloop
  endfacet
  facet normal 0.94694 -0.321411 0
    outer loop
      vertex 4.66037 6.60489 1.8
      vertex 4.59941 6.42529 2.4
      vertex 4.59941 6.42529 1.8
    endloop
  endfacet
  facet normal 0.997861 0.0653782 0
    outer loop
      vertex 4.5624 5.86074 2.4
      vertex 4.55 6.05 1.8
      vertex 4.55 6.05 2.4
    endloop
  endfacet
  facet normal 0.997861 0.0653782 0
    outer loop
      vertex 4.55 6.05 1.8
      vertex 4.5624 5.86074 2.4
      vertex 4.5624 5.86074 1.8
    endloop
  endfacet
  facet normal 0.83145 -0.5556 0
    outer loop
      vertex 4.74426 6.775 2.4
      vertex 4.84964 6.9327 1.8
      vertex 4.84964 6.9327 2.4
    endloop
  endfacet
  facet normal 0.83145 -0.5556 0
    outer loop
      vertex 4.84964 6.9327 1.8
      vertex 4.74426 6.775 2.4
      vertex 4.74426 6.775 1.8
    endloop
  endfacet
  facet normal 0.321458 -0.946924 0
    outer loop
      vertex 5.44511 7.38962 1.8
      vertex 5.62471 7.45059 2.4
      vertex 5.44511 7.38962 2.4
    endloop
  endfacet
  facet normal 0.321458 -0.946924 0
    outer loop
      vertex 5.62471 7.45059 2.4
      vertex 5.44511 7.38962 1.8
      vertex 5.62471 7.45059 1.8
    endloop
  endfacet
  facet normal 0.659329 -0.751854 0
    outer loop
      vertex 4.97469 7.0753 1.8
      vertex 5.1173 7.20036 2.4
      vertex 4.97469 7.0753 2.4
    endloop
  endfacet
  facet normal 0.659329 -0.751854 0
    outer loop
      vertex 5.1173 7.20036 2.4
      vertex 4.97469 7.0753 1.8
      vertex 5.1173 7.20036 1.8
    endloop
  endfacet
  facet normal -0.321411 0.94694 0
    outer loop
      vertex 6.55489 4.71037 1.8
      vertex 6.37529 4.64941 2.4
      vertex 6.55489 4.71037 2.4
    endloop
  endfacet
  facet normal -0.321411 0.94694 0
    outer loop
      vertex 6.37529 4.64941 2.4
      vertex 6.55489 4.71037 1.8
      vertex 6.37529 4.64941 1.8
    endloop
  endfacet
  facet normal 0.94694 0.321411 0
    outer loop
      vertex 4.66037 5.49511 2.4
      vertex 4.59941 5.67471 1.8
      vertex 4.59941 5.67471 2.4
    endloop
  endfacet
  facet normal 0.94694 0.321411 0
    outer loop
      vertex 4.59941 5.67471 1.8
      vertex 4.66037 5.49511 2.4
      vertex 4.66037 5.49511 1.8
    endloop
  endfacet
  facet normal -0.751832 -0.659355 0
    outer loop
      vertex 7.15036 6.9327 1.8
      vertex 7.0253 7.0753 2.4
      vertex 7.0253 7.0753 1.8
    endloop
  endfacet
  facet normal -0.751832 -0.659355 0
    outer loop
      vertex 7.0253 7.0753 2.4
      vertex 7.15036 6.9327 1.8
      vertex 7.15036 6.9327 2.4
    endloop
  endfacet
  facet normal 0.980779 0.195122 0
    outer loop
      vertex 4.59941 5.67471 2.4
      vertex 4.5624 5.86074 1.8
      vertex 4.5624 5.86074 2.4
    endloop
  endfacet
  facet normal 0.980779 0.195122 0
    outer loop
      vertex 4.5624 5.86074 1.8
      vertex 4.59941 5.67471 2.4
      vertex 4.59941 5.67471 1.8
    endloop
  endfacet
  facet normal -0.946924 0.321458 0
    outer loop
      vertex 7.33962 5.49511 1.8
      vertex 7.40059 5.67471 2.4
      vertex 7.40059 5.67471 1.8
    endloop
  endfacet
  facet normal -0.946924 0.321458 0
    outer loop
      vertex 7.40059 5.67471 2.4
      vertex 7.33962 5.49511 1.8
      vertex 7.33962 5.49511 2.4
    endloop
  endfacet
  facet normal 0.83145 0.5556 0
    outer loop
      vertex 4.84964 5.1673 2.4
      vertex 4.74426 5.325 1.8
      vertex 4.74426 5.325 2.4
    endloop
  endfacet
  facet normal 0.83145 0.5556 0
    outer loop
      vertex 4.74426 5.325 1.8
      vertex 4.84964 5.1673 2.4
      vertex 4.84964 5.1673 1.8
    endloop
  endfacet
  facet normal -0.0653782 0.997861 0
    outer loop
      vertex 6.18926 4.6124 1.8
      vertex 6 4.6 2.4
      vertex 6.18926 4.6124 2.4
    endloop
  endfacet
  facet normal -0.0653782 0.997861 0
    outer loop
      vertex 6 4.6 2.4
      vertex 6.18926 4.6124 1.8
      vertex 6 4.6 1.8
    endloop
  endfacet
  facet normal -0.83145 0.5556 0
    outer loop
      vertex 7.15036 5.1673 1.8
      vertex 7.25574 5.325 2.4
      vertex 7.25574 5.325 1.8
    endloop
  endfacet
  facet normal -0.83145 0.5556 0
    outer loop
      vertex 7.25574 5.325 2.4
      vertex 7.15036 5.1673 1.8
      vertex 7.15036 5.1673 2.4
    endloop
  endfacet
  facet normal -0.659355 -0.751832 0
    outer loop
      vertex 6.8827 7.20036 1.8
      vertex 7.0253 7.0753 2.4
      vertex 6.8827 7.20036 2.4
    endloop
  endfacet
  facet normal -0.659355 -0.751832 -0
    outer loop
      vertex 7.0253 7.0753 2.4
      vertex 6.8827 7.20036 1.8
      vertex 7.0253 7.0753 1.8
    endloop
  endfacet
  facet normal -0.659325 0.751858 0
    outer loop
      vertex 7.0253 5.02469 1.8
      vertex 6.8827 4.89964 2.4
      vertex 7.0253 5.02469 2.4
    endloop
  endfacet
  facet normal -0.659325 0.751858 0
    outer loop
      vertex 6.8827 4.89964 2.4
      vertex 7.0253 5.02469 1.8
      vertex 6.8827 4.89964 1.8
    endloop
  endfacet
  facet normal -0.195072 -0.980789 0
    outer loop
      vertex 6.18926 7.48759 1.8
      vertex 6.37529 7.45059 2.4
      vertex 6.18926 7.48759 2.4
    endloop
  endfacet
  facet normal -0.195072 -0.980789 -0
    outer loop
      vertex 6.37529 7.45059 2.4
      vertex 6.18926 7.48759 1.8
      vertex 6.37529 7.45059 1.8
    endloop
  endfacet
  facet normal -0.442251 -0.896891 0
    outer loop
      vertex 6.55489 7.38962 1.8
      vertex 6.725 7.30574 2.4
      vertex 6.55489 7.38962 2.4
    endloop
  endfacet
  facet normal -0.442251 -0.896891 -0
    outer loop
      vertex 6.725 7.30574 2.4
      vertex 6.55489 7.38962 1.8
      vertex 6.725 7.30574 1.8
    endloop
  endfacet
  facet normal -0.195122 0.980779 0
    outer loop
      vertex 6.37529 4.64941 1.8
      vertex 6.18926 4.6124 2.4
      vertex 6.37529 4.64941 2.4
    endloop
  endfacet
  facet normal -0.195122 0.980779 0
    outer loop
      vertex 6.18926 4.6124 2.4
      vertex 6.37529 4.64941 1.8
      vertex 6.18926 4.6124 1.8
    endloop
  endfacet
  facet normal 0.442251 -0.896891 0
    outer loop
      vertex 5.275 7.30574 1.8
      vertex 5.44511 7.38962 2.4
      vertex 5.275 7.30574 2.4
    endloop
  endfacet
  facet normal 0.442251 -0.896891 0
    outer loop
      vertex 5.44511 7.38962 2.4
      vertex 5.275 7.30574 1.8
      vertex 5.44511 7.38962 1.8
    endloop
  endfacet
  facet normal 0.980779 -0.195122 0
    outer loop
      vertex 4.5624 6.23926 2.4
      vertex 4.59941 6.42529 1.8
      vertex 4.59941 6.42529 2.4
    endloop
  endfacet
  facet normal 0.980779 -0.195122 0
    outer loop
      vertex 4.59941 6.42529 1.8
      vertex 4.5624 6.23926 2.4
      vertex 4.5624 6.23926 1.8
    endloop
  endfacet
  facet normal -0.980789 0.195072 0
    outer loop
      vertex 7.40059 5.67471 1.8
      vertex 7.43759 5.86074 2.4
      vertex 7.43759 5.86074 1.8
    endloop
  endfacet
  facet normal -0.980789 0.195072 0
    outer loop
      vertex 7.43759 5.86074 2.4
      vertex 7.40059 5.67471 1.8
      vertex 7.40059 5.67471 2.4
    endloop
  endfacet
  facet normal -0.896891 0.442251 0
    outer loop
      vertex 7.25574 5.325 1.8
      vertex 7.33962 5.49511 2.4
      vertex 7.33962 5.49511 1.8
    endloop
  endfacet
  facet normal -0.896891 0.442251 0
    outer loop
      vertex 7.33962 5.49511 2.4
      vertex 7.25574 5.325 1.8
      vertex 7.25574 5.325 2.4
    endloop
  endfacet
  facet normal -0.5556 -0.83145 0
    outer loop
      vertex 6.725 7.30574 1.8
      vertex 6.8827 7.20036 2.4
      vertex 6.725 7.30574 2.4
    endloop
  endfacet
  facet normal -0.5556 -0.83145 -0
    outer loop
      vertex 6.8827 7.20036 2.4
      vertex 6.725 7.30574 1.8
      vertex 6.8827 7.20036 1.8
    endloop
  endfacet
  facet normal -0.442293 0.896871 0
    outer loop
      vertex 6.725 4.79426 1.8
      vertex 6.55489 4.71037 2.4
      vertex 6.725 4.79426 2.4
    endloop
  endfacet
  facet normal -0.442293 0.896871 0
    outer loop
      vertex 6.55489 4.71037 2.4
      vertex 6.725 4.79426 1.8
      vertex 6.55489 4.71037 1.8
    endloop
  endfacet
  facet normal 0.442293 0.896871 -0
    outer loop
      vertex 5.44511 4.71037 1.8
      vertex 5.275 4.79426 2.4
      vertex 5.44511 4.71037 2.4
    endloop
  endfacet
  facet normal 0.442293 0.896871 0
    outer loop
      vertex 5.275 4.79426 2.4
      vertex 5.44511 4.71037 1.8
      vertex 5.275 4.79426 1.8
    endloop
  endfacet
  facet normal 0.896871 0.442293 0
    outer loop
      vertex 4.74426 5.325 2.4
      vertex 4.66037 5.49511 1.8
      vertex 4.66037 5.49511 2.4
    endloop
  endfacet
  facet normal 0.896871 0.442293 0
    outer loop
      vertex 4.66037 5.49511 1.8
      vertex 4.74426 5.325 2.4
      vertex 4.74426 5.325 1.8
    endloop
  endfacet
  facet normal 0.997861 -0.0653782 0
    outer loop
      vertex 4.55 6.05 2.4
      vertex 4.5624 6.23926 1.8
      vertex 4.5624 6.23926 2.4
    endloop
  endfacet
  facet normal 0.997861 -0.0653782 0
    outer loop
      vertex 4.5624 6.23926 1.8
      vertex 4.55 6.05 2.4
      vertex 4.55 6.05 1.8
    endloop
  endfacet
  facet normal 0.195122 0.980779 -0
    outer loop
      vertex 5.81074 4.6124 1.8
      vertex 5.62471 4.64941 2.4
      vertex 5.81074 4.6124 2.4
    endloop
  endfacet
  facet normal 0.195122 0.980779 0
    outer loop
      vertex 5.62471 4.64941 2.4
      vertex 5.81074 4.6124 1.8
      vertex 5.62471 4.64941 1.8
    endloop
  endfacet
  facet normal 0.659299 0.751881 -0
    outer loop
      vertex 5.1173 4.89964 1.8
      vertex 4.97469 5.02469 2.4
      vertex 5.1173 4.89964 2.4
    endloop
  endfacet
  facet normal 0.659299 0.751881 0
    outer loop
      vertex 4.97469 5.02469 2.4
      vertex 5.1173 4.89964 1.8
      vertex 4.97469 5.02469 1.8
    endloop
  endfacet
  facet normal 0.321411 0.94694 -0
    outer loop
      vertex 5.62471 4.64941 1.8
      vertex 5.44511 4.71037 2.4
      vertex 5.62471 4.64941 2.4
    endloop
  endfacet
  facet normal 0.321411 0.94694 0
    outer loop
      vertex 5.44511 4.71037 2.4
      vertex 5.62471 4.64941 1.8
      vertex 5.44511 4.71037 1.8
    endloop
  endfacet
  facet normal -0.997857 0.0654307 0
    outer loop
      vertex 7.43759 5.86074 1.8
      vertex 7.45 6.05 2.4
      vertex 7.45 6.05 1.8
    endloop
  endfacet
  facet normal -0.997857 0.0654307 0
    outer loop
      vertex 7.45 6.05 2.4
      vertex 7.43759 5.86074 1.8
      vertex 7.43759 5.86074 2.4
    endloop
  endfacet
  facet normal -0.896891 -0.442251 0
    outer loop
      vertex 7.33962 6.60489 1.8
      vertex 7.25574 6.775 2.4
      vertex 7.25574 6.775 1.8
    endloop
  endfacet
  facet normal -0.896891 -0.442251 0
    outer loop
      vertex 7.25574 6.775 2.4
      vertex 7.33962 6.60489 1.8
      vertex 7.33962 6.60489 2.4
    endloop
  endfacet
  facet normal -0.751854 0.659329 0
    outer loop
      vertex 7.0253 5.02469 1.8
      vertex 7.15036 5.1673 2.4
      vertex 7.15036 5.1673 1.8
    endloop
  endfacet
  facet normal -0.751854 0.659329 0
    outer loop
      vertex 7.15036 5.1673 2.4
      vertex 7.0253 5.02469 1.8
      vertex 7.0253 5.02469 2.4
    endloop
  endfacet
  facet normal -0.946924 -0.321458 0
    outer loop
      vertex 7.40059 6.42529 1.8
      vertex 7.33962 6.60489 2.4
      vertex 7.33962 6.60489 1.8
    endloop
  endfacet
  facet normal -0.946924 -0.321458 0
    outer loop
      vertex 7.33962 6.60489 2.4
      vertex 7.40059 6.42529 1.8
      vertex 7.40059 6.42529 2.4
    endloop
  endfacet
  facet normal 0.0654307 -0.997857 0
    outer loop
      vertex 5.81074 7.48759 1.8
      vertex 6 7.5 2.4
      vertex 5.81074 7.48759 2.4
    endloop
  endfacet
  facet normal 0.0654307 -0.997857 0
    outer loop
      vertex 6 7.5 2.4
      vertex 5.81074 7.48759 1.8
      vertex 6 7.5 1.8
    endloop
  endfacet
  facet normal 0.195072 -0.980789 0
    outer loop
      vertex 5.62471 7.45059 1.8
      vertex 5.81074 7.48759 2.4
      vertex 5.62471 7.45059 2.4
    endloop
  endfacet
  facet normal 0.195072 -0.980789 0
    outer loop
      vertex 5.81074 7.48759 2.4
      vertex 5.62471 7.45059 1.8
      vertex 5.81074 7.48759 1.8
    endloop
  endfacet
  facet normal 0.0653782 0.997861 -0
    outer loop
      vertex 6 4.6 1.8
      vertex 5.81074 4.6124 2.4
      vertex 6 4.6 2.4
    endloop
  endfacet
  facet normal 0.0653782 0.997861 0
    outer loop
      vertex 5.81074 4.6124 2.4
      vertex 6 4.6 1.8
      vertex 5.81074 4.6124 1.8
    endloop
  endfacet
  facet normal 0.5556 -0.83145 0
    outer loop
      vertex 5.1173 7.20036 1.8
      vertex 5.275 7.30574 2.4
      vertex 5.1173 7.20036 2.4
    endloop
  endfacet
  facet normal 0.5556 -0.83145 0
    outer loop
      vertex 5.275 7.30574 2.4
      vertex 5.1173 7.20036 1.8
      vertex 5.275 7.30574 1.8
    endloop
  endfacet
  facet normal 0.751881 0.659299 0
    outer loop
      vertex 4.97469 5.02469 2.4
      vertex 4.84964 5.1673 1.8
      vertex 4.84964 5.1673 2.4
    endloop
  endfacet
  facet normal 0.751881 0.659299 0
    outer loop
      vertex 4.84964 5.1673 1.8
      vertex 4.97469 5.02469 2.4
      vertex 4.97469 5.02469 1.8
    endloop
  endfacet
  facet normal 0.896871 -0.442293 0
    outer loop
      vertex 4.66037 6.60489 2.4
      vertex 4.74426 6.775 1.8
      vertex 4.74426 6.775 2.4
    endloop
  endfacet
  facet normal 0.896871 -0.442293 0
    outer loop
      vertex 4.74426 6.775 1.8
      vertex 4.66037 6.60489 2.4
      vertex 4.66037 6.60489 1.8
    endloop
  endfacet
  facet normal 0.5556 0.83145 -0
    outer loop
      vertex 5.275 4.79426 1.8
      vertex 5.1173 4.89964 2.4
      vertex 5.275 4.79426 2.4
    endloop
  endfacet
  facet normal 0.5556 0.83145 0
    outer loop
      vertex 5.1173 4.89964 2.4
      vertex 5.275 4.79426 1.8
      vertex 5.1173 4.89964 1.8
    endloop
  endfacet
  facet normal -0.980783 -0.195102 0
    outer loop
      vertex 7.48759 29.0893 1.8
      vertex 7.45059 29.2753 2.4
      vertex 7.45059 29.2753 1.8
    endloop
  endfacet
  facet normal -0.980783 -0.195102 0
    outer loop
      vertex 7.45059 29.2753 2.4
      vertex 7.48759 29.0893 1.8
      vertex 7.48759 29.0893 2.4
    endloop
  endfacet
  facet normal -0.997858 -0.0654169 0
    outer loop
      vertex 7.5 28.9 1.8
      vertex 7.48759 29.0893 2.4
      vertex 7.48759 29.0893 1.8
    endloop
  endfacet
  facet normal -0.997858 -0.0654169 0
    outer loop
      vertex 7.48759 29.0893 2.4
      vertex 7.5 28.9 1.8
      vertex 7.5 28.9 2.4
    endloop
  endfacet
  facet normal 0.555309 0.831644 -0
    outer loop
      vertex 5.325 27.6443 1.8
      vertex 5.1673 27.7496 2.4
      vertex 5.325 27.6443 2.4
    endloop
  endfacet
  facet normal 0.555309 0.831644 0
    outer loop
      vertex 5.1673 27.7496 2.4
      vertex 5.325 27.6443 1.8
      vertex 5.1673 27.7496 1.8
    endloop
  endfacet
  facet normal 0.442335 -0.89685 0
    outer loop
      vertex 5.325 30.1557 1.8
      vertex 5.49511 30.2396 2.4
      vertex 5.325 30.1557 2.4
    endloop
  endfacet
  facet normal 0.442335 -0.89685 0
    outer loop
      vertex 5.49511 30.2396 2.4
      vertex 5.325 30.1557 1.8
      vertex 5.49511 30.2396 1.8
    endloop
  endfacet
  facet normal -0.555309 -0.831644 0
    outer loop
      vertex 6.775 30.1557 1.8
      vertex 6.9327 30.0504 2.4
      vertex 6.775 30.1557 2.4
    endloop
  endfacet
  facet normal -0.555309 -0.831644 -0
    outer loop
      vertex 6.9327 30.0504 2.4
      vertex 6.775 30.1557 1.8
      vertex 6.9327 30.0504 1.8
    endloop
  endfacet
  facet normal 0.94694 -0.321411 0
    outer loop
      vertex 4.64941 29.2753 2.4
      vertex 4.71037 29.4549 1.8
      vertex 4.71037 29.4549 2.4
    endloop
  endfacet
  facet normal 0.94694 -0.321411 0
    outer loop
      vertex 4.71037 29.4549 1.8
      vertex 4.64941 29.2753 2.4
      vertex 4.64941 29.2753 1.8
    endloop
  endfacet
  facet normal -0.442335 -0.89685 0
    outer loop
      vertex 6.60489 30.2396 1.8
      vertex 6.775 30.1557 2.4
      vertex 6.60489 30.2396 2.4
    endloop
  endfacet
  facet normal -0.442335 -0.89685 -0
    outer loop
      vertex 6.775 30.1557 2.4
      vertex 6.60489 30.2396 1.8
      vertex 6.775 30.1557 1.8
    endloop
  endfacet
  facet normal -0.751832 -0.659355 0
    outer loop
      vertex 7.20036 29.7827 1.8
      vertex 7.0753 29.9253 2.4
      vertex 7.0753 29.9253 1.8
    endloop
  endfacet
  facet normal -0.751832 -0.659355 0
    outer loop
      vertex 7.0753 29.9253 2.4
      vertex 7.20036 29.7827 1.8
      vertex 7.20036 29.7827 2.4
    endloop
  endfacet
  facet normal -0.442335 0.89685 0
    outer loop
      vertex 6.775 27.6443 1.8
      vertex 6.60489 27.5604 2.4
      vertex 6.775 27.6443 2.4
    endloop
  endfacet
  facet normal -0.442335 0.89685 0
    outer loop
      vertex 6.60489 27.5604 2.4
      vertex 6.775 27.6443 1.8
      vertex 6.60489 27.5604 1.8
    endloop
  endfacet
  facet normal -0.3216 -0.946876 0
    outer loop
      vertex 6.42529 30.3006 1.8
      vertex 6.60489 30.2396 2.4
      vertex 6.42529 30.3006 2.4
    endloop
  endfacet
  facet normal -0.3216 -0.946876 -0
    outer loop
      vertex 6.60489 30.2396 2.4
      vertex 6.42529 30.3006 1.8
      vertex 6.60489 30.2396 1.8
    endloop
  endfacet
  facet normal -0.997858 0.0654169 0
    outer loop
      vertex 7.48759 28.7107 1.8
      vertex 7.5 28.9 2.4
      vertex 7.5 28.9 1.8
    endloop
  endfacet
  facet normal -0.997858 0.0654169 0
    outer loop
      vertex 7.5 28.9 2.4
      vertex 7.48759 28.7107 1.8
      vertex 7.48759 28.7107 2.4
    endloop
  endfacet
  facet normal 0.94694 0.321411 0
    outer loop
      vertex 4.71037 28.3451 2.4
      vertex 4.64941 28.5247 1.8
      vertex 4.64941 28.5247 2.4
    endloop
  endfacet
  facet normal 0.94694 0.321411 0
    outer loop
      vertex 4.64941 28.5247 1.8
      vertex 4.71037 28.3451 2.4
      vertex 4.71037 28.3451 1.8
    endloop
  endfacet
  facet normal -0.946924 0.321458 0
    outer loop
      vertex 7.38962 28.3451 1.8
      vertex 7.45059 28.5247 2.4
      vertex 7.45059 28.5247 1.8
    endloop
  endfacet
  facet normal -0.946924 0.321458 0
    outer loop
      vertex 7.45059 28.5247 2.4
      vertex 7.38962 28.3451 1.8
      vertex 7.38962 28.3451 2.4
    endloop
  endfacet
  facet normal -0.751832 0.659355 0
    outer loop
      vertex 7.0753 27.8747 1.8
      vertex 7.20036 28.0173 2.4
      vertex 7.20036 28.0173 1.8
    endloop
  endfacet
  facet normal -0.751832 0.659355 0
    outer loop
      vertex 7.20036 28.0173 2.4
      vertex 7.0753 27.8747 1.8
      vertex 7.0753 27.8747 2.4
    endloop
  endfacet
  facet normal 0.0653782 0.997861 -0
    outer loop
      vertex 6.05 27.45 1.8
      vertex 5.86074 27.4624 2.4
      vertex 6.05 27.45 2.4
    endloop
  endfacet
  facet normal 0.0653782 0.997861 0
    outer loop
      vertex 5.86074 27.4624 2.4
      vertex 6.05 27.45 1.8
      vertex 5.86074 27.4624 1.8
    endloop
  endfacet
  facet normal -0.195072 0.980789 0
    outer loop
      vertex 6.42529 27.4994 1.8
      vertex 6.23926 27.4624 2.4
      vertex 6.42529 27.4994 2.4
    endloop
  endfacet
  facet normal -0.195072 0.980789 0
    outer loop
      vertex 6.23926 27.4624 2.4
      vertex 6.42529 27.4994 1.8
      vertex 6.23926 27.4624 1.8
    endloop
  endfacet
  facet normal -0.3216 0.946876 0
    outer loop
      vertex 6.60489 27.5604 1.8
      vertex 6.42529 27.4994 2.4
      vertex 6.60489 27.5604 2.4
    endloop
  endfacet
  facet normal -0.3216 0.946876 0
    outer loop
      vertex 6.42529 27.4994 2.4
      vertex 6.60489 27.5604 1.8
      vertex 6.42529 27.4994 1.8
    endloop
  endfacet
  facet normal 0.659448 0.75175 -0
    outer loop
      vertex 5.1673 27.7496 1.8
      vertex 5.02469 27.8747 2.4
      vertex 5.1673 27.7496 2.4
    endloop
  endfacet
  facet normal 0.659448 0.75175 0
    outer loop
      vertex 5.02469 27.8747 2.4
      vertex 5.1673 27.7496 1.8
      vertex 5.02469 27.8747 1.8
    endloop
  endfacet
  facet normal 0.659448 -0.75175 0
    outer loop
      vertex 5.02469 29.9253 1.8
      vertex 5.1673 30.0504 2.4
      vertex 5.02469 29.9253 2.4
    endloop
  endfacet
  facet normal 0.659448 -0.75175 0
    outer loop
      vertex 5.1673 30.0504 2.4
      vertex 5.02469 29.9253 1.8
      vertex 5.1673 30.0504 1.8
    endloop
  endfacet
  facet normal -0.83145 -0.5556 0
    outer loop
      vertex 7.30574 29.625 1.8
      vertex 7.20036 29.7827 2.4
      vertex 7.20036 29.7827 1.8
    endloop
  endfacet
  facet normal -0.83145 -0.5556 0
    outer loop
      vertex 7.20036 29.7827 2.4
      vertex 7.30574 29.625 1.8
      vertex 7.30574 29.625 2.4
    endloop
  endfacet
  facet normal -0.659474 -0.751727 0
    outer loop
      vertex 6.9327 30.0504 1.8
      vertex 7.0753 29.9253 2.4
      vertex 6.9327 30.0504 2.4
    endloop
  endfacet
  facet normal -0.659474 -0.751727 -0
    outer loop
      vertex 7.0753 29.9253 2.4
      vertex 6.9327 30.0504 1.8
      vertex 7.0753 29.9253 1.8
    endloop
  endfacet
  facet normal -0.83145 0.5556 0
    outer loop
      vertex 7.20036 28.0173 1.8
      vertex 7.30574 28.175 2.4
      vertex 7.30574 28.175 1.8
    endloop
  endfacet
  facet normal -0.83145 0.5556 0
    outer loop
      vertex 7.30574 28.175 2.4
      vertex 7.20036 28.0173 1.8
      vertex 7.20036 28.0173 2.4
    endloop
  endfacet
  facet normal 0.751858 0.659325 0
    outer loop
      vertex 5.02469 27.8747 2.4
      vertex 4.89964 28.0173 1.8
      vertex 4.89964 28.0173 2.4
    endloop
  endfacet
  facet normal 0.751858 0.659325 0
    outer loop
      vertex 4.89964 28.0173 1.8
      vertex 5.02469 27.8747 2.4
      vertex 5.02469 27.8747 1.8
    endloop
  endfacet
  facet normal 0.3216 0.946876 -0
    outer loop
      vertex 5.67471 27.4994 1.8
      vertex 5.49511 27.5604 2.4
      vertex 5.67471 27.4994 2.4
    endloop
  endfacet
  facet normal 0.3216 0.946876 0
    outer loop
      vertex 5.49511 27.5604 2.4
      vertex 5.67471 27.4994 1.8
      vertex 5.49511 27.5604 1.8
    endloop
  endfacet
  facet normal -0.896881 0.442272 0
    outer loop
      vertex 7.30574 28.175 1.8
      vertex 7.38962 28.3451 2.4
      vertex 7.38962 28.3451 1.8
    endloop
  endfacet
  facet normal -0.896881 0.442272 0
    outer loop
      vertex 7.38962 28.3451 2.4
      vertex 7.30574 28.175 1.8
      vertex 7.30574 28.175 2.4
    endloop
  endfacet
  facet normal -0.555309 0.831644 0
    outer loop
      vertex 6.9327 27.7496 1.8
      vertex 6.775 27.6443 2.4
      vertex 6.9327 27.7496 2.4
    endloop
  endfacet
  facet normal -0.555309 0.831644 0
    outer loop
      vertex 6.775 27.6443 2.4
      vertex 6.9327 27.7496 1.8
      vertex 6.775 27.6443 1.8
    endloop
  endfacet
  facet normal -0.980783 0.195102 0
    outer loop
      vertex 7.45059 28.5247 1.8
      vertex 7.48759 28.7107 2.4
      vertex 7.48759 28.7107 1.8
    endloop
  endfacet
  facet normal -0.980783 0.195102 0
    outer loop
      vertex 7.48759 28.7107 2.4
      vertex 7.45059 28.5247 1.8
      vertex 7.45059 28.5247 2.4
    endloop
  endfacet
  facet normal 0.3216 -0.946876 0
    outer loop
      vertex 5.49511 30.2396 1.8
      vertex 5.67471 30.3006 2.4
      vertex 5.49511 30.2396 2.4
    endloop
  endfacet
  facet normal 0.3216 -0.946876 0
    outer loop
      vertex 5.67471 30.3006 2.4
      vertex 5.49511 30.2396 1.8
      vertex 5.67471 30.3006 1.8
    endloop
  endfacet
  facet normal 0.89686 -0.442314 0
    outer loop
      vertex 4.71037 29.4549 2.4
      vertex 4.79426 29.625 1.8
      vertex 4.79426 29.625 2.4
    endloop
  endfacet
  facet normal 0.89686 -0.442314 0
    outer loop
      vertex 4.79426 29.625 1.8
      vertex 4.71037 29.4549 2.4
      vertex 4.71037 29.4549 1.8
    endloop
  endfacet
  facet normal 0.195072 -0.980789 0
    outer loop
      vertex 5.67471 30.3006 1.8
      vertex 5.86074 30.3376 2.4
      vertex 5.67471 30.3006 2.4
    endloop
  endfacet
  facet normal 0.195072 -0.980789 0
    outer loop
      vertex 5.86074 30.3376 2.4
      vertex 5.67471 30.3006 1.8
      vertex 5.86074 30.3376 1.8
    endloop
  endfacet
  facet normal 0.980773 0.195153 0
    outer loop
      vertex 4.64941 28.5247 2.4
      vertex 4.6124 28.7107 1.8
      vertex 4.6124 28.7107 2.4
    endloop
  endfacet
  facet normal 0.980773 0.195153 0
    outer loop
      vertex 4.6124 28.7107 1.8
      vertex 4.64941 28.5247 2.4
      vertex 4.64941 28.5247 1.8
    endloop
  endfacet
  facet normal 0.442335 0.89685 -0
    outer loop
      vertex 5.49511 27.5604 1.8
      vertex 5.325 27.6443 2.4
      vertex 5.49511 27.5604 2.4
    endloop
  endfacet
  facet normal 0.442335 0.89685 0
    outer loop
      vertex 5.325 27.6443 2.4
      vertex 5.49511 27.5604 1.8
      vertex 5.325 27.6443 1.8
    endloop
  endfacet
  facet normal -0.896881 -0.442272 0
    outer loop
      vertex 7.38962 29.4549 1.8
      vertex 7.30574 29.625 2.4
      vertex 7.30574 29.625 1.8
    endloop
  endfacet
  facet normal -0.896881 -0.442272 0
    outer loop
      vertex 7.30574 29.625 2.4
      vertex 7.38962 29.4549 1.8
      vertex 7.38962 29.4549 2.4
    endloop
  endfacet
  facet normal 0.89686 0.442314 0
    outer loop
      vertex 4.79426 28.175 2.4
      vertex 4.71037 28.3451 1.8
      vertex 4.71037 28.3451 2.4
    endloop
  endfacet
  facet normal 0.89686 0.442314 0
    outer loop
      vertex 4.71037 28.3451 1.8
      vertex 4.79426 28.175 2.4
      vertex 4.79426 28.175 1.8
    endloop
  endfacet
  facet normal -0.195072 -0.980789 0
    outer loop
      vertex 6.23926 30.3376 1.8
      vertex 6.42529 30.3006 2.4
      vertex 6.23926 30.3376 2.4
    endloop
  endfacet
  facet normal -0.195072 -0.980789 -0
    outer loop
      vertex 6.42529 30.3006 2.4
      vertex 6.23926 30.3376 1.8
      vertex 6.42529 30.3006 1.8
    endloop
  endfacet
  facet normal 0.997861 -0.0653644 0
    outer loop
      vertex 4.6 28.9 2.4
      vertex 4.6124 29.0893 1.8
      vertex 4.6124 29.0893 2.4
    endloop
  endfacet
  facet normal 0.997861 -0.0653644 0
    outer loop
      vertex 4.6124 29.0893 1.8
      vertex 4.6 28.9 2.4
      vertex 4.6 28.9 1.8
    endloop
  endfacet
  facet normal -0.0653782 -0.997861 0
    outer loop
      vertex 6.05 30.35 1.8
      vertex 6.23926 30.3376 2.4
      vertex 6.05 30.35 2.4
    endloop
  endfacet
  facet normal -0.0653782 -0.997861 -0
    outer loop
      vertex 6.23926 30.3376 2.4
      vertex 6.05 30.35 1.8
      vertex 6.23926 30.3376 1.8
    endloop
  endfacet
  facet normal 0.997861 0.0653644 0
    outer loop
      vertex 4.6124 28.7107 2.4
      vertex 4.6 28.9 1.8
      vertex 4.6 28.9 2.4
    endloop
  endfacet
  facet normal 0.997861 0.0653644 0
    outer loop
      vertex 4.6 28.9 1.8
      vertex 4.6124 28.7107 2.4
      vertex 4.6124 28.7107 1.8
    endloop
  endfacet
  facet normal 0.195072 0.980789 -0
    outer loop
      vertex 5.86074 27.4624 1.8
      vertex 5.67471 27.4994 2.4
      vertex 5.86074 27.4624 2.4
    endloop
  endfacet
  facet normal 0.195072 0.980789 0
    outer loop
      vertex 5.67471 27.4994 2.4
      vertex 5.86074 27.4624 1.8
      vertex 5.67471 27.4994 1.8
    endloop
  endfacet
  facet normal -0.659474 0.751727 0
    outer loop
      vertex 7.0753 27.8747 1.8
      vertex 6.9327 27.7496 2.4
      vertex 7.0753 27.8747 2.4
    endloop
  endfacet
  facet normal -0.659474 0.751727 0
    outer loop
      vertex 6.9327 27.7496 2.4
      vertex 7.0753 27.8747 1.8
      vertex 6.9327 27.7496 1.8
    endloop
  endfacet
  facet normal -0.946924 -0.321458 0
    outer loop
      vertex 7.45059 29.2753 1.8
      vertex 7.38962 29.4549 2.4
      vertex 7.38962 29.4549 1.8
    endloop
  endfacet
  facet normal -0.946924 -0.321458 0
    outer loop
      vertex 7.38962 29.4549 2.4
      vertex 7.45059 29.2753 1.8
      vertex 7.45059 29.2753 2.4
    endloop
  endfacet
  facet normal 0.83145 0.5556 0
    outer loop
      vertex 4.89964 28.0173 2.4
      vertex 4.79426 28.175 1.8
      vertex 4.79426 28.175 2.4
    endloop
  endfacet
  facet normal 0.83145 0.5556 0
    outer loop
      vertex 4.79426 28.175 1.8
      vertex 4.89964 28.0173 2.4
      vertex 4.89964 28.0173 1.8
    endloop
  endfacet
  facet normal 0.0653782 -0.997861 0
    outer loop
      vertex 5.86074 30.3376 1.8
      vertex 6.05 30.35 2.4
      vertex 5.86074 30.3376 2.4
    endloop
  endfacet
  facet normal 0.0653782 -0.997861 0
    outer loop
      vertex 6.05 30.35 2.4
      vertex 5.86074 30.3376 1.8
      vertex 6.05 30.35 1.8
    endloop
  endfacet
  facet normal 0.980773 -0.195153 0
    outer loop
      vertex 4.6124 29.0893 2.4
      vertex 4.64941 29.2753 1.8
      vertex 4.64941 29.2753 2.4
    endloop
  endfacet
  facet normal 0.980773 -0.195153 0
    outer loop
      vertex 4.64941 29.2753 1.8
      vertex 4.6124 29.0893 2.4
      vertex 4.6124 29.0893 1.8
    endloop
  endfacet
  facet normal 0.555309 -0.831644 0
    outer loop
      vertex 5.1673 30.0504 1.8
      vertex 5.325 30.1557 2.4
      vertex 5.1673 30.0504 2.4
    endloop
  endfacet
  facet normal 0.555309 -0.831644 0
    outer loop
      vertex 5.325 30.1557 2.4
      vertex 5.1673 30.0504 1.8
      vertex 5.325 30.1557 1.8
    endloop
  endfacet
  facet normal -0.0653782 0.997861 0
    outer loop
      vertex 6.23926 27.4624 1.8
      vertex 6.05 27.45 2.4
      vertex 6.23926 27.4624 2.4
    endloop
  endfacet
  facet normal -0.0653782 0.997861 0
    outer loop
      vertex 6.05 27.45 2.4
      vertex 6.23926 27.4624 1.8
      vertex 6.05 27.45 1.8
    endloop
  endfacet
  facet normal 0.83145 -0.5556 0
    outer loop
      vertex 4.79426 29.625 2.4
      vertex 4.89964 29.7827 1.8
      vertex 4.89964 29.7827 2.4
    endloop
  endfacet
  facet normal 0.83145 -0.5556 0
    outer loop
      vertex 4.89964 29.7827 1.8
      vertex 4.79426 29.625 2.4
      vertex 4.79426 29.625 1.8
    endloop
  endfacet
  facet normal 0.751858 -0.659325 0
    outer loop
      vertex 4.89964 29.7827 2.4
      vertex 5.02469 29.9253 1.8
      vertex 5.02469 29.9253 2.4
    endloop
  endfacet
  facet normal 0.751858 -0.659325 0
    outer loop
      vertex 5.02469 29.9253 1.8
      vertex 4.89964 29.7827 2.4
      vertex 4.89964 29.7827 1.8
    endloop
  endfacet
  facet normal -0.0653644 0.997861 0
    outer loop
      vertex 64.0393 4.6124 1.8
      vertex 63.85 4.6 2.4
      vertex 64.0393 4.6124 2.4
    endloop
  endfacet
  facet normal -0.0653644 0.997861 0
    outer loop
      vertex 63.85 4.6 2.4
      vertex 64.0393 4.6124 1.8
      vertex 63.85 4.6 1.8
    endloop
  endfacet
  facet normal -0.980789 -0.195072 0
    outer loop
      vertex 65.2876 6.23926 1.8
      vertex 65.2506 6.42529 2.4
      vertex 65.2506 6.42529 1.8
    endloop
  endfacet
  facet normal -0.980789 -0.195072 0
    outer loop
      vertex 65.2506 6.42529 2.4
      vertex 65.2876 6.23926 1.8
      vertex 65.2876 6.23926 2.4
    endloop
  endfacet
  facet normal -0.997861 -0.0653782 0
    outer loop
      vertex 65.3 6.05 1.8
      vertex 65.2876 6.23926 2.4
      vertex 65.2876 6.23926 1.8
    endloop
  endfacet
  facet normal -0.997861 -0.0653782 0
    outer loop
      vertex 65.2876 6.23926 2.4
      vertex 65.3 6.05 1.8
      vertex 65.3 6.05 2.4
    endloop
  endfacet
  facet normal -0.321411 0.94694 0
    outer loop
      vertex 64.4049 4.71037 1.8
      vertex 64.2253 4.64941 2.4
      vertex 64.4049 4.71037 2.4
    endloop
  endfacet
  facet normal -0.321411 0.94694 0
    outer loop
      vertex 64.2253 4.64941 2.4
      vertex 64.4049 4.71037 1.8
      vertex 64.2253 4.64941 1.8
    endloop
  endfacet
  facet normal -0.442272 -0.896881 0
    outer loop
      vertex 64.4049 7.38962 1.8
      vertex 64.575 7.30574 2.4
      vertex 64.4049 7.38962 2.4
    endloop
  endfacet
  facet normal -0.442272 -0.896881 -0
    outer loop
      vertex 64.575 7.30574 2.4
      vertex 64.4049 7.38962 1.8
      vertex 64.575 7.30574 1.8
    endloop
  endfacet
  facet normal -0.831644 -0.555309 0
    outer loop
      vertex 65.1057 6.775 1.8
      vertex 65.0004 6.9327 2.4
      vertex 65.0004 6.9327 1.8
    endloop
  endfacet
  facet normal -0.831644 -0.555309 0
    outer loop
      vertex 65.0004 6.9327 2.4
      vertex 65.1057 6.775 1.8
      vertex 65.1057 6.775 2.4
    endloop
  endfacet
  facet normal 0.751727 -0.659474 0
    outer loop
      vertex 62.6996 6.9327 2.4
      vertex 62.8247 7.0753 1.8
      vertex 62.8247 7.0753 2.4
    endloop
  endfacet
  facet normal 0.751727 -0.659474 0
    outer loop
      vertex 62.8247 7.0753 1.8
      vertex 62.6996 6.9327 2.4
      vertex 62.6996 6.9327 1.8
    endloop
  endfacet
  facet normal -0.75175 0.659448 0
    outer loop
      vertex 64.8753 5.02469 1.8
      vertex 65.0004 5.1673 2.4
      vertex 65.0004 5.1673 1.8
    endloop
  endfacet
  facet normal -0.75175 0.659448 0
    outer loop
      vertex 65.0004 5.1673 2.4
      vertex 64.8753 5.02469 1.8
      vertex 64.8753 5.02469 2.4
    endloop
  endfacet
  facet normal -0.89685 -0.442335 0
    outer loop
      vertex 65.1896 6.60489 1.8
      vertex 65.1057 6.775 2.4
      vertex 65.1057 6.775 1.8
    endloop
  endfacet
  facet normal -0.89685 -0.442335 0
    outer loop
      vertex 65.1057 6.775 2.4
      vertex 65.1896 6.60489 1.8
      vertex 65.1896 6.60489 2.4
    endloop
  endfacet
  facet normal 0.321458 -0.946924 0
    outer loop
      vertex 63.2951 7.38962 1.8
      vertex 63.4747 7.45059 2.4
      vertex 63.2951 7.38962 2.4
    endloop
  endfacet
  facet normal 0.321458 -0.946924 0
    outer loop
      vertex 63.4747 7.45059 2.4
      vertex 63.2951 7.38962 1.8
      vertex 63.4747 7.45059 1.8
    endloop
  endfacet
  facet normal 0.89685 0.442335 0
    outer loop
      vertex 62.5943 5.325 2.4
      vertex 62.5104 5.49511 1.8
      vertex 62.5104 5.49511 2.4
    endloop
  endfacet
  facet normal 0.89685 0.442335 0
    outer loop
      vertex 62.5104 5.49511 1.8
      vertex 62.5943 5.325 2.4
      vertex 62.5943 5.325 1.8
    endloop
  endfacet
  facet normal 0.442272 -0.896881 0
    outer loop
      vertex 63.125 7.30574 1.8
      vertex 63.2951 7.38962 2.4
      vertex 63.125 7.30574 2.4
    endloop
  endfacet
  facet normal 0.442272 -0.896881 0
    outer loop
      vertex 63.2951 7.38962 2.4
      vertex 63.125 7.30574 1.8
      vertex 63.2951 7.38962 1.8
    endloop
  endfacet
  facet normal -0.831644 0.555309 0
    outer loop
      vertex 65.0004 5.1673 1.8
      vertex 65.1057 5.325 2.4
      vertex 65.1057 5.325 1.8
    endloop
  endfacet
  facet normal -0.831644 0.555309 0
    outer loop
      vertex 65.1057 5.325 2.4
      vertex 65.0004 5.1673 1.8
      vertex 65.0004 5.1673 2.4
    endloop
  endfacet
  facet normal 0.946876 0.3216 0
    outer loop
      vertex 62.5104 5.49511 2.4
      vertex 62.4494 5.67471 1.8
      vertex 62.4494 5.67471 2.4
    endloop
  endfacet
  facet normal 0.946876 0.3216 0
    outer loop
      vertex 62.4494 5.67471 1.8
      vertex 62.5104 5.49511 2.4
      vertex 62.5104 5.49511 1.8
    endloop
  endfacet
  facet normal -0.321458 -0.946924 0
    outer loop
      vertex 64.2253 7.45059 1.8
      vertex 64.4049 7.38962 2.4
      vertex 64.2253 7.45059 2.4
    endloop
  endfacet
  facet normal -0.321458 -0.946924 -0
    outer loop
      vertex 64.4049 7.38962 2.4
      vertex 64.2253 7.45059 1.8
      vertex 64.4049 7.38962 1.8
    endloop
  endfacet
  facet normal 0.0654169 -0.997858 0
    outer loop
      vertex 63.6607 7.48759 1.8
      vertex 63.85 7.5 2.4
      vertex 63.6607 7.48759 2.4
    endloop
  endfacet
  facet normal 0.0654169 -0.997858 0
    outer loop
      vertex 63.85 7.5 2.4
      vertex 63.6607 7.48759 1.8
      vertex 63.85 7.5 1.8
    endloop
  endfacet
  facet normal 0.195153 0.980773 -0
    outer loop
      vertex 63.6607 4.6124 1.8
      vertex 63.4747 4.64941 2.4
      vertex 63.6607 4.6124 2.4
    endloop
  endfacet
  facet normal 0.195153 0.980773 0
    outer loop
      vertex 63.4747 4.64941 2.4
      vertex 63.6607 4.6124 1.8
      vertex 63.4747 4.64941 1.8
    endloop
  endfacet
  facet normal -0.195102 -0.980783 0
    outer loop
      vertex 64.0393 7.48759 1.8
      vertex 64.2253 7.45059 2.4
      vertex 64.0393 7.48759 2.4
    endloop
  endfacet
  facet normal -0.195102 -0.980783 -0
    outer loop
      vertex 64.2253 7.45059 2.4
      vertex 64.0393 7.48759 1.8
      vertex 64.2253 7.45059 1.8
    endloop
  endfacet
  facet normal 0.75175 0.659448 0
    outer loop
      vertex 62.8247 5.02469 2.4
      vertex 62.6996 5.1673 1.8
      vertex 62.6996 5.1673 2.4
    endloop
  endfacet
  facet normal 0.75175 0.659448 0
    outer loop
      vertex 62.6996 5.1673 1.8
      vertex 62.8247 5.02469 2.4
      vertex 62.8247 5.02469 1.8
    endloop
  endfacet
  facet normal -0.195153 0.980773 0
    outer loop
      vertex 64.2253 4.64941 1.8
      vertex 64.0393 4.6124 2.4
      vertex 64.2253 4.64941 2.4
    endloop
  endfacet
  facet normal -0.195153 0.980773 0
    outer loop
      vertex 64.0393 4.6124 2.4
      vertex 64.2253 4.64941 1.8
      vertex 64.0393 4.6124 1.8
    endloop
  endfacet
  facet normal 0.0653644 0.997861 -0
    outer loop
      vertex 63.85 4.6 1.8
      vertex 63.6607 4.6124 2.4
      vertex 63.85 4.6 2.4
    endloop
  endfacet
  facet normal 0.0653644 0.997861 0
    outer loop
      vertex 63.6607 4.6124 2.4
      vertex 63.85 4.6 1.8
      vertex 63.6607 4.6124 1.8
    endloop
  endfacet
  facet normal -0.751727 -0.659474 0
    outer loop
      vertex 65.0004 6.9327 1.8
      vertex 64.8753 7.0753 2.4
      vertex 64.8753 7.0753 1.8
    endloop
  endfacet
  facet normal -0.751727 -0.659474 0
    outer loop
      vertex 64.8753 7.0753 2.4
      vertex 65.0004 6.9327 1.8
      vertex 65.0004 6.9327 2.4
    endloop
  endfacet
  facet normal -0.997861 0.0653782 0
    outer loop
      vertex 65.2876 5.86074 1.8
      vertex 65.3 6.05 2.4
      vertex 65.3 6.05 1.8
    endloop
  endfacet
  facet normal -0.997861 0.0653782 0
    outer loop
      vertex 65.3 6.05 2.4
      vertex 65.2876 5.86074 1.8
      vertex 65.2876 5.86074 2.4
    endloop
  endfacet
  facet normal -0.0654169 -0.997858 0
    outer loop
      vertex 63.85 7.5 1.8
      vertex 64.0393 7.48759 2.4
      vertex 63.85 7.5 2.4
    endloop
  endfacet
  facet normal -0.0654169 -0.997858 -0
    outer loop
      vertex 64.0393 7.48759 2.4
      vertex 63.85 7.5 1.8
      vertex 64.0393 7.48759 1.8
    endloop
  endfacet
  facet normal 0.321411 0.94694 -0
    outer loop
      vertex 63.4747 4.64941 1.8
      vertex 63.2951 4.71037 2.4
      vertex 63.4747 4.64941 2.4
    endloop
  endfacet
  facet normal 0.321411 0.94694 0
    outer loop
      vertex 63.2951 4.71037 2.4
      vertex 63.4747 4.64941 1.8
      vertex 63.2951 4.71037 1.8
    endloop
  endfacet
  facet normal 0.659355 -0.751832 0
    outer loop
      vertex 62.8247 7.0753 1.8
      vertex 62.9673 7.20036 2.4
      vertex 62.8247 7.0753 2.4
    endloop
  endfacet
  facet normal 0.659355 -0.751832 0
    outer loop
      vertex 62.9673 7.20036 2.4
      vertex 62.8247 7.0753 1.8
      vertex 62.9673 7.20036 1.8
    endloop
  endfacet
  facet normal -0.442314 0.89686 0
    outer loop
      vertex 64.575 4.79426 1.8
      vertex 64.4049 4.71037 2.4
      vertex 64.575 4.79426 2.4
    endloop
  endfacet
  facet normal -0.442314 0.89686 0
    outer loop
      vertex 64.4049 4.71037 2.4
      vertex 64.575 4.79426 1.8
      vertex 64.4049 4.71037 1.8
    endloop
  endfacet
  facet normal 0.659325 0.751858 -0
    outer loop
      vertex 62.9673 4.89964 1.8
      vertex 62.8247 5.02469 2.4
      vertex 62.9673 4.89964 2.4
    endloop
  endfacet
  facet normal 0.659325 0.751858 0
    outer loop
      vertex 62.8247 5.02469 2.4
      vertex 62.9673 4.89964 1.8
      vertex 62.8247 5.02469 1.8
    endloop
  endfacet
  facet normal 0.980789 -0.195072 0
    outer loop
      vertex 62.4124 6.23926 2.4
      vertex 62.4494 6.42529 1.8
      vertex 62.4494 6.42529 2.4
    endloop
  endfacet
  facet normal 0.980789 -0.195072 0
    outer loop
      vertex 62.4494 6.42529 1.8
      vertex 62.4124 6.23926 2.4
      vertex 62.4124 6.23926 1.8
    endloop
  endfacet
  facet normal 0.946876 -0.3216 0
    outer loop
      vertex 62.4494 6.42529 2.4
      vertex 62.5104 6.60489 1.8
      vertex 62.5104 6.60489 2.4
    endloop
  endfacet
  facet normal 0.946876 -0.3216 0
    outer loop
      vertex 62.5104 6.60489 1.8
      vertex 62.4494 6.42529 2.4
      vertex 62.4494 6.42529 1.8
    endloop
  endfacet
  facet normal -0.5556 -0.83145 0
    outer loop
      vertex 64.575 7.30574 1.8
      vertex 64.7327 7.20036 2.4
      vertex 64.575 7.30574 2.4
    endloop
  endfacet
  facet normal -0.5556 -0.83145 -0
    outer loop
      vertex 64.7327 7.20036 2.4
      vertex 64.575 7.30574 1.8
      vertex 64.7327 7.20036 1.8
    endloop
  endfacet
  facet normal 0.831644 -0.555309 0
    outer loop
      vertex 62.5943 6.775 2.4
      vertex 62.6996 6.9327 1.8
      vertex 62.6996 6.9327 2.4
    endloop
  endfacet
  facet normal 0.831644 -0.555309 0
    outer loop
      vertex 62.6996 6.9327 1.8
      vertex 62.5943 6.775 2.4
      vertex 62.5943 6.775 1.8
    endloop
  endfacet
  facet normal -0.5556 0.83145 0
    outer loop
      vertex 64.7327 4.89964 1.8
      vertex 64.575 4.79426 2.4
      vertex 64.7327 4.89964 2.4
    endloop
  endfacet
  facet normal -0.5556 0.83145 0
    outer loop
      vertex 64.575 4.79426 2.4
      vertex 64.7327 4.89964 1.8
      vertex 64.575 4.79426 1.8
    endloop
  endfacet
  facet normal -0.89685 0.442335 0
    outer loop
      vertex 65.1057 5.325 1.8
      vertex 65.1896 5.49511 2.4
      vertex 65.1896 5.49511 1.8
    endloop
  endfacet
  facet normal -0.89685 0.442335 0
    outer loop
      vertex 65.1896 5.49511 2.4
      vertex 65.1057 5.325 1.8
      vertex 65.1057 5.325 2.4
    endloop
  endfacet
  facet normal 0.89685 -0.442335 0
    outer loop
      vertex 62.5104 6.60489 2.4
      vertex 62.5943 6.775 1.8
      vertex 62.5943 6.775 2.4
    endloop
  endfacet
  facet normal 0.89685 -0.442335 0
    outer loop
      vertex 62.5943 6.775 1.8
      vertex 62.5104 6.60489 2.4
      vertex 62.5104 6.60489 1.8
    endloop
  endfacet
  facet normal 0.997861 0.0653782 0
    outer loop
      vertex 62.4124 5.86074 2.4
      vertex 62.4 6.05 1.8
      vertex 62.4 6.05 2.4
    endloop
  endfacet
  facet normal 0.997861 0.0653782 0
    outer loop
      vertex 62.4 6.05 1.8
      vertex 62.4124 5.86074 2.4
      vertex 62.4124 5.86074 1.8
    endloop
  endfacet
  facet normal 0.442314 0.89686 -0
    outer loop
      vertex 63.2951 4.71037 1.8
      vertex 63.125 4.79426 2.4
      vertex 63.2951 4.71037 2.4
    endloop
  endfacet
  facet normal 0.442314 0.89686 0
    outer loop
      vertex 63.125 4.79426 2.4
      vertex 63.2951 4.71037 1.8
      vertex 63.125 4.79426 1.8
    endloop
  endfacet
  facet normal 0.980789 0.195072 0
    outer loop
      vertex 62.4494 5.67471 2.4
      vertex 62.4124 5.86074 1.8
      vertex 62.4124 5.86074 2.4
    endloop
  endfacet
  facet normal 0.980789 0.195072 0
    outer loop
      vertex 62.4124 5.86074 1.8
      vertex 62.4494 5.67471 2.4
      vertex 62.4494 5.67471 1.8
    endloop
  endfacet
  facet normal -0.946876 -0.3216 0
    outer loop
      vertex 65.2506 6.42529 1.8
      vertex 65.1896 6.60489 2.4
      vertex 65.1896 6.60489 1.8
    endloop
  endfacet
  facet normal -0.946876 -0.3216 0
    outer loop
      vertex 65.1896 6.60489 2.4
      vertex 65.2506 6.42529 1.8
      vertex 65.2506 6.42529 2.4
    endloop
  endfacet
  facet normal 0.195102 -0.980783 0
    outer loop
      vertex 63.4747 7.45059 1.8
      vertex 63.6607 7.48759 2.4
      vertex 63.4747 7.45059 2.4
    endloop
  endfacet
  facet normal 0.195102 -0.980783 0
    outer loop
      vertex 63.6607 7.48759 2.4
      vertex 63.4747 7.45059 1.8
      vertex 63.6607 7.48759 1.8
    endloop
  endfacet
  facet normal -0.980789 0.195072 0
    outer loop
      vertex 65.2506 5.67471 1.8
      vertex 65.2876 5.86074 2.4
      vertex 65.2876 5.86074 1.8
    endloop
  endfacet
  facet normal -0.980789 0.195072 0
    outer loop
      vertex 65.2876 5.86074 2.4
      vertex 65.2506 5.67471 1.8
      vertex 65.2506 5.67471 2.4
    endloop
  endfacet
  facet normal 0.997861 -0.0653782 0
    outer loop
      vertex 62.4 6.05 2.4
      vertex 62.4124 6.23926 1.8
      vertex 62.4124 6.23926 2.4
    endloop
  endfacet
  facet normal 0.997861 -0.0653782 0
    outer loop
      vertex 62.4124 6.23926 1.8
      vertex 62.4 6.05 2.4
      vertex 62.4 6.05 1.8
    endloop
  endfacet
  facet normal 0.831644 0.555309 0
    outer loop
      vertex 62.6996 5.1673 2.4
      vertex 62.5943 5.325 1.8
      vertex 62.5943 5.325 2.4
    endloop
  endfacet
  facet normal 0.831644 0.555309 0
    outer loop
      vertex 62.5943 5.325 1.8
      vertex 62.6996 5.1673 2.4
      vertex 62.6996 5.1673 1.8
    endloop
  endfacet
  facet normal 0.5556 -0.83145 0
    outer loop
      vertex 62.9673 7.20036 1.8
      vertex 63.125 7.30574 2.4
      vertex 62.9673 7.20036 2.4
    endloop
  endfacet
  facet normal 0.5556 -0.83145 0
    outer loop
      vertex 63.125 7.30574 2.4
      vertex 62.9673 7.20036 1.8
      vertex 63.125 7.30574 1.8
    endloop
  endfacet
  facet normal -0.659355 -0.751832 0
    outer loop
      vertex 64.7327 7.20036 1.8
      vertex 64.8753 7.0753 2.4
      vertex 64.7327 7.20036 2.4
    endloop
  endfacet
  facet normal -0.659355 -0.751832 -0
    outer loop
      vertex 64.8753 7.0753 2.4
      vertex 64.7327 7.20036 1.8
      vertex 64.8753 7.0753 1.8
    endloop
  endfacet
  facet normal -0.659325 0.751858 0
    outer loop
      vertex 64.8753 5.02469 1.8
      vertex 64.7327 4.89964 2.4
      vertex 64.8753 5.02469 2.4
    endloop
  endfacet
  facet normal -0.659325 0.751858 0
    outer loop
      vertex 64.7327 4.89964 2.4
      vertex 64.8753 5.02469 1.8
      vertex 64.7327 4.89964 1.8
    endloop
  endfacet
  facet normal -0.946876 0.3216 0
    outer loop
      vertex 65.1896 5.49511 1.8
      vertex 65.2506 5.67471 2.4
      vertex 65.2506 5.67471 1.8
    endloop
  endfacet
  facet normal -0.946876 0.3216 0
    outer loop
      vertex 65.2506 5.67471 2.4
      vertex 65.1896 5.49511 1.8
      vertex 65.1896 5.49511 2.4
    endloop
  endfacet
  facet normal 0.5556 0.83145 -0
    outer loop
      vertex 63.125 4.79426 1.8
      vertex 62.9673 4.89964 2.4
      vertex 63.125 4.79426 2.4
    endloop
  endfacet
  facet normal 0.5556 0.83145 0
    outer loop
      vertex 62.9673 4.89964 2.4
      vertex 63.125 4.79426 1.8
      vertex 62.9673 4.89964 1.8
    endloop
  endfacet
  facet normal 0.896839 -0.442356 0
    outer loop
      vertex 62.5104 29.5049 2.4
      vertex 62.5943 29.675 1.8
      vertex 62.5943 29.675 2.4
    endloop
  endfacet
  facet normal 0.896839 -0.442356 0
    outer loop
      vertex 62.5943 29.675 1.8
      vertex 62.5104 29.5049 2.4
      vertex 62.5104 29.5049 1.8
    endloop
  endfacet
  facet normal -0.195102 0.980783 0
    outer loop
      vertex 64.2253 27.5494 1.8
      vertex 64.0393 27.5124 2.4
      vertex 64.2253 27.5494 2.4
    endloop
  endfacet
  facet normal -0.195102 0.980783 0
    outer loop
      vertex 64.0393 27.5124 2.4
      vertex 64.2253 27.5494 1.8
      vertex 64.0393 27.5124 1.8
    endloop
  endfacet
  facet normal -0.980783 -0.195102 0
    outer loop
      vertex 65.2876 29.1393 1.8
      vertex 65.2506 29.3253 2.4
      vertex 65.2506 29.3253 1.8
    endloop
  endfacet
  facet normal -0.980783 -0.195102 0
    outer loop
      vertex 65.2506 29.3253 2.4
      vertex 65.2876 29.1393 1.8
      vertex 65.2876 29.1393 2.4
    endloop
  endfacet
  facet normal -0.997861 -0.0653644 0
    outer loop
      vertex 65.3 28.95 1.8
      vertex 65.2876 29.1393 2.4
      vertex 65.2876 29.1393 1.8
    endloop
  endfacet
  facet normal -0.997861 -0.0653644 0
    outer loop
      vertex 65.2876 29.1393 2.4
      vertex 65.3 28.95 1.8
      vertex 65.3 28.95 2.4
    endloop
  endfacet
  facet normal 0.831644 -0.555309 0
    outer loop
      vertex 62.5943 29.675 2.4
      vertex 62.6996 29.8327 1.8
      vertex 62.6996 29.8327 2.4
    endloop
  endfacet
  facet normal 0.831644 -0.555309 0
    outer loop
      vertex 62.6996 29.8327 1.8
      vertex 62.5943 29.675 2.4
      vertex 62.5943 29.675 1.8
    endloop
  endfacet
  facet normal -0.980783 0.195102 0
    outer loop
      vertex 65.2506 28.5747 1.8
      vertex 65.2876 28.7607 2.4
      vertex 65.2876 28.7607 1.8
    endloop
  endfacet
  facet normal -0.980783 0.195102 0
    outer loop
      vertex 65.2876 28.7607 2.4
      vertex 65.2506 28.5747 1.8
      vertex 65.2506 28.5747 2.4
    endloop
  endfacet
  facet normal 0.751727 -0.659474 0
    outer loop
      vertex 62.6996 29.8327 2.4
      vertex 62.8247 29.9753 1.8
      vertex 62.8247 29.9753 2.4
    endloop
  endfacet
  facet normal 0.751727 -0.659474 0
    outer loop
      vertex 62.8247 29.9753 1.8
      vertex 62.6996 29.8327 2.4
      vertex 62.6996 29.8327 1.8
    endloop
  endfacet
  facet normal -0.0653644 0.997861 0
    outer loop
      vertex 64.0393 27.5124 1.8
      vertex 63.85 27.5 2.4
      vertex 64.0393 27.5124 2.4
    endloop
  endfacet
  facet normal -0.0653644 0.997861 0
    outer loop
      vertex 63.85 27.5 2.4
      vertex 64.0393 27.5124 1.8
      vertex 63.85 27.5 1.8
    endloop
  endfacet
  facet normal 0.555309 -0.831644 0
    outer loop
      vertex 62.9673 30.1004 1.8
      vertex 63.125 30.2057 2.4
      vertex 62.9673 30.1004 2.4
    endloop
  endfacet
  facet normal 0.555309 -0.831644 0
    outer loop
      vertex 63.125 30.2057 2.4
      vertex 62.9673 30.1004 1.8
      vertex 63.125 30.2057 1.8
    endloop
  endfacet
  facet normal -0.659474 -0.751727 0
    outer loop
      vertex 64.7327 30.1004 1.8
      vertex 64.8753 29.9753 2.4
      vertex 64.7327 30.1004 2.4
    endloop
  endfacet
  facet normal -0.659474 -0.751727 -0
    outer loop
      vertex 64.8753 29.9753 2.4
      vertex 64.7327 30.1004 1.8
      vertex 64.8753 29.9753 1.8
    endloop
  endfacet
  facet normal -0.442356 -0.896839 0
    outer loop
      vertex 64.4049 30.2896 1.8
      vertex 64.575 30.2057 2.4
      vertex 64.4049 30.2896 2.4
    endloop
  endfacet
  facet normal -0.442356 -0.896839 -0
    outer loop
      vertex 64.575 30.2057 2.4
      vertex 64.4049 30.2896 1.8
      vertex 64.575 30.2057 1.8
    endloop
  endfacet
  facet normal 0.946876 -0.3216 0
    outer loop
      vertex 62.4494 29.3253 2.4
      vertex 62.5104 29.5049 1.8
      vertex 62.5104 29.5049 2.4
    endloop
  endfacet
  facet normal 0.946876 -0.3216 0
    outer loop
      vertex 62.5104 29.5049 1.8
      vertex 62.4494 29.3253 2.4
      vertex 62.4494 29.3253 1.8
    endloop
  endfacet
  facet normal -0.831644 0.555309 0
    outer loop
      vertex 65.0004 28.0673 1.8
      vertex 65.1057 28.225 2.4
      vertex 65.1057 28.225 1.8
    endloop
  endfacet
  facet normal -0.831644 0.555309 0
    outer loop
      vertex 65.1057 28.225 2.4
      vertex 65.0004 28.0673 1.8
      vertex 65.0004 28.0673 2.4
    endloop
  endfacet
  facet normal 0.896839 0.442356 0
    outer loop
      vertex 62.5943 28.225 2.4
      vertex 62.5104 28.3951 1.8
      vertex 62.5104 28.3951 2.4
    endloop
  endfacet
  facet normal 0.896839 0.442356 0
    outer loop
      vertex 62.5104 28.3951 1.8
      vertex 62.5943 28.225 2.4
      vertex 62.5943 28.225 1.8
    endloop
  endfacet
  facet normal -0.3216 -0.946876 0
    outer loop
      vertex 64.2253 30.3506 1.8
      vertex 64.4049 30.2896 2.4
      vertex 64.2253 30.3506 2.4
    endloop
  endfacet
  facet normal -0.3216 -0.946876 -0
    outer loop
      vertex 64.4049 30.2896 2.4
      vertex 64.2253 30.3506 1.8
      vertex 64.4049 30.2896 1.8
    endloop
  endfacet
  facet normal -0.555309 -0.831644 0
    outer loop
      vertex 64.575 30.2057 1.8
      vertex 64.7327 30.1004 2.4
      vertex 64.575 30.2057 2.4
    endloop
  endfacet
  facet normal -0.555309 -0.831644 -0
    outer loop
      vertex 64.7327 30.1004 2.4
      vertex 64.575 30.2057 1.8
      vertex 64.7327 30.1004 1.8
    endloop
  endfacet
  facet normal -0.0653644 -0.997861 0
    outer loop
      vertex 63.85 30.4 1.8
      vertex 64.0393 30.3876 2.4
      vertex 63.85 30.4 2.4
    endloop
  endfacet
  facet normal -0.0653644 -0.997861 -0
    outer loop
      vertex 64.0393 30.3876 2.4
      vertex 63.85 30.4 1.8
      vertex 64.0393 30.3876 1.8
    endloop
  endfacet
  facet normal -0.442356 0.896839 0
    outer loop
      vertex 64.575 27.6943 1.8
      vertex 64.4049 27.6104 2.4
      vertex 64.575 27.6943 2.4
    endloop
  endfacet
  facet normal -0.442356 0.896839 0
    outer loop
      vertex 64.4049 27.6104 2.4
      vertex 64.575 27.6943 1.8
      vertex 64.4049 27.6104 1.8
    endloop
  endfacet
  facet normal 0.3216 0.946876 -0
    outer loop
      vertex 63.4747 27.5494 1.8
      vertex 63.2951 27.6104 2.4
      vertex 63.4747 27.5494 2.4
    endloop
  endfacet
  facet normal 0.3216 0.946876 0
    outer loop
      vertex 63.2951 27.6104 2.4
      vertex 63.4747 27.5494 1.8
      vertex 63.2951 27.6104 1.8
    endloop
  endfacet
  facet normal 0.980783 0.195102 0
    outer loop
      vertex 62.4494 28.5747 2.4
      vertex 62.4124 28.7607 1.8
      vertex 62.4124 28.7607 2.4
    endloop
  endfacet
  facet normal 0.980783 0.195102 0
    outer loop
      vertex 62.4124 28.7607 1.8
      vertex 62.4494 28.5747 2.4
      vertex 62.4494 28.5747 1.8
    endloop
  endfacet
  facet normal -0.997861 0.0653644 0
    outer loop
      vertex 65.2876 28.7607 1.8
      vertex 65.3 28.95 2.4
      vertex 65.3 28.95 1.8
    endloop
  endfacet
  facet normal -0.997861 0.0653644 0
    outer loop
      vertex 65.3 28.95 2.4
      vertex 65.2876 28.7607 1.8
      vertex 65.2876 28.7607 2.4
    endloop
  endfacet
  facet normal 0.659474 -0.751727 0
    outer loop
      vertex 62.8247 29.9753 1.8
      vertex 62.9673 30.1004 2.4
      vertex 62.8247 29.9753 2.4
    endloop
  endfacet
  facet normal 0.659474 -0.751727 0
    outer loop
      vertex 62.9673 30.1004 2.4
      vertex 62.8247 29.9753 1.8
      vertex 62.9673 30.1004 1.8
    endloop
  endfacet
  facet normal 0.751727 0.659474 0
    outer loop
      vertex 62.8247 27.9247 2.4
      vertex 62.6996 28.0673 1.8
      vertex 62.6996 28.0673 2.4
    endloop
  endfacet
  facet normal 0.751727 0.659474 0
    outer loop
      vertex 62.6996 28.0673 1.8
      vertex 62.8247 27.9247 2.4
      vertex 62.8247 27.9247 1.8
    endloop
  endfacet
  facet normal -0.831644 -0.555309 0
    outer loop
      vertex 65.1057 29.675 1.8
      vertex 65.0004 29.8327 2.4
      vertex 65.0004 29.8327 1.8
    endloop
  endfacet
  facet normal -0.831644 -0.555309 0
    outer loop
      vertex 65.0004 29.8327 2.4
      vertex 65.1057 29.675 1.8
      vertex 65.1057 29.675 2.4
    endloop
  endfacet
  facet normal 0.997861 -0.0653644 0
    outer loop
      vertex 62.4 28.95 2.4
      vertex 62.4124 29.1393 1.8
      vertex 62.4124 29.1393 2.4
    endloop
  endfacet
  facet normal 0.997861 -0.0653644 0
    outer loop
      vertex 62.4124 29.1393 1.8
      vertex 62.4 28.95 2.4
      vertex 62.4 28.95 1.8
    endloop
  endfacet
  facet normal 0.997861 0.0653644 0
    outer loop
      vertex 62.4124 28.7607 2.4
      vertex 62.4 28.95 1.8
      vertex 62.4 28.95 2.4
    endloop
  endfacet
  facet normal 0.997861 0.0653644 0
    outer loop
      vertex 62.4 28.95 1.8
      vertex 62.4124 28.7607 2.4
      vertex 62.4124 28.7607 1.8
    endloop
  endfacet
  facet normal 0.442356 -0.896839 0
    outer loop
      vertex 63.125 30.2057 1.8
      vertex 63.2951 30.2896 2.4
      vertex 63.125 30.2057 2.4
    endloop
  endfacet
  facet normal 0.442356 -0.896839 0
    outer loop
      vertex 63.2951 30.2896 2.4
      vertex 63.125 30.2057 1.8
      vertex 63.2951 30.2896 1.8
    endloop
  endfacet
  facet normal 0.3216 -0.946876 0
    outer loop
      vertex 63.2951 30.2896 1.8
      vertex 63.4747 30.3506 2.4
      vertex 63.2951 30.2896 2.4
    endloop
  endfacet
  facet normal 0.3216 -0.946876 0
    outer loop
      vertex 63.4747 30.3506 2.4
      vertex 63.2951 30.2896 1.8
      vertex 63.4747 30.3506 1.8
    endloop
  endfacet
  facet normal -0.896839 -0.442356 0
    outer loop
      vertex 65.1896 29.5049 1.8
      vertex 65.1057 29.675 2.4
      vertex 65.1057 29.675 1.8
    endloop
  endfacet
  facet normal -0.896839 -0.442356 0
    outer loop
      vertex 65.1057 29.675 2.4
      vertex 65.1896 29.5049 1.8
      vertex 65.1896 29.5049 2.4
    endloop
  endfacet
  facet normal 0.831644 0.555309 0
    outer loop
      vertex 62.6996 28.0673 2.4
      vertex 62.5943 28.225 1.8
      vertex 62.5943 28.225 2.4
    endloop
  endfacet
  facet normal 0.831644 0.555309 0
    outer loop
      vertex 62.5943 28.225 1.8
      vertex 62.6996 28.0673 2.4
      vertex 62.6996 28.0673 1.8
    endloop
  endfacet
  facet normal -0.896839 0.442356 0
    outer loop
      vertex 65.1057 28.225 1.8
      vertex 65.1896 28.3951 2.4
      vertex 65.1896 28.3951 1.8
    endloop
  endfacet
  facet normal -0.896839 0.442356 0
    outer loop
      vertex 65.1896 28.3951 2.4
      vertex 65.1057 28.225 1.8
      vertex 65.1057 28.225 2.4
    endloop
  endfacet
  facet normal -0.555309 0.831644 0
    outer loop
      vertex 64.7327 27.7996 1.8
      vertex 64.575 27.6943 2.4
      vertex 64.7327 27.7996 2.4
    endloop
  endfacet
  facet normal -0.555309 0.831644 0
    outer loop
      vertex 64.575 27.6943 2.4
      vertex 64.7327 27.7996 1.8
      vertex 64.575 27.6943 1.8
    endloop
  endfacet
  facet normal 0.659474 0.751727 -0
    outer loop
      vertex 62.9673 27.7996 1.8
      vertex 62.8247 27.9247 2.4
      vertex 62.9673 27.7996 2.4
    endloop
  endfacet
  facet normal 0.659474 0.751727 0
    outer loop
      vertex 62.8247 27.9247 2.4
      vertex 62.9673 27.7996 1.8
      vertex 62.8247 27.9247 1.8
    endloop
  endfacet
  facet normal 0.946876 0.3216 0
    outer loop
      vertex 62.5104 28.3951 2.4
      vertex 62.4494 28.5747 1.8
      vertex 62.4494 28.5747 2.4
    endloop
  endfacet
  facet normal 0.946876 0.3216 0
    outer loop
      vertex 62.4494 28.5747 1.8
      vertex 62.5104 28.3951 2.4
      vertex 62.5104 28.3951 1.8
    endloop
  endfacet
  facet normal 0.0653644 0.997861 -0
    outer loop
      vertex 63.85 27.5 1.8
      vertex 63.6607 27.5124 2.4
      vertex 63.85 27.5 2.4
    endloop
  endfacet
  facet normal 0.0653644 0.997861 0
    outer loop
      vertex 63.6607 27.5124 2.4
      vertex 63.85 27.5 1.8
      vertex 63.6607 27.5124 1.8
    endloop
  endfacet
  facet normal 0.0653644 -0.997861 0
    outer loop
      vertex 63.6607 30.3876 1.8
      vertex 63.85 30.4 2.4
      vertex 63.6607 30.3876 2.4
    endloop
  endfacet
  facet normal 0.0653644 -0.997861 0
    outer loop
      vertex 63.85 30.4 2.4
      vertex 63.6607 30.3876 1.8
      vertex 63.85 30.4 1.8
    endloop
  endfacet
  facet normal 0.980783 -0.195102 0
    outer loop
      vertex 62.4124 29.1393 2.4
      vertex 62.4494 29.3253 1.8
      vertex 62.4494 29.3253 2.4
    endloop
  endfacet
  facet normal 0.980783 -0.195102 0
    outer loop
      vertex 62.4494 29.3253 1.8
      vertex 62.4124 29.1393 2.4
      vertex 62.4124 29.1393 1.8
    endloop
  endfacet
  facet normal -0.751727 -0.659474 0
    outer loop
      vertex 65.0004 29.8327 1.8
      vertex 64.8753 29.9753 2.4
      vertex 64.8753 29.9753 1.8
    endloop
  endfacet
  facet normal -0.751727 -0.659474 0
    outer loop
      vertex 64.8753 29.9753 2.4
      vertex 65.0004 29.8327 1.8
      vertex 65.0004 29.8327 2.4
    endloop
  endfacet
  facet normal 0.195102 0.980783 -0
    outer loop
      vertex 63.6607 27.5124 1.8
      vertex 63.4747 27.5494 2.4
      vertex 63.6607 27.5124 2.4
    endloop
  endfacet
  facet normal 0.195102 0.980783 0
    outer loop
      vertex 63.4747 27.5494 2.4
      vertex 63.6607 27.5124 1.8
      vertex 63.4747 27.5494 1.8
    endloop
  endfacet
  facet normal -0.946876 -0.3216 0
    outer loop
      vertex 65.2506 29.3253 1.8
      vertex 65.1896 29.5049 2.4
      vertex 65.1896 29.5049 1.8
    endloop
  endfacet
  facet normal -0.946876 -0.3216 0
    outer loop
      vertex 65.1896 29.5049 2.4
      vertex 65.2506 29.3253 1.8
      vertex 65.2506 29.3253 2.4
    endloop
  endfacet
  facet normal -0.3216 0.946876 0
    outer loop
      vertex 64.4049 27.6104 1.8
      vertex 64.2253 27.5494 2.4
      vertex 64.4049 27.6104 2.4
    endloop
  endfacet
  facet normal -0.3216 0.946876 0
    outer loop
      vertex 64.2253 27.5494 2.4
      vertex 64.4049 27.6104 1.8
      vertex 64.2253 27.5494 1.8
    endloop
  endfacet
  facet normal 0.195102 -0.980783 0
    outer loop
      vertex 63.4747 30.3506 1.8
      vertex 63.6607 30.3876 2.4
      vertex 63.4747 30.3506 2.4
    endloop
  endfacet
  facet normal 0.195102 -0.980783 0
    outer loop
      vertex 63.6607 30.3876 2.4
      vertex 63.4747 30.3506 1.8
      vertex 63.6607 30.3876 1.8
    endloop
  endfacet
  facet normal -0.946876 0.3216 0
    outer loop
      vertex 65.1896 28.3951 1.8
      vertex 65.2506 28.5747 2.4
      vertex 65.2506 28.5747 1.8
    endloop
  endfacet
  facet normal -0.946876 0.3216 0
    outer loop
      vertex 65.2506 28.5747 2.4
      vertex 65.1896 28.3951 1.8
      vertex 65.1896 28.3951 2.4
    endloop
  endfacet
  facet normal -0.751727 0.659474 0
    outer loop
      vertex 64.8753 27.9247 1.8
      vertex 65.0004 28.0673 2.4
      vertex 65.0004 28.0673 1.8
    endloop
  endfacet
  facet normal -0.751727 0.659474 0
    outer loop
      vertex 65.0004 28.0673 2.4
      vertex 64.8753 27.9247 1.8
      vertex 64.8753 27.9247 2.4
    endloop
  endfacet
  facet normal 0.442356 0.896839 -0
    outer loop
      vertex 63.2951 27.6104 1.8
      vertex 63.125 27.6943 2.4
      vertex 63.2951 27.6104 2.4
    endloop
  endfacet
  facet normal 0.442356 0.896839 0
    outer loop
      vertex 63.125 27.6943 2.4
      vertex 63.2951 27.6104 1.8
      vertex 63.125 27.6943 1.8
    endloop
  endfacet
  facet normal 0.555309 0.831644 -0
    outer loop
      vertex 63.125 27.6943 1.8
      vertex 62.9673 27.7996 2.4
      vertex 63.125 27.6943 2.4
    endloop
  endfacet
  facet normal 0.555309 0.831644 0
    outer loop
      vertex 62.9673 27.7996 2.4
      vertex 63.125 27.6943 1.8
      vertex 62.9673 27.7996 1.8
    endloop
  endfacet
  facet normal -0.195102 -0.980783 0
    outer loop
      vertex 64.0393 30.3876 1.8
      vertex 64.2253 30.3506 2.4
      vertex 64.0393 30.3876 2.4
    endloop
  endfacet
  facet normal -0.195102 -0.980783 -0
    outer loop
      vertex 64.2253 30.3506 2.4
      vertex 64.0393 30.3876 1.8
      vertex 64.2253 30.3506 1.8
    endloop
  endfacet
  facet normal -0.659474 0.751727 0
    outer loop
      vertex 64.8753 27.9247 1.8
      vertex 64.7327 27.7996 2.4
      vertex 64.8753 27.9247 2.4
    endloop
  endfacet
  facet normal -0.659474 0.751727 0
    outer loop
      vertex 64.7327 27.7996 2.4
      vertex 64.8753 27.9247 1.8
      vertex 64.7327 27.7996 1.8
    endloop
  endfacet
  facet normal -0.792532 0.0519673 0.607611
    outer loop
      vertex 7.43759 5.86074 2.4
      vertex 8.50257 5.73326 3.8
      vertex 7.45 6.05 2.4
    endloop
  endfacet
  facet normal -0.792572 0.0514984 0.607599
    outer loop
      vertex 8.50257 5.73326 3.8
      vertex 7.43759 5.86074 2.4
      vertex 8.50175 5.72064 3.8
    endloop
  endfacet
  facet normal 0.752088 0.255291 0.60761
    outer loop
      vertex 3.66468 5.09633 3.8
      vertex 4.59941 5.67471 2.4
      vertex 3.56265 5.39691 3.8
    endloop
  endfacet
  facet normal -0.255299 -0.752085 0.60761
    outer loop
      vertex 6.95366 8.38532 3.8
      vertex 6.65309 8.48735 3.8
      vertex 6.37529 7.45059 2.4
    endloop
  endfacet
  facet normal -0.792536 -0.051945 0.607609
    outer loop
      vertex 8.52333 6.05 3.8
      vertex 8.50257 6.36674 3.8
      vertex 7.45 6.05 2.4
    endloop
  endfacet
  facet normal -0.792572 -0.0514984 0.607599
    outer loop
      vertex 7.43759 6.23926 2.4
      vertex 8.50257 6.36674 3.8
      vertex 8.50175 6.37936 3.8
    endloop
  endfacet
  facet normal -0.792532 -0.0519673 0.607611
    outer loop
      vertex 8.50257 6.36674 3.8
      vertex 7.43759 6.23926 2.4
      vertex 7.45 6.05 2.4
    endloop
  endfacet
  facet normal 0.712332 0.351275 0.607609
    outer loop
      vertex 3.81473 4.78833 3.8
      vertex 4.74426 5.325 2.4
      vertex 3.67434 5.07302 3.8
    endloop
  endfacet
  facet normal -0.523324 -0.597457 0.607599
    outer loop
      vertex 7.77476 7.8426 3.8
      vertex 7.0253 7.0753 2.4
      vertex 7.78427 7.83427 3.8
    endloop
  endfacet
  facet normal -0.523682 -0.59713 0.607612
    outer loop
      vertex 7.0253 7.0753 2.4
      vertex 7.77476 7.8426 3.8
      vertex 6.8827 7.20036 2.4
    endloop
  endfacet
  facet normal -0.597137 0.523674 0.607612
    outer loop
      vertex 7.78427 4.26573 3.8
      vertex 7.99356 4.50438 3.8
      vertex 7.0253 5.02469 2.4
    endloop
  endfacet
  facet normal 0.778973 -0.154959 0.60761
    outer loop
      vertex 4.5624 6.23926 2.4
      vertex 3.56018 6.69068 3.8
      vertex 3.49825 6.37936 3.8
    endloop
  endfacet
  facet normal -0.778977 0.154933 0.60761
    outer loop
      vertex 7.40059 5.67471 2.4
      vertex 8.43982 5.40932 3.8
      vertex 7.43759 5.86074 2.4
    endloop
  endfacet
  facet normal -0.778954 0.155038 0.607613
    outer loop
      vertex 8.43982 5.40932 3.8
      vertex 7.40059 5.67471 2.4
      vertex 8.43735 5.39691 3.8
    endloop
  endfacet
  facet normal 0.351275 -0.712332 0.607609
    outer loop
      vertex 5.275 7.30574 2.4
      vertex 5.02302 8.37566 3.8
      vertex 4.73833 8.23527 3.8
    endloop
  endfacet
  facet normal 0.523663 0.59715 0.607609
    outer loop
      vertex 4.45439 4.05644 3.8
      vertex 4.97469 5.02469 2.4
      vertex 4.21573 4.26573 3.8
    endloop
  endfacet
  facet normal 0.778969 0.154973 0.607611
    outer loop
      vertex 3.56018 5.40932 3.8
      vertex 4.59941 5.67471 2.4
      vertex 4.5624 5.86074 2.4
    endloop
  endfacet
  facet normal 0.778954 0.155038 0.607613
    outer loop
      vertex 4.59941 5.67471 2.4
      vertex 3.56018 5.40932 3.8
      vertex 3.56265 5.39691 3.8
    endloop
  endfacet
  facet normal 0.0514984 -0.792572 0.607599
    outer loop
      vertex 5.81074 7.48759 2.4
      vertex 5.68326 8.55257 3.8
      vertex 5.67064 8.55175 3.8
    endloop
  endfacet
  facet normal 0.0519673 -0.792532 0.607611
    outer loop
      vertex 5.68326 8.55257 3.8
      vertex 5.81074 7.48759 2.4
      vertex 6 7.5 2.4
    endloop
  endfacet
  facet normal 0.792575 -0.0514985 0.607596
    outer loop
      vertex 3.49743 6.36674 3.8
      vertex 4.5624 6.23926 2.4
      vertex 3.49825 6.37936 3.8
    endloop
  endfacet
  facet normal 0.792539 -0.0519258 0.607607
    outer loop
      vertex 4.5624 6.23926 2.4
      vertex 3.49743 6.36674 3.8
      vertex 4.55 6.05 2.4
    endloop
  endfacet
  facet normal -0.660378 -0.441261 0.607609
    outer loop
      vertex 8.18527 7.31167 3.8
      vertex 8.00892 7.57559 3.8
      vertex 7.25574 6.775 2.4
    endloop
  endfacet
  facet normal 0.712326 0.351285 0.60761
    outer loop
      vertex 3.66874 5.08436 3.8
      vertex 4.74426 5.325 2.4
      vertex 4.66037 5.49511 2.4
    endloop
  endfacet
  facet normal 0.71217 0.351689 0.60756
    outer loop
      vertex 4.74426 5.325 2.4
      vertex 3.66874 5.08436 3.8
      vertex 3.67434 5.07302 3.8
    endloop
  endfacet
  facet normal 0.051945 0.792536 0.607609
    outer loop
      vertex 6 3.52667 3.8
      vertex 6 4.6 2.4
      vertex 5.68326 3.54743 3.8
    endloop
  endfacet
  facet normal -0.051945 -0.792536 0.607609
    outer loop
      vertex 6.31674 8.55257 3.8
      vertex 6 8.57333 3.8
      vertex 6 7.5 2.4
    endloop
  endfacet
  facet normal -0.660378 0.441261 0.607609
    outer loop
      vertex 8.00892 4.52441 3.8
      vertex 8.18527 4.78833 3.8
      vertex 7.25574 5.325 2.4
    endloop
  endfacet
  facet normal 0.597168 0.523636 0.607615
    outer loop
      vertex 4.84964 5.1673 2.4
      vertex 4.00644 4.50438 3.8
      vertex 4.97469 5.02469 2.4
    endloop
  endfacet
  facet normal 0.597137 0.523672 0.607614
    outer loop
      vertex 4.00644 4.50438 3.8
      vertex 4.84964 5.1673 2.4
      vertex 3.9981 4.51389 3.8
    endloop
  endfacet
  facet normal -0.523662 0.597149 0.607611
    outer loop
      vertex 7.54561 4.05644 3.8
      vertex 7.78427 4.26573 3.8
      vertex 7.0253 5.02469 2.4
    endloop
  endfacet
  facet normal 0.441248 0.660383 0.607613
    outer loop
      vertex 4.72782 3.87175 3.8
      vertex 5.1173 4.89964 2.4
      vertex 4.46389 4.0481 3.8
    endloop
  endfacet
  facet normal -0.660366 0.441277 0.607612
    outer loop
      vertex 7.15036 5.1673 2.4
      vertex 8.00892 4.52441 3.8
      vertex 7.25574 5.325 2.4
    endloop
  endfacet
  facet normal -0.66036 0.441286 0.607612
    outer loop
      vertex 8.00892 4.52441 3.8
      vertex 7.15036 5.1673 2.4
      vertex 8.00189 4.51389 3.8
    endloop
  endfacet
  facet normal 0.597139 0.523676 0.607609
    outer loop
      vertex 4.21573 4.26573 3.8
      vertex 4.97469 5.02469 2.4
      vertex 4.00644 4.50438 3.8
    endloop
  endfacet
  facet normal 0.523663 -0.59715 0.607609
    outer loop
      vertex 4.22524 7.8426 3.8
      vertex 4.97469 7.0753 2.4
      vertex 5.1173 7.20036 2.4
    endloop
  endfacet
  facet normal 0.523326 -0.597458 0.607597
    outer loop
      vertex 4.97469 7.0753 2.4
      vertex 4.22524 7.8426 3.8
      vertex 4.21573 7.83427 3.8
    endloop
  endfacet
  facet normal 0.752094 0.255277 0.607609
    outer loop
      vertex 3.66468 5.09633 3.8
      vertex 4.66037 5.49511 2.4
      vertex 4.59941 5.67471 2.4
    endloop
  endfacet
  facet normal 0.752152 0.255116 0.607604
    outer loop
      vertex 4.66037 5.49511 2.4
      vertex 3.66468 5.09633 3.8
      vertex 3.66874 5.08436 3.8
    endloop
  endfacet
  facet normal -0.752078 0.255313 0.607613
    outer loop
      vertex 7.33962 5.49511 2.4
      vertex 8.33532 5.09633 3.8
      vertex 7.40059 5.67471 2.4
    endloop
  endfacet
  facet normal -0.751947 0.255675 0.607623
    outer loop
      vertex 8.33532 5.09633 3.8
      vertex 7.33962 5.49511 2.4
      vertex 8.33125 5.08436 3.8
    endloop
  endfacet
  facet normal -0.712342 0.351251 0.607611
    outer loop
      vertex 7.25574 5.325 2.4
      vertex 8.33125 5.08436 3.8
      vertex 7.33962 5.49511 2.4
    endloop
  endfacet
  facet normal -0.712376 0.351163 0.607622
    outer loop
      vertex 8.33125 5.08436 3.8
      vertex 7.25574 5.325 2.4
      vertex 8.32566 5.07302 3.8
    endloop
  endfacet
  facet normal -0.77897 0.154958 0.607613
    outer loop
      vertex 8.43982 5.40932 3.8
      vertex 8.50175 5.72064 3.8
      vertex 7.43759 5.86074 2.4
    endloop
  endfacet
  facet normal 0.712332 -0.351275 0.607609
    outer loop
      vertex 4.74426 6.775 2.4
      vertex 3.81473 7.31167 3.8
      vertex 3.67434 7.02698 3.8
    endloop
  endfacet
  facet normal -0.752088 0.255291 0.60761
    outer loop
      vertex 8.33532 5.09633 3.8
      vertex 8.43735 5.39691 3.8
      vertex 7.40059 5.67471 2.4
    endloop
  endfacet
  facet normal -0.792536 0.051945 0.607609
    outer loop
      vertex 8.50257 5.73326 3.8
      vertex 8.52333 6.05 3.8
      vertex 7.45 6.05 2.4
    endloop
  endfacet
  facet normal 0.351294 0.712322 0.60761
    outer loop
      vertex 5.03436 3.71874 3.8
      vertex 5.44511 4.71037 2.4
      vertex 4.74967 3.85914 3.8
    endloop
  endfacet
  facet normal 0.597458 -0.523326 0.607597
    outer loop
      vertex 4.2074 7.82476 3.8
      vertex 4.97469 7.0753 2.4
      vertex 4.21573 7.83427 3.8
    endloop
  endfacet
  facet normal 0.597153 -0.52366 0.607609
    outer loop
      vertex 4.97469 7.0753 2.4
      vertex 4.2074 7.82476 3.8
      vertex 4.84964 6.9327 2.4
    endloop
  endfacet
  facet normal -0.712332 0.351275 0.607609
    outer loop
      vertex 8.18527 4.78833 3.8
      vertex 8.32566 5.07302 3.8
      vertex 7.25574 5.325 2.4
    endloop
  endfacet
  facet normal 0.051945 -0.792536 0.607609
    outer loop
      vertex 6 7.5 2.4
      vertex 6 8.57333 3.8
      vertex 5.68326 8.55257 3.8
    endloop
  endfacet
  facet normal -0.255313 -0.752079 0.607612
    outer loop
      vertex 6.55489 7.38962 2.4
      vertex 6.95366 8.38532 3.8
      vertex 6.37529 7.45059 2.4
    endloop
  endfacet
  facet normal -0.254926 -0.752219 0.607601
    outer loop
      vertex 6.95366 8.38532 3.8
      vertex 6.55489 7.38962 2.4
      vertex 6.96564 8.38126 3.8
    endloop
  endfacet
  facet normal -0.597442 0.523311 0.607626
    outer loop
      vertex 7.15036 5.1673 2.4
      vertex 7.99356 4.50438 3.8
      vertex 8.00189 4.51389 3.8
    endloop
  endfacet
  facet normal -0.597147 0.523661 0.607614
    outer loop
      vertex 7.99356 4.50438 3.8
      vertex 7.15036 5.1673 2.4
      vertex 7.0253 5.02469 2.4
    endloop
  endfacet
  facet normal 0.792539 0.0519258 0.607607
    outer loop
      vertex 3.49743 5.73326 3.8
      vertex 4.5624 5.86074 2.4
      vertex 4.55 6.05 2.4
    endloop
  endfacet
  facet normal 0.792575 0.0514985 0.607596
    outer loop
      vertex 4.5624 5.86074 2.4
      vertex 3.49743 5.73326 3.8
      vertex 3.49825 5.72064 3.8
    endloop
  endfacet
  facet normal 0.792536 -0.051945 0.607609
    outer loop
      vertex 4.55 6.05 2.4
      vertex 3.49743 6.36674 3.8
      vertex 3.47667 6.05 3.8
    endloop
  endfacet
  facet normal -0.255292 0.752088 0.60761
    outer loop
      vertex 6.66506 3.61671 3.8
      vertex 6.96564 3.71874 3.8
      vertex 6.55489 4.71037 2.4
    endloop
  endfacet
  facet normal 0.752085 -0.255299 0.60761
    outer loop
      vertex 4.59941 6.42529 2.4
      vertex 3.66468 7.00366 3.8
      vertex 3.56265 6.70309 3.8
    endloop
  endfacet
  facet normal 0.351689 -0.71217 0.60756
    outer loop
      vertex 5.275 7.30574 2.4
      vertex 5.03436 8.38126 3.8
      vertex 5.02302 8.37566 3.8
    endloop
  endfacet
  facet normal 0.35125 -0.71234 0.607615
    outer loop
      vertex 5.03436 8.38126 3.8
      vertex 5.275 7.30574 2.4
      vertex 5.44511 7.38962 2.4
    endloop
  endfacet
  facet normal 0.792536 0.051945 0.607609
    outer loop
      vertex 3.49743 5.73326 3.8
      vertex 4.55 6.05 2.4
      vertex 3.47667 6.05 3.8
    endloop
  endfacet
  facet normal 0.154973 0.778968 0.607612
    outer loop
      vertex 5.62471 4.64941 2.4
      vertex 5.35931 3.61018 3.8
      vertex 5.81074 4.6124 2.4
    endloop
  endfacet
  facet normal 0.155157 0.778927 0.607617
    outer loop
      vertex 5.35931 3.61018 3.8
      vertex 5.62471 4.64941 2.4
      vertex 5.34691 3.61265 3.8
    endloop
  endfacet
  facet normal 0.71217 -0.351689 0.60756
    outer loop
      vertex 3.66874 7.01564 3.8
      vertex 4.74426 6.775 2.4
      vertex 3.67434 7.02698 3.8
    endloop
  endfacet
  facet normal 0.712326 -0.351285 0.60761
    outer loop
      vertex 4.74426 6.775 2.4
      vertex 3.66874 7.01564 3.8
      vertex 4.66037 6.60489 2.4
    endloop
  endfacet
  facet normal -0.0514985 0.792575 0.607596
    outer loop
      vertex 6.18926 4.6124 2.4
      vertex 6.31674 3.54743 3.8
      vertex 6.32936 3.54825 3.8
    endloop
  endfacet
  facet normal -0.0519258 0.792539 0.607607
    outer loop
      vertex 6.31674 3.54743 3.8
      vertex 6.18926 4.6124 2.4
      vertex 6 4.6 2.4
    endloop
  endfacet
  facet normal -0.0519673 -0.792532 0.607611
    outer loop
      vertex 6.18926 7.48759 2.4
      vertex 6.31674 8.55257 3.8
      vertex 6 7.5 2.4
    endloop
  endfacet
  facet normal -0.0514984 -0.792572 0.607599
    outer loop
      vertex 6.31674 8.55257 3.8
      vertex 6.18926 7.48759 2.4
      vertex 6.32936 8.55175 3.8
    endloop
  endfacet
  facet normal -0.051945 0.792536 0.607609
    outer loop
      vertex 6.31674 3.54743 3.8
      vertex 6 4.6 2.4
      vertex 6 3.52667 3.8
    endloop
  endfacet
  facet normal -0.441135 0.660446 0.607628
    outer loop
      vertex 6.8827 4.89964 2.4
      vertex 7.26167 3.86473 3.8
      vertex 7.27218 3.87175 3.8
    endloop
  endfacet
  facet normal -0.441278 0.660368 0.607609
    outer loop
      vertex 7.26167 3.86473 3.8
      vertex 6.8827 4.89964 2.4
      vertex 6.725 4.79426 2.4
    endloop
  endfacet
  facet normal 0.660366 0.441277 0.607612
    outer loop
      vertex 3.99108 4.52441 3.8
      vertex 4.84964 5.1673 2.4
      vertex 4.74426 5.325 2.4
    endloop
  endfacet
  facet normal 0.660658 0.440857 0.607598
    outer loop
      vertex 4.84964 5.1673 2.4
      vertex 3.99108 4.52441 3.8
      vertex 3.9981 4.51389 3.8
    endloop
  endfacet
  facet normal 0.154953 -0.778971 0.607613
    outer loop
      vertex 5.81074 7.48759 2.4
      vertex 5.67064 8.55175 3.8
      vertex 5.35931 8.48982 3.8
    endloop
  endfacet
  facet normal -0.155038 0.778954 0.607613
    outer loop
      vertex 6.37529 4.64941 2.4
      vertex 6.64068 3.61018 3.8
      vertex 6.65309 3.61265 3.8
    endloop
  endfacet
  facet normal -0.154973 0.778969 0.607611
    outer loop
      vertex 6.64068 3.61018 3.8
      vertex 6.37529 4.64941 2.4
      vertex 6.18926 4.6124 2.4
    endloop
  endfacet
  facet normal 0.778954 -0.155038 0.607613
    outer loop
      vertex 3.56018 6.69068 3.8
      vertex 4.59941 6.42529 2.4
      vertex 3.56265 6.70309 3.8
    endloop
  endfacet
  facet normal 0.778969 -0.154973 0.607611
    outer loop
      vertex 4.59941 6.42529 2.4
      vertex 3.56018 6.69068 3.8
      vertex 4.5624 6.23926 2.4
    endloop
  endfacet
  facet normal 0.660658 -0.440857 0.607598
    outer loop
      vertex 3.99108 7.57559 3.8
      vertex 4.84964 6.9327 2.4
      vertex 3.9981 7.58611 3.8
    endloop
  endfacet
  facet normal 0.660366 -0.441277 0.607612
    outer loop
      vertex 4.84964 6.9327 2.4
      vertex 3.99108 7.57559 3.8
      vertex 4.74426 6.775 2.4
    endloop
  endfacet
  facet normal 0.752222 -0.254927 0.607598
    outer loop
      vertex 3.66468 7.00366 3.8
      vertex 4.66037 6.60489 2.4
      vertex 3.66874 7.01564 3.8
    endloop
  endfacet
  facet normal 0.752095 -0.255277 0.607607
    outer loop
      vertex 4.66037 6.60489 2.4
      vertex 3.66468 7.00366 3.8
      vertex 4.59941 6.42529 2.4
    endloop
  endfacet
  facet normal 0.660378 0.441261 0.607609
    outer loop
      vertex 3.99108 4.52441 3.8
      vertex 4.74426 5.325 2.4
      vertex 3.81473 4.78833 3.8
    endloop
  endfacet
  facet normal 0.523638 0.597169 0.607612
    outer loop
      vertex 4.45439 4.05644 3.8
      vertex 5.1173 4.89964 2.4
      vertex 4.97469 5.02469 2.4
    endloop
  endfacet
  facet normal 0.52399 0.596872 0.6076
    outer loop
      vertex 5.1173 4.89964 2.4
      vertex 4.45439 4.05644 3.8
      vertex 4.46389 4.0481 3.8
    endloop
  endfacet
  facet normal 0.441261 -0.660378 0.607609
    outer loop
      vertex 5.275 7.30574 2.4
      vertex 4.73833 8.23527 3.8
      vertex 4.47441 8.05892 3.8
    endloop
  endfacet
  facet normal -0.351294 0.712322 0.60761
    outer loop
      vertex 6.96564 3.71874 3.8
      vertex 7.25033 3.85914 3.8
      vertex 6.55489 4.71037 2.4
    endloop
  endfacet
  facet normal 0.441278 0.660368 0.607609
    outer loop
      vertex 5.1173 4.89964 2.4
      vertex 4.73833 3.86473 3.8
      vertex 5.275 4.79426 2.4
    endloop
  endfacet
  facet normal 0.441135 0.660446 0.607628
    outer loop
      vertex 4.73833 3.86473 3.8
      vertex 5.1173 4.89964 2.4
      vertex 4.72782 3.87175 3.8
    endloop
  endfacet
  facet normal 0.778973 0.154959 0.60761
    outer loop
      vertex 3.56018 5.40932 3.8
      vertex 4.5624 5.86074 2.4
      vertex 3.49825 5.72064 3.8
    endloop
  endfacet
  facet normal 0.441286 -0.66036 0.607612
    outer loop
      vertex 5.1173 7.20036 2.4
      vertex 4.47441 8.05892 3.8
      vertex 4.46389 8.05189 3.8
    endloop
  endfacet
  facet normal 0.441277 -0.660366 0.607612
    outer loop
      vertex 4.47441 8.05892 3.8
      vertex 5.1173 7.20036 2.4
      vertex 5.275 7.30574 2.4
    endloop
  endfacet
  facet normal 0.660378 -0.441261 0.607609
    outer loop
      vertex 4.74426 6.775 2.4
      vertex 3.99108 7.57559 3.8
      vertex 3.81473 7.31167 3.8
    endloop
  endfacet
  facet normal 0.155157 -0.778927 0.607617
    outer loop
      vertex 5.62471 7.45059 2.4
      vertex 5.35931 8.48982 3.8
      vertex 5.34691 8.48735 3.8
    endloop
  endfacet
  facet normal 0.154933 -0.778977 0.607611
    outer loop
      vertex 5.35931 8.48982 3.8
      vertex 5.62471 7.45059 2.4
      vertex 5.81074 7.48759 2.4
    endloop
  endfacet
  facet normal -0.154933 -0.778977 0.60761
    outer loop
      vertex 6.37529 7.45059 2.4
      vertex 6.64068 8.48982 3.8
      vertex 6.18926 7.48759 2.4
    endloop
  endfacet
  facet normal -0.155038 -0.778954 0.607613
    outer loop
      vertex 6.64068 8.48982 3.8
      vertex 6.37529 7.45059 2.4
      vertex 6.65309 8.48735 3.8
    endloop
  endfacet
  facet normal 0.254926 -0.752219 0.607601
    outer loop
      vertex 5.44511 7.38962 2.4
      vertex 5.04634 8.38532 3.8
      vertex 5.03436 8.38126 3.8
    endloop
  endfacet
  facet normal 0.255313 -0.752079 0.607612
    outer loop
      vertex 5.04634 8.38532 3.8
      vertex 5.44511 7.38962 2.4
      vertex 5.62471 7.45059 2.4
    endloop
  endfacet
  facet normal -0.351168 0.712388 0.607605
    outer loop
      vertex 6.725 4.79426 2.4
      vertex 7.25033 3.85914 3.8
      vertex 7.26167 3.86473 3.8
    endloop
  endfacet
  facet normal -0.351285 0.712327 0.607609
    outer loop
      vertex 7.25033 3.85914 3.8
      vertex 6.725 4.79426 2.4
      vertex 6.55489 4.71037 2.4
    endloop
  endfacet
  facet normal -0.154958 -0.77897 0.607613
    outer loop
      vertex 6.64068 8.48982 3.8
      vertex 6.32936 8.55175 3.8
      vertex 6.18926 7.48759 2.4
    endloop
  endfacet
  facet normal 0.255276 0.752093 0.607611
    outer loop
      vertex 5.44511 4.71037 2.4
      vertex 5.34691 3.61265 3.8
      vertex 5.62471 4.64941 2.4
    endloop
  endfacet
  facet normal 0.255109 0.752133 0.607631
    outer loop
      vertex 5.34691 3.61265 3.8
      vertex 5.44511 4.71037 2.4
      vertex 5.33494 3.61671 3.8
    endloop
  endfacet
  facet normal -0.154959 0.778973 0.60761
    outer loop
      vertex 6.32936 3.54825 3.8
      vertex 6.64068 3.61018 3.8
      vertex 6.18926 4.6124 2.4
    endloop
  endfacet
  facet normal -0.255109 0.752133 0.607631
    outer loop
      vertex 6.55489 4.71037 2.4
      vertex 6.65309 3.61265 3.8
      vertex 6.66506 3.61671 3.8
    endloop
  endfacet
  facet normal -0.255276 0.752093 0.607611
    outer loop
      vertex 6.65309 3.61265 3.8
      vertex 6.55489 4.71037 2.4
      vertex 6.37529 4.64941 2.4
    endloop
  endfacet
  facet normal -0.441248 0.660383 0.607613
    outer loop
      vertex 7.27218 3.87175 3.8
      vertex 7.53611 4.0481 3.8
      vertex 6.8827 4.89964 2.4
    endloop
  endfacet
  facet normal -0.523659 0.597151 0.607612
    outer loop
      vertex 6.8827 4.89964 2.4
      vertex 7.54561 4.05644 3.8
      vertex 7.0253 5.02469 2.4
    endloop
  endfacet
  facet normal -0.52399 0.596872 0.6076
    outer loop
      vertex 7.54561 4.05644 3.8
      vertex 6.8827 4.89964 2.4
      vertex 7.53611 4.0481 3.8
    endloop
  endfacet
  facet normal 0.0519258 0.792539 0.607607
    outer loop
      vertex 5.81074 4.6124 2.4
      vertex 5.68326 3.54743 3.8
      vertex 6 4.6 2.4
    endloop
  endfacet
  facet normal 0.0514985 0.792575 0.607596
    outer loop
      vertex 5.68326 3.54743 3.8
      vertex 5.81074 4.6124 2.4
      vertex 5.67064 3.54825 3.8
    endloop
  endfacet
  facet normal 0.154954 0.778973 0.60761
    outer loop
      vertex 5.67064 3.54825 3.8
      vertex 5.81074 4.6124 2.4
      vertex 5.35931 3.61018 3.8
    endloop
  endfacet
  facet normal 0.255299 -0.752085 0.60761
    outer loop
      vertex 5.62471 7.45059 2.4
      vertex 5.34691 8.48735 3.8
      vertex 5.04634 8.38532 3.8
    endloop
  endfacet
  facet normal -0.441277 -0.660366 0.607612
    outer loop
      vertex 6.8827 7.20036 2.4
      vertex 7.52559 8.05892 3.8
      vertex 6.725 7.30574 2.4
    endloop
  endfacet
  facet normal -0.441286 -0.66036 0.607612
    outer loop
      vertex 7.52559 8.05892 3.8
      vertex 6.8827 7.20036 2.4
      vertex 7.53611 8.05189 3.8
    endloop
  endfacet
  facet normal -0.441261 -0.660378 0.607609
    outer loop
      vertex 7.52559 8.05892 3.8
      vertex 7.26167 8.23527 3.8
      vertex 6.725 7.30574 2.4
    endloop
  endfacet
  facet normal 0.597124 -0.523688 0.607613
    outer loop
      vertex 4.84964 6.9327 2.4
      vertex 4.2074 7.82476 3.8
      vertex 3.9981 7.58611 3.8
    endloop
  endfacet
  facet normal -0.597457 -0.523324 0.607599
    outer loop
      vertex 7.0253 7.0753 2.4
      vertex 7.7926 7.82476 3.8
      vertex 7.78427 7.83427 3.8
    endloop
  endfacet
  facet normal -0.59713 -0.523682 0.607612
    outer loop
      vertex 7.7926 7.82476 3.8
      vertex 7.0253 7.0753 2.4
      vertex 7.15036 6.9327 2.4
    endloop
  endfacet
  facet normal 0.523675 -0.597138 0.607611
    outer loop
      vertex 5.1173 7.20036 2.4
      vertex 4.46389 8.05189 3.8
      vertex 4.22524 7.8426 3.8
    endloop
  endfacet
  facet normal -0.712332 -0.351275 0.607609
    outer loop
      vertex 8.32566 7.02698 3.8
      vertex 8.18527 7.31167 3.8
      vertex 7.25574 6.775 2.4
    endloop
  endfacet
  facet normal -0.712376 -0.351163 0.607622
    outer loop
      vertex 7.25574 6.775 2.4
      vertex 8.33125 7.01564 3.8
      vertex 8.32566 7.02698 3.8
    endloop
  endfacet
  facet normal -0.712342 -0.351251 0.607611
    outer loop
      vertex 8.33125 7.01564 3.8
      vertex 7.25574 6.775 2.4
      vertex 7.33962 6.60489 2.4
    endloop
  endfacet
  facet normal 0.351285 0.712327 0.607609
    outer loop
      vertex 5.275 4.79426 2.4
      vertex 4.74967 3.85914 3.8
      vertex 5.44511 4.71037 2.4
    endloop
  endfacet
  facet normal 0.351168 0.712388 0.607605
    outer loop
      vertex 4.74967 3.85914 3.8
      vertex 5.275 4.79426 2.4
      vertex 4.73833 3.86473 3.8
    endloop
  endfacet
  facet normal 0.255292 0.752088 0.60761
    outer loop
      vertex 5.33494 3.61671 3.8
      vertex 5.44511 4.71037 2.4
      vertex 5.03436 3.71874 3.8
    endloop
  endfacet
  facet normal -0.351275 -0.712332 0.607609
    outer loop
      vertex 7.26167 8.23527 3.8
      vertex 6.97698 8.37566 3.8
      vertex 6.725 7.30574 2.4
    endloop
  endfacet
  facet normal -0.35125 -0.71234 0.607615
    outer loop
      vertex 6.725 7.30574 2.4
      vertex 6.96564 8.38126 3.8
      vertex 6.55489 7.38962 2.4
    endloop
  endfacet
  facet normal -0.351689 -0.71217 0.60756
    outer loop
      vertex 6.96564 8.38126 3.8
      vertex 6.725 7.30574 2.4
      vertex 6.97698 8.37566 3.8
    endloop
  endfacet
  facet normal -0.77897 -0.154958 0.607613
    outer loop
      vertex 8.50175 6.37936 3.8
      vertex 8.43982 6.69068 3.8
      vertex 7.43759 6.23926 2.4
    endloop
  endfacet
  facet normal -0.66036 -0.441286 0.607612
    outer loop
      vertex 7.15036 6.9327 2.4
      vertex 8.00892 7.57559 3.8
      vertex 8.00189 7.58611 3.8
    endloop
  endfacet
  facet normal -0.660366 -0.441277 0.607612
    outer loop
      vertex 8.00892 7.57559 3.8
      vertex 7.15036 6.9327 2.4
      vertex 7.25574 6.775 2.4
    endloop
  endfacet
  facet normal -0.523675 -0.597138 0.607611
    outer loop
      vertex 7.77476 7.8426 3.8
      vertex 7.53611 8.05189 3.8
      vertex 6.8827 7.20036 2.4
    endloop
  endfacet
  facet normal -0.597138 -0.523675 0.607611
    outer loop
      vertex 8.00189 7.58611 3.8
      vertex 7.7926 7.82476 3.8
      vertex 7.15036 6.9327 2.4
    endloop
  endfacet
  facet normal -0.752085 -0.255299 0.60761
    outer loop
      vertex 8.43735 6.70309 3.8
      vertex 8.33532 7.00366 3.8
      vertex 7.40059 6.42529 2.4
    endloop
  endfacet
  facet normal -0.778954 -0.155038 0.607613
    outer loop
      vertex 7.40059 6.42529 2.4
      vertex 8.43982 6.69068 3.8
      vertex 8.43735 6.70309 3.8
    endloop
  endfacet
  facet normal -0.778977 -0.154933 0.60761
    outer loop
      vertex 8.43982 6.69068 3.8
      vertex 7.40059 6.42529 2.4
      vertex 7.43759 6.23926 2.4
    endloop
  endfacet
  facet normal -0.752017 -0.255485 0.607616
    outer loop
      vertex 7.33962 6.60489 2.4
      vertex 8.33532 7.00366 3.8
      vertex 8.33125 7.01564 3.8
    endloop
  endfacet
  facet normal -0.752079 -0.255313 0.607612
    outer loop
      vertex 8.33532 7.00366 3.8
      vertex 7.33962 6.60489 2.4
      vertex 7.40059 6.42529 2.4
    endloop
  endfacet
  facet normal -0.44134 0.660309 0.607627
    outer loop
      vertex 7.31167 26.7147 3.8
      vertex 7.57559 26.8911 3.8
      vertex 6.775 27.6443 2.4
    endloop
  endfacet
  facet normal -0.0519257 0.792538 0.607608
    outer loop
      vertex 6.05 27.45 2.4
      vertex 6.06262 26.3775 3.8
      vertex 6.23926 27.4624 2.4
    endloop
  endfacet
  facet normal -0.0502449 0.792613 0.607651
    outer loop
      vertex 6.06262 26.3775 3.8
      vertex 6.05 27.45 2.4
      vertex 6.05 26.3767 3.8
    endloop
  endfacet
  facet normal -0.792536 -0.0519515 0.607609
    outer loop
      vertex 8.57333 28.9 3.8
      vertex 8.55257 29.2167 3.8
      vertex 7.5 28.9 2.4
    endloop
  endfacet
  facet normal -0.792601 -0.0511758 0.607589
    outer loop
      vertex 7.48759 29.0893 2.4
      vertex 8.55257 29.2167 3.8
      vertex 8.55175 29.2294 3.8
    endloop
  endfacet
  facet normal -0.792535 -0.0519565 0.607609
    outer loop
      vertex 8.55257 29.2167 3.8
      vertex 7.48759 29.0893 2.4
      vertex 7.5 28.9 2.4
    endloop
  endfacet
  facet normal 0.523684 -0.59712 0.607621
    outer loop
      vertex 5.02469 29.9253 2.4
      vertex 4.50438 30.8936 3.8
      vertex 4.26573 30.6843 3.8
    endloop
  endfacet
  facet normal 0.713154 -0.349695 0.607557
    outer loop
      vertex 3.85914 30.1503 3.8
      vertex 4.79426 29.625 2.4
      vertex 3.86473 30.1617 3.8
    endloop
  endfacet
  facet normal 0.712322 -0.351303 0.607604
    outer loop
      vertex 4.79426 29.625 2.4
      vertex 3.85914 30.1503 3.8
      vertex 4.71037 29.4549 2.4
    endloop
  endfacet
  facet normal -0.440007 0.661267 0.607553
    outer loop
      vertex 6.9327 27.7496 2.4
      vertex 7.57559 26.8911 3.8
      vertex 7.58611 26.8981 3.8
    endloop
  endfacet
  facet normal -0.441056 0.660537 0.607586
    outer loop
      vertex 7.57559 26.8911 3.8
      vertex 6.9327 27.7496 2.4
      vertex 6.775 27.6443 2.4
    endloop
  endfacet
  facet normal 0.522224 -0.598356 0.607662
    outer loop
      vertex 4.50438 30.8936 3.8
      vertex 5.1673 30.0504 2.4
      vertex 4.51389 30.9019 3.8
    endloop
  endfacet
  facet normal 0.523757 -0.597066 0.607611
    outer loop
      vertex 5.1673 30.0504 2.4
      vertex 4.50438 30.8936 3.8
      vertex 5.02469 29.9253 2.4
    endloop
  endfacet
  facet normal 0.792604 -0.051176 0.607585
    outer loop
      vertex 3.54743 29.2167 3.8
      vertex 4.6124 29.0893 2.4
      vertex 3.54825 29.2294 3.8
    endloop
  endfacet
  facet normal 0.792541 -0.051915 0.607605
    outer loop
      vertex 4.6124 29.0893 2.4
      vertex 3.54743 29.2167 3.8
      vertex 4.6 28.9 2.4
    endloop
  endfacet
  facet normal -0.0520453 0.79254 0.607595
    outer loop
      vertex 6.37936 26.3983 3.8
      vertex 6.23926 27.4624 2.4
      vertex 6.06262 26.3775 3.8
    endloop
  endfacet
  facet normal -0.441168 -0.660451 0.607598
    outer loop
      vertex 7.58611 30.9019 3.8
      vertex 7.32218 31.0782 3.8
      vertex 6.9327 30.0504 2.4
    endloop
  endfacet
  facet normal 0.150856 -0.779422 0.608066
    outer loop
      vertex 5.67471 30.3006 2.4
      vertex 5.72064 31.4017 3.8
      vertex 5.70824 31.3993 3.8
    endloop
  endfacet
  facet normal 0.154935 -0.77899 0.607593
    outer loop
      vertex 5.72064 31.4017 3.8
      vertex 5.67471 30.3006 2.4
      vertex 5.86074 30.3376 2.4
    endloop
  endfacet
  facet normal -0.778968 0.154968 0.607613
    outer loop
      vertex 8.48982 28.2593 3.8
      vertex 8.55175 28.5706 3.8
      vertex 7.48759 28.7107 2.4
    endloop
  endfacet
  facet normal 0.778927 -0.155157 0.607617
    outer loop
      vertex 3.61018 29.5407 3.8
      vertex 4.64941 29.2753 2.4
      vertex 3.61265 29.5531 3.8
    endloop
  endfacet
  facet normal 0.778963 -0.154997 0.607613
    outer loop
      vertex 4.64941 29.2753 2.4
      vertex 3.61018 29.5407 3.8
      vertex 4.6124 29.0893 2.4
    endloop
  endfacet
  facet normal 0.792541 0.051915 0.607605
    outer loop
      vertex 3.54743 28.5833 3.8
      vertex 4.6124 28.7107 2.4
      vertex 4.6 28.9 2.4
    endloop
  endfacet
  facet normal 0.792604 0.051176 0.607585
    outer loop
      vertex 4.6124 28.7107 2.4
      vertex 3.54743 28.5833 3.8
      vertex 3.54825 28.5706 3.8
    endloop
  endfacet
  facet normal 0.351287 -0.712306 0.607632
    outer loop
      vertex 5.49511 30.2396 2.4
      vertex 5.08436 31.2313 3.8
      vertex 4.79967 31.0909 3.8
    endloop
  endfacet
  facet normal -0.792535 0.0519565 0.607609
    outer loop
      vertex 7.48759 28.7107 2.4
      vertex 8.55257 28.5833 3.8
      vertex 7.5 28.9 2.4
    endloop
  endfacet
  facet normal -0.792601 0.0511758 0.607589
    outer loop
      vertex 8.55257 28.5833 3.8
      vertex 7.48759 28.7107 2.4
      vertex 8.55175 28.5706 3.8
    endloop
  endfacet
  facet normal 0.660359 -0.441282 0.607614
    outer loop
      vertex 4.79426 29.625 2.4
      vertex 4.04108 30.4256 3.8
      vertex 3.86473 30.1617 3.8
    endloop
  endfacet
  facet normal 0.792536 0.0519515 0.607609
    outer loop
      vertex 3.54743 28.5833 3.8
      vertex 4.6 28.9 2.4
      vertex 3.52667 28.9 3.8
    endloop
  endfacet
  facet normal 0.523757 0.597066 0.607611
    outer loop
      vertex 4.50438 26.9064 3.8
      vertex 5.1673 27.7496 2.4
      vertex 5.02469 27.8747 2.4
    endloop
  endfacet
  facet normal 0.522224 0.598356 0.607662
    outer loop
      vertex 5.1673 27.7496 2.4
      vertex 4.50438 26.9064 3.8
      vertex 4.51389 26.8981 3.8
    endloop
  endfacet
  facet normal -0.778972 0.154957 0.607612
    outer loop
      vertex 7.45059 28.5247 2.4
      vertex 8.48982 28.2593 3.8
      vertex 7.48759 28.7107 2.4
    endloop
  endfacet
  facet normal -0.778927 0.155157 0.607617
    outer loop
      vertex 8.48982 28.2593 3.8
      vertex 7.45059 28.5247 2.4
      vertex 8.48735 28.2469 3.8
    endloop
  endfacet
  facet normal 0.351311 0.712295 0.607632
    outer loop
      vertex 5.325 27.6443 2.4
      vertex 5.08436 26.5687 3.8
      vertex 5.49511 27.5604 2.4
    endloop
  endfacet
  facet normal 0.35168 0.712152 0.607585
    outer loop
      vertex 5.08436 26.5687 3.8
      vertex 5.325 27.6443 2.4
      vertex 5.07302 26.5743 3.8
    endloop
  endfacet
  facet normal 0.255446 0.752028 0.607619
    outer loop
      vertex 5.39691 26.4626 3.8
      vertex 5.67471 27.4994 2.4
      vertex 5.09633 26.5647 3.8
    endloop
  endfacet
  facet normal -0.523693 0.597131 0.607602
    outer loop
      vertex 7.58611 26.8981 3.8
      vertex 7.82476 27.1074 3.8
      vertex 6.9327 27.7496 2.4
    endloop
  endfacet
  facet normal -0.351287 -0.712306 0.607632
    outer loop
      vertex 7.30033 31.0909 3.8
      vertex 7.01564 31.2313 3.8
      vertex 6.60489 30.2396 2.4
    endloop
  endfacet
  facet normal 0.75207 -0.255353 0.607606
    outer loop
      vertex 4.71037 29.4549 2.4
      vertex 3.71874 29.8656 3.8
      vertex 3.61671 29.5651 3.8
    endloop
  endfacet
  facet normal -0.752077 0.255312 0.607615
    outer loop
      vertex 7.38962 28.3451 2.4
      vertex 8.38532 27.9463 3.8
      vertex 7.45059 28.5247 2.4
    endloop
  endfacet
  facet normal -0.751664 0.25645 0.607646
    outer loop
      vertex 8.38532 27.9463 3.8
      vertex 7.38962 28.3451 2.4
      vertex 8.38126 27.9344 3.8
    endloop
  endfacet
  facet normal 0.778971 -0.154968 0.607609
    outer loop
      vertex 4.6124 29.0893 2.4
      vertex 3.61018 29.5407 3.8
      vertex 3.54825 29.2294 3.8
    endloop
  endfacet
  facet normal 0.35166 -0.712111 0.607646
    outer loop
      vertex 5.325 30.1557 2.4
      vertex 4.79967 31.0909 3.8
      vertex 4.78833 31.0853 3.8
    endloop
  endfacet
  facet normal 0.35131 -0.712292 0.607635
    outer loop
      vertex 4.79967 31.0909 3.8
      vertex 5.325 30.1557 2.4
      vertex 5.49511 30.2396 2.4
    endloop
  endfacet
  facet normal -0.752093 0.255276 0.607611
    outer loop
      vertex 8.38532 27.9463 3.8
      vertex 8.48735 28.2469 3.8
      vertex 7.45059 28.5247 2.4
    endloop
  endfacet
  facet normal -0.792536 0.0519515 0.607609
    outer loop
      vertex 8.55257 28.5833 3.8
      vertex 8.57333 28.9 3.8
      vertex 7.5 28.9 2.4
    endloop
  endfacet
  facet normal 0.351287 0.712307 0.607632
    outer loop
      vertex 5.07302 26.5743 3.8
      vertex 5.325 27.6443 2.4
      vertex 4.78833 26.7147 3.8
    endloop
  endfacet
  facet normal 0.441056 0.660537 0.607586
    outer loop
      vertex 5.1673 27.7496 2.4
      vertex 4.52441 26.8911 3.8
      vertex 5.325 27.6443 2.4
    endloop
  endfacet
  facet normal 0.440007 0.661267 0.607553
    outer loop
      vertex 4.52441 26.8911 3.8
      vertex 5.1673 27.7496 2.4
      vertex 4.51389 26.8981 3.8
    endloop
  endfacet
  facet normal -0.712334 -0.351263 0.607614
    outer loop
      vertex 8.37566 29.877 3.8
      vertex 8.23527 30.1617 3.8
      vertex 7.30574 29.625 2.4
    endloop
  endfacet
  facet normal 0.660258 -0.441429 0.607618
    outer loop
      vertex 4.04108 30.4256 3.8
      vertex 4.89964 29.7827 2.4
      vertex 4.0481 30.4361 3.8
    endloop
  endfacet
  facet normal 0.660365 -0.441276 0.607614
    outer loop
      vertex 4.89964 29.7827 2.4
      vertex 4.04108 30.4256 3.8
      vertex 4.79426 29.625 2.4
    endloop
  endfacet
  facet normal 0.712332 0.351287 0.607602
    outer loop
      vertex 3.85914 27.6497 3.8
      vertex 4.71037 28.3451 2.4
      vertex 3.71874 27.9344 3.8
    endloop
  endfacet
  facet normal 0.0519257 -0.792538 0.607608
    outer loop
      vertex 6.05 30.35 2.4
      vertex 6.03738 31.4225 3.8
      vertex 5.86074 30.3376 2.4
    endloop
  endfacet
  facet normal 0.0502449 -0.792613 0.607651
    outer loop
      vertex 6.03738 31.4225 3.8
      vertex 6.05 30.35 2.4
      vertex 6.05 31.4233 3.8
    endloop
  endfacet
  facet normal -0.251562 0.753429 0.607504
    outer loop
      vertex 6.60489 27.5604 2.4
      vertex 7.00366 26.5647 3.8
      vertex 7.01564 26.5687 3.8
    endloop
  endfacet
  facet normal -0.255425 0.752039 0.607615
    outer loop
      vertex 7.00366 26.5647 3.8
      vertex 6.60489 27.5604 2.4
      vertex 6.42529 27.4994 2.4
    endloop
  endfacet
  facet normal -0.150856 0.779422 0.608066
    outer loop
      vertex 6.42529 27.4994 2.4
      vertex 6.37936 26.3983 3.8
      vertex 6.39176 26.4007 3.8
    endloop
  endfacet
  facet normal -0.154935 0.77899 0.607593
    outer loop
      vertex 6.37936 26.3983 3.8
      vertex 6.42529 27.4994 2.4
      vertex 6.23926 27.4624 2.4
    endloop
  endfacet
  facet normal 0.44134 0.660309 0.607627
    outer loop
      vertex 4.78833 26.7147 3.8
      vertex 5.325 27.6443 2.4
      vertex 4.52441 26.8911 3.8
    endloop
  endfacet
  facet normal 0.778963 0.154997 0.607613
    outer loop
      vertex 3.61018 28.2593 3.8
      vertex 4.64941 28.5247 2.4
      vertex 4.6124 28.7107 2.4
    endloop
  endfacet
  facet normal 0.778927 0.155157 0.607617
    outer loop
      vertex 4.64941 28.5247 2.4
      vertex 3.61018 28.2593 3.8
      vertex 3.61265 28.2469 3.8
    endloop
  endfacet
  facet normal 0.441168 -0.660451 0.607598
    outer loop
      vertex 5.1673 30.0504 2.4
      vertex 4.77782 31.0782 3.8
      vertex 4.51389 30.9019 3.8
    endloop
  endfacet
  facet normal -0.351287 0.712307 0.607632
    outer loop
      vertex 7.02698 26.5743 3.8
      vertex 7.31167 26.7147 3.8
      vertex 6.775 27.6443 2.4
    endloop
  endfacet
  facet normal 0.444805 -0.658437 0.607132
    outer loop
      vertex 5.1673 30.0504 2.4
      vertex 4.78833 31.0853 3.8
      vertex 4.77782 31.0782 3.8
    endloop
  endfacet
  facet normal 0.441034 -0.660504 0.607638
    outer loop
      vertex 4.78833 31.0853 3.8
      vertex 5.1673 30.0504 2.4
      vertex 5.325 30.1557 2.4
    endloop
  endfacet
  facet normal -0.597125 0.523678 0.607622
    outer loop
      vertex 7.0753 27.8747 2.4
      vertex 7.8426 27.1252 3.8
      vertex 7.20036 28.0173 2.4
    endloop
  endfacet
  facet normal -0.597172 0.523626 0.60762
    outer loop
      vertex 7.8426 27.1252 3.8
      vertex 7.0753 27.8747 2.4
      vertex 7.83427 27.1157 3.8
    endloop
  endfacet
  facet normal -0.522274 0.598413 0.607562
    outer loop
      vertex 7.0753 27.8747 2.4
      vertex 7.82476 27.1074 3.8
      vertex 7.83427 27.1157 3.8
    endloop
  endfacet
  facet normal -0.523775 0.597045 0.607615
    outer loop
      vertex 7.82476 27.1074 3.8
      vertex 7.0753 27.8747 2.4
      vertex 6.9327 27.7496 2.4
    endloop
  endfacet
  facet normal 0.597152 -0.52366 0.607609
    outer loop
      vertex 4.05644 30.4456 3.8
      vertex 4.89964 29.7827 2.4
      vertex 5.02469 29.9253 2.4
    endloop
  endfacet
  facet normal 0.596873 -0.523992 0.607598
    outer loop
      vertex 4.89964 29.7827 2.4
      vertex 4.05644 30.4456 3.8
      vertex 4.0481 30.4361 3.8
    endloop
  endfacet
  facet normal -0.597192 0.523613 0.607611
    outer loop
      vertex 7.8426 27.1252 3.8
      vertex 8.05189 27.3639 3.8
      vertex 7.20036 28.0173 2.4
    endloop
  endfacet
  facet normal 0.778971 0.154968 0.607609
    outer loop
      vertex 3.61018 28.2593 3.8
      vertex 4.6124 28.7107 2.4
      vertex 3.54825 28.5706 3.8
    endloop
  endfacet
  facet normal -0.0520453 -0.79254 0.607595
    outer loop
      vertex 6.23926 30.3376 2.4
      vertex 6.37936 31.4017 3.8
      vertex 6.06262 31.4225 3.8
    endloop
  endfacet
  facet normal 0.597189 0.52361 0.607616
    outer loop
      vertex 4.26573 27.1157 3.8
      vertex 5.02469 27.8747 2.4
      vertex 4.05644 27.3544 3.8
    endloop
  endfacet
  facet normal 0.523684 0.59712 0.607621
    outer loop
      vertex 4.50438 26.9064 3.8
      vertex 5.02469 27.8747 2.4
      vertex 4.26573 27.1157 3.8
    endloop
  endfacet
  facet normal 0.597189 -0.52361 0.607616
    outer loop
      vertex 5.02469 29.9253 2.4
      vertex 4.26573 30.6843 3.8
      vertex 4.05644 30.4456 3.8
    endloop
  endfacet
  facet normal -0.660359 0.441282 0.607614
    outer loop
      vertex 8.05892 27.3744 3.8
      vertex 8.23527 27.6383 3.8
      vertex 7.30574 28.175 2.4
    endloop
  endfacet
  facet normal 0.712322 0.351303 0.607604
    outer loop
      vertex 3.85914 27.6497 3.8
      vertex 4.79426 28.175 2.4
      vertex 4.71037 28.3451 2.4
    endloop
  endfacet
  facet normal 0.713154 0.349695 0.607557
    outer loop
      vertex 4.79426 28.175 2.4
      vertex 3.85914 27.6497 3.8
      vertex 3.86473 27.6383 3.8
    endloop
  endfacet
  facet normal -0.522274 -0.598413 0.607562
    outer loop
      vertex 7.82476 30.6926 3.8
      vertex 7.0753 29.9253 2.4
      vertex 7.83427 30.6843 3.8
    endloop
  endfacet
  facet normal -0.523775 -0.597045 0.607615
    outer loop
      vertex 7.0753 29.9253 2.4
      vertex 7.82476 30.6926 3.8
      vertex 6.9327 30.0504 2.4
    endloop
  endfacet
  facet normal 0.255446 -0.752028 0.607619
    outer loop
      vertex 5.67471 30.3006 2.4
      vertex 5.39691 31.3374 3.8
      vertex 5.09633 31.2353 3.8
    endloop
  endfacet
  facet normal -0.255454 0.752026 0.607618
    outer loop
      vertex 6.70309 26.4626 3.8
      vertex 7.00366 26.5647 3.8
      vertex 6.42529 27.4994 2.4
    endloop
  endfacet
  facet normal -0.255454 -0.752026 0.607618
    outer loop
      vertex 7.00366 31.2353 3.8
      vertex 6.70309 31.3374 3.8
      vertex 6.42529 30.3006 2.4
    endloop
  endfacet
  facet normal 0.0520453 -0.79254 0.607595
    outer loop
      vertex 5.86074 30.3376 2.4
      vertex 6.03738 31.4225 3.8
      vertex 5.72064 31.4017 3.8
    endloop
  endfacet
  facet normal 0.0502449 0.792613 0.607651
    outer loop
      vertex 6.05 27.45 2.4
      vertex 6.03738 26.3775 3.8
      vertex 6.05 26.3767 3.8
    endloop
  endfacet
  facet normal 0.0519257 0.792538 0.607608
    outer loop
      vertex 6.03738 26.3775 3.8
      vertex 6.05 27.45 2.4
      vertex 5.86074 27.4624 2.4
    endloop
  endfacet
  facet normal 0.255425 0.752038 0.607616
    outer loop
      vertex 5.49511 27.5604 2.4
      vertex 5.09633 26.5647 3.8
      vertex 5.67471 27.4994 2.4
    endloop
  endfacet
  facet normal 0.25175 0.753361 0.60751
    outer loop
      vertex 5.09633 26.5647 3.8
      vertex 5.49511 27.5604 2.4
      vertex 5.08436 26.5687 3.8
    endloop
  endfacet
  facet normal -0.523693 -0.597131 0.607602
    outer loop
      vertex 7.82476 30.6926 3.8
      vertex 7.58611 30.9019 3.8
      vertex 6.9327 30.0504 2.4
    endloop
  endfacet
  facet normal -0.441034 -0.660504 0.607638
    outer loop
      vertex 6.9327 30.0504 2.4
      vertex 7.31167 31.0853 3.8
      vertex 6.775 30.1557 2.4
    endloop
  endfacet
  facet normal -0.444805 -0.658437 0.607132
    outer loop
      vertex 7.31167 31.0853 3.8
      vertex 6.9327 30.0504 2.4
      vertex 7.32218 31.0782 3.8
    endloop
  endfacet
  facet normal -0.660359 -0.441282 0.607614
    outer loop
      vertex 8.23527 30.1617 3.8
      vertex 8.05892 30.4256 3.8
      vertex 7.30574 29.625 2.4
    endloop
  endfacet
  facet normal 0.75207 0.255353 0.607606
    outer loop
      vertex 3.71874 27.9344 3.8
      vertex 4.71037 28.3451 2.4
      vertex 3.61671 28.2349 3.8
    endloop
  endfacet
  facet normal -0.35168 0.712152 0.607585
    outer loop
      vertex 6.775 27.6443 2.4
      vertex 7.01564 26.5687 3.8
      vertex 7.02698 26.5743 3.8
    endloop
  endfacet
  facet normal -0.351311 0.712295 0.607632
    outer loop
      vertex 7.01564 26.5687 3.8
      vertex 6.775 27.6443 2.4
      vertex 6.60489 27.5604 2.4
    endloop
  endfacet
  facet normal -0.712338 0.351269 0.607606
    outer loop
      vertex 7.30574 28.175 2.4
      vertex 8.38126 27.9344 3.8
      vertex 7.38962 28.3451 2.4
    endloop
  endfacet
  facet normal -0.712775 0.350135 0.607747
    outer loop
      vertex 8.38126 27.9344 3.8
      vertex 7.30574 28.175 2.4
      vertex 8.37566 27.923 3.8
    endloop
  endfacet
  facet normal 0.752093 0.255276 0.607611
    outer loop
      vertex 3.61265 28.2469 3.8
      vertex 4.71037 28.3451 2.4
      vertex 4.64941 28.5247 2.4
    endloop
  endfacet
  facet normal 0.752276 0.25452 0.607701
    outer loop
      vertex 4.71037 28.3451 2.4
      vertex 3.61265 28.2469 3.8
      vertex 3.61671 28.2349 3.8
    endloop
  endfacet
  facet normal -0.0502449 -0.792613 0.607651
    outer loop
      vertex 6.05 30.35 2.4
      vertex 6.06262 31.4225 3.8
      vertex 6.05 31.4233 3.8
    endloop
  endfacet
  facet normal -0.0519257 -0.792538 0.607608
    outer loop
      vertex 6.06262 31.4225 3.8
      vertex 6.05 30.35 2.4
      vertex 6.23926 30.3376 2.4
    endloop
  endfacet
  facet normal -0.15488 0.778979 0.607622
    outer loop
      vertex 6.70309 26.4626 3.8
      vertex 6.42529 27.4994 2.4
      vertex 6.39176 26.4007 3.8
    endloop
  endfacet
  facet normal 0.25175 -0.753361 0.60751
    outer loop
      vertex 5.49511 30.2396 2.4
      vertex 5.09633 31.2353 3.8
      vertex 5.08436 31.2313 3.8
    endloop
  endfacet
  facet normal 0.255425 -0.752038 0.607616
    outer loop
      vertex 5.09633 31.2353 3.8
      vertex 5.49511 30.2396 2.4
      vertex 5.67471 30.3006 2.4
    endloop
  endfacet
  facet normal 0.15488 -0.778979 0.607622
    outer loop
      vertex 5.67471 30.3006 2.4
      vertex 5.70824 31.3993 3.8
      vertex 5.39691 31.3374 3.8
    endloop
  endfacet
  facet normal 0.15488 0.778979 0.607622
    outer loop
      vertex 5.70824 26.4007 3.8
      vertex 5.67471 27.4994 2.4
      vertex 5.39691 26.4626 3.8
    endloop
  endfacet
  facet normal -0.15488 -0.778979 0.607622
    outer loop
      vertex 6.42529 30.3006 2.4
      vertex 6.70309 31.3374 3.8
      vertex 6.39176 31.3993 3.8
    endloop
  endfacet
  facet normal 0.0520453 0.79254 0.607595
    outer loop
      vertex 6.03738 26.3775 3.8
      vertex 5.86074 27.4624 2.4
      vertex 5.72064 26.3983 3.8
    endloop
  endfacet
  facet normal 0.154935 0.77899 0.607593
    outer loop
      vertex 5.67471 27.4994 2.4
      vertex 5.72064 26.3983 3.8
      vertex 5.86074 27.4624 2.4
    endloop
  endfacet
  facet normal 0.150856 0.779422 0.608066
    outer loop
      vertex 5.72064 26.3983 3.8
      vertex 5.67471 27.4994 2.4
      vertex 5.70824 26.4007 3.8
    endloop
  endfacet
  facet normal -0.255425 -0.752039 0.607615
    outer loop
      vertex 6.60489 30.2396 2.4
      vertex 7.00366 31.2353 3.8
      vertex 6.42529 30.3006 2.4
    endloop
  endfacet
  facet normal -0.251562 -0.753429 0.607504
    outer loop
      vertex 7.00366 31.2353 3.8
      vertex 6.60489 30.2396 2.4
      vertex 7.01564 31.2313 3.8
    endloop
  endfacet
  facet normal 0.792536 -0.0519515 0.607609
    outer loop
      vertex 4.6 28.9 2.4
      vertex 3.54743 29.2167 3.8
      vertex 3.52667 28.9 3.8
    endloop
  endfacet
  facet normal 0.660359 0.441282 0.607614
    outer loop
      vertex 4.04108 27.3744 3.8
      vertex 4.79426 28.175 2.4
      vertex 3.86473 27.6383 3.8
    endloop
  endfacet
  facet normal 0.660365 0.441276 0.607614
    outer loop
      vertex 4.04108 27.3744 3.8
      vertex 4.89964 28.0173 2.4
      vertex 4.79426 28.175 2.4
    endloop
  endfacet
  facet normal 0.660258 0.441429 0.607618
    outer loop
      vertex 4.89964 28.0173 2.4
      vertex 4.04108 27.3744 3.8
      vertex 4.0481 27.3639 3.8
    endloop
  endfacet
  facet normal -0.154935 -0.77899 0.607593
    outer loop
      vertex 6.42529 30.3006 2.4
      vertex 6.37936 31.4017 3.8
      vertex 6.23926 30.3376 2.4
    endloop
  endfacet
  facet normal -0.150856 -0.779422 0.608066
    outer loop
      vertex 6.37936 31.4017 3.8
      vertex 6.42529 30.3006 2.4
      vertex 6.39176 31.3993 3.8
    endloop
  endfacet
  facet normal -0.35131 -0.712292 0.607635
    outer loop
      vertex 6.775 30.1557 2.4
      vertex 7.30033 31.0909 3.8
      vertex 6.60489 30.2396 2.4
    endloop
  endfacet
  facet normal -0.35166 -0.712111 0.607646
    outer loop
      vertex 7.30033 31.0909 3.8
      vertex 6.775 30.1557 2.4
      vertex 7.31167 31.0853 3.8
    endloop
  endfacet
  facet normal -0.597192 -0.523613 0.607611
    outer loop
      vertex 8.05189 30.4361 3.8
      vertex 7.8426 30.6748 3.8
      vertex 7.20036 29.7827 2.4
    endloop
  endfacet
  facet normal -0.778968 -0.154968 0.607613
    outer loop
      vertex 8.55175 29.2294 3.8
      vertex 8.48982 29.5407 3.8
      vertex 7.48759 29.0893 2.4
    endloop
  endfacet
  facet normal 0.597152 0.52366 0.607609
    outer loop
      vertex 4.89964 28.0173 2.4
      vertex 4.05644 27.3544 3.8
      vertex 5.02469 27.8747 2.4
    endloop
  endfacet
  facet normal 0.596873 0.523992 0.607598
    outer loop
      vertex 4.05644 27.3544 3.8
      vertex 4.89964 28.0173 2.4
      vertex 4.0481 27.3639 3.8
    endloop
  endfacet
  facet normal -0.660365 0.441276 0.607614
    outer loop
      vertex 7.20036 28.0173 2.4
      vertex 8.05892 27.3744 3.8
      vertex 7.30574 28.175 2.4
    endloop
  endfacet
  facet normal -0.659959 0.441858 0.607632
    outer loop
      vertex 8.05892 27.3744 3.8
      vertex 7.20036 28.0173 2.4
      vertex 8.05189 27.3639 3.8
    endloop
  endfacet
  facet normal -0.712334 0.351263 0.607614
    outer loop
      vertex 8.23527 27.6383 3.8
      vertex 8.37566 27.923 3.8
      vertex 7.30574 28.175 2.4
    endloop
  endfacet
  facet normal 0.712332 -0.351287 0.607602
    outer loop
      vertex 4.71037 29.4549 2.4
      vertex 3.85914 30.1503 3.8
      vertex 3.71874 29.8656 3.8
    endloop
  endfacet
  facet normal 0.752276 -0.25452 0.607701
    outer loop
      vertex 3.61265 29.5531 3.8
      vertex 4.71037 29.4549 2.4
      vertex 3.61671 29.5651 3.8
    endloop
  endfacet
  facet normal 0.752093 -0.255276 0.607611
    outer loop
      vertex 4.71037 29.4549 2.4
      vertex 3.61265 29.5531 3.8
      vertex 4.64941 29.2753 2.4
    endloop
  endfacet
  facet normal -0.712775 -0.350135 0.607747
    outer loop
      vertex 7.30574 29.625 2.4
      vertex 8.38126 29.8656 3.8
      vertex 8.37566 29.877 3.8
    endloop
  endfacet
  facet normal -0.712338 -0.351269 0.607606
    outer loop
      vertex 8.38126 29.8656 3.8
      vertex 7.30574 29.625 2.4
      vertex 7.38962 29.4549 2.4
    endloop
  endfacet
  facet normal -0.659959 -0.441858 0.607632
    outer loop
      vertex 7.20036 29.7827 2.4
      vertex 8.05892 30.4256 3.8
      vertex 8.05189 30.4361 3.8
    endloop
  endfacet
  facet normal -0.660365 -0.441276 0.607614
    outer loop
      vertex 8.05892 30.4256 3.8
      vertex 7.20036 29.7827 2.4
      vertex 7.30574 29.625 2.4
    endloop
  endfacet
  facet normal -0.597172 -0.523626 0.60762
    outer loop
      vertex 7.0753 29.9253 2.4
      vertex 7.8426 30.6748 3.8
      vertex 7.83427 30.6843 3.8
    endloop
  endfacet
  facet normal -0.597125 -0.523678 0.607622
    outer loop
      vertex 7.8426 30.6748 3.8
      vertex 7.0753 29.9253 2.4
      vertex 7.20036 29.7827 2.4
    endloop
  endfacet
  facet normal -0.752093 -0.255276 0.607611
    outer loop
      vertex 8.48735 29.5531 3.8
      vertex 8.38532 29.8537 3.8
      vertex 7.45059 29.2753 2.4
    endloop
  endfacet
  facet normal -0.778927 -0.155157 0.607617
    outer loop
      vertex 7.45059 29.2753 2.4
      vertex 8.48982 29.5407 3.8
      vertex 8.48735 29.5531 3.8
    endloop
  endfacet
  facet normal -0.778972 -0.154957 0.607612
    outer loop
      vertex 8.48982 29.5407 3.8
      vertex 7.45059 29.2753 2.4
      vertex 7.48759 29.0893 2.4
    endloop
  endfacet
  facet normal -0.751664 -0.25645 0.607646
    outer loop
      vertex 7.38962 29.4549 2.4
      vertex 8.38532 29.8537 3.8
      vertex 8.38126 29.8656 3.8
    endloop
  endfacet
  facet normal -0.752077 -0.255312 0.607615
    outer loop
      vertex 8.38532 29.8537 3.8
      vertex 7.38962 29.4549 2.4
      vertex 7.45059 29.2753 2.4
    endloop
  endfacet
  facet normal -0.792538 -0.0519257 0.607608
    outer loop
      vertex 65.3 6.05 2.4
      vertex 66.3725 6.06262 3.8
      vertex 65.2876 6.23926 2.4
    endloop
  endfacet
  facet normal -0.792613 -0.0502449 0.607651
    outer loop
      vertex 66.3725 6.06262 3.8
      vertex 65.3 6.05 2.4
      vertex 66.3733 6.05 3.8
    endloop
  endfacet
  facet normal -0.441282 0.660359 0.607614
    outer loop
      vertex 65.1117 3.86473 3.8
      vertex 65.3756 4.04108 3.8
      vertex 64.575 4.79426 2.4
    endloop
  endfacet
  facet normal -0.660309 -0.44134 0.607627
    outer loop
      vertex 66.0353 7.31167 3.8
      vertex 65.8589 7.57559 3.8
      vertex 65.1057 6.775 2.4
    endloop
  endfacet
  facet normal 0.712306 -0.351287 0.607632
    outer loop
      vertex 62.5104 6.60489 2.4
      vertex 61.6591 7.30033 3.8
      vertex 61.5187 7.01564 3.8
    endloop
  endfacet
  facet normal 0.154997 0.778963 0.607613
    outer loop
      vertex 63.4747 4.64941 2.4
      vertex 63.2093 3.61018 3.8
      vertex 63.6607 4.6124 2.4
    endloop
  endfacet
  facet normal 0.155157 0.778927 0.607617
    outer loop
      vertex 63.2093 3.61018 3.8
      vertex 63.4747 4.64941 2.4
      vertex 63.1969 3.61265 3.8
    endloop
  endfacet
  facet normal -0.712307 -0.351287 0.607632
    outer loop
      vertex 66.1757 7.02698 3.8
      vertex 66.0353 7.31167 3.8
      vertex 65.1057 6.775 2.4
    endloop
  endfacet
  facet normal 0.523678 -0.597125 0.607622
    outer loop
      vertex 62.0752 7.8426 3.8
      vertex 62.8247 7.0753 2.4
      vertex 62.9673 7.20036 2.4
    endloop
  endfacet
  facet normal 0.523626 -0.597172 0.60762
    outer loop
      vertex 62.8247 7.0753 2.4
      vertex 62.0752 7.8426 3.8
      vertex 62.0657 7.83427 3.8
    endloop
  endfacet
  facet normal -0.154957 -0.778972 0.607612
    outer loop
      vertex 64.2253 7.45059 2.4
      vertex 64.4907 8.48982 3.8
      vertex 64.0393 7.48759 2.4
    endloop
  endfacet
  facet normal -0.155157 -0.778927 0.607617
    outer loop
      vertex 64.4907 8.48982 3.8
      vertex 64.2253 7.45059 2.4
      vertex 64.5031 8.48735 3.8
    endloop
  endfacet
  facet normal -0.255353 0.75207 0.607606
    outer loop
      vertex 64.5151 3.61671 3.8
      vertex 64.8156 3.71874 3.8
      vertex 64.4049 4.71037 2.4
    endloop
  endfacet
  facet normal -0.59712 0.523684 0.607621
    outer loop
      vertex 65.6343 4.26573 3.8
      vertex 65.8436 4.50438 3.8
      vertex 64.8753 5.02469 2.4
    endloop
  endfacet
  facet normal 0.441275 0.660364 0.607615
    outer loop
      vertex 62.9673 4.89964 2.4
      vertex 62.5883 3.86473 3.8
      vertex 63.125 4.79426 2.4
    endloop
  endfacet
  facet normal 0.44144 0.660274 0.607593
    outer loop
      vertex 62.5883 3.86473 3.8
      vertex 62.9673 4.89964 2.4
      vertex 62.5778 3.87175 3.8
    endloop
  endfacet
  facet normal 0.752026 -0.255454 0.607618
    outer loop
      vertex 62.4494 6.42529 2.4
      vertex 61.5147 7.00366 3.8
      vertex 61.4126 6.70309 3.8
    endloop
  endfacet
  facet normal 0.441858 -0.659959 0.607632
    outer loop
      vertex 62.9673 7.20036 2.4
      vertex 62.3244 8.05892 3.8
      vertex 62.3139 8.05189 3.8
    endloop
  endfacet
  facet normal 0.441276 -0.660365 0.607614
    outer loop
      vertex 62.3244 8.05892 3.8
      vertex 62.9673 7.20036 2.4
      vertex 63.125 7.30574 2.4
    endloop
  endfacet
  facet normal -0.660537 0.441056 0.607586
    outer loop
      vertex 65.0004 5.1673 2.4
      vertex 65.8589 4.52441 3.8
      vertex 65.1057 5.325 2.4
    endloop
  endfacet
  facet normal -0.661267 0.440007 0.607553
    outer loop
      vertex 65.8589 4.52441 3.8
      vertex 65.0004 5.1673 2.4
      vertex 65.8519 4.51389 3.8
    endloop
  endfacet
  facet normal 0.752028 0.255446 0.607619
    outer loop
      vertex 61.5147 5.09633 3.8
      vertex 62.4494 5.67471 2.4
      vertex 61.4126 5.39691 3.8
    endloop
  endfacet
  facet normal 0.0519515 0.792536 0.607609
    outer loop
      vertex 63.85 3.52667 3.8
      vertex 63.85 4.6 2.4
      vertex 63.5333 3.54743 3.8
    endloop
  endfacet
  facet normal 0.752038 0.255425 0.607616
    outer loop
      vertex 61.5147 5.09633 3.8
      vertex 62.5104 5.49511 2.4
      vertex 62.4494 5.67471 2.4
    endloop
  endfacet
  facet normal 0.753361 0.25175 0.60751
    outer loop
      vertex 62.5104 5.49511 2.4
      vertex 61.5147 5.09633 3.8
      vertex 61.5187 5.08436 3.8
    endloop
  endfacet
  facet normal -0.255312 -0.752077 0.607615
    outer loop
      vertex 64.4049 7.38962 2.4
      vertex 64.8037 8.38532 3.8
      vertex 64.2253 7.45059 2.4
    endloop
  endfacet
  facet normal -0.25645 -0.751664 0.607646
    outer loop
      vertex 64.8037 8.38532 3.8
      vertex 64.4049 7.38962 2.4
      vertex 64.8156 8.38126 3.8
    endloop
  endfacet
  facet normal -0.712295 0.351311 0.607632
    outer loop
      vertex 65.1057 5.325 2.4
      vertex 66.1813 5.08436 3.8
      vertex 65.1896 5.49511 2.4
    endloop
  endfacet
  facet normal -0.712152 0.35168 0.607585
    outer loop
      vertex 66.1813 5.08436 3.8
      vertex 65.1057 5.325 2.4
      vertex 66.1757 5.07302 3.8
    endloop
  endfacet
  facet normal 0.79254 0.0520453 0.607595
    outer loop
      vertex 61.3483 5.72064 3.8
      vertex 62.4124 5.86074 2.4
      vertex 61.3275 6.03738 3.8
    endloop
  endfacet
  facet normal 0.597066 0.523757 0.607611
    outer loop
      vertex 62.6996 5.1673 2.4
      vertex 61.8564 4.50438 3.8
      vertex 62.8247 5.02469 2.4
    endloop
  endfacet
  facet normal 0.598356 0.522224 0.607662
    outer loop
      vertex 61.8564 4.50438 3.8
      vertex 62.6996 5.1673 2.4
      vertex 61.8481 4.51389 3.8
    endloop
  endfacet
  facet normal -0.0519565 -0.792535 0.607609
    outer loop
      vertex 64.0393 7.48759 2.4
      vertex 64.1667 8.55257 3.8
      vertex 63.85 7.5 2.4
    endloop
  endfacet
  facet normal -0.0511758 -0.792601 0.607589
    outer loop
      vertex 64.1667 8.55257 3.8
      vertex 64.0393 7.48759 2.4
      vertex 64.1794 8.55175 3.8
    endloop
  endfacet
  facet normal -0.051176 0.792604 0.607585
    outer loop
      vertex 64.0393 4.6124 2.4
      vertex 64.1667 3.54743 3.8
      vertex 64.1794 3.54825 3.8
    endloop
  endfacet
  facet normal -0.051915 0.792541 0.607605
    outer loop
      vertex 64.1667 3.54743 3.8
      vertex 64.0393 4.6124 2.4
      vertex 63.85 4.6 2.4
    endloop
  endfacet
  facet normal 0.523613 -0.597192 0.607611
    outer loop
      vertex 62.9673 7.20036 2.4
      vertex 62.3139 8.05189 3.8
      vertex 62.0752 7.8426 3.8
    endloop
  endfacet
  facet normal -0.255276 -0.752093 0.607611
    outer loop
      vertex 64.8037 8.38532 3.8
      vertex 64.5031 8.48735 3.8
      vertex 64.2253 7.45059 2.4
    endloop
  endfacet
  facet normal 0.792613 -0.0502449 0.607651
    outer loop
      vertex 62.4 6.05 2.4
      vertex 61.3275 6.06262 3.8
      vertex 61.3267 6.05 3.8
    endloop
  endfacet
  facet normal 0.792538 -0.0519257 0.607608
    outer loop
      vertex 61.3275 6.06262 3.8
      vertex 62.4 6.05 2.4
      vertex 62.4124 6.23926 2.4
    endloop
  endfacet
  facet normal -0.660309 0.44134 0.607627
    outer loop
      vertex 65.8589 4.52441 3.8
      vertex 66.0353 4.78833 3.8
      vertex 65.1057 5.325 2.4
    endloop
  endfacet
  facet normal 0.753429 -0.251562 0.607504
    outer loop
      vertex 61.5147 7.00366 3.8
      vertex 62.5104 6.60489 2.4
      vertex 61.5187 7.01564 3.8
    endloop
  endfacet
  facet normal 0.752039 -0.255425 0.607615
    outer loop
      vertex 62.5104 6.60489 2.4
      vertex 61.5147 7.00366 3.8
      vertex 62.4494 6.42529 2.4
    endloop
  endfacet
  facet normal -0.154968 -0.778968 0.607613
    outer loop
      vertex 64.4907 8.48982 3.8
      vertex 64.1794 8.55175 3.8
      vertex 64.0393 7.48759 2.4
    endloop
  endfacet
  facet normal 0.0519515 -0.792536 0.607609
    outer loop
      vertex 63.85 7.5 2.4
      vertex 63.85 8.57333 3.8
      vertex 63.5333 8.55257 3.8
    endloop
  endfacet
  facet normal 0.792613 0.0502449 0.607651
    outer loop
      vertex 61.3275 6.03738 3.8
      vertex 62.4 6.05 2.4
      vertex 61.3267 6.05 3.8
    endloop
  endfacet
  facet normal 0.792538 0.0519257 0.607608
    outer loop
      vertex 62.4 6.05 2.4
      vertex 61.3275 6.03738 3.8
      vertex 62.4124 5.86074 2.4
    endloop
  endfacet
  facet normal -0.79254 -0.0520453 0.607595
    outer loop
      vertex 66.3725 6.06262 3.8
      vertex 66.3517 6.37936 3.8
      vertex 65.2876 6.23926 2.4
    endloop
  endfacet
  facet normal -0.792613 0.0502449 0.607651
    outer loop
      vertex 65.3 6.05 2.4
      vertex 66.3725 6.03738 3.8
      vertex 66.3733 6.05 3.8
    endloop
  endfacet
  facet normal -0.792538 0.0519257 0.607608
    outer loop
      vertex 66.3725 6.03738 3.8
      vertex 65.3 6.05 2.4
      vertex 65.2876 5.86074 2.4
    endloop
  endfacet
  facet normal -0.712307 0.351287 0.607632
    outer loop
      vertex 66.0353 4.78833 3.8
      vertex 66.1757 5.07302 3.8
      vertex 65.1057 5.325 2.4
    endloop
  endfacet
  facet normal 0.441283 0.660361 0.607613
    outer loop
      vertex 62.5778 3.87175 3.8
      vertex 62.9673 4.89964 2.4
      vertex 62.3139 4.0481 3.8
    endloop
  endfacet
  facet normal 0.660451 -0.441168 0.607598
    outer loop
      vertex 62.6996 6.9327 2.4
      vertex 61.8481 7.58611 3.8
      vertex 61.6718 7.32218 3.8
    endloop
  endfacet
  facet normal 0.155157 -0.778927 0.607617
    outer loop
      vertex 63.4747 7.45059 2.4
      vertex 63.2093 8.48982 3.8
      vertex 63.1969 8.48735 3.8
    endloop
  endfacet
  facet normal 0.154957 -0.778972 0.607612
    outer loop
      vertex 63.2093 8.48982 3.8
      vertex 63.4747 7.45059 2.4
      vertex 63.6607 7.48759 2.4
    endloop
  endfacet
  facet normal -0.52366 0.597152 0.607609
    outer loop
      vertex 64.7327 4.89964 2.4
      vertex 65.3956 4.05644 3.8
      vertex 64.8753 5.02469 2.4
    endloop
  endfacet
  facet normal -0.523992 0.596873 0.607598
    outer loop
      vertex 65.3956 4.05644 3.8
      vertex 64.7327 4.89964 2.4
      vertex 65.3861 4.0481 3.8
    endloop
  endfacet
  facet normal 0.52366 0.597152 0.607609
    outer loop
      vertex 62.3044 4.05644 3.8
      vertex 62.9673 4.89964 2.4
      vertex 62.8247 5.02469 2.4
    endloop
  endfacet
  facet normal 0.523992 0.596873 0.607598
    outer loop
      vertex 62.9673 4.89964 2.4
      vertex 62.3044 4.05644 3.8
      vertex 62.3139 4.0481 3.8
    endloop
  endfacet
  facet normal -0.523626 -0.597172 0.60762
    outer loop
      vertex 65.6248 7.8426 3.8
      vertex 64.8753 7.0753 2.4
      vertex 65.6343 7.83427 3.8
    endloop
  endfacet
  facet normal -0.523678 -0.597125 0.607622
    outer loop
      vertex 64.8753 7.0753 2.4
      vertex 65.6248 7.8426 3.8
      vertex 64.7327 7.20036 2.4
    endloop
  endfacet
  facet normal -0.0519515 0.792536 0.607609
    outer loop
      vertex 64.1667 3.54743 3.8
      vertex 63.85 4.6 2.4
      vertex 63.85 3.52667 3.8
    endloop
  endfacet
  facet normal 0.350135 -0.712775 0.607747
    outer loop
      vertex 63.125 7.30574 2.4
      vertex 62.8844 8.38126 3.8
      vertex 62.873 8.37566 3.8
    endloop
  endfacet
  facet normal 0.351269 -0.712338 0.607606
    outer loop
      vertex 62.8844 8.38126 3.8
      vertex 63.125 7.30574 2.4
      vertex 63.2951 7.38962 2.4
    endloop
  endfacet
  facet normal -0.79254 0.0520453 0.607595
    outer loop
      vertex 66.3517 5.72064 3.8
      vertex 66.3725 6.03738 3.8
      vertex 65.2876 5.86074 2.4
    endloop
  endfacet
  facet normal -0.52361 0.597189 0.607616
    outer loop
      vertex 65.3956 4.05644 3.8
      vertex 65.6343 4.26573 3.8
      vertex 64.8753 5.02469 2.4
    endloop
  endfacet
  facet normal -0.779422 -0.150856 0.608066
    outer loop
      vertex 65.2506 6.42529 2.4
      vertex 66.3517 6.37936 3.8
      vertex 66.3493 6.39176 3.8
    endloop
  endfacet
  facet normal -0.77899 -0.154935 0.607593
    outer loop
      vertex 66.3517 6.37936 3.8
      vertex 65.2506 6.42529 2.4
      vertex 65.2876 6.23926 2.4
    endloop
  endfacet
  facet normal -0.441429 0.660258 0.607618
    outer loop
      vertex 64.7327 4.89964 2.4
      vertex 65.3756 4.04108 3.8
      vertex 65.3861 4.0481 3.8
    endloop
  endfacet
  facet normal -0.441276 0.660365 0.607614
    outer loop
      vertex 65.3756 4.04108 3.8
      vertex 64.7327 4.89964 2.4
      vertex 64.575 4.79426 2.4
    endloop
  endfacet
  facet normal 0.79254 -0.0520453 0.607595
    outer loop
      vertex 62.4124 6.23926 2.4
      vertex 61.3483 6.37936 3.8
      vertex 61.3275 6.06262 3.8
    endloop
  endfacet
  facet normal -0.661267 -0.440007 0.607553
    outer loop
      vertex 65.0004 6.9327 2.4
      vertex 65.8589 7.57559 3.8
      vertex 65.8519 7.58611 3.8
    endloop
  endfacet
  facet normal -0.660537 -0.441056 0.607586
    outer loop
      vertex 65.8589 7.57559 3.8
      vertex 65.0004 6.9327 2.4
      vertex 65.1057 6.775 2.4
    endloop
  endfacet
  facet normal -0.752026 -0.255454 0.607618
    outer loop
      vertex 66.2874 6.70309 3.8
      vertex 66.1853 7.00366 3.8
      vertex 65.2506 6.42529 2.4
    endloop
  endfacet
  facet normal -0.597131 -0.523693 0.607602
    outer loop
      vertex 65.8519 7.58611 3.8
      vertex 65.6426 7.82476 3.8
      vertex 65.0004 6.9327 2.4
    endloop
  endfacet
  facet normal -0.778979 -0.15488 0.607622
    outer loop
      vertex 66.3493 6.39176 3.8
      vertex 66.2874 6.70309 3.8
      vertex 65.2506 6.42529 2.4
    endloop
  endfacet
  facet normal -0.441282 -0.660359 0.607614
    outer loop
      vertex 65.3756 8.05892 3.8
      vertex 65.1117 8.23527 3.8
      vertex 64.575 7.30574 2.4
    endloop
  endfacet
  facet normal 0.778979 0.15488 0.607622
    outer loop
      vertex 61.4126 5.39691 3.8
      vertex 62.4494 5.67471 2.4
      vertex 61.3507 5.70824 3.8
    endloop
  endfacet
  facet normal 0.351287 0.712332 0.607602
    outer loop
      vertex 62.8844 3.71874 3.8
      vertex 63.2951 4.71037 2.4
      vertex 62.5997 3.85914 3.8
    endloop
  endfacet
  facet normal -0.752028 0.255446 0.607619
    outer loop
      vertex 66.1853 5.09633 3.8
      vertex 66.2874 5.39691 3.8
      vertex 65.2506 5.67471 2.4
    endloop
  endfacet
  facet normal 0.597131 -0.523693 0.607602
    outer loop
      vertex 62.6996 6.9327 2.4
      vertex 62.0574 7.82476 3.8
      vertex 61.8481 7.58611 3.8
    endloop
  endfacet
  facet normal -0.154968 0.778971 0.607609
    outer loop
      vertex 64.1794 3.54825 3.8
      vertex 64.4907 3.61018 3.8
      vertex 64.0393 4.6124 2.4
    endloop
  endfacet
  facet normal -0.351287 0.712332 0.607602
    outer loop
      vertex 64.8156 3.71874 3.8
      vertex 65.1003 3.85914 3.8
      vertex 64.4049 4.71037 2.4
    endloop
  endfacet
  facet normal -0.349695 0.713154 0.607557
    outer loop
      vertex 64.575 4.79426 2.4
      vertex 65.1003 3.85914 3.8
      vertex 65.1117 3.86473 3.8
    endloop
  endfacet
  facet normal -0.351303 0.712322 0.607604
    outer loop
      vertex 65.1003 3.85914 3.8
      vertex 64.575 4.79426 2.4
      vertex 64.4049 4.71037 2.4
    endloop
  endfacet
  facet normal -0.598356 0.522224 0.607662
    outer loop
      vertex 65.0004 5.1673 2.4
      vertex 65.8436 4.50438 3.8
      vertex 65.8519 4.51389 3.8
    endloop
  endfacet
  facet normal -0.597066 0.523757 0.607611
    outer loop
      vertex 65.8436 4.50438 3.8
      vertex 65.0004 5.1673 2.4
      vertex 64.8753 5.02469 2.4
    endloop
  endfacet
  facet normal 0.59712 0.523684 0.607621
    outer loop
      vertex 62.0657 4.26573 3.8
      vertex 62.8247 5.02469 2.4
      vertex 61.8564 4.50438 3.8
    endloop
  endfacet
  facet normal 0.051915 0.792541 0.607605
    outer loop
      vertex 63.6607 4.6124 2.4
      vertex 63.5333 3.54743 3.8
      vertex 63.85 4.6 2.4
    endloop
  endfacet
  facet normal 0.051176 0.792604 0.607585
    outer loop
      vertex 63.5333 3.54743 3.8
      vertex 63.6607 4.6124 2.4
      vertex 63.5206 3.54825 3.8
    endloop
  endfacet
  facet normal -0.155157 0.778927 0.607617
    outer loop
      vertex 64.2253 4.64941 2.4
      vertex 64.4907 3.61018 3.8
      vertex 64.5031 3.61265 3.8
    endloop
  endfacet
  facet normal -0.154997 0.778963 0.607613
    outer loop
      vertex 64.4907 3.61018 3.8
      vertex 64.2253 4.64941 2.4
      vertex 64.0393 4.6124 2.4
    endloop
  endfacet
  facet normal -0.351269 -0.712338 0.607606
    outer loop
      vertex 64.575 7.30574 2.4
      vertex 64.8156 8.38126 3.8
      vertex 64.4049 7.38962 2.4
    endloop
  endfacet
  facet normal -0.350135 -0.712775 0.607747
    outer loop
      vertex 64.8156 8.38126 3.8
      vertex 64.575 7.30574 2.4
      vertex 64.827 8.37566 3.8
    endloop
  endfacet
  facet normal 0.712306 0.351287 0.607632
    outer loop
      vertex 61.6591 4.79967 3.8
      vertex 62.5104 5.49511 2.4
      vertex 61.5187 5.08436 3.8
    endloop
  endfacet
  facet normal -0.77899 0.154935 0.607593
    outer loop
      vertex 65.2506 5.67471 2.4
      vertex 66.3517 5.72064 3.8
      vertex 65.2876 5.86074 2.4
    endloop
  endfacet
  facet normal -0.779422 0.150856 0.608066
    outer loop
      vertex 66.3517 5.72064 3.8
      vertex 65.2506 5.67471 2.4
      vertex 66.3493 5.70824 3.8
    endloop
  endfacet
  facet normal 0.351263 -0.712334 0.607614
    outer loop
      vertex 63.125 7.30574 2.4
      vertex 62.873 8.37566 3.8
      vertex 62.5883 8.23527 3.8
    endloop
  endfacet
  facet normal 0.154968 0.778971 0.607609
    outer loop
      vertex 63.5206 3.54825 3.8
      vertex 63.6607 4.6124 2.4
      vertex 63.2093 3.61018 3.8
    endloop
  endfacet
  facet normal -0.0519515 -0.792536 0.607609
    outer loop
      vertex 64.1667 8.55257 3.8
      vertex 63.85 8.57333 3.8
      vertex 63.85 7.5 2.4
    endloop
  endfacet
  facet normal 0.778979 -0.15488 0.607622
    outer loop
      vertex 62.4494 6.42529 2.4
      vertex 61.4126 6.70309 3.8
      vertex 61.3507 6.39176 3.8
    endloop
  endfacet
  facet normal 0.779422 -0.150856 0.608066
    outer loop
      vertex 61.3483 6.37936 3.8
      vertex 62.4494 6.42529 2.4
      vertex 61.3507 6.39176 3.8
    endloop
  endfacet
  facet normal 0.77899 -0.154935 0.607593
    outer loop
      vertex 62.4494 6.42529 2.4
      vertex 61.3483 6.37936 3.8
      vertex 62.4124 6.23926 2.4
    endloop
  endfacet
  facet normal -0.712152 -0.35168 0.607585
    outer loop
      vertex 65.1057 6.775 2.4
      vertex 66.1813 7.01564 3.8
      vertex 66.1757 7.02698 3.8
    endloop
  endfacet
  facet normal -0.712295 -0.351311 0.607632
    outer loop
      vertex 66.1813 7.01564 3.8
      vertex 65.1057 6.775 2.4
      vertex 65.1896 6.60489 2.4
    endloop
  endfacet
  facet normal -0.598413 -0.522274 0.607562
    outer loop
      vertex 64.8753 7.0753 2.4
      vertex 65.6426 7.82476 3.8
      vertex 65.6343 7.83427 3.8
    endloop
  endfacet
  facet normal -0.597045 -0.523775 0.607615
    outer loop
      vertex 65.6426 7.82476 3.8
      vertex 64.8753 7.0753 2.4
      vertex 65.0004 6.9327 2.4
    endloop
  endfacet
  facet normal 0.660451 0.441168 0.607598
    outer loop
      vertex 61.8481 4.51389 3.8
      vertex 62.6996 5.1673 2.4
      vertex 61.6718 4.77782 3.8
    endloop
  endfacet
  facet normal -0.351263 -0.712334 0.607614
    outer loop
      vertex 65.1117 8.23527 3.8
      vertex 64.827 8.37566 3.8
      vertex 64.575 7.30574 2.4
    endloop
  endfacet
  facet normal 0.255276 0.752093 0.607611
    outer loop
      vertex 63.2951 4.71037 2.4
      vertex 63.1969 3.61265 3.8
      vertex 63.4747 4.64941 2.4
    endloop
  endfacet
  facet normal 0.25452 0.752276 0.607701
    outer loop
      vertex 63.1969 3.61265 3.8
      vertex 63.2951 4.71037 2.4
      vertex 63.1849 3.61671 3.8
    endloop
  endfacet
  facet normal -0.441276 -0.660365 0.607614
    outer loop
      vertex 64.7327 7.20036 2.4
      vertex 65.3756 8.05892 3.8
      vertex 64.575 7.30574 2.4
    endloop
  endfacet
  facet normal -0.441858 -0.659959 0.607632
    outer loop
      vertex 65.3756 8.05892 3.8
      vertex 64.7327 7.20036 2.4
      vertex 65.3861 8.05189 3.8
    endloop
  endfacet
  facet normal -0.523613 -0.597192 0.607611
    outer loop
      vertex 65.6248 7.8426 3.8
      vertex 65.3861 8.05189 3.8
      vertex 64.7327 7.20036 2.4
    endloop
  endfacet
  facet normal 0.154968 -0.778968 0.607613
    outer loop
      vertex 63.6607 7.48759 2.4
      vertex 63.5206 8.55175 3.8
      vertex 63.2093 8.48982 3.8
    endloop
  endfacet
  facet normal 0.52361 0.597189 0.607616
    outer loop
      vertex 62.3044 4.05644 3.8
      vertex 62.8247 5.02469 2.4
      vertex 62.0657 4.26573 3.8
    endloop
  endfacet
  facet normal -0.25452 0.752276 0.607701
    outer loop
      vertex 64.4049 4.71037 2.4
      vertex 64.5031 3.61265 3.8
      vertex 64.5151 3.61671 3.8
    endloop
  endfacet
  facet normal -0.255276 0.752093 0.607611
    outer loop
      vertex 64.5031 3.61265 3.8
      vertex 64.4049 4.71037 2.4
      vertex 64.2253 4.64941 2.4
    endloop
  endfacet
  facet normal 0.712292 0.35131 0.607635
    outer loop
      vertex 61.6591 4.79967 3.8
      vertex 62.5943 5.325 2.4
      vertex 62.5104 5.49511 2.4
    endloop
  endfacet
  facet normal 0.712111 0.35166 0.607646
    outer loop
      vertex 62.5943 5.325 2.4
      vertex 61.6591 4.79967 3.8
      vertex 61.6647 4.78833 3.8
    endloop
  endfacet
  facet normal -0.752038 0.255425 0.607616
    outer loop
      vertex 65.1896 5.49511 2.4
      vertex 66.1853 5.09633 3.8
      vertex 65.2506 5.67471 2.4
    endloop
  endfacet
  facet normal -0.753361 0.25175 0.60751
    outer loop
      vertex 66.1853 5.09633 3.8
      vertex 65.1896 5.49511 2.4
      vertex 66.1813 5.08436 3.8
    endloop
  endfacet
  facet normal -0.778979 0.15488 0.607622
    outer loop
      vertex 66.2874 5.39691 3.8
      vertex 66.3493 5.70824 3.8
      vertex 65.2506 5.67471 2.4
    endloop
  endfacet
  facet normal -0.753429 -0.251562 0.607504
    outer loop
      vertex 65.1896 6.60489 2.4
      vertex 66.1853 7.00366 3.8
      vertex 66.1813 7.01564 3.8
    endloop
  endfacet
  facet normal -0.752039 -0.255425 0.607615
    outer loop
      vertex 66.1853 7.00366 3.8
      vertex 65.1896 6.60489 2.4
      vertex 65.2506 6.42529 2.4
    endloop
  endfacet
  facet normal 0.441282 -0.660359 0.607614
    outer loop
      vertex 63.125 7.30574 2.4
      vertex 62.5883 8.23527 3.8
      vertex 62.3244 8.05892 3.8
    endloop
  endfacet
  facet normal 0.598413 -0.522274 0.607562
    outer loop
      vertex 62.0574 7.82476 3.8
      vertex 62.8247 7.0753 2.4
      vertex 62.0657 7.83427 3.8
    endloop
  endfacet
  facet normal 0.597045 -0.523775 0.607615
    outer loop
      vertex 62.8247 7.0753 2.4
      vertex 62.0574 7.82476 3.8
      vertex 62.6996 6.9327 2.4
    endloop
  endfacet
  facet normal 0.660504 0.441034 0.607638
    outer loop
      vertex 61.6647 4.78833 3.8
      vertex 62.6996 5.1673 2.4
      vertex 62.5943 5.325 2.4
    endloop
  endfacet
  facet normal 0.658437 0.444805 0.607132
    outer loop
      vertex 62.6996 5.1673 2.4
      vertex 61.6647 4.78833 3.8
      vertex 61.6718 4.77782 3.8
    endloop
  endfacet
  facet normal 0.351303 0.712322 0.607604
    outer loop
      vertex 63.125 4.79426 2.4
      vertex 62.5997 3.85914 3.8
      vertex 63.2951 4.71037 2.4
    endloop
  endfacet
  facet normal 0.349695 0.713154 0.607557
    outer loop
      vertex 62.5997 3.85914 3.8
      vertex 63.125 4.79426 2.4
      vertex 62.5883 3.86473 3.8
    endloop
  endfacet
  facet normal 0.779422 0.150856 0.608066
    outer loop
      vertex 62.4494 5.67471 2.4
      vertex 61.3483 5.72064 3.8
      vertex 61.3507 5.70824 3.8
    endloop
  endfacet
  facet normal 0.77899 0.154935 0.607593
    outer loop
      vertex 61.3483 5.72064 3.8
      vertex 62.4494 5.67471 2.4
      vertex 62.4124 5.86074 2.4
    endloop
  endfacet
  facet normal 0.0511758 -0.792601 0.607589
    outer loop
      vertex 63.6607 7.48759 2.4
      vertex 63.5333 8.55257 3.8
      vertex 63.5206 8.55175 3.8
    endloop
  endfacet
  facet normal 0.0519565 -0.792535 0.607609
    outer loop
      vertex 63.5333 8.55257 3.8
      vertex 63.6607 7.48759 2.4
      vertex 63.85 7.5 2.4
    endloop
  endfacet
  facet normal 0.255353 0.75207 0.607606
    outer loop
      vertex 63.1849 3.61671 3.8
      vertex 63.2951 4.71037 2.4
      vertex 62.8844 3.71874 3.8
    endloop
  endfacet
  facet normal 0.712111 -0.35166 0.607646
    outer loop
      vertex 61.6591 7.30033 3.8
      vertex 62.5943 6.775 2.4
      vertex 61.6647 7.31167 3.8
    endloop
  endfacet
  facet normal 0.712292 -0.35131 0.607635
    outer loop
      vertex 62.5943 6.775 2.4
      vertex 61.6591 7.30033 3.8
      vertex 62.5104 6.60489 2.4
    endloop
  endfacet
  facet normal 0.658437 -0.444805 0.607132
    outer loop
      vertex 61.6647 7.31167 3.8
      vertex 62.6996 6.9327 2.4
      vertex 61.6718 7.32218 3.8
    endloop
  endfacet
  facet normal 0.660504 -0.441034 0.607638
    outer loop
      vertex 62.6996 6.9327 2.4
      vertex 61.6647 7.31167 3.8
      vertex 62.5943 6.775 2.4
    endloop
  endfacet
  facet normal 0.25645 -0.751664 0.607646
    outer loop
      vertex 63.2951 7.38962 2.4
      vertex 62.8963 8.38532 3.8
      vertex 62.8844 8.38126 3.8
    endloop
  endfacet
  facet normal 0.255312 -0.752077 0.607615
    outer loop
      vertex 62.8963 8.38532 3.8
      vertex 63.2951 7.38962 2.4
      vertex 63.4747 7.45059 2.4
    endloop
  endfacet
  facet normal 0.255276 -0.752093 0.607611
    outer loop
      vertex 63.4747 7.45059 2.4
      vertex 63.1969 8.48735 3.8
      vertex 62.8963 8.38532 3.8
    endloop
  endfacet
  facet normal -0.792538 -0.0519148 0.607608
    outer loop
      vertex 65.3 28.95 2.4
      vertex 66.3725 28.9626 3.8
      vertex 65.2876 29.1393 2.4
    endloop
  endfacet
  facet normal -0.79261 -0.0503244 0.607649
    outer loop
      vertex 66.3725 28.9626 3.8
      vertex 65.3 28.95 2.4
      vertex 66.3733 28.95 3.8
    endloop
  endfacet
  facet normal 0.778975 -0.154894 0.607622
    outer loop
      vertex 62.4494 29.3253 2.4
      vertex 61.4126 29.6031 3.8
      vertex 61.3507 29.2918 3.8
    endloop
  endfacet
  facet normal -0.660535 0.441055 0.607588
    outer loop
      vertex 65.0004 28.0673 2.4
      vertex 65.8589 27.4244 3.8
      vertex 65.1057 28.225 2.4
    endloop
  endfacet
  facet normal -0.660867 0.440578 0.607573
    outer loop
      vertex 65.8589 27.4244 3.8
      vertex 65.0004 28.0673 2.4
      vertex 65.8519 27.4139 3.8
    endloop
  endfacet
  facet normal -0.255281 -0.752077 0.607628
    outer loop
      vertex 64.8156 31.2813 3.8
      vertex 64.5151 31.3833 3.8
      vertex 64.4049 30.2896 2.4
    endloop
  endfacet
  facet normal 0.778975 0.154894 0.607622
    outer loop
      vertex 61.4126 28.2969 3.8
      vertex 62.4494 28.5747 2.4
      vertex 61.3507 28.6082 3.8
    endloop
  endfacet
  facet normal 0.77942 0.150856 0.608068
    outer loop
      vertex 62.4494 28.5747 2.4
      vertex 61.3483 28.6206 3.8
      vertex 61.3507 28.6082 3.8
    endloop
  endfacet
  facet normal 0.778986 0.15496 0.607592
    outer loop
      vertex 61.3483 28.6206 3.8
      vertex 62.4494 28.5747 2.4
      vertex 62.4124 28.7607 2.4
    endloop
  endfacet
  facet normal 0.0503244 0.79261 0.607649
    outer loop
      vertex 63.85 27.5 2.4
      vertex 63.8374 26.4275 3.8
      vertex 63.85 26.4267 3.8
    endloop
  endfacet
  facet normal 0.0519148 0.792538 0.607608
    outer loop
      vertex 63.8374 26.4275 3.8
      vertex 63.85 27.5 2.4
      vertex 63.6607 27.5124 2.4
    endloop
  endfacet
  facet normal 0.445111 -0.658263 0.607096
    outer loop
      vertex 62.9673 30.1004 2.4
      vertex 62.5883 31.1353 3.8
      vertex 62.5778 31.1282 3.8
    endloop
  endfacet
  facet normal 0.441031 -0.6605 0.607644
    outer loop
      vertex 62.5883 31.1353 3.8
      vertex 62.9673 30.1004 2.4
      vertex 63.125 30.2057 2.4
    endloop
  endfacet
  facet normal -0.523619 -0.59717 0.607628
    outer loop
      vertex 65.6343 30.7343 3.8
      vertex 65.3956 30.9436 3.8
      vertex 64.8753 29.9753 2.4
    endloop
  endfacet
  facet normal 0.154898 0.778997 0.607594
    outer loop
      vertex 63.5206 26.4483 3.8
      vertex 63.6607 27.5124 2.4
      vertex 63.2093 26.5102 3.8
    endloop
  endfacet
  facet normal 0.752033 0.255431 0.607619
    outer loop
      vertex 61.5147 27.9963 3.8
      vertex 62.4494 28.5747 2.4
      vertex 61.4126 28.2969 3.8
    endloop
  endfacet
  facet normal 0.660428 0.441203 0.607598
    outer loop
      vertex 61.8481 27.4139 3.8
      vertex 62.6996 28.0673 2.4
      vertex 61.6718 27.6778 3.8
    endloop
  endfacet
  facet normal -0.15094 0.779855 0.607489
    outer loop
      vertex 64.2253 27.5494 2.4
      vertex 64.4907 26.5102 3.8
      vertex 64.5031 26.5126 3.8
    endloop
  endfacet
  facet normal -0.154958 0.778979 0.607601
    outer loop
      vertex 64.4907 26.5102 3.8
      vertex 64.2253 27.5494 2.4
      vertex 64.0393 27.5124 2.4
    endloop
  endfacet
  facet normal -0.752885 -0.253071 0.607552
    outer loop
      vertex 65.1896 29.5049 2.4
      vertex 66.1853 29.9037 3.8
      vertex 66.1813 29.9156 3.8
    endloop
  endfacet
  facet normal -0.752036 -0.255424 0.607618
    outer loop
      vertex 66.1853 29.9037 3.8
      vertex 65.1896 29.5049 2.4
      vertex 65.2506 29.3253 2.4
    endloop
  endfacet
  facet normal -0.154958 -0.778979 0.607601
    outer loop
      vertex 64.2253 30.3506 2.4
      vertex 64.4907 31.3898 3.8
      vertex 64.0393 30.3876 2.4
    endloop
  endfacet
  facet normal -0.15094 -0.779855 0.607489
    outer loop
      vertex 64.4907 31.3898 3.8
      vertex 64.2253 30.3506 2.4
      vertex 64.5031 31.3874 3.8
    endloop
  endfacet
  facet normal -0.154898 -0.778997 0.607594
    outer loop
      vertex 64.4907 31.3898 3.8
      vertex 64.1794 31.4517 3.8
      vertex 64.0393 30.3876 2.4
    endloop
  endfacet
  facet normal -0.59717 -0.523619 0.607628
    outer loop
      vertex 65.8436 30.4956 3.8
      vertex 65.6343 30.7343 3.8
      vertex 64.8753 29.9753 2.4
    endloop
  endfacet
  facet normal 0.712287 0.351328 0.607631
    outer loop
      vertex 61.6591 27.6997 3.8
      vertex 62.5943 28.225 2.4
      vertex 62.5104 28.3951 2.4
    endloop
  endfacet
  facet normal 0.712878 0.350186 0.607597
    outer loop
      vertex 62.5943 28.225 2.4
      vertex 61.6591 27.6997 3.8
      vertex 61.6647 27.6883 3.8
    endloop
  endfacet
  facet normal 0.0520355 0.792541 0.607595
    outer loop
      vertex 63.8374 26.4275 3.8
      vertex 63.6607 27.5124 2.4
      vertex 63.5206 26.4483 3.8
    endloop
  endfacet
  facet normal -0.752033 -0.255431 0.607619
    outer loop
      vertex 66.2874 29.6031 3.8
      vertex 66.1853 29.9037 3.8
      vertex 65.2506 29.3253 2.4
    endloop
  endfacet
  facet normal -0.523631 0.597185 0.607602
    outer loop
      vertex 65.3861 26.9481 3.8
      vertex 65.6248 27.1574 3.8
      vertex 64.7327 27.7996 2.4
    endloop
  endfacet
  facet normal -0.351279 -0.712317 0.607625
    outer loop
      vertex 65.1003 31.1409 3.8
      vertex 64.8156 31.2813 3.8
      vertex 64.4049 30.2896 2.4
    endloop
  endfacet
  facet normal -0.712308 0.351275 0.607637
    outer loop
      vertex 66.0353 27.6883 3.8
      vertex 66.1757 27.973 3.8
      vertex 65.1057 28.225 2.4
    endloop
  endfacet
  facet normal 0.351279 -0.712317 0.607625
    outer loop
      vertex 63.2951 30.2896 2.4
      vertex 62.8844 31.2813 3.8
      vertex 62.5997 31.1409 3.8
    endloop
  endfacet
  facet normal -0.660291 -0.441361 0.607632
    outer loop
      vertex 66.0353 30.2117 3.8
      vertex 65.8589 30.4756 3.8
      vertex 65.1057 29.675 2.4
    endloop
  endfacet
  facet normal 0.77942 -0.150856 0.608068
    outer loop
      vertex 61.3483 29.2794 3.8
      vertex 62.4494 29.3253 2.4
      vertex 61.3507 29.2918 3.8
    endloop
  endfacet
  facet normal 0.778986 -0.15496 0.607592
    outer loop
      vertex 62.4494 29.3253 2.4
      vertex 61.3483 29.2794 3.8
      vertex 62.4124 29.1393 2.4
    endloop
  endfacet
  facet normal 0.255431 0.752033 0.607619
    outer loop
      vertex 63.1969 26.5126 3.8
      vertex 63.4747 27.5494 2.4
      vertex 62.8963 26.6147 3.8
    endloop
  endfacet
  facet normal -0.0520355 0.792541 0.607595
    outer loop
      vertex 64.1794 26.4483 3.8
      vertex 64.0393 27.5124 2.4
      vertex 63.8626 26.4275 3.8
    endloop
  endfacet
  facet normal 0.6605 0.441031 0.607644
    outer loop
      vertex 61.6647 27.6883 3.8
      vertex 62.6996 28.0673 2.4
      vertex 62.5943 28.225 2.4
    endloop
  endfacet
  facet normal 0.658263 0.445111 0.607096
    outer loop
      vertex 62.6996 28.0673 2.4
      vertex 61.6647 27.6883 3.8
      vertex 61.6718 27.6778 3.8
    endloop
  endfacet
  facet normal 0.255424 0.752036 0.607618
    outer loop
      vertex 63.2951 27.6104 2.4
      vertex 62.8963 26.6147 3.8
      vertex 63.4747 27.5494 2.4
    endloop
  endfacet
  facet normal 0.253071 0.752885 0.607552
    outer loop
      vertex 62.8963 26.6147 3.8
      vertex 63.2951 27.6104 2.4
      vertex 62.8844 26.6187 3.8
    endloop
  endfacet
  facet normal -0.792541 -0.0520355 0.607595
    outer loop
      vertex 66.3725 28.9626 3.8
      vertex 66.3517 29.2794 3.8
      vertex 65.2876 29.1393 2.4
    endloop
  endfacet
  facet normal 0.712317 -0.351279 0.607625
    outer loop
      vertex 62.5104 29.5049 2.4
      vertex 61.6591 30.2003 3.8
      vertex 61.5187 29.9156 3.8
    endloop
  endfacet
  facet normal -0.792541 0.0520355 0.607595
    outer loop
      vertex 66.3517 28.6206 3.8
      vertex 66.3725 28.9374 3.8
      vertex 65.2876 28.7607 2.4
    endloop
  endfacet
  facet normal -0.350126 0.712757 0.607773
    outer loop
      vertex 64.575 27.6943 2.4
      vertex 64.8156 26.6187 3.8
      vertex 64.827 26.6243 3.8
    endloop
  endfacet
  facet normal -0.351331 0.712293 0.607623
    outer loop
      vertex 64.8156 26.6187 3.8
      vertex 64.575 27.6943 2.4
      vertex 64.4049 27.6104 2.4
    endloop
  endfacet
  facet normal -0.778986 0.15496 0.607592
    outer loop
      vertex 65.2506 28.5747 2.4
      vertex 66.3517 28.6206 3.8
      vertex 65.2876 28.7607 2.4
    endloop
  endfacet
  facet normal -0.77942 0.150856 0.608068
    outer loop
      vertex 66.3517 28.6206 3.8
      vertex 65.2506 28.5747 2.4
      vertex 66.3493 28.6082 3.8
    endloop
  endfacet
  facet normal 0.522543 -0.598092 0.607647
    outer loop
      vertex 62.3044 30.9436 3.8
      vertex 62.9673 30.1004 2.4
      vertex 62.3139 30.9519 3.8
    endloop
  endfacet
  facet normal 0.52378 -0.597051 0.607605
    outer loop
      vertex 62.9673 30.1004 2.4
      vertex 62.3044 30.9436 3.8
      vertex 62.8247 29.9753 2.4
    endloop
  endfacet
  facet normal 0.523631 0.597185 0.607602
    outer loop
      vertex 62.3139 26.9481 3.8
      vertex 62.9673 27.7996 2.4
      vertex 62.0752 27.1574 3.8
    endloop
  endfacet
  facet normal -0.441361 -0.660291 0.607632
    outer loop
      vertex 65.3756 30.9589 3.8
      vertex 65.1117 31.1353 3.8
      vertex 64.575 30.2057 2.4
    endloop
  endfacet
  facet normal 0.15094 -0.779855 0.607489
    outer loop
      vertex 63.4747 30.3506 2.4
      vertex 63.2093 31.3898 3.8
      vertex 63.1969 31.3874 3.8
    endloop
  endfacet
  facet normal 0.154958 -0.778979 0.607601
    outer loop
      vertex 63.2093 31.3898 3.8
      vertex 63.4747 30.3506 2.4
      vertex 63.6607 30.3876 2.4
    endloop
  endfacet
  facet normal -0.712308 -0.351275 0.607637
    outer loop
      vertex 66.1757 29.927 3.8
      vertex 66.0353 30.2117 3.8
      vertex 65.1057 29.675 2.4
    endloop
  endfacet
  facet normal -0.0518023 -0.79255 0.607603
    outer loop
      vertex 64.1667 31.4526 3.8
      vertex 63.85 31.4733 3.8
      vertex 63.85 30.4 2.4
    endloop
  endfacet
  facet normal -0.440578 0.660867 0.607573
    outer loop
      vertex 64.7327 27.7996 2.4
      vertex 65.3756 26.9411 3.8
      vertex 65.3861 26.9481 3.8
    endloop
  endfacet
  facet normal -0.441055 0.660535 0.607588
    outer loop
      vertex 65.3756 26.9411 3.8
      vertex 64.7327 27.7996 2.4
      vertex 64.575 27.6943 2.4
    endloop
  endfacet
  facet normal 0.660428 -0.441203 0.607598
    outer loop
      vertex 62.6996 29.8327 2.4
      vertex 61.8481 30.4861 3.8
      vertex 61.6718 30.2222 3.8
    endloop
  endfacet
  facet normal -0.522576 0.598129 0.607582
    outer loop
      vertex 64.8753 27.9247 2.4
      vertex 65.6248 27.1574 3.8
      vertex 65.6343 27.1657 3.8
    endloop
  endfacet
  facet normal -0.523771 0.59704 0.607625
    outer loop
      vertex 65.6248 27.1574 3.8
      vertex 64.8753 27.9247 2.4
      vertex 64.7327 27.7996 2.4
    endloop
  endfacet
  facet normal 0.752033 -0.255431 0.607619
    outer loop
      vertex 62.4494 29.3253 2.4
      vertex 61.5147 29.9037 3.8
      vertex 61.4126 29.6031 3.8
    endloop
  endfacet
  facet normal -0.351275 0.712308 0.607637
    outer loop
      vertex 64.827 26.6243 3.8
      vertex 65.1117 26.7647 3.8
      vertex 64.575 27.6943 2.4
    endloop
  endfacet
  facet normal 0.154958 0.778979 0.607601
    outer loop
      vertex 63.4747 27.5494 2.4
      vertex 63.2093 26.5102 3.8
      vertex 63.6607 27.5124 2.4
    endloop
  endfacet
  facet normal 0.15094 0.779855 0.607489
    outer loop
      vertex 63.2093 26.5102 3.8
      vertex 63.4747 27.5494 2.4
      vertex 63.1969 26.5126 3.8
    endloop
  endfacet
  facet normal 0.255281 -0.752077 0.607628
    outer loop
      vertex 63.2951 30.2896 2.4
      vertex 63.1849 31.3833 3.8
      vertex 62.8844 31.2813 3.8
    endloop
  endfacet
  facet normal -0.597185 0.523631 0.607602
    outer loop
      vertex 65.6426 27.1752 3.8
      vertex 65.8519 27.4139 3.8
      vertex 65.0004 28.0673 2.4
    endloop
  endfacet
  facet normal -0.660291 0.441361 0.607632
    outer loop
      vertex 65.8589 27.4244 3.8
      vertex 66.0353 27.6883 3.8
      vertex 65.1057 28.225 2.4
    endloop
  endfacet
  facet normal -0.79261 0.0503244 0.607649
    outer loop
      vertex 65.3 28.95 2.4
      vertex 66.3725 28.9374 3.8
      vertex 66.3733 28.95 3.8
    endloop
  endfacet
  facet normal -0.792538 0.0519148 0.607608
    outer loop
      vertex 66.3725 28.9374 3.8
      vertex 65.3 28.95 2.4
      vertex 65.2876 28.7607 2.4
    endloop
  endfacet
  facet normal -0.154898 0.778997 0.607594
    outer loop
      vertex 64.1794 26.4483 3.8
      vertex 64.4907 26.5102 3.8
      vertex 64.0393 27.5124 2.4
    endloop
  endfacet
  facet normal -0.712293 0.351331 0.607623
    outer loop
      vertex 65.1057 28.225 2.4
      vertex 66.1813 27.9844 3.8
      vertex 65.1896 28.3951 2.4
    endloop
  endfacet
  facet normal -0.712757 0.350126 0.607773
    outer loop
      vertex 66.1813 27.9844 3.8
      vertex 65.1057 28.225 2.4
      vertex 66.1757 27.973 3.8
    endloop
  endfacet
  facet normal -0.752033 0.255431 0.607619
    outer loop
      vertex 66.1853 27.9963 3.8
      vertex 66.2874 28.2969 3.8
      vertex 65.2506 28.5747 2.4
    endloop
  endfacet
  facet normal -0.752036 0.255424 0.607618
    outer loop
      vertex 65.1896 28.3951 2.4
      vertex 66.1853 27.9963 3.8
      vertex 65.2506 28.5747 2.4
    endloop
  endfacet
  facet normal -0.752885 0.253071 0.607552
    outer loop
      vertex 66.1853 27.9963 3.8
      vertex 65.1896 28.3951 2.4
      vertex 66.1813 27.9844 3.8
    endloop
  endfacet
  facet normal 0.523771 0.59704 0.607625
    outer loop
      vertex 62.8247 27.9247 2.4
      vertex 62.0752 27.1574 3.8
      vertex 62.9673 27.7996 2.4
    endloop
  endfacet
  facet normal 0.522576 0.598129 0.607582
    outer loop
      vertex 62.0752 27.1574 3.8
      vertex 62.8247 27.9247 2.4
      vertex 62.0657 27.1657 3.8
    endloop
  endfacet
  facet normal -0.253071 0.752885 0.607552
    outer loop
      vertex 64.4049 27.6104 2.4
      vertex 64.8037 26.6147 3.8
      vertex 64.8156 26.6187 3.8
    endloop
  endfacet
  facet normal -0.255424 0.752036 0.607618
    outer loop
      vertex 64.8037 26.6147 3.8
      vertex 64.4049 27.6104 2.4
      vertex 64.2253 27.5494 2.4
    endloop
  endfacet
  facet normal -0.778975 0.154894 0.607622
    outer loop
      vertex 66.2874 28.2969 3.8
      vertex 66.3493 28.6082 3.8
      vertex 65.2506 28.5747 2.4
    endloop
  endfacet
  facet normal 0.0518023 -0.79255 0.607603
    outer loop
      vertex 63.85 30.4 2.4
      vertex 63.85 31.4733 3.8
      vertex 63.5333 31.4526 3.8
    endloop
  endfacet
  facet normal -0.598092 -0.522543 0.607647
    outer loop
      vertex 65.8436 30.4956 3.8
      vertex 65.0004 29.8327 2.4
      vertex 65.8519 30.4861 3.8
    endloop
  endfacet
  facet normal -0.597051 -0.52378 0.607605
    outer loop
      vertex 65.0004 29.8327 2.4
      vertex 65.8436 30.4956 3.8
      vertex 64.8753 29.9753 2.4
    endloop
  endfacet
  facet normal -0.255431 0.752033 0.607619
    outer loop
      vertex 64.5031 26.5126 3.8
      vertex 64.8037 26.6147 3.8
      vertex 64.2253 27.5494 2.4
    endloop
  endfacet
  facet normal 0.792541 0.0520355 0.607595
    outer loop
      vertex 61.3483 28.6206 3.8
      vertex 62.4124 28.7607 2.4
      vertex 61.3275 28.9374 3.8
    endloop
  endfacet
  facet normal -0.0519145 -0.792533 0.607615
    outer loop
      vertex 64.0393 30.3876 2.4
      vertex 64.1667 31.4526 3.8
      vertex 63.85 30.4 2.4
    endloop
  endfacet
  facet normal -0.0561377 -0.792165 0.60772
    outer loop
      vertex 64.1667 31.4526 3.8
      vertex 64.0393 30.3876 2.4
      vertex 64.1794 31.4517 3.8
    endloop
  endfacet
  facet normal 0.792541 -0.0520355 0.607595
    outer loop
      vertex 62.4124 29.1393 2.4
      vertex 61.3483 29.2794 3.8
      vertex 61.3275 28.9626 3.8
    endloop
  endfacet
  facet normal -0.351328 -0.712287 0.607631
    outer loop
      vertex 64.575 30.2057 2.4
      vertex 65.1003 31.1409 3.8
      vertex 64.4049 30.2896 2.4
    endloop
  endfacet
  facet normal -0.350186 -0.712878 0.607597
    outer loop
      vertex 65.1003 31.1409 3.8
      vertex 64.575 30.2057 2.4
      vertex 65.1117 31.1353 3.8
    endloop
  endfacet
  facet normal 0.350186 -0.712878 0.607597
    outer loop
      vertex 63.125 30.2057 2.4
      vertex 62.5997 31.1409 3.8
      vertex 62.5883 31.1353 3.8
    endloop
  endfacet
  facet normal 0.351328 -0.712287 0.607631
    outer loop
      vertex 62.5997 31.1409 3.8
      vertex 63.125 30.2057 2.4
      vertex 63.2951 30.2896 2.4
    endloop
  endfacet
  facet normal 0.597185 0.523631 0.607602
    outer loop
      vertex 62.0574 27.1752 3.8
      vertex 62.6996 28.0673 2.4
      vertex 61.8481 27.4139 3.8
    endloop
  endfacet
  facet normal 0.154898 -0.778997 0.607594
    outer loop
      vertex 63.6607 30.3876 2.4
      vertex 63.5206 31.4517 3.8
      vertex 63.2093 31.3898 3.8
    endloop
  endfacet
  facet normal 0.752885 -0.253071 0.607552
    outer loop
      vertex 61.5147 29.9037 3.8
      vertex 62.5104 29.5049 2.4
      vertex 61.5187 29.9156 3.8
    endloop
  endfacet
  facet normal 0.752036 -0.255424 0.607618
    outer loop
      vertex 62.5104 29.5049 2.4
      vertex 61.5147 29.9037 3.8
      vertex 62.4494 29.3253 2.4
    endloop
  endfacet
  facet normal -0.59704 0.523771 0.607625
    outer loop
      vertex 64.8753 27.9247 2.4
      vertex 65.6426 27.1752 3.8
      vertex 65.0004 28.0673 2.4
    endloop
  endfacet
  facet normal -0.598129 0.522576 0.607582
    outer loop
      vertex 65.6426 27.1752 3.8
      vertex 64.8753 27.9247 2.4
      vertex 65.6343 27.1657 3.8
    endloop
  endfacet
  facet normal 0.441203 -0.660428 0.607598
    outer loop
      vertex 62.9673 30.1004 2.4
      vertex 62.5778 31.1282 3.8
      vertex 62.3139 30.9519 3.8
    endloop
  endfacet
  facet normal -0.660867 -0.440578 0.607573
    outer loop
      vertex 65.0004 29.8327 2.4
      vertex 65.8589 30.4756 3.8
      vertex 65.8519 30.4861 3.8
    endloop
  endfacet
  facet normal -0.660535 -0.441055 0.607588
    outer loop
      vertex 65.8589 30.4756 3.8
      vertex 65.0004 29.8327 2.4
      vertex 65.1057 29.675 2.4
    endloop
  endfacet
  facet normal -0.441361 0.660291 0.607632
    outer loop
      vertex 65.1117 26.7647 3.8
      vertex 65.3756 26.9411 3.8
      vertex 64.575 27.6943 2.4
    endloop
  endfacet
  facet normal 0.79261 0.0503244 0.607649
    outer loop
      vertex 61.3275 28.9374 3.8
      vertex 62.4 28.95 2.4
      vertex 61.3267 28.95 3.8
    endloop
  endfacet
  facet normal 0.792538 0.0519148 0.607608
    outer loop
      vertex 62.4 28.95 2.4
      vertex 61.3275 28.9374 3.8
      vertex 62.4124 28.7607 2.4
    endloop
  endfacet
  facet normal 0.752036 0.255424 0.607618
    outer loop
      vertex 61.5147 27.9963 3.8
      vertex 62.5104 28.3951 2.4
      vertex 62.4494 28.5747 2.4
    endloop
  endfacet
  facet normal 0.752885 0.253071 0.607552
    outer loop
      vertex 62.5104 28.3951 2.4
      vertex 61.5147 27.9963 3.8
      vertex 61.5187 27.9844 3.8
    endloop
  endfacet
  facet normal 0.658263 -0.445111 0.607096
    outer loop
      vertex 61.6647 30.2117 3.8
      vertex 62.6996 29.8327 2.4
      vertex 61.6718 30.2222 3.8
    endloop
  endfacet
  facet normal 0.6605 -0.441031 0.607644
    outer loop
      vertex 62.6996 29.8327 2.4
      vertex 61.6647 30.2117 3.8
      vertex 62.5943 29.675 2.4
    endloop
  endfacet
  facet normal -0.712757 -0.350126 0.607773
    outer loop
      vertex 65.1057 29.675 2.4
      vertex 66.1813 29.9156 3.8
      vertex 66.1757 29.927 3.8
    endloop
  endfacet
  facet normal -0.712293 -0.351331 0.607623
    outer loop
      vertex 66.1813 29.9156 3.8
      vertex 65.1057 29.675 2.4
      vertex 65.1896 29.5049 2.4
    endloop
  endfacet
  facet normal -0.778975 -0.154894 0.607622
    outer loop
      vertex 66.3493 29.2918 3.8
      vertex 66.2874 29.6031 3.8
      vertex 65.2506 29.3253 2.4
    endloop
  endfacet
  facet normal -0.77942 -0.150856 0.608068
    outer loop
      vertex 65.2506 29.3253 2.4
      vertex 66.3517 29.2794 3.8
      vertex 66.3493 29.2918 3.8
    endloop
  endfacet
  facet normal -0.778986 -0.15496 0.607592
    outer loop
      vertex 66.3517 29.2794 3.8
      vertex 65.2506 29.3253 2.4
      vertex 65.2876 29.1393 2.4
    endloop
  endfacet
  facet normal 0.256829 -0.751694 0.60745
    outer loop
      vertex 63.2951 30.2896 2.4
      vertex 63.1969 31.3874 3.8
      vertex 63.1849 31.3833 3.8
    endloop
  endfacet
  facet normal 0.255424 -0.752035 0.607619
    outer loop
      vertex 63.1969 31.3874 3.8
      vertex 63.2951 30.2896 2.4
      vertex 63.4747 30.3506 2.4
    endloop
  endfacet
  facet normal 0.597051 -0.52378 0.607605
    outer loop
      vertex 61.8564 30.4956 3.8
      vertex 62.6996 29.8327 2.4
      vertex 62.8247 29.9753 2.4
    endloop
  endfacet
  facet normal 0.598092 -0.522543 0.607647
    outer loop
      vertex 62.6996 29.8327 2.4
      vertex 61.8564 30.4956 3.8
      vertex 61.8481 30.4861 3.8
    endloop
  endfacet
  facet normal -0.0519148 0.792538 0.607608
    outer loop
      vertex 63.85 27.5 2.4
      vertex 63.8626 26.4275 3.8
      vertex 64.0393 27.5124 2.4
    endloop
  endfacet
  facet normal -0.0503244 0.79261 0.607649
    outer loop
      vertex 63.8626 26.4275 3.8
      vertex 63.85 27.5 2.4
      vertex 63.85 26.4267 3.8
    endloop
  endfacet
  facet normal 0.79261 -0.0503244 0.607649
    outer loop
      vertex 62.4 28.95 2.4
      vertex 61.3275 28.9626 3.8
      vertex 61.3267 28.95 3.8
    endloop
  endfacet
  facet normal 0.792538 -0.0519148 0.607608
    outer loop
      vertex 61.3275 28.9626 3.8
      vertex 62.4 28.95 2.4
      vertex 62.4124 29.1393 2.4
    endloop
  endfacet
  facet normal 0.59704 0.523771 0.607625
    outer loop
      vertex 62.0574 27.1752 3.8
      vertex 62.8247 27.9247 2.4
      vertex 62.6996 28.0673 2.4
    endloop
  endfacet
  facet normal 0.598129 0.522576 0.607582
    outer loop
      vertex 62.8247 27.9247 2.4
      vertex 62.0574 27.1752 3.8
      vertex 62.0657 27.1657 3.8
    endloop
  endfacet
  facet normal -0.522543 -0.598092 0.607647
    outer loop
      vertex 64.7327 30.1004 2.4
      vertex 65.3956 30.9436 3.8
      vertex 65.3861 30.9519 3.8
    endloop
  endfacet
  facet normal -0.52378 -0.597051 0.607605
    outer loop
      vertex 65.3956 30.9436 3.8
      vertex 64.7327 30.1004 2.4
      vertex 64.8753 29.9753 2.4
    endloop
  endfacet
  facet normal -0.441055 -0.660535 0.607588
    outer loop
      vertex 64.7327 30.1004 2.4
      vertex 65.3756 30.9589 3.8
      vertex 64.575 30.2057 2.4
    endloop
  endfacet
  facet normal -0.440578 -0.660867 0.607573
    outer loop
      vertex 65.3756 30.9589 3.8
      vertex 64.7327 30.1004 2.4
      vertex 65.3861 30.9519 3.8
    endloop
  endfacet
  facet normal -0.255424 -0.752035 0.607619
    outer loop
      vertex 64.4049 30.2896 2.4
      vertex 64.5031 31.3874 3.8
      vertex 64.2253 30.3506 2.4
    endloop
  endfacet
  facet normal -0.256829 -0.751694 0.60745
    outer loop
      vertex 64.5031 31.3874 3.8
      vertex 64.4049 30.2896 2.4
      vertex 64.5151 31.3833 3.8
    endloop
  endfacet
  facet normal 0.0561377 -0.792165 0.60772
    outer loop
      vertex 63.6607 30.3876 2.4
      vertex 63.5333 31.4526 3.8
      vertex 63.5206 31.4517 3.8
    endloop
  endfacet
  facet normal 0.0519145 -0.792533 0.607615
    outer loop
      vertex 63.5333 31.4526 3.8
      vertex 63.6607 30.3876 2.4
      vertex 63.85 30.4 2.4
    endloop
  endfacet
  facet normal 0.523619 -0.59717 0.607628
    outer loop
      vertex 62.8247 29.9753 2.4
      vertex 62.3044 30.9436 3.8
      vertex 62.0657 30.7343 3.8
    endloop
  endfacet
  facet normal 0.59717 -0.523619 0.607628
    outer loop
      vertex 62.8247 29.9753 2.4
      vertex 62.0657 30.7343 3.8
      vertex 61.8564 30.4956 3.8
    endloop
  endfacet
  facet normal 0.712317 0.351279 0.607625
    outer loop
      vertex 61.6591 27.6997 3.8
      vertex 62.5104 28.3951 2.4
      vertex 61.5187 27.9844 3.8
    endloop
  endfacet
  facet normal 0.441361 0.660291 0.607632
    outer loop
      vertex 62.5883 26.7647 3.8
      vertex 63.125 27.6943 2.4
      vertex 62.3244 26.9411 3.8
    endloop
  endfacet
  facet normal 0.351331 0.712293 0.607623
    outer loop
      vertex 63.125 27.6943 2.4
      vertex 62.8844 26.6187 3.8
      vertex 63.2951 27.6104 2.4
    endloop
  endfacet
  facet normal 0.350126 0.712757 0.607773
    outer loop
      vertex 62.8844 26.6187 3.8
      vertex 63.125 27.6943 2.4
      vertex 62.873 26.6243 3.8
    endloop
  endfacet
  facet normal 0.351275 0.712308 0.607637
    outer loop
      vertex 62.873 26.6243 3.8
      vertex 63.125 27.6943 2.4
      vertex 62.5883 26.7647 3.8
    endloop
  endfacet
  facet normal 0.441055 0.660535 0.607588
    outer loop
      vertex 62.9673 27.7996 2.4
      vertex 62.3244 26.9411 3.8
      vertex 63.125 27.6943 2.4
    endloop
  endfacet
  facet normal 0.440578 0.660867 0.607573
    outer loop
      vertex 62.3244 26.9411 3.8
      vertex 62.9673 27.7996 2.4
      vertex 62.3139 26.9481 3.8
    endloop
  endfacet
  facet normal 0.712878 -0.350186 0.607597
    outer loop
      vertex 61.6591 30.2003 3.8
      vertex 62.5943 29.675 2.4
      vertex 61.6647 30.2117 3.8
    endloop
  endfacet
  facet normal 0.712287 -0.351328 0.607631
    outer loop
      vertex 62.5943 29.675 2.4
      vertex 61.6591 30.2003 3.8
      vertex 62.5104 29.5049 2.4
    endloop
  endfacet
  facet normal -1 0 0
    outer loop
      vertex 61.1 32.6 0
      vertex 61.1 31.3 0
      vertex 61.1 32.6 1.8
    endloop
  endfacet
  facet normal -1 0 0
    outer loop
      vertex 61.1 32.6 1.8
      vertex 61.1 34.9 3.8
      vertex 61.1 34.9 1.8
    endloop
  endfacet
  facet normal -1 0 0
    outer loop
      vertex 61.1 31.3 1.8
      vertex 61.1 32.6 1.8
      vertex 61.1 31.3 0
    endloop
  endfacet
  facet normal -1 0 0
    outer loop
      vertex 61.1 31.3 1.8
      vertex 61.1 34.9 3.8
      vertex 61.1 32.6 1.8
    endloop
  endfacet
  facet normal -1 0 0
    outer loop
      vertex 61.1 25.99 3.8
      vertex 61.1 31.3 1.8
      vertex 61.1 25.99 1.8
    endloop
  endfacet
  facet normal -1 0 0
    outer loop
      vertex 61.1 31.3 1.8
      vertex 61.1 25.99 3.8
      vertex 61.1 34.9 3.8
    endloop
  endfacet
  facet normal 1 0 0
    outer loop
      vertex 8.7 34.9 3.8
      vertex 8.7 32.6 1.8
      vertex 8.7 34.9 1.8
    endloop
  endfacet
  facet normal 1 0 0
    outer loop
      vertex 8.7 32.6 1.8
      vertex 8.7 31.3 1.8
      vertex 8.7 32.6 0
    endloop
  endfacet
  facet normal 1 0 0
    outer loop
      vertex 8.7 34.9 3.8
      vertex 8.7 31.3 1.8
      vertex 8.7 32.6 1.8
    endloop
  endfacet
  facet normal 1 -0 0
    outer loop
      vertex 8.7 25.99 3.8
      vertex 8.7 31.3 1.8
      vertex 8.7 34.9 3.8
    endloop
  endfacet
  facet normal 1 0 0
    outer loop
      vertex 8.7 31.3 1.8
      vertex 8.7 25.99 3.8
      vertex 8.7 25.99 1.8
    endloop
  endfacet
  facet normal 1 0 0
    outer loop
      vertex 8.7 32.6 0
      vertex 8.7 31.3 1.8
      vertex 8.7 31.3 0
    endloop
  endfacet
  facet normal 0 1 -0
    outer loop
      vertex 61.1 25.99 1.8
      vertex 8.7 25.99 3.8
      vertex 61.1 25.99 3.8
    endloop
  endfacet
  facet normal 0 1 0
    outer loop
      vertex 8.7 25.99 3.8
      vertex 61.1 25.99 1.8
      vertex 8.7 25.99 1.8
    endloop
  endfacet
endsolid OpenSCAD_Model
