solid OpenSCAD_Model
  facet normal 0.896887 -0.44226 0
    outer loop
      vertex 69.3641 2 15.2
      vertex 69.5955 2.46927 0
      vertex 69.5955 2.46927 15.2
    endloop
  endfacet
  facet normal 0.896887 -0.44226 0
    outer loop
      vertex 69.5955 2.46927 0
      vertex 69.3641 2 15.2
      vertex 69.3641 2 0
    endloop
  endfacet
  facet normal 0 1 0
    outer loop
      vertex 65.9 34.9 15.2
      vertex 61.1 34.9 7.4
      vertex 61.1 34.9 15.2
    endloop
  endfacet
  facet normal 0 1 0
    outer loop
      vertex 61.1 34.9 7.4
      vertex 65.9 34.9 0
      vertex 8.7 34.9 7.4
    endloop
  endfacet
  facet normal 0 1 -0
    outer loop
      vertex 65.9 34.9 0
      vertex 61.1 34.9 7.4
      vertex 65.9 34.9 15.2
    endloop
  endfacet
  facet normal 0 1 -0
    outer loop
      vertex 8.7 34.9 7.4
      vertex 4 34.9 15.2
      vertex 8.7 34.9 15.2
    endloop
  endfacet
  facet normal 0 1 0
    outer loop
      vertex 8.7 34.9 7.4
      vertex 4 34.9 0
      vertex 4 34.9 15.2
    endloop
  endfacet
  facet normal 0 1 0
    outer loop
      vertex 4 34.9 0
      vertex 8.7 34.9 7.4
      vertex 65.9 34.9 0
    endloop
  endfacet
  facet normal 0.19508 -0.980787 0
    outer loop
      vertex 66.4221 0.0342197 0
      vertex 66.9353 0.136296 15.2
      vertex 66.4221 0.0342197 15.2
    endloop
  endfacet
  facet normal 0.19508 -0.980787 0
    outer loop
      vertex 66.9353 0.136296 15.2
      vertex 66.4221 0.0342197 0
      vertex 66.9353 0.136296 0
    endloop
  endfacet
  facet normal -0.321445 -0.946928 0
    outer loop
      vertex 2.46927 0.304482 0
      vertex 2.96472 0.136296 15.2
      vertex 2.46927 0.304482 15.2
    endloop
  endfacet
  facet normal -0.321445 -0.946928 -0
    outer loop
      vertex 2.96472 0.136296 15.2
      vertex 2.46927 0.304482 0
      vertex 2.96472 0.136296 0
    endloop
  endfacet
  facet normal 0.321474 -0.946918 0
    outer loop
      vertex 66.9353 0.136296 0
      vertex 67.4307 0.304482 15.2
      vertex 66.9353 0.136296 15.2
    endloop
  endfacet
  facet normal 0.321474 -0.946918 0
    outer loop
      vertex 67.4307 0.304482 15.2
      vertex 66.9353 0.136296 0
      vertex 67.4307 0.304482 0
    endloop
  endfacet
  facet normal -0.0654009 -0.997859 0
    outer loop
      vertex 3.47789 0.0342197 0
      vertex 4 0 15.2
      vertex 3.47789 0.0342197 15.2
    endloop
  endfacet
  facet normal -0.0654009 -0.997859 -0
    outer loop
      vertex 4 0 15.2
      vertex 3.47789 0.0342197 0
      vertex 4 0 0
    endloop
  endfacet
  facet normal -0.946928 -0.321445 0
    outer loop
      vertex 0.304482 2.46927 0
      vertex 0.136296 2.96472 15.2
      vertex 0.136296 2.96472 0
    endloop
  endfacet
  facet normal -0.946928 -0.321445 0
    outer loop
      vertex 0.136296 2.96472 15.2
      vertex 0.304482 2.46927 0
      vertex 0.304482 2.46927 15.2
    endloop
  endfacet
  facet normal -0.44226 0.896887 0
    outer loop
      vertex 2.46927 34.5955 0
      vertex 2 34.3641 15.2
      vertex 2.46927 34.5955 15.2
    endloop
  endfacet
  facet normal -0.44226 0.896887 0
    outer loop
      vertex 2 34.3641 15.2
      vertex 2.46927 34.5955 0
      vertex 2 34.3641 0
    endloop
  endfacet
  facet normal -1 0 0
    outer loop
      vertex 0 30.9 0
      vertex 0 26.93 6
      vertex 0 30.9 15.2
    endloop
  endfacet
  facet normal -1 0 0
    outer loop
      vertex 0 30.9 0
      vertex 0 8.03 6
      vertex 0 26.93 6
    endloop
  endfacet
  facet normal -1 0 0
    outer loop
      vertex 0 4 15.2
      vertex 0 8.03 6
      vertex 0 4 0
    endloop
  endfacet
  facet normal -1 0 0
    outer loop
      vertex 0 4 0
      vertex 0 8.03 6
      vertex 0 30.9 0
    endloop
  endfacet
  facet normal -1 0 0
    outer loop
      vertex 0 26.93 9.6
      vertex 0 30.9 15.2
      vertex 0 26.93 6
    endloop
  endfacet
  facet normal -1 0 0
    outer loop
      vertex 0 8.03 9.6
      vertex 0 30.9 15.2
      vertex 0 26.93 9.6
    endloop
  endfacet
  facet normal -1 0 0
    outer loop
      vertex 0 8.03 9.6
      vertex 0 4 15.2
      vertex 0 30.9 15.2
    endloop
  endfacet
  facet normal -1 0 0
    outer loop
      vertex 0 8.03 6
      vertex 0 4 15.2
      vertex 0 8.03 9.6
    endloop
  endfacet
  facet normal -0.997859 -0.0654009 0
    outer loop
      vertex 0.0342197 3.47789 0
      vertex 0 4 15.2
      vertex 0 4 0
    endloop
  endfacet
  facet normal -0.997859 -0.0654009 0
    outer loop
      vertex 0 4 15.2
      vertex 0.0342197 3.47789 0
      vertex 0.0342197 3.47789 15.2
    endloop
  endfacet
  facet normal 0.442262 -0.896886 0
    outer loop
      vertex 67.4307 0.304482 0
      vertex 67.9 0.535898 15.2
      vertex 67.4307 0.304482 15.2
    endloop
  endfacet
  facet normal 0.442262 -0.896886 0
    outer loop
      vertex 67.9 0.535898 15.2
      vertex 67.4307 0.304482 0
      vertex 67.9 0.535898 0
    endloop
  endfacet
  facet normal -0.831443 0.55561 0
    outer loop
      vertex 0.535898 32.9 0
      vertex 0.826586 33.335 15.2
      vertex 0.826586 33.335 0
    endloop
  endfacet
  facet normal -0.831443 0.55561 0
    outer loop
      vertex 0.826586 33.335 15.2
      vertex 0.535898 32.9 0
      vertex 0.535898 32.9 15.2
    endloop
  endfacet
  facet normal 1 0 0
    outer loop
      vertex 69.9 30.9 15.2
      vertex 69.9 24.55 5.8
      vertex 69.9 30.9 0
    endloop
  endfacet
  facet normal 1 0 0
    outer loop
      vertex 69.9 30.9 15.2
      vertex 69.9 10.35 5.8
      vertex 69.9 24.55 5.8
    endloop
  endfacet
  facet normal 1 0 0
    outer loop
      vertex 69.9 4 0
      vertex 69.9 10.35 5.8
      vertex 69.9 4 15.2
    endloop
  endfacet
  facet normal 1 -0 0
    outer loop
      vertex 69.9 4 15.2
      vertex 69.9 10.35 5.8
      vertex 69.9 30.9 15.2
    endloop
  endfacet
  facet normal 1 -0 0
    outer loop
      vertex 69.9 24.55 2.7
      vertex 69.9 30.9 0
      vertex 69.9 24.55 5.8
    endloop
  endfacet
  facet normal 1 -0 0
    outer loop
      vertex 69.9 10.35 2.7
      vertex 69.9 30.9 0
      vertex 69.9 24.55 2.7
    endloop
  endfacet
  facet normal 1 0 0
    outer loop
      vertex 69.9 10.35 2.7
      vertex 69.9 4 0
      vertex 69.9 30.9 0
    endloop
  endfacet
  facet normal 1 0 0
    outer loop
      vertex 69.9 10.35 5.8
      vertex 69.9 4 0
      vertex 69.9 10.35 2.7
    endloop
  endfacet
  facet normal -0.321469 0.94692 0
    outer loop
      vertex 2.96472 34.7637 0
      vertex 2.46927 34.5955 15.2
      vertex 2.96472 34.7637 15.2
    endloop
  endfacet
  facet normal -0.321469 0.94692 0
    outer loop
      vertex 2.46927 34.5955 15.2
      vertex 2.96472 34.7637 0
      vertex 2.46927 34.5955 0
    endloop
  endfacet
  facet normal -0.751857 0.659326 0
    outer loop
      vertex 0.826586 33.335 0
      vertex 1.17157 33.7284 15.2
      vertex 1.17157 33.7284 0
    endloop
  endfacet
  facet normal -0.751857 0.659326 0
    outer loop
      vertex 1.17157 33.7284 15.2
      vertex 0.826586 33.335 0
      vertex 0.826586 33.335 15.2
    endloop
  endfacet
  facet normal 0.997862 -0.0653634 0
    outer loop
      vertex 69.8658 3.47789 15.2
      vertex 69.9 4 0
      vertex 69.9 4 15.2
    endloop
  endfacet
  facet normal 0.997862 -0.0653634 0
    outer loop
      vertex 69.9 4 0
      vertex 69.8658 3.47789 15.2
      vertex 69.8658 3.47789 0
    endloop
  endfacet
  facet normal 0.997861 0.0653646 0
    outer loop
      vertex 69.9 30.9 15.2
      vertex 69.8658 31.4221 0
      vertex 69.8658 31.4221 15.2
    endloop
  endfacet
  facet normal 0.997861 0.0653646 0
    outer loop
      vertex 69.8658 31.4221 0
      vertex 69.9 30.9 15.2
      vertex 69.9 30.9 0
    endloop
  endfacet
  facet normal 0 -1 0
    outer loop
      vertex 49.19 0 5.4
      vertex 51.26 0 13
      vertex 49.19 0 13
    endloop
  endfacet
  facet normal 0 -1 -0
    outer loop
      vertex 51.26 0 13
      vertex 49.19 0 5.4
      vertex 51.26 0 5.4
    endloop
  endfacet
  facet normal 0 -1 0
    outer loop
      vertex 4 0 15.2
      vertex 38.68 0 13
      vertex 65.9 0 15.2
    endloop
  endfacet
  facet normal 0 -1 0
    outer loop
      vertex 20.33 0 11.8
      vertex 4 0 15.2
      vertex 9.43 0 11.8
    endloop
  endfacet
  facet normal 0 -1 0
    outer loop
      vertex 4 0 15.2
      vertex 9.43 0 5.4
      vertex 9.43 0 11.8
    endloop
  endfacet
  facet normal 0 -1 0
    outer loop
      vertex 4 0 0
      vertex 20.33 0 5.4
      vertex 9.43 0 5.4
    endloop
  endfacet
  facet normal 0 -1 -0
    outer loop
      vertex 20.33 0 5.4
      vertex 4 0 0
      vertex 38.68 0 5.4
    endloop
  endfacet
  facet normal 0 -1 0
    outer loop
      vertex 65.9 0 0
      vertex 38.68 0 5.4
      vertex 4 0 0
    endloop
  endfacet
  facet normal 0 -1 0
    outer loop
      vertex 38.68 0 5.4
      vertex 65.9 0 0
      vertex 49.19 0 5.4
    endloop
  endfacet
  facet normal 0 -1 0
    outer loop
      vertex 49.19 0 5.4
      vertex 65.9 0 0
      vertex 51.26 0 5.4
    endloop
  endfacet
  facet normal 0 -1 0
    outer loop
      vertex 4 0 0
      vertex 9.43 0 5.4
      vertex 4 0 15.2
    endloop
  endfacet
  facet normal 0 -1 0
    outer loop
      vertex 49.19 0 13
      vertex 65.9 0 15.2
      vertex 38.68 0 13
    endloop
  endfacet
  facet normal 0 -1 0
    outer loop
      vertex 51.26 0 13
      vertex 65.9 0 15.2
      vertex 49.19 0 13
    endloop
  endfacet
  facet normal 0 -1 0
    outer loop
      vertex 61.65 0 13
      vertex 65.9 0 15.2
      vertex 51.26 0 13
    endloop
  endfacet
  facet normal 0 -1 0
    outer loop
      vertex 61.65 0 5.4
      vertex 65.9 0 15.2
      vertex 61.65 0 13
    endloop
  endfacet
  facet normal 0 -1 0
    outer loop
      vertex 61.65 0 5.4
      vertex 65.9 0 0
      vertex 65.9 0 15.2
    endloop
  endfacet
  facet normal 0 -1 0
    outer loop
      vertex 51.26 0 5.4
      vertex 65.9 0 0
      vertex 61.65 0 5.4
    endloop
  endfacet
  facet normal 0 -1 0
    outer loop
      vertex 4 0 15.2
      vertex 20.33 0 11.8
      vertex 38.68 0 13
    endloop
  endfacet
  facet normal 0 -1 0
    outer loop
      vertex 38.68 0 5.4
      vertex 20.33 0 11.8
      vertex 20.33 0 5.4
    endloop
  endfacet
  facet normal 0 -1 0
    outer loop
      vertex 20.33 0 11.8
      vertex 38.68 0 5.4
      vertex 38.68 0 13
    endloop
  endfacet
  facet normal 0.0653646 0.997861 -0
    outer loop
      vertex 66.4221 34.8658 0
      vertex 65.9 34.9 15.2
      vertex 66.4221 34.8658 15.2
    endloop
  endfacet
  facet normal 0.0653646 0.997861 0
    outer loop
      vertex 65.9 34.9 15.2
      vertex 66.4221 34.8658 0
      vertex 65.9 34.9 0
    endloop
  endfacet
  facet normal 0.831432 0.555626 0
    outer loop
      vertex 69.3641 32.9 15.2
      vertex 69.0734 33.335 0
      vertex 69.0734 33.335 15.2
    endloop
  endfacet
  facet normal 0.831432 0.555626 0
    outer loop
      vertex 69.0734 33.335 0
      vertex 69.3641 32.9 15.2
      vertex 69.3641 32.9 0
    endloop
  endfacet
  facet normal -0.980785 -0.195091 0
    outer loop
      vertex 0.136296 2.96472 0
      vertex 0.0342197 3.47789 15.2
      vertex 0.0342197 3.47789 0
    endloop
  endfacet
  facet normal -0.980785 -0.195091 0
    outer loop
      vertex 0.0342197 3.47789 15.2
      vertex 0.136296 2.96472 0
      vertex 0.136296 2.96472 15.2
    endloop
  endfacet
  facet normal 0 0 -1
    outer loop
      vertex 16.35 18.85 0
      vertex 34.55 20.45 0
      vertex 34.55 18.85 0
    endloop
  endfacet
  facet normal -0 0 -1
    outer loop
      vertex 34.55 20.45 0
      vertex 16.35 18.85 0
      vertex 16.35 20.45 0
    endloop
  endfacet
  facet normal 0 0 -1
    outer loop
      vertex 16.35 15.65 0
      vertex 34.55 17.25 0
      vertex 34.55 15.65 0
    endloop
  endfacet
  facet normal -0 0 -1
    outer loop
      vertex 34.55 17.25 0
      vertex 16.35 15.65 0
      vertex 16.35 17.25 0
    endloop
  endfacet
  facet normal 0 0 -1
    outer loop
      vertex 16.35 12.45 0
      vertex 34.55 14.05 0
      vertex 34.55 12.45 0
    endloop
  endfacet
  facet normal -0 0 -1
    outer loop
      vertex 34.55 14.05 0
      vertex 16.35 12.45 0
      vertex 16.35 14.05 0
    endloop
  endfacet
  facet normal 0 0 -1
    outer loop
      vertex 64.8201 6.45182 0
      vertex 69.9 4 0
      vertex 64.8642 6.32176 0
    endloop
  endfacet
  facet normal 0 0 -1
    outer loop
      vertex 69.9 30.9 0
      vertex 64.891 28.8129 0
      vertex 64.9 28.95 0
    endloop
  endfacet
  facet normal 0 0 -1
    outer loop
      vertex 64.7593 6.575 0
      vertex 69.9 4 0
      vertex 64.8201 6.45182 0
    endloop
  endfacet
  facet normal 0 0 -1
    outer loop
      vertex 69.9 30.9 0
      vertex 64.8642 28.6782 0
      vertex 64.891 28.8129 0
    endloop
  endfacet
  facet normal 0 0 -1
    outer loop
      vertex 64.683 6.6892 0
      vertex 69.9 4 0
      vertex 64.7593 6.575 0
    endloop
  endfacet
  facet normal 0 0 -1
    outer loop
      vertex 69.9 30.9 0
      vertex 64.8201 28.5482 0
      vertex 64.8642 28.6782 0
    endloop
  endfacet
  facet normal 0 0 -1
    outer loop
      vertex 64.5925 6.79246 0
      vertex 69.9 4 0
      vertex 64.683 6.6892 0
    endloop
  endfacet
  facet normal 0 0 -1
    outer loop
      vertex 69.9 30.9 0
      vertex 64.7593 28.425 0
      vertex 64.8201 28.5482 0
    endloop
  endfacet
  facet normal 0 0 -1
    outer loop
      vertex 64.4892 6.88302 0
      vertex 69.9 4 0
      vertex 64.5925 6.79246 0
    endloop
  endfacet
  facet normal 0 0 -1
    outer loop
      vertex 69.9 30.9 0
      vertex 64.683 28.3108 0
      vertex 64.7593 28.425 0
    endloop
  endfacet
  facet normal 0 0 -1
    outer loop
      vertex 69.9 4 0
      vertex 64.4892 6.88302 0
      vertex 69.9 30.9 0
    endloop
  endfacet
  facet normal 0 0 -1
    outer loop
      vertex 69.9 30.9 0
      vertex 64.5925 28.2075 0
      vertex 64.683 28.3108 0
    endloop
  endfacet
  facet normal 0 0 -1
    outer loop
      vertex 64.4892 28.117 0
      vertex 69.9 30.9 0
      vertex 64.4892 6.88302 0
    endloop
  endfacet
  facet normal 0 0 -1
    outer loop
      vertex 69.9 30.9 0
      vertex 64.4892 28.117 0
      vertex 64.5925 28.2075 0
    endloop
  endfacet
  facet normal 0 0 -1
    outer loop
      vertex 64.375 6.95933 0
      vertex 64.4892 28.117 0
      vertex 64.4892 6.88302 0
    endloop
  endfacet
  facet normal 0 0 -1
    outer loop
      vertex 64.375 6.95933 0
      vertex 64.375 28.0407 0
      vertex 64.4892 28.117 0
    endloop
  endfacet
  facet normal 0 0 -1
    outer loop
      vertex 64.2518 7.02007 0
      vertex 64.375 28.0407 0
      vertex 64.375 6.95933 0
    endloop
  endfacet
  facet normal 0 0 -1
    outer loop
      vertex 64.2518 7.02007 0
      vertex 64.2518 27.9799 0
      vertex 64.375 28.0407 0
    endloop
  endfacet
  facet normal 0 0 -1
    outer loop
      vertex 64.1218 7.06422 0
      vertex 64.2518 27.9799 0
      vertex 64.2518 7.02007 0
    endloop
  endfacet
  facet normal 0 0 -1
    outer loop
      vertex 64.1218 7.06422 0
      vertex 64.1218 27.9358 0
      vertex 64.2518 27.9799 0
    endloop
  endfacet
  facet normal 0 0 -1
    outer loop
      vertex 63.9871 7.09102 0
      vertex 64.1218 27.9358 0
      vertex 64.1218 7.06422 0
    endloop
  endfacet
  facet normal 0 0 -1
    outer loop
      vertex 63.9871 7.09102 0
      vertex 63.9871 27.909 0
      vertex 64.1218 27.9358 0
    endloop
  endfacet
  facet normal 0 0 -1
    outer loop
      vertex 63.85 7.1 0
      vertex 63.9871 27.909 0
      vertex 63.9871 7.09102 0
    endloop
  endfacet
  facet normal 0 0 -1
    outer loop
      vertex 63.85 7.1 0
      vertex 63.85 27.9 0
      vertex 63.9871 27.909 0
    endloop
  endfacet
  facet normal 0 0 -1
    outer loop
      vertex 63.7129 7.09102 0
      vertex 63.85 27.9 0
      vertex 63.85 7.1 0
    endloop
  endfacet
  facet normal 0 0 -1
    outer loop
      vertex 63.7129 7.09102 0
      vertex 63.7129 27.909 0
      vertex 63.85 27.9 0
    endloop
  endfacet
  facet normal 0 0 -1
    outer loop
      vertex 63.5782 7.06422 0
      vertex 63.7129 27.909 0
      vertex 63.7129 7.09102 0
    endloop
  endfacet
  facet normal 0 0 -1
    outer loop
      vertex 63.5782 7.06422 0
      vertex 63.5782 27.9358 0
      vertex 63.7129 27.909 0
    endloop
  endfacet
  facet normal 0 0 -1
    outer loop
      vertex 63.4482 7.02007 0
      vertex 63.5782 27.9358 0
      vertex 63.5782 7.06422 0
    endloop
  endfacet
  facet normal 0 0 -1
    outer loop
      vertex 63.4482 7.02007 0
      vertex 63.4482 27.9799 0
      vertex 63.5782 27.9358 0
    endloop
  endfacet
  facet normal 0 0 -1
    outer loop
      vertex 63.325 6.95933 0
      vertex 63.4482 27.9799 0
      vertex 63.4482 7.02007 0
    endloop
  endfacet
  facet normal 0 0 -1
    outer loop
      vertex 63.325 6.95933 0
      vertex 63.325 28.0407 0
      vertex 63.4482 27.9799 0
    endloop
  endfacet
  facet normal 0 0 -1
    outer loop
      vertex 63.2108 6.88302 0
      vertex 63.325 28.0407 0
      vertex 63.325 6.95933 0
    endloop
  endfacet
  facet normal 0 0 -1
    outer loop
      vertex 63.2108 6.88302 0
      vertex 63.2108 28.117 0
      vertex 63.325 28.0407 0
    endloop
  endfacet
  facet normal 0 0 -1
    outer loop
      vertex 63.1075 6.79246 0
      vertex 63.2108 28.117 0
      vertex 63.2108 6.88302 0
    endloop
  endfacet
  facet normal 0 0 -1
    outer loop
      vertex 63.1075 6.79246 0
      vertex 63.1075 28.2075 0
      vertex 63.2108 28.117 0
    endloop
  endfacet
  facet normal 0 0 -1
    outer loop
      vertex 63.017 6.6892 0
      vertex 63.1075 28.2075 0
      vertex 63.1075 6.79246 0
    endloop
  endfacet
  facet normal 0 0 -1
    outer loop
      vertex 63.017 6.6892 0
      vertex 63.017 28.3108 0
      vertex 63.1075 28.2075 0
    endloop
  endfacet
  facet normal 0 0 -1
    outer loop
      vertex 34.55 15.65 0
      vertex 63.017 6.6892 0
      vertex 62.9407 6.575 0
    endloop
  endfacet
  facet normal 0 0 -1
    outer loop
      vertex 63.017 6.6892 0
      vertex 34.55 17.25 0
      vertex 63.017 28.3108 0
    endloop
  endfacet
  facet normal 0 0 -1
    outer loop
      vertex 34.55 14.05 0
      vertex 62.9407 6.575 0
      vertex 62.8799 6.45182 0
    endloop
  endfacet
  facet normal 0 0 -1
    outer loop
      vertex 34.55 18.85 0
      vertex 63.017 28.3108 0
      vertex 34.55 17.25 0
    endloop
  endfacet
  facet normal 0 0 -1
    outer loop
      vertex 34.55 10.85 0
      vertex 62.8799 6.45182 0
      vertex 62.8358 6.32176 0
    endloop
  endfacet
  facet normal -0 0 -1
    outer loop
      vertex 63.017 28.3108 0
      vertex 34.55 18.85 0
      vertex 62.9407 28.425 0
    endloop
  endfacet
  facet normal 0 0 -1
    outer loop
      vertex 34.55 10.85 0
      vertex 62.8358 6.32176 0
      vertex 62.809 6.18705 0
    endloop
  endfacet
  facet normal 0 0 -1
    outer loop
      vertex 34.55 20.45 0
      vertex 62.9407 28.425 0
      vertex 34.55 18.85 0
    endloop
  endfacet
  facet normal 0 0 -1
    outer loop
      vertex 34.55 10.85 0
      vertex 62.809 6.18705 0
      vertex 62.8 6.05 0
    endloop
  endfacet
  facet normal 0 0 -1
    outer loop
      vertex 34.55 22.05 0
      vertex 62.9407 28.425 0
      vertex 34.55 20.45 0
    endloop
  endfacet
  facet normal 0 0 -1
    outer loop
      vertex 64.7593 5.525 0
      vertex 69.9 4 0
      vertex 69.8658 3.47789 0
    endloop
  endfacet
  facet normal 0 0 -1
    outer loop
      vertex 64.891 6.18705 0
      vertex 69.9 4 0
      vertex 64.9 6.05 0
    endloop
  endfacet
  facet normal 0 0 -1
    outer loop
      vertex 64.683 5.4108 0
      vertex 69.8658 3.47789 0
      vertex 69.7637 2.96472 0
    endloop
  endfacet
  facet normal 0 0 -1
    outer loop
      vertex 64.8642 6.32176 0
      vertex 69.9 4 0
      vertex 64.891 6.18705 0
    endloop
  endfacet
  facet normal 0 0 -1
    outer loop
      vertex 64.683 5.4108 0
      vertex 69.7637 2.96472 0
      vertex 69.5955 2.46927 0
    endloop
  endfacet
  facet normal 0 0 -1
    outer loop
      vertex 64.891 29.0871 0
      vertex 69.9 30.9 0
      vertex 64.9 28.95 0
    endloop
  endfacet
  facet normal 0 0 -1
    outer loop
      vertex 64.683 5.4108 0
      vertex 69.5955 2.46927 0
      vertex 69.3641 2 0
    endloop
  endfacet
  facet normal 0 0 -1
    outer loop
      vertex 64.8642 29.2218 0
      vertex 69.9 30.9 0
      vertex 64.891 29.0871 0
    endloop
  endfacet
  facet normal 0 0 -1
    outer loop
      vertex 64.5925 5.30754 0
      vertex 69.3641 2 0
      vertex 69.0734 1.56495 0
    endloop
  endfacet
  facet normal 0 0 -1
    outer loop
      vertex 64.8201 29.3518 0
      vertex 69.9 30.9 0
      vertex 64.8642 29.2218 0
    endloop
  endfacet
  facet normal 0 0 -1
    outer loop
      vertex 64.5925 5.30754 0
      vertex 69.0734 1.56495 0
      vertex 68.7284 1.17157 0
    endloop
  endfacet
  facet normal 0 0 -1
    outer loop
      vertex 64.7593 29.475 0
      vertex 69.9 30.9 0
      vertex 64.8201 29.3518 0
    endloop
  endfacet
  facet normal 0 0 -1
    outer loop
      vertex 64.5925 5.30754 0
      vertex 68.7284 1.17157 0
      vertex 68.335 0.826586 0
    endloop
  endfacet
  facet normal -0 0 -1
    outer loop
      vertex 69.9 30.9 0
      vertex 64.7593 29.475 0
      vertex 69.8658 31.4221 0
    endloop
  endfacet
  facet normal 0 0 -1
    outer loop
      vertex 64.5925 5.30754 0
      vertex 68.335 0.826586 0
      vertex 67.9 0.535898 0
    endloop
  endfacet
  facet normal 0 0 -1
    outer loop
      vertex 64.683 29.5892 0
      vertex 69.8658 31.4221 0
      vertex 64.7593 29.475 0
    endloop
  endfacet
  facet normal 0 0 -1
    outer loop
      vertex 64.4892 5.21698 0
      vertex 67.9 0.535898 0
      vertex 67.4307 0.304482 0
    endloop
  endfacet
  facet normal -0 0 -1
    outer loop
      vertex 69.8658 31.4221 0
      vertex 64.683 29.5892 0
      vertex 69.7637 31.9353 0
    endloop
  endfacet
  facet normal 0 0 -1
    outer loop
      vertex 64.4892 5.21698 0
      vertex 67.4307 0.304482 0
      vertex 66.9353 0.136296 0
    endloop
  endfacet
  facet normal -0 0 -1
    outer loop
      vertex 69.7637 31.9353 0
      vertex 64.683 29.5892 0
      vertex 69.5955 32.4307 0
    endloop
  endfacet
  facet normal 0 0 -1
    outer loop
      vertex 64.4892 5.21698 0
      vertex 66.9353 0.136296 0
      vertex 66.4221 0.0342197 0
    endloop
  endfacet
  facet normal -0 0 -1
    outer loop
      vertex 69.5955 32.4307 0
      vertex 64.683 29.5892 0
      vertex 69.3641 32.9 0
    endloop
  endfacet
  facet normal 0 0 -1
    outer loop
      vertex 64.4892 5.21698 0
      vertex 66.4221 0.0342197 0
      vertex 65.9 0 0
    endloop
  endfacet
  facet normal -0 0 -1
    outer loop
      vertex 69.3641 32.9 0
      vertex 64.683 29.5892 0
      vertex 69.0734 33.335 0
    endloop
  endfacet
  facet normal 0 0 -1
    outer loop
      vertex 64.5925 29.6925 0
      vertex 69.0734 33.335 0
      vertex 64.683 29.5892 0
    endloop
  endfacet
  facet normal 0 0 -1
    outer loop
      vertex 69.9 4 0
      vertex 64.891 5.91295 0
      vertex 64.9 6.05 0
    endloop
  endfacet
  facet normal 0 0 -1
    outer loop
      vertex 69.9 4 0
      vertex 64.8642 5.77824 0
      vertex 64.891 5.91295 0
    endloop
  endfacet
  facet normal 0 0 -1
    outer loop
      vertex 69.9 4 0
      vertex 64.8201 5.64818 0
      vertex 64.8642 5.77824 0
    endloop
  endfacet
  facet normal 0 0 -1
    outer loop
      vertex 69.9 4 0
      vertex 64.7593 5.525 0
      vertex 64.8201 5.64818 0
    endloop
  endfacet
  facet normal 0 0 -1
    outer loop
      vertex 69.8658 3.47789 0
      vertex 64.683 5.4108 0
      vertex 64.7593 5.525 0
    endloop
  endfacet
  facet normal 0 0 -1
    outer loop
      vertex 69.3641 2 0
      vertex 64.5925 5.30754 0
      vertex 64.683 5.4108 0
    endloop
  endfacet
  facet normal 0 0 -1
    outer loop
      vertex 67.9 0.535898 0
      vertex 64.4892 5.21698 0
      vertex 64.5925 5.30754 0
    endloop
  endfacet
  facet normal 0 0 -1
    outer loop
      vertex 65.9 0 0
      vertex 64.375 5.14067 0
      vertex 64.4892 5.21698 0
    endloop
  endfacet
  facet normal 0 0 -1
    outer loop
      vertex 65.9 0 0
      vertex 64.2518 5.07993 0
      vertex 64.375 5.14067 0
    endloop
  endfacet
  facet normal 0 0 -1
    outer loop
      vertex 65.9 0 0
      vertex 64.1218 5.03578 0
      vertex 64.2518 5.07993 0
    endloop
  endfacet
  facet normal 0 0 -1
    outer loop
      vertex 65.9 0 0
      vertex 63.9871 5.00898 0
      vertex 64.1218 5.03578 0
    endloop
  endfacet
  facet normal 0 0 -1
    outer loop
      vertex 65.9 0 0
      vertex 63.85 5 0
      vertex 63.9871 5.00898 0
    endloop
  endfacet
  facet normal 0 0 -1
    outer loop
      vertex 65.9 0 0
      vertex 63.7129 5.00898 0
      vertex 63.85 5 0
    endloop
  endfacet
  facet normal 0 0 -1
    outer loop
      vertex 65.9 0 0
      vertex 63.5782 5.03578 0
      vertex 63.7129 5.00898 0
    endloop
  endfacet
  facet normal 0 0 -1
    outer loop
      vertex 65.9 0 0
      vertex 63.4482 5.07993 0
      vertex 63.5782 5.03578 0
    endloop
  endfacet
  facet normal 0 0 -1
    outer loop
      vertex 65.9 0 0
      vertex 63.325 5.14067 0
      vertex 63.4482 5.07993 0
    endloop
  endfacet
  facet normal 0 0 -1
    outer loop
      vertex 65.9 0 0
      vertex 63.2108 5.21698 0
      vertex 63.325 5.14067 0
    endloop
  endfacet
  facet normal 0 0 -1
    outer loop
      vertex 65.9 0 0
      vertex 63.1075 5.30754 0
      vertex 63.2108 5.21698 0
    endloop
  endfacet
  facet normal 0 0 -1
    outer loop
      vertex 65.9 0 0
      vertex 63.017 5.4108 0
      vertex 63.1075 5.30754 0
    endloop
  endfacet
  facet normal 0 0 -1
    outer loop
      vertex 34.55 10.85 0
      vertex 63.017 5.4108 0
      vertex 65.9 0 0
    endloop
  endfacet
  facet normal 0 0 -1
    outer loop
      vertex 62.8799 6.45182 0
      vertex 34.55 10.85 0
      vertex 34.55 12.45 0
    endloop
  endfacet
  facet normal 0 0 -1
    outer loop
      vertex 62.809 5.91295 0
      vertex 34.55 10.85 0
      vertex 62.8 6.05 0
    endloop
  endfacet
  facet normal 0 0 -1
    outer loop
      vertex 62.8358 5.77824 0
      vertex 34.55 10.85 0
      vertex 62.809 5.91295 0
    endloop
  endfacet
  facet normal 0 0 -1
    outer loop
      vertex 62.8799 5.64818 0
      vertex 34.55 10.85 0
      vertex 62.8358 5.77824 0
    endloop
  endfacet
  facet normal 0 0 -1
    outer loop
      vertex 62.9407 5.525 0
      vertex 34.55 10.85 0
      vertex 62.8799 5.64818 0
    endloop
  endfacet
  facet normal 0 0 -1
    outer loop
      vertex 63.017 5.4108 0
      vertex 34.55 10.85 0
      vertex 62.9407 5.525 0
    endloop
  endfacet
  facet normal 0 0 -1
    outer loop
      vertex 25.956 3.3716 0
      vertex 34.55 10.85 0
      vertex 65.9 0 0
    endloop
  endfacet
  facet normal 0 0 -1
    outer loop
      vertex 34.55 10.85 0
      vertex 26.372 4.37589 0
      vertex 26.39 4.65 0
    endloop
  endfacet
  facet normal 0 0 -1
    outer loop
      vertex 34.55 10.85 0
      vertex 26.3184 4.10648 0
      vertex 26.372 4.37589 0
    endloop
  endfacet
  facet normal 0 0 -1
    outer loop
      vertex 34.55 10.85 0
      vertex 26.2301 3.84636 0
      vertex 26.3184 4.10648 0
    endloop
  endfacet
  facet normal 0 0 -1
    outer loop
      vertex 34.55 10.85 0
      vertex 26.1087 3.6 0
      vertex 26.2301 3.84636 0
    endloop
  endfacet
  facet normal 0 0 -1
    outer loop
      vertex 34.55 10.85 0
      vertex 25.956 3.3716 0
      vertex 26.1087 3.6 0
    endloop
  endfacet
  facet normal 0 0 -1
    outer loop
      vertex 65.9 0 0
      vertex 25.7749 3.16508 0
      vertex 25.956 3.3716 0
    endloop
  endfacet
  facet normal 0 0 -1
    outer loop
      vertex 65.9 0 0
      vertex 25.5684 2.98396 0
      vertex 25.7749 3.16508 0
    endloop
  endfacet
  facet normal 0 0 -1
    outer loop
      vertex 65.9 0 0
      vertex 25.34 2.83135 0
      vertex 25.5684 2.98396 0
    endloop
  endfacet
  facet normal 0 0 -1
    outer loop
      vertex 65.9 0 0
      vertex 25.0936 2.70985 0
      vertex 25.34 2.83135 0
    endloop
  endfacet
  facet normal 0 0 -1
    outer loop
      vertex 65.9 0 0
      vertex 24.8335 2.62156 0
      vertex 25.0936 2.70985 0
    endloop
  endfacet
  facet normal 0 0 -1
    outer loop
      vertex 65.9 0 0
      vertex 24.5641 2.56797 0
      vertex 24.8335 2.62156 0
    endloop
  endfacet
  facet normal 0 0 -1
    outer loop
      vertex 65.9 0 0
      vertex 24.29 2.55 0
      vertex 24.5641 2.56797 0
    endloop
  endfacet
  facet normal 0 0 -1
    outer loop
      vertex 22.208 4.37589 0
      vertex 16.35 10.85 0
      vertex 22.19 4.65 0
    endloop
  endfacet
  facet normal 0 0 -1
    outer loop
      vertex 6.97007 5.64818 0
      vertex 22.208 4.37589 0
      vertex 22.2616 4.10648 0
    endloop
  endfacet
  facet normal 0 0 -1
    outer loop
      vertex 6.90933 5.525 0
      vertex 22.2616 4.10648 0
      vertex 22.3499 3.84636 0
    endloop
  endfacet
  facet normal 0 0 -1
    outer loop
      vertex 6.83302 5.4108 0
      vertex 22.3499 3.84636 0
      vertex 22.4713 3.6 0
    endloop
  endfacet
  facet normal 0 0 -1
    outer loop
      vertex 4 0 0
      vertex 22.4713 3.6 0
      vertex 22.624 3.3716 0
    endloop
  endfacet
  facet normal 0 0 -1
    outer loop
      vertex 6.6392 6.88302 0
      vertex 16.35 12.45 0
      vertex 16.35 10.85 0
    endloop
  endfacet
  facet normal 0 0 -1
    outer loop
      vertex 6.40182 7.02007 0
      vertex 16.35 12.45 0
      vertex 6.525 6.95933 0
    endloop
  endfacet
  facet normal -0 0 -1
    outer loop
      vertex 16.35 12.45 0
      vertex 6.40182 7.02007 0
      vertex 16.35 14.05 0
    endloop
  endfacet
  facet normal -0 0 -1
    outer loop
      vertex 16.35 14.05 0
      vertex 6.27176 7.06422 0
      vertex 16.35 15.65 0
    endloop
  endfacet
  facet normal 0 0 -1
    outer loop
      vertex 6.13705 7.09102 0
      vertex 16.35 15.65 0
      vertex 6.27176 7.06422 0
    endloop
  endfacet
  facet normal 0 0 -1
    outer loop
      vertex 6 7.1 0
      vertex 16.35 17.25 0
      vertex 6.13705 7.09102 0
    endloop
  endfacet
  facet normal 0 -0 -1
    outer loop
      vertex 6.05 27.85 0
      vertex 16.35 17.25 0
      vertex 6 7.1 0
    endloop
  endfacet
  facet normal 0 0 -1
    outer loop
      vertex 16.35 22.05 0
      vertex 7.09102 28.7629 0
      vertex 7.1 28.9 0
    endloop
  endfacet
  facet normal 0 0 -1
    outer loop
      vertex 16.35 22.05 0
      vertex 7.06422 28.6282 0
      vertex 7.09102 28.7629 0
    endloop
  endfacet
  facet normal 0 0 -1
    outer loop
      vertex 7.04102 6.18705 0
      vertex 16.35 10.85 0
      vertex 7.05 6.05 0
    endloop
  endfacet
  facet normal 0 0 -1
    outer loop
      vertex 22.208 4.37589 0
      vertex 6.97007 5.64818 0
      vertex 16.35 10.85 0
    endloop
  endfacet
  facet normal 0 0 -1
    outer loop
      vertex 4 0 0
      vertex 22.624 3.3716 0
      vertex 22.8051 3.16508 0
    endloop
  endfacet
  facet normal 0 0 -1
    outer loop
      vertex 4 0 0
      vertex 22.8051 3.16508 0
      vertex 23.0116 2.98396 0
    endloop
  endfacet
  facet normal 0 0 -1
    outer loop
      vertex 4 0 0
      vertex 23.0116 2.98396 0
      vertex 23.24 2.83135 0
    endloop
  endfacet
  facet normal 0 0 -1
    outer loop
      vertex 4 0 0
      vertex 23.24 2.83135 0
      vertex 23.4864 2.70985 0
    endloop
  endfacet
  facet normal 0 0 -1
    outer loop
      vertex 4 0 0
      vertex 23.4864 2.70985 0
      vertex 23.7465 2.62156 0
    endloop
  endfacet
  facet normal 0 0 -1
    outer loop
      vertex 16.35 10.85 0
      vertex 7.04102 5.91295 0
      vertex 7.05 6.05 0
    endloop
  endfacet
  facet normal 0 0 -1
    outer loop
      vertex 4 0 0
      vertex 23.7465 2.62156 0
      vertex 24.0159 2.56797 0
    endloop
  endfacet
  facet normal 0 0 -1
    outer loop
      vertex 16.35 10.85 0
      vertex 7.01422 5.77824 0
      vertex 7.04102 5.91295 0
    endloop
  endfacet
  facet normal 0 0 -1
    outer loop
      vertex 16.35 10.85 0
      vertex 6.97007 5.64818 0
      vertex 7.01422 5.77824 0
    endloop
  endfacet
  facet normal 0 0 -1
    outer loop
      vertex 22.2616 4.10648 0
      vertex 6.90933 5.525 0
      vertex 6.97007 5.64818 0
    endloop
  endfacet
  facet normal 0 0 -1
    outer loop
      vertex 22.3499 3.84636 0
      vertex 6.83302 5.4108 0
      vertex 6.90933 5.525 0
    endloop
  endfacet
  facet normal 0 0 -1
    outer loop
      vertex 22.4713 3.6 0
      vertex 6.74246 5.30754 0
      vertex 6.83302 5.4108 0
    endloop
  endfacet
  facet normal -0 0 -1
    outer loop
      vertex 22.4713 3.6 0
      vertex 4 0 0
      vertex 6.74246 5.30754 0
    endloop
  endfacet
  facet normal 0 0 -1
    outer loop
      vertex 6.74246 5.30754 0
      vertex 4 0 0
      vertex 6.6392 5.21698 0
    endloop
  endfacet
  facet normal 0 0 -1
    outer loop
      vertex 6.6392 5.21698 0
      vertex 4 0 0
      vertex 6.525 5.14067 0
    endloop
  endfacet
  facet normal 0 0 -1
    outer loop
      vertex 6.525 5.14067 0
      vertex 4 0 0
      vertex 6.40182 5.07993 0
    endloop
  endfacet
  facet normal 0 0 -1
    outer loop
      vertex 6.40182 5.07993 0
      vertex 4 0 0
      vertex 6.27176 5.03578 0
    endloop
  endfacet
  facet normal 0 0 -1
    outer loop
      vertex 6.27176 5.03578 0
      vertex 4 0 0
      vertex 6.13705 5.00898 0
    endloop
  endfacet
  facet normal 0 0 -1
    outer loop
      vertex 6.13705 5.00898 0
      vertex 4 0 0
      vertex 6 5 0
    endloop
  endfacet
  facet normal 0 0 -1
    outer loop
      vertex 1.17157 1.17157 0
      vertex 5.25754 5.30754 0
      vertex 1.56495 0.826586 0
    endloop
  endfacet
  facet normal 0 0 -1
    outer loop
      vertex 1.56495 0.826586 0
      vertex 5.25754 5.30754 0
      vertex 2 0.535898 0
    endloop
  endfacet
  facet normal -0 0 -1
    outer loop
      vertex 5.3608 5.21698 0
      vertex 2 0.535898 0
      vertex 5.25754 5.30754 0
    endloop
  endfacet
  facet normal 0 0 -1
    outer loop
      vertex 2 0.535898 0
      vertex 5.3608 5.21698 0
      vertex 2.46927 0.304482 0
    endloop
  endfacet
  facet normal 0 0 -1
    outer loop
      vertex 2.46927 0.304482 0
      vertex 5.3608 5.21698 0
      vertex 2.96472 0.136296 0
    endloop
  endfacet
  facet normal 0 0 -1
    outer loop
      vertex 2.96472 0.136296 0
      vertex 5.3608 5.21698 0
      vertex 3.47789 0.0342197 0
    endloop
  endfacet
  facet normal -0 0 -1
    outer loop
      vertex 5.475 5.14067 0
      vertex 3.47789 0.0342197 0
      vertex 5.3608 5.21698 0
    endloop
  endfacet
  facet normal 0 0 -1
    outer loop
      vertex 3.47789 0.0342197 0
      vertex 5.475 5.14067 0
      vertex 4 0 0
    endloop
  endfacet
  facet normal -0 0 -1
    outer loop
      vertex 5.59818 5.07993 0
      vertex 4 0 0
      vertex 5.475 5.14067 0
    endloop
  endfacet
  facet normal -0 0 -1
    outer loop
      vertex 5.72824 5.03578 0
      vertex 4 0 0
      vertex 5.59818 5.07993 0
    endloop
  endfacet
  facet normal -0 0 -1
    outer loop
      vertex 5.86295 5.00898 0
      vertex 4 0 0
      vertex 5.72824 5.03578 0
    endloop
  endfacet
  facet normal -0 0 -1
    outer loop
      vertex 6 5 0
      vertex 4 0 0
      vertex 5.86295 5.00898 0
    endloop
  endfacet
  facet normal -0 0 -1
    outer loop
      vertex 24.29 2.55 0
      vertex 4 0 0
      vertex 24.0159 2.56797 0
    endloop
  endfacet
  facet normal 0 0 -1
    outer loop
      vertex 4 0 0
      vertex 24.29 2.55 0
      vertex 65.9 0 0
    endloop
  endfacet
  facet normal -0 0 -1
    outer loop
      vertex 69.0734 33.335 0
      vertex 64.5925 29.6925 0
      vertex 68.7284 33.7284 0
    endloop
  endfacet
  facet normal -0 0 -1
    outer loop
      vertex 68.7284 33.7284 0
      vertex 64.5925 29.6925 0
      vertex 68.335 34.0734 0
    endloop
  endfacet
  facet normal -0 0 -1
    outer loop
      vertex 68.335 34.0734 0
      vertex 64.5925 29.6925 0
      vertex 67.9 34.3641 0
    endloop
  endfacet
  facet normal 0 0 -1
    outer loop
      vertex 64.4892 29.783 0
      vertex 67.9 34.3641 0
      vertex 64.5925 29.6925 0
    endloop
  endfacet
  facet normal -0 0 -1
    outer loop
      vertex 67.9 34.3641 0
      vertex 64.4892 29.783 0
      vertex 67.4307 34.5955 0
    endloop
  endfacet
  facet normal -0 0 -1
    outer loop
      vertex 67.4307 34.5955 0
      vertex 64.4892 29.783 0
      vertex 66.9353 34.7637 0
    endloop
  endfacet
  facet normal -0 0 -1
    outer loop
      vertex 66.9353 34.7637 0
      vertex 64.4892 29.783 0
      vertex 66.4221 34.8658 0
    endloop
  endfacet
  facet normal -0 0 -1
    outer loop
      vertex 66.4221 34.8658 0
      vertex 64.4892 29.783 0
      vertex 65.9 34.9 0
    endloop
  endfacet
  facet normal 0 0 -1
    outer loop
      vertex 64.375 29.8593 0
      vertex 65.9 34.9 0
      vertex 64.4892 29.783 0
    endloop
  endfacet
  facet normal 0 0 -1
    outer loop
      vertex 64.2518 29.9201 0
      vertex 65.9 34.9 0
      vertex 64.375 29.8593 0
    endloop
  endfacet
  facet normal 0 0 -1
    outer loop
      vertex 64.1218 29.9642 0
      vertex 65.9 34.9 0
      vertex 64.2518 29.9201 0
    endloop
  endfacet
  facet normal 0 0 -1
    outer loop
      vertex 63.9871 29.991 0
      vertex 65.9 34.9 0
      vertex 64.1218 29.9642 0
    endloop
  endfacet
  facet normal 0 0 -1
    outer loop
      vertex 63.85 30 0
      vertex 65.9 34.9 0
      vertex 63.9871 29.991 0
    endloop
  endfacet
  facet normal 0 0 -1
    outer loop
      vertex 63.7129 29.991 0
      vertex 65.9 34.9 0
      vertex 63.85 30 0
    endloop
  endfacet
  facet normal 0 0 -1
    outer loop
      vertex 63.5782 29.9642 0
      vertex 65.9 34.9 0
      vertex 63.7129 29.991 0
    endloop
  endfacet
  facet normal 0 0 -1
    outer loop
      vertex 63.4482 29.9201 0
      vertex 65.9 34.9 0
      vertex 63.5782 29.9642 0
    endloop
  endfacet
  facet normal 0 0 -1
    outer loop
      vertex 63.325 29.8593 0
      vertex 65.9 34.9 0
      vertex 63.4482 29.9201 0
    endloop
  endfacet
  facet normal 0 0 -1
    outer loop
      vertex 63.2108 29.783 0
      vertex 65.9 34.9 0
      vertex 63.325 29.8593 0
    endloop
  endfacet
  facet normal 0 0 -1
    outer loop
      vertex 63.1075 29.6925 0
      vertex 65.9 34.9 0
      vertex 63.2108 29.783 0
    endloop
  endfacet
  facet normal 0 0 -1
    outer loop
      vertex 63.017 29.5892 0
      vertex 65.9 34.9 0
      vertex 63.1075 29.6925 0
    endloop
  endfacet
  facet normal 0 0 -1
    outer loop
      vertex 34.55 22.05 0
      vertex 63.017 29.5892 0
      vertex 62.9407 29.475 0
    endloop
  endfacet
  facet normal 0 0 -1
    outer loop
      vertex 62.8799 6.45182 0
      vertex 34.55 12.45 0
      vertex 34.55 14.05 0
    endloop
  endfacet
  facet normal 0 0 -1
    outer loop
      vertex 62.9407 6.575 0
      vertex 34.55 14.05 0
      vertex 34.55 15.65 0
    endloop
  endfacet
  facet normal 0 0 -1
    outer loop
      vertex 63.017 6.6892 0
      vertex 34.55 15.65 0
      vertex 34.55 17.25 0
    endloop
  endfacet
  facet normal -0 0 -1
    outer loop
      vertex 62.9407 28.425 0
      vertex 34.55 22.05 0
      vertex 62.8799 28.5482 0
    endloop
  endfacet
  facet normal -0 0 -1
    outer loop
      vertex 62.8799 28.5482 0
      vertex 34.55 22.05 0
      vertex 62.8358 28.6782 0
    endloop
  endfacet
  facet normal -0 0 -1
    outer loop
      vertex 62.8358 28.6782 0
      vertex 34.55 22.05 0
      vertex 62.809 28.8129 0
    endloop
  endfacet
  facet normal -0 0 -1
    outer loop
      vertex 62.809 28.8129 0
      vertex 34.55 22.05 0
      vertex 62.8 28.95 0
    endloop
  endfacet
  facet normal -0 0 -1
    outer loop
      vertex 62.8 28.95 0
      vertex 34.55 22.05 0
      vertex 62.809 29.0871 0
    endloop
  endfacet
  facet normal -0 0 -1
    outer loop
      vertex 62.809 29.0871 0
      vertex 34.55 22.05 0
      vertex 62.8358 29.2218 0
    endloop
  endfacet
  facet normal -0 0 -1
    outer loop
      vertex 62.8358 29.2218 0
      vertex 34.55 22.05 0
      vertex 62.8799 29.3518 0
    endloop
  endfacet
  facet normal -0 0 -1
    outer loop
      vertex 62.8799 29.3518 0
      vertex 34.55 22.05 0
      vertex 62.9407 29.475 0
    endloop
  endfacet
  facet normal -0 0 -1
    outer loop
      vertex 63.017 29.5892 0
      vertex 34.55 22.05 0
      vertex 65.9 34.9 0
    endloop
  endfacet
  facet normal 0 0 -1
    outer loop
      vertex 4 34.9 0
      vertex 34.55 22.05 0
      vertex 16.35 22.05 0
    endloop
  endfacet
  facet normal 0 0 -1
    outer loop
      vertex 7.09102 29.0371 0
      vertex 16.35 22.05 0
      vertex 7.1 28.9 0
    endloop
  endfacet
  facet normal 0 0 -1
    outer loop
      vertex 7.06422 29.1718 0
      vertex 16.35 22.05 0
      vertex 7.09102 29.0371 0
    endloop
  endfacet
  facet normal 0 0 -1
    outer loop
      vertex 7.02007 29.3018 0
      vertex 16.35 22.05 0
      vertex 7.06422 29.1718 0
    endloop
  endfacet
  facet normal 0 0 -1
    outer loop
      vertex 6.95933 29.425 0
      vertex 16.35 22.05 0
      vertex 7.02007 29.3018 0
    endloop
  endfacet
  facet normal 0 0 -1
    outer loop
      vertex 6.88302 29.5392 0
      vertex 16.35 22.05 0
      vertex 6.95933 29.425 0
    endloop
  endfacet
  facet normal 0 0 -1
    outer loop
      vertex 4 34.9 0
      vertex 16.35 22.05 0
      vertex 6.88302 29.5392 0
    endloop
  endfacet
  facet normal 0 0 -1
    outer loop
      vertex 4 34.9 0
      vertex 6.88302 29.5392 0
      vertex 6.79246 29.6425 0
    endloop
  endfacet
  facet normal 0 0 -1
    outer loop
      vertex 4 34.9 0
      vertex 6.79246 29.6425 0
      vertex 6.6892 29.733 0
    endloop
  endfacet
  facet normal 0 0 -1
    outer loop
      vertex 4 34.9 0
      vertex 6.6892 29.733 0
      vertex 6.575 29.8093 0
    endloop
  endfacet
  facet normal 0 0 -1
    outer loop
      vertex 4 34.9 0
      vertex 6.575 29.8093 0
      vertex 6.45182 29.8701 0
    endloop
  endfacet
  facet normal 0 0 -1
    outer loop
      vertex 4 34.9 0
      vertex 6.45182 29.8701 0
      vertex 6.32176 29.9142 0
    endloop
  endfacet
  facet normal 0 0 -1
    outer loop
      vertex 4 34.9 0
      vertex 6.32176 29.9142 0
      vertex 6.18705 29.941 0
    endloop
  endfacet
  facet normal 0 0 -1
    outer loop
      vertex 4 34.9 0
      vertex 6.18705 29.941 0
      vertex 6.05 29.95 0
    endloop
  endfacet
  facet normal 0 0 -1
    outer loop
      vertex 4 34.9 0
      vertex 6.05 29.95 0
      vertex 5.91295 29.941 0
    endloop
  endfacet
  facet normal 0 0 -1
    outer loop
      vertex 5.03578 28.6282 0
      vertex 0 30.9 0
      vertex 5.00898 28.7629 0
    endloop
  endfacet
  facet normal 0 0 -1
    outer loop
      vertex 0 4 0
      vertex 4.95898 6.18705 0
      vertex 4.95 6.05 0
    endloop
  endfacet
  facet normal 0 0 -1
    outer loop
      vertex 0.826586 1.56495 0
      vertex 5.25754 5.30754 0
      vertex 1.17157 1.17157 0
    endloop
  endfacet
  facet normal 0 0 -1
    outer loop
      vertex 34.55 22.05 0
      vertex 4 34.9 0
      vertex 65.9 34.9 0
    endloop
  endfacet
  facet normal 0 0 -1
    outer loop
      vertex 5.77824 29.9142 0
      vertex 4 34.9 0
      vertex 5.91295 29.941 0
    endloop
  endfacet
  facet normal 0 0 -1
    outer loop
      vertex 5.64818 29.8701 0
      vertex 4 34.9 0
      vertex 5.77824 29.9142 0
    endloop
  endfacet
  facet normal 0 0 -1
    outer loop
      vertex 5.525 29.8093 0
      vertex 4 34.9 0
      vertex 5.64818 29.8701 0
    endloop
  endfacet
  facet normal 0 0 -1
    outer loop
      vertex 5.4108 29.733 0
      vertex 4 34.9 0
      vertex 5.525 29.8093 0
    endloop
  endfacet
  facet normal 0 0 -1
    outer loop
      vertex 2 34.3641 0
      vertex 5.4108 29.733 0
      vertex 5.30754 29.6425 0
    endloop
  endfacet
  facet normal 0 0 -1
    outer loop
      vertex 0.826586 33.335 0
      vertex 5.30754 29.6425 0
      vertex 5.21698 29.5392 0
    endloop
  endfacet
  facet normal 0 0 -1
    outer loop
      vertex 0.0342197 31.4221 0
      vertex 5.21698 29.5392 0
      vertex 5.14067 29.425 0
    endloop
  endfacet
  facet normal 0 0 -1
    outer loop
      vertex 0 30.9 0
      vertex 5.14067 29.425 0
      vertex 5.07993 29.3018 0
    endloop
  endfacet
  facet normal 0 0 -1
    outer loop
      vertex 0 30.9 0
      vertex 5.07993 29.3018 0
      vertex 5.03578 29.1718 0
    endloop
  endfacet
  facet normal 0 0 -1
    outer loop
      vertex 0 30.9 0
      vertex 5.03578 29.1718 0
      vertex 5.00898 29.0371 0
    endloop
  endfacet
  facet normal 0 0 -1
    outer loop
      vertex 0 30.9 0
      vertex 5.00898 29.0371 0
      vertex 5 28.9 0
    endloop
  endfacet
  facet normal -0 0 -1
    outer loop
      vertex 4.95898 6.18705 0
      vertex 0 4 0
      vertex 0 30.9 0
    endloop
  endfacet
  facet normal 0 0 -1
    outer loop
      vertex 0.535898 2 0
      vertex 5.25754 5.30754 0
      vertex 0.826586 1.56495 0
    endloop
  endfacet
  facet normal 0 0 -1
    outer loop
      vertex 5.00898 28.7629 0
      vertex 0 30.9 0
      vertex 5 28.9 0
    endloop
  endfacet
  facet normal -0 0 -1
    outer loop
      vertex 5.25754 5.30754 0
      vertex 0.535898 2 0
      vertex 5.16698 5.4108 0
    endloop
  endfacet
  facet normal 0 0 -1
    outer loop
      vertex 5.14067 29.425 0
      vertex 0 30.9 0
      vertex 0.0342197 31.4221 0
    endloop
  endfacet
  facet normal 0 0 -1
    outer loop
      vertex 0.304482 2.46927 0
      vertex 5.16698 5.4108 0
      vertex 0.535898 2 0
    endloop
  endfacet
  facet normal 0 0 -1
    outer loop
      vertex 5.4108 29.733 0
      vertex 3.47789 34.8658 0
      vertex 4 34.9 0
    endloop
  endfacet
  facet normal 0 0 -1
    outer loop
      vertex 0.136296 2.96472 0
      vertex 5.16698 5.4108 0
      vertex 0.304482 2.46927 0
    endloop
  endfacet
  facet normal 0 0 -1
    outer loop
      vertex 5.4108 29.733 0
      vertex 2.96472 34.7637 0
      vertex 3.47789 34.8658 0
    endloop
  endfacet
  facet normal 0 0 -1
    outer loop
      vertex 0.0342197 3.47789 0
      vertex 5.16698 5.4108 0
      vertex 0.136296 2.96472 0
    endloop
  endfacet
  facet normal 0 0 -1
    outer loop
      vertex 5.4108 29.733 0
      vertex 2.46927 34.5955 0
      vertex 2.96472 34.7637 0
    endloop
  endfacet
  facet normal -0 0 -1
    outer loop
      vertex 5.16698 5.4108 0
      vertex 0.0342197 3.47789 0
      vertex 5.09067 5.525 0
    endloop
  endfacet
  facet normal 0 0 -1
    outer loop
      vertex 5.4108 29.733 0
      vertex 2 34.3641 0
      vertex 2.46927 34.5955 0
    endloop
  endfacet
  facet normal 0 0 -1
    outer loop
      vertex 0 4 0
      vertex 5.09067 5.525 0
      vertex 0.0342197 3.47789 0
    endloop
  endfacet
  facet normal 0 0 -1
    outer loop
      vertex 5.30754 29.6425 0
      vertex 1.56495 34.0734 0
      vertex 2 34.3641 0
    endloop
  endfacet
  facet normal -0 0 -1
    outer loop
      vertex 5.09067 5.525 0
      vertex 0 4 0
      vertex 5.02993 5.64818 0
    endloop
  endfacet
  facet normal 0 0 -1
    outer loop
      vertex 5.30754 29.6425 0
      vertex 1.17157 33.7284 0
      vertex 1.56495 34.0734 0
    endloop
  endfacet
  facet normal -0 0 -1
    outer loop
      vertex 5.02993 5.64818 0
      vertex 0 4 0
      vertex 4.98578 5.77824 0
    endloop
  endfacet
  facet normal 0 0 -1
    outer loop
      vertex 5.30754 29.6425 0
      vertex 0.826586 33.335 0
      vertex 1.17157 33.7284 0
    endloop
  endfacet
  facet normal -0 0 -1
    outer loop
      vertex 4.98578 5.77824 0
      vertex 0 4 0
      vertex 4.95898 5.91295 0
    endloop
  endfacet
  facet normal 0 0 -1
    outer loop
      vertex 5.21698 29.5392 0
      vertex 0.535898 32.9 0
      vertex 0.826586 33.335 0
    endloop
  endfacet
  facet normal -0 0 -1
    outer loop
      vertex 4.95898 5.91295 0
      vertex 0 4 0
      vertex 4.95 6.05 0
    endloop
  endfacet
  facet normal 0 0 -1
    outer loop
      vertex 5.21698 29.5392 0
      vertex 0.304482 32.4307 0
      vertex 0.535898 32.9 0
    endloop
  endfacet
  facet normal 0 0 -1
    outer loop
      vertex 5.21698 29.5392 0
      vertex 0.136296 31.9353 0
      vertex 0.304482 32.4307 0
    endloop
  endfacet
  facet normal 0 0 -1
    outer loop
      vertex 5.21698 29.5392 0
      vertex 0.0342197 31.4221 0
      vertex 0.136296 31.9353 0
    endloop
  endfacet
  facet normal 0 0 -1
    outer loop
      vertex 26.372 4.9241 0
      vertex 34.55 10.85 0
      vertex 26.39 4.65 0
    endloop
  endfacet
  facet normal 0 0 -1
    outer loop
      vertex 26.3184 5.19352 0
      vertex 34.55 10.85 0
      vertex 26.372 4.9241 0
    endloop
  endfacet
  facet normal 0 0 -1
    outer loop
      vertex 26.2301 5.45363 0
      vertex 34.55 10.85 0
      vertex 26.3184 5.19352 0
    endloop
  endfacet
  facet normal 0 0 -1
    outer loop
      vertex 26.1087 5.7 0
      vertex 34.55 10.85 0
      vertex 26.2301 5.45363 0
    endloop
  endfacet
  facet normal 0 0 -1
    outer loop
      vertex 25.956 5.9284 0
      vertex 34.55 10.85 0
      vertex 26.1087 5.7 0
    endloop
  endfacet
  facet normal 0 0 -1
    outer loop
      vertex 25.7749 6.13492 0
      vertex 34.55 10.85 0
      vertex 25.956 5.9284 0
    endloop
  endfacet
  facet normal 0 0 -1
    outer loop
      vertex 25.5684 6.31604 0
      vertex 34.55 10.85 0
      vertex 25.7749 6.13492 0
    endloop
  endfacet
  facet normal 0 0 -1
    outer loop
      vertex 25.34 6.46865 0
      vertex 34.55 10.85 0
      vertex 25.5684 6.31604 0
    endloop
  endfacet
  facet normal 0 0 -1
    outer loop
      vertex 25.0936 6.59015 0
      vertex 34.55 10.85 0
      vertex 25.34 6.46865 0
    endloop
  endfacet
  facet normal 0 0 -1
    outer loop
      vertex 24.8335 6.67844 0
      vertex 34.55 10.85 0
      vertex 25.0936 6.59015 0
    endloop
  endfacet
  facet normal 0 0 -1
    outer loop
      vertex 24.5641 6.73203 0
      vertex 34.55 10.85 0
      vertex 24.8335 6.67844 0
    endloop
  endfacet
  facet normal 0 0 -1
    outer loop
      vertex 16.35 10.85 0
      vertex 24.5641 6.73203 0
      vertex 24.29 6.75 0
    endloop
  endfacet
  facet normal 0 0 -1
    outer loop
      vertex 16.35 10.85 0
      vertex 24.29 6.75 0
      vertex 24.0159 6.73203 0
    endloop
  endfacet
  facet normal 0 0 -1
    outer loop
      vertex 16.35 10.85 0
      vertex 24.0159 6.73203 0
      vertex 23.7465 6.67844 0
    endloop
  endfacet
  facet normal 0 0 -1
    outer loop
      vertex 16.35 10.85 0
      vertex 23.7465 6.67844 0
      vertex 23.4864 6.59015 0
    endloop
  endfacet
  facet normal 0 0 -1
    outer loop
      vertex 24.5641 6.73203 0
      vertex 16.35 10.85 0
      vertex 34.55 10.85 0
    endloop
  endfacet
  facet normal 0 0 -1
    outer loop
      vertex 23.24 6.46865 0
      vertex 16.35 10.85 0
      vertex 23.4864 6.59015 0
    endloop
  endfacet
  facet normal 0 0 -1
    outer loop
      vertex 23.0116 6.31604 0
      vertex 16.35 10.85 0
      vertex 23.24 6.46865 0
    endloop
  endfacet
  facet normal 0 0 -1
    outer loop
      vertex 22.8051 6.13492 0
      vertex 16.35 10.85 0
      vertex 23.0116 6.31604 0
    endloop
  endfacet
  facet normal 0 0 -1
    outer loop
      vertex 22.624 5.9284 0
      vertex 16.35 10.85 0
      vertex 22.8051 6.13492 0
    endloop
  endfacet
  facet normal 0 0 -1
    outer loop
      vertex 22.4713 5.7 0
      vertex 16.35 10.85 0
      vertex 22.624 5.9284 0
    endloop
  endfacet
  facet normal 0 0 -1
    outer loop
      vertex 22.3499 5.45363 0
      vertex 16.35 10.85 0
      vertex 22.4713 5.7 0
    endloop
  endfacet
  facet normal 0 0 -1
    outer loop
      vertex 22.2616 5.19352 0
      vertex 16.35 10.85 0
      vertex 22.3499 5.45363 0
    endloop
  endfacet
  facet normal 0 0 -1
    outer loop
      vertex 22.208 4.9241 0
      vertex 16.35 10.85 0
      vertex 22.2616 5.19352 0
    endloop
  endfacet
  facet normal 0 0 -1
    outer loop
      vertex 16.35 10.85 0
      vertex 22.208 4.9241 0
      vertex 22.19 4.65 0
    endloop
  endfacet
  facet normal 0 0 -1
    outer loop
      vertex 7.01422 6.32176 0
      vertex 16.35 10.85 0
      vertex 7.04102 6.18705 0
    endloop
  endfacet
  facet normal 0 0 -1
    outer loop
      vertex 6.97007 6.45182 0
      vertex 16.35 10.85 0
      vertex 7.01422 6.32176 0
    endloop
  endfacet
  facet normal 0 0 -1
    outer loop
      vertex 16.35 22.05 0
      vertex 7.02007 28.4982 0
      vertex 7.06422 28.6282 0
    endloop
  endfacet
  facet normal 0 0 -1
    outer loop
      vertex 6.90933 6.575 0
      vertex 16.35 10.85 0
      vertex 6.97007 6.45182 0
    endloop
  endfacet
  facet normal 0 0 -1
    outer loop
      vertex 16.35 22.05 0
      vertex 6.95933 28.375 0
      vertex 7.02007 28.4982 0
    endloop
  endfacet
  facet normal 0 0 -1
    outer loop
      vertex 6.83302 6.6892 0
      vertex 16.35 10.85 0
      vertex 6.90933 6.575 0
    endloop
  endfacet
  facet normal 0 0 -1
    outer loop
      vertex 16.35 22.05 0
      vertex 6.88302 28.2608 0
      vertex 6.95933 28.375 0
    endloop
  endfacet
  facet normal 0 0 -1
    outer loop
      vertex 6.74246 6.79246 0
      vertex 16.35 10.85 0
      vertex 6.83302 6.6892 0
    endloop
  endfacet
  facet normal 0 0 -1
    outer loop
      vertex 16.35 22.05 0
      vertex 6.79246 28.1575 0
      vertex 6.88302 28.2608 0
    endloop
  endfacet
  facet normal 0 0 -1
    outer loop
      vertex 6.6392 6.88302 0
      vertex 16.35 10.85 0
      vertex 6.74246 6.79246 0
    endloop
  endfacet
  facet normal 0 0 -1
    outer loop
      vertex 16.35 22.05 0
      vertex 6.6892 28.067 0
      vertex 6.79246 28.1575 0
    endloop
  endfacet
  facet normal 0 0 -1
    outer loop
      vertex 16.35 12.45 0
      vertex 6.6392 6.88302 0
      vertex 6.525 6.95933 0
    endloop
  endfacet
  facet normal 0 0 -1
    outer loop
      vertex 16.35 22.05 0
      vertex 6.575 27.9907 0
      vertex 6.6892 28.067 0
    endloop
  endfacet
  facet normal 0 0 -1
    outer loop
      vertex 6.27176 7.06422 0
      vertex 16.35 14.05 0
      vertex 6.40182 7.02007 0
    endloop
  endfacet
  facet normal 0 0 -1
    outer loop
      vertex 16.35 22.05 0
      vertex 6.45182 27.9299 0
      vertex 6.575 27.9907 0
    endloop
  endfacet
  facet normal -0 0 -1
    outer loop
      vertex 16.35 15.65 0
      vertex 6.13705 7.09102 0
      vertex 16.35 17.25 0
    endloop
  endfacet
  facet normal 0 0 -1
    outer loop
      vertex 16.35 20.45 0
      vertex 6.45182 27.9299 0
      vertex 16.35 22.05 0
    endloop
  endfacet
  facet normal 0 0 -1
    outer loop
      vertex 16.35 17.25 0
      vertex 6.05 27.85 0
      vertex 16.35 18.85 0
    endloop
  endfacet
  facet normal 0 -0 -1
    outer loop
      vertex 6.45182 27.9299 0
      vertex 16.35 20.45 0
      vertex 6.32176 27.8858 0
    endloop
  endfacet
  facet normal 0 0 -1
    outer loop
      vertex 16.35 18.85 0
      vertex 6.32176 27.8858 0
      vertex 16.35 20.45 0
    endloop
  endfacet
  facet normal 0 -0 -1
    outer loop
      vertex 6.32176 27.8858 0
      vertex 16.35 18.85 0
      vertex 6.18705 27.859 0
    endloop
  endfacet
  facet normal 0 -0 -1
    outer loop
      vertex 6.18705 27.859 0
      vertex 16.35 18.85 0
      vertex 6.05 27.85 0
    endloop
  endfacet
  facet normal 0 0 -1
    outer loop
      vertex 6 7.1 0
      vertex 5.91295 27.859 0
      vertex 6.05 27.85 0
    endloop
  endfacet
  facet normal 0 0 -1
    outer loop
      vertex 5.86295 7.09102 0
      vertex 5.91295 27.859 0
      vertex 6 7.1 0
    endloop
  endfacet
  facet normal 0 0 -1
    outer loop
      vertex 5.86295 7.09102 0
      vertex 5.77824 27.8858 0
      vertex 5.91295 27.859 0
    endloop
  endfacet
  facet normal 0 0 -1
    outer loop
      vertex 5.72824 7.06422 0
      vertex 5.77824 27.8858 0
      vertex 5.86295 7.09102 0
    endloop
  endfacet
  facet normal 0 0 -1
    outer loop
      vertex 5.72824 7.06422 0
      vertex 5.64818 27.9299 0
      vertex 5.77824 27.8858 0
    endloop
  endfacet
  facet normal 0 0 -1
    outer loop
      vertex 5.59818 7.02007 0
      vertex 5.64818 27.9299 0
      vertex 5.72824 7.06422 0
    endloop
  endfacet
  facet normal 0 0 -1
    outer loop
      vertex 5.59818 7.02007 0
      vertex 5.525 27.9907 0
      vertex 5.64818 27.9299 0
    endloop
  endfacet
  facet normal 0 0 -1
    outer loop
      vertex 5.475 6.95933 0
      vertex 5.525 27.9907 0
      vertex 5.59818 7.02007 0
    endloop
  endfacet
  facet normal 0 0 -1
    outer loop
      vertex 5.475 6.95933 0
      vertex 5.4108 28.067 0
      vertex 5.525 27.9907 0
    endloop
  endfacet
  facet normal 0 0 -1
    outer loop
      vertex 5.3608 6.88302 0
      vertex 5.4108 28.067 0
      vertex 5.475 6.95933 0
    endloop
  endfacet
  facet normal 0 0 -1
    outer loop
      vertex 0 30.9 0
      vertex 5.4108 28.067 0
      vertex 5.3608 6.88302 0
    endloop
  endfacet
  facet normal 0 0 -1
    outer loop
      vertex 0 30.9 0
      vertex 5.3608 6.88302 0
      vertex 5.25754 6.79246 0
    endloop
  endfacet
  facet normal 0 0 -1
    outer loop
      vertex 5.4108 28.067 0
      vertex 0 30.9 0
      vertex 5.30754 28.1575 0
    endloop
  endfacet
  facet normal 0 0 -1
    outer loop
      vertex 0 30.9 0
      vertex 5.25754 6.79246 0
      vertex 5.16698 6.6892 0
    endloop
  endfacet
  facet normal 0 0 -1
    outer loop
      vertex 5.30754 28.1575 0
      vertex 0 30.9 0
      vertex 5.21698 28.2608 0
    endloop
  endfacet
  facet normal 0 0 -1
    outer loop
      vertex 0 30.9 0
      vertex 5.16698 6.6892 0
      vertex 5.09067 6.575 0
    endloop
  endfacet
  facet normal 0 0 -1
    outer loop
      vertex 5.21698 28.2608 0
      vertex 0 30.9 0
      vertex 5.14067 28.375 0
    endloop
  endfacet
  facet normal 0 0 -1
    outer loop
      vertex 0 30.9 0
      vertex 5.09067 6.575 0
      vertex 5.02993 6.45182 0
    endloop
  endfacet
  facet normal 0 0 -1
    outer loop
      vertex 5.14067 28.375 0
      vertex 0 30.9 0
      vertex 5.07993 28.4982 0
    endloop
  endfacet
  facet normal 0 0 -1
    outer loop
      vertex 0 30.9 0
      vertex 5.02993 6.45182 0
      vertex 4.98578 6.32176 0
    endloop
  endfacet
  facet normal 0 0 -1
    outer loop
      vertex 5.07993 28.4982 0
      vertex 0 30.9 0
      vertex 5.03578 28.6282 0
    endloop
  endfacet
  facet normal 0 0 -1
    outer loop
      vertex 0 30.9 0
      vertex 4.98578 6.32176 0
      vertex 4.95898 6.18705 0
    endloop
  endfacet
  facet normal -0.997859 0.0654021 0
    outer loop
      vertex 0 30.9 0
      vertex 0.0342197 31.4221 15.2
      vertex 0.0342197 31.4221 0
    endloop
  endfacet
  facet normal -0.997859 0.0654021 0
    outer loop
      vertex 0.0342197 31.4221 15.2
      vertex 0 30.9 0
      vertex 0 30.9 15.2
    endloop
  endfacet
  facet normal -0.659362 0.751826 0
    outer loop
      vertex 1.56495 34.0734 0
      vertex 1.17157 33.7284 15.2
      vertex 1.56495 34.0734 15.2
    endloop
  endfacet
  facet normal -0.659362 0.751826 0
    outer loop
      vertex 1.17157 33.7284 15.2
      vertex 1.56495 34.0734 0
      vertex 1.17157 33.7284 0
    endloop
  endfacet
  facet normal 0.751826 -0.659362 0
    outer loop
      vertex 68.7284 1.17157 15.2
      vertex 69.0734 1.56495 0
      vertex 69.0734 1.56495 15.2
    endloop
  endfacet
  facet normal 0.751826 -0.659362 0
    outer loop
      vertex 69.0734 1.56495 0
      vertex 68.7284 1.17157 15.2
      vertex 68.7284 1.17157 0
    endloop
  endfacet
  facet normal -0.946918 0.321474 0
    outer loop
      vertex 0.136296 31.9353 0
      vertex 0.304482 32.4307 15.2
      vertex 0.304482 32.4307 0
    endloop
  endfacet
  facet normal -0.946918 0.321474 0
    outer loop
      vertex 0.304482 32.4307 15.2
      vertex 0.136296 31.9353 0
      vertex 0.136296 31.9353 15.2
    endloop
  endfacet
  facet normal 0.0654021 -0.997859 0
    outer loop
      vertex 65.9 0 0
      vertex 66.4221 0.0342197 15.2
      vertex 65.9 0 15.2
    endloop
  endfacet
  facet normal 0.0654021 -0.997859 0
    outer loop
      vertex 66.4221 0.0342197 15.2
      vertex 65.9 0 0
      vertex 66.4221 0.0342197 0
    endloop
  endfacet
  facet normal -0.442285 -0.896875 0
    outer loop
      vertex 2 0.535898 0
      vertex 2.46927 0.304482 15.2
      vertex 2 0.535898 15.2
    endloop
  endfacet
  facet normal -0.442285 -0.896875 -0
    outer loop
      vertex 2.46927 0.304482 15.2
      vertex 2 0.535898 0
      vertex 2.46927 0.304482 0
    endloop
  endfacet
  facet normal -0.195091 -0.980785 0
    outer loop
      vertex 2.96472 0.136296 0
      vertex 3.47789 0.0342197 15.2
      vertex 2.96472 0.136296 15.2
    endloop
  endfacet
  facet normal -0.195091 -0.980785 -0
    outer loop
      vertex 3.47789 0.0342197 15.2
      vertex 2.96472 0.136296 0
      vertex 3.47789 0.0342197 0
    endloop
  endfacet
  facet normal -0.0653634 0.997862 0
    outer loop
      vertex 4 34.9 0
      vertex 3.47789 34.8658 15.2
      vertex 4 34.9 15.2
    endloop
  endfacet
  facet normal -0.0653634 0.997862 0
    outer loop
      vertex 3.47789 34.8658 15.2
      vertex 4 34.9 0
      vertex 3.47789 34.8658 0
    endloop
  endfacet
  facet normal -0.195135 0.980776 0
    outer loop
      vertex 3.47789 34.8658 0
      vertex 2.96472 34.7637 15.2
      vertex 3.47789 34.8658 15.2
    endloop
  endfacet
  facet normal -0.195135 0.980776 0
    outer loop
      vertex 2.96472 34.7637 15.2
      vertex 3.47789 34.8658 0
      vertex 2.96472 34.7637 0
    endloop
  endfacet
  facet normal -0.555582 0.831462 0
    outer loop
      vertex 2 34.3641 0
      vertex 1.56495 34.0734 15.2
      vertex 2 34.3641 15.2
    endloop
  endfacet
  facet normal -0.555582 0.831462 0
    outer loop
      vertex 1.56495 34.0734 15.2
      vertex 2 34.3641 0
      vertex 1.56495 34.0734 0
    endloop
  endfacet
  facet normal 0.896898 0.442238 0
    outer loop
      vertex 69.5955 32.4307 15.2
      vertex 69.3641 32.9 0
      vertex 69.3641 32.9 15.2
    endloop
  endfacet
  facet normal 0.896898 0.442238 0
    outer loop
      vertex 69.3641 32.9 0
      vertex 69.5955 32.4307 15.2
      vertex 69.5955 32.4307 0
    endloop
  endfacet
  facet normal -0.555566 -0.831472 0
    outer loop
      vertex 1.56495 0.826586 0
      vertex 2 0.535898 15.2
      vertex 1.56495 0.826586 15.2
    endloop
  endfacet
  facet normal -0.555566 -0.831472 -0
    outer loop
      vertex 2 0.535898 15.2
      vertex 1.56495 0.826586 0
      vertex 2 0.535898 0
    endloop
  endfacet
  facet normal 0.751842 0.659343 0
    outer loop
      vertex 69.0734 33.335 15.2
      vertex 68.7284 33.7284 0
      vertex 68.7284 33.7284 15.2
    endloop
  endfacet
  facet normal 0.751842 0.659343 0
    outer loop
      vertex 68.7284 33.7284 0
      vertex 69.0734 33.335 15.2
      vertex 69.0734 33.335 0
    endloop
  endfacet
  facet normal -0.831472 -0.555566 0
    outer loop
      vertex 0.826586 1.56495 0
      vertex 0.535898 2 15.2
      vertex 0.535898 2 0
    endloop
  endfacet
  facet normal -0.831472 -0.555566 0
    outer loop
      vertex 0.535898 2 15.2
      vertex 0.826586 1.56495 0
      vertex 0.826586 1.56495 15.2
    endloop
  endfacet
  facet normal -0.980787 0.19508 0
    outer loop
      vertex 0.0342197 31.4221 0
      vertex 0.136296 31.9353 15.2
      vertex 0.136296 31.9353 0
    endloop
  endfacet
  facet normal -0.980787 0.19508 0
    outer loop
      vertex 0.136296 31.9353 15.2
      vertex 0.0342197 31.4221 0
      vertex 0.0342197 31.4221 15.2
    endloop
  endfacet
  facet normal 0.195124 0.980779 -0
    outer loop
      vertex 66.9353 34.7637 0
      vertex 66.4221 34.8658 15.2
      vertex 66.9353 34.7637 15.2
    endloop
  endfacet
  facet normal 0.195124 0.980779 0
    outer loop
      vertex 66.4221 34.8658 15.2
      vertex 66.9353 34.7637 0
      vertex 66.4221 34.8658 0
    endloop
  endfacet
  facet normal 0.321498 0.94691 -0
    outer loop
      vertex 67.4307 34.5955 0
      vertex 66.9353 34.7637 15.2
      vertex 67.4307 34.5955 15.2
    endloop
  endfacet
  facet normal 0.321498 0.94691 0
    outer loop
      vertex 66.9353 34.7637 15.2
      vertex 67.4307 34.5955 0
      vertex 66.9353 34.7637 0
    endloop
  endfacet
  facet normal 0.442238 0.896898 -0
    outer loop
      vertex 67.9 34.3641 0
      vertex 67.4307 34.5955 15.2
      vertex 67.9 34.3641 15.2
    endloop
  endfacet
  facet normal 0.442238 0.896898 0
    outer loop
      vertex 67.4307 34.5955 15.2
      vertex 67.9 34.3641 0
      vertex 67.4307 34.5955 0
    endloop
  endfacet
  facet normal 0.831462 -0.555582 0
    outer loop
      vertex 69.0734 1.56495 15.2
      vertex 69.3641 2 0
      vertex 69.3641 2 15.2
    endloop
  endfacet
  facet normal 0.831462 -0.555582 0
    outer loop
      vertex 69.3641 2 0
      vertex 69.0734 1.56495 15.2
      vertex 69.0734 1.56495 0
    endloop
  endfacet
  facet normal -0.896875 -0.442285 0
    outer loop
      vertex 0.535898 2 0
      vertex 0.304482 2.46927 15.2
      vertex 0.304482 2.46927 0
    endloop
  endfacet
  facet normal -0.896875 -0.442285 0
    outer loop
      vertex 0.304482 2.46927 15.2
      vertex 0.535898 2 0
      vertex 0.535898 2 15.2
    endloop
  endfacet
  facet normal -0.659345 -0.751841 0
    outer loop
      vertex 1.17157 1.17157 0
      vertex 1.56495 0.826586 15.2
      vertex 1.17157 1.17157 15.2
    endloop
  endfacet
  facet normal -0.659345 -0.751841 -0
    outer loop
      vertex 1.56495 0.826586 15.2
      vertex 1.17157 1.17157 0
      vertex 1.56495 0.826586 0
    endloop
  endfacet
  facet normal 0.55561 -0.831443 0
    outer loop
      vertex 67.9 0.535898 0
      vertex 68.335 0.826586 15.2
      vertex 67.9 0.535898 15.2
    endloop
  endfacet
  facet normal 0.55561 -0.831443 0
    outer loop
      vertex 68.335 0.826586 15.2
      vertex 67.9 0.535898 0
      vertex 68.335 0.826586 0
    endloop
  endfacet
  facet normal 0.94691 0.321498 0
    outer loop
      vertex 69.7637 31.9353 15.2
      vertex 69.5955 32.4307 0
      vertex 69.5955 32.4307 15.2
    endloop
  endfacet
  facet normal 0.94691 0.321498 0
    outer loop
      vertex 69.5955 32.4307 0
      vertex 69.7637 31.9353 15.2
      vertex 69.7637 31.9353 0
    endloop
  endfacet
  facet normal 0.94692 -0.321469 0
    outer loop
      vertex 69.5955 2.46927 15.2
      vertex 69.7637 2.96472 0
      vertex 69.7637 2.96472 15.2
    endloop
  endfacet
  facet normal 0.94692 -0.321469 0
    outer loop
      vertex 69.7637 2.96472 0
      vertex 69.5955 2.46927 15.2
      vertex 69.5955 2.46927 0
    endloop
  endfacet
  facet normal 0.980779 0.195124 0
    outer loop
      vertex 69.8658 31.4221 15.2
      vertex 69.7637 31.9353 0
      vertex 69.7637 31.9353 15.2
    endloop
  endfacet
  facet normal 0.980779 0.195124 0
    outer loop
      vertex 69.7637 31.9353 0
      vertex 69.8658 31.4221 15.2
      vertex 69.8658 31.4221 0
    endloop
  endfacet
  facet normal 0.659343 0.751842 -0
    outer loop
      vertex 68.7284 33.7284 0
      vertex 68.335 34.0734 15.2
      vertex 68.7284 33.7284 15.2
    endloop
  endfacet
  facet normal 0.659343 0.751842 0
    outer loop
      vertex 68.335 34.0734 15.2
      vertex 68.7284 33.7284 0
      vertex 68.335 34.0734 0
    endloop
  endfacet
  facet normal 0.980776 -0.195135 0
    outer loop
      vertex 69.7637 2.96472 15.2
      vertex 69.8658 3.47789 0
      vertex 69.8658 3.47789 15.2
    endloop
  endfacet
  facet normal 0.980776 -0.195135 0
    outer loop
      vertex 69.8658 3.47789 0
      vertex 69.7637 2.96472 15.2
      vertex 69.7637 2.96472 0
    endloop
  endfacet
  facet normal -0.751841 -0.659345 0
    outer loop
      vertex 1.17157 1.17157 0
      vertex 0.826586 1.56495 15.2
      vertex 0.826586 1.56495 0
    endloop
  endfacet
  facet normal -0.751841 -0.659345 0
    outer loop
      vertex 0.826586 1.56495 15.2
      vertex 1.17157 1.17157 0
      vertex 1.17157 1.17157 15.2
    endloop
  endfacet
  facet normal 0.659326 -0.751857 0
    outer loop
      vertex 68.335 0.826586 0
      vertex 68.7284 1.17157 15.2
      vertex 68.335 0.826586 15.2
    endloop
  endfacet
  facet normal 0.659326 -0.751857 0
    outer loop
      vertex 68.7284 1.17157 15.2
      vertex 68.335 0.826586 0
      vertex 68.7284 1.17157 0
    endloop
  endfacet
  facet normal 0.555626 0.831432 -0
    outer loop
      vertex 68.335 34.0734 0
      vertex 67.9 34.3641 15.2
      vertex 68.335 34.0734 15.2
    endloop
  endfacet
  facet normal 0.555626 0.831432 0
    outer loop
      vertex 67.9 34.3641 15.2
      vertex 68.335 34.0734 0
      vertex 67.9 34.3641 0
    endloop
  endfacet
  facet normal -0.896886 0.442262 0
    outer loop
      vertex 0.304482 32.4307 0
      vertex 0.535898 32.9 15.2
      vertex 0.535898 32.9 0
    endloop
  endfacet
  facet normal -0.896886 0.442262 0
    outer loop
      vertex 0.535898 32.9 15.2
      vertex 0.304482 32.4307 0
      vertex 0.304482 32.4307 15.2
    endloop
  endfacet
  facet normal 0 0 1
    outer loop
      vertex 69.8658 31.4221 15.2
      vertex 67.8829 31.1611 15.2
      vertex 67.9 30.9 15.2
    endloop
  endfacet
  facet normal 0 0 1
    outer loop
      vertex 68.335 34.0734 15.2
      vertex 67.8318 31.4176 15.2
      vertex 67.8829 31.1611 15.2
    endloop
  endfacet
  facet normal 0 0 1
    outer loop
      vertex 68.335 34.0734 15.2
      vertex 67.7478 31.6654 15.2
      vertex 67.8318 31.4176 15.2
    endloop
  endfacet
  facet normal 0 0 1
    outer loop
      vertex 68.335 34.0734 15.2
      vertex 67.632 31.9 15.2
      vertex 67.7478 31.6654 15.2
    endloop
  endfacet
  facet normal 0 0 1
    outer loop
      vertex 68.335 34.0734 15.2
      vertex 67.4867 32.1175 15.2
      vertex 67.632 31.9 15.2
    endloop
  endfacet
  facet normal 0 0 1
    outer loop
      vertex 66.9 32.632 15.2
      vertex 67.9 34.3641 15.2
      vertex 67.4307 34.5955 15.2
    endloop
  endfacet
  facet normal 0 0 1
    outer loop
      vertex 68.335 34.0734 15.2
      vertex 67.3142 32.3142 15.2
      vertex 67.4867 32.1175 15.2
    endloop
  endfacet
  facet normal 0 0 1
    outer loop
      vertex 68.335 34.0734 15.2
      vertex 67.1175 32.4867 15.2
      vertex 67.3142 32.3142 15.2
    endloop
  endfacet
  facet normal 0 0 1
    outer loop
      vertex 66.6654 32.7478 15.2
      vertex 67.4307 34.5955 15.2
      vertex 66.9353 34.7637 15.2
    endloop
  endfacet
  facet normal 0 0 1
    outer loop
      vertex 67.9 34.3641 15.2
      vertex 66.9 32.632 15.2
      vertex 67.1175 32.4867 15.2
    endloop
  endfacet
  facet normal 0 0 1
    outer loop
      vertex 67.4307 34.5955 15.2
      vertex 66.6654 32.7478 15.2
      vertex 66.9 32.632 15.2
    endloop
  endfacet
  facet normal 0 0 1
    outer loop
      vertex 66.4176 32.8319 15.2
      vertex 66.9353 34.7637 15.2
      vertex 66.4221 34.8658 15.2
    endloop
  endfacet
  facet normal 0 0 1
    outer loop
      vertex 66.9353 34.7637 15.2
      vertex 66.4176 32.8319 15.2
      vertex 66.6654 32.7478 15.2
    endloop
  endfacet
  facet normal 0 0 1
    outer loop
      vertex 66.4221 34.8658 15.2
      vertex 66.161 32.8829 15.2
      vertex 66.4176 32.8319 15.2
    endloop
  endfacet
  facet normal 0 0 1
    outer loop
      vertex 65.9 34.9 15.2
      vertex 66.161 32.8829 15.2
      vertex 66.4221 34.8658 15.2
    endloop
  endfacet
  facet normal 0 0 1
    outer loop
      vertex 65.9 34.9 15.2
      vertex 65.9 32.9 15.2
      vertex 66.161 32.8829 15.2
    endloop
  endfacet
  facet normal -0 0 1
    outer loop
      vertex 61.1 34.9 15.2
      vertex 65.9 32.9 15.2
      vertex 65.9 34.9 15.2
    endloop
  endfacet
  facet normal 0 0 1
    outer loop
      vertex 65.9 32.9 15.2
      vertex 61.1 34.9 15.2
      vertex 61.1 32.9 15.2
    endloop
  endfacet
  facet normal 0 0 1
    outer loop
      vertex 67.9 30.9 15.2
      vertex 69.9 30.9 15.2
      vertex 69.8658 31.4221 15.2
    endloop
  endfacet
  facet normal 0 0 1
    outer loop
      vertex 69.9 30.9 15.2
      vertex 67.9 30.9 15.2
      vertex 69.9 4 15.2
    endloop
  endfacet
  facet normal 0 0 1
    outer loop
      vertex 67.8829 31.1611 15.2
      vertex 69.8658 31.4221 15.2
      vertex 69.7637 31.9353 15.2
    endloop
  endfacet
  facet normal 0 0 1
    outer loop
      vertex 67.9 4 15.2
      vertex 69.9 4 15.2
      vertex 67.9 30.9 15.2
    endloop
  endfacet
  facet normal 0 0 1
    outer loop
      vertex 67.8829 31.1611 15.2
      vertex 69.7637 31.9353 15.2
      vertex 69.5955 32.4307 15.2
    endloop
  endfacet
  facet normal 0 0 1
    outer loop
      vertex 69.9 4 15.2
      vertex 67.9 4 15.2
      vertex 69.8658 3.47789 15.2
    endloop
  endfacet
  facet normal 0 0 1
    outer loop
      vertex 67.8829 31.1611 15.2
      vertex 69.5955 32.4307 15.2
      vertex 69.3641 32.9 15.2
    endloop
  endfacet
  facet normal -0 0 1
    outer loop
      vertex 67.8829 3.73895 15.2
      vertex 69.8658 3.47789 15.2
      vertex 67.9 4 15.2
    endloop
  endfacet
  facet normal 0 0 1
    outer loop
      vertex 67.8829 31.1611 15.2
      vertex 69.3641 32.9 15.2
      vertex 69.0734 33.335 15.2
    endloop
  endfacet
  facet normal 0 0 1
    outer loop
      vertex 69.8658 3.47789 15.2
      vertex 67.8829 3.73895 15.2
      vertex 69.7637 2.96472 15.2
    endloop
  endfacet
  facet normal 0 0 1
    outer loop
      vertex 67.8829 31.1611 15.2
      vertex 69.0734 33.335 15.2
      vertex 68.7284 33.7284 15.2
    endloop
  endfacet
  facet normal -0 0 1
    outer loop
      vertex 67.8318 3.48236 15.2
      vertex 69.7637 2.96472 15.2
      vertex 67.8829 3.73895 15.2
    endloop
  endfacet
  facet normal 0 0 1
    outer loop
      vertex 67.8829 31.1611 15.2
      vertex 68.7284 33.7284 15.2
      vertex 68.335 34.0734 15.2
    endloop
  endfacet
  facet normal 0 0 1
    outer loop
      vertex 69.7637 2.96472 15.2
      vertex 67.8318 3.48236 15.2
      vertex 69.5955 2.46927 15.2
    endloop
  endfacet
  facet normal 0 0 1
    outer loop
      vertex 67.1175 32.4867 15.2
      vertex 68.335 34.0734 15.2
      vertex 67.9 34.3641 15.2
    endloop
  endfacet
  facet normal -0 0 1
    outer loop
      vertex 67.7478 3.23463 15.2
      vertex 69.5955 2.46927 15.2
      vertex 67.8318 3.48236 15.2
    endloop
  endfacet
  facet normal 0 0 1
    outer loop
      vertex 69.5955 2.46927 15.2
      vertex 67.7478 3.23463 15.2
      vertex 69.3641 2 15.2
    endloop
  endfacet
  facet normal -0 0 1
    outer loop
      vertex 67.632 3 15.2
      vertex 69.3641 2 15.2
      vertex 67.7478 3.23463 15.2
    endloop
  endfacet
  facet normal 0 0 1
    outer loop
      vertex 69.3641 2 15.2
      vertex 67.632 3 15.2
      vertex 69.0734 1.56495 15.2
    endloop
  endfacet
  facet normal -0 0 1
    outer loop
      vertex 67.4867 2.78248 15.2
      vertex 69.0734 1.56495 15.2
      vertex 67.632 3 15.2
    endloop
  endfacet
  facet normal 0 0 1
    outer loop
      vertex 69.0734 1.56495 15.2
      vertex 67.4867 2.78248 15.2
      vertex 68.7284 1.17157 15.2
    endloop
  endfacet
  facet normal -0 0 1
    outer loop
      vertex 67.3142 2.58579 15.2
      vertex 68.7284 1.17157 15.2
      vertex 67.4867 2.78248 15.2
    endloop
  endfacet
  facet normal 0 0 1
    outer loop
      vertex 68.7284 1.17157 15.2
      vertex 67.3142 2.58579 15.2
      vertex 68.335 0.826586 15.2
    endloop
  endfacet
  facet normal -0 0 1
    outer loop
      vertex 67.1175 2.41329 15.2
      vertex 68.335 0.826586 15.2
      vertex 67.3142 2.58579 15.2
    endloop
  endfacet
  facet normal 0 0 1
    outer loop
      vertex 68.335 0.826586 15.2
      vertex 67.1175 2.41329 15.2
      vertex 67.9 0.535898 15.2
    endloop
  endfacet
  facet normal -0 0 1
    outer loop
      vertex 66.9 2.26795 15.2
      vertex 67.9 0.535898 15.2
      vertex 67.1175 2.41329 15.2
    endloop
  endfacet
  facet normal 0 0 1
    outer loop
      vertex 67.9 0.535898 15.2
      vertex 66.9 2.26795 15.2
      vertex 67.4307 0.304482 15.2
    endloop
  endfacet
  facet normal -0 0 1
    outer loop
      vertex 66.6654 2.15224 15.2
      vertex 67.4307 0.304482 15.2
      vertex 66.9 2.26795 15.2
    endloop
  endfacet
  facet normal 0 0 1
    outer loop
      vertex 67.4307 0.304482 15.2
      vertex 66.6654 2.15224 15.2
      vertex 66.9353 0.136296 15.2
    endloop
  endfacet
  facet normal -0 0 1
    outer loop
      vertex 66.4176 2.06815 15.2
      vertex 66.9353 0.136296 15.2
      vertex 66.6654 2.15224 15.2
    endloop
  endfacet
  facet normal 0 0 1
    outer loop
      vertex 66.9353 0.136296 15.2
      vertex 66.4176 2.06815 15.2
      vertex 66.4221 0.0342197 15.2
    endloop
  endfacet
  facet normal -0 0 1
    outer loop
      vertex 66.161 2.01711 15.2
      vertex 66.4221 0.0342197 15.2
      vertex 66.4176 2.06815 15.2
    endloop
  endfacet
  facet normal -0 0 1
    outer loop
      vertex 65.9 2 15.2
      vertex 66.4221 0.0342197 15.2
      vertex 66.161 2.01711 15.2
    endloop
  endfacet
  facet normal 0 0 1
    outer loop
      vertex 65.9 2 15.2
      vertex 65.9 0 15.2
      vertex 66.4221 0.0342197 15.2
    endloop
  endfacet
  facet normal -0 0 1
    outer loop
      vertex 4 2 15.2
      vertex 65.9 0 15.2
      vertex 65.9 2 15.2
    endloop
  endfacet
  facet normal 0 0 1
    outer loop
      vertex 4 2 15.2
      vertex 4 0 15.2
      vertex 65.9 0 15.2
    endloop
  endfacet
  facet normal 0 0 1
    outer loop
      vertex 3.73895 2.01711 15.2
      vertex 4 0 15.2
      vertex 4 2 15.2
    endloop
  endfacet
  facet normal 0 0 1
    outer loop
      vertex 3.47789 0.0342197 15.2
      vertex 3.73895 2.01711 15.2
      vertex 3.48236 2.06815 15.2
    endloop
  endfacet
  facet normal 0 0 1
    outer loop
      vertex 3.73895 2.01711 15.2
      vertex 3.47789 0.0342197 15.2
      vertex 4 0 15.2
    endloop
  endfacet
  facet normal 0 0 1
    outer loop
      vertex 2.96472 0.136296 15.2
      vertex 3.48236 2.06815 15.2
      vertex 3.23463 2.15224 15.2
    endloop
  endfacet
  facet normal 0 0 1
    outer loop
      vertex 2.46927 0.304482 15.2
      vertex 3.23463 2.15224 15.2
      vertex 3 2.26795 15.2
    endloop
  endfacet
  facet normal 0 0 1
    outer loop
      vertex 3.48236 2.06815 15.2
      vertex 2.96472 0.136296 15.2
      vertex 3.47789 0.0342197 15.2
    endloop
  endfacet
  facet normal 0 0 1
    outer loop
      vertex 2 0.535898 15.2
      vertex 3 2.26795 15.2
      vertex 2.78248 2.41329 15.2
    endloop
  endfacet
  facet normal 0 0 1
    outer loop
      vertex 1.56495 0.826586 15.2
      vertex 2.78248 2.41329 15.2
      vertex 2.58579 2.58579 15.2
    endloop
  endfacet
  facet normal 0 0 1
    outer loop
      vertex 3.23463 2.15224 15.2
      vertex 2.46927 0.304482 15.2
      vertex 2.96472 0.136296 15.2
    endloop
  endfacet
  facet normal 0 0 1
    outer loop
      vertex 1.17157 1.17157 15.2
      vertex 2.58579 2.58579 15.2
      vertex 2.41329 2.78248 15.2
    endloop
  endfacet
  facet normal 0 0 1
    outer loop
      vertex 0.826586 1.56495 15.2
      vertex 2.41329 2.78248 15.2
      vertex 2.26795 3 15.2
    endloop
  endfacet
  facet normal 0 0 1
    outer loop
      vertex 0.535898 2 15.2
      vertex 2.26795 3 15.2
      vertex 2.15224 3.23463 15.2
    endloop
  endfacet
  facet normal 0 0 1
    outer loop
      vertex 0.304482 2.46927 15.2
      vertex 2.15224 3.23463 15.2
      vertex 2.06815 3.48236 15.2
    endloop
  endfacet
  facet normal 0 0 1
    outer loop
      vertex 0.136296 2.96472 15.2
      vertex 2.06815 3.48236 15.2
      vertex 2.01711 3.73895 15.2
    endloop
  endfacet
  facet normal 0 0 1
    outer loop
      vertex 3 2.26795 15.2
      vertex 2 0.535898 15.2
      vertex 2.46927 0.304482 15.2
    endloop
  endfacet
  facet normal 0 0 1
    outer loop
      vertex 0.0342197 3.47789 15.2
      vertex 2.01711 3.73895 15.2
      vertex 2 4 15.2
    endloop
  endfacet
  facet normal -0 0 1
    outer loop
      vertex 4 34.9 15.2
      vertex 8.7 32.9 15.2
      vertex 8.7 34.9 15.2
    endloop
  endfacet
  facet normal 0 0 1
    outer loop
      vertex 4 34.9 15.2
      vertex 4 32.9 15.2
      vertex 8.7 32.9 15.2
    endloop
  endfacet
  facet normal 0 0 1
    outer loop
      vertex 4 34.9 15.2
      vertex 3.73895 32.8829 15.2
      vertex 4 32.9 15.2
    endloop
  endfacet
  facet normal -0 0 1
    outer loop
      vertex 3.47789 34.8658 15.2
      vertex 3.73895 32.8829 15.2
      vertex 4 34.9 15.2
    endloop
  endfacet
  facet normal 0 0 1
    outer loop
      vertex 3.73895 32.8829 15.2
      vertex 3.47789 34.8658 15.2
      vertex 3.48236 32.8319 15.2
    endloop
  endfacet
  facet normal -0 0 1
    outer loop
      vertex 2.96472 34.7637 15.2
      vertex 3.48236 32.8319 15.2
      vertex 3.47789 34.8658 15.2
    endloop
  endfacet
  facet normal 0 0 1
    outer loop
      vertex 3.48236 32.8319 15.2
      vertex 2.96472 34.7637 15.2
      vertex 3.23463 32.7478 15.2
    endloop
  endfacet
  facet normal -0 0 1
    outer loop
      vertex 2.46927 34.5955 15.2
      vertex 3.23463 32.7478 15.2
      vertex 2.96472 34.7637 15.2
    endloop
  endfacet
  facet normal 0 0 1
    outer loop
      vertex 3.23463 32.7478 15.2
      vertex 2.46927 34.5955 15.2
      vertex 3 32.632 15.2
    endloop
  endfacet
  facet normal -0 0 1
    outer loop
      vertex 2 34.3641 15.2
      vertex 3 32.632 15.2
      vertex 2.46927 34.5955 15.2
    endloop
  endfacet
  facet normal 0 0 1
    outer loop
      vertex 3 32.632 15.2
      vertex 2 34.3641 15.2
      vertex 2.78248 32.4867 15.2
    endloop
  endfacet
  facet normal -0 0 1
    outer loop
      vertex 1.56495 34.0734 15.2
      vertex 2.78248 32.4867 15.2
      vertex 2 34.3641 15.2
    endloop
  endfacet
  facet normal 0 0 1
    outer loop
      vertex 2.78248 32.4867 15.2
      vertex 1.56495 34.0734 15.2
      vertex 2.58579 32.3142 15.2
    endloop
  endfacet
  facet normal -0 0 1
    outer loop
      vertex 1.17157 33.7284 15.2
      vertex 2.58579 32.3142 15.2
      vertex 1.56495 34.0734 15.2
    endloop
  endfacet
  facet normal 0 0 1
    outer loop
      vertex 2.58579 32.3142 15.2
      vertex 1.17157 33.7284 15.2
      vertex 2.41329 32.1175 15.2
    endloop
  endfacet
  facet normal -0 0 1
    outer loop
      vertex 0.826586 33.335 15.2
      vertex 2.41329 32.1175 15.2
      vertex 1.17157 33.7284 15.2
    endloop
  endfacet
  facet normal 0 0 1
    outer loop
      vertex 2.41329 32.1175 15.2
      vertex 0.826586 33.335 15.2
      vertex 2.26795 31.9 15.2
    endloop
  endfacet
  facet normal -0 0 1
    outer loop
      vertex 0.535898 32.9 15.2
      vertex 2.26795 31.9 15.2
      vertex 0.826586 33.335 15.2
    endloop
  endfacet
  facet normal 0 0 1
    outer loop
      vertex 2.26795 31.9 15.2
      vertex 0.535898 32.9 15.2
      vertex 2.15224 31.6654 15.2
    endloop
  endfacet
  facet normal 0 0 1
    outer loop
      vertex 2 30.9 15.2
      vertex 0 30.9 15.2
      vertex 2 4 15.2
    endloop
  endfacet
  facet normal -0 0 1
    outer loop
      vertex 0.304482 32.4307 15.2
      vertex 2.15224 31.6654 15.2
      vertex 0.535898 32.9 15.2
    endloop
  endfacet
  facet normal 0 0 1
    outer loop
      vertex 0 4 15.2
      vertex 2 4 15.2
      vertex 0 30.9 15.2
    endloop
  endfacet
  facet normal 0 0 1
    outer loop
      vertex 2.15224 31.6654 15.2
      vertex 0.304482 32.4307 15.2
      vertex 2.06815 31.4176 15.2
    endloop
  endfacet
  facet normal 0 -0 1
    outer loop
      vertex 0.0342197 3.47789 15.2
      vertex 2 4 15.2
      vertex 0 4 15.2
    endloop
  endfacet
  facet normal -0 0 1
    outer loop
      vertex 0.136296 31.9353 15.2
      vertex 2.06815 31.4176 15.2
      vertex 0.304482 32.4307 15.2
    endloop
  endfacet
  facet normal 0 0 1
    outer loop
      vertex 2.78248 2.41329 15.2
      vertex 1.56495 0.826586 15.2
      vertex 2 0.535898 15.2
    endloop
  endfacet
  facet normal 0 0 1
    outer loop
      vertex 2.06815 31.4176 15.2
      vertex 0.136296 31.9353 15.2
      vertex 2.01711 31.1611 15.2
    endloop
  endfacet
  facet normal 0 0 1
    outer loop
      vertex 2.58579 2.58579 15.2
      vertex 1.17157 1.17157 15.2
      vertex 1.56495 0.826586 15.2
    endloop
  endfacet
  facet normal -0 0 1
    outer loop
      vertex 0.0342197 31.4221 15.2
      vertex 2.01711 31.1611 15.2
      vertex 0.136296 31.9353 15.2
    endloop
  endfacet
  facet normal 0 0 1
    outer loop
      vertex 2.41329 2.78248 15.2
      vertex 0.826586 1.56495 15.2
      vertex 1.17157 1.17157 15.2
    endloop
  endfacet
  facet normal 0 0 1
    outer loop
      vertex 2.01711 31.1611 15.2
      vertex 0.0342197 31.4221 15.2
      vertex 2 30.9 15.2
    endloop
  endfacet
  facet normal 0 0 1
    outer loop
      vertex 2.26795 3 15.2
      vertex 0.535898 2 15.2
      vertex 0.826586 1.56495 15.2
    endloop
  endfacet
  facet normal 0 0 1
    outer loop
      vertex 2 30.9 15.2
      vertex 0.0342197 31.4221 15.2
      vertex 0 30.9 15.2
    endloop
  endfacet
  facet normal 0 0 1
    outer loop
      vertex 2.15224 3.23463 15.2
      vertex 0.304482 2.46927 15.2
      vertex 0.535898 2 15.2
    endloop
  endfacet
  facet normal 0 0 1
    outer loop
      vertex 2.06815 3.48236 15.2
      vertex 0.136296 2.96472 15.2
      vertex 0.304482 2.46927 15.2
    endloop
  endfacet
  facet normal 0 0 1
    outer loop
      vertex 2.01711 3.73895 15.2
      vertex 0.0342197 3.47789 15.2
      vertex 0.136296 2.96472 15.2
    endloop
  endfacet
  facet normal -0.321348 0.946961 0
    outer loop
      vertex 66.6654 2.15224 2
      vertex 66.4176 2.06815 15.2
      vertex 66.6654 2.15224 15.2
    endloop
  endfacet
  facet normal -0.321348 0.946961 0
    outer loop
      vertex 66.4176 2.06815 15.2
      vertex 66.6654 2.15224 2
      vertex 66.4176 2.06815 2
    endloop
  endfacet
  facet normal 0 0 1
    outer loop
      vertex 16.35 10.85 2
      vertex 9.17262 6.46768 2
      vertex 9.2 6.05 2
    endloop
  endfacet
  facet normal -0 0 1
    outer loop
      vertex 8.31274 26.6373 2
      vertex 16.35 22.05 2
      vertex 8.58873 26.952 2
    endloop
  endfacet
  facet normal 0 0 1
    outer loop
      vertex 16.35 17.25 2
      vertex 9.09096 6.87822 2
      vertex 9.17262 6.46768 2
    endloop
  endfacet
  facet normal -0 0 1
    outer loop
      vertex 7.99804 26.3613 2
      vertex 16.35 22.05 2
      vertex 8.31274 26.6373 2
    endloop
  endfacet
  facet normal 0 0 1
    outer loop
      vertex 16.35 17.25 2
      vertex 8.95641 7.27459 2
      vertex 9.09096 6.87822 2
    endloop
  endfacet
  facet normal -0 0 1
    outer loop
      vertex 7.65 26.1287 2
      vertex 16.35 22.05 2
      vertex 7.99804 26.3613 2
    endloop
  endfacet
  facet normal 0 0 1
    outer loop
      vertex 16.35 17.25 2
      vertex 8.77128 7.65 2
      vertex 8.95641 7.27459 2
    endloop
  endfacet
  facet normal 0 0 1
    outer loop
      vertex 16.35 22.05 2
      vertex 7.65 26.1287 2
      vertex 16.35 20.45 2
    endloop
  endfacet
  facet normal 0 0 1
    outer loop
      vertex 16.35 17.25 2
      vertex 8.53873 7.99804 2
      vertex 8.77128 7.65 2
    endloop
  endfacet
  facet normal -0 0 1
    outer loop
      vertex 7.27459 25.9436 2
      vertex 16.35 20.45 2
      vertex 7.65 26.1287 2
    endloop
  endfacet
  facet normal 0 0 1
    outer loop
      vertex 16.35 17.25 2
      vertex 8.26274 8.31274 2
      vertex 8.53873 7.99804 2
    endloop
  endfacet
  facet normal 0 0 1
    outer loop
      vertex 16.35 20.45 2
      vertex 7.27459 25.9436 2
      vertex 16.35 18.85 2
    endloop
  endfacet
  facet normal 0 0 1
    outer loop
      vertex 16.35 17.25 2
      vertex 7.94804 8.58873 2
      vertex 8.26274 8.31274 2
    endloop
  endfacet
  facet normal -0 0 1
    outer loop
      vertex 6.87822 25.809 2
      vertex 16.35 18.85 2
      vertex 7.27459 25.9436 2
    endloop
  endfacet
  facet normal 0 0 1
    outer loop
      vertex 16.35 17.25 2
      vertex 7.6 8.82128 2
      vertex 7.94804 8.58873 2
    endloop
  endfacet
  facet normal 0 0 1
    outer loop
      vertex 16.35 18.85 2
      vertex 6.87822 25.809 2
      vertex 16.35 17.25 2
    endloop
  endfacet
  facet normal 0 0 1
    outer loop
      vertex 16.35 17.25 2
      vertex 7.22459 9.00641 2
      vertex 7.6 8.82128 2
    endloop
  endfacet
  facet normal -0 0 1
    outer loop
      vertex 6.46768 25.7274 2
      vertex 16.35 17.25 2
      vertex 6.87822 25.809 2
    endloop
  endfacet
  facet normal 0 0 1
    outer loop
      vertex 16.35 17.25 2
      vertex 6.82822 9.14096 2
      vertex 7.22459 9.00641 2
    endloop
  endfacet
  facet normal 0 0 1
    outer loop
      vertex 6.41768 9.22262 2
      vertex 16.35 17.25 2
      vertex 6.46768 25.7274 2
    endloop
  endfacet
  facet normal 0 0 1
    outer loop
      vertex 16.35 17.25 2
      vertex 6.41768 9.22262 2
      vertex 6.82822 9.14096 2
    endloop
  endfacet
  facet normal -0 0 1
    outer loop
      vertex 6.05 25.7 2
      vertex 6.41768 9.22262 2
      vertex 6.46768 25.7274 2
    endloop
  endfacet
  facet normal 0 0 1
    outer loop
      vertex 6.05 25.7 2
      vertex 6 9.25 2
      vertex 6.41768 9.22262 2
    endloop
  endfacet
  facet normal 0 0 1
    outer loop
      vertex 5.63232 25.7274 2
      vertex 6 9.25 2
      vertex 6.05 25.7 2
    endloop
  endfacet
  facet normal 0 0 1
    outer loop
      vertex 5.63232 25.7274 2
      vertex 5.58232 9.22262 2
      vertex 6 9.25 2
    endloop
  endfacet
  facet normal 0 0 1
    outer loop
      vertex 5.22178 25.809 2
      vertex 5.58232 9.22262 2
      vertex 5.63232 25.7274 2
    endloop
  endfacet
  facet normal 0 0 1
    outer loop
      vertex 5.22178 25.809 2
      vertex 5.17178 9.14096 2
      vertex 5.58232 9.22262 2
    endloop
  endfacet
  facet normal 0 0 1
    outer loop
      vertex 4.82541 25.9436 2
      vertex 5.17178 9.14096 2
      vertex 5.22178 25.809 2
    endloop
  endfacet
  facet normal 0 0 1
    outer loop
      vertex 4.82541 25.9436 2
      vertex 4.77541 9.00641 2
      vertex 5.17178 9.14096 2
    endloop
  endfacet
  facet normal 0 0 1
    outer loop
      vertex 4.45 26.1287 2
      vertex 4.77541 9.00641 2
      vertex 4.82541 25.9436 2
    endloop
  endfacet
  facet normal 0 0 1
    outer loop
      vertex 4.45 26.1287 2
      vertex 4.4 8.82128 2
      vertex 4.77541 9.00641 2
    endloop
  endfacet
  facet normal 0 0 1
    outer loop
      vertex 4.10196 26.3613 2
      vertex 4.4 8.82128 2
      vertex 4.45 26.1287 2
    endloop
  endfacet
  facet normal 0 0 1
    outer loop
      vertex 4.10196 26.3613 2
      vertex 4.05196 8.58873 2
      vertex 4.4 8.82128 2
    endloop
  endfacet
  facet normal 0 0 1
    outer loop
      vertex 3.78726 26.6373 2
      vertex 4.05196 8.58873 2
      vertex 4.10196 26.3613 2
    endloop
  endfacet
  facet normal 0 0 1
    outer loop
      vertex 3.78726 26.6373 2
      vertex 3.73726 8.31274 2
      vertex 4.05196 8.58873 2
    endloop
  endfacet
  facet normal 0 0 1
    outer loop
      vertex 3.51127 26.952 2
      vertex 3.73726 8.31274 2
      vertex 3.78726 26.6373 2
    endloop
  endfacet
  facet normal 0 0 1
    outer loop
      vertex 3.51127 26.952 2
      vertex 3.46127 7.99804 2
      vertex 3.73726 8.31274 2
    endloop
  endfacet
  facet normal 0 0 1
    outer loop
      vertex 3.27872 27.3 2
      vertex 3.46127 7.99804 2
      vertex 3.51127 26.952 2
    endloop
  endfacet
  facet normal 0 0 1
    outer loop
      vertex 3.27872 27.3 2
      vertex 3.22872 7.65 2
      vertex 3.46127 7.99804 2
    endloop
  endfacet
  facet normal 0 0 1
    outer loop
      vertex 3.09359 27.6754 2
      vertex 3.22872 7.65 2
      vertex 3.27872 27.3 2
    endloop
  endfacet
  facet normal 0 0 1
    outer loop
      vertex 3.09359 27.6754 2
      vertex 3.04359 7.27459 2
      vertex 3.22872 7.65 2
    endloop
  endfacet
  facet normal 0 0 1
    outer loop
      vertex 2.95904 28.0718 2
      vertex 3.04359 7.27459 2
      vertex 3.09359 27.6754 2
    endloop
  endfacet
  facet normal 0 0 1
    outer loop
      vertex 2.95904 28.0718 2
      vertex 2.90904 6.87822 2
      vertex 3.04359 7.27459 2
    endloop
  endfacet
  facet normal 0 0 1
    outer loop
      vertex 2 30.9 2
      vertex 2.95904 28.0718 2
      vertex 2.87738 28.4823 2
    endloop
  endfacet
  facet normal 0 0 1
    outer loop
      vertex 2 30.9 2
      vertex 2.87738 28.4823 2
      vertex 2.85 28.9 2
    endloop
  endfacet
  facet normal 0 0 1
    outer loop
      vertex 2.95904 28.0718 2
      vertex 2 30.9 2
      vertex 2.90904 6.87822 2
    endloop
  endfacet
  facet normal 0 0 1
    outer loop
      vertex 34.55 10.85 2
      vertex 26.372 4.9241 2
      vertex 26.39 4.65 2
    endloop
  endfacet
  facet normal 0 0 1
    outer loop
      vertex 34.55 10.85 2
      vertex 26.3184 5.19352 2
      vertex 26.372 4.9241 2
    endloop
  endfacet
  facet normal 0 0 1
    outer loop
      vertex 34.55 10.85 2
      vertex 26.2301 5.45363 2
      vertex 26.3184 5.19352 2
    endloop
  endfacet
  facet normal 0 0 1
    outer loop
      vertex 34.55 10.85 2
      vertex 26.1087 5.7 2
      vertex 26.2301 5.45363 2
    endloop
  endfacet
  facet normal 0 0 1
    outer loop
      vertex 34.55 10.85 2
      vertex 25.956 5.9284 2
      vertex 26.1087 5.7 2
    endloop
  endfacet
  facet normal 0 0 1
    outer loop
      vertex 34.55 10.85 2
      vertex 25.7749 6.13492 2
      vertex 25.956 5.9284 2
    endloop
  endfacet
  facet normal 0 0 1
    outer loop
      vertex 34.55 10.85 2
      vertex 25.5684 6.31604 2
      vertex 25.7749 6.13492 2
    endloop
  endfacet
  facet normal 0 0 1
    outer loop
      vertex 34.55 10.85 2
      vertex 25.34 6.46865 2
      vertex 25.5684 6.31604 2
    endloop
  endfacet
  facet normal 0 0 1
    outer loop
      vertex 34.55 10.85 2
      vertex 25.0936 6.59015 2
      vertex 25.34 6.46865 2
    endloop
  endfacet
  facet normal 0 0 1
    outer loop
      vertex 34.55 10.85 2
      vertex 24.8335 6.67844 2
      vertex 25.0936 6.59015 2
    endloop
  endfacet
  facet normal 0 0 1
    outer loop
      vertex 34.55 10.85 2
      vertex 24.5641 6.73203 2
      vertex 24.8335 6.67844 2
    endloop
  endfacet
  facet normal -0 0 1
    outer loop
      vertex 16.35 10.85 2
      vertex 24.5641 6.73203 2
      vertex 34.55 10.85 2
    endloop
  endfacet
  facet normal 0 0 1
    outer loop
      vertex 24.5641 6.73203 2
      vertex 16.35 10.85 2
      vertex 24.29 6.75 2
    endloop
  endfacet
  facet normal 0 0 1
    outer loop
      vertex 24.29 6.75 2
      vertex 16.35 10.85 2
      vertex 24.0159 6.73203 2
    endloop
  endfacet
  facet normal 0 0 1
    outer loop
      vertex 24.0159 6.73203 2
      vertex 16.35 10.85 2
      vertex 23.7465 6.67844 2
    endloop
  endfacet
  facet normal 0 0 1
    outer loop
      vertex 22.208 4.9241 2
      vertex 16.35 10.85 2
      vertex 22.19 4.65 2
    endloop
  endfacet
  facet normal 0 0 1
    outer loop
      vertex 22.2616 5.19352 2
      vertex 16.35 10.85 2
      vertex 22.208 4.9241 2
    endloop
  endfacet
  facet normal 0 0 1
    outer loop
      vertex 22.3499 5.45363 2
      vertex 16.35 10.85 2
      vertex 22.2616 5.19352 2
    endloop
  endfacet
  facet normal 0 0 1
    outer loop
      vertex 22.4713 5.7 2
      vertex 16.35 10.85 2
      vertex 22.3499 5.45363 2
    endloop
  endfacet
  facet normal 0 0 1
    outer loop
      vertex 22.624 5.9284 2
      vertex 16.35 10.85 2
      vertex 22.4713 5.7 2
    endloop
  endfacet
  facet normal 0 0 1
    outer loop
      vertex 22.8051 6.13492 2
      vertex 16.35 10.85 2
      vertex 22.624 5.9284 2
    endloop
  endfacet
  facet normal 0 0 1
    outer loop
      vertex 23.0116 6.31604 2
      vertex 16.35 10.85 2
      vertex 22.8051 6.13492 2
    endloop
  endfacet
  facet normal 0 0 1
    outer loop
      vertex 23.24 6.46865 2
      vertex 16.35 10.85 2
      vertex 23.0116 6.31604 2
    endloop
  endfacet
  facet normal 0 0 1
    outer loop
      vertex 23.4864 6.59015 2
      vertex 16.35 10.85 2
      vertex 23.24 6.46865 2
    endloop
  endfacet
  facet normal 0 0 1
    outer loop
      vertex 23.7465 6.67844 2
      vertex 16.35 10.85 2
      vertex 23.4864 6.59015 2
    endloop
  endfacet
  facet normal -0 0 1
    outer loop
      vertex 16.35 14.05 2
      vertex 34.55 12.45 2
      vertex 34.55 14.05 2
    endloop
  endfacet
  facet normal 0 0 1
    outer loop
      vertex 34.55 12.45 2
      vertex 16.35 14.05 2
      vertex 16.35 12.45 2
    endloop
  endfacet
  facet normal -0 0 1
    outer loop
      vertex 16.35 17.25 2
      vertex 34.55 15.65 2
      vertex 34.55 17.25 2
    endloop
  endfacet
  facet normal 0 0 1
    outer loop
      vertex 34.55 15.65 2
      vertex 16.35 17.25 2
      vertex 16.35 15.65 2
    endloop
  endfacet
  facet normal -0 0 1
    outer loop
      vertex 16.35 20.45 2
      vertex 34.55 18.85 2
      vertex 34.55 20.45 2
    endloop
  endfacet
  facet normal 0 0 1
    outer loop
      vertex 34.55 18.85 2
      vertex 16.35 20.45 2
      vertex 16.35 18.85 2
    endloop
  endfacet
  facet normal 0 0 1
    outer loop
      vertex 66.941 6.87822 2
      vertex 67.9 30.9 2
      vertex 66.941 28.1218 2
    endloop
  endfacet
  facet normal 0 0 1
    outer loop
      vertex 67.9 4 2
      vertex 67.0226 6.46768 2
      vertex 67.05 6.05 2
    endloop
  endfacet
  facet normal 0 0 1
    outer loop
      vertex 67.9 30.9 2
      vertex 66.941 6.87822 2
      vertex 67.9 4 2
    endloop
  endfacet
  facet normal 0 0 1
    outer loop
      vertex 67.9 4 2
      vertex 66.941 6.87822 2
      vertex 67.0226 6.46768 2
    endloop
  endfacet
  facet normal -0 0 1
    outer loop
      vertex 66.8064 27.7254 2
      vertex 66.941 6.87822 2
      vertex 66.941 28.1218 2
    endloop
  endfacet
  facet normal 0 0 1
    outer loop
      vertex 66.8064 27.7254 2
      vertex 66.8064 7.27459 2
      vertex 66.941 6.87822 2
    endloop
  endfacet
  facet normal -0 0 1
    outer loop
      vertex 66.6213 27.35 2
      vertex 66.8064 7.27459 2
      vertex 66.8064 27.7254 2
    endloop
  endfacet
  facet normal 0 0 1
    outer loop
      vertex 66.6213 27.35 2
      vertex 66.6213 7.65 2
      vertex 66.8064 7.27459 2
    endloop
  endfacet
  facet normal -0 0 1
    outer loop
      vertex 66.3887 27.002 2
      vertex 66.6213 7.65 2
      vertex 66.6213 27.35 2
    endloop
  endfacet
  facet normal 0 0 1
    outer loop
      vertex 66.3887 27.002 2
      vertex 66.3887 7.99804 2
      vertex 66.6213 7.65 2
    endloop
  endfacet
  facet normal -0 0 1
    outer loop
      vertex 66.1127 26.6873 2
      vertex 66.3887 7.99804 2
      vertex 66.3887 27.002 2
    endloop
  endfacet
  facet normal 0 0 1
    outer loop
      vertex 66.1127 26.6873 2
      vertex 66.1127 8.31274 2
      vertex 66.3887 7.99804 2
    endloop
  endfacet
  facet normal -0 0 1
    outer loop
      vertex 65.798 26.4113 2
      vertex 66.1127 8.31274 2
      vertex 66.1127 26.6873 2
    endloop
  endfacet
  facet normal 0 0 1
    outer loop
      vertex 65.798 26.4113 2
      vertex 65.798 8.58873 2
      vertex 66.1127 8.31274 2
    endloop
  endfacet
  facet normal -0 0 1
    outer loop
      vertex 65.45 26.1787 2
      vertex 65.798 8.58873 2
      vertex 65.798 26.4113 2
    endloop
  endfacet
  facet normal 0 0 1
    outer loop
      vertex 65.45 26.1787 2
      vertex 65.45 8.82128 2
      vertex 65.798 8.58873 2
    endloop
  endfacet
  facet normal -0 0 1
    outer loop
      vertex 65.0746 25.9936 2
      vertex 65.45 8.82128 2
      vertex 65.45 26.1787 2
    endloop
  endfacet
  facet normal 0 0 1
    outer loop
      vertex 65.0746 25.9936 2
      vertex 65.0746 9.00641 2
      vertex 65.45 8.82128 2
    endloop
  endfacet
  facet normal -0 0 1
    outer loop
      vertex 64.6782 25.859 2
      vertex 65.0746 9.00641 2
      vertex 65.0746 25.9936 2
    endloop
  endfacet
  facet normal 0 0 1
    outer loop
      vertex 64.6782 25.859 2
      vertex 64.6782 9.14096 2
      vertex 65.0746 9.00641 2
    endloop
  endfacet
  facet normal -0 0 1
    outer loop
      vertex 64.2677 25.7774 2
      vertex 64.6782 9.14096 2
      vertex 64.6782 25.859 2
    endloop
  endfacet
  facet normal 0 0 1
    outer loop
      vertex 64.2677 25.7774 2
      vertex 64.2677 9.22262 2
      vertex 64.6782 9.14096 2
    endloop
  endfacet
  facet normal -0 0 1
    outer loop
      vertex 63.85 25.75 2
      vertex 64.2677 9.22262 2
      vertex 64.2677 25.7774 2
    endloop
  endfacet
  facet normal 0 0 1
    outer loop
      vertex 63.85 25.75 2
      vertex 63.85 9.25 2
      vertex 64.2677 9.22262 2
    endloop
  endfacet
  facet normal 0 0 1
    outer loop
      vertex 63.4323 25.7774 2
      vertex 63.85 9.25 2
      vertex 63.85 25.75 2
    endloop
  endfacet
  facet normal 0 0 1
    outer loop
      vertex 63.4323 25.7774 2
      vertex 63.4323 9.22262 2
      vertex 63.85 9.25 2
    endloop
  endfacet
  facet normal 0 0 1
    outer loop
      vertex 63.0218 25.859 2
      vertex 63.4323 9.22262 2
      vertex 63.4323 25.7774 2
    endloop
  endfacet
  facet normal 0 0 1
    outer loop
      vertex 63.0218 25.859 2
      vertex 63.0218 9.14096 2
      vertex 63.4323 9.22262 2
    endloop
  endfacet
  facet normal 0 0 1
    outer loop
      vertex 62.6254 25.9936 2
      vertex 63.0218 9.14096 2
      vertex 63.0218 25.859 2
    endloop
  endfacet
  facet normal 0 0 1
    outer loop
      vertex 62.6254 25.9936 2
      vertex 62.6254 9.00641 2
      vertex 63.0218 9.14096 2
    endloop
  endfacet
  facet normal 0 0 1
    outer loop
      vertex 62.25 26.1787 2
      vertex 62.6254 9.00641 2
      vertex 62.6254 25.9936 2
    endloop
  endfacet
  facet normal 0 0 1
    outer loop
      vertex 62.25 26.1787 2
      vertex 62.25 8.82128 2
      vertex 62.6254 9.00641 2
    endloop
  endfacet
  facet normal 0 0 1
    outer loop
      vertex 61.902 26.4113 2
      vertex 62.25 8.82128 2
      vertex 62.25 26.1787 2
    endloop
  endfacet
  facet normal 0 0 1
    outer loop
      vertex 61.902 26.4113 2
      vertex 61.902 8.58873 2
      vertex 62.25 8.82128 2
    endloop
  endfacet
  facet normal 0 0 1
    outer loop
      vertex 61.5873 26.6873 2
      vertex 61.902 8.58873 2
      vertex 61.902 26.4113 2
    endloop
  endfacet
  facet normal 0 0 1
    outer loop
      vertex 61.5873 26.6873 2
      vertex 61.5873 8.31274 2
      vertex 61.902 8.58873 2
    endloop
  endfacet
  facet normal 0 0 1
    outer loop
      vertex 61.3113 27.002 2
      vertex 61.5873 8.31274 2
      vertex 61.5873 26.6873 2
    endloop
  endfacet
  facet normal 0 0 1
    outer loop
      vertex 61.3113 27.002 2
      vertex 61.3113 7.99804 2
      vertex 61.5873 8.31274 2
    endloop
  endfacet
  facet normal 0 0 1
    outer loop
      vertex 34.55 18.85 2
      vertex 61.3113 27.002 2
      vertex 61.0787 27.35 2
    endloop
  endfacet
  facet normal 0 0 1
    outer loop
      vertex 61.3113 27.002 2
      vertex 34.55 17.25 2
      vertex 61.3113 7.99804 2
    endloop
  endfacet
  facet normal 0 0 1
    outer loop
      vertex 34.55 20.45 2
      vertex 61.0787 27.35 2
      vertex 60.8936 27.7254 2
    endloop
  endfacet
  facet normal -0 0 1
    outer loop
      vertex 34.55 15.65 2
      vertex 61.3113 7.99804 2
      vertex 34.55 17.25 2
    endloop
  endfacet
  facet normal 0 0 1
    outer loop
      vertex 34.55 22.05 2
      vertex 60.8936 27.7254 2
      vertex 60.759 28.1218 2
    endloop
  endfacet
  facet normal 0 0 1
    outer loop
      vertex 61.3113 7.99804 2
      vertex 34.55 15.65 2
      vertex 61.0787 7.65 2
    endloop
  endfacet
  facet normal 0 0 1
    outer loop
      vertex 34.55 22.05 2
      vertex 60.759 28.1218 2
      vertex 60.6774 28.5323 2
    endloop
  endfacet
  facet normal -0 0 1
    outer loop
      vertex 34.55 14.05 2
      vertex 61.0787 7.65 2
      vertex 34.55 15.65 2
    endloop
  endfacet
  facet normal 0 0 1
    outer loop
      vertex 34.55 22.05 2
      vertex 60.6774 28.5323 2
      vertex 60.65 28.95 2
    endloop
  endfacet
  facet normal 0 0 1
    outer loop
      vertex 61.0787 7.65 2
      vertex 34.55 14.05 2
      vertex 60.8936 7.27459 2
    endloop
  endfacet
  facet normal 0 0 1
    outer loop
      vertex 66.6213 30.55 2
      vertex 67.9 30.9 2
      vertex 67.8829 31.1611 2
    endloop
  endfacet
  facet normal 0 0 1
    outer loop
      vertex 67.0226 28.5323 2
      vertex 67.9 30.9 2
      vertex 67.05 28.95 2
    endloop
  endfacet
  facet normal 0 0 1
    outer loop
      vertex 66.3887 30.898 2
      vertex 67.8829 31.1611 2
      vertex 67.8318 31.4176 2
    endloop
  endfacet
  facet normal 0 0 1
    outer loop
      vertex 66.941 28.1218 2
      vertex 67.9 30.9 2
      vertex 67.0226 28.5323 2
    endloop
  endfacet
  facet normal 0 0 1
    outer loop
      vertex 66.3887 30.898 2
      vertex 67.8318 31.4176 2
      vertex 67.7478 31.6654 2
    endloop
  endfacet
  facet normal -0 0 1
    outer loop
      vertex 67.0226 5.63232 2
      vertex 67.9 4 2
      vertex 67.05 6.05 2
    endloop
  endfacet
  facet normal 0 0 1
    outer loop
      vertex 66.3887 30.898 2
      vertex 67.7478 31.6654 2
      vertex 67.632 31.9 2
    endloop
  endfacet
  facet normal -0 0 1
    outer loop
      vertex 66.941 5.22178 2
      vertex 67.9 4 2
      vertex 67.0226 5.63232 2
    endloop
  endfacet
  facet normal 0 0 1
    outer loop
      vertex 66.3887 30.898 2
      vertex 67.632 31.9 2
      vertex 67.4867 32.1175 2
    endloop
  endfacet
  facet normal -0 0 1
    outer loop
      vertex 66.8064 4.82541 2
      vertex 67.9 4 2
      vertex 66.941 5.22178 2
    endloop
  endfacet
  facet normal 0 0 1
    outer loop
      vertex 66.1127 31.2127 2
      vertex 67.4867 32.1175 2
      vertex 67.3142 32.3142 2
    endloop
  endfacet
  facet normal -0 0 1
    outer loop
      vertex 66.6213 4.45 2
      vertex 67.9 4 2
      vertex 66.8064 4.82541 2
    endloop
  endfacet
  facet normal 0 0 1
    outer loop
      vertex 66.1127 31.2127 2
      vertex 67.3142 32.3142 2
      vertex 67.1175 32.4867 2
    endloop
  endfacet
  facet normal 0 0 1
    outer loop
      vertex 67.9 4 2
      vertex 66.6213 4.45 2
      vertex 67.8829 3.73895 2
    endloop
  endfacet
  facet normal -0 0 1
    outer loop
      vertex 66.3887 4.10196 2
      vertex 67.8829 3.73895 2
      vertex 66.6213 4.45 2
    endloop
  endfacet
  facet normal 0 0 1
    outer loop
      vertex 67.9 30.9 2
      vertex 67.0226 29.3677 2
      vertex 67.05 28.95 2
    endloop
  endfacet
  facet normal 0 0 1
    outer loop
      vertex 67.9 30.9 2
      vertex 66.941 29.7782 2
      vertex 67.0226 29.3677 2
    endloop
  endfacet
  facet normal 0 0 1
    outer loop
      vertex 66.1127 31.2127 2
      vertex 67.1175 32.4867 2
      vertex 66.9 32.632 2
    endloop
  endfacet
  facet normal 0 0 1
    outer loop
      vertex 67.9 30.9 2
      vertex 66.8064 30.1746 2
      vertex 66.941 29.7782 2
    endloop
  endfacet
  facet normal 0 0 1
    outer loop
      vertex 65.798 31.4887 2
      vertex 66.9 32.632 2
      vertex 66.6654 32.7478 2
    endloop
  endfacet
  facet normal 0 0 1
    outer loop
      vertex 67.9 30.9 2
      vertex 66.6213 30.55 2
      vertex 66.8064 30.1746 2
    endloop
  endfacet
  facet normal 0 0 1
    outer loop
      vertex 65.798 31.4887 2
      vertex 66.6654 32.7478 2
      vertex 66.4176 32.8319 2
    endloop
  endfacet
  facet normal 0 0 1
    outer loop
      vertex 67.8829 31.1611 2
      vertex 66.3887 30.898 2
      vertex 66.6213 30.55 2
    endloop
  endfacet
  facet normal 0 0 1
    outer loop
      vertex 65.798 31.4887 2
      vertex 66.4176 32.8319 2
      vertex 66.161 32.8829 2
    endloop
  endfacet
  facet normal 0 0 1
    outer loop
      vertex 67.4867 32.1175 2
      vertex 66.1127 31.2127 2
      vertex 66.3887 30.898 2
    endloop
  endfacet
  facet normal 0 0 1
    outer loop
      vertex 65.45 31.7213 2
      vertex 66.161 32.8829 2
      vertex 65.9 32.9 2
    endloop
  endfacet
  facet normal 0 0 1
    outer loop
      vertex 66.9 32.632 2
      vertex 65.798 31.4887 2
      vertex 66.1127 31.2127 2
    endloop
  endfacet
  facet normal 0 0 1
    outer loop
      vertex 66.161 32.8829 2
      vertex 65.45 31.7213 2
      vertex 65.798 31.4887 2
    endloop
  endfacet
  facet normal 0 0 1
    outer loop
      vertex 65.9 32.9 2
      vertex 65.0746 31.9064 2
      vertex 65.45 31.7213 2
    endloop
  endfacet
  facet normal 0 0 1
    outer loop
      vertex 65.9 32.9 2
      vertex 64.6782 32.041 2
      vertex 65.0746 31.9064 2
    endloop
  endfacet
  facet normal 0 0 1
    outer loop
      vertex 65.9 32.9 2
      vertex 64.2677 32.1226 2
      vertex 64.6782 32.041 2
    endloop
  endfacet
  facet normal 0 0 1
    outer loop
      vertex 65.9 32.9 2
      vertex 63.85 32.15 2
      vertex 64.2677 32.1226 2
    endloop
  endfacet
  facet normal 0 0 1
    outer loop
      vertex 65.9 32.9 2
      vertex 63.4323 32.1226 2
      vertex 63.85 32.15 2
    endloop
  endfacet
  facet normal 0 0 1
    outer loop
      vertex 65.9 32.9 2
      vertex 63.0218 32.041 2
      vertex 63.4323 32.1226 2
    endloop
  endfacet
  facet normal 0 0 1
    outer loop
      vertex 60.8936 27.7254 2
      vertex 34.55 22.05 2
      vertex 34.55 20.45 2
    endloop
  endfacet
  facet normal 0 0 1
    outer loop
      vertex 60.6774 29.3677 2
      vertex 34.55 22.05 2
      vertex 60.65 28.95 2
    endloop
  endfacet
  facet normal 0 0 1
    outer loop
      vertex 60.759 29.7782 2
      vertex 34.55 22.05 2
      vertex 60.6774 29.3677 2
    endloop
  endfacet
  facet normal 0 0 1
    outer loop
      vertex 60.8936 30.1746 2
      vertex 34.55 22.05 2
      vertex 60.759 29.7782 2
    endloop
  endfacet
  facet normal 0 0 1
    outer loop
      vertex 61.0787 30.55 2
      vertex 34.55 22.05 2
      vertex 60.8936 30.1746 2
    endloop
  endfacet
  facet normal 0 0 1
    outer loop
      vertex 61.3113 30.898 2
      vertex 34.55 22.05 2
      vertex 61.0787 30.55 2
    endloop
  endfacet
  facet normal 0 0 1
    outer loop
      vertex 61.5873 31.2127 2
      vertex 34.55 22.05 2
      vertex 61.3113 30.898 2
    endloop
  endfacet
  facet normal 0 0 1
    outer loop
      vertex 61.902 31.4887 2
      vertex 34.55 22.05 2
      vertex 61.5873 31.2127 2
    endloop
  endfacet
  facet normal 0 0 1
    outer loop
      vertex 7.99804 31.4387 2
      vertex 61.902 31.4887 2
      vertex 62.25 31.7213 2
    endloop
  endfacet
  facet normal 0 0 1
    outer loop
      vertex 7.65 31.6713 2
      vertex 62.25 31.7213 2
      vertex 62.6254 31.9064 2
    endloop
  endfacet
  facet normal 0 0 1
    outer loop
      vertex 61.902 31.4887 2
      vertex 7.99804 31.4387 2
      vertex 34.55 22.05 2
    endloop
  endfacet
  facet normal 0 0 1
    outer loop
      vertex 7.27459 31.8564 2
      vertex 62.6254 31.9064 2
      vertex 63.0218 32.041 2
    endloop
  endfacet
  facet normal -0 0 1
    outer loop
      vertex 4 32.9 2
      vertex 63.0218 32.041 2
      vertex 65.9 32.9 2
    endloop
  endfacet
  facet normal -0 0 1
    outer loop
      vertex 9.14096 28.0718 2
      vertex 16.35 22.05 2
      vertex 9.22262 28.4823 2
    endloop
  endfacet
  facet normal -0 0 1
    outer loop
      vertex 9.00641 27.6754 2
      vertex 16.35 22.05 2
      vertex 9.14096 28.0718 2
    endloop
  endfacet
  facet normal -0 0 1
    outer loop
      vertex 8.82128 27.3 2
      vertex 16.35 22.05 2
      vertex 9.00641 27.6754 2
    endloop
  endfacet
  facet normal -0 0 1
    outer loop
      vertex 8.58873 26.952 2
      vertex 16.35 22.05 2
      vertex 8.82128 27.3 2
    endloop
  endfacet
  facet normal 0 0 1
    outer loop
      vertex 9.17262 6.46768 2
      vertex 16.35 15.65 2
      vertex 16.35 17.25 2
    endloop
  endfacet
  facet normal 0 0 1
    outer loop
      vertex 9.17262 6.46768 2
      vertex 16.35 12.45 2
      vertex 16.35 14.05 2
    endloop
  endfacet
  facet normal -0 0 1
    outer loop
      vertex 9.22262 28.4823 2
      vertex 16.35 22.05 2
      vertex 9.25 28.9 2
    endloop
  endfacet
  facet normal -0 -0 1
    outer loop
      vertex 9.00641 30.1246 2
      vertex 34.55 22.05 2
      vertex 8.82128 30.5 2
    endloop
  endfacet
  facet normal 0 0 1
    outer loop
      vertex 16.35 22.05 2
      vertex 9.22262 29.3177 2
      vertex 9.25 28.9 2
    endloop
  endfacet
  facet normal 0 0 1
    outer loop
      vertex 16.35 22.05 2
      vertex 9.14096 29.7282 2
      vertex 9.22262 29.3177 2
    endloop
  endfacet
  facet normal 0 0 1
    outer loop
      vertex 16.35 22.05 2
      vertex 9.00641 30.1246 2
      vertex 9.14096 29.7282 2
    endloop
  endfacet
  facet normal 0 0 1
    outer loop
      vertex 34.55 22.05 2
      vertex 9.00641 30.1246 2
      vertex 16.35 22.05 2
    endloop
  endfacet
  facet normal 0 0 1
    outer loop
      vertex 34.55 22.05 2
      vertex 8.58873 30.848 2
      vertex 8.82128 30.5 2
    endloop
  endfacet
  facet normal 0 0 1
    outer loop
      vertex 34.55 22.05 2
      vertex 8.31274 31.1627 2
      vertex 8.58873 30.848 2
    endloop
  endfacet
  facet normal 0 0 1
    outer loop
      vertex 34.55 22.05 2
      vertex 7.99804 31.4387 2
      vertex 8.31274 31.1627 2
    endloop
  endfacet
  facet normal 0 0 1
    outer loop
      vertex 62.25 31.7213 2
      vertex 7.65 31.6713 2
      vertex 7.99804 31.4387 2
    endloop
  endfacet
  facet normal 0 0 1
    outer loop
      vertex 62.6254 31.9064 2
      vertex 7.27459 31.8564 2
      vertex 7.65 31.6713 2
    endloop
  endfacet
  facet normal 0 0 1
    outer loop
      vertex 63.0218 32.041 2
      vertex 6.87822 31.991 2
      vertex 7.27459 31.8564 2
    endloop
  endfacet
  facet normal 0 0 1
    outer loop
      vertex 63.0218 32.041 2
      vertex 4 32.9 2
      vertex 6.87822 31.991 2
    endloop
  endfacet
  facet normal 0 0 1
    outer loop
      vertex 6.87822 31.991 2
      vertex 4 32.9 2
      vertex 6.46768 32.0726 2
    endloop
  endfacet
  facet normal 0 0 1
    outer loop
      vertex 6.46768 32.0726 2
      vertex 4 32.9 2
      vertex 6.05 32.1 2
    endloop
  endfacet
  facet normal 0 0 1
    outer loop
      vertex 4 32.9 2
      vertex 5.63232 32.0726 2
      vertex 6.05 32.1 2
    endloop
  endfacet
  facet normal 0 0 1
    outer loop
      vertex 4 32.9 2
      vertex 5.22178 31.991 2
      vertex 5.63232 32.0726 2
    endloop
  endfacet
  facet normal 0 0 1
    outer loop
      vertex 4 32.9 2
      vertex 4.82541 31.8564 2
      vertex 5.22178 31.991 2
    endloop
  endfacet
  facet normal 0 0 1
    outer loop
      vertex 4 32.9 2
      vertex 4.45 31.6713 2
      vertex 4.82541 31.8564 2
    endloop
  endfacet
  facet normal -0 0 1
    outer loop
      vertex 3.73895 32.8829 2
      vertex 4.45 31.6713 2
      vertex 4 32.9 2
    endloop
  endfacet
  facet normal 0 0 1
    outer loop
      vertex 4.45 31.6713 2
      vertex 3.73895 32.8829 2
      vertex 4.10196 31.4387 2
    endloop
  endfacet
  facet normal -0 0 1
    outer loop
      vertex 3.48236 32.8319 2
      vertex 4.10196 31.4387 2
      vertex 3.73895 32.8829 2
    endloop
  endfacet
  facet normal -0 0 1
    outer loop
      vertex 3.23463 32.7478 2
      vertex 4.10196 31.4387 2
      vertex 3.48236 32.8319 2
    endloop
  endfacet
  facet normal -0 0 1
    outer loop
      vertex 3 32.632 2
      vertex 4.10196 31.4387 2
      vertex 3.23463 32.7478 2
    endloop
  endfacet
  facet normal 0 0 1
    outer loop
      vertex 4.10196 31.4387 2
      vertex 3 32.632 2
      vertex 3.78726 31.1627 2
    endloop
  endfacet
  facet normal -0 0 1
    outer loop
      vertex 2.78248 32.4867 2
      vertex 3.78726 31.1627 2
      vertex 3 32.632 2
    endloop
  endfacet
  facet normal -0 0 1
    outer loop
      vertex 2.58579 32.3142 2
      vertex 3.78726 31.1627 2
      vertex 2.78248 32.4867 2
    endloop
  endfacet
  facet normal -0 0 1
    outer loop
      vertex 2.41329 32.1175 2
      vertex 3.78726 31.1627 2
      vertex 2.58579 32.3142 2
    endloop
  endfacet
  facet normal 0 0 1
    outer loop
      vertex 3.78726 31.1627 2
      vertex 2.41329 32.1175 2
      vertex 3.51127 30.848 2
    endloop
  endfacet
  facet normal -0 0 1
    outer loop
      vertex 2.26795 31.9 2
      vertex 3.51127 30.848 2
      vertex 2.41329 32.1175 2
    endloop
  endfacet
  facet normal -0 0 1
    outer loop
      vertex 2.15224 31.6654 2
      vertex 3.51127 30.848 2
      vertex 2.26795 31.9 2
    endloop
  endfacet
  facet normal 0 0 1
    outer loop
      vertex 2 4 2
      vertex 2.90904 6.87822 2
      vertex 2 30.9 2
    endloop
  endfacet
  facet normal 0 0 1
    outer loop
      vertex 2.87738 29.3177 2
      vertex 2 30.9 2
      vertex 2.85 28.9 2
    endloop
  endfacet
  facet normal -0 0 1
    outer loop
      vertex 2.06815 31.4176 2
      vertex 3.51127 30.848 2
      vertex 2.15224 31.6654 2
    endloop
  endfacet
  facet normal 0 0 1
    outer loop
      vertex 67.8829 3.73895 2
      vertex 66.3887 4.10196 2
      vertex 67.8318 3.48236 2
    endloop
  endfacet
  facet normal 0 0 1
    outer loop
      vertex 67.8318 3.48236 2
      vertex 66.3887 4.10196 2
      vertex 67.7478 3.23463 2
    endloop
  endfacet
  facet normal 0 0 1
    outer loop
      vertex 67.7478 3.23463 2
      vertex 66.3887 4.10196 2
      vertex 67.632 3 2
    endloop
  endfacet
  facet normal -0 0 1
    outer loop
      vertex 66.1127 3.78726 2
      vertex 67.632 3 2
      vertex 66.3887 4.10196 2
    endloop
  endfacet
  facet normal 0 0 1
    outer loop
      vertex 67.632 3 2
      vertex 66.1127 3.78726 2
      vertex 67.4867 2.78248 2
    endloop
  endfacet
  facet normal 0 0 1
    outer loop
      vertex 67.4867 2.78248 2
      vertex 66.1127 3.78726 2
      vertex 67.3142 2.58579 2
    endloop
  endfacet
  facet normal 0 0 1
    outer loop
      vertex 67.3142 2.58579 2
      vertex 66.1127 3.78726 2
      vertex 67.1175 2.41329 2
    endloop
  endfacet
  facet normal 0 0 1
    outer loop
      vertex 67.1175 2.41329 2
      vertex 66.1127 3.78726 2
      vertex 66.9 2.26795 2
    endloop
  endfacet
  facet normal -0 0 1
    outer loop
      vertex 65.798 3.51127 2
      vertex 66.9 2.26795 2
      vertex 66.1127 3.78726 2
    endloop
  endfacet
  facet normal 0 0 1
    outer loop
      vertex 66.9 2.26795 2
      vertex 65.798 3.51127 2
      vertex 66.6654 2.15224 2
    endloop
  endfacet
  facet normal 0 0 1
    outer loop
      vertex 66.6654 2.15224 2
      vertex 65.798 3.51127 2
      vertex 66.4176 2.06815 2
    endloop
  endfacet
  facet normal 0 0 1
    outer loop
      vertex 66.4176 2.06815 2
      vertex 65.798 3.51127 2
      vertex 66.161 2.01711 2
    endloop
  endfacet
  facet normal -0 0 1
    outer loop
      vertex 65.45 3.27872 2
      vertex 66.161 2.01711 2
      vertex 65.798 3.51127 2
    endloop
  endfacet
  facet normal 0 0 1
    outer loop
      vertex 66.161 2.01711 2
      vertex 65.45 3.27872 2
      vertex 65.9 2 2
    endloop
  endfacet
  facet normal -0 0 1
    outer loop
      vertex 65.0746 3.09359 2
      vertex 65.9 2 2
      vertex 65.45 3.27872 2
    endloop
  endfacet
  facet normal -0 0 1
    outer loop
      vertex 64.6782 2.95904 2
      vertex 65.9 2 2
      vertex 65.0746 3.09359 2
    endloop
  endfacet
  facet normal -0 0 1
    outer loop
      vertex 64.2677 2.87738 2
      vertex 65.9 2 2
      vertex 64.6782 2.95904 2
    endloop
  endfacet
  facet normal -0 0 1
    outer loop
      vertex 63.85 2.85 2
      vertex 65.9 2 2
      vertex 64.2677 2.87738 2
    endloop
  endfacet
  facet normal 0 0 1
    outer loop
      vertex 63.4323 2.87738 2
      vertex 65.9 2 2
      vertex 63.85 2.85 2
    endloop
  endfacet
  facet normal 0 0 1
    outer loop
      vertex 63.0218 2.95904 2
      vertex 65.9 2 2
      vertex 63.4323 2.87738 2
    endloop
  endfacet
  facet normal 0 0 1
    outer loop
      vertex 61.0787 27.35 2
      vertex 34.55 20.45 2
      vertex 34.55 18.85 2
    endloop
  endfacet
  facet normal 0 0 1
    outer loop
      vertex 61.3113 27.002 2
      vertex 34.55 18.85 2
      vertex 34.55 17.25 2
    endloop
  endfacet
  facet normal -0 0 1
    outer loop
      vertex 34.55 12.45 2
      vertex 60.8936 7.27459 2
      vertex 34.55 14.05 2
    endloop
  endfacet
  facet normal -0 0 1
    outer loop
      vertex 34.55 10.85 2
      vertex 60.8936 7.27459 2
      vertex 34.55 12.45 2
    endloop
  endfacet
  facet normal 0 0 1
    outer loop
      vertex 60.8936 7.27459 2
      vertex 34.55 10.85 2
      vertex 60.759 6.87822 2
    endloop
  endfacet
  facet normal 0 0 1
    outer loop
      vertex 60.759 6.87822 2
      vertex 34.55 10.85 2
      vertex 60.6774 6.46768 2
    endloop
  endfacet
  facet normal 0 0 1
    outer loop
      vertex 60.6774 6.46768 2
      vertex 34.55 10.85 2
      vertex 60.65 6.05 2
    endloop
  endfacet
  facet normal 0 0 1
    outer loop
      vertex 60.65 6.05 2
      vertex 34.55 10.85 2
      vertex 60.6774 5.63232 2
    endloop
  endfacet
  facet normal 0 0 1
    outer loop
      vertex 60.6774 5.63232 2
      vertex 34.55 10.85 2
      vertex 60.759 5.22178 2
    endloop
  endfacet
  facet normal 0 0 1
    outer loop
      vertex 60.759 5.22178 2
      vertex 34.55 10.85 2
      vertex 60.8936 4.82541 2
    endloop
  endfacet
  facet normal 0 0 1
    outer loop
      vertex 60.8936 4.82541 2
      vertex 34.55 10.85 2
      vertex 61.0787 4.45 2
    endloop
  endfacet
  facet normal 0 0 1
    outer loop
      vertex 61.0787 4.45 2
      vertex 34.55 10.85 2
      vertex 61.3113 4.10196 2
    endloop
  endfacet
  facet normal 0 0 1
    outer loop
      vertex 25.956 3.3716 2
      vertex 61.3113 4.10196 2
      vertex 34.55 10.85 2
    endloop
  endfacet
  facet normal 0 0 1
    outer loop
      vertex 61.3113 4.10196 2
      vertex 25.956 3.3716 2
      vertex 61.5873 3.78726 2
    endloop
  endfacet
  facet normal 0 0 1
    outer loop
      vertex 25.7749 3.16508 2
      vertex 61.5873 3.78726 2
      vertex 25.956 3.3716 2
    endloop
  endfacet
  facet normal 0 0 1
    outer loop
      vertex 61.5873 3.78726 2
      vertex 25.7749 3.16508 2
      vertex 61.902 3.51127 2
    endloop
  endfacet
  facet normal 0 0 1
    outer loop
      vertex 25.5684 2.98396 2
      vertex 61.902 3.51127 2
      vertex 25.7749 3.16508 2
    endloop
  endfacet
  facet normal 0 0 1
    outer loop
      vertex 61.902 3.51127 2
      vertex 25.5684 2.98396 2
      vertex 62.25 3.27872 2
    endloop
  endfacet
  facet normal 0 0 1
    outer loop
      vertex 26.372 4.37589 2
      vertex 34.55 10.85 2
      vertex 26.39 4.65 2
    endloop
  endfacet
  facet normal 0 0 1
    outer loop
      vertex 26.3184 4.10648 2
      vertex 34.55 10.85 2
      vertex 26.372 4.37589 2
    endloop
  endfacet
  facet normal 0 0 1
    outer loop
      vertex 26.2301 3.84636 2
      vertex 34.55 10.85 2
      vertex 26.3184 4.10648 2
    endloop
  endfacet
  facet normal 0 0 1
    outer loop
      vertex 26.1087 3.6 2
      vertex 34.55 10.85 2
      vertex 26.2301 3.84636 2
    endloop
  endfacet
  facet normal 0 0 1
    outer loop
      vertex 25.956 3.3716 2
      vertex 34.55 10.85 2
      vertex 26.1087 3.6 2
    endloop
  endfacet
  facet normal 0 0 1
    outer loop
      vertex 25.34 2.83135 2
      vertex 62.25 3.27872 2
      vertex 25.5684 2.98396 2
    endloop
  endfacet
  facet normal 0 0 1
    outer loop
      vertex 62.25 3.27872 2
      vertex 25.34 2.83135 2
      vertex 62.6254 3.09359 2
    endloop
  endfacet
  facet normal 0 0 1
    outer loop
      vertex 25.0936 2.70985 2
      vertex 62.6254 3.09359 2
      vertex 25.34 2.83135 2
    endloop
  endfacet
  facet normal 0 0 1
    outer loop
      vertex 62.6254 3.09359 2
      vertex 25.0936 2.70985 2
      vertex 63.0218 2.95904 2
    endloop
  endfacet
  facet normal 0 0 1
    outer loop
      vertex 24.8335 2.62156 2
      vertex 63.0218 2.95904 2
      vertex 25.0936 2.70985 2
    endloop
  endfacet
  facet normal 0 0 1
    outer loop
      vertex 63.0218 2.95904 2
      vertex 24.8335 2.62156 2
      vertex 65.9 2 2
    endloop
  endfacet
  facet normal -0 0 1
    outer loop
      vertex 24.5641 2.56797 2
      vertex 65.9 2 2
      vertex 24.8335 2.62156 2
    endloop
  endfacet
  facet normal -0 0 1
    outer loop
      vertex 24.29 2.55 2
      vertex 65.9 2 2
      vertex 24.5641 2.56797 2
    endloop
  endfacet
  facet normal -0 0 1
    outer loop
      vertex 9.17262 5.63232 2
      vertex 22.19 4.65 2
      vertex 16.35 10.85 2
    endloop
  endfacet
  facet normal 0 0 1
    outer loop
      vertex 22.19 4.65 2
      vertex 9.17262 5.63232 2
      vertex 22.208 4.37589 2
    endloop
  endfacet
  facet normal -0 0 1
    outer loop
      vertex 9.09096 5.22178 2
      vertex 22.208 4.37589 2
      vertex 9.17262 5.63232 2
    endloop
  endfacet
  facet normal 0 0 1
    outer loop
      vertex 22.208 4.37589 2
      vertex 9.09096 5.22178 2
      vertex 22.2616 4.10648 2
    endloop
  endfacet
  facet normal -0 0 1
    outer loop
      vertex 8.95641 4.82541 2
      vertex 22.2616 4.10648 2
      vertex 9.09096 5.22178 2
    endloop
  endfacet
  facet normal 0 0 1
    outer loop
      vertex 9.17262 6.46768 2
      vertex 16.35 14.05 2
      vertex 16.35 15.65 2
    endloop
  endfacet
  facet normal 0 0 1
    outer loop
      vertex 9.17262 6.46768 2
      vertex 16.35 10.85 2
      vertex 16.35 12.45 2
    endloop
  endfacet
  facet normal 0 0 1
    outer loop
      vertex 9.17262 5.63232 2
      vertex 16.35 10.85 2
      vertex 9.2 6.05 2
    endloop
  endfacet
  facet normal 0 0 1
    outer loop
      vertex 22.2616 4.10648 2
      vertex 8.95641 4.82541 2
      vertex 22.3499 3.84636 2
    endloop
  endfacet
  facet normal -0 0 1
    outer loop
      vertex 8.77128 4.45 2
      vertex 22.3499 3.84636 2
      vertex 8.95641 4.82541 2
    endloop
  endfacet
  facet normal 0 0 1
    outer loop
      vertex 22.3499 3.84636 2
      vertex 8.77128 4.45 2
      vertex 22.4713 3.6 2
    endloop
  endfacet
  facet normal -0 0 1
    outer loop
      vertex 8.53873 4.10196 2
      vertex 22.4713 3.6 2
      vertex 8.77128 4.45 2
    endloop
  endfacet
  facet normal 0 0 1
    outer loop
      vertex 22.4713 3.6 2
      vertex 8.53873 4.10196 2
      vertex 22.624 3.3716 2
    endloop
  endfacet
  facet normal -0 0 1
    outer loop
      vertex 8.26274 3.78726 2
      vertex 22.624 3.3716 2
      vertex 8.53873 4.10196 2
    endloop
  endfacet
  facet normal 0 0 1
    outer loop
      vertex 22.624 3.3716 2
      vertex 8.26274 3.78726 2
      vertex 22.8051 3.16508 2
    endloop
  endfacet
  facet normal -0 0 1
    outer loop
      vertex 7.94804 3.51127 2
      vertex 22.8051 3.16508 2
      vertex 8.26274 3.78726 2
    endloop
  endfacet
  facet normal 0 0 1
    outer loop
      vertex 22.8051 3.16508 2
      vertex 7.94804 3.51127 2
      vertex 23.0116 2.98396 2
    endloop
  endfacet
  facet normal -0 0 1
    outer loop
      vertex 7.6 3.27872 2
      vertex 23.0116 2.98396 2
      vertex 7.94804 3.51127 2
    endloop
  endfacet
  facet normal 0 0 1
    outer loop
      vertex 23.0116 2.98396 2
      vertex 7.6 3.27872 2
      vertex 23.24 2.83135 2
    endloop
  endfacet
  facet normal -0 0 1
    outer loop
      vertex 7.22459 3.09359 2
      vertex 23.24 2.83135 2
      vertex 7.6 3.27872 2
    endloop
  endfacet
  facet normal 0 0 1
    outer loop
      vertex 23.24 2.83135 2
      vertex 7.22459 3.09359 2
      vertex 23.4864 2.70985 2
    endloop
  endfacet
  facet normal -0 0 1
    outer loop
      vertex 6.82822 2.95904 2
      vertex 23.4864 2.70985 2
      vertex 7.22459 3.09359 2
    endloop
  endfacet
  facet normal 0 0 1
    outer loop
      vertex 23.4864 2.70985 2
      vertex 6.82822 2.95904 2
      vertex 23.7465 2.62156 2
    endloop
  endfacet
  facet normal 0 0 1
    outer loop
      vertex 4 2 2
      vertex 23.7465 2.62156 2
      vertex 6.82822 2.95904 2
    endloop
  endfacet
  facet normal 0 0 1
    outer loop
      vertex 23.7465 2.62156 2
      vertex 4 2 2
      vertex 24.0159 2.56797 2
    endloop
  endfacet
  facet normal 0 0 1
    outer loop
      vertex 4 2 2
      vertex 6.82822 2.95904 2
      vertex 6.41768 2.87738 2
    endloop
  endfacet
  facet normal 0 0 1
    outer loop
      vertex 4 2 2
      vertex 6.41768 2.87738 2
      vertex 6 2.85 2
    endloop
  endfacet
  facet normal 0 0 1
    outer loop
      vertex 24.29 2.55 2
      vertex 4 2 2
      vertex 65.9 2 2
    endloop
  endfacet
  facet normal 0 0 1
    outer loop
      vertex 24.0159 2.56797 2
      vertex 4 2 2
      vertex 24.29 2.55 2
    endloop
  endfacet
  facet normal 0 0 1
    outer loop
      vertex 5.58232 2.87738 2
      vertex 4 2 2
      vertex 6 2.85 2
    endloop
  endfacet
  facet normal 0 0 1
    outer loop
      vertex 5.17178 2.95904 2
      vertex 4 2 2
      vertex 5.58232 2.87738 2
    endloop
  endfacet
  facet normal 0 0 1
    outer loop
      vertex 4.77541 3.09359 2
      vertex 4 2 2
      vertex 5.17178 2.95904 2
    endloop
  endfacet
  facet normal 0 0 1
    outer loop
      vertex 4.4 3.27872 2
      vertex 4 2 2
      vertex 4.77541 3.09359 2
    endloop
  endfacet
  facet normal 0 0 1
    outer loop
      vertex 3.73895 2.01711 2
      vertex 4.4 3.27872 2
      vertex 4.05196 3.51127 2
    endloop
  endfacet
  facet normal 0 0 1
    outer loop
      vertex 4.4 3.27872 2
      vertex 3.73895 2.01711 2
      vertex 4 2 2
    endloop
  endfacet
  facet normal 0 0 1
    outer loop
      vertex 3 2.26795 2
      vertex 4.05196 3.51127 2
      vertex 3.73726 3.78726 2
    endloop
  endfacet
  facet normal 0 0 1
    outer loop
      vertex 4.05196 3.51127 2
      vertex 3.48236 2.06815 2
      vertex 3.73895 2.01711 2
    endloop
  endfacet
  facet normal 0 0 1
    outer loop
      vertex 2.26795 3 2
      vertex 3.73726 3.78726 2
      vertex 3.46127 4.10196 2
    endloop
  endfacet
  facet normal 0 0 1
    outer loop
      vertex 4.05196 3.51127 2
      vertex 3.23463 2.15224 2
      vertex 3.48236 2.06815 2
    endloop
  endfacet
  facet normal 0 0 1
    outer loop
      vertex 2.01711 3.73895 2
      vertex 3.46127 4.10196 2
      vertex 3.22872 4.45 2
    endloop
  endfacet
  facet normal 0 0 1
    outer loop
      vertex 2 4 2
      vertex 3.22872 4.45 2
      vertex 3.04359 4.82541 2
    endloop
  endfacet
  facet normal 0 0 1
    outer loop
      vertex 4.05196 3.51127 2
      vertex 3 2.26795 2
      vertex 3.23463 2.15224 2
    endloop
  endfacet
  facet normal 0 0 1
    outer loop
      vertex 2 4 2
      vertex 3.04359 4.82541 2
      vertex 2.90904 5.22178 2
    endloop
  endfacet
  facet normal 0 0 1
    outer loop
      vertex 2 4 2
      vertex 2.90904 5.22178 2
      vertex 2.82738 5.63232 2
    endloop
  endfacet
  facet normal 0 0 1
    outer loop
      vertex 2 4 2
      vertex 2.82738 5.63232 2
      vertex 2.8 6.05 2
    endloop
  endfacet
  facet normal 0 0 1
    outer loop
      vertex 3.22872 4.45 2
      vertex 2 4 2
      vertex 2.01711 3.73895 2
    endloop
  endfacet
  facet normal 0 0 1
    outer loop
      vertex 2.90904 6.87822 2
      vertex 2 4 2
      vertex 2.82738 6.46768 2
    endloop
  endfacet
  facet normal -0 0 1
    outer loop
      vertex 2.01711 31.1611 2
      vertex 3.51127 30.848 2
      vertex 2.06815 31.4176 2
    endloop
  endfacet
  facet normal 0 0 1
    outer loop
      vertex 2.82738 6.46768 2
      vertex 2 4 2
      vertex 2.8 6.05 2
    endloop
  endfacet
  facet normal 0 0 1
    outer loop
      vertex 3.51127 30.848 2
      vertex 2.01711 31.1611 2
      vertex 3.27872 30.5 2
    endloop
  endfacet
  facet normal 0 0 1
    outer loop
      vertex 3.73726 3.78726 2
      vertex 2.78248 2.41329 2
      vertex 3 2.26795 2
    endloop
  endfacet
  facet normal -0 0 1
    outer loop
      vertex 2 30.9 2
      vertex 3.27872 30.5 2
      vertex 2.01711 31.1611 2
    endloop
  endfacet
  facet normal 0 0 1
    outer loop
      vertex 3.73726 3.78726 2
      vertex 2.58579 2.58579 2
      vertex 2.78248 2.41329 2
    endloop
  endfacet
  facet normal 0 0 1
    outer loop
      vertex 3.27872 30.5 2
      vertex 2 30.9 2
      vertex 3.09359 30.1246 2
    endloop
  endfacet
  facet normal 0 0 1
    outer loop
      vertex 3.73726 3.78726 2
      vertex 2.41329 2.78248 2
      vertex 2.58579 2.58579 2
    endloop
  endfacet
  facet normal 0 0 1
    outer loop
      vertex 2.95904 29.7282 2
      vertex 2 30.9 2
      vertex 2.87738 29.3177 2
    endloop
  endfacet
  facet normal 0 0 1
    outer loop
      vertex 3.73726 3.78726 2
      vertex 2.26795 3 2
      vertex 2.41329 2.78248 2
    endloop
  endfacet
  facet normal 0 0 1
    outer loop
      vertex 3.09359 30.1246 2
      vertex 2 30.9 2
      vertex 2.95904 29.7282 2
    endloop
  endfacet
  facet normal 0 0 1
    outer loop
      vertex 3.46127 4.10196 2
      vertex 2.15224 3.23463 2
      vertex 2.26795 3 2
    endloop
  endfacet
  facet normal 0 0 1
    outer loop
      vertex 3.46127 4.10196 2
      vertex 2.06815 3.48236 2
      vertex 2.15224 3.23463 2
    endloop
  endfacet
  facet normal 0 0 1
    outer loop
      vertex 3.46127 4.10196 2
      vertex 2.01711 3.73895 2
      vertex 2.06815 3.48236 2
    endloop
  endfacet
  facet normal 0.831474 0.555564 0
    outer loop
      vertex 2.41329 2.78248 15.2
      vertex 2.26795 3 2
      vertex 2.26795 3 15.2
    endloop
  endfacet
  facet normal 0.831474 0.555564 0
    outer loop
      vertex 2.26795 3 2
      vertex 2.41329 2.78248 15.2
      vertex 2.41329 2.78248 2
    endloop
  endfacet
  facet normal -0.896709 -0.442621 0
    outer loop
      vertex 67.7478 31.6654 2
      vertex 67.632 31.9 15.2
      vertex 67.632 31.9 2
    endloop
  endfacet
  facet normal -0.896709 -0.442621 0
    outer loop
      vertex 67.632 31.9 15.2
      vertex 67.7478 31.6654 2
      vertex 67.7478 31.6654 15.2
    endloop
  endfacet
  facet normal -1 0 0
    outer loop
      vertex 67.9 24.55 5.8
      vertex 67.9 30.9 2
      vertex 67.9 24.55 2.7
    endloop
  endfacet
  facet normal -1 0 0
    outer loop
      vertex 67.9 30.9 2
      vertex 67.9 10.35 2.7
      vertex 67.9 24.55 2.7
    endloop
  endfacet
  facet normal -1 -0 0
    outer loop
      vertex 67.9 10.35 2.7
      vertex 67.9 4 2
      vertex 67.9 10.35 5.8
    endloop
  endfacet
  facet normal -1 0 0
    outer loop
      vertex 67.9 4 2
      vertex 67.9 10.35 2.7
      vertex 67.9 30.9 2
    endloop
  endfacet
  facet normal -1 0 0
    outer loop
      vertex 67.9 30.9 2
      vertex 67.9 24.55 5.8
      vertex 67.9 30.9 15.2
    endloop
  endfacet
  facet normal -1 0 0
    outer loop
      vertex 67.9 10.35 5.8
      vertex 67.9 30.9 15.2
      vertex 67.9 24.55 5.8
    endloop
  endfacet
  facet normal -1 0 0
    outer loop
      vertex 67.9 10.35 5.8
      vertex 67.9 4 15.2
      vertex 67.9 30.9 15.2
    endloop
  endfacet
  facet normal -1 0 0
    outer loop
      vertex 67.9 4 15.2
      vertex 67.9 10.35 5.8
      vertex 67.9 4 2
    endloop
  endfacet
  facet normal 0.997859 0.0654027 0
    outer loop
      vertex 2.01711 3.73895 15.2
      vertex 2 4 2
      vertex 2 4 15.2
    endloop
  endfacet
  facet normal 0.997859 0.0654027 0
    outer loop
      vertex 2 4 2
      vertex 2.01711 3.73895 15.2
      vertex 2.01711 3.73895 2
    endloop
  endfacet
  facet normal -0.831521 -0.555494 0
    outer loop
      vertex 67.632 31.9 2
      vertex 67.4867 32.1175 15.2
      vertex 67.4867 32.1175 2
    endloop
  endfacet
  facet normal -0.831521 -0.555494 0
    outer loop
      vertex 67.4867 32.1175 15.2
      vertex 67.632 31.9 2
      vertex 67.632 31.9 15.2
    endloop
  endfacet
  facet normal -0.997862 -0.0653521 0
    outer loop
      vertex 67.9 30.9 2
      vertex 67.8829 31.1611 15.2
      vertex 67.8829 31.1611 2
    endloop
  endfacet
  facet normal -0.997862 -0.0653521 0
    outer loop
      vertex 67.8829 31.1611 15.2
      vertex 67.9 30.9 2
      vertex 67.9 30.9 15.2
    endloop
  endfacet
  facet normal 1 0 0
    outer loop
      vertex 2 30.9 15.2
      vertex 2 26.93 9.6
      vertex 2 30.9 2
    endloop
  endfacet
  facet normal 1 0 0
    outer loop
      vertex 2 30.9 15.2
      vertex 2 8.03 9.6
      vertex 2 26.93 9.6
    endloop
  endfacet
  facet normal 1 0 0
    outer loop
      vertex 2 4 2
      vertex 2 8.03 9.6
      vertex 2 4 15.2
    endloop
  endfacet
  facet normal 1 -0 0
    outer loop
      vertex 2 4 15.2
      vertex 2 8.03 9.6
      vertex 2 30.9 15.2
    endloop
  endfacet
  facet normal 1 -0 0
    outer loop
      vertex 2 26.93 6
      vertex 2 30.9 2
      vertex 2 26.93 9.6
    endloop
  endfacet
  facet normal 1 -0 0
    outer loop
      vertex 2 8.03 6
      vertex 2 30.9 2
      vertex 2 26.93 6
    endloop
  endfacet
  facet normal 1 0 0
    outer loop
      vertex 2 8.03 6
      vertex 2 4 2
      vertex 2 30.9 2
    endloop
  endfacet
  facet normal 1 0 0
    outer loop
      vertex 2 8.03 9.6
      vertex 2 4 2
      vertex 2 8.03 6
    endloop
  endfacet
  facet normal 0.659362 0.751826 -0
    outer loop
      vertex 2.78248 2.41329 2
      vertex 2.58579 2.58579 15.2
      vertex 2.78248 2.41329 15.2
    endloop
  endfacet
  facet normal 0.659362 0.751826 0
    outer loop
      vertex 2.58579 2.58579 15.2
      vertex 2.78248 2.41329 2
      vertex 2.58579 2.58579 2
    endloop
  endfacet
  facet normal 0.946961 -0.321348 0
    outer loop
      vertex 2.06815 31.4176 15.2
      vertex 2.15224 31.6654 2
      vertex 2.15224 31.6654 15.2
    endloop
  endfacet
  facet normal 0.946961 -0.321348 0
    outer loop
      vertex 2.15224 31.6654 2
      vertex 2.06815 31.4176 15.2
      vertex 2.06815 31.4176 2
    endloop
  endfacet
  facet normal 0.751826 0.659362 0
    outer loop
      vertex 2.58579 2.58579 15.2
      vertex 2.41329 2.78248 2
      vertex 2.41329 2.78248 15.2
    endloop
  endfacet
  facet normal 0.751826 0.659362 0
    outer loop
      vertex 2.41329 2.78248 2
      vertex 2.58579 2.58579 15.2
      vertex 2.58579 2.58579 2
    endloop
  endfacet
  facet normal 0.0654027 0.997859 -0
    outer loop
      vertex 4 2 2
      vertex 3.73895 2.01711 15.2
      vertex 4 2 15.2
    endloop
  endfacet
  facet normal 0.0654027 0.997859 0
    outer loop
      vertex 3.73895 2.01711 15.2
      vertex 4 2 2
      vertex 3.73895 2.01711 2
    endloop
  endfacet
  facet normal 0.980784 0.195094 0
    outer loop
      vertex 2.06815 3.48236 15.2
      vertex 2.01711 3.73895 2
      vertex 2.01711 3.73895 15.2
    endloop
  endfacet
  facet normal 0.980784 0.195094 0
    outer loop
      vertex 2.01711 3.73895 2
      vertex 2.06815 3.48236 15.2
      vertex 2.06815 3.48236 2
    endloop
  endfacet
  facet normal 0 -1 0
    outer loop
      vertex 4 32.9 15.2
      vertex 8.7 32.9 7.4
      vertex 8.7 32.9 15.2
    endloop
  endfacet
  facet normal 0 -1 -0
    outer loop
      vertex 8.7 32.9 7.4
      vertex 4 32.9 2
      vertex 61.1 32.9 7.4
    endloop
  endfacet
  facet normal 0 -1 0
    outer loop
      vertex 4 32.9 2
      vertex 8.7 32.9 7.4
      vertex 4 32.9 15.2
    endloop
  endfacet
  facet normal 0 -1 0
    outer loop
      vertex 61.1 32.9 7.4
      vertex 65.9 32.9 15.2
      vertex 61.1 32.9 15.2
    endloop
  endfacet
  facet normal 0 -1 0
    outer loop
      vertex 61.1 32.9 7.4
      vertex 65.9 32.9 2
      vertex 65.9 32.9 15.2
    endloop
  endfacet
  facet normal 0 -1 0
    outer loop
      vertex 65.9 32.9 2
      vertex 61.1 32.9 7.4
      vertex 4 32.9 2
    endloop
  endfacet
  facet normal -0.5556 0.83145 0
    outer loop
      vertex 67.1175 2.41329 2
      vertex 66.9 2.26795 15.2
      vertex 67.1175 2.41329 15.2
    endloop
  endfacet
  facet normal -0.5556 0.83145 0
    outer loop
      vertex 66.9 2.26795 15.2
      vertex 67.1175 2.41329 2
      vertex 66.9 2.26795 2
    endloop
  endfacet
  facet normal -0.321382 -0.94695 0
    outer loop
      vertex 66.4176 32.8319 2
      vertex 66.6654 32.7478 15.2
      vertex 66.4176 32.8319 15.2
    endloop
  endfacet
  facet normal -0.321382 -0.94695 -0
    outer loop
      vertex 66.6654 32.7478 15.2
      vertex 66.4176 32.8319 2
      vertex 66.6654 32.7478 2
    endloop
  endfacet
  facet normal 0.99786 -0.0653902 0
    outer loop
      vertex 2 30.9 15.2
      vertex 2.01711 31.1611 2
      vertex 2.01711 31.1611 15.2
    endloop
  endfacet
  facet normal 0.99786 -0.0653902 0
    outer loop
      vertex 2.01711 31.1611 2
      vertex 2 30.9 15.2
      vertex 2 30.9 2
    endloop
  endfacet
  facet normal -0.555494 -0.831521 0
    outer loop
      vertex 66.9 32.632 2
      vertex 67.1175 32.4867 15.2
      vertex 66.9 32.632 15.2
    endloop
  endfacet
  facet normal -0.555494 -0.831521 -0
    outer loop
      vertex 67.1175 32.4867 15.2
      vertex 66.9 32.632 2
      vertex 67.1175 32.4867 2
    endloop
  endfacet
  facet normal -0.19494 -0.980815 0
    outer loop
      vertex 66.161 32.8829 2
      vertex 66.4176 32.8319 15.2
      vertex 66.161 32.8829 15.2
    endloop
  endfacet
  facet normal -0.19494 -0.980815 -0
    outer loop
      vertex 66.4176 32.8319 15.2
      vertex 66.161 32.8829 2
      vertex 66.4176 32.8319 2
    endloop
  endfacet
  facet normal 0.896868 0.442299 0
    outer loop
      vertex 2.26795 3 15.2
      vertex 2.15224 3.23463 2
      vertex 2.15224 3.23463 15.2
    endloop
  endfacet
  facet normal 0.896868 0.442299 0
    outer loop
      vertex 2.15224 3.23463 2
      vertex 2.26795 3 15.2
      vertex 2.26795 3 2
    endloop
  endfacet
  facet normal 0 1 -0
    outer loop
      vertex 38.68 2 5.4
      vertex 20.33 2 11.8
      vertex 38.68 2 13
    endloop
  endfacet
  facet normal 0 1 0
    outer loop
      vertex 20.33 2 11.8
      vertex 38.68 2 5.4
      vertex 20.33 2 5.4
    endloop
  endfacet
  facet normal 0 1 -0
    outer loop
      vertex 51.26 2 5.4
      vertex 49.19 2 13
      vertex 51.26 2 13
    endloop
  endfacet
  facet normal 0 1 0
    outer loop
      vertex 49.19 2 13
      vertex 51.26 2 5.4
      vertex 49.19 2 5.4
    endloop
  endfacet
  facet normal 0 1 0
    outer loop
      vertex 51.26 2 13
      vertex 65.9 2 15.2
      vertex 61.65 2 13
    endloop
  endfacet
  facet normal 0 1 0
    outer loop
      vertex 65.9 2 15.2
      vertex 61.65 2 5.4
      vertex 61.65 2 13
    endloop
  endfacet
  facet normal 0 1 0
    outer loop
      vertex 65.9 2 2
      vertex 51.26 2 5.4
      vertex 61.65 2 5.4
    endloop
  endfacet
  facet normal 0 1 0
    outer loop
      vertex 51.26 2 5.4
      vertex 65.9 2 2
      vertex 49.19 2 5.4
    endloop
  endfacet
  facet normal 0 1 0
    outer loop
      vertex 49.19 2 5.4
      vertex 65.9 2 2
      vertex 38.68 2 5.4
    endloop
  endfacet
  facet normal 0 1 0
    outer loop
      vertex 4 2 2
      vertex 38.68 2 5.4
      vertex 65.9 2 2
    endloop
  endfacet
  facet normal 0 1 0
    outer loop
      vertex 38.68 2 5.4
      vertex 4 2 2
      vertex 20.33 2 5.4
    endloop
  endfacet
  facet normal 0 1 -0
    outer loop
      vertex 65.9 2 2
      vertex 61.65 2 5.4
      vertex 65.9 2 15.2
    endloop
  endfacet
  facet normal 0 1 0
    outer loop
      vertex 49.19 2 13
      vertex 65.9 2 15.2
      vertex 51.26 2 13
    endloop
  endfacet
  facet normal 0 1 0
    outer loop
      vertex 38.68 2 13
      vertex 65.9 2 15.2
      vertex 49.19 2 13
    endloop
  endfacet
  facet normal 0 1 0
    outer loop
      vertex 65.9 2 15.2
      vertex 38.68 2 13
      vertex 4 2 15.2
    endloop
  endfacet
  facet normal 0 1 -0
    outer loop
      vertex 20.33 2 11.8
      vertex 4 2 15.2
      vertex 38.68 2 13
    endloop
  endfacet
  facet normal 0 1 -0
    outer loop
      vertex 9.43 2 11.8
      vertex 4 2 15.2
      vertex 20.33 2 11.8
    endloop
  endfacet
  facet normal 0 1 -0
    outer loop
      vertex 9.43 2 5.4
      vertex 4 2 15.2
      vertex 9.43 2 11.8
    endloop
  endfacet
  facet normal 0 1 0
    outer loop
      vertex 9.43 2 5.4
      vertex 4 2 2
      vertex 4 2 15.2
    endloop
  endfacet
  facet normal 0 1 0
    outer loop
      vertex 20.33 2 5.4
      vertex 4 2 2
      vertex 9.43 2 5.4
    endloop
  endfacet
  facet normal 0.321463 -0.946922 0
    outer loop
      vertex 3.23463 32.7478 2
      vertex 3.48236 32.8319 15.2
      vertex 3.23463 32.7478 15.2
    endloop
  endfacet
  facet normal 0.321463 -0.946922 0
    outer loop
      vertex 3.48236 32.8319 15.2
      vertex 3.23463 32.7478 2
      vertex 3.48236 32.8319 2
    endloop
  endfacet
  facet normal -0.0653771 -0.997861 0
    outer loop
      vertex 65.9 32.9 2
      vertex 66.161 32.8829 15.2
      vertex 65.9 32.9 15.2
    endloop
  endfacet
  facet normal -0.0653771 -0.997861 -0
    outer loop
      vertex 66.161 32.8829 15.2
      vertex 65.9 32.9 2
      vertex 66.161 32.8829 2
    endloop
  endfacet
  facet normal 0.442299 0.896868 -0
    outer loop
      vertex 3.23463 2.15224 2
      vertex 3 2.26795 15.2
      vertex 3.23463 2.15224 15.2
    endloop
  endfacet
  facet normal 0.442299 0.896868 0
    outer loop
      vertex 3 2.26795 15.2
      vertex 3.23463 2.15224 2
      vertex 3 2.26795 2
    endloop
  endfacet
  facet normal 0.946934 0.321429 0
    outer loop
      vertex 2.15224 3.23463 15.2
      vertex 2.06815 3.48236 2
      vertex 2.06815 3.48236 15.2
    endloop
  endfacet
  facet normal 0.946934 0.321429 0
    outer loop
      vertex 2.06815 3.48236 2
      vertex 2.15224 3.23463 15.2
      vertex 2.15224 3.23463 2
    endloop
  endfacet
  facet normal 0.83145 -0.5556 0
    outer loop
      vertex 2.26795 31.9 15.2
      vertex 2.41329 32.1175 2
      vertex 2.41329 32.1175 15.2
    endloop
  endfacet
  facet normal 0.83145 -0.5556 0
    outer loop
      vertex 2.41329 32.1175 2
      vertex 2.26795 31.9 15.2
      vertex 2.26795 31.9 2
    endloop
  endfacet
  facet normal -0.659343 0.751842 0
    outer loop
      vertex 67.3142 2.58579 2
      vertex 67.1175 2.41329 15.2
      vertex 67.3142 2.58579 15.2
    endloop
  endfacet
  facet normal -0.659343 0.751842 0
    outer loop
      vertex 67.1175 2.41329 15.2
      vertex 67.3142 2.58579 2
      vertex 67.1175 2.41329 2
    endloop
  endfacet
  facet normal 0.896845 -0.442344 0
    outer loop
      vertex 2.15224 31.6654 15.2
      vertex 2.26795 31.9 2
      vertex 2.26795 31.9 15.2
    endloop
  endfacet
  facet normal 0.896845 -0.442344 0
    outer loop
      vertex 2.26795 31.9 2
      vertex 2.15224 31.6654 15.2
      vertex 2.15224 31.6654 2
    endloop
  endfacet
  facet normal -0.659343 -0.751842 0
    outer loop
      vertex 67.1175 32.4867 2
      vertex 67.3142 32.3142 15.2
      vertex 67.1175 32.4867 15.2
    endloop
  endfacet
  facet normal -0.659343 -0.751842 -0
    outer loop
      vertex 67.3142 32.3142 15.2
      vertex 67.1175 32.4867 2
      vertex 67.3142 32.3142 2
    endloop
  endfacet
  facet normal 0.195094 0.980784 -0
    outer loop
      vertex 3.73895 2.01711 2
      vertex 3.48236 2.06815 15.2
      vertex 3.73895 2.01711 15.2
    endloop
  endfacet
  facet normal 0.195094 0.980784 0
    outer loop
      vertex 3.48236 2.06815 15.2
      vertex 3.73895 2.01711 2
      vertex 3.48236 2.06815 2
    endloop
  endfacet
  facet normal -0.997861 0.0653646 0
    outer loop
      vertex 67.8829 3.73895 2
      vertex 67.9 4 15.2
      vertex 67.9 4 2
    endloop
  endfacet
  facet normal -0.997861 0.0653646 0
    outer loop
      vertex 67.9 4 15.2
      vertex 67.8829 3.73895 2
      vertex 67.8829 3.73895 15.2
    endloop
  endfacet
  facet normal 0.555564 0.831474 -0
    outer loop
      vertex 3 2.26795 2
      vertex 2.78248 2.41329 15.2
      vertex 3 2.26795 15.2
    endloop
  endfacet
  facet normal 0.555564 0.831474 0
    outer loop
      vertex 2.78248 2.41329 15.2
      vertex 3 2.26795 2
      vertex 2.78248 2.41329 2
    endloop
  endfacet
  facet normal 0.321429 0.946934 -0
    outer loop
      vertex 3.48236 2.06815 2
      vertex 3.23463 2.15224 15.2
      vertex 3.48236 2.06815 15.2
    endloop
  endfacet
  facet normal 0.321429 0.946934 0
    outer loop
      vertex 3.23463 2.15224 15.2
      vertex 3.48236 2.06815 2
      vertex 3.23463 2.15224 2
    endloop
  endfacet
  facet normal -0.947066 -0.321039 0
    outer loop
      vertex 67.8318 31.4176 2
      vertex 67.7478 31.6654 15.2
      vertex 67.7478 31.6654 2
    endloop
  endfacet
  facet normal -0.947066 -0.321039 0
    outer loop
      vertex 67.7478 31.6654 15.2
      vertex 67.8318 31.4176 2
      vertex 67.8318 31.4176 15.2
    endloop
  endfacet
  facet normal 0.659362 -0.751826 0
    outer loop
      vertex 2.58579 32.3142 2
      vertex 2.78248 32.4867 15.2
      vertex 2.58579 32.3142 15.2
    endloop
  endfacet
  facet normal 0.659362 -0.751826 0
    outer loop
      vertex 2.78248 32.4867 15.2
      vertex 2.58579 32.3142 2
      vertex 2.78248 32.4867 2
    endloop
  endfacet
  facet normal 0.980771 -0.19516 0
    outer loop
      vertex 2.01711 31.1611 15.2
      vertex 2.06815 31.4176 2
      vertex 2.06815 31.4176 15.2
    endloop
  endfacet
  facet normal 0.980771 -0.19516 0
    outer loop
      vertex 2.06815 31.4176 2
      vertex 2.01711 31.1611 15.2
      vertex 2.01711 31.1611 2
    endloop
  endfacet
  facet normal 0.0653646 -0.997861 0
    outer loop
      vertex 3.73895 32.8829 2
      vertex 4 32.9 15.2
      vertex 3.73895 32.8829 15.2
    endloop
  endfacet
  facet normal 0.0653646 -0.997861 0
    outer loop
      vertex 4 32.9 15.2
      vertex 3.73895 32.8829 2
      vertex 4 32.9 2
    endloop
  endfacet
  facet normal -0.442621 -0.896709 0
    outer loop
      vertex 66.6654 32.7478 2
      vertex 66.9 32.632 15.2
      vertex 66.6654 32.7478 15.2
    endloop
  endfacet
  facet normal -0.442621 -0.896709 -0
    outer loop
      vertex 66.9 32.632 15.2
      vertex 66.6654 32.7478 2
      vertex 66.9 32.632 2
    endloop
  endfacet
  facet normal -0.751842 -0.659343 0
    outer loop
      vertex 67.4867 32.1175 2
      vertex 67.3142 32.3142 15.2
      vertex 67.3142 32.3142 2
    endloop
  endfacet
  facet normal -0.751842 -0.659343 0
    outer loop
      vertex 67.3142 32.3142 15.2
      vertex 67.4867 32.1175 2
      vertex 67.4867 32.1175 15.2
    endloop
  endfacet
  facet normal -0.980727 -0.195381 0
    outer loop
      vertex 67.8829 31.1611 2
      vertex 67.8318 31.4176 15.2
      vertex 67.8318 31.4176 2
    endloop
  endfacet
  facet normal -0.980727 -0.195381 0
    outer loop
      vertex 67.8318 31.4176 15.2
      vertex 67.8829 31.1611 2
      vertex 67.8829 31.1611 15.2
    endloop
  endfacet
  facet normal -0.442344 0.896845 0
    outer loop
      vertex 66.9 2.26795 2
      vertex 66.6654 2.15224 15.2
      vertex 66.9 2.26795 15.2
    endloop
  endfacet
  facet normal -0.442344 0.896845 0
    outer loop
      vertex 66.6654 2.15224 15.2
      vertex 66.9 2.26795 2
      vertex 66.6654 2.15224 2
    endloop
  endfacet
  facet normal 0.194947 -0.980814 0
    outer loop
      vertex 3.48236 32.8319 2
      vertex 3.73895 32.8829 15.2
      vertex 3.48236 32.8319 15.2
    endloop
  endfacet
  facet normal 0.194947 -0.980814 0
    outer loop
      vertex 3.73895 32.8829 15.2
      vertex 3.48236 32.8319 2
      vertex 3.73895 32.8829 2
    endloop
  endfacet
  facet normal -0.0654151 0.997858 0
    outer loop
      vertex 66.161 2.01711 2
      vertex 65.9 2 15.2
      vertex 66.161 2.01711 15.2
    endloop
  endfacet
  facet normal -0.0654151 0.997858 0
    outer loop
      vertex 65.9 2 15.2
      vertex 66.161 2.01711 2
      vertex 65.9 2 2
    endloop
  endfacet
  facet normal -0.896731 0.442575 0
    outer loop
      vertex 67.632 3 2
      vertex 67.7478 3.23463 15.2
      vertex 67.7478 3.23463 2
    endloop
  endfacet
  facet normal -0.896731 0.442575 0
    outer loop
      vertex 67.7478 3.23463 15.2
      vertex 67.632 3 2
      vertex 67.632 3 15.2
    endloop
  endfacet
  facet normal -0.751826 0.659362 0
    outer loop
      vertex 67.3142 2.58579 2
      vertex 67.4867 2.78248 15.2
      vertex 67.4867 2.78248 2
    endloop
  endfacet
  facet normal -0.751826 0.659362 0
    outer loop
      vertex 67.4867 2.78248 15.2
      vertex 67.3142 2.58579 2
      vertex 67.3142 2.58579 15.2
    endloop
  endfacet
  facet normal -0.947038 0.321121 0
    outer loop
      vertex 67.7478 3.23463 2
      vertex 67.8318 3.48236 15.2
      vertex 67.8318 3.48236 2
    endloop
  endfacet
  facet normal -0.947038 0.321121 0
    outer loop
      vertex 67.8318 3.48236 15.2
      vertex 67.7478 3.23463 2
      vertex 67.7478 3.23463 15.2
    endloop
  endfacet
  facet normal -0.195087 0.980786 0
    outer loop
      vertex 66.4176 2.06815 2
      vertex 66.161 2.01711 15.2
      vertex 66.4176 2.06815 15.2
    endloop
  endfacet
  facet normal -0.195087 0.980786 0
    outer loop
      vertex 66.161 2.01711 15.2
      vertex 66.4176 2.06815 2
      vertex 66.161 2.01711 2
    endloop
  endfacet
  facet normal 0.751842 -0.659343 0
    outer loop
      vertex 2.41329 32.1175 15.2
      vertex 2.58579 32.3142 2
      vertex 2.58579 32.3142 15.2
    endloop
  endfacet
  facet normal 0.751842 -0.659343 0
    outer loop
      vertex 2.58579 32.3142 2
      vertex 2.41329 32.1175 15.2
      vertex 2.41329 32.1175 2
    endloop
  endfacet
  facet normal 0.555459 -0.831544 0
    outer loop
      vertex 2.78248 32.4867 2
      vertex 3 32.632 15.2
      vertex 2.78248 32.4867 15.2
    endloop
  endfacet
  facet normal 0.555459 -0.831544 0
    outer loop
      vertex 3 32.632 15.2
      vertex 2.78248 32.4867 2
      vertex 3 32.632 2
    endloop
  endfacet
  facet normal 0.442575 -0.896731 0
    outer loop
      vertex 3 32.632 2
      vertex 3.23463 32.7478 15.2
      vertex 3 32.632 15.2
    endloop
  endfacet
  facet normal 0.442575 -0.896731 0
    outer loop
      vertex 3.23463 32.7478 15.2
      vertex 3 32.632 2
      vertex 3.23463 32.7478 2
    endloop
  endfacet
  facet normal -0.980741 0.195315 0
    outer loop
      vertex 67.8318 3.48236 2
      vertex 67.8829 3.73895 15.2
      vertex 67.8829 3.73895 2
    endloop
  endfacet
  facet normal -0.980741 0.195315 0
    outer loop
      vertex 67.8829 3.73895 15.2
      vertex 67.8318 3.48236 2
      vertex 67.8318 3.48236 15.2
    endloop
  endfacet
  facet normal -0.831544 0.555459 0
    outer loop
      vertex 67.4867 2.78248 2
      vertex 67.632 3 15.2
      vertex 67.632 3 2
    endloop
  endfacet
  facet normal -0.831544 0.555459 0
    outer loop
      vertex 67.632 3 15.2
      vertex 67.4867 2.78248 2
      vertex 67.4867 2.78248 15.2
    endloop
  endfacet
  facet normal 0.980786 0.195087 0
    outer loop
      vertex 9.17262 6.46768 5.2
      vertex 9.09096 6.87822 2
      vertex 9.09096 6.87822 5.2
    endloop
  endfacet
  facet normal 0.980786 0.195087 0
    outer loop
      vertex 9.09096 6.87822 2
      vertex 9.17262 6.46768 5.2
      vertex 9.17262 6.46768 2
    endloop
  endfacet
  facet normal 0.997858 0.0654122 0
    outer loop
      vertex 9.2 6.05 5.2
      vertex 9.17262 6.46768 2
      vertex 9.17262 6.46768 5.2
    endloop
  endfacet
  facet normal 0.997858 0.0654122 0
    outer loop
      vertex 9.17262 6.46768 2
      vertex 9.2 6.05 5.2
      vertex 9.2 6.05 2
    endloop
  endfacet
  facet normal 0.321441 0.94693 -0
    outer loop
      vertex 7.22459 9.00641 2
      vertex 6.82822 9.14096 5.2
      vertex 7.22459 9.00641 5.2
    endloop
  endfacet
  facet normal 0.321441 0.94693 0
    outer loop
      vertex 6.82822 9.14096 5.2
      vertex 7.22459 9.00641 2
      vertex 6.82822 9.14096 2
    endloop
  endfacet
  facet normal 0.555565 -0.831473 0
    outer loop
      vertex 7.6 3.27872 2
      vertex 7.94804 3.51127 5.2
      vertex 7.6 3.27872 5.2
    endloop
  endfacet
  facet normal 0.555565 -0.831473 0
    outer loop
      vertex 7.94804 3.51127 5.2
      vertex 7.6 3.27872 2
      vertex 7.94804 3.51127 2
    endloop
  endfacet
  facet normal 0.659353 0.751833 -0
    outer loop
      vertex 8.26274 8.31274 2
      vertex 7.94804 8.58873 5.2
      vertex 8.26274 8.31274 5.2
    endloop
  endfacet
  facet normal 0.659353 0.751833 0
    outer loop
      vertex 7.94804 8.58873 5.2
      vertex 8.26274 8.31274 2
      vertex 7.94804 8.58873 2
    endloop
  endfacet
  facet normal -0.195087 -0.980786 0
    outer loop
      vertex 5.17178 2.95904 2
      vertex 5.58232 2.87738 5.2
      vertex 5.17178 2.95904 5.2
    endloop
  endfacet
  facet normal -0.195087 -0.980786 -0
    outer loop
      vertex 5.58232 2.87738 5.2
      vertex 5.17178 2.95904 2
      vertex 5.58232 2.87738 2
    endloop
  endfacet
  facet normal 0.751833 -0.659353 0
    outer loop
      vertex 8.26274 3.78726 5.2
      vertex 8.53873 4.10196 2
      vertex 8.53873 4.10196 5.2
    endloop
  endfacet
  facet normal 0.751833 -0.659353 0
    outer loop
      vertex 8.53873 4.10196 2
      vertex 8.26274 3.78726 5.2
      vertex 8.26274 3.78726 2
    endloop
  endfacet
  facet normal -0.94693 0.321441 0
    outer loop
      vertex 2.90904 6.87822 2
      vertex 3.04359 7.27459 5.2
      vertex 3.04359 7.27459 2
    endloop
  endfacet
  facet normal -0.94693 0.321441 0
    outer loop
      vertex 3.04359 7.27459 5.2
      vertex 2.90904 6.87822 2
      vertex 2.90904 6.87822 5.2
    endloop
  endfacet
  facet normal 0.0654122 0.997858 -0
    outer loop
      vertex 6.41768 9.22262 2
      vertex 6 9.25 5.2
      vertex 6.41768 9.22262 5.2
    endloop
  endfacet
  facet normal 0.0654122 0.997858 0
    outer loop
      vertex 6 9.25 5.2
      vertex 6.41768 9.22262 2
      vertex 6 9.25 2
    endloop
  endfacet
  facet normal -0.321441 0.94693 0
    outer loop
      vertex 5.17178 9.14096 2
      vertex 4.77541 9.00641 5.2
      vertex 5.17178 9.14096 5.2
    endloop
  endfacet
  facet normal -0.321441 0.94693 0
    outer loop
      vertex 4.77541 9.00641 5.2
      vertex 5.17178 9.14096 2
      vertex 4.77541 9.00641 2
    endloop
  endfacet
  facet normal -0.997858 -0.0654122 0
    outer loop
      vertex 2.82738 5.63232 2
      vertex 2.8 6.05 5.2
      vertex 2.8 6.05 2
    endloop
  endfacet
  facet normal -0.997858 -0.0654122 0
    outer loop
      vertex 2.8 6.05 5.2
      vertex 2.82738 5.63232 2
      vertex 2.82738 5.63232 5.2
    endloop
  endfacet
  facet normal -0.0654122 -0.997858 0
    outer loop
      vertex 5.58232 2.87738 2
      vertex 6 2.85 5.2
      vertex 5.58232 2.87738 5.2
    endloop
  endfacet
  facet normal -0.0654122 -0.997858 -0
    outer loop
      vertex 6 2.85 5.2
      vertex 5.58232 2.87738 2
      vertex 6 2.85 2
    endloop
  endfacet
  facet normal 0.997858 -0.0654122 0
    outer loop
      vertex 9.17262 5.63232 5.2
      vertex 9.2 6.05 2
      vertex 9.2 6.05 5.2
    endloop
  endfacet
  facet normal 0.997858 -0.0654122 0
    outer loop
      vertex 9.2 6.05 2
      vertex 9.17262 5.63232 5.2
      vertex 9.17262 5.63232 2
    endloop
  endfacet
  facet normal 0.751833 0.659353 0
    outer loop
      vertex 8.53873 7.99804 5.2
      vertex 8.26274 8.31274 2
      vertex 8.26274 8.31274 5.2
    endloop
  endfacet
  facet normal 0.751833 0.659353 0
    outer loop
      vertex 8.26274 8.31274 2
      vertex 8.53873 7.99804 5.2
      vertex 8.53873 7.99804 2
    endloop
  endfacet
  facet normal -0.94693 -0.321441 0
    outer loop
      vertex 3.04359 4.82541 2
      vertex 2.90904 5.22178 5.2
      vertex 2.90904 5.22178 2
    endloop
  endfacet
  facet normal -0.94693 -0.321441 0
    outer loop
      vertex 2.90904 5.22178 5.2
      vertex 3.04359 4.82541 2
      vertex 3.04359 4.82541 5.2
    endloop
  endfacet
  facet normal -0.980786 -0.195087 0
    outer loop
      vertex 2.90904 5.22178 2
      vertex 2.82738 5.63232 5.2
      vertex 2.82738 5.63232 2
    endloop
  endfacet
  facet normal -0.980786 -0.195087 0
    outer loop
      vertex 2.82738 5.63232 5.2
      vertex 2.90904 5.22178 2
      vertex 2.90904 5.22178 5.2
    endloop
  endfacet
  facet normal 0.195087 0.980786 -0
    outer loop
      vertex 6.82822 9.14096 2
      vertex 6.41768 9.22262 5.2
      vertex 6.82822 9.14096 5.2
    endloop
  endfacet
  facet normal 0.195087 0.980786 0
    outer loop
      vertex 6.41768 9.22262 5.2
      vertex 6.82822 9.14096 2
      vertex 6.41768 9.22262 2
    endloop
  endfacet
  facet normal -0.751833 -0.659353 0
    outer loop
      vertex 3.73726 3.78726 2
      vertex 3.46127 4.10196 5.2
      vertex 3.46127 4.10196 2
    endloop
  endfacet
  facet normal -0.751833 -0.659353 0
    outer loop
      vertex 3.46127 4.10196 5.2
      vertex 3.73726 3.78726 2
      vertex 3.73726 3.78726 5.2
    endloop
  endfacet
  facet normal -0.659353 0.751833 0
    outer loop
      vertex 4.05196 8.58873 2
      vertex 3.73726 8.31274 5.2
      vertex 4.05196 8.58873 5.2
    endloop
  endfacet
  facet normal -0.659353 0.751833 0
    outer loop
      vertex 3.73726 8.31274 5.2
      vertex 4.05196 8.58873 2
      vertex 3.73726 8.31274 2
    endloop
  endfacet
  facet normal -0.896874 0.442285 0
    outer loop
      vertex 3.04359 7.27459 2
      vertex 3.22872 7.65 5.2
      vertex 3.22872 7.65 2
    endloop
  endfacet
  facet normal -0.896874 0.442285 0
    outer loop
      vertex 3.22872 7.65 5.2
      vertex 3.04359 7.27459 2
      vertex 3.04359 7.27459 5.2
    endloop
  endfacet
  facet normal 0.831473 -0.555565 0
    outer loop
      vertex 8.53873 4.10196 5.2
      vertex 8.77128 4.45 2
      vertex 8.77128 4.45 5.2
    endloop
  endfacet
  facet normal 0.831473 -0.555565 0
    outer loop
      vertex 8.77128 4.45 2
      vertex 8.53873 4.10196 5.2
      vertex 8.53873 4.10196 2
    endloop
  endfacet
  facet normal 0.831473 0.555565 0
    outer loop
      vertex 8.77128 7.65 5.2
      vertex 8.53873 7.99804 2
      vertex 8.53873 7.99804 5.2
    endloop
  endfacet
  facet normal 0.831473 0.555565 0
    outer loop
      vertex 8.53873 7.99804 2
      vertex 8.77128 7.65 5.2
      vertex 8.77128 7.65 2
    endloop
  endfacet
  facet normal -0.751833 0.659353 0
    outer loop
      vertex 3.46127 7.99804 2
      vertex 3.73726 8.31274 5.2
      vertex 3.73726 8.31274 2
    endloop
  endfacet
  facet normal -0.751833 0.659353 0
    outer loop
      vertex 3.73726 8.31274 5.2
      vertex 3.46127 7.99804 2
      vertex 3.46127 7.99804 5.2
    endloop
  endfacet
  facet normal 0.659353 -0.751833 0
    outer loop
      vertex 7.94804 3.51127 2
      vertex 8.26274 3.78726 5.2
      vertex 7.94804 3.51127 5.2
    endloop
  endfacet
  facet normal 0.659353 -0.751833 0
    outer loop
      vertex 8.26274 3.78726 5.2
      vertex 7.94804 3.51127 2
      vertex 8.26274 3.78726 2
    endloop
  endfacet
  facet normal -0.831473 -0.555565 0
    outer loop
      vertex 3.46127 4.10196 2
      vertex 3.22872 4.45 5.2
      vertex 3.22872 4.45 2
    endloop
  endfacet
  facet normal -0.831473 -0.555565 0
    outer loop
      vertex 3.22872 4.45 5.2
      vertex 3.46127 4.10196 2
      vertex 3.46127 4.10196 5.2
    endloop
  endfacet
  facet normal -0.195087 0.980786 0
    outer loop
      vertex 5.58232 9.22262 2
      vertex 5.17178 9.14096 5.2
      vertex 5.58232 9.22262 5.2
    endloop
  endfacet
  facet normal -0.195087 0.980786 0
    outer loop
      vertex 5.17178 9.14096 5.2
      vertex 5.58232 9.22262 2
      vertex 5.17178 9.14096 2
    endloop
  endfacet
  facet normal 0.94693 -0.321441 0
    outer loop
      vertex 8.95641 4.82541 5.2
      vertex 9.09096 5.22178 2
      vertex 9.09096 5.22178 5.2
    endloop
  endfacet
  facet normal 0.94693 -0.321441 0
    outer loop
      vertex 9.09096 5.22178 2
      vertex 8.95641 4.82541 5.2
      vertex 8.95641 4.82541 2
    endloop
  endfacet
  facet normal 0.442285 0.896874 -0
    outer loop
      vertex 7.6 8.82128 2
      vertex 7.22459 9.00641 5.2
      vertex 7.6 8.82128 5.2
    endloop
  endfacet
  facet normal 0.442285 0.896874 0
    outer loop
      vertex 7.22459 9.00641 5.2
      vertex 7.6 8.82128 2
      vertex 7.22459 9.00641 2
    endloop
  endfacet
  facet normal -0.0654122 0.997858 0
    outer loop
      vertex 6 9.25 2
      vertex 5.58232 9.22262 5.2
      vertex 6 9.25 5.2
    endloop
  endfacet
  facet normal -0.0654122 0.997858 0
    outer loop
      vertex 5.58232 9.22262 5.2
      vertex 6 9.25 2
      vertex 5.58232 9.22262 2
    endloop
  endfacet
  facet normal 0.0654122 -0.997858 0
    outer loop
      vertex 6 2.85 2
      vertex 6.41768 2.87738 5.2
      vertex 6 2.85 5.2
    endloop
  endfacet
  facet normal 0.0654122 -0.997858 0
    outer loop
      vertex 6.41768 2.87738 5.2
      vertex 6 2.85 2
      vertex 6.41768 2.87738 2
    endloop
  endfacet
  facet normal 0.555565 0.831473 -0
    outer loop
      vertex 7.94804 8.58873 2
      vertex 7.6 8.82128 5.2
      vertex 7.94804 8.58873 5.2
    endloop
  endfacet
  facet normal 0.555565 0.831473 0
    outer loop
      vertex 7.6 8.82128 5.2
      vertex 7.94804 8.58873 2
      vertex 7.6 8.82128 2
    endloop
  endfacet
  facet normal -0.896874 -0.442285 0
    outer loop
      vertex 3.22872 4.45 2
      vertex 3.04359 4.82541 5.2
      vertex 3.04359 4.82541 2
    endloop
  endfacet
  facet normal -0.896874 -0.442285 0
    outer loop
      vertex 3.04359 4.82541 5.2
      vertex 3.22872 4.45 2
      vertex 3.22872 4.45 5.2
    endloop
  endfacet
  facet normal -0.659353 -0.751833 0
    outer loop
      vertex 3.73726 3.78726 2
      vertex 4.05196 3.51127 5.2
      vertex 3.73726 3.78726 5.2
    endloop
  endfacet
  facet normal -0.659353 -0.751833 -0
    outer loop
      vertex 4.05196 3.51127 5.2
      vertex 3.73726 3.78726 2
      vertex 4.05196 3.51127 2
    endloop
  endfacet
  facet normal -0.980786 0.195087 0
    outer loop
      vertex 2.82738 6.46768 2
      vertex 2.90904 6.87822 5.2
      vertex 2.90904 6.87822 2
    endloop
  endfacet
  facet normal -0.980786 0.195087 0
    outer loop
      vertex 2.90904 6.87822 5.2
      vertex 2.82738 6.46768 2
      vertex 2.82738 6.46768 5.2
    endloop
  endfacet
  facet normal 0.896874 0.442285 0
    outer loop
      vertex 8.95641 7.27459 5.2
      vertex 8.77128 7.65 2
      vertex 8.77128 7.65 5.2
    endloop
  endfacet
  facet normal 0.896874 0.442285 0
    outer loop
      vertex 8.77128 7.65 2
      vertex 8.95641 7.27459 5.2
      vertex 8.95641 7.27459 2
    endloop
  endfacet
  facet normal 0.195087 -0.980786 0
    outer loop
      vertex 6.41768 2.87738 2
      vertex 6.82822 2.95904 5.2
      vertex 6.41768 2.87738 5.2
    endloop
  endfacet
  facet normal 0.195087 -0.980786 0
    outer loop
      vertex 6.82822 2.95904 5.2
      vertex 6.41768 2.87738 2
      vertex 6.82822 2.95904 2
    endloop
  endfacet
  facet normal 0.896874 -0.442285 0
    outer loop
      vertex 8.77128 4.45 5.2
      vertex 8.95641 4.82541 2
      vertex 8.95641 4.82541 5.2
    endloop
  endfacet
  facet normal 0.896874 -0.442285 0
    outer loop
      vertex 8.95641 4.82541 2
      vertex 8.77128 4.45 5.2
      vertex 8.77128 4.45 2
    endloop
  endfacet
  facet normal 0.980786 -0.195087 0
    outer loop
      vertex 9.09096 5.22178 5.2
      vertex 9.17262 5.63232 2
      vertex 9.17262 5.63232 5.2
    endloop
  endfacet
  facet normal 0.980786 -0.195087 0
    outer loop
      vertex 9.17262 5.63232 2
      vertex 9.09096 5.22178 5.2
      vertex 9.09096 5.22178 2
    endloop
  endfacet
  facet normal -0.555565 0.831473 0
    outer loop
      vertex 4.4 8.82128 2
      vertex 4.05196 8.58873 5.2
      vertex 4.4 8.82128 5.2
    endloop
  endfacet
  facet normal -0.555565 0.831473 0
    outer loop
      vertex 4.05196 8.58873 5.2
      vertex 4.4 8.82128 2
      vertex 4.05196 8.58873 2
    endloop
  endfacet
  facet normal 0.94693 0.321441 0
    outer loop
      vertex 9.09096 6.87822 5.2
      vertex 8.95641 7.27459 2
      vertex 8.95641 7.27459 5.2
    endloop
  endfacet
  facet normal 0.94693 0.321441 0
    outer loop
      vertex 8.95641 7.27459 2
      vertex 9.09096 6.87822 5.2
      vertex 9.09096 6.87822 2
    endloop
  endfacet
  facet normal 0.321441 -0.94693 0
    outer loop
      vertex 6.82822 2.95904 2
      vertex 7.22459 3.09359 5.2
      vertex 6.82822 2.95904 5.2
    endloop
  endfacet
  facet normal 0.321441 -0.94693 0
    outer loop
      vertex 7.22459 3.09359 5.2
      vertex 6.82822 2.95904 2
      vertex 7.22459 3.09359 2
    endloop
  endfacet
  facet normal 0.442285 -0.896874 0
    outer loop
      vertex 7.22459 3.09359 2
      vertex 7.6 3.27872 5.2
      vertex 7.22459 3.09359 5.2
    endloop
  endfacet
  facet normal 0.442285 -0.896874 0
    outer loop
      vertex 7.6 3.27872 5.2
      vertex 7.22459 3.09359 2
      vertex 7.6 3.27872 2
    endloop
  endfacet
  facet normal -0.997858 0.0654122 0
    outer loop
      vertex 2.8 6.05 2
      vertex 2.82738 6.46768 5.2
      vertex 2.82738 6.46768 2
    endloop
  endfacet
  facet normal -0.997858 0.0654122 0
    outer loop
      vertex 2.82738 6.46768 5.2
      vertex 2.8 6.05 2
      vertex 2.8 6.05 5.2
    endloop
  endfacet
  facet normal -0.321441 -0.94693 0
    outer loop
      vertex 4.77541 3.09359 2
      vertex 5.17178 2.95904 5.2
      vertex 4.77541 3.09359 5.2
    endloop
  endfacet
  facet normal -0.321441 -0.94693 -0
    outer loop
      vertex 5.17178 2.95904 5.2
      vertex 4.77541 3.09359 2
      vertex 5.17178 2.95904 2
    endloop
  endfacet
  facet normal -0.442285 0.896874 0
    outer loop
      vertex 4.77541 9.00641 2
      vertex 4.4 8.82128 5.2
      vertex 4.77541 9.00641 5.2
    endloop
  endfacet
  facet normal -0.442285 0.896874 0
    outer loop
      vertex 4.4 8.82128 5.2
      vertex 4.77541 9.00641 2
      vertex 4.4 8.82128 2
    endloop
  endfacet
  facet normal -0.831473 0.555565 0
    outer loop
      vertex 3.22872 7.65 2
      vertex 3.46127 7.99804 5.2
      vertex 3.46127 7.99804 2
    endloop
  endfacet
  facet normal -0.831473 0.555565 0
    outer loop
      vertex 3.46127 7.99804 5.2
      vertex 3.22872 7.65 2
      vertex 3.22872 7.65 5.2
    endloop
  endfacet
  facet normal -0.442285 -0.896874 0
    outer loop
      vertex 4.4 3.27872 2
      vertex 4.77541 3.09359 5.2
      vertex 4.4 3.27872 5.2
    endloop
  endfacet
  facet normal -0.442285 -0.896874 -0
    outer loop
      vertex 4.77541 3.09359 5.2
      vertex 4.4 3.27872 2
      vertex 4.77541 3.09359 2
    endloop
  endfacet
  facet normal -0.555565 -0.831473 0
    outer loop
      vertex 4.05196 3.51127 2
      vertex 4.4 3.27872 5.2
      vertex 4.05196 3.51127 5.2
    endloop
  endfacet
  facet normal -0.555565 -0.831473 -0
    outer loop
      vertex 4.4 3.27872 5.2
      vertex 4.05196 3.51127 2
      vertex 4.4 3.27872 2
    endloop
  endfacet
  facet normal -0 0 1
    outer loop
      vertex 7.04281 6.15964 5.2
      vertex 9.2 6.05 5.2
      vertex 9.17262 6.46768 5.2
    endloop
  endfacet
  facet normal 0 0 1
    outer loop
      vertex 7.03566 6.21399 5.2
      vertex 9.17262 6.46768 5.2
      vertex 9.09096 6.87822 5.2
    endloop
  endfacet
  facet normal 0 0 1
    outer loop
      vertex 9.2 6.05 5.2
      vertex 7.04281 6.15964 5.2
      vertex 7.05 6.05 5.2
    endloop
  endfacet
  facet normal 0 0 1
    outer loop
      vertex 6.9789 6.42581 5.2
      vertex 9.09096 6.87822 5.2
      vertex 8.95641 7.27459 5.2
    endloop
  endfacet
  facet normal 0 0 1
    outer loop
      vertex 6.97007 6.45182 5.2
      vertex 8.95641 7.27459 5.2
      vertex 8.77128 7.65 5.2
    endloop
  endfacet
  facet normal 0 0 1
    outer loop
      vertex 9.2 6.05 5.2
      vertex 7.05 6.05 5.2
      vertex 9.17262 5.63232 5.2
    endloop
  endfacet
  facet normal 0 0 1
    outer loop
      vertex 6.90933 6.575 5.2
      vertex 8.77128 7.65 5.2
      vertex 8.53873 7.99804 5.2
    endloop
  endfacet
  facet normal -0 0 1
    outer loop
      vertex 7.04102 5.91295 5.2
      vertex 9.17262 5.63232 5.2
      vertex 7.05 6.05 5.2
    endloop
  endfacet
  facet normal 0 0 1
    outer loop
      vertex 6.83302 6.6892 5.2
      vertex 8.53873 7.99804 5.2
      vertex 8.26274 8.31274 5.2
    endloop
  endfacet
  facet normal 0 0 1
    outer loop
      vertex 9.17262 5.63232 5.2
      vertex 7.04102 5.91295 5.2
      vertex 9.09096 5.22178 5.2
    endloop
  endfacet
  facet normal 0 0 1
    outer loop
      vertex 6.74246 6.79246 5.2
      vertex 8.26274 8.31274 5.2
      vertex 7.94804 8.58873 5.2
    endloop
  endfacet
  facet normal -0 0 1
    outer loop
      vertex 7.01422 5.77824 5.2
      vertex 9.09096 5.22178 5.2
      vertex 7.04102 5.91295 5.2
    endloop
  endfacet
  facet normal 0 0 1
    outer loop
      vertex 6.61636 6.89828 5.2
      vertex 7.94804 8.58873 5.2
      vertex 7.6 8.82128 5.2
    endloop
  endfacet
  facet normal 0 0 1
    outer loop
      vertex 9.09096 5.22178 5.2
      vertex 7.01422 5.77824 5.2
      vertex 8.95641 4.82541 5.2
    endloop
  endfacet
  facet normal 0 0 1
    outer loop
      vertex 6.42645 7.00792 5.2
      vertex 7.6 8.82128 5.2
      vertex 7.22459 9.00641 5.2
    endloop
  endfacet
  facet normal -0 0 1
    outer loop
      vertex 6.97007 5.64818 5.2
      vertex 8.95641 4.82541 5.2
      vertex 7.01422 5.77824 5.2
    endloop
  endfacet
  facet normal 0 0 1
    outer loop
      vertex 8.95641 4.82541 5.2
      vertex 6.97007 5.64818 5.2
      vertex 8.77128 4.45 5.2
    endloop
  endfacet
  facet normal 0 0 1
    outer loop
      vertex 9.17262 6.46768 5.2
      vertex 7.04102 6.18705 5.2
      vertex 7.04281 6.15964 5.2
    endloop
  endfacet
  facet normal 0 0 1
    outer loop
      vertex 9.17262 6.46768 5.2
      vertex 7.03566 6.21399 5.2
      vertex 7.04102 6.18705 5.2
    endloop
  endfacet
  facet normal 0 0 1
    outer loop
      vertex 9.09096 6.87822 5.2
      vertex 7.01422 6.32176 5.2
      vertex 7.03566 6.21399 5.2
    endloop
  endfacet
  facet normal 0 0 1
    outer loop
      vertex 9.09096 6.87822 5.2
      vertex 6.9789 6.42581 5.2
      vertex 7.01422 6.32176 5.2
    endloop
  endfacet
  facet normal 0 0 1
    outer loop
      vertex 8.95641 7.27459 5.2
      vertex 6.97007 6.45182 5.2
      vertex 6.9789 6.42581 5.2
    endloop
  endfacet
  facet normal 0 0 1
    outer loop
      vertex 8.77128 7.65 5.2
      vertex 6.90933 6.575 5.2
      vertex 6.97007 6.45182 5.2
    endloop
  endfacet
  facet normal 0 0 1
    outer loop
      vertex 8.53873 7.99804 5.2
      vertex 6.83302 6.6892 5.2
      vertex 6.90933 6.575 5.2
    endloop
  endfacet
  facet normal 0 0 1
    outer loop
      vertex 6.40182 7.02007 5.2
      vertex 7.22459 9.00641 5.2
      vertex 6.82822 9.14096 5.2
    endloop
  endfacet
  facet normal 0 0 1
    outer loop
      vertex 8.26274 8.31274 5.2
      vertex 6.74246 6.79246 5.2
      vertex 6.83302 6.6892 5.2
    endloop
  endfacet
  facet normal 0 0 1
    outer loop
      vertex 7.94804 8.58873 5.2
      vertex 6.6392 6.88302 5.2
      vertex 6.74246 6.79246 5.2
    endloop
  endfacet
  facet normal 0 0 1
    outer loop
      vertex 7.94804 8.58873 5.2
      vertex 6.61636 6.89828 5.2
      vertex 6.6392 6.88302 5.2
    endloop
  endfacet
  facet normal 0 0 1
    outer loop
      vertex 7.6 8.82128 5.2
      vertex 6.525 6.95933 5.2
      vertex 6.61636 6.89828 5.2
    endloop
  endfacet
  facet normal 0 0 1
    outer loop
      vertex 7.6 8.82128 5.2
      vertex 6.42645 7.00792 5.2
      vertex 6.525 6.95933 5.2
    endloop
  endfacet
  facet normal 0 0 1
    outer loop
      vertex 6.27176 7.06422 5.2
      vertex 6.82822 9.14096 5.2
      vertex 6.41768 9.22262 5.2
    endloop
  endfacet
  facet normal 0 0 1
    outer loop
      vertex 7.22459 9.00641 5.2
      vertex 6.40182 7.02007 5.2
      vertex 6.42645 7.00792 5.2
    endloop
  endfacet
  facet normal 0 0 1
    outer loop
      vertex 6.82822 9.14096 5.2
      vertex 6.27176 7.06422 5.2
      vertex 6.40182 7.02007 5.2
    endloop
  endfacet
  facet normal 0 0 1
    outer loop
      vertex 6.41768 9.22262 5.2
      vertex 6.13705 7.09102 5.2
      vertex 6.27176 7.06422 5.2
    endloop
  endfacet
  facet normal 0 0 1
    outer loop
      vertex 6 9.25 5.2
      vertex 6.13705 7.09102 5.2
      vertex 6.41768 9.22262 5.2
    endloop
  endfacet
  facet normal 0 0 1
    outer loop
      vertex 6 9.25 5.2
      vertex 6 7.1 5.2
      vertex 6.13705 7.09102 5.2
    endloop
  endfacet
  facet normal 0 0 1
    outer loop
      vertex 6 9.25 5.2
      vertex 5.86295 7.09102 5.2
      vertex 6 7.1 5.2
    endloop
  endfacet
  facet normal -0 0 1
    outer loop
      vertex 5.58232 9.22262 5.2
      vertex 5.86295 7.09102 5.2
      vertex 6 9.25 5.2
    endloop
  endfacet
  facet normal 0 0 1
    outer loop
      vertex 5.86295 7.09102 5.2
      vertex 5.58232 9.22262 5.2
      vertex 5.72824 7.06422 5.2
    endloop
  endfacet
  facet normal -0 0 1
    outer loop
      vertex 5.17178 9.14096 5.2
      vertex 5.72824 7.06422 5.2
      vertex 5.58232 9.22262 5.2
    endloop
  endfacet
  facet normal 0 0 1
    outer loop
      vertex 5.72824 7.06422 5.2
      vertex 5.17178 9.14096 5.2
      vertex 5.59818 7.02007 5.2
    endloop
  endfacet
  facet normal -0 0 1
    outer loop
      vertex 4.77541 9.00641 5.2
      vertex 5.59818 7.02007 5.2
      vertex 5.17178 9.14096 5.2
    endloop
  endfacet
  facet normal 0 0 1
    outer loop
      vertex 5.59818 7.02007 5.2
      vertex 4.77541 9.00641 5.2
      vertex 5.5128 6.97797 5.2
    endloop
  endfacet
  facet normal -0 0 1
    outer loop
      vertex 4.4 8.82128 5.2
      vertex 5.5128 6.97797 5.2
      vertex 4.77541 9.00641 5.2
    endloop
  endfacet
  facet normal 0 0 1
    outer loop
      vertex 5.5128 6.97797 5.2
      vertex 4.4 8.82128 5.2
      vertex 5.475 6.95933 5.2
    endloop
  endfacet
  facet normal 0 0 1
    outer loop
      vertex 5.475 6.95933 5.2
      vertex 4.4 8.82128 5.2
      vertex 5.45995 6.94927 5.2
    endloop
  endfacet
  facet normal 0 0 1
    outer loop
      vertex 5.45995 6.94927 5.2
      vertex 4.4 8.82128 5.2
      vertex 5.3608 6.88302 5.2
    endloop
  endfacet
  facet normal -0 0 1
    outer loop
      vertex 4.05196 8.58873 5.2
      vertex 5.3608 6.88302 5.2
      vertex 4.4 8.82128 5.2
    endloop
  endfacet
  facet normal 0 0 1
    outer loop
      vertex 5.3608 6.88302 5.2
      vertex 4.05196 8.58873 5.2
      vertex 5.25754 6.79246 5.2
    endloop
  endfacet
  facet normal -0 0 1
    outer loop
      vertex 3.73726 8.31274 5.2
      vertex 5.25754 6.79246 5.2
      vertex 4.05196 8.58873 5.2
    endloop
  endfacet
  facet normal 0 0 1
    outer loop
      vertex 5.25754 6.79246 5.2
      vertex 3.73726 8.31274 5.2
      vertex 5.16698 6.6892 5.2
    endloop
  endfacet
  facet normal 0 0 1
    outer loop
      vertex 5.16698 6.6892 5.2
      vertex 3.46127 7.99804 5.2
      vertex 5.09067 6.575 5.2
    endloop
  endfacet
  facet normal -0 0 1
    outer loop
      vertex 3.46127 7.99804 5.2
      vertex 5.16698 6.6892 5.2
      vertex 3.73726 8.31274 5.2
    endloop
  endfacet
  facet normal -0 0 1
    outer loop
      vertex 6.90933 5.525 5.2
      vertex 8.77128 4.45 5.2
      vertex 6.97007 5.64818 5.2
    endloop
  endfacet
  facet normal 0 0 1
    outer loop
      vertex 8.77128 4.45 5.2
      vertex 6.90933 5.525 5.2
      vertex 8.53873 4.10196 5.2
    endloop
  endfacet
  facet normal -0 0 1
    outer loop
      vertex 6.83302 5.4108 5.2
      vertex 8.53873 4.10196 5.2
      vertex 6.90933 5.525 5.2
    endloop
  endfacet
  facet normal 0 0 1
    outer loop
      vertex 8.53873 4.10196 5.2
      vertex 6.83302 5.4108 5.2
      vertex 8.26274 3.78726 5.2
    endloop
  endfacet
  facet normal -0 0 1
    outer loop
      vertex 6.74246 5.30754 5.2
      vertex 8.26274 3.78726 5.2
      vertex 6.83302 5.4108 5.2
    endloop
  endfacet
  facet normal 0 0 1
    outer loop
      vertex 8.26274 3.78726 5.2
      vertex 6.74246 5.30754 5.2
      vertex 7.94804 3.51127 5.2
    endloop
  endfacet
  facet normal -0 0 1
    outer loop
      vertex 6.6392 5.21698 5.2
      vertex 7.94804 3.51127 5.2
      vertex 6.74246 5.30754 5.2
    endloop
  endfacet
  facet normal 0 0 1
    outer loop
      vertex 7.94804 3.51127 5.2
      vertex 6.6392 5.21698 5.2
      vertex 7.6 3.27872 5.2
    endloop
  endfacet
  facet normal -0 0 1
    outer loop
      vertex 6.525 5.14067 5.2
      vertex 7.6 3.27872 5.2
      vertex 6.6392 5.21698 5.2
    endloop
  endfacet
  facet normal 0 0 1
    outer loop
      vertex 7.6 3.27872 5.2
      vertex 6.525 5.14067 5.2
      vertex 7.22459 3.09359 5.2
    endloop
  endfacet
  facet normal -0 0 1
    outer loop
      vertex 6.40182 5.07993 5.2
      vertex 7.22459 3.09359 5.2
      vertex 6.525 5.14067 5.2
    endloop
  endfacet
  facet normal 0 0 1
    outer loop
      vertex 7.22459 3.09359 5.2
      vertex 6.40182 5.07993 5.2
      vertex 6.82822 2.95904 5.2
    endloop
  endfacet
  facet normal -0 0 1
    outer loop
      vertex 6.27176 5.03578 5.2
      vertex 6.82822 2.95904 5.2
      vertex 6.40182 5.07993 5.2
    endloop
  endfacet
  facet normal 0 0 1
    outer loop
      vertex 6.82822 2.95904 5.2
      vertex 6.27176 5.03578 5.2
      vertex 6.41768 2.87738 5.2
    endloop
  endfacet
  facet normal -0 0 1
    outer loop
      vertex 6.13705 5.00898 5.2
      vertex 6.41768 2.87738 5.2
      vertex 6.27176 5.03578 5.2
    endloop
  endfacet
  facet normal -0 0 1
    outer loop
      vertex 6 5 5.2
      vertex 6.41768 2.87738 5.2
      vertex 6.13705 5.00898 5.2
    endloop
  endfacet
  facet normal 0 0 1
    outer loop
      vertex 6 5 5.2
      vertex 6 2.85 5.2
      vertex 6.41768 2.87738 5.2
    endloop
  endfacet
  facet normal 0 0 1
    outer loop
      vertex 5.86295 5.00898 5.2
      vertex 6 2.85 5.2
      vertex 6 5 5.2
    endloop
  endfacet
  facet normal 0 0 1
    outer loop
      vertex 5.58232 2.87738 5.2
      vertex 5.86295 5.00898 5.2
      vertex 5.72824 5.03578 5.2
    endloop
  endfacet
  facet normal 0 0 1
    outer loop
      vertex 5.17178 2.95904 5.2
      vertex 5.72824 5.03578 5.2
      vertex 5.59818 5.07993 5.2
    endloop
  endfacet
  facet normal 0 0 1
    outer loop
      vertex 5.86295 5.00898 5.2
      vertex 5.58232 2.87738 5.2
      vertex 6 2.85 5.2
    endloop
  endfacet
  facet normal 0 0 1
    outer loop
      vertex 4.77541 3.09359 5.2
      vertex 5.59818 5.07993 5.2
      vertex 5.475 5.14067 5.2
    endloop
  endfacet
  facet normal 0 0 1
    outer loop
      vertex 4.4 3.27872 5.2
      vertex 5.475 5.14067 5.2
      vertex 5.3608 5.21698 5.2
    endloop
  endfacet
  facet normal 0 0 1
    outer loop
      vertex 4.05196 3.51127 5.2
      vertex 5.3608 5.21698 5.2
      vertex 5.25754 5.30754 5.2
    endloop
  endfacet
  facet normal 0 0 1
    outer loop
      vertex 5.72824 5.03578 5.2
      vertex 5.17178 2.95904 5.2
      vertex 5.58232 2.87738 5.2
    endloop
  endfacet
  facet normal 0 0 1
    outer loop
      vertex 3.73726 3.78726 5.2
      vertex 5.25754 5.30754 5.2
      vertex 5.16698 5.4108 5.2
    endloop
  endfacet
  facet normal 0 0 1
    outer loop
      vertex 3.46127 4.10196 5.2
      vertex 5.16698 5.4108 5.2
      vertex 5.09067 5.525 5.2
    endloop
  endfacet
  facet normal 0 0 1
    outer loop
      vertex 3.22872 4.45 5.2
      vertex 5.09067 5.525 5.2
      vertex 5.02993 5.64818 5.2
    endloop
  endfacet
  facet normal 0 0 1
    outer loop
      vertex 3.04359 4.82541 5.2
      vertex 5.02993 5.64818 5.2
      vertex 4.98578 5.77824 5.2
    endloop
  endfacet
  facet normal 0 0 1
    outer loop
      vertex 2.90904 5.22178 5.2
      vertex 4.98578 5.77824 5.2
      vertex 4.95898 5.91295 5.2
    endloop
  endfacet
  facet normal 0 0 1
    outer loop
      vertex 5.59818 5.07993 5.2
      vertex 4.77541 3.09359 5.2
      vertex 5.17178 2.95904 5.2
    endloop
  endfacet
  facet normal 0 0 1
    outer loop
      vertex 2.82738 5.63232 5.2
      vertex 4.95898 5.91295 5.2
      vertex 4.95 6.05 5.2
    endloop
  endfacet
  facet normal -0 0 1
    outer loop
      vertex 3.22872 7.65 5.2
      vertex 5.09067 6.575 5.2
      vertex 3.46127 7.99804 5.2
    endloop
  endfacet
  facet normal 0 0 1
    outer loop
      vertex 5.09067 6.575 5.2
      vertex 3.22872 7.65 5.2
      vertex 5.02993 6.45182 5.2
    endloop
  endfacet
  facet normal 0 0 1
    outer loop
      vertex 5.475 5.14067 5.2
      vertex 4.4 3.27872 5.2
      vertex 4.77541 3.09359 5.2
    endloop
  endfacet
  facet normal -0 0 1
    outer loop
      vertex 3.04359 7.27459 5.2
      vertex 5.02993 6.45182 5.2
      vertex 3.22872 7.65 5.2
    endloop
  endfacet
  facet normal 0 0 1
    outer loop
      vertex 5.3608 5.21698 5.2
      vertex 4.05196 3.51127 5.2
      vertex 4.4 3.27872 5.2
    endloop
  endfacet
  facet normal 0 0 1
    outer loop
      vertex 5.02993 6.45182 5.2
      vertex 3.04359 7.27459 5.2
      vertex 4.98578 6.32176 5.2
    endloop
  endfacet
  facet normal 0 0 1
    outer loop
      vertex 5.25754 5.30754 5.2
      vertex 3.73726 3.78726 5.2
      vertex 4.05196 3.51127 5.2
    endloop
  endfacet
  facet normal -0 0 1
    outer loop
      vertex 2.90904 6.87822 5.2
      vertex 4.98578 6.32176 5.2
      vertex 3.04359 7.27459 5.2
    endloop
  endfacet
  facet normal 0 0 1
    outer loop
      vertex 5.16698 5.4108 5.2
      vertex 3.46127 4.10196 5.2
      vertex 3.73726 3.78726 5.2
    endloop
  endfacet
  facet normal 0 0 1
    outer loop
      vertex 4.98578 6.32176 5.2
      vertex 2.90904 6.87822 5.2
      vertex 4.95898 6.18705 5.2
    endloop
  endfacet
  facet normal 0 0 1
    outer loop
      vertex 5.09067 5.525 5.2
      vertex 3.22872 4.45 5.2
      vertex 3.46127 4.10196 5.2
    endloop
  endfacet
  facet normal -0 0 1
    outer loop
      vertex 2.82738 6.46768 5.2
      vertex 4.95898 6.18705 5.2
      vertex 2.90904 6.87822 5.2
    endloop
  endfacet
  facet normal 0 0 1
    outer loop
      vertex 5.02993 5.64818 5.2
      vertex 3.04359 4.82541 5.2
      vertex 3.22872 4.45 5.2
    endloop
  endfacet
  facet normal 0 0 1
    outer loop
      vertex 4.95898 6.18705 5.2
      vertex 2.82738 6.46768 5.2
      vertex 4.95 6.05 5.2
    endloop
  endfacet
  facet normal 0 0 1
    outer loop
      vertex 4.98578 5.77824 5.2
      vertex 2.90904 5.22178 5.2
      vertex 3.04359 4.82541 5.2
    endloop
  endfacet
  facet normal 0 0 1
    outer loop
      vertex 2.8 6.05 5.2
      vertex 4.95 6.05 5.2
      vertex 2.82738 6.46768 5.2
    endloop
  endfacet
  facet normal 0 0 1
    outer loop
      vertex 4.95898 5.91295 5.2
      vertex 2.82738 5.63232 5.2
      vertex 2.90904 5.22178 5.2
    endloop
  endfacet
  facet normal 0 0 1
    outer loop
      vertex 4.95 6.05 5.2
      vertex 2.8 6.05 5.2
      vertex 2.82738 5.63232 5.2
    endloop
  endfacet
  facet normal -0.98078 -0.195118 0
    outer loop
      vertex 7.03566 6.21399 2
      vertex 7.01422 6.32176 5.2
      vertex 7.01422 6.32176 2
    endloop
  endfacet
  facet normal -0.98078 -0.195118 0
    outer loop
      vertex 7.01422 6.32176 5.2
      vertex 7.03566 6.21399 2
      vertex 7.03566 6.21399 5.2
    endloop
  endfacet
  facet normal -0.997857 -0.0654377 0
    outer loop
      vertex 7.05 6.05 2
      vertex 7.04281 6.15964 5.2
      vertex 7.04281 6.15964 2
    endloop
  endfacet
  facet normal -0.997857 -0.0654377 0
    outer loop
      vertex 7.04281 6.15964 5.2
      vertex 7.05 6.05 2
      vertex 7.05 6.05 5.2
    endloop
  endfacet
  facet normal -0.946931 -0.321438 0
    outer loop
      vertex 7.01422 6.32176 2
      vertex 6.9789 6.42581 5.2
      vertex 6.9789 6.42581 2
    endloop
  endfacet
  facet normal -0.946931 -0.321438 0
    outer loop
      vertex 6.9789 6.42581 5.2
      vertex 7.01422 6.32176 2
      vertex 7.01422 6.32176 5.2
    endloop
  endfacet
  facet normal 0.55572 -0.83137 0
    outer loop
      vertex 5.45995 6.94927 2
      vertex 5.475 6.95933 5.2
      vertex 5.45995 6.94927 5.2
    endloop
  endfacet
  facet normal 0.55572 -0.83137 0
    outer loop
      vertex 5.475 6.95933 5.2
      vertex 5.45995 6.94927 2
      vertex 5.475 6.95933 2
    endloop
  endfacet
  facet normal -0.442219 -0.896907 0
    outer loop
      vertex 6.42645 7.00792 2
      vertex 6.525 6.95933 5.2
      vertex 6.42645 7.00792 5.2
    endloop
  endfacet
  facet normal -0.442219 -0.896907 -0
    outer loop
      vertex 6.525 6.95933 5.2
      vertex 6.42645 7.00792 2
      vertex 6.525 6.95933 2
    endloop
  endfacet
  facet normal -0.555603 -0.831448 0
    outer loop
      vertex 6.525 6.95933 2
      vertex 6.61636 6.89828 5.2
      vertex 6.525 6.95933 5.2
    endloop
  endfacet
  facet normal -0.555603 -0.831448 -0
    outer loop
      vertex 6.61636 6.89828 5.2
      vertex 6.525 6.95933 2
      vertex 6.61636 6.89828 2
    endloop
  endfacet
  facet normal 0.442272 -0.896881 0
    outer loop
      vertex 5.475 6.95933 2
      vertex 5.5128 6.97797 5.2
      vertex 5.475 6.95933 5.2
    endloop
  endfacet
  facet normal 0.442272 -0.896881 0
    outer loop
      vertex 5.5128 6.97797 5.2
      vertex 5.475 6.95933 2
      vertex 5.5128 6.97797 2
    endloop
  endfacet
  facet normal 0.980782 0.195105 0
    outer loop
      vertex 9.22262 29.3177 5.2
      vertex 9.14096 29.7282 2
      vertex 9.14096 29.7282 5.2
    endloop
  endfacet
  facet normal 0.980782 0.195105 0
    outer loop
      vertex 9.14096 29.7282 2
      vertex 9.22262 29.3177 5.2
      vertex 9.22262 29.3177 2
    endloop
  endfacet
  facet normal 0.997859 0.0654091 0
    outer loop
      vertex 9.25 28.9 5.2
      vertex 9.22262 29.3177 2
      vertex 9.22262 29.3177 5.2
    endloop
  endfacet
  facet normal 0.997859 0.0654091 0
    outer loop
      vertex 9.22262 29.3177 2
      vertex 9.25 28.9 5.2
      vertex 9.25 28.9 2
    endloop
  endfacet
  facet normal 0.321548 0.946893 -0
    outer loop
      vertex 7.27459 31.8564 2
      vertex 6.87822 31.991 5.2
      vertex 7.27459 31.8564 5.2
    endloop
  endfacet
  facet normal 0.321548 0.946893 0
    outer loop
      vertex 6.87822 31.991 5.2
      vertex 7.27459 31.8564 2
      vertex 6.87822 31.991 2
    endloop
  endfacet
  facet normal 0.555648 -0.831418 0
    outer loop
      vertex 7.65 26.1287 2
      vertex 7.99804 26.3613 5.2
      vertex 7.65 26.1287 5.2
    endloop
  endfacet
  facet normal 0.555648 -0.831418 0
    outer loop
      vertex 7.99804 26.3613 5.2
      vertex 7.65 26.1287 2
      vertex 7.99804 26.3613 2
    endloop
  endfacet
  facet normal 0.659367 0.751821 -0
    outer loop
      vertex 8.31274 31.1627 2
      vertex 7.99804 31.4387 5.2
      vertex 8.31274 31.1627 5.2
    endloop
  endfacet
  facet normal 0.659367 0.751821 0
    outer loop
      vertex 7.99804 31.4387 5.2
      vertex 8.31274 31.1627 2
      vertex 7.99804 31.4387 2
    endloop
  endfacet
  facet normal -0.194949 -0.980813 0
    outer loop
      vertex 5.22178 25.809 2
      vertex 5.63232 25.7274 5.2
      vertex 5.22178 25.809 5.2
    endloop
  endfacet
  facet normal -0.194949 -0.980813 -0
    outer loop
      vertex 5.63232 25.7274 5.2
      vertex 5.22178 25.809 2
      vertex 5.63232 25.7274 2
    endloop
  endfacet
  facet normal 0.751833 -0.659353 0
    outer loop
      vertex 8.31274 26.6373 5.2
      vertex 8.58873 26.952 2
      vertex 8.58873 26.952 5.2
    endloop
  endfacet
  facet normal 0.751833 -0.659353 0
    outer loop
      vertex 8.58873 26.952 2
      vertex 8.31274 26.6373 5.2
      vertex 8.31274 26.6373 2
    endloop
  endfacet
  facet normal -0.946937 0.321419 0
    outer loop
      vertex 2.95904 29.7282 2
      vertex 3.09359 30.1246 5.2
      vertex 3.09359 30.1246 2
    endloop
  endfacet
  facet normal -0.946937 0.321419 0
    outer loop
      vertex 3.09359 30.1246 5.2
      vertex 2.95904 29.7282 2
      vertex 2.95904 29.7282 5.2
    endloop
  endfacet
  facet normal 0.0654598 0.997855 -0
    outer loop
      vertex 6.46768 32.0726 2
      vertex 6.05 32.1 5.2
      vertex 6.46768 32.0726 5.2
    endloop
  endfacet
  facet normal 0.0654598 0.997855 0
    outer loop
      vertex 6.05 32.1 5.2
      vertex 6.46768 32.0726 2
      vertex 6.05 32.1 2
    endloop
  endfacet
  facet normal -0.321548 0.946893 0
    outer loop
      vertex 5.22178 31.991 2
      vertex 4.82541 31.8564 5.2
      vertex 5.22178 31.991 5.2
    endloop
  endfacet
  facet normal -0.321548 0.946893 0
    outer loop
      vertex 4.82541 31.8564 5.2
      vertex 5.22178 31.991 2
      vertex 4.82541 31.8564 2
    endloop
  endfacet
  facet normal -0.997859 -0.0654091 0
    outer loop
      vertex 2.87738 28.4823 2
      vertex 2.85 28.9 5.2
      vertex 2.85 28.9 2
    endloop
  endfacet
  facet normal -0.997859 -0.0654091 0
    outer loop
      vertex 2.85 28.9 5.2
      vertex 2.87738 28.4823 2
      vertex 2.87738 28.4823 5.2
    endloop
  endfacet
  facet normal -0.0654598 -0.997855 0
    outer loop
      vertex 5.63232 25.7274 2
      vertex 6.05 25.7 5.2
      vertex 5.63232 25.7274 5.2
    endloop
  endfacet
  facet normal -0.0654598 -0.997855 -0
    outer loop
      vertex 6.05 25.7 5.2
      vertex 5.63232 25.7274 2
      vertex 6.05 25.7 2
    endloop
  endfacet
  facet normal 0.997859 -0.0654091 0
    outer loop
      vertex 9.22262 28.4823 5.2
      vertex 9.25 28.9 2
      vertex 9.25 28.9 5.2
    endloop
  endfacet
  facet normal 0.997859 -0.0654091 0
    outer loop
      vertex 9.25 28.9 2
      vertex 9.22262 28.4823 5.2
      vertex 9.22262 28.4823 2
    endloop
  endfacet
  facet normal 0.751833 0.659353 0
    outer loop
      vertex 8.58873 30.848 5.2
      vertex 8.31274 31.1627 2
      vertex 8.31274 31.1627 5.2
    endloop
  endfacet
  facet normal 0.751833 0.659353 0
    outer loop
      vertex 8.31274 31.1627 2
      vertex 8.58873 30.848 5.2
      vertex 8.58873 30.848 2
    endloop
  endfacet
  facet normal -0.946937 -0.321419 0
    outer loop
      vertex 3.09359 27.6754 2
      vertex 2.95904 28.0718 5.2
      vertex 2.95904 28.0718 2
    endloop
  endfacet
  facet normal -0.946937 -0.321419 0
    outer loop
      vertex 2.95904 28.0718 5.2
      vertex 3.09359 27.6754 2
      vertex 3.09359 27.6754 5.2
    endloop
  endfacet
  facet normal -0.980782 -0.195105 0
    outer loop
      vertex 2.95904 28.0718 2
      vertex 2.87738 28.4823 5.2
      vertex 2.87738 28.4823 2
    endloop
  endfacet
  facet normal -0.980782 -0.195105 0
    outer loop
      vertex 2.87738 28.4823 5.2
      vertex 2.95904 28.0718 2
      vertex 2.95904 28.0718 5.2
    endloop
  endfacet
  facet normal 0.194949 0.980813 -0
    outer loop
      vertex 6.87822 31.991 2
      vertex 6.46768 32.0726 5.2
      vertex 6.87822 31.991 5.2
    endloop
  endfacet
  facet normal 0.194949 0.980813 0
    outer loop
      vertex 6.46768 32.0726 5.2
      vertex 6.87822 31.991 2
      vertex 6.46768 32.0726 2
    endloop
  endfacet
  facet normal -0.751833 -0.659353 0
    outer loop
      vertex 3.78726 26.6373 2
      vertex 3.51127 26.952 5.2
      vertex 3.51127 26.952 2
    endloop
  endfacet
  facet normal -0.751833 -0.659353 0
    outer loop
      vertex 3.51127 26.952 5.2
      vertex 3.78726 26.6373 2
      vertex 3.78726 26.6373 5.2
    endloop
  endfacet
  facet normal -0.659367 0.751821 0
    outer loop
      vertex 4.10196 31.4387 2
      vertex 3.78726 31.1627 5.2
      vertex 4.10196 31.4387 5.2
    endloop
  endfacet
  facet normal -0.659367 0.751821 0
    outer loop
      vertex 3.78726 31.1627 5.2
      vertex 4.10196 31.4387 2
      vertex 3.78726 31.1627 2
    endloop
  endfacet
  facet normal -0.89687 0.442295 0
    outer loop
      vertex 3.09359 30.1246 2
      vertex 3.27872 30.5 5.2
      vertex 3.27872 30.5 2
    endloop
  endfacet
  facet normal -0.89687 0.442295 0
    outer loop
      vertex 3.27872 30.5 5.2
      vertex 3.09359 30.1246 2
      vertex 3.09359 30.1246 5.2
    endloop
  endfacet
  facet normal 0.831443 -0.55561 0
    outer loop
      vertex 8.58873 26.952 5.2
      vertex 8.82128 27.3 2
      vertex 8.82128 27.3 5.2
    endloop
  endfacet
  facet normal 0.831443 -0.55561 0
    outer loop
      vertex 8.82128 27.3 2
      vertex 8.58873 26.952 5.2
      vertex 8.58873 26.952 2
    endloop
  endfacet
  facet normal 0.831443 0.55561 0
    outer loop
      vertex 8.82128 30.5 5.2
      vertex 8.58873 30.848 2
      vertex 8.58873 30.848 5.2
    endloop
  endfacet
  facet normal 0.831443 0.55561 0
    outer loop
      vertex 8.58873 30.848 2
      vertex 8.82128 30.5 5.2
      vertex 8.82128 30.5 2
    endloop
  endfacet
  facet normal -0.751833 0.659353 0
    outer loop
      vertex 3.51127 30.848 2
      vertex 3.78726 31.1627 5.2
      vertex 3.78726 31.1627 2
    endloop
  endfacet
  facet normal -0.751833 0.659353 0
    outer loop
      vertex 3.78726 31.1627 5.2
      vertex 3.51127 30.848 2
      vertex 3.51127 30.848 5.2
    endloop
  endfacet
  facet normal 0.659367 -0.751821 0
    outer loop
      vertex 7.99804 26.3613 2
      vertex 8.31274 26.6373 5.2
      vertex 7.99804 26.3613 5.2
    endloop
  endfacet
  facet normal 0.659367 -0.751821 0
    outer loop
      vertex 8.31274 26.6373 5.2
      vertex 7.99804 26.3613 2
      vertex 8.31274 26.6373 2
    endloop
  endfacet
  facet normal -0.831443 -0.55561 0
    outer loop
      vertex 3.51127 26.952 2
      vertex 3.27872 27.3 5.2
      vertex 3.27872 27.3 2
    endloop
  endfacet
  facet normal -0.831443 -0.55561 0
    outer loop
      vertex 3.27872 27.3 5.2
      vertex 3.51127 26.952 2
      vertex 3.51127 26.952 5.2
    endloop
  endfacet
  facet normal -0.194949 0.980813 0
    outer loop
      vertex 5.63232 32.0726 2
      vertex 5.22178 31.991 5.2
      vertex 5.63232 32.0726 5.2
    endloop
  endfacet
  facet normal -0.194949 0.980813 0
    outer loop
      vertex 5.22178 31.991 5.2
      vertex 5.63232 32.0726 2
      vertex 5.22178 31.991 2
    endloop
  endfacet
  facet normal 0.946937 -0.321419 0
    outer loop
      vertex 9.00641 27.6754 5.2
      vertex 9.14096 28.0718 2
      vertex 9.14096 28.0718 5.2
    endloop
  endfacet
  facet normal 0.946937 -0.321419 0
    outer loop
      vertex 9.14096 28.0718 2
      vertex 9.00641 27.6754 5.2
      vertex 9.00641 27.6754 2
    endloop
  endfacet
  facet normal 0.442228 0.896903 -0
    outer loop
      vertex 7.65 31.6713 2
      vertex 7.27459 31.8564 5.2
      vertex 7.65 31.6713 5.2
    endloop
  endfacet
  facet normal 0.442228 0.896903 0
    outer loop
      vertex 7.27459 31.8564 5.2
      vertex 7.65 31.6713 2
      vertex 7.27459 31.8564 2
    endloop
  endfacet
  facet normal -0.0654598 0.997855 0
    outer loop
      vertex 6.05 32.1 2
      vertex 5.63232 32.0726 5.2
      vertex 6.05 32.1 5.2
    endloop
  endfacet
  facet normal -0.0654598 0.997855 0
    outer loop
      vertex 5.63232 32.0726 5.2
      vertex 6.05 32.1 2
      vertex 5.63232 32.0726 2
    endloop
  endfacet
  facet normal 0.0654598 -0.997855 0
    outer loop
      vertex 6.05 25.7 2
      vertex 6.46768 25.7274 5.2
      vertex 6.05 25.7 5.2
    endloop
  endfacet
  facet normal 0.0654598 -0.997855 0
    outer loop
      vertex 6.46768 25.7274 5.2
      vertex 6.05 25.7 2
      vertex 6.46768 25.7274 2
    endloop
  endfacet
  facet normal 0.555648 0.831418 -0
    outer loop
      vertex 7.99804 31.4387 2
      vertex 7.65 31.6713 5.2
      vertex 7.99804 31.4387 5.2
    endloop
  endfacet
  facet normal 0.555648 0.831418 0
    outer loop
      vertex 7.65 31.6713 5.2
      vertex 7.99804 31.4387 2
      vertex 7.65 31.6713 2
    endloop
  endfacet
  facet normal -0.89687 -0.442295 0
    outer loop
      vertex 3.27872 27.3 2
      vertex 3.09359 27.6754 5.2
      vertex 3.09359 27.6754 2
    endloop
  endfacet
  facet normal -0.89687 -0.442295 0
    outer loop
      vertex 3.09359 27.6754 5.2
      vertex 3.27872 27.3 2
      vertex 3.27872 27.3 5.2
    endloop
  endfacet
  facet normal -0.659367 -0.751821 0
    outer loop
      vertex 3.78726 26.6373 2
      vertex 4.10196 26.3613 5.2
      vertex 3.78726 26.6373 5.2
    endloop
  endfacet
  facet normal -0.659367 -0.751821 -0
    outer loop
      vertex 4.10196 26.3613 5.2
      vertex 3.78726 26.6373 2
      vertex 4.10196 26.3613 2
    endloop
  endfacet
  facet normal -0.980782 0.195105 0
    outer loop
      vertex 2.87738 29.3177 2
      vertex 2.95904 29.7282 5.2
      vertex 2.95904 29.7282 2
    endloop
  endfacet
  facet normal -0.980782 0.195105 0
    outer loop
      vertex 2.95904 29.7282 5.2
      vertex 2.87738 29.3177 2
      vertex 2.87738 29.3177 5.2
    endloop
  endfacet
  facet normal 0.89687 0.442295 0
    outer loop
      vertex 9.00641 30.1246 5.2
      vertex 8.82128 30.5 2
      vertex 8.82128 30.5 5.2
    endloop
  endfacet
  facet normal 0.89687 0.442295 0
    outer loop
      vertex 8.82128 30.5 2
      vertex 9.00641 30.1246 5.2
      vertex 9.00641 30.1246 2
    endloop
  endfacet
  facet normal 0.194949 -0.980813 0
    outer loop
      vertex 6.46768 25.7274 2
      vertex 6.87822 25.809 5.2
      vertex 6.46768 25.7274 5.2
    endloop
  endfacet
  facet normal 0.194949 -0.980813 0
    outer loop
      vertex 6.87822 25.809 5.2
      vertex 6.46768 25.7274 2
      vertex 6.87822 25.809 2
    endloop
  endfacet
  facet normal 0.89687 -0.442295 0
    outer loop
      vertex 8.82128 27.3 5.2
      vertex 9.00641 27.6754 2
      vertex 9.00641 27.6754 5.2
    endloop
  endfacet
  facet normal 0.89687 -0.442295 0
    outer loop
      vertex 9.00641 27.6754 2
      vertex 8.82128 27.3 5.2
      vertex 8.82128 27.3 2
    endloop
  endfacet
  facet normal 0.980782 -0.195105 0
    outer loop
      vertex 9.14096 28.0718 5.2
      vertex 9.22262 28.4823 2
      vertex 9.22262 28.4823 5.2
    endloop
  endfacet
  facet normal 0.980782 -0.195105 0
    outer loop
      vertex 9.22262 28.4823 2
      vertex 9.14096 28.0718 5.2
      vertex 9.14096 28.0718 2
    endloop
  endfacet
  facet normal -0.555648 0.831418 0
    outer loop
      vertex 4.45 31.6713 2
      vertex 4.10196 31.4387 5.2
      vertex 4.45 31.6713 5.2
    endloop
  endfacet
  facet normal -0.555648 0.831418 0
    outer loop
      vertex 4.10196 31.4387 5.2
      vertex 4.45 31.6713 2
      vertex 4.10196 31.4387 2
    endloop
  endfacet
  facet normal 0.946937 0.321419 0
    outer loop
      vertex 9.14096 29.7282 5.2
      vertex 9.00641 30.1246 2
      vertex 9.00641 30.1246 5.2
    endloop
  endfacet
  facet normal 0.946937 0.321419 0
    outer loop
      vertex 9.00641 30.1246 2
      vertex 9.14096 29.7282 5.2
      vertex 9.14096 29.7282 2
    endloop
  endfacet
  facet normal 0.321548 -0.946893 0
    outer loop
      vertex 6.87822 25.809 2
      vertex 7.27459 25.9436 5.2
      vertex 6.87822 25.809 5.2
    endloop
  endfacet
  facet normal 0.321548 -0.946893 0
    outer loop
      vertex 7.27459 25.9436 5.2
      vertex 6.87822 25.809 2
      vertex 7.27459 25.9436 2
    endloop
  endfacet
  facet normal 0.442228 -0.896903 0
    outer loop
      vertex 7.27459 25.9436 2
      vertex 7.65 26.1287 5.2
      vertex 7.27459 25.9436 5.2
    endloop
  endfacet
  facet normal 0.442228 -0.896903 0
    outer loop
      vertex 7.65 26.1287 5.2
      vertex 7.27459 25.9436 2
      vertex 7.65 26.1287 2
    endloop
  endfacet
  facet normal -0.997859 0.0654091 0
    outer loop
      vertex 2.85 28.9 2
      vertex 2.87738 29.3177 5.2
      vertex 2.87738 29.3177 2
    endloop
  endfacet
  facet normal -0.997859 0.0654091 0
    outer loop
      vertex 2.87738 29.3177 5.2
      vertex 2.85 28.9 2
      vertex 2.85 28.9 5.2
    endloop
  endfacet
  facet normal -0.321548 -0.946893 0
    outer loop
      vertex 4.82541 25.9436 2
      vertex 5.22178 25.809 5.2
      vertex 4.82541 25.9436 5.2
    endloop
  endfacet
  facet normal -0.321548 -0.946893 -0
    outer loop
      vertex 5.22178 25.809 5.2
      vertex 4.82541 25.9436 2
      vertex 5.22178 25.809 2
    endloop
  endfacet
  facet normal -0.442228 0.896903 0
    outer loop
      vertex 4.82541 31.8564 2
      vertex 4.45 31.6713 5.2
      vertex 4.82541 31.8564 5.2
    endloop
  endfacet
  facet normal -0.442228 0.896903 0
    outer loop
      vertex 4.45 31.6713 5.2
      vertex 4.82541 31.8564 2
      vertex 4.45 31.6713 2
    endloop
  endfacet
  facet normal -0.831443 0.55561 0
    outer loop
      vertex 3.27872 30.5 2
      vertex 3.51127 30.848 5.2
      vertex 3.51127 30.848 2
    endloop
  endfacet
  facet normal -0.831443 0.55561 0
    outer loop
      vertex 3.51127 30.848 5.2
      vertex 3.27872 30.5 2
      vertex 3.27872 30.5 5.2
    endloop
  endfacet
  facet normal -0.442228 -0.896903 0
    outer loop
      vertex 4.45 26.1287 2
      vertex 4.82541 25.9436 5.2
      vertex 4.45 26.1287 5.2
    endloop
  endfacet
  facet normal -0.442228 -0.896903 -0
    outer loop
      vertex 4.82541 25.9436 5.2
      vertex 4.45 26.1287 2
      vertex 4.82541 25.9436 2
    endloop
  endfacet
  facet normal -0.555648 -0.831418 0
    outer loop
      vertex 4.10196 26.3613 2
      vertex 4.45 26.1287 5.2
      vertex 4.10196 26.3613 5.2
    endloop
  endfacet
  facet normal -0.555648 -0.831418 -0
    outer loop
      vertex 4.45 26.1287 5.2
      vertex 4.10196 26.3613 2
      vertex 4.45 26.1287 2
    endloop
  endfacet
  facet normal 0 0 1
    outer loop
      vertex 7.1 28.9 5.2
      vertex 9.25 28.9 5.2
      vertex 9.22262 29.3177 5.2
    endloop
  endfacet
  facet normal 0 0 1
    outer loop
      vertex 7.09102 29.0371 5.2
      vertex 9.22262 29.3177 5.2
      vertex 9.14096 29.7282 5.2
    endloop
  endfacet
  facet normal 0 0 1
    outer loop
      vertex 9.25 28.9 5.2
      vertex 7.1 28.9 5.2
      vertex 9.22262 28.4823 5.2
    endloop
  endfacet
  facet normal 0 0 1
    outer loop
      vertex 7.06422 29.1718 5.2
      vertex 9.14096 29.7282 5.2
      vertex 9.00641 30.1246 5.2
    endloop
  endfacet
  facet normal -0 0 1
    outer loop
      vertex 7.09102 28.7629 5.2
      vertex 9.22262 28.4823 5.2
      vertex 7.1 28.9 5.2
    endloop
  endfacet
  facet normal 0 0 1
    outer loop
      vertex 7.01991 29.3022 5.2
      vertex 9.00641 30.1246 5.2
      vertex 8.82128 30.5 5.2
    endloop
  endfacet
  facet normal 0 0 1
    outer loop
      vertex 9.22262 28.4823 5.2
      vertex 7.09102 28.7629 5.2
      vertex 9.14096 28.0718 5.2
    endloop
  endfacet
  facet normal 0 0 1
    outer loop
      vertex 6.95933 29.425 5.2
      vertex 8.82128 30.5 5.2
      vertex 8.58873 30.848 5.2
    endloop
  endfacet
  facet normal -0 0 1
    outer loop
      vertex 7.06422 28.6282 5.2
      vertex 9.14096 28.0718 5.2
      vertex 7.09102 28.7629 5.2
    endloop
  endfacet
  facet normal 0 0 1
    outer loop
      vertex 6.86745 29.557 5.2
      vertex 8.58873 30.848 5.2
      vertex 8.31274 31.1627 5.2
    endloop
  endfacet
  facet normal 0 0 1
    outer loop
      vertex 9.14096 28.0718 5.2
      vertex 7.06422 28.6282 5.2
      vertex 9.00641 27.6754 5.2
    endloop
  endfacet
  facet normal 0 0 1
    outer loop
      vertex 6.79246 29.6425 5.2
      vertex 8.31274 31.1627 5.2
      vertex 7.99804 31.4387 5.2
    endloop
  endfacet
  facet normal -0 0 1
    outer loop
      vertex 7.02007 28.4982 5.2
      vertex 9.00641 27.6754 5.2
      vertex 7.06422 28.6282 5.2
    endloop
  endfacet
  facet normal 0 0 1
    outer loop
      vertex 6.60542 29.789 5.2
      vertex 7.99804 31.4387 5.2
      vertex 7.65 31.6713 5.2
    endloop
  endfacet
  facet normal -0 0 1
    outer loop
      vertex 6.99594 28.4492 5.2
      vertex 9.00641 27.6754 5.2
      vertex 7.02007 28.4982 5.2
    endloop
  endfacet
  facet normal 0 0 1
    outer loop
      vertex 6.53788 29.8276 5.2
      vertex 7.65 31.6713 5.2
      vertex 7.27459 31.8564 5.2
    endloop
  endfacet
  facet normal 0 0 1
    outer loop
      vertex 9.00641 27.6754 5.2
      vertex 6.99594 28.4492 5.2
      vertex 8.82128 27.3 5.2
    endloop
  endfacet
  facet normal -0 0 1
    outer loop
      vertex 6.95933 28.375 5.2
      vertex 8.82128 27.3 5.2
      vertex 6.99594 28.4492 5.2
    endloop
  endfacet
  facet normal 0 0 1
    outer loop
      vertex 9.22262 29.3177 5.2
      vertex 7.09102 29.0371 5.2
      vertex 7.1 28.9 5.2
    endloop
  endfacet
  facet normal 0 0 1
    outer loop
      vertex 9.14096 29.7282 5.2
      vertex 7.06422 29.1718 5.2
      vertex 7.09102 29.0371 5.2
    endloop
  endfacet
  facet normal 0 0 1
    outer loop
      vertex 9.00641 30.1246 5.2
      vertex 7.02007 29.3018 5.2
      vertex 7.06422 29.1718 5.2
    endloop
  endfacet
  facet normal 0 0 1
    outer loop
      vertex 9.00641 30.1246 5.2
      vertex 7.01991 29.3022 5.2
      vertex 7.02007 29.3018 5.2
    endloop
  endfacet
  facet normal 0 0 1
    outer loop
      vertex 8.82128 30.5 5.2
      vertex 6.95933 29.425 5.2
      vertex 7.01991 29.3022 5.2
    endloop
  endfacet
  facet normal 0 0 1
    outer loop
      vertex 8.58873 30.848 5.2
      vertex 6.88302 29.5392 5.2
      vertex 6.95933 29.425 5.2
    endloop
  endfacet
  facet normal 0 0 1
    outer loop
      vertex 6.45182 29.8701 5.2
      vertex 7.27459 31.8564 5.2
      vertex 6.87822 31.991 5.2
    endloop
  endfacet
  facet normal 0 0 1
    outer loop
      vertex 8.58873 30.848 5.2
      vertex 6.86745 29.557 5.2
      vertex 6.88302 29.5392 5.2
    endloop
  endfacet
  facet normal 0 0 1
    outer loop
      vertex 8.31274 31.1627 5.2
      vertex 6.79246 29.6425 5.2
      vertex 6.86745 29.557 5.2
    endloop
  endfacet
  facet normal 0 0 1
    outer loop
      vertex 7.99804 31.4387 5.2
      vertex 6.6892 29.733 5.2
      vertex 6.79246 29.6425 5.2
    endloop
  endfacet
  facet normal 0 0 1
    outer loop
      vertex 7.99804 31.4387 5.2
      vertex 6.60542 29.789 5.2
      vertex 6.6892 29.733 5.2
    endloop
  endfacet
  facet normal 0 0 1
    outer loop
      vertex 7.65 31.6713 5.2
      vertex 6.575 29.8093 5.2
      vertex 6.60542 29.789 5.2
    endloop
  endfacet
  facet normal 0 0 1
    outer loop
      vertex 7.65 31.6713 5.2
      vertex 6.53788 29.8276 5.2
      vertex 6.575 29.8093 5.2
    endloop
  endfacet
  facet normal 0 0 1
    outer loop
      vertex 6.24762 29.929 5.2
      vertex 6.87822 31.991 5.2
      vertex 6.46768 32.0726 5.2
    endloop
  endfacet
  facet normal 0 0 1
    outer loop
      vertex 7.27459 31.8564 5.2
      vertex 6.45182 29.8701 5.2
      vertex 6.53788 29.8276 5.2
    endloop
  endfacet
  facet normal 0 0 1
    outer loop
      vertex 6.87822 31.991 5.2
      vertex 6.32176 29.9142 5.2
      vertex 6.45182 29.8701 5.2
    endloop
  endfacet
  facet normal 0 0 1
    outer loop
      vertex 6.87822 31.991 5.2
      vertex 6.24762 29.929 5.2
      vertex 6.32176 29.9142 5.2
    endloop
  endfacet
  facet normal 0 0 1
    outer loop
      vertex 6.46768 32.0726 5.2
      vertex 6.18705 29.941 5.2
      vertex 6.24762 29.929 5.2
    endloop
  endfacet
  facet normal 0 0 1
    outer loop
      vertex 6.46768 32.0726 5.2
      vertex 6.13031 29.9447 5.2
      vertex 6.18705 29.941 5.2
    endloop
  endfacet
  facet normal 0 0 1
    outer loop
      vertex 6.05 32.1 5.2
      vertex 6.13031 29.9447 5.2
      vertex 6.46768 32.0726 5.2
    endloop
  endfacet
  facet normal 0 0 1
    outer loop
      vertex 6.05 32.1 5.2
      vertex 6.05 29.95 5.2
      vertex 6.13031 29.9447 5.2
    endloop
  endfacet
  facet normal 0 0 1
    outer loop
      vertex 6.05 32.1 5.2
      vertex 5.95431 29.9437 5.2
      vertex 6.05 29.95 5.2
    endloop
  endfacet
  facet normal -0 0 1
    outer loop
      vertex 5.63232 32.0726 5.2
      vertex 5.95431 29.9437 5.2
      vertex 6.05 32.1 5.2
    endloop
  endfacet
  facet normal 0 0 1
    outer loop
      vertex 5.95431 29.9437 5.2
      vertex 5.63232 32.0726 5.2
      vertex 5.91295 29.941 5.2
    endloop
  endfacet
  facet normal 0 0 1
    outer loop
      vertex 5.91295 29.941 5.2
      vertex 5.63232 32.0726 5.2
      vertex 5.90589 29.9396 5.2
    endloop
  endfacet
  facet normal 0 0 1
    outer loop
      vertex 5.90589 29.9396 5.2
      vertex 5.63232 32.0726 5.2
      vertex 5.77824 29.9142 5.2
    endloop
  endfacet
  facet normal -0 0 1
    outer loop
      vertex 5.22178 31.991 5.2
      vertex 5.77824 29.9142 5.2
      vertex 5.63232 32.0726 5.2
    endloop
  endfacet
  facet normal 0 0 1
    outer loop
      vertex 5.77824 29.9142 5.2
      vertex 5.22178 31.991 5.2
      vertex 5.64818 29.8701 5.2
    endloop
  endfacet
  facet normal -0 0 1
    outer loop
      vertex 4.82541 31.8564 5.2
      vertex 5.64818 29.8701 5.2
      vertex 5.22178 31.991 5.2
    endloop
  endfacet
  facet normal 0 0 1
    outer loop
      vertex 5.64818 29.8701 5.2
      vertex 4.82541 31.8564 5.2
      vertex 5.52568 29.8097 5.2
    endloop
  endfacet
  facet normal -0 0 1
    outer loop
      vertex 4.45 31.6713 5.2
      vertex 5.52568 29.8097 5.2
      vertex 4.82541 31.8564 5.2
    endloop
  endfacet
  facet normal 0 0 1
    outer loop
      vertex 5.52568 29.8097 5.2
      vertex 4.45 31.6713 5.2
      vertex 5.525 29.8093 5.2
    endloop
  endfacet
  facet normal 0 0 1
    outer loop
      vertex 5.525 29.8093 5.2
      vertex 4.45 31.6713 5.2
      vertex 5.4108 29.733 5.2
    endloop
  endfacet
  facet normal -0 0 1
    outer loop
      vertex 4.10196 31.4387 5.2
      vertex 5.4108 29.733 5.2
      vertex 4.45 31.6713 5.2
    endloop
  endfacet
  facet normal 0 0 1
    outer loop
      vertex 5.4108 29.733 5.2
      vertex 4.10196 31.4387 5.2
      vertex 5.30754 29.6425 5.2
    endloop
  endfacet
  facet normal -0 0 1
    outer loop
      vertex 3.78726 31.1627 5.2
      vertex 5.30754 29.6425 5.2
      vertex 4.10196 31.4387 5.2
    endloop
  endfacet
  facet normal 0 0 1
    outer loop
      vertex 5.30754 29.6425 5.2
      vertex 3.78726 31.1627 5.2
      vertex 5.21698 29.5392 5.2
    endloop
  endfacet
  facet normal 0 0 1
    outer loop
      vertex 5.21698 29.5392 5.2
      vertex 3.51127 30.848 5.2
      vertex 5.14067 29.425 5.2
    endloop
  endfacet
  facet normal -0 0 1
    outer loop
      vertex 3.51127 30.848 5.2
      vertex 5.21698 29.5392 5.2
      vertex 3.78726 31.1627 5.2
    endloop
  endfacet
  facet normal -0 0 1
    outer loop
      vertex 6.91868 28.3142 5.2
      vertex 8.82128 27.3 5.2
      vertex 6.95933 28.375 5.2
    endloop
  endfacet
  facet normal 0 0 1
    outer loop
      vertex 8.82128 27.3 5.2
      vertex 6.91868 28.3142 5.2
      vertex 8.58873 26.952 5.2
    endloop
  endfacet
  facet normal -0 0 1
    outer loop
      vertex 6.88302 28.2608 5.2
      vertex 8.58873 26.952 5.2
      vertex 6.91868 28.3142 5.2
    endloop
  endfacet
  facet normal 0 0 1
    outer loop
      vertex 8.58873 26.952 5.2
      vertex 6.88302 28.2608 5.2
      vertex 8.31274 26.6373 5.2
    endloop
  endfacet
  facet normal -0 0 1
    outer loop
      vertex 6.79246 28.1575 5.2
      vertex 8.31274 26.6373 5.2
      vertex 6.88302 28.2608 5.2
    endloop
  endfacet
  facet normal 0 0 1
    outer loop
      vertex 8.31274 26.6373 5.2
      vertex 6.79246 28.1575 5.2
      vertex 7.99804 26.3613 5.2
    endloop
  endfacet
  facet normal -0 0 1
    outer loop
      vertex 6.6892 28.067 5.2
      vertex 7.99804 26.3613 5.2
      vertex 6.79246 28.1575 5.2
    endloop
  endfacet
  facet normal 0 0 1
    outer loop
      vertex 7.99804 26.3613 5.2
      vertex 6.6892 28.067 5.2
      vertex 7.65 26.1287 5.2
    endloop
  endfacet
  facet normal -0 0 1
    outer loop
      vertex 6.575 27.9907 5.2
      vertex 7.65 26.1287 5.2
      vertex 6.6892 28.067 5.2
    endloop
  endfacet
  facet normal 0 0 1
    outer loop
      vertex 7.65 26.1287 5.2
      vertex 6.575 27.9907 5.2
      vertex 7.27459 25.9436 5.2
    endloop
  endfacet
  facet normal -0 0 1
    outer loop
      vertex 6.45182 27.9299 5.2
      vertex 7.27459 25.9436 5.2
      vertex 6.575 27.9907 5.2
    endloop
  endfacet
  facet normal 0 0 1
    outer loop
      vertex 7.27459 25.9436 5.2
      vertex 6.45182 27.9299 5.2
      vertex 6.87822 25.809 5.2
    endloop
  endfacet
  facet normal -0 0 1
    outer loop
      vertex 6.32176 27.8858 5.2
      vertex 6.87822 25.809 5.2
      vertex 6.45182 27.9299 5.2
    endloop
  endfacet
  facet normal 0 0 1
    outer loop
      vertex 6.87822 25.809 5.2
      vertex 6.32176 27.8858 5.2
      vertex 6.46768 25.7274 5.2
    endloop
  endfacet
  facet normal -0 0 1
    outer loop
      vertex 6.18705 27.859 5.2
      vertex 6.46768 25.7274 5.2
      vertex 6.32176 27.8858 5.2
    endloop
  endfacet
  facet normal 0 0 1
    outer loop
      vertex 6.18705 27.859 5.2
      vertex 6.05 25.7 5.2
      vertex 6.46768 25.7274 5.2
    endloop
  endfacet
  facet normal -0 0 1
    outer loop
      vertex 6.05 27.85 5.2
      vertex 6.05 25.7 5.2
      vertex 6.18705 27.859 5.2
    endloop
  endfacet
  facet normal 0 0 1
    outer loop
      vertex 5.91295 27.859 5.2
      vertex 6.05 25.7 5.2
      vertex 6.05 27.85 5.2
    endloop
  endfacet
  facet normal 0 0 1
    outer loop
      vertex 5.63232 25.7274 5.2
      vertex 5.91295 27.859 5.2
      vertex 5.77824 27.8858 5.2
    endloop
  endfacet
  facet normal 0 0 1
    outer loop
      vertex 5.22178 25.809 5.2
      vertex 5.77824 27.8858 5.2
      vertex 5.64818 27.9299 5.2
    endloop
  endfacet
  facet normal 0 0 1
    outer loop
      vertex 5.91295 27.859 5.2
      vertex 5.63232 25.7274 5.2
      vertex 6.05 25.7 5.2
    endloop
  endfacet
  facet normal 0 0 1
    outer loop
      vertex 4.82541 25.9436 5.2
      vertex 5.64818 27.9299 5.2
      vertex 5.525 27.9907 5.2
    endloop
  endfacet
  facet normal 0 0 1
    outer loop
      vertex 4.45 26.1287 5.2
      vertex 5.525 27.9907 5.2
      vertex 5.4108 28.067 5.2
    endloop
  endfacet
  facet normal 0 0 1
    outer loop
      vertex 4.10196 26.3613 5.2
      vertex 5.4108 28.067 5.2
      vertex 5.30754 28.1575 5.2
    endloop
  endfacet
  facet normal 0 0 1
    outer loop
      vertex 5.77824 27.8858 5.2
      vertex 5.22178 25.809 5.2
      vertex 5.63232 25.7274 5.2
    endloop
  endfacet
  facet normal 0 0 1
    outer loop
      vertex 3.78726 26.6373 5.2
      vertex 5.30754 28.1575 5.2
      vertex 5.21698 28.2608 5.2
    endloop
  endfacet
  facet normal 0 0 1
    outer loop
      vertex 3.51127 26.952 5.2
      vertex 5.21698 28.2608 5.2
      vertex 5.14067 28.375 5.2
    endloop
  endfacet
  facet normal 0 0 1
    outer loop
      vertex 3.27872 27.3 5.2
      vertex 5.14067 28.375 5.2
      vertex 5.07993 28.4982 5.2
    endloop
  endfacet
  facet normal 0 0 1
    outer loop
      vertex 3.09359 27.6754 5.2
      vertex 5.07993 28.4982 5.2
      vertex 5.03578 28.6282 5.2
    endloop
  endfacet
  facet normal 0 0 1
    outer loop
      vertex 2.95904 28.0718 5.2
      vertex 5.03578 28.6282 5.2
      vertex 5.00898 28.7629 5.2
    endloop
  endfacet
  facet normal 0 0 1
    outer loop
      vertex 5.64818 27.9299 5.2
      vertex 4.82541 25.9436 5.2
      vertex 5.22178 25.809 5.2
    endloop
  endfacet
  facet normal 0 0 1
    outer loop
      vertex 2.87738 28.4823 5.2
      vertex 5.00898 28.7629 5.2
      vertex 5 28.9 5.2
    endloop
  endfacet
  facet normal -0 0 1
    outer loop
      vertex 3.27872 30.5 5.2
      vertex 5.14067 29.425 5.2
      vertex 3.51127 30.848 5.2
    endloop
  endfacet
  facet normal 0 0 1
    outer loop
      vertex 5.14067 29.425 5.2
      vertex 3.27872 30.5 5.2
      vertex 5.07993 29.3018 5.2
    endloop
  endfacet
  facet normal 0 0 1
    outer loop
      vertex 5.525 27.9907 5.2
      vertex 4.45 26.1287 5.2
      vertex 4.82541 25.9436 5.2
    endloop
  endfacet
  facet normal -0 0 1
    outer loop
      vertex 3.09359 30.1246 5.2
      vertex 5.07993 29.3018 5.2
      vertex 3.27872 30.5 5.2
    endloop
  endfacet
  facet normal 0 0 1
    outer loop
      vertex 5.4108 28.067 5.2
      vertex 4.10196 26.3613 5.2
      vertex 4.45 26.1287 5.2
    endloop
  endfacet
  facet normal 0 0 1
    outer loop
      vertex 5.07993 29.3018 5.2
      vertex 3.09359 30.1246 5.2
      vertex 5.03578 29.1718 5.2
    endloop
  endfacet
  facet normal 0 0 1
    outer loop
      vertex 5.30754 28.1575 5.2
      vertex 3.78726 26.6373 5.2
      vertex 4.10196 26.3613 5.2
    endloop
  endfacet
  facet normal -0 0 1
    outer loop
      vertex 2.95904 29.7282 5.2
      vertex 5.03578 29.1718 5.2
      vertex 3.09359 30.1246 5.2
    endloop
  endfacet
  facet normal 0 0 1
    outer loop
      vertex 5.21698 28.2608 5.2
      vertex 3.51127 26.952 5.2
      vertex 3.78726 26.6373 5.2
    endloop
  endfacet
  facet normal 0 0 1
    outer loop
      vertex 5.03578 29.1718 5.2
      vertex 2.95904 29.7282 5.2
      vertex 5.00898 29.0371 5.2
    endloop
  endfacet
  facet normal 0 0 1
    outer loop
      vertex 5.14067 28.375 5.2
      vertex 3.27872 27.3 5.2
      vertex 3.51127 26.952 5.2
    endloop
  endfacet
  facet normal -0 0 1
    outer loop
      vertex 2.87738 29.3177 5.2
      vertex 5.00898 29.0371 5.2
      vertex 2.95904 29.7282 5.2
    endloop
  endfacet
  facet normal 0 0 1
    outer loop
      vertex 5.07993 28.4982 5.2
      vertex 3.09359 27.6754 5.2
      vertex 3.27872 27.3 5.2
    endloop
  endfacet
  facet normal 0 0 1
    outer loop
      vertex 5.00898 29.0371 5.2
      vertex 2.87738 29.3177 5.2
      vertex 5 28.9 5.2
    endloop
  endfacet
  facet normal 0 0 1
    outer loop
      vertex 5.03578 28.6282 5.2
      vertex 2.95904 28.0718 5.2
      vertex 3.09359 27.6754 5.2
    endloop
  endfacet
  facet normal 0 0 1
    outer loop
      vertex 2.85 28.9 5.2
      vertex 5 28.9 5.2
      vertex 2.87738 29.3177 5.2
    endloop
  endfacet
  facet normal 0 0 1
    outer loop
      vertex 5.00898 28.7629 5.2
      vertex 2.87738 28.4823 5.2
      vertex 2.95904 28.0718 5.2
    endloop
  endfacet
  facet normal 0 0 1
    outer loop
      vertex 5 28.9 5.2
      vertex 2.85 28.9 5.2
      vertex 2.87738 28.4823 5.2
    endloop
  endfacet
  facet normal -0.752681 -0.658385 0
    outer loop
      vertex 6.88302 29.5392 2
      vertex 6.86745 29.557 5.2
      vertex 6.86745 29.557 2
    endloop
  endfacet
  facet normal -0.752681 -0.658385 0
    outer loop
      vertex 6.86745 29.557 5.2
      vertex 6.88302 29.5392 2
      vertex 6.88302 29.5392 5.2
    endloop
  endfacet
  facet normal -0.194341 -0.980934 0
    outer loop
      vertex 6.18705 29.941 2
      vertex 6.24762 29.929 5.2
      vertex 6.18705 29.941 5.2
    endloop
  endfacet
  facet normal -0.194341 -0.980934 -0
    outer loop
      vertex 6.24762 29.929 5.2
      vertex 6.18705 29.941 2
      vertex 6.24762 29.929 2
    endloop
  endfacet
  facet normal -0.831456 -0.55559 0
    outer loop
      vertex 6.95933 29.425 2
      vertex 6.88302 29.5392 5.2
      vertex 6.88302 29.5392 2
    endloop
  endfacet
  facet normal -0.831456 -0.55559 0
    outer loop
      vertex 6.88302 29.5392 5.2
      vertex 6.95933 29.425 2
      vertex 6.95933 29.425 5.2
    endloop
  endfacet
  facet normal -0.831313 0.555804 0
    outer loop
      vertex 6.91868 28.3142 2
      vertex 6.95933 28.375 5.2
      vertex 6.95933 28.375 2
    endloop
  endfacet
  facet normal -0.831313 0.555804 0
    outer loop
      vertex 6.95933 28.375 5.2
      vertex 6.91868 28.3142 2
      vertex 6.91868 28.3142 5.2
    endloop
  endfacet
  facet normal -0.442181 -0.896926 0
    outer loop
      vertex 6.53788 29.8276 2
      vertex 6.575 29.8093 5.2
      vertex 6.53788 29.8276 5.2
    endloop
  endfacet
  facet normal -0.442181 -0.896926 -0
    outer loop
      vertex 6.575 29.8093 5.2
      vertex 6.53788 29.8276 2
      vertex 6.575 29.8093 2
    endloop
  endfacet
  facet normal -0.555079 -0.831798 0
    outer loop
      vertex 6.575 29.8093 2
      vertex 6.60542 29.789 5.2
      vertex 6.575 29.8093 5.2
    endloop
  endfacet
  facet normal -0.555079 -0.831798 -0
    outer loop
      vertex 6.60542 29.789 5.2
      vertex 6.575 29.8093 2
      vertex 6.60542 29.789 2
    endloop
  endfacet
  facet normal 0.194513 -0.9809 0
    outer loop
      vertex 5.90589 29.9396 2
      vertex 5.91295 29.941 5.2
      vertex 5.90589 29.9396 5.2
    endloop
  endfacet
  facet normal 0.194513 -0.9809 0
    outer loop
      vertex 5.91295 29.941 5.2
      vertex 5.90589 29.9396 2
      vertex 5.91295 29.941 2
    endloop
  endfacet
  facet normal -0.89681 -0.442416 0
    outer loop
      vertex 7.01991 29.3022 2
      vertex 6.95933 29.425 5.2
      vertex 6.95933 29.425 2
    endloop
  endfacet
  facet normal -0.89681 -0.442416 0
    outer loop
      vertex 6.95933 29.425 5.2
      vertex 7.01991 29.3022 2
      vertex 7.01991 29.3022 5.2
    endloop
  endfacet
  facet normal 0.0651418 -0.997876 0
    outer loop
      vertex 5.91295 29.941 2
      vertex 5.95431 29.9437 5.2
      vertex 5.91295 29.941 5.2
    endloop
  endfacet
  facet normal 0.0651418 -0.997876 0
    outer loop
      vertex 5.95431 29.9437 5.2
      vertex 5.91295 29.941 2
      vertex 5.95431 29.9437 2
    endloop
  endfacet
  facet normal 0.50702 -0.861934 0
    outer loop
      vertex 5.525 29.8093 2
      vertex 5.52568 29.8097 5.2
      vertex 5.525 29.8093 5.2
    endloop
  endfacet
  facet normal 0.50702 -0.861934 0
    outer loop
      vertex 5.52568 29.8097 5.2
      vertex 5.525 29.8093 2
      vertex 5.52568 29.8097 2
    endloop
  endfacet
  facet normal -0.0650715 -0.997881 0
    outer loop
      vertex 6.13031 29.9447 2
      vertex 6.18705 29.941 5.2
      vertex 6.13031 29.9447 5.2
    endloop
  endfacet
  facet normal -0.0650715 -0.997881 -0
    outer loop
      vertex 6.18705 29.941 5.2
      vertex 6.13031 29.9447 2
      vertex 6.18705 29.941 2
    endloop
  endfacet
  facet normal -0.896784 0.44247 0
    outer loop
      vertex 6.95933 28.375 2
      vertex 6.99594 28.4492 5.2
      vertex 6.99594 28.4492 2
    endloop
  endfacet
  facet normal -0.896784 0.44247 0
    outer loop
      vertex 6.99594 28.4492 5.2
      vertex 6.95933 28.375 2
      vertex 6.95933 28.375 5.2
    endloop
  endfacet
  facet normal 0.980813 0.194949 0
    outer loop
      vertex 67.0226 6.46768 5.2
      vertex 66.941 6.87822 2
      vertex 66.941 6.87822 5.2
    endloop
  endfacet
  facet normal 0.980813 0.194949 0
    outer loop
      vertex 66.941 6.87822 2
      vertex 67.0226 6.46768 5.2
      vertex 67.0226 6.46768 2
    endloop
  endfacet
  facet normal 0.997855 0.0654598 0
    outer loop
      vertex 67.05 6.05 5.2
      vertex 67.0226 6.46768 2
      vertex 67.0226 6.46768 5.2
    endloop
  endfacet
  facet normal 0.997855 0.0654598 0
    outer loop
      vertex 67.0226 6.46768 2
      vertex 67.05 6.05 5.2
      vertex 67.05 6.05 2
    endloop
  endfacet
  facet normal 0.321419 0.946937 -0
    outer loop
      vertex 65.0746 9.00641 2
      vertex 64.6782 9.14096 5.2
      vertex 65.0746 9.00641 5.2
    endloop
  endfacet
  facet normal 0.321419 0.946937 0
    outer loop
      vertex 64.6782 9.14096 5.2
      vertex 65.0746 9.00641 2
      vertex 64.6782 9.14096 2
    endloop
  endfacet
  facet normal 0.55561 -0.831443 0
    outer loop
      vertex 65.45 3.27872 2
      vertex 65.798 3.51127 5.2
      vertex 65.45 3.27872 5.2
    endloop
  endfacet
  facet normal 0.55561 -0.831443 0
    outer loop
      vertex 65.798 3.51127 5.2
      vertex 65.45 3.27872 2
      vertex 65.798 3.51127 2
    endloop
  endfacet
  facet normal 0.659353 0.751833 -0
    outer loop
      vertex 66.1127 8.31274 2
      vertex 65.798 8.58873 5.2
      vertex 66.1127 8.31274 5.2
    endloop
  endfacet
  facet normal 0.659353 0.751833 0
    outer loop
      vertex 65.798 8.58873 5.2
      vertex 66.1127 8.31274 2
      vertex 65.798 8.58873 2
    endloop
  endfacet
  facet normal -0.195105 -0.980782 0
    outer loop
      vertex 63.0218 2.95904 2
      vertex 63.4323 2.87738 5.2
      vertex 63.0218 2.95904 5.2
    endloop
  endfacet
  facet normal -0.195105 -0.980782 -0
    outer loop
      vertex 63.4323 2.87738 5.2
      vertex 63.0218 2.95904 2
      vertex 63.4323 2.87738 2
    endloop
  endfacet
  facet normal 0.751821 -0.659367 0
    outer loop
      vertex 66.1127 3.78726 5.2
      vertex 66.3887 4.10196 2
      vertex 66.3887 4.10196 5.2
    endloop
  endfacet
  facet normal 0.751821 -0.659367 0
    outer loop
      vertex 66.3887 4.10196 2
      vertex 66.1127 3.78726 5.2
      vertex 66.1127 3.78726 2
    endloop
  endfacet
  facet normal -0.946893 0.321548 0
    outer loop
      vertex 60.759 6.87822 2
      vertex 60.8936 7.27459 5.2
      vertex 60.8936 7.27459 2
    endloop
  endfacet
  facet normal -0.946893 0.321548 0
    outer loop
      vertex 60.8936 7.27459 5.2
      vertex 60.759 6.87822 2
      vertex 60.759 6.87822 5.2
    endloop
  endfacet
  facet normal 0.0654091 0.997859 -0
    outer loop
      vertex 64.2677 9.22262 2
      vertex 63.85 9.25 5.2
      vertex 64.2677 9.22262 5.2
    endloop
  endfacet
  facet normal 0.0654091 0.997859 0
    outer loop
      vertex 63.85 9.25 5.2
      vertex 64.2677 9.22262 2
      vertex 63.85 9.25 2
    endloop
  endfacet
  facet normal -0.321419 0.946937 0
    outer loop
      vertex 63.0218 9.14096 2
      vertex 62.6254 9.00641 5.2
      vertex 63.0218 9.14096 5.2
    endloop
  endfacet
  facet normal -0.321419 0.946937 0
    outer loop
      vertex 62.6254 9.00641 5.2
      vertex 63.0218 9.14096 2
      vertex 62.6254 9.00641 2
    endloop
  endfacet
  facet normal -0.997855 -0.0654598 0
    outer loop
      vertex 60.6774 5.63232 2
      vertex 60.65 6.05 5.2
      vertex 60.65 6.05 2
    endloop
  endfacet
  facet normal -0.997855 -0.0654598 0
    outer loop
      vertex 60.65 6.05 5.2
      vertex 60.6774 5.63232 2
      vertex 60.6774 5.63232 5.2
    endloop
  endfacet
  facet normal -0.0654091 -0.997859 0
    outer loop
      vertex 63.4323 2.87738 2
      vertex 63.85 2.85 5.2
      vertex 63.4323 2.87738 5.2
    endloop
  endfacet
  facet normal -0.0654091 -0.997859 -0
    outer loop
      vertex 63.85 2.85 5.2
      vertex 63.4323 2.87738 2
      vertex 63.85 2.85 2
    endloop
  endfacet
  facet normal 0.997855 -0.0654598 0
    outer loop
      vertex 67.0226 5.63232 5.2
      vertex 67.05 6.05 2
      vertex 67.05 6.05 5.2
    endloop
  endfacet
  facet normal 0.997855 -0.0654598 0
    outer loop
      vertex 67.05 6.05 2
      vertex 67.0226 5.63232 5.2
      vertex 67.0226 5.63232 2
    endloop
  endfacet
  facet normal 0.751821 0.659367 0
    outer loop
      vertex 66.3887 7.99804 5.2
      vertex 66.1127 8.31274 2
      vertex 66.1127 8.31274 5.2
    endloop
  endfacet
  facet normal 0.751821 0.659367 0
    outer loop
      vertex 66.1127 8.31274 2
      vertex 66.3887 7.99804 5.2
      vertex 66.3887 7.99804 2
    endloop
  endfacet
  facet normal -0.946893 -0.321548 0
    outer loop
      vertex 60.8936 4.82541 2
      vertex 60.759 5.22178 5.2
      vertex 60.759 5.22178 2
    endloop
  endfacet
  facet normal -0.946893 -0.321548 0
    outer loop
      vertex 60.759 5.22178 5.2
      vertex 60.8936 4.82541 2
      vertex 60.8936 4.82541 5.2
    endloop
  endfacet
  facet normal -0.980813 -0.194949 0
    outer loop
      vertex 60.759 5.22178 2
      vertex 60.6774 5.63232 5.2
      vertex 60.6774 5.63232 2
    endloop
  endfacet
  facet normal -0.980813 -0.194949 0
    outer loop
      vertex 60.6774 5.63232 5.2
      vertex 60.759 5.22178 2
      vertex 60.759 5.22178 5.2
    endloop
  endfacet
  facet normal 0.195105 0.980782 -0
    outer loop
      vertex 64.6782 9.14096 2
      vertex 64.2677 9.22262 5.2
      vertex 64.6782 9.14096 5.2
    endloop
  endfacet
  facet normal 0.195105 0.980782 0
    outer loop
      vertex 64.2677 9.22262 5.2
      vertex 64.6782 9.14096 2
      vertex 64.2677 9.22262 2
    endloop
  endfacet
  facet normal -0.751821 -0.659367 0
    outer loop
      vertex 61.5873 3.78726 2
      vertex 61.3113 4.10196 5.2
      vertex 61.3113 4.10196 2
    endloop
  endfacet
  facet normal -0.751821 -0.659367 0
    outer loop
      vertex 61.3113 4.10196 5.2
      vertex 61.5873 3.78726 2
      vertex 61.5873 3.78726 5.2
    endloop
  endfacet
  facet normal -0.659353 0.751833 0
    outer loop
      vertex 61.902 8.58873 2
      vertex 61.5873 8.31274 5.2
      vertex 61.902 8.58873 5.2
    endloop
  endfacet
  facet normal -0.659353 0.751833 0
    outer loop
      vertex 61.5873 8.31274 5.2
      vertex 61.902 8.58873 2
      vertex 61.5873 8.31274 2
    endloop
  endfacet
  facet normal -0.896903 0.442228 0
    outer loop
      vertex 60.8936 7.27459 2
      vertex 61.0787 7.65 5.2
      vertex 61.0787 7.65 2
    endloop
  endfacet
  facet normal -0.896903 0.442228 0
    outer loop
      vertex 61.0787 7.65 5.2
      vertex 60.8936 7.27459 2
      vertex 60.8936 7.27459 5.2
    endloop
  endfacet
  facet normal 0.831418 -0.555648 0
    outer loop
      vertex 66.3887 4.10196 5.2
      vertex 66.6213 4.45 2
      vertex 66.6213 4.45 5.2
    endloop
  endfacet
  facet normal 0.831418 -0.555648 0
    outer loop
      vertex 66.6213 4.45 2
      vertex 66.3887 4.10196 5.2
      vertex 66.3887 4.10196 2
    endloop
  endfacet
  facet normal 0.831418 0.555648 0
    outer loop
      vertex 66.6213 7.65 5.2
      vertex 66.3887 7.99804 2
      vertex 66.3887 7.99804 5.2
    endloop
  endfacet
  facet normal 0.831418 0.555648 0
    outer loop
      vertex 66.3887 7.99804 2
      vertex 66.6213 7.65 5.2
      vertex 66.6213 7.65 2
    endloop
  endfacet
  facet normal -0.751821 0.659367 0
    outer loop
      vertex 61.3113 7.99804 2
      vertex 61.5873 8.31274 5.2
      vertex 61.5873 8.31274 2
    endloop
  endfacet
  facet normal -0.751821 0.659367 0
    outer loop
      vertex 61.5873 8.31274 5.2
      vertex 61.3113 7.99804 2
      vertex 61.3113 7.99804 5.2
    endloop
  endfacet
  facet normal 0.659353 -0.751833 0
    outer loop
      vertex 65.798 3.51127 2
      vertex 66.1127 3.78726 5.2
      vertex 65.798 3.51127 5.2
    endloop
  endfacet
  facet normal 0.659353 -0.751833 0
    outer loop
      vertex 66.1127 3.78726 5.2
      vertex 65.798 3.51127 2
      vertex 66.1127 3.78726 2
    endloop
  endfacet
  facet normal -0.831418 -0.555648 0
    outer loop
      vertex 61.3113 4.10196 2
      vertex 61.0787 4.45 5.2
      vertex 61.0787 4.45 2
    endloop
  endfacet
  facet normal -0.831418 -0.555648 0
    outer loop
      vertex 61.0787 4.45 5.2
      vertex 61.3113 4.10196 2
      vertex 61.3113 4.10196 5.2
    endloop
  endfacet
  facet normal -0.195105 0.980782 0
    outer loop
      vertex 63.4323 9.22262 2
      vertex 63.0218 9.14096 5.2
      vertex 63.4323 9.22262 5.2
    endloop
  endfacet
  facet normal -0.195105 0.980782 0
    outer loop
      vertex 63.0218 9.14096 5.2
      vertex 63.4323 9.22262 2
      vertex 63.0218 9.14096 2
    endloop
  endfacet
  facet normal 0.946893 -0.321548 0
    outer loop
      vertex 66.8064 4.82541 5.2
      vertex 66.941 5.22178 2
      vertex 66.941 5.22178 5.2
    endloop
  endfacet
  facet normal 0.946893 -0.321548 0
    outer loop
      vertex 66.941 5.22178 2
      vertex 66.8064 4.82541 5.2
      vertex 66.8064 4.82541 2
    endloop
  endfacet
  facet normal 0.442295 0.89687 -0
    outer loop
      vertex 65.45 8.82128 2
      vertex 65.0746 9.00641 5.2
      vertex 65.45 8.82128 5.2
    endloop
  endfacet
  facet normal 0.442295 0.89687 0
    outer loop
      vertex 65.0746 9.00641 5.2
      vertex 65.45 8.82128 2
      vertex 65.0746 9.00641 2
    endloop
  endfacet
  facet normal -0.0654091 0.997859 0
    outer loop
      vertex 63.85 9.25 2
      vertex 63.4323 9.22262 5.2
      vertex 63.85 9.25 5.2
    endloop
  endfacet
  facet normal -0.0654091 0.997859 0
    outer loop
      vertex 63.4323 9.22262 5.2
      vertex 63.85 9.25 2
      vertex 63.4323 9.22262 2
    endloop
  endfacet
  facet normal 0.0654091 -0.997859 0
    outer loop
      vertex 63.85 2.85 2
      vertex 64.2677 2.87738 5.2
      vertex 63.85 2.85 5.2
    endloop
  endfacet
  facet normal 0.0654091 -0.997859 0
    outer loop
      vertex 64.2677 2.87738 5.2
      vertex 63.85 2.85 2
      vertex 64.2677 2.87738 2
    endloop
  endfacet
  facet normal 0.55561 0.831443 -0
    outer loop
      vertex 65.798 8.58873 2
      vertex 65.45 8.82128 5.2
      vertex 65.798 8.58873 5.2
    endloop
  endfacet
  facet normal 0.55561 0.831443 0
    outer loop
      vertex 65.45 8.82128 5.2
      vertex 65.798 8.58873 2
      vertex 65.45 8.82128 2
    endloop
  endfacet
  facet normal -0.896903 -0.442228 0
    outer loop
      vertex 61.0787 4.45 2
      vertex 60.8936 4.82541 5.2
      vertex 60.8936 4.82541 2
    endloop
  endfacet
  facet normal -0.896903 -0.442228 0
    outer loop
      vertex 60.8936 4.82541 5.2
      vertex 61.0787 4.45 2
      vertex 61.0787 4.45 5.2
    endloop
  endfacet
  facet normal -0.659353 -0.751833 0
    outer loop
      vertex 61.5873 3.78726 2
      vertex 61.902 3.51127 5.2
      vertex 61.5873 3.78726 5.2
    endloop
  endfacet
  facet normal -0.659353 -0.751833 -0
    outer loop
      vertex 61.902 3.51127 5.2
      vertex 61.5873 3.78726 2
      vertex 61.902 3.51127 2
    endloop
  endfacet
  facet normal -0.980813 0.194949 0
    outer loop
      vertex 60.6774 6.46768 2
      vertex 60.759 6.87822 5.2
      vertex 60.759 6.87822 2
    endloop
  endfacet
  facet normal -0.980813 0.194949 0
    outer loop
      vertex 60.759 6.87822 5.2
      vertex 60.6774 6.46768 2
      vertex 60.6774 6.46768 5.2
    endloop
  endfacet
  facet normal 0.896903 0.442228 0
    outer loop
      vertex 66.8064 7.27459 5.2
      vertex 66.6213 7.65 2
      vertex 66.6213 7.65 5.2
    endloop
  endfacet
  facet normal 0.896903 0.442228 0
    outer loop
      vertex 66.6213 7.65 2
      vertex 66.8064 7.27459 5.2
      vertex 66.8064 7.27459 2
    endloop
  endfacet
  facet normal 0.195105 -0.980782 0
    outer loop
      vertex 64.2677 2.87738 2
      vertex 64.6782 2.95904 5.2
      vertex 64.2677 2.87738 5.2
    endloop
  endfacet
  facet normal 0.195105 -0.980782 0
    outer loop
      vertex 64.6782 2.95904 5.2
      vertex 64.2677 2.87738 2
      vertex 64.6782 2.95904 2
    endloop
  endfacet
  facet normal 0.896903 -0.442228 0
    outer loop
      vertex 66.6213 4.45 5.2
      vertex 66.8064 4.82541 2
      vertex 66.8064 4.82541 5.2
    endloop
  endfacet
  facet normal 0.896903 -0.442228 0
    outer loop
      vertex 66.8064 4.82541 2
      vertex 66.6213 4.45 5.2
      vertex 66.6213 4.45 2
    endloop
  endfacet
  facet normal 0.980813 -0.194949 0
    outer loop
      vertex 66.941 5.22178 5.2
      vertex 67.0226 5.63232 2
      vertex 67.0226 5.63232 5.2
    endloop
  endfacet
  facet normal 0.980813 -0.194949 0
    outer loop
      vertex 67.0226 5.63232 2
      vertex 66.941 5.22178 5.2
      vertex 66.941 5.22178 2
    endloop
  endfacet
  facet normal -0.55561 0.831443 0
    outer loop
      vertex 62.25 8.82128 2
      vertex 61.902 8.58873 5.2
      vertex 62.25 8.82128 5.2
    endloop
  endfacet
  facet normal -0.55561 0.831443 0
    outer loop
      vertex 61.902 8.58873 5.2
      vertex 62.25 8.82128 2
      vertex 61.902 8.58873 2
    endloop
  endfacet
  facet normal 0.946893 0.321548 0
    outer loop
      vertex 66.941 6.87822 5.2
      vertex 66.8064 7.27459 2
      vertex 66.8064 7.27459 5.2
    endloop
  endfacet
  facet normal 0.946893 0.321548 0
    outer loop
      vertex 66.8064 7.27459 2
      vertex 66.941 6.87822 5.2
      vertex 66.941 6.87822 2
    endloop
  endfacet
  facet normal 0.321419 -0.946937 0
    outer loop
      vertex 64.6782 2.95904 2
      vertex 65.0746 3.09359 5.2
      vertex 64.6782 2.95904 5.2
    endloop
  endfacet
  facet normal 0.321419 -0.946937 0
    outer loop
      vertex 65.0746 3.09359 5.2
      vertex 64.6782 2.95904 2
      vertex 65.0746 3.09359 2
    endloop
  endfacet
  facet normal 0.442295 -0.89687 0
    outer loop
      vertex 65.0746 3.09359 2
      vertex 65.45 3.27872 5.2
      vertex 65.0746 3.09359 5.2
    endloop
  endfacet
  facet normal 0.442295 -0.89687 0
    outer loop
      vertex 65.45 3.27872 5.2
      vertex 65.0746 3.09359 2
      vertex 65.45 3.27872 2
    endloop
  endfacet
  facet normal -0.997855 0.0654598 0
    outer loop
      vertex 60.65 6.05 2
      vertex 60.6774 6.46768 5.2
      vertex 60.6774 6.46768 2
    endloop
  endfacet
  facet normal -0.997855 0.0654598 0
    outer loop
      vertex 60.6774 6.46768 5.2
      vertex 60.65 6.05 2
      vertex 60.65 6.05 5.2
    endloop
  endfacet
  facet normal -0.321419 -0.946937 0
    outer loop
      vertex 62.6254 3.09359 2
      vertex 63.0218 2.95904 5.2
      vertex 62.6254 3.09359 5.2
    endloop
  endfacet
  facet normal -0.321419 -0.946937 -0
    outer loop
      vertex 63.0218 2.95904 5.2
      vertex 62.6254 3.09359 2
      vertex 63.0218 2.95904 2
    endloop
  endfacet
  facet normal -0.442295 0.89687 0
    outer loop
      vertex 62.6254 9.00641 2
      vertex 62.25 8.82128 5.2
      vertex 62.6254 9.00641 5.2
    endloop
  endfacet
  facet normal -0.442295 0.89687 0
    outer loop
      vertex 62.25 8.82128 5.2
      vertex 62.6254 9.00641 2
      vertex 62.25 8.82128 2
    endloop
  endfacet
  facet normal -0.831418 0.555648 0
    outer loop
      vertex 61.0787 7.65 2
      vertex 61.3113 7.99804 5.2
      vertex 61.3113 7.99804 2
    endloop
  endfacet
  facet normal -0.831418 0.555648 0
    outer loop
      vertex 61.3113 7.99804 5.2
      vertex 61.0787 7.65 2
      vertex 61.0787 7.65 5.2
    endloop
  endfacet
  facet normal -0.442295 -0.89687 0
    outer loop
      vertex 62.25 3.27872 2
      vertex 62.6254 3.09359 5.2
      vertex 62.25 3.27872 5.2
    endloop
  endfacet
  facet normal -0.442295 -0.89687 -0
    outer loop
      vertex 62.6254 3.09359 5.2
      vertex 62.25 3.27872 2
      vertex 62.6254 3.09359 2
    endloop
  endfacet
  facet normal -0.55561 -0.831443 0
    outer loop
      vertex 61.902 3.51127 2
      vertex 62.25 3.27872 5.2
      vertex 61.902 3.51127 5.2
    endloop
  endfacet
  facet normal -0.55561 -0.831443 -0
    outer loop
      vertex 62.25 3.27872 5.2
      vertex 61.902 3.51127 2
      vertex 62.25 3.27872 2
    endloop
  endfacet
  facet normal 0 0 1
    outer loop
      vertex 64.9 6.05 5.2
      vertex 67.05 6.05 5.2
      vertex 67.0226 6.46768 5.2
    endloop
  endfacet
  facet normal 0 0 1
    outer loop
      vertex 64.891 6.18705 5.2
      vertex 67.0226 6.46768 5.2
      vertex 66.941 6.87822 5.2
    endloop
  endfacet
  facet normal 0 0 1
    outer loop
      vertex 67.05 6.05 5.2
      vertex 64.9 6.05 5.2
      vertex 67.0226 5.63232 5.2
    endloop
  endfacet
  facet normal 0 0 1
    outer loop
      vertex 64.8642 6.32176 5.2
      vertex 66.941 6.87822 5.2
      vertex 66.8064 7.27459 5.2
    endloop
  endfacet
  facet normal -0 0 1
    outer loop
      vertex 64.891 5.91295 5.2
      vertex 67.0226 5.63232 5.2
      vertex 64.9 6.05 5.2
    endloop
  endfacet
  facet normal 0 0 1
    outer loop
      vertex 64.7898 6.51324 5.2
      vertex 66.8064 7.27459 5.2
      vertex 66.6213 7.65 5.2
    endloop
  endfacet
  facet normal 0 0 1
    outer loop
      vertex 67.0226 5.63232 5.2
      vertex 64.891 5.91295 5.2
      vertex 66.941 5.22178 5.2
    endloop
  endfacet
  facet normal 0 0 1
    outer loop
      vertex 64.7237 6.62826 5.2
      vertex 66.6213 7.65 5.2
      vertex 66.3887 7.99804 5.2
    endloop
  endfacet
  facet normal -0 0 1
    outer loop
      vertex 64.8642 5.77824 5.2
      vertex 66.941 5.22178 5.2
      vertex 64.891 5.91295 5.2
    endloop
  endfacet
  facet normal 0 0 1
    outer loop
      vertex 64.683 6.6892 5.2
      vertex 66.3887 7.99804 5.2
      vertex 66.1127 8.31274 5.2
    endloop
  endfacet
  facet normal 0 0 1
    outer loop
      vertex 66.941 5.22178 5.2
      vertex 64.8642 5.77824 5.2
      vertex 66.8064 4.82541 5.2
    endloop
  endfacet
  facet normal 0 0 1
    outer loop
      vertex 64.5276 6.84934 5.2
      vertex 66.1127 8.31274 5.2
      vertex 65.798 8.58873 5.2
    endloop
  endfacet
  facet normal -0 0 1
    outer loop
      vertex 64.8201 5.64818 5.2
      vertex 66.8064 4.82541 5.2
      vertex 64.8642 5.77824 5.2
    endloop
  endfacet
  facet normal 0 0 1
    outer loop
      vertex 64.4892 6.88302 5.2
      vertex 65.798 8.58873 5.2
      vertex 65.45 8.82128 5.2
    endloop
  endfacet
  facet normal -0 0 1
    outer loop
      vertex 64.7718 5.55031 5.2
      vertex 66.8064 4.82541 5.2
      vertex 64.8201 5.64818 5.2
    endloop
  endfacet
  facet normal 0 0 1
    outer loop
      vertex 64.375 6.95933 5.2
      vertex 65.45 8.82128 5.2
      vertex 65.0746 9.00641 5.2
    endloop
  endfacet
  facet normal 0 0 1
    outer loop
      vertex 66.8064 4.82541 5.2
      vertex 64.7718 5.55031 5.2
      vertex 66.6213 4.45 5.2
    endloop
  endfacet
  facet normal -0 0 1
    outer loop
      vertex 64.7593 5.525 5.2
      vertex 66.6213 4.45 5.2
      vertex 64.7718 5.55031 5.2
    endloop
  endfacet
  facet normal 0 0 1
    outer loop
      vertex 67.0226 6.46768 5.2
      vertex 64.891 6.18705 5.2
      vertex 64.9 6.05 5.2
    endloop
  endfacet
  facet normal 0 0 1
    outer loop
      vertex 66.941 6.87822 5.2
      vertex 64.8642 6.32176 5.2
      vertex 64.891 6.18705 5.2
    endloop
  endfacet
  facet normal 0 0 1
    outer loop
      vertex 66.8064 7.27459 5.2
      vertex 64.8201 6.45182 5.2
      vertex 64.8642 6.32176 5.2
    endloop
  endfacet
  facet normal 0 0 1
    outer loop
      vertex 66.8064 7.27459 5.2
      vertex 64.7898 6.51324 5.2
      vertex 64.8201 6.45182 5.2
    endloop
  endfacet
  facet normal 0 0 1
    outer loop
      vertex 66.6213 7.65 5.2
      vertex 64.7593 6.575 5.2
      vertex 64.7898 6.51324 5.2
    endloop
  endfacet
  facet normal 0 0 1
    outer loop
      vertex 66.6213 7.65 5.2
      vertex 64.7237 6.62826 5.2
      vertex 64.7593 6.575 5.2
    endloop
  endfacet
  facet normal 0 0 1
    outer loop
      vertex 66.3887 7.99804 5.2
      vertex 64.683 6.6892 5.2
      vertex 64.7237 6.62826 5.2
    endloop
  endfacet
  facet normal 0 0 1
    outer loop
      vertex 64.2518 7.02007 5.2
      vertex 65.0746 9.00641 5.2
      vertex 64.6782 9.14096 5.2
    endloop
  endfacet
  facet normal 0 0 1
    outer loop
      vertex 66.1127 8.31274 5.2
      vertex 64.5925 6.79246 5.2
      vertex 64.683 6.6892 5.2
    endloop
  endfacet
  facet normal 0 0 1
    outer loop
      vertex 66.1127 8.31274 5.2
      vertex 64.5276 6.84934 5.2
      vertex 64.5925 6.79246 5.2
    endloop
  endfacet
  facet normal 0 0 1
    outer loop
      vertex 65.798 8.58873 5.2
      vertex 64.4892 6.88302 5.2
      vertex 64.5276 6.84934 5.2
    endloop
  endfacet
  facet normal 0 0 1
    outer loop
      vertex 65.45 8.82128 5.2
      vertex 64.375 6.95933 5.2
      vertex 64.4892 6.88302 5.2
    endloop
  endfacet
  facet normal 0 0 1
    outer loop
      vertex 64.1218 7.06422 5.2
      vertex 64.6782 9.14096 5.2
      vertex 64.2677 9.22262 5.2
    endloop
  endfacet
  facet normal 0 0 1
    outer loop
      vertex 65.0746 9.00641 5.2
      vertex 64.2518 7.02007 5.2
      vertex 64.375 6.95933 5.2
    endloop
  endfacet
  facet normal 0 0 1
    outer loop
      vertex 64.6782 9.14096 5.2
      vertex 64.1218 7.06422 5.2
      vertex 64.2518 7.02007 5.2
    endloop
  endfacet
  facet normal 0 0 1
    outer loop
      vertex 64.2677 9.22262 5.2
      vertex 63.9871 7.09102 5.2
      vertex 64.1218 7.06422 5.2
    endloop
  endfacet
  facet normal 0 0 1
    outer loop
      vertex 63.85 9.25 5.2
      vertex 63.9871 7.09102 5.2
      vertex 64.2677 9.22262 5.2
    endloop
  endfacet
  facet normal 0 0 1
    outer loop
      vertex 63.85 9.25 5.2
      vertex 63.85 7.1 5.2
      vertex 63.9871 7.09102 5.2
    endloop
  endfacet
  facet normal 0 0 1
    outer loop
      vertex 63.85 9.25 5.2
      vertex 63.7129 7.09102 5.2
      vertex 63.85 7.1 5.2
    endloop
  endfacet
  facet normal -0 0 1
    outer loop
      vertex 63.4323 9.22262 5.2
      vertex 63.7129 7.09102 5.2
      vertex 63.85 9.25 5.2
    endloop
  endfacet
  facet normal 0 0 1
    outer loop
      vertex 63.7129 7.09102 5.2
      vertex 63.4323 9.22262 5.2
      vertex 63.5782 7.06422 5.2
    endloop
  endfacet
  facet normal -0 0 1
    outer loop
      vertex 63.0218 9.14096 5.2
      vertex 63.5782 7.06422 5.2
      vertex 63.4323 9.22262 5.2
    endloop
  endfacet
  facet normal 0 0 1
    outer loop
      vertex 63.5782 7.06422 5.2
      vertex 63.0218 9.14096 5.2
      vertex 63.4482 7.02007 5.2
    endloop
  endfacet
  facet normal -0 0 1
    outer loop
      vertex 62.6254 9.00641 5.2
      vertex 63.4482 7.02007 5.2
      vertex 63.0218 9.14096 5.2
    endloop
  endfacet
  facet normal 0 0 1
    outer loop
      vertex 63.4482 7.02007 5.2
      vertex 62.6254 9.00641 5.2
      vertex 63.3871 6.98995 5.2
    endloop
  endfacet
  facet normal -0 0 1
    outer loop
      vertex 62.25 8.82128 5.2
      vertex 63.3871 6.98995 5.2
      vertex 62.6254 9.00641 5.2
    endloop
  endfacet
  facet normal 0 0 1
    outer loop
      vertex 63.3871 6.98995 5.2
      vertex 62.25 8.82128 5.2
      vertex 63.325 6.95933 5.2
    endloop
  endfacet
  facet normal 0 0 1
    outer loop
      vertex 63.325 6.95933 5.2
      vertex 62.25 8.82128 5.2
      vertex 63.2794 6.92887 5.2
    endloop
  endfacet
  facet normal -0 0 1
    outer loop
      vertex 61.902 8.58873 5.2
      vertex 63.2794 6.92887 5.2
      vertex 62.25 8.82128 5.2
    endloop
  endfacet
  facet normal 0 0 1
    outer loop
      vertex 63.2794 6.92887 5.2
      vertex 61.902 8.58873 5.2
      vertex 63.2108 6.88302 5.2
    endloop
  endfacet
  facet normal 0 0 1
    outer loop
      vertex 63.2108 6.88302 5.2
      vertex 61.902 8.58873 5.2
      vertex 63.1075 6.79246 5.2
    endloop
  endfacet
  facet normal -0 0 1
    outer loop
      vertex 61.5873 8.31274 5.2
      vertex 63.1075 6.79246 5.2
      vertex 61.902 8.58873 5.2
    endloop
  endfacet
  facet normal 0 0 1
    outer loop
      vertex 63.1075 6.79246 5.2
      vertex 61.5873 8.31274 5.2
      vertex 63.017 6.6892 5.2
    endloop
  endfacet
  facet normal 0 0 1
    outer loop
      vertex 63.017 6.6892 5.2
      vertex 61.3113 7.99804 5.2
      vertex 62.9407 6.575 5.2
    endloop
  endfacet
  facet normal -0 0 1
    outer loop
      vertex 61.3113 7.99804 5.2
      vertex 63.017 6.6892 5.2
      vertex 61.5873 8.31274 5.2
    endloop
  endfacet
  facet normal -0 0 1
    outer loop
      vertex 64.7543 5.51752 5.2
      vertex 66.6213 4.45 5.2
      vertex 64.7593 5.525 5.2
    endloop
  endfacet
  facet normal 0 0 1
    outer loop
      vertex 66.6213 4.45 5.2
      vertex 64.7543 5.51752 5.2
      vertex 66.3887 4.10196 5.2
    endloop
  endfacet
  facet normal -0 0 1
    outer loop
      vertex 64.683 5.4108 5.2
      vertex 66.3887 4.10196 5.2
      vertex 64.7543 5.51752 5.2
    endloop
  endfacet
  facet normal 0 0 1
    outer loop
      vertex 66.3887 4.10196 5.2
      vertex 64.683 5.4108 5.2
      vertex 66.1127 3.78726 5.2
    endloop
  endfacet
  facet normal -0 0 1
    outer loop
      vertex 64.5925 5.30754 5.2
      vertex 66.1127 3.78726 5.2
      vertex 64.683 5.4108 5.2
    endloop
  endfacet
  facet normal 0 0 1
    outer loop
      vertex 66.1127 3.78726 5.2
      vertex 64.5925 5.30754 5.2
      vertex 65.798 3.51127 5.2
    endloop
  endfacet
  facet normal -0 0 1
    outer loop
      vertex 64.4892 5.21698 5.2
      vertex 65.798 3.51127 5.2
      vertex 64.5925 5.30754 5.2
    endloop
  endfacet
  facet normal 0 0 1
    outer loop
      vertex 65.798 3.51127 5.2
      vertex 64.4892 5.21698 5.2
      vertex 65.45 3.27872 5.2
    endloop
  endfacet
  facet normal -0 0 1
    outer loop
      vertex 64.375 5.14067 5.2
      vertex 65.45 3.27872 5.2
      vertex 64.4892 5.21698 5.2
    endloop
  endfacet
  facet normal 0 0 1
    outer loop
      vertex 65.45 3.27872 5.2
      vertex 64.375 5.14067 5.2
      vertex 65.0746 3.09359 5.2
    endloop
  endfacet
  facet normal -0 0 1
    outer loop
      vertex 64.2518 5.07993 5.2
      vertex 65.0746 3.09359 5.2
      vertex 64.375 5.14067 5.2
    endloop
  endfacet
  facet normal 0 0 1
    outer loop
      vertex 65.0746 3.09359 5.2
      vertex 64.2518 5.07993 5.2
      vertex 64.6782 2.95904 5.2
    endloop
  endfacet
  facet normal -0 0 1
    outer loop
      vertex 64.1218 5.03578 5.2
      vertex 64.6782 2.95904 5.2
      vertex 64.2518 5.07993 5.2
    endloop
  endfacet
  facet normal 0 0 1
    outer loop
      vertex 64.6782 2.95904 5.2
      vertex 64.1218 5.03578 5.2
      vertex 64.2677 2.87738 5.2
    endloop
  endfacet
  facet normal -0 0 1
    outer loop
      vertex 63.9871 5.00898 5.2
      vertex 64.2677 2.87738 5.2
      vertex 64.1218 5.03578 5.2
    endloop
  endfacet
  facet normal -0 0 1
    outer loop
      vertex 63.85 5 5.2
      vertex 64.2677 2.87738 5.2
      vertex 63.9871 5.00898 5.2
    endloop
  endfacet
  facet normal 0 0 1
    outer loop
      vertex 63.85 5 5.2
      vertex 63.85 2.85 5.2
      vertex 64.2677 2.87738 5.2
    endloop
  endfacet
  facet normal 0 0 1
    outer loop
      vertex 63.7129 5.00898 5.2
      vertex 63.85 2.85 5.2
      vertex 63.85 5 5.2
    endloop
  endfacet
  facet normal 0 0 1
    outer loop
      vertex 63.4323 2.87738 5.2
      vertex 63.7129 5.00898 5.2
      vertex 63.5782 5.03578 5.2
    endloop
  endfacet
  facet normal 0 0 1
    outer loop
      vertex 63.0218 2.95904 5.2
      vertex 63.5782 5.03578 5.2
      vertex 63.4482 5.07993 5.2
    endloop
  endfacet
  facet normal 0 0 1
    outer loop
      vertex 63.7129 5.00898 5.2
      vertex 63.4323 2.87738 5.2
      vertex 63.85 2.85 5.2
    endloop
  endfacet
  facet normal 0 0 1
    outer loop
      vertex 62.6254 3.09359 5.2
      vertex 63.4482 5.07993 5.2
      vertex 63.325 5.14067 5.2
    endloop
  endfacet
  facet normal 0 0 1
    outer loop
      vertex 62.25 3.27872 5.2
      vertex 63.325 5.14067 5.2
      vertex 63.2108 5.21698 5.2
    endloop
  endfacet
  facet normal 0 0 1
    outer loop
      vertex 61.902 3.51127 5.2
      vertex 63.2108 5.21698 5.2
      vertex 63.1075 5.30754 5.2
    endloop
  endfacet
  facet normal 0 0 1
    outer loop
      vertex 63.5782 5.03578 5.2
      vertex 63.0218 2.95904 5.2
      vertex 63.4323 2.87738 5.2
    endloop
  endfacet
  facet normal 0 0 1
    outer loop
      vertex 61.5873 3.78726 5.2
      vertex 63.1075 5.30754 5.2
      vertex 63.017 5.4108 5.2
    endloop
  endfacet
  facet normal 0 0 1
    outer loop
      vertex 61.3113 4.10196 5.2
      vertex 63.017 5.4108 5.2
      vertex 62.9407 5.525 5.2
    endloop
  endfacet
  facet normal 0 0 1
    outer loop
      vertex 61.0787 4.45 5.2
      vertex 62.9407 5.525 5.2
      vertex 62.8799 5.64818 5.2
    endloop
  endfacet
  facet normal 0 0 1
    outer loop
      vertex 60.8936 4.82541 5.2
      vertex 62.8799 5.64818 5.2
      vertex 62.8358 5.77824 5.2
    endloop
  endfacet
  facet normal 0 0 1
    outer loop
      vertex 60.759 5.22178 5.2
      vertex 62.8358 5.77824 5.2
      vertex 62.809 5.91295 5.2
    endloop
  endfacet
  facet normal 0 0 1
    outer loop
      vertex 63.4482 5.07993 5.2
      vertex 62.6254 3.09359 5.2
      vertex 63.0218 2.95904 5.2
    endloop
  endfacet
  facet normal 0 0 1
    outer loop
      vertex 60.6774 5.63232 5.2
      vertex 62.809 5.91295 5.2
      vertex 62.8 6.05 5.2
    endloop
  endfacet
  facet normal -0 0 1
    outer loop
      vertex 61.0787 7.65 5.2
      vertex 62.9407 6.575 5.2
      vertex 61.3113 7.99804 5.2
    endloop
  endfacet
  facet normal 0 0 1
    outer loop
      vertex 62.9407 6.575 5.2
      vertex 61.0787 7.65 5.2
      vertex 62.8799 6.45182 5.2
    endloop
  endfacet
  facet normal 0 0 1
    outer loop
      vertex 63.325 5.14067 5.2
      vertex 62.25 3.27872 5.2
      vertex 62.6254 3.09359 5.2
    endloop
  endfacet
  facet normal -0 0 1
    outer loop
      vertex 60.8936 7.27459 5.2
      vertex 62.8799 6.45182 5.2
      vertex 61.0787 7.65 5.2
    endloop
  endfacet
  facet normal 0 0 1
    outer loop
      vertex 63.2108 5.21698 5.2
      vertex 61.902 3.51127 5.2
      vertex 62.25 3.27872 5.2
    endloop
  endfacet
  facet normal 0 0 1
    outer loop
      vertex 62.8799 6.45182 5.2
      vertex 60.8936 7.27459 5.2
      vertex 62.8358 6.32176 5.2
    endloop
  endfacet
  facet normal 0 0 1
    outer loop
      vertex 63.1075 5.30754 5.2
      vertex 61.5873 3.78726 5.2
      vertex 61.902 3.51127 5.2
    endloop
  endfacet
  facet normal -0 0 1
    outer loop
      vertex 60.759 6.87822 5.2
      vertex 62.8358 6.32176 5.2
      vertex 60.8936 7.27459 5.2
    endloop
  endfacet
  facet normal 0 0 1
    outer loop
      vertex 63.017 5.4108 5.2
      vertex 61.3113 4.10196 5.2
      vertex 61.5873 3.78726 5.2
    endloop
  endfacet
  facet normal 0 0 1
    outer loop
      vertex 62.8358 6.32176 5.2
      vertex 60.759 6.87822 5.2
      vertex 62.809 6.18705 5.2
    endloop
  endfacet
  facet normal 0 0 1
    outer loop
      vertex 62.9407 5.525 5.2
      vertex 61.0787 4.45 5.2
      vertex 61.3113 4.10196 5.2
    endloop
  endfacet
  facet normal -0 0 1
    outer loop
      vertex 60.6774 6.46768 5.2
      vertex 62.809 6.18705 5.2
      vertex 60.759 6.87822 5.2
    endloop
  endfacet
  facet normal 0 0 1
    outer loop
      vertex 62.8799 5.64818 5.2
      vertex 60.8936 4.82541 5.2
      vertex 61.0787 4.45 5.2
    endloop
  endfacet
  facet normal 0 0 1
    outer loop
      vertex 62.809 6.18705 5.2
      vertex 60.6774 6.46768 5.2
      vertex 62.8 6.05 5.2
    endloop
  endfacet
  facet normal 0 0 1
    outer loop
      vertex 62.8358 5.77824 5.2
      vertex 60.759 5.22178 5.2
      vertex 60.8936 4.82541 5.2
    endloop
  endfacet
  facet normal 0 0 1
    outer loop
      vertex 60.65 6.05 5.2
      vertex 62.8 6.05 5.2
      vertex 60.6774 6.46768 5.2
    endloop
  endfacet
  facet normal 0 0 1
    outer loop
      vertex 62.809 5.91295 5.2
      vertex 60.6774 5.63232 5.2
      vertex 60.759 5.22178 5.2
    endloop
  endfacet
  facet normal 0 0 1
    outer loop
      vertex 62.8 6.05 5.2
      vertex 60.65 6.05 5.2
      vertex 60.6774 5.63232 5.2
    endloop
  endfacet
  facet normal -0.659391 -0.7518 0
    outer loop
      vertex 64.4892 6.88302 2
      vertex 64.5276 6.84934 5.2
      vertex 64.4892 6.88302 5.2
    endloop
  endfacet
  facet normal -0.659391 -0.7518 -0
    outer loop
      vertex 64.5276 6.84934 5.2
      vertex 64.4892 6.88302 2
      vertex 64.5276 6.84934 2
    endloop
  endfacet
  facet normal -0.831377 -0.555708 0
    outer loop
      vertex 64.7593 6.575 2
      vertex 64.7237 6.62826 5.2
      vertex 64.7237 6.62826 2
    endloop
  endfacet
  facet normal -0.831377 -0.555708 0
    outer loop
      vertex 64.7237 6.62826 5.2
      vertex 64.7593 6.575 2
      vertex 64.7593 6.575 5.2
    endloop
  endfacet
  facet normal -0.831366 0.555726 0
    outer loop
      vertex 64.7543 5.51752 2
      vertex 64.7593 5.525 5.2
      vertex 64.7593 5.525 2
    endloop
  endfacet
  facet normal -0.831366 0.555726 0
    outer loop
      vertex 64.7593 5.525 5.2
      vertex 64.7543 5.51752 2
      vertex 64.7543 5.51752 5.2
    endloop
  endfacet
  facet normal -0.321576 -0.946884 0
    outer loop
      vertex 64.1218 7.06422 2
      vertex 64.2518 7.02007 5.2
      vertex 64.1218 7.06422 5.2
    endloop
  endfacet
  facet normal -0.321576 -0.946884 -0
    outer loop
      vertex 64.2518 7.02007 5.2
      vertex 64.1218 7.06422 2
      vertex 64.2518 7.02007 2
    endloop
  endfacet
  facet normal 0.555457 -0.831545 0
    outer loop
      vertex 63.2794 6.92887 2
      vertex 63.325 6.95933 5.2
      vertex 63.2794 6.92887 5.2
    endloop
  endfacet
  facet normal 0.555457 -0.831545 0
    outer loop
      vertex 63.325 6.95933 5.2
      vertex 63.2794 6.92887 2
      vertex 63.325 6.95933 2
    endloop
  endfacet
  facet normal -0.442198 -0.896918 0
    outer loop
      vertex 64.2518 7.02007 2
      vertex 64.375 6.95933 5.2
      vertex 64.2518 7.02007 5.2
    endloop
  endfacet
  facet normal -0.442198 -0.896918 -0
    outer loop
      vertex 64.375 6.95933 5.2
      vertex 64.2518 7.02007 2
      vertex 64.375 6.95933 2
    endloop
  endfacet
  facet normal -0.55559 -0.831456 0
    outer loop
      vertex 64.375 6.95933 2
      vertex 64.4892 6.88302 5.2
      vertex 64.375 6.95933 5.2
    endloop
  endfacet
  facet normal -0.55559 -0.831456 -0
    outer loop
      vertex 64.4892 6.88302 5.2
      vertex 64.375 6.95933 2
      vertex 64.4892 6.88302 2
    endloop
  endfacet
  facet normal -0.896623 -0.442795 0
    outer loop
      vertex 64.7898 6.51324 2
      vertex 64.7593 6.575 5.2
      vertex 64.7593 6.575 2
    endloop
  endfacet
  facet normal -0.896623 -0.442795 0
    outer loop
      vertex 64.7593 6.575 5.2
      vertex 64.7898 6.51324 2
      vertex 64.7898 6.51324 5.2
    endloop
  endfacet
  facet normal 0.442238 -0.896898 0
    outer loop
      vertex 63.325 6.95933 2
      vertex 63.3871 6.98995 5.2
      vertex 63.325 6.95933 5.2
    endloop
  endfacet
  facet normal 0.442238 -0.896898 0
    outer loop
      vertex 63.3871 6.98995 5.2
      vertex 63.325 6.95933 2
      vertex 63.3871 6.98995 2
    endloop
  endfacet
  facet normal -0.896613 0.442815 0
    outer loop
      vertex 64.7593 5.525 2
      vertex 64.7718 5.55031 5.2
      vertex 64.7718 5.55031 2
    endloop
  endfacet
  facet normal -0.896613 0.442815 0
    outer loop
      vertex 64.7718 5.55031 5.2
      vertex 64.7593 5.525 2
      vertex 64.7593 5.525 5.2
    endloop
  endfacet
  facet normal 0.98081 0.194967 0
    outer loop
      vertex 67.0226 29.3677 5.2
      vertex 66.941 29.7782 2
      vertex 66.941 29.7782 5.2
    endloop
  endfacet
  facet normal 0.98081 0.194967 0
    outer loop
      vertex 66.941 29.7782 2
      vertex 67.0226 29.3677 5.2
      vertex 67.0226 29.3677 2
    endloop
  endfacet
  facet normal 0.997855 0.0654566 0
    outer loop
      vertex 67.05 28.95 5.2
      vertex 67.0226 29.3677 2
      vertex 67.0226 29.3677 5.2
    endloop
  endfacet
  facet normal 0.997855 0.0654566 0
    outer loop
      vertex 67.0226 29.3677 2
      vertex 67.05 28.95 5.2
      vertex 67.05 28.95 2
    endloop
  endfacet
  facet normal 0.321526 0.946901 -0
    outer loop
      vertex 65.0746 31.9064 2
      vertex 64.6782 32.041 5.2
      vertex 65.0746 31.9064 5.2
    endloop
  endfacet
  facet normal 0.321526 0.946901 0
    outer loop
      vertex 64.6782 32.041 5.2
      vertex 65.0746 31.9064 2
      vertex 64.6782 32.041 2
    endloop
  endfacet
  facet normal 0.555692 -0.831388 0
    outer loop
      vertex 65.45 26.1787 2
      vertex 65.798 26.4113 5.2
      vertex 65.45 26.1787 5.2
    endloop
  endfacet
  facet normal 0.555692 -0.831388 0
    outer loop
      vertex 65.798 26.4113 5.2
      vertex 65.45 26.1787 2
      vertex 65.798 26.4113 2
    endloop
  endfacet
  facet normal 0.659367 0.751821 -0
    outer loop
      vertex 66.1127 31.2127 2
      vertex 65.798 31.4887 5.2
      vertex 66.1127 31.2127 5.2
    endloop
  endfacet
  facet normal 0.659367 0.751821 0
    outer loop
      vertex 65.798 31.4887 5.2
      vertex 66.1127 31.2127 2
      vertex 65.798 31.4887 2
    endloop
  endfacet
  facet normal -0.194967 -0.98081 0
    outer loop
      vertex 63.0218 25.859 2
      vertex 63.4323 25.7774 5.2
      vertex 63.0218 25.859 5.2
    endloop
  endfacet
  facet normal -0.194967 -0.98081 -0
    outer loop
      vertex 63.4323 25.7774 5.2
      vertex 63.0218 25.859 2
      vertex 63.4323 25.7774 2
    endloop
  endfacet
  facet normal 0.751821 -0.659367 0
    outer loop
      vertex 66.1127 26.6873 5.2
      vertex 66.3887 27.002 2
      vertex 66.3887 27.002 5.2
    endloop
  endfacet
  facet normal 0.751821 -0.659367 0
    outer loop
      vertex 66.3887 27.002 2
      vertex 66.1127 26.6873 5.2
      vertex 66.1127 26.6873 2
    endloop
  endfacet
  facet normal -0.946901 0.321526 0
    outer loop
      vertex 60.759 29.7782 2
      vertex 60.8936 30.1746 5.2
      vertex 60.8936 30.1746 2
    endloop
  endfacet
  facet normal -0.946901 0.321526 0
    outer loop
      vertex 60.8936 30.1746 5.2
      vertex 60.759 29.7782 2
      vertex 60.759 29.7782 5.2
    endloop
  endfacet
  facet normal 0.0654566 0.997855 -0
    outer loop
      vertex 64.2677 32.1226 2
      vertex 63.85 32.15 5.2
      vertex 64.2677 32.1226 5.2
    endloop
  endfacet
  facet normal 0.0654566 0.997855 0
    outer loop
      vertex 63.85 32.15 5.2
      vertex 64.2677 32.1226 2
      vertex 63.85 32.15 2
    endloop
  endfacet
  facet normal -0.321526 0.946901 0
    outer loop
      vertex 63.0218 32.041 2
      vertex 62.6254 31.9064 5.2
      vertex 63.0218 32.041 5.2
    endloop
  endfacet
  facet normal -0.321526 0.946901 0
    outer loop
      vertex 62.6254 31.9064 5.2
      vertex 63.0218 32.041 2
      vertex 62.6254 31.9064 2
    endloop
  endfacet
  facet normal -0.997855 -0.0654566 0
    outer loop
      vertex 60.6774 28.5323 2
      vertex 60.65 28.95 5.2
      vertex 60.65 28.95 2
    endloop
  endfacet
  facet normal -0.997855 -0.0654566 0
    outer loop
      vertex 60.65 28.95 5.2
      vertex 60.6774 28.5323 2
      vertex 60.6774 28.5323 5.2
    endloop
  endfacet
  facet normal -0.0654566 -0.997855 0
    outer loop
      vertex 63.4323 25.7774 2
      vertex 63.85 25.75 5.2
      vertex 63.4323 25.7774 5.2
    endloop
  endfacet
  facet normal -0.0654566 -0.997855 -0
    outer loop
      vertex 63.85 25.75 5.2
      vertex 63.4323 25.7774 2
      vertex 63.85 25.75 2
    endloop
  endfacet
  facet normal 0.997855 -0.0654566 0
    outer loop
      vertex 67.0226 28.5323 5.2
      vertex 67.05 28.95 2
      vertex 67.05 28.95 5.2
    endloop
  endfacet
  facet normal 0.997855 -0.0654566 0
    outer loop
      vertex 67.05 28.95 2
      vertex 67.0226 28.5323 5.2
      vertex 67.0226 28.5323 2
    endloop
  endfacet
  facet normal 0.751821 0.659367 0
    outer loop
      vertex 66.3887 30.898 5.2
      vertex 66.1127 31.2127 2
      vertex 66.1127 31.2127 5.2
    endloop
  endfacet
  facet normal 0.751821 0.659367 0
    outer loop
      vertex 66.1127 31.2127 2
      vertex 66.3887 30.898 5.2
      vertex 66.3887 30.898 2
    endloop
  endfacet
  facet normal -0.946901 -0.321526 0
    outer loop
      vertex 60.8936 27.7254 2
      vertex 60.759 28.1218 5.2
      vertex 60.759 28.1218 2
    endloop
  endfacet
  facet normal -0.946901 -0.321526 0
    outer loop
      vertex 60.759 28.1218 5.2
      vertex 60.8936 27.7254 2
      vertex 60.8936 27.7254 5.2
    endloop
  endfacet
  facet normal -0.98081 -0.194967 0
    outer loop
      vertex 60.759 28.1218 2
      vertex 60.6774 28.5323 5.2
      vertex 60.6774 28.5323 2
    endloop
  endfacet
  facet normal -0.98081 -0.194967 0
    outer loop
      vertex 60.6774 28.5323 5.2
      vertex 60.759 28.1218 2
      vertex 60.759 28.1218 5.2
    endloop
  endfacet
  facet normal 0.194967 0.98081 -0
    outer loop
      vertex 64.6782 32.041 2
      vertex 64.2677 32.1226 5.2
      vertex 64.6782 32.041 5.2
    endloop
  endfacet
  facet normal 0.194967 0.98081 0
    outer loop
      vertex 64.2677 32.1226 5.2
      vertex 64.6782 32.041 2
      vertex 64.2677 32.1226 2
    endloop
  endfacet
  facet normal -0.751821 -0.659367 0
    outer loop
      vertex 61.5873 26.6873 2
      vertex 61.3113 27.002 5.2
      vertex 61.3113 27.002 2
    endloop
  endfacet
  facet normal -0.751821 -0.659367 0
    outer loop
      vertex 61.3113 27.002 5.2
      vertex 61.5873 26.6873 2
      vertex 61.5873 26.6873 5.2
    endloop
  endfacet
  facet normal -0.659367 0.751821 0
    outer loop
      vertex 61.902 31.4887 2
      vertex 61.5873 31.2127 5.2
      vertex 61.902 31.4887 5.2
    endloop
  endfacet
  facet normal -0.659367 0.751821 0
    outer loop
      vertex 61.5873 31.2127 5.2
      vertex 61.902 31.4887 2
      vertex 61.5873 31.2127 2
    endloop
  endfacet
  facet normal -0.896898 0.442237 0
    outer loop
      vertex 60.8936 30.1746 2
      vertex 61.0787 30.55 5.2
      vertex 61.0787 30.55 2
    endloop
  endfacet
  facet normal -0.896898 0.442237 0
    outer loop
      vertex 61.0787 30.55 5.2
      vertex 60.8936 30.1746 2
      vertex 60.8936 30.1746 5.2
    endloop
  endfacet
  facet normal 0.831388 -0.555692 0
    outer loop
      vertex 66.3887 27.002 5.2
      vertex 66.6213 27.35 2
      vertex 66.6213 27.35 5.2
    endloop
  endfacet
  facet normal 0.831388 -0.555692 0
    outer loop
      vertex 66.6213 27.35 2
      vertex 66.3887 27.002 5.2
      vertex 66.3887 27.002 2
    endloop
  endfacet
  facet normal 0.831388 0.555692 0
    outer loop
      vertex 66.6213 30.55 5.2
      vertex 66.3887 30.898 2
      vertex 66.3887 30.898 5.2
    endloop
  endfacet
  facet normal 0.831388 0.555692 0
    outer loop
      vertex 66.3887 30.898 2
      vertex 66.6213 30.55 5.2
      vertex 66.6213 30.55 2
    endloop
  endfacet
  facet normal -0.751821 0.659367 0
    outer loop
      vertex 61.3113 30.898 2
      vertex 61.5873 31.2127 5.2
      vertex 61.5873 31.2127 2
    endloop
  endfacet
  facet normal -0.751821 0.659367 0
    outer loop
      vertex 61.5873 31.2127 5.2
      vertex 61.3113 30.898 2
      vertex 61.3113 30.898 5.2
    endloop
  endfacet
  facet normal 0.659367 -0.751821 0
    outer loop
      vertex 65.798 26.4113 2
      vertex 66.1127 26.6873 5.2
      vertex 65.798 26.4113 5.2
    endloop
  endfacet
  facet normal 0.659367 -0.751821 0
    outer loop
      vertex 66.1127 26.6873 5.2
      vertex 65.798 26.4113 2
      vertex 66.1127 26.6873 2
    endloop
  endfacet
  facet normal -0.831388 -0.555692 0
    outer loop
      vertex 61.3113 27.002 2
      vertex 61.0787 27.35 5.2
      vertex 61.0787 27.35 2
    endloop
  endfacet
  facet normal -0.831388 -0.555692 0
    outer loop
      vertex 61.0787 27.35 5.2
      vertex 61.3113 27.002 2
      vertex 61.3113 27.002 5.2
    endloop
  endfacet
  facet normal -0.194967 0.98081 0
    outer loop
      vertex 63.4323 32.1226 2
      vertex 63.0218 32.041 5.2
      vertex 63.4323 32.1226 5.2
    endloop
  endfacet
  facet normal -0.194967 0.98081 0
    outer loop
      vertex 63.0218 32.041 5.2
      vertex 63.4323 32.1226 2
      vertex 63.0218 32.041 2
    endloop
  endfacet
  facet normal 0.946901 -0.321526 0
    outer loop
      vertex 66.8064 27.7254 5.2
      vertex 66.941 28.1218 2
      vertex 66.941 28.1218 5.2
    endloop
  endfacet
  facet normal 0.946901 -0.321526 0
    outer loop
      vertex 66.941 28.1218 2
      vertex 66.8064 27.7254 5.2
      vertex 66.8064 27.7254 2
    endloop
  endfacet
  facet normal 0.442237 0.896898 -0
    outer loop
      vertex 65.45 31.7213 2
      vertex 65.0746 31.9064 5.2
      vertex 65.45 31.7213 5.2
    endloop
  endfacet
  facet normal 0.442237 0.896898 0
    outer loop
      vertex 65.0746 31.9064 5.2
      vertex 65.45 31.7213 2
      vertex 65.0746 31.9064 2
    endloop
  endfacet
  facet normal -0.0654566 0.997855 0
    outer loop
      vertex 63.85 32.15 2
      vertex 63.4323 32.1226 5.2
      vertex 63.85 32.15 5.2
    endloop
  endfacet
  facet normal -0.0654566 0.997855 0
    outer loop
      vertex 63.4323 32.1226 5.2
      vertex 63.85 32.15 2
      vertex 63.4323 32.1226 2
    endloop
  endfacet
  facet normal 0.0654566 -0.997855 0
    outer loop
      vertex 63.85 25.75 2
      vertex 64.2677 25.7774 5.2
      vertex 63.85 25.75 5.2
    endloop
  endfacet
  facet normal 0.0654566 -0.997855 0
    outer loop
      vertex 64.2677 25.7774 5.2
      vertex 63.85 25.75 2
      vertex 64.2677 25.7774 2
    endloop
  endfacet
  facet normal 0.555692 0.831388 -0
    outer loop
      vertex 65.798 31.4887 2
      vertex 65.45 31.7213 5.2
      vertex 65.798 31.4887 5.2
    endloop
  endfacet
  facet normal 0.555692 0.831388 0
    outer loop
      vertex 65.45 31.7213 5.2
      vertex 65.798 31.4887 2
      vertex 65.45 31.7213 2
    endloop
  endfacet
  facet normal -0.896898 -0.442237 0
    outer loop
      vertex 61.0787 27.35 2
      vertex 60.8936 27.7254 5.2
      vertex 60.8936 27.7254 2
    endloop
  endfacet
  facet normal -0.896898 -0.442237 0
    outer loop
      vertex 60.8936 27.7254 5.2
      vertex 61.0787 27.35 2
      vertex 61.0787 27.35 5.2
    endloop
  endfacet
  facet normal -0.659367 -0.751821 0
    outer loop
      vertex 61.5873 26.6873 2
      vertex 61.902 26.4113 5.2
      vertex 61.5873 26.6873 5.2
    endloop
  endfacet
  facet normal -0.659367 -0.751821 -0
    outer loop
      vertex 61.902 26.4113 5.2
      vertex 61.5873 26.6873 2
      vertex 61.902 26.4113 2
    endloop
  endfacet
  facet normal -0.98081 0.194967 0
    outer loop
      vertex 60.6774 29.3677 2
      vertex 60.759 29.7782 5.2
      vertex 60.759 29.7782 2
    endloop
  endfacet
  facet normal -0.98081 0.194967 0
    outer loop
      vertex 60.759 29.7782 5.2
      vertex 60.6774 29.3677 2
      vertex 60.6774 29.3677 5.2
    endloop
  endfacet
  facet normal 0.896898 0.442237 0
    outer loop
      vertex 66.8064 30.1746 5.2
      vertex 66.6213 30.55 2
      vertex 66.6213 30.55 5.2
    endloop
  endfacet
  facet normal 0.896898 0.442237 0
    outer loop
      vertex 66.6213 30.55 2
      vertex 66.8064 30.1746 5.2
      vertex 66.8064 30.1746 2
    endloop
  endfacet
  facet normal 0.194967 -0.98081 0
    outer loop
      vertex 64.2677 25.7774 2
      vertex 64.6782 25.859 5.2
      vertex 64.2677 25.7774 5.2
    endloop
  endfacet
  facet normal 0.194967 -0.98081 0
    outer loop
      vertex 64.6782 25.859 5.2
      vertex 64.2677 25.7774 2
      vertex 64.6782 25.859 2
    endloop
  endfacet
  facet normal 0.896898 -0.442237 0
    outer loop
      vertex 66.6213 27.35 5.2
      vertex 66.8064 27.7254 2
      vertex 66.8064 27.7254 5.2
    endloop
  endfacet
  facet normal 0.896898 -0.442237 0
    outer loop
      vertex 66.8064 27.7254 2
      vertex 66.6213 27.35 5.2
      vertex 66.6213 27.35 2
    endloop
  endfacet
  facet normal 0.98081 -0.194967 0
    outer loop
      vertex 66.941 28.1218 5.2
      vertex 67.0226 28.5323 2
      vertex 67.0226 28.5323 5.2
    endloop
  endfacet
  facet normal 0.98081 -0.194967 0
    outer loop
      vertex 67.0226 28.5323 2
      vertex 66.941 28.1218 5.2
      vertex 66.941 28.1218 2
    endloop
  endfacet
  facet normal -0.555692 0.831388 0
    outer loop
      vertex 62.25 31.7213 2
      vertex 61.902 31.4887 5.2
      vertex 62.25 31.7213 5.2
    endloop
  endfacet
  facet normal -0.555692 0.831388 0
    outer loop
      vertex 61.902 31.4887 5.2
      vertex 62.25 31.7213 2
      vertex 61.902 31.4887 2
    endloop
  endfacet
  facet normal 0.946901 0.321526 0
    outer loop
      vertex 66.941 29.7782 5.2
      vertex 66.8064 30.1746 2
      vertex 66.8064 30.1746 5.2
    endloop
  endfacet
  facet normal 0.946901 0.321526 0
    outer loop
      vertex 66.8064 30.1746 2
      vertex 66.941 29.7782 5.2
      vertex 66.941 29.7782 2
    endloop
  endfacet
  facet normal 0.321526 -0.946901 0
    outer loop
      vertex 64.6782 25.859 2
      vertex 65.0746 25.9936 5.2
      vertex 64.6782 25.859 5.2
    endloop
  endfacet
  facet normal 0.321526 -0.946901 0
    outer loop
      vertex 65.0746 25.9936 5.2
      vertex 64.6782 25.859 2
      vertex 65.0746 25.9936 2
    endloop
  endfacet
  facet normal 0.442237 -0.896898 0
    outer loop
      vertex 65.0746 25.9936 2
      vertex 65.45 26.1787 5.2
      vertex 65.0746 25.9936 5.2
    endloop
  endfacet
  facet normal 0.442237 -0.896898 0
    outer loop
      vertex 65.45 26.1787 5.2
      vertex 65.0746 25.9936 2
      vertex 65.45 26.1787 2
    endloop
  endfacet
  facet normal -0.997855 0.0654566 0
    outer loop
      vertex 60.65 28.95 2
      vertex 60.6774 29.3677 5.2
      vertex 60.6774 29.3677 2
    endloop
  endfacet
  facet normal -0.997855 0.0654566 0
    outer loop
      vertex 60.6774 29.3677 5.2
      vertex 60.65 28.95 2
      vertex 60.65 28.95 5.2
    endloop
  endfacet
  facet normal -0.321526 -0.946901 0
    outer loop
      vertex 62.6254 25.9936 2
      vertex 63.0218 25.859 5.2
      vertex 62.6254 25.9936 5.2
    endloop
  endfacet
  facet normal -0.321526 -0.946901 -0
    outer loop
      vertex 63.0218 25.859 5.2
      vertex 62.6254 25.9936 2
      vertex 63.0218 25.859 2
    endloop
  endfacet
  facet normal -0.442237 0.896898 0
    outer loop
      vertex 62.6254 31.9064 2
      vertex 62.25 31.7213 5.2
      vertex 62.6254 31.9064 5.2
    endloop
  endfacet
  facet normal -0.442237 0.896898 0
    outer loop
      vertex 62.25 31.7213 5.2
      vertex 62.6254 31.9064 2
      vertex 62.25 31.7213 2
    endloop
  endfacet
  facet normal -0.831388 0.555692 0
    outer loop
      vertex 61.0787 30.55 2
      vertex 61.3113 30.898 5.2
      vertex 61.3113 30.898 2
    endloop
  endfacet
  facet normal -0.831388 0.555692 0
    outer loop
      vertex 61.3113 30.898 5.2
      vertex 61.0787 30.55 2
      vertex 61.0787 30.55 5.2
    endloop
  endfacet
  facet normal -0.442237 -0.896898 0
    outer loop
      vertex 62.25 26.1787 2
      vertex 62.6254 25.9936 5.2
      vertex 62.25 26.1787 5.2
    endloop
  endfacet
  facet normal -0.442237 -0.896898 -0
    outer loop
      vertex 62.6254 25.9936 5.2
      vertex 62.25 26.1787 2
      vertex 62.6254 25.9936 2
    endloop
  endfacet
  facet normal -0.555692 -0.831388 0
    outer loop
      vertex 61.902 26.4113 2
      vertex 62.25 26.1787 5.2
      vertex 61.902 26.4113 5.2
    endloop
  endfacet
  facet normal -0.555692 -0.831388 -0
    outer loop
      vertex 62.25 26.1787 5.2
      vertex 61.902 26.4113 2
      vertex 62.25 26.1787 2
    endloop
  endfacet
  facet normal 0 0 1
    outer loop
      vertex 64.9 28.95 5.2
      vertex 67.05 28.95 5.2
      vertex 67.0226 29.3677 5.2
    endloop
  endfacet
  facet normal 0 0 1
    outer loop
      vertex 64.891 29.0871 5.2
      vertex 67.0226 29.3677 5.2
      vertex 66.941 29.7782 5.2
    endloop
  endfacet
  facet normal 0 0 1
    outer loop
      vertex 67.05 28.95 5.2
      vertex 64.9 28.95 5.2
      vertex 67.0226 28.5323 5.2
    endloop
  endfacet
  facet normal 0 0 1
    outer loop
      vertex 64.8642 29.2218 5.2
      vertex 66.941 29.7782 5.2
      vertex 66.8064 30.1746 5.2
    endloop
  endfacet
  facet normal -0 0 1
    outer loop
      vertex 64.891 28.8129 5.2
      vertex 67.0226 28.5323 5.2
      vertex 64.9 28.95 5.2
    endloop
  endfacet
  facet normal 0 0 1
    outer loop
      vertex 64.8018 29.3889 5.2
      vertex 66.8064 30.1746 5.2
      vertex 66.6213 30.55 5.2
    endloop
  endfacet
  facet normal 0 0 1
    outer loop
      vertex 67.0226 28.5323 5.2
      vertex 64.891 28.8129 5.2
      vertex 66.941 28.1218 5.2
    endloop
  endfacet
  facet normal 0 0 1
    outer loop
      vertex 64.7033 29.5588 5.2
      vertex 66.6213 30.55 5.2
      vertex 66.3887 30.898 5.2
    endloop
  endfacet
  facet normal -0 0 1
    outer loop
      vertex 64.8642 28.6782 5.2
      vertex 66.941 28.1218 5.2
      vertex 64.891 28.8129 5.2
    endloop
  endfacet
  facet normal 0 0 1
    outer loop
      vertex 64.683 29.5892 5.2
      vertex 66.3887 30.898 5.2
      vertex 66.1127 31.2127 5.2
    endloop
  endfacet
  facet normal 0 0 1
    outer loop
      vertex 66.941 28.1218 5.2
      vertex 64.8642 28.6782 5.2
      vertex 66.8064 27.7254 5.2
    endloop
  endfacet
  facet normal 0 0 1
    outer loop
      vertex 64.5925 29.6925 5.2
      vertex 66.1127 31.2127 5.2
      vertex 65.798 31.4887 5.2
    endloop
  endfacet
  facet normal -0 0 1
    outer loop
      vertex 64.8201 28.5482 5.2
      vertex 66.8064 27.7254 5.2
      vertex 64.8642 28.6782 5.2
    endloop
  endfacet
  facet normal 0 0 1
    outer loop
      vertex 64.4892 29.783 5.2
      vertex 65.798 31.4887 5.2
      vertex 65.45 31.7213 5.2
    endloop
  endfacet
  facet normal 0 0 1
    outer loop
      vertex 66.8064 27.7254 5.2
      vertex 64.8201 28.5482 5.2
      vertex 66.6213 27.35 5.2
    endloop
  endfacet
  facet normal 0 0 1
    outer loop
      vertex 64.375 29.8593 5.2
      vertex 65.45 31.7213 5.2
      vertex 65.0746 31.9064 5.2
    endloop
  endfacet
  facet normal -0 0 1
    outer loop
      vertex 64.7598 28.426 5.2
      vertex 66.6213 27.35 5.2
      vertex 64.8201 28.5482 5.2
    endloop
  endfacet
  facet normal -0 0 1
    outer loop
      vertex 64.7593 28.425 5.2
      vertex 66.6213 27.35 5.2
      vertex 64.7598 28.426 5.2
    endloop
  endfacet
  facet normal 0 0 1
    outer loop
      vertex 67.0226 29.3677 5.2
      vertex 64.891 29.0871 5.2
      vertex 64.9 28.95 5.2
    endloop
  endfacet
  facet normal 0 0 1
    outer loop
      vertex 66.941 29.7782 5.2
      vertex 64.8642 29.2218 5.2
      vertex 64.891 29.0871 5.2
    endloop
  endfacet
  facet normal 0 0 1
    outer loop
      vertex 66.8064 30.1746 5.2
      vertex 64.8201 29.3518 5.2
      vertex 64.8642 29.2218 5.2
    endloop
  endfacet
  facet normal 0 0 1
    outer loop
      vertex 66.8064 30.1746 5.2
      vertex 64.8018 29.3889 5.2
      vertex 64.8201 29.3518 5.2
    endloop
  endfacet
  facet normal 0 0 1
    outer loop
      vertex 66.6213 30.55 5.2
      vertex 64.7593 29.475 5.2
      vertex 64.8018 29.3889 5.2
    endloop
  endfacet
  facet normal 0 0 1
    outer loop
      vertex 66.6213 30.55 5.2
      vertex 64.7033 29.5588 5.2
      vertex 64.7593 29.475 5.2
    endloop
  endfacet
  facet normal 0 0 1
    outer loop
      vertex 66.3887 30.898 5.2
      vertex 64.683 29.5892 5.2
      vertex 64.7033 29.5588 5.2
    endloop
  endfacet
  facet normal 0 0 1
    outer loop
      vertex 64.1993 29.9379 5.2
      vertex 65.0746 31.9064 5.2
      vertex 64.6782 32.041 5.2
    endloop
  endfacet
  facet normal 0 0 1
    outer loop
      vertex 66.1127 31.2127 5.2
      vertex 64.5925 29.6925 5.2
      vertex 64.683 29.5892 5.2
    endloop
  endfacet
  facet normal 0 0 1
    outer loop
      vertex 65.798 31.4887 5.2
      vertex 64.4892 29.783 5.2
      vertex 64.5925 29.6925 5.2
    endloop
  endfacet
  facet normal 0 0 1
    outer loop
      vertex 65.45 31.7213 5.2
      vertex 64.375 29.8593 5.2
      vertex 64.4892 29.783 5.2
    endloop
  endfacet
  facet normal 0 0 1
    outer loop
      vertex 64.1218 29.9642 5.2
      vertex 64.6782 32.041 5.2
      vertex 64.2677 32.1226 5.2
    endloop
  endfacet
  facet normal 0 0 1
    outer loop
      vertex 65.0746 31.9064 5.2
      vertex 64.2518 29.9201 5.2
      vertex 64.375 29.8593 5.2
    endloop
  endfacet
  facet normal 0 0 1
    outer loop
      vertex 65.0746 31.9064 5.2
      vertex 64.1993 29.9379 5.2
      vertex 64.2518 29.9201 5.2
    endloop
  endfacet
  facet normal 0 0 1
    outer loop
      vertex 64.6782 32.041 5.2
      vertex 64.1218 29.9642 5.2
      vertex 64.1993 29.9379 5.2
    endloop
  endfacet
  facet normal 0 0 1
    outer loop
      vertex 64.2677 32.1226 5.2
      vertex 64.0073 29.987 5.2
      vertex 64.1218 29.9642 5.2
    endloop
  endfacet
  facet normal 0 0 1
    outer loop
      vertex 64.2677 32.1226 5.2
      vertex 63.9871 29.991 5.2
      vertex 64.0073 29.987 5.2
    endloop
  endfacet
  facet normal 0 0 1
    outer loop
      vertex 64.2677 32.1226 5.2
      vertex 63.9616 29.9927 5.2
      vertex 63.9871 29.991 5.2
    endloop
  endfacet
  facet normal 0 0 1
    outer loop
      vertex 63.85 32.15 5.2
      vertex 63.9616 29.9927 5.2
      vertex 64.2677 32.1226 5.2
    endloop
  endfacet
  facet normal 0 0 1
    outer loop
      vertex 63.85 32.15 5.2
      vertex 63.85 30 5.2
      vertex 63.9616 29.9927 5.2
    endloop
  endfacet
  facet normal 0 0 1
    outer loop
      vertex 63.85 32.15 5.2
      vertex 63.7269 29.9919 5.2
      vertex 63.85 30 5.2
    endloop
  endfacet
  facet normal -0 0 1
    outer loop
      vertex 63.4323 32.1226 5.2
      vertex 63.7269 29.9919 5.2
      vertex 63.85 32.15 5.2
    endloop
  endfacet
  facet normal 0 0 1
    outer loop
      vertex 63.7269 29.9919 5.2
      vertex 63.4323 32.1226 5.2
      vertex 63.7129 29.991 5.2
    endloop
  endfacet
  facet normal 0 0 1
    outer loop
      vertex 63.7129 29.991 5.2
      vertex 63.4323 32.1226 5.2
      vertex 63.5782 29.9642 5.2
    endloop
  endfacet
  facet normal -0 0 1
    outer loop
      vertex 63.0218 32.041 5.2
      vertex 63.5782 29.9642 5.2
      vertex 63.4323 32.1226 5.2
    endloop
  endfacet
  facet normal 0 0 1
    outer loop
      vertex 63.5782 29.9642 5.2
      vertex 63.0218 32.041 5.2
      vertex 63.4482 29.9201 5.2
    endloop
  endfacet
  facet normal -0 0 1
    outer loop
      vertex 62.6254 31.9064 5.2
      vertex 63.4482 29.9201 5.2
      vertex 63.0218 32.041 5.2
    endloop
  endfacet
  facet normal 0 0 1
    outer loop
      vertex 63.4482 29.9201 5.2
      vertex 62.6254 31.9064 5.2
      vertex 63.325 29.8593 5.2
    endloop
  endfacet
  facet normal -0 0 1
    outer loop
      vertex 62.25 31.7213 5.2
      vertex 63.325 29.8593 5.2
      vertex 62.6254 31.9064 5.2
    endloop
  endfacet
  facet normal 0 0 1
    outer loop
      vertex 63.325 29.8593 5.2
      vertex 62.25 31.7213 5.2
      vertex 63.2108 29.783 5.2
    endloop
  endfacet
  facet normal -0 0 1
    outer loop
      vertex 61.902 31.4887 5.2
      vertex 63.2108 29.783 5.2
      vertex 62.25 31.7213 5.2
    endloop
  endfacet
  facet normal 0 0 1
    outer loop
      vertex 63.2108 29.783 5.2
      vertex 61.902 31.4887 5.2
      vertex 63.1075 29.6925 5.2
    endloop
  endfacet
  facet normal -0 0 1
    outer loop
      vertex 61.5873 31.2127 5.2
      vertex 63.1075 29.6925 5.2
      vertex 61.902 31.4887 5.2
    endloop
  endfacet
  facet normal 0 0 1
    outer loop
      vertex 63.1075 29.6925 5.2
      vertex 61.5873 31.2127 5.2
      vertex 63.017 29.5892 5.2
    endloop
  endfacet
  facet normal 0 0 1
    outer loop
      vertex 63.017 29.5892 5.2
      vertex 61.3113 30.898 5.2
      vertex 62.9407 29.475 5.2
    endloop
  endfacet
  facet normal -0 0 1
    outer loop
      vertex 61.3113 30.898 5.2
      vertex 63.017 29.5892 5.2
      vertex 61.5873 31.2127 5.2
    endloop
  endfacet
  facet normal 0 0 1
    outer loop
      vertex 66.6213 27.35 5.2
      vertex 64.7593 28.425 5.2
      vertex 66.3887 27.002 5.2
    endloop
  endfacet
  facet normal -0 0 1
    outer loop
      vertex 64.683 28.3108 5.2
      vertex 66.3887 27.002 5.2
      vertex 64.7593 28.425 5.2
    endloop
  endfacet
  facet normal 0 0 1
    outer loop
      vertex 66.3887 27.002 5.2
      vertex 64.683 28.3108 5.2
      vertex 66.1127 26.6873 5.2
    endloop
  endfacet
  facet normal -0 0 1
    outer loop
      vertex 64.5925 28.2075 5.2
      vertex 66.1127 26.6873 5.2
      vertex 64.683 28.3108 5.2
    endloop
  endfacet
  facet normal 0 0 1
    outer loop
      vertex 66.1127 26.6873 5.2
      vertex 64.5925 28.2075 5.2
      vertex 65.798 26.4113 5.2
    endloop
  endfacet
  facet normal -0 0 1
    outer loop
      vertex 64.4892 28.117 5.2
      vertex 65.798 26.4113 5.2
      vertex 64.5925 28.2075 5.2
    endloop
  endfacet
  facet normal 0 0 1
    outer loop
      vertex 65.798 26.4113 5.2
      vertex 64.4892 28.117 5.2
      vertex 65.45 26.1787 5.2
    endloop
  endfacet
  facet normal -0 0 1
    outer loop
      vertex 64.375 28.0407 5.2
      vertex 65.45 26.1787 5.2
      vertex 64.4892 28.117 5.2
    endloop
  endfacet
  facet normal 0 0 1
    outer loop
      vertex 65.45 26.1787 5.2
      vertex 64.375 28.0407 5.2
      vertex 65.0746 25.9936 5.2
    endloop
  endfacet
  facet normal -0 0 1
    outer loop
      vertex 64.2518 27.9799 5.2
      vertex 65.0746 25.9936 5.2
      vertex 64.375 28.0407 5.2
    endloop
  endfacet
  facet normal 0 0 1
    outer loop
      vertex 65.0746 25.9936 5.2
      vertex 64.2518 27.9799 5.2
      vertex 64.6782 25.859 5.2
    endloop
  endfacet
  facet normal -0 0 1
    outer loop
      vertex 64.1218 27.9358 5.2
      vertex 64.6782 25.859 5.2
      vertex 64.2518 27.9799 5.2
    endloop
  endfacet
  facet normal 0 0 1
    outer loop
      vertex 64.6782 25.859 5.2
      vertex 64.1218 27.9358 5.2
      vertex 64.2677 25.7774 5.2
    endloop
  endfacet
  facet normal -0 0 1
    outer loop
      vertex 63.9871 27.909 5.2
      vertex 64.2677 25.7774 5.2
      vertex 64.1218 27.9358 5.2
    endloop
  endfacet
  facet normal -0 0 1
    outer loop
      vertex 63.85 27.9 5.2
      vertex 64.2677 25.7774 5.2
      vertex 63.9871 27.909 5.2
    endloop
  endfacet
  facet normal 0 0 1
    outer loop
      vertex 63.85 27.9 5.2
      vertex 63.85 25.75 5.2
      vertex 64.2677 25.7774 5.2
    endloop
  endfacet
  facet normal 0 0 1
    outer loop
      vertex 63.7129 27.909 5.2
      vertex 63.85 25.75 5.2
      vertex 63.85 27.9 5.2
    endloop
  endfacet
  facet normal 0 0 1
    outer loop
      vertex 63.4323 25.7774 5.2
      vertex 63.7129 27.909 5.2
      vertex 63.5782 27.9358 5.2
    endloop
  endfacet
  facet normal 0 0 1
    outer loop
      vertex 63.0218 25.859 5.2
      vertex 63.5782 27.9358 5.2
      vertex 63.4482 27.9799 5.2
    endloop
  endfacet
  facet normal 0 0 1
    outer loop
      vertex 63.7129 27.909 5.2
      vertex 63.4323 25.7774 5.2
      vertex 63.85 25.75 5.2
    endloop
  endfacet
  facet normal 0 0 1
    outer loop
      vertex 62.6254 25.9936 5.2
      vertex 63.4482 27.9799 5.2
      vertex 63.325 28.0407 5.2
    endloop
  endfacet
  facet normal 0 0 1
    outer loop
      vertex 62.25 26.1787 5.2
      vertex 63.325 28.0407 5.2
      vertex 63.2108 28.117 5.2
    endloop
  endfacet
  facet normal 0 0 1
    outer loop
      vertex 61.902 26.4113 5.2
      vertex 63.2108 28.117 5.2
      vertex 63.1075 28.2075 5.2
    endloop
  endfacet
  facet normal 0 0 1
    outer loop
      vertex 63.5782 27.9358 5.2
      vertex 63.0218 25.859 5.2
      vertex 63.4323 25.7774 5.2
    endloop
  endfacet
  facet normal 0 0 1
    outer loop
      vertex 61.5873 26.6873 5.2
      vertex 63.1075 28.2075 5.2
      vertex 63.017 28.3108 5.2
    endloop
  endfacet
  facet normal 0 0 1
    outer loop
      vertex 61.3113 27.002 5.2
      vertex 63.017 28.3108 5.2
      vertex 62.9407 28.425 5.2
    endloop
  endfacet
  facet normal 0 0 1
    outer loop
      vertex 61.0787 27.35 5.2
      vertex 62.9407 28.425 5.2
      vertex 62.8799 28.5482 5.2
    endloop
  endfacet
  facet normal 0 0 1
    outer loop
      vertex 60.8936 27.7254 5.2
      vertex 62.8799 28.5482 5.2
      vertex 62.8358 28.6782 5.2
    endloop
  endfacet
  facet normal 0 0 1
    outer loop
      vertex 60.759 28.1218 5.2
      vertex 62.8358 28.6782 5.2
      vertex 62.809 28.8129 5.2
    endloop
  endfacet
  facet normal 0 0 1
    outer loop
      vertex 63.4482 27.9799 5.2
      vertex 62.6254 25.9936 5.2
      vertex 63.0218 25.859 5.2
    endloop
  endfacet
  facet normal 0 0 1
    outer loop
      vertex 60.6774 28.5323 5.2
      vertex 62.809 28.8129 5.2
      vertex 62.8 28.95 5.2
    endloop
  endfacet
  facet normal -0 0 1
    outer loop
      vertex 61.0787 30.55 5.2
      vertex 62.9407 29.475 5.2
      vertex 61.3113 30.898 5.2
    endloop
  endfacet
  facet normal 0 0 1
    outer loop
      vertex 62.9407 29.475 5.2
      vertex 61.0787 30.55 5.2
      vertex 62.8799 29.3518 5.2
    endloop
  endfacet
  facet normal 0 0 1
    outer loop
      vertex 63.325 28.0407 5.2
      vertex 62.25 26.1787 5.2
      vertex 62.6254 25.9936 5.2
    endloop
  endfacet
  facet normal -0 0 1
    outer loop
      vertex 60.8936 30.1746 5.2
      vertex 62.8799 29.3518 5.2
      vertex 61.0787 30.55 5.2
    endloop
  endfacet
  facet normal 0 0 1
    outer loop
      vertex 63.2108 28.117 5.2
      vertex 61.902 26.4113 5.2
      vertex 62.25 26.1787 5.2
    endloop
  endfacet
  facet normal 0 0 1
    outer loop
      vertex 62.8799 29.3518 5.2
      vertex 60.8936 30.1746 5.2
      vertex 62.8358 29.2218 5.2
    endloop
  endfacet
  facet normal 0 0 1
    outer loop
      vertex 63.1075 28.2075 5.2
      vertex 61.5873 26.6873 5.2
      vertex 61.902 26.4113 5.2
    endloop
  endfacet
  facet normal -0 0 1
    outer loop
      vertex 60.759 29.7782 5.2
      vertex 62.8358 29.2218 5.2
      vertex 60.8936 30.1746 5.2
    endloop
  endfacet
  facet normal 0 0 1
    outer loop
      vertex 63.017 28.3108 5.2
      vertex 61.3113 27.002 5.2
      vertex 61.5873 26.6873 5.2
    endloop
  endfacet
  facet normal 0 0 1
    outer loop
      vertex 62.8358 29.2218 5.2
      vertex 60.759 29.7782 5.2
      vertex 62.809 29.0871 5.2
    endloop
  endfacet
  facet normal 0 0 1
    outer loop
      vertex 62.9407 28.425 5.2
      vertex 61.0787 27.35 5.2
      vertex 61.3113 27.002 5.2
    endloop
  endfacet
  facet normal -0 0 1
    outer loop
      vertex 60.6774 29.3677 5.2
      vertex 62.809 29.0871 5.2
      vertex 60.759 29.7782 5.2
    endloop
  endfacet
  facet normal 0 0 1
    outer loop
      vertex 62.8799 28.5482 5.2
      vertex 60.8936 27.7254 5.2
      vertex 61.0787 27.35 5.2
    endloop
  endfacet
  facet normal 0 0 1
    outer loop
      vertex 62.809 29.0871 5.2
      vertex 60.6774 29.3677 5.2
      vertex 62.8 28.95 5.2
    endloop
  endfacet
  facet normal 0 0 1
    outer loop
      vertex 62.8358 28.6782 5.2
      vertex 60.759 28.1218 5.2
      vertex 60.8936 27.7254 5.2
    endloop
  endfacet
  facet normal 0 0 1
    outer loop
      vertex 60.65 28.95 5.2
      vertex 62.8 28.95 5.2
      vertex 60.6774 29.3677 5.2
    endloop
  endfacet
  facet normal 0 0 1
    outer loop
      vertex 62.809 28.8129 5.2
      vertex 60.6774 28.5323 5.2
      vertex 60.759 28.1218 5.2
    endloop
  endfacet
  facet normal 0 0 1
    outer loop
      vertex 62.8 28.95 5.2
      vertex 60.65 28.95 5.2
      vertex 60.6774 28.5323 5.2
    endloop
  endfacet
  facet normal -0.194248 -0.980952 0
    outer loop
      vertex 63.9871 29.991 2
      vertex 64.0073 29.987 5.2
      vertex 63.9871 29.991 5.2
    endloop
  endfacet
  facet normal -0.194248 -0.980952 -0
    outer loop
      vertex 64.0073 29.987 5.2
      vertex 63.9871 29.991 2
      vertex 64.0073 29.987 2
    endloop
  endfacet
  facet normal -0.831439 -0.555616 0
    outer loop
      vertex 64.7593 29.475 2
      vertex 64.7033 29.5588 5.2
      vertex 64.7033 29.5588 2
    endloop
  endfacet
  facet normal -0.831439 -0.555616 0
    outer loop
      vertex 64.7033 29.5588 5.2
      vertex 64.7593 29.475 2
      vertex 64.7593 29.475 5.2
    endloop
  endfacet
  facet normal -0.321094 -0.947047 0
    outer loop
      vertex 64.1993 29.9379 2
      vertex 64.2518 29.9201 5.2
      vertex 64.1993 29.9379 5.2
    endloop
  endfacet
  facet normal -0.321094 -0.947047 -0
    outer loop
      vertex 64.2518 29.9201 5.2
      vertex 64.1993 29.9379 2
      vertex 64.2518 29.9201 2
    endloop
  endfacet
  facet normal -0.442549 -0.896744 0
    outer loop
      vertex 64.2518 29.9201 2
      vertex 64.375 29.8593 5.2
      vertex 64.2518 29.9201 5.2
    endloop
  endfacet
  facet normal -0.442549 -0.896744 -0
    outer loop
      vertex 64.375 29.8593 5.2
      vertex 64.2518 29.9201 2
      vertex 64.375 29.8593 2
    endloop
  endfacet
  facet normal -0.896707 -0.442625 0
    outer loop
      vertex 64.8018 29.3889 2
      vertex 64.7593 29.475 5.2
      vertex 64.7593 29.475 2
    endloop
  endfacet
  facet normal -0.896707 -0.442625 0
    outer loop
      vertex 64.7593 29.475 5.2
      vertex 64.8018 29.3889 2
      vertex 64.8018 29.3889 5.2
    endloop
  endfacet
  facet normal 0.0641533 -0.99794 0
    outer loop
      vertex 63.7129 29.991 2
      vertex 63.7269 29.9919 5.2
      vertex 63.7129 29.991 5.2
    endloop
  endfacet
  facet normal 0.0641533 -0.99794 0
    outer loop
      vertex 63.7269 29.9919 5.2
      vertex 63.7129 29.991 2
      vertex 63.7269 29.9919 2
    endloop
  endfacet
  facet normal -0.066519 -0.997785 0
    outer loop
      vertex 63.9616 29.9927 2
      vertex 63.9871 29.991 5.2
      vertex 63.9616 29.9927 5.2
    endloop
  endfacet
  facet normal -0.066519 -0.997785 -0
    outer loop
      vertex 63.9871 29.991 5.2
      vertex 63.9616 29.9927 2
      vertex 63.9871 29.991 2
    endloop
  endfacet
  facet normal -0.894427 0.447214 0
    outer loop
      vertex 64.7593 28.425 2
      vertex 64.7598 28.426 5.2
      vertex 64.7598 28.426 2
    endloop
  endfacet
  facet normal -0.894427 0.447214 0
    outer loop
      vertex 64.7598 28.426 5.2
      vertex 64.7593 28.425 2
      vertex 64.7593 28.425 5.2
    endloop
  endfacet
  facet normal -1 0 0
    outer loop
      vertex 20.33 0 5.4
      vertex 20.33 2 11.8
      vertex 20.33 2 5.4
    endloop
  endfacet
  facet normal -1 -0 0
    outer loop
      vertex 20.33 2 11.8
      vertex 20.33 0 5.4
      vertex 20.33 0 11.8
    endloop
  endfacet
  facet normal 0 0 -1
    outer loop
      vertex 9.43 0 11.8
      vertex 20.33 2 11.8
      vertex 20.33 0 11.8
    endloop
  endfacet
  facet normal -0 0 -1
    outer loop
      vertex 20.33 2 11.8
      vertex 9.43 0 11.8
      vertex 9.43 2 11.8
    endloop
  endfacet
  facet normal -0 0 1
    outer loop
      vertex 9.43 2 5.4
      vertex 20.33 0 5.4
      vertex 20.33 2 5.4
    endloop
  endfacet
  facet normal 0 0 1
    outer loop
      vertex 20.33 0 5.4
      vertex 9.43 2 5.4
      vertex 9.43 0 5.4
    endloop
  endfacet
  facet normal 1 -0 0
    outer loop
      vertex 9.43 0 11.8
      vertex 9.43 2 5.4
      vertex 9.43 2 11.8
    endloop
  endfacet
  facet normal 1 0 0
    outer loop
      vertex 9.43 2 5.4
      vertex 9.43 0 11.8
      vertex 9.43 0 5.4
    endloop
  endfacet
  facet normal -1 0 0
    outer loop
      vertex 49.19 0 5.4
      vertex 49.19 2 13
      vertex 49.19 2 5.4
    endloop
  endfacet
  facet normal -1 -0 0
    outer loop
      vertex 49.19 2 13
      vertex 49.19 0 5.4
      vertex 49.19 0 13
    endloop
  endfacet
  facet normal 0 0 -1
    outer loop
      vertex 38.68 0 13
      vertex 49.19 2 13
      vertex 49.19 0 13
    endloop
  endfacet
  facet normal -0 0 -1
    outer loop
      vertex 49.19 2 13
      vertex 38.68 0 13
      vertex 38.68 2 13
    endloop
  endfacet
  facet normal -0 0 1
    outer loop
      vertex 38.68 2 5.4
      vertex 49.19 0 5.4
      vertex 49.19 2 5.4
    endloop
  endfacet
  facet normal 0 0 1
    outer loop
      vertex 49.19 0 5.4
      vertex 38.68 2 5.4
      vertex 38.68 0 5.4
    endloop
  endfacet
  facet normal 1 -0 0
    outer loop
      vertex 38.68 0 13
      vertex 38.68 2 5.4
      vertex 38.68 2 13
    endloop
  endfacet
  facet normal 1 0 0
    outer loop
      vertex 38.68 2 5.4
      vertex 38.68 0 13
      vertex 38.68 0 5.4
    endloop
  endfacet
  facet normal -1 0 0
    outer loop
      vertex 61.65 0 5.4
      vertex 61.65 2 13
      vertex 61.65 2 5.4
    endloop
  endfacet
  facet normal -1 -0 0
    outer loop
      vertex 61.65 2 13
      vertex 61.65 0 5.4
      vertex 61.65 0 13
    endloop
  endfacet
  facet normal 0 0 -1
    outer loop
      vertex 51.26 0 13
      vertex 61.65 2 13
      vertex 61.65 0 13
    endloop
  endfacet
  facet normal -0 0 -1
    outer loop
      vertex 61.65 2 13
      vertex 51.26 0 13
      vertex 51.26 2 13
    endloop
  endfacet
  facet normal -0 0 1
    outer loop
      vertex 51.26 2 5.4
      vertex 61.65 0 5.4
      vertex 61.65 2 5.4
    endloop
  endfacet
  facet normal 0 0 1
    outer loop
      vertex 61.65 0 5.4
      vertex 51.26 2 5.4
      vertex 51.26 0 5.4
    endloop
  endfacet
  facet normal 1 -0 0
    outer loop
      vertex 51.26 0 13
      vertex 51.26 2 5.4
      vertex 51.26 2 13
    endloop
  endfacet
  facet normal 1 0 0
    outer loop
      vertex 51.26 2 5.4
      vertex 51.26 0 13
      vertex 51.26 0 5.4
    endloop
  endfacet
  facet normal -1 0 0
    outer loop
      vertex 34.55 10.85 0
      vertex 34.55 12.45 2
      vertex 34.55 12.45 0
    endloop
  endfacet
  facet normal -1 -0 0
    outer loop
      vertex 34.55 12.45 2
      vertex 34.55 10.85 0
      vertex 34.55 10.85 2
    endloop
  endfacet
  facet normal 1 -0 0
    outer loop
      vertex 16.35 10.85 2
      vertex 16.35 12.45 0
      vertex 16.35 12.45 2
    endloop
  endfacet
  facet normal 1 0 0
    outer loop
      vertex 16.35 12.45 0
      vertex 16.35 10.85 2
      vertex 16.35 10.85 0
    endloop
  endfacet
  facet normal 0 -1 0
    outer loop
      vertex 16.35 12.45 0
      vertex 34.55 12.45 2
      vertex 16.35 12.45 2
    endloop
  endfacet
  facet normal 0 -1 -0
    outer loop
      vertex 34.55 12.45 2
      vertex 16.35 12.45 0
      vertex 34.55 12.45 0
    endloop
  endfacet
  facet normal 0 1 -0
    outer loop
      vertex 34.55 10.85 0
      vertex 16.35 10.85 2
      vertex 34.55 10.85 2
    endloop
  endfacet
  facet normal 0 1 0
    outer loop
      vertex 16.35 10.85 2
      vertex 34.55 10.85 0
      vertex 16.35 10.85 0
    endloop
  endfacet
  facet normal -1 0 0
    outer loop
      vertex 34.55 14.05 0
      vertex 34.55 15.65 2
      vertex 34.55 15.65 0
    endloop
  endfacet
  facet normal -1 -0 0
    outer loop
      vertex 34.55 15.65 2
      vertex 34.55 14.05 0
      vertex 34.55 14.05 2
    endloop
  endfacet
  facet normal 1 -0 0
    outer loop
      vertex 16.35 14.05 2
      vertex 16.35 15.65 0
      vertex 16.35 15.65 2
    endloop
  endfacet
  facet normal 1 0 0
    outer loop
      vertex 16.35 15.65 0
      vertex 16.35 14.05 2
      vertex 16.35 14.05 0
    endloop
  endfacet
  facet normal 0 -1 0
    outer loop
      vertex 16.35 15.65 0
      vertex 34.55 15.65 2
      vertex 16.35 15.65 2
    endloop
  endfacet
  facet normal 0 -1 -0
    outer loop
      vertex 34.55 15.65 2
      vertex 16.35 15.65 0
      vertex 34.55 15.65 0
    endloop
  endfacet
  facet normal 0 1 -0
    outer loop
      vertex 34.55 14.05 0
      vertex 16.35 14.05 2
      vertex 34.55 14.05 2
    endloop
  endfacet
  facet normal 0 1 0
    outer loop
      vertex 16.35 14.05 2
      vertex 34.55 14.05 0
      vertex 16.35 14.05 0
    endloop
  endfacet
  facet normal -1 0 0
    outer loop
      vertex 34.55 17.25 0
      vertex 34.55 18.85 2
      vertex 34.55 18.85 0
    endloop
  endfacet
  facet normal -1 -0 0
    outer loop
      vertex 34.55 18.85 2
      vertex 34.55 17.25 0
      vertex 34.55 17.25 2
    endloop
  endfacet
  facet normal 1 -0 0
    outer loop
      vertex 16.35 17.25 2
      vertex 16.35 18.85 0
      vertex 16.35 18.85 2
    endloop
  endfacet
  facet normal 1 0 0
    outer loop
      vertex 16.35 18.85 0
      vertex 16.35 17.25 2
      vertex 16.35 17.25 0
    endloop
  endfacet
  facet normal 0 -1 0
    outer loop
      vertex 16.35 18.85 0
      vertex 34.55 18.85 2
      vertex 16.35 18.85 2
    endloop
  endfacet
  facet normal 0 -1 -0
    outer loop
      vertex 34.55 18.85 2
      vertex 16.35 18.85 0
      vertex 34.55 18.85 0
    endloop
  endfacet
  facet normal 0 1 -0
    outer loop
      vertex 34.55 17.25 0
      vertex 16.35 17.25 2
      vertex 34.55 17.25 2
    endloop
  endfacet
  facet normal 0 1 0
    outer loop
      vertex 16.35 17.25 2
      vertex 34.55 17.25 0
      vertex 16.35 17.25 0
    endloop
  endfacet
  facet normal -1 0 0
    outer loop
      vertex 34.55 20.45 0
      vertex 34.55 22.05 2
      vertex 34.55 22.05 0
    endloop
  endfacet
  facet normal -1 -0 0
    outer loop
      vertex 34.55 22.05 2
      vertex 34.55 20.45 0
      vertex 34.55 20.45 2
    endloop
  endfacet
  facet normal 1 -0 0
    outer loop
      vertex 16.35 20.45 2
      vertex 16.35 22.05 0
      vertex 16.35 22.05 2
    endloop
  endfacet
  facet normal 1 0 0
    outer loop
      vertex 16.35 22.05 0
      vertex 16.35 20.45 2
      vertex 16.35 20.45 0
    endloop
  endfacet
  facet normal 0 -1 0
    outer loop
      vertex 16.35 22.05 0
      vertex 34.55 22.05 2
      vertex 16.35 22.05 2
    endloop
  endfacet
  facet normal 0 -1 -0
    outer loop
      vertex 34.55 22.05 2
      vertex 16.35 22.05 0
      vertex 34.55 22.05 0
    endloop
  endfacet
  facet normal 0 1 -0
    outer loop
      vertex 34.55 20.45 0
      vertex 16.35 20.45 2
      vertex 34.55 20.45 2
    endloop
  endfacet
  facet normal 0 1 0
    outer loop
      vertex 16.35 20.45 2
      vertex 34.55 20.45 0
      vertex 16.35 20.45 0
    endloop
  endfacet
  facet normal -0.98078 -0.195118 0
    outer loop
      vertex 7.01422 6.32176 0
      vertex 7.03566 6.21399 2
      vertex 7.01422 6.32176 2
    endloop
  endfacet
  facet normal -0.980779 -0.195122 -1.95122e-07
    outer loop
      vertex 7.04102 6.18705 0
      vertex 7.03566 6.21399 2
      vertex 7.01422 6.32176 0
    endloop
  endfacet
  facet normal -0.980776 -0.195136 -0
    outer loop
      vertex 7.04102 6.18705 5.2
      vertex 7.03566 6.21399 2
      vertex 7.04102 6.18705 0
    endloop
  endfacet
  facet normal -0.980776 -0.195136 0
    outer loop
      vertex 7.03566 6.21399 2
      vertex 7.04102 6.18705 5.2
      vertex 7.03566 6.21399 5.2
    endloop
  endfacet
  facet normal -0.997874 -0.0651658 0
    outer loop
      vertex 7.04102 6.18705 0
      vertex 7.04281 6.15964 2
      vertex 7.04102 6.18705 5.2
    endloop
  endfacet
  facet normal -0.99786 -0.0653833 -2.99358e-06
    outer loop
      vertex 7.05 6.05 0
      vertex 7.04281 6.15964 2
      vertex 7.04102 6.18705 0
    endloop
  endfacet
  facet normal -0.997857 -0.0654377 0
    outer loop
      vertex 7.04281 6.15964 2
      vertex 7.05 6.05 0
      vertex 7.05 6.05 2
    endloop
  endfacet
  facet normal 0 0 0
    outer loop
      vertex 7.05 6.05 5.2
      vertex 7.05 6.05 2
      vertex 7.05 6.05 0
    endloop
  endfacet
  facet normal -0.997874 -0.0651658 0
    outer loop
      vertex 7.04102 6.18705 5.2
      vertex 7.04281 6.15964 2
      vertex 7.04281 6.15964 5.2
    endloop
  endfacet
  facet normal -0.946921 -0.321465 0
    outer loop
      vertex 6.97007 6.45182 0
      vertex 6.9789 6.42581 2
      vertex 6.97007 6.45182 5.2
    endloop
  endfacet
  facet normal -0.946929 -0.321443 3.21443e-07
    outer loop
      vertex 7.01422 6.32176 0
      vertex 6.9789 6.42581 2
      vertex 6.97007 6.45182 0
    endloop
  endfacet
  facet normal -0.946931 -0.321438 0
    outer loop
      vertex 6.9789 6.42581 2
      vertex 7.01422 6.32176 0
      vertex 7.01422 6.32176 2
    endloop
  endfacet
  facet normal -0.946921 -0.321465 0
    outer loop
      vertex 6.97007 6.45182 5.2
      vertex 6.9789 6.42581 2
      vertex 6.9789 6.42581 5.2
    endloop
  endfacet
  facet normal -0.751827 -0.65936 0
    outer loop
      vertex 6.83302 6.6892 0
      vertex 6.74246 6.79246 5.2
      vertex 6.74246 6.79246 0
    endloop
  endfacet
  facet normal -0.751827 -0.65936 0
    outer loop
      vertex 6.74246 6.79246 5.2
      vertex 6.83302 6.6892 0
      vertex 6.83302 6.6892 5.2
    endloop
  endfacet
  facet normal -0.831456 -0.55559 0
    outer loop
      vertex 6.90933 6.575 0
      vertex 6.83302 6.6892 5.2
      vertex 6.83302 6.6892 0
    endloop
  endfacet
  facet normal -0.831456 -0.55559 0
    outer loop
      vertex 6.83302 6.6892 5.2
      vertex 6.90933 6.575 0
      vertex 6.90933 6.575 5.2
    endloop
  endfacet
  facet normal -0.442401 -0.896817 0
    outer loop
      vertex 6.40182 7.02007 5.2
      vertex 6.42645 7.00792 2
      vertex 6.42645 7.00792 5.2
    endloop
  endfacet
  facet normal -0.442401 -0.896817 0
    outer loop
      vertex 6.40182 7.02007 0
      vertex 6.42645 7.00792 2
      vertex 6.40182 7.02007 5.2
    endloop
  endfacet
  facet normal -0.442256 -0.896889 -2.22366e-06
    outer loop
      vertex 6.525 6.95933 0
      vertex 6.42645 7.00792 2
      vertex 6.40182 7.02007 0
    endloop
  endfacet
  facet normal -0.442219 -0.896907 0
    outer loop
      vertex 6.42645 7.00792 2
      vertex 6.525 6.95933 0
      vertex 6.525 6.95933 2
    endloop
  endfacet
  facet normal -0.321443 -0.946929 0
    outer loop
      vertex 6.27176 7.06422 0
      vertex 6.40182 7.02007 5.2
      vertex 6.27176 7.06422 5.2
    endloop
  endfacet
  facet normal -0.321443 -0.946929 -0
    outer loop
      vertex 6.40182 7.02007 5.2
      vertex 6.27176 7.06422 0
      vertex 6.40182 7.02007 0
    endloop
  endfacet
  facet normal -0.980779 0.195122 0
    outer loop
      vertex 7.01422 5.77824 0
      vertex 7.04102 5.91295 5.2
      vertex 7.04102 5.91295 0
    endloop
  endfacet
  facet normal -0.980779 0.195122 0
    outer loop
      vertex 7.04102 5.91295 5.2
      vertex 7.01422 5.77824 0
      vertex 7.01422 5.77824 5.2
    endloop
  endfacet
  facet normal -0.0653833 0.99786 0
    outer loop
      vertex 6.13705 5.00898 0
      vertex 6 5 5.2
      vertex 6.13705 5.00898 5.2
    endloop
  endfacet
  facet normal -0.0653833 0.99786 0
    outer loop
      vertex 6 5 5.2
      vertex 6.13705 5.00898 0
      vertex 6 5 0
    endloop
  endfacet
  facet normal -0.195122 -0.980779 0
    outer loop
      vertex 6.13705 7.09102 0
      vertex 6.27176 7.06422 5.2
      vertex 6.13705 7.09102 5.2
    endloop
  endfacet
  facet normal -0.195122 -0.980779 -0
    outer loop
      vertex 6.27176 7.06422 5.2
      vertex 6.13705 7.09102 0
      vertex 6.27176 7.06422 0
    endloop
  endfacet
  facet normal -0.99786 0.0653833 0
    outer loop
      vertex 7.04102 5.91295 0
      vertex 7.05 6.05 5.2
      vertex 7.05 6.05 0
    endloop
  endfacet
  facet normal -0.99786 0.0653833 0
    outer loop
      vertex 7.05 6.05 5.2
      vertex 7.04102 5.91295 0
      vertex 7.04102 5.91295 5.2
    endloop
  endfacet
  facet normal -0.896889 -0.442256 0
    outer loop
      vertex 6.97007 6.45182 0
      vertex 6.90933 6.575 5.2
      vertex 6.90933 6.575 0
    endloop
  endfacet
  facet normal -0.896889 -0.442256 0
    outer loop
      vertex 6.90933 6.575 5.2
      vertex 6.97007 6.45182 0
      vertex 6.97007 6.45182 5.2
    endloop
  endfacet
  facet normal 0.195122 0.980779 -0
    outer loop
      vertex 5.86295 5.00898 0
      vertex 5.72824 5.03578 5.2
      vertex 5.86295 5.00898 5.2
    endloop
  endfacet
  facet normal 0.195122 0.980779 0
    outer loop
      vertex 5.72824 5.03578 5.2
      vertex 5.86295 5.00898 0
      vertex 5.72824 5.03578 0
    endloop
  endfacet
  facet normal 0.751827 -0.65936 0
    outer loop
      vertex 5.16698 6.6892 5.2
      vertex 5.25754 6.79246 0
      vertex 5.25754 6.79246 5.2
    endloop
  endfacet
  facet normal 0.751827 -0.65936 0
    outer loop
      vertex 5.25754 6.79246 0
      vertex 5.16698 6.6892 5.2
      vertex 5.16698 6.6892 0
    endloop
  endfacet
  facet normal -0.442256 0.896889 0
    outer loop
      vertex 6.525 5.14067 0
      vertex 6.40182 5.07993 5.2
      vertex 6.525 5.14067 5.2
    endloop
  endfacet
  facet normal -0.442256 0.896889 0
    outer loop
      vertex 6.40182 5.07993 5.2
      vertex 6.525 5.14067 0
      vertex 6.40182 5.07993 0
    endloop
  endfacet
  facet normal -0.0653833 -0.99786 0
    outer loop
      vertex 6 7.1 0
      vertex 6.13705 7.09102 5.2
      vertex 6 7.1 5.2
    endloop
  endfacet
  facet normal -0.0653833 -0.99786 -0
    outer loop
      vertex 6.13705 7.09102 5.2
      vertex 6 7.1 0
      vertex 6.13705 7.09102 0
    endloop
  endfacet
  facet normal -0.195122 0.980779 0
    outer loop
      vertex 6.27176 5.03578 0
      vertex 6.13705 5.00898 5.2
      vertex 6.27176 5.03578 5.2
    endloop
  endfacet
  facet normal -0.195122 0.980779 0
    outer loop
      vertex 6.13705 5.00898 5.2
      vertex 6.27176 5.03578 0
      vertex 6.13705 5.00898 0
    endloop
  endfacet
  facet normal -0.55559 0.831456 0
    outer loop
      vertex 6.6392 5.21698 0
      vertex 6.525 5.14067 5.2
      vertex 6.6392 5.21698 5.2
    endloop
  endfacet
  facet normal -0.55559 0.831456 0
    outer loop
      vertex 6.525 5.14067 5.2
      vertex 6.6392 5.21698 0
      vertex 6.525 5.14067 0
    endloop
  endfacet
  facet normal 0.442272 -0.896881 0
    outer loop
      vertex 5.475 6.95933 2
      vertex 5.475 6.95933 0
      vertex 5.5128 6.97797 2
    endloop
  endfacet
  facet normal 0.442248 -0.896893 0
    outer loop
      vertex 5.5128 6.97797 2
      vertex 5.59818 7.02007 5.2
      vertex 5.5128 6.97797 5.2
    endloop
  endfacet
  facet normal 0.442256 -0.896889 3.75706e-07
    outer loop
      vertex 5.59818 7.02007 0
      vertex 5.5128 6.97797 2
      vertex 5.475 6.95933 0
    endloop
  endfacet
  facet normal 0.442248 -0.896893 0
    outer loop
      vertex 5.5128 6.97797 2
      vertex 5.59818 7.02007 0
      vertex 5.59818 7.02007 5.2
    endloop
  endfacet
  facet normal -0.831456 0.55559 0
    outer loop
      vertex 6.83302 5.4108 0
      vertex 6.90933 5.525 5.2
      vertex 6.90933 5.525 0
    endloop
  endfacet
  facet normal -0.831456 0.55559 0
    outer loop
      vertex 6.90933 5.525 5.2
      vertex 6.83302 5.4108 0
      vertex 6.83302 5.4108 5.2
    endloop
  endfacet
  facet normal 0.99786 0.0653833 0
    outer loop
      vertex 4.95898 5.91295 5.2
      vertex 4.95 6.05 0
      vertex 4.95 6.05 5.2
    endloop
  endfacet
  facet normal 0.99786 0.0653833 0
    outer loop
      vertex 4.95 6.05 0
      vertex 4.95898 5.91295 5.2
      vertex 4.95898 5.91295 0
    endloop
  endfacet
  facet normal -0.555603 -0.831448 -0
    outer loop
      vertex 6.525 6.95933 2
      vertex 6.525 6.95933 0
      vertex 6.61636 6.89828 2
    endloop
  endfacet
  facet normal -0.55554 -0.83149 0
    outer loop
      vertex 6.61636 6.89828 2
      vertex 6.6392 6.88302 5.2
      vertex 6.61636 6.89828 5.2
    endloop
  endfacet
  facet normal -0.55554 -0.83149 0
    outer loop
      vertex 6.61636 6.89828 2
      vertex 6.6392 6.88302 0
      vertex 6.6392 6.88302 5.2
    endloop
  endfacet
  facet normal -0.55559 -0.831456 -8.31456e-07
    outer loop
      vertex 6.6392 6.88302 0
      vertex 6.61636 6.89828 2
      vertex 6.525 6.95933 0
    endloop
  endfacet
  facet normal 0.946929 0.321443 0
    outer loop
      vertex 5.02993 5.64818 5.2
      vertex 4.98578 5.77824 0
      vertex 4.98578 5.77824 5.2
    endloop
  endfacet
  facet normal 0.946929 0.321443 0
    outer loop
      vertex 4.98578 5.77824 0
      vertex 5.02993 5.64818 5.2
      vertex 5.02993 5.64818 0
    endloop
  endfacet
  facet normal 0.896889 0.442256 0
    outer loop
      vertex 5.09067 5.525 5.2
      vertex 5.02993 5.64818 0
      vertex 5.02993 5.64818 5.2
    endloop
  endfacet
  facet normal 0.896889 0.442256 0
    outer loop
      vertex 5.02993 5.64818 0
      vertex 5.09067 5.525 5.2
      vertex 5.09067 5.525 0
    endloop
  endfacet
  facet normal -0.65936 -0.751827 0
    outer loop
      vertex 6.6392 6.88302 0
      vertex 6.74246 6.79246 5.2
      vertex 6.6392 6.88302 5.2
    endloop
  endfacet
  facet normal -0.65936 -0.751827 -0
    outer loop
      vertex 6.74246 6.79246 5.2
      vertex 6.6392 6.88302 0
      vertex 6.74246 6.79246 0
    endloop
  endfacet
  facet normal 0.555571 -0.831469 0
    outer loop
      vertex 5.3608 6.88302 5.2
      vertex 5.45995 6.94927 2
      vertex 5.45995 6.94927 5.2
    endloop
  endfacet
  facet normal 0.555571 -0.831469 0
    outer loop
      vertex 5.3608 6.88302 0
      vertex 5.45995 6.94927 2
      vertex 5.3608 6.88302 5.2
    endloop
  endfacet
  facet normal 0.55559 -0.831456 -1.407e-06
    outer loop
      vertex 5.475 6.95933 0
      vertex 5.45995 6.94927 2
      vertex 5.3608 6.88302 0
    endloop
  endfacet
  facet normal 0.55572 -0.83137 0
    outer loop
      vertex 5.45995 6.94927 2
      vertex 5.475 6.95933 0
      vertex 5.475 6.95933 2
    endloop
  endfacet
  facet normal 0.321443 0.946929 -0
    outer loop
      vertex 5.72824 5.03578 0
      vertex 5.59818 5.07993 5.2
      vertex 5.72824 5.03578 5.2
    endloop
  endfacet
  facet normal 0.321443 0.946929 0
    outer loop
      vertex 5.59818 5.07993 5.2
      vertex 5.72824 5.03578 0
      vertex 5.59818 5.07993 0
    endloop
  endfacet
  facet normal 0.321443 -0.946929 0
    outer loop
      vertex 5.59818 7.02007 0
      vertex 5.72824 7.06422 5.2
      vertex 5.59818 7.02007 5.2
    endloop
  endfacet
  facet normal 0.321443 -0.946929 0
    outer loop
      vertex 5.72824 7.06422 5.2
      vertex 5.59818 7.02007 0
      vertex 5.72824 7.06422 0
    endloop
  endfacet
  facet normal 0.195122 -0.980779 0
    outer loop
      vertex 5.72824 7.06422 0
      vertex 5.86295 7.09102 5.2
      vertex 5.72824 7.06422 5.2
    endloop
  endfacet
  facet normal 0.195122 -0.980779 0
    outer loop
      vertex 5.86295 7.09102 5.2
      vertex 5.72824 7.06422 0
      vertex 5.86295 7.09102 0
    endloop
  endfacet
  facet normal -0.321443 0.946929 0
    outer loop
      vertex 6.40182 5.07993 0
      vertex 6.27176 5.03578 5.2
      vertex 6.40182 5.07993 5.2
    endloop
  endfacet
  facet normal -0.321443 0.946929 0
    outer loop
      vertex 6.27176 5.03578 5.2
      vertex 6.40182 5.07993 0
      vertex 6.27176 5.03578 0
    endloop
  endfacet
  facet normal 0.0653833 0.99786 -0
    outer loop
      vertex 6 5 0
      vertex 5.86295 5.00898 5.2
      vertex 6 5 5.2
    endloop
  endfacet
  facet normal 0.0653833 0.99786 0
    outer loop
      vertex 5.86295 5.00898 5.2
      vertex 6 5 0
      vertex 5.86295 5.00898 0
    endloop
  endfacet
  facet normal 0.831456 -0.55559 0
    outer loop
      vertex 5.09067 6.575 5.2
      vertex 5.16698 6.6892 0
      vertex 5.16698 6.6892 5.2
    endloop
  endfacet
  facet normal 0.831456 -0.55559 0
    outer loop
      vertex 5.16698 6.6892 0
      vertex 5.09067 6.575 5.2
      vertex 5.09067 6.575 0
    endloop
  endfacet
  facet normal 0.65936 0.751827 -0
    outer loop
      vertex 5.3608 5.21698 0
      vertex 5.25754 5.30754 5.2
      vertex 5.3608 5.21698 5.2
    endloop
  endfacet
  facet normal 0.65936 0.751827 0
    outer loop
      vertex 5.25754 5.30754 5.2
      vertex 5.3608 5.21698 0
      vertex 5.25754 5.30754 0
    endloop
  endfacet
  facet normal 0.751827 0.65936 0
    outer loop
      vertex 5.25754 5.30754 5.2
      vertex 5.16698 5.4108 0
      vertex 5.16698 5.4108 5.2
    endloop
  endfacet
  facet normal 0.751827 0.65936 0
    outer loop
      vertex 5.16698 5.4108 0
      vertex 5.25754 5.30754 5.2
      vertex 5.25754 5.30754 0
    endloop
  endfacet
  facet normal 0.831456 0.55559 0
    outer loop
      vertex 5.16698 5.4108 5.2
      vertex 5.09067 5.525 0
      vertex 5.09067 5.525 5.2
    endloop
  endfacet
  facet normal 0.831456 0.55559 0
    outer loop
      vertex 5.09067 5.525 0
      vertex 5.16698 5.4108 5.2
      vertex 5.16698 5.4108 0
    endloop
  endfacet
  facet normal 0.442256 0.896889 -0
    outer loop
      vertex 5.59818 5.07993 0
      vertex 5.475 5.14067 5.2
      vertex 5.59818 5.07993 5.2
    endloop
  endfacet
  facet normal 0.442256 0.896889 0
    outer loop
      vertex 5.475 5.14067 5.2
      vertex 5.59818 5.07993 0
      vertex 5.475 5.14067 0
    endloop
  endfacet
  facet normal 0.65936 -0.751827 0
    outer loop
      vertex 5.25754 6.79246 0
      vertex 5.3608 6.88302 5.2
      vertex 5.25754 6.79246 5.2
    endloop
  endfacet
  facet normal 0.65936 -0.751827 0
    outer loop
      vertex 5.3608 6.88302 5.2
      vertex 5.25754 6.79246 0
      vertex 5.3608 6.88302 0
    endloop
  endfacet
  facet normal -0.946929 0.321443 0
    outer loop
      vertex 6.97007 5.64818 0
      vertex 7.01422 5.77824 5.2
      vertex 7.01422 5.77824 0
    endloop
  endfacet
  facet normal -0.946929 0.321443 0
    outer loop
      vertex 7.01422 5.77824 5.2
      vertex 6.97007 5.64818 0
      vertex 6.97007 5.64818 5.2
    endloop
  endfacet
  facet normal 0.99786 -0.0653833 0
    outer loop
      vertex 4.95 6.05 5.2
      vertex 4.95898 6.18705 0
      vertex 4.95898 6.18705 5.2
    endloop
  endfacet
  facet normal 0.99786 -0.0653833 0
    outer loop
      vertex 4.95898 6.18705 0
      vertex 4.95 6.05 5.2
      vertex 4.95 6.05 0
    endloop
  endfacet
  facet normal 0.980779 0.195122 0
    outer loop
      vertex 4.98578 5.77824 5.2
      vertex 4.95898 5.91295 0
      vertex 4.95898 5.91295 5.2
    endloop
  endfacet
  facet normal 0.980779 0.195122 0
    outer loop
      vertex 4.95898 5.91295 0
      vertex 4.98578 5.77824 5.2
      vertex 4.98578 5.77824 0
    endloop
  endfacet
  facet normal 0.946929 -0.321443 0
    outer loop
      vertex 4.98578 6.32176 5.2
      vertex 5.02993 6.45182 0
      vertex 5.02993 6.45182 5.2
    endloop
  endfacet
  facet normal 0.946929 -0.321443 0
    outer loop
      vertex 5.02993 6.45182 0
      vertex 4.98578 6.32176 5.2
      vertex 4.98578 6.32176 0
    endloop
  endfacet
  facet normal 0.980779 -0.195122 0
    outer loop
      vertex 4.95898 6.18705 5.2
      vertex 4.98578 6.32176 0
      vertex 4.98578 6.32176 5.2
    endloop
  endfacet
  facet normal 0.980779 -0.195122 0
    outer loop
      vertex 4.98578 6.32176 0
      vertex 4.95898 6.18705 5.2
      vertex 4.95898 6.18705 0
    endloop
  endfacet
  facet normal 0.0653833 -0.99786 0
    outer loop
      vertex 5.86295 7.09102 0
      vertex 6 7.1 5.2
      vertex 5.86295 7.09102 5.2
    endloop
  endfacet
  facet normal 0.0653833 -0.99786 0
    outer loop
      vertex 6 7.1 5.2
      vertex 5.86295 7.09102 0
      vertex 6 7.1 0
    endloop
  endfacet
  facet normal -0.896889 0.442256 0
    outer loop
      vertex 6.90933 5.525 0
      vertex 6.97007 5.64818 5.2
      vertex 6.97007 5.64818 0
    endloop
  endfacet
  facet normal -0.896889 0.442256 0
    outer loop
      vertex 6.97007 5.64818 5.2
      vertex 6.90933 5.525 0
      vertex 6.90933 5.525 5.2
    endloop
  endfacet
  facet normal 0.896889 -0.442256 0
    outer loop
      vertex 5.02993 6.45182 5.2
      vertex 5.09067 6.575 0
      vertex 5.09067 6.575 5.2
    endloop
  endfacet
  facet normal 0.896889 -0.442256 0
    outer loop
      vertex 5.09067 6.575 0
      vertex 5.02993 6.45182 5.2
      vertex 5.02993 6.45182 0
    endloop
  endfacet
  facet normal 0.55559 0.831456 -0
    outer loop
      vertex 5.475 5.14067 0
      vertex 5.3608 5.21698 5.2
      vertex 5.475 5.14067 5.2
    endloop
  endfacet
  facet normal 0.55559 0.831456 0
    outer loop
      vertex 5.3608 5.21698 5.2
      vertex 5.475 5.14067 0
      vertex 5.3608 5.21698 0
    endloop
  endfacet
  facet normal -0.65936 0.751827 0
    outer loop
      vertex 6.74246 5.30754 0
      vertex 6.6392 5.21698 5.2
      vertex 6.74246 5.30754 5.2
    endloop
  endfacet
  facet normal -0.65936 0.751827 0
    outer loop
      vertex 6.6392 5.21698 5.2
      vertex 6.74246 5.30754 0
      vertex 6.6392 5.21698 0
    endloop
  endfacet
  facet normal -0.751827 0.65936 0
    outer loop
      vertex 6.74246 5.30754 0
      vertex 6.83302 5.4108 5.2
      vertex 6.83302 5.4108 0
    endloop
  endfacet
  facet normal -0.751827 0.65936 0
    outer loop
      vertex 6.83302 5.4108 5.2
      vertex 6.74246 5.30754 0
      vertex 6.74246 5.30754 5.2
    endloop
  endfacet
  facet normal -0.321117 -0.94704 0
    outer loop
      vertex 6.32176 29.9142 0
      vertex 6.45182 29.8701 5.2
      vertex 6.32176 29.9142 5.2
    endloop
  endfacet
  facet normal -0.321117 -0.94704 -0
    outer loop
      vertex 6.45182 29.8701 5.2
      vertex 6.32176 29.9142 0
      vertex 6.45182 29.8701 0
    endloop
  endfacet
  facet normal -0.980776 -0.195136 0
    outer loop
      vertex 7.09102 29.0371 0
      vertex 7.06422 29.1718 5.2
      vertex 7.06422 29.1718 0
    endloop
  endfacet
  facet normal -0.980776 -0.195136 0
    outer loop
      vertex 7.06422 29.1718 5.2
      vertex 7.09102 29.0371 0
      vertex 7.09102 29.0371 5.2
    endloop
  endfacet
  facet normal -0.997862 -0.0653596 0
    outer loop
      vertex 7.1 28.9 0
      vertex 7.09102 29.0371 5.2
      vertex 7.09102 29.0371 0
    endloop
  endfacet
  facet normal -0.997862 -0.0653596 0
    outer loop
      vertex 7.09102 29.0371 5.2
      vertex 7.1 28.9 0
      vertex 7.1 28.9 5.2
    endloop
  endfacet
  facet normal -0.946884 -0.321576 0
    outer loop
      vertex 7.06422 29.1718 0
      vertex 7.02007 29.3018 5.2
      vertex 7.02007 29.3018 0
    endloop
  endfacet
  facet normal -0.946884 -0.321576 0
    outer loop
      vertex 7.02007 29.3018 5.2
      vertex 7.06422 29.1718 0
      vertex 7.06422 29.1718 5.2
    endloop
  endfacet
  facet normal -0.442791 -0.896625 0
    outer loop
      vertex 6.45182 29.8701 5.2
      vertex 6.53788 29.8276 2
      vertex 6.53788 29.8276 5.2
    endloop
  endfacet
  facet normal -0.442791 -0.896625 0
    outer loop
      vertex 6.45182 29.8701 0
      vertex 6.53788 29.8276 2
      vertex 6.45182 29.8701 5.2
    endloop
  endfacet
  facet normal -0.442607 -0.896716 -9.8349e-06
    outer loop
      vertex 6.575 29.8093 0
      vertex 6.53788 29.8276 2
      vertex 6.45182 29.8701 0
    endloop
  endfacet
  facet normal -0.442181 -0.896926 0
    outer loop
      vertex 6.53788 29.8276 2
      vertex 6.575 29.8093 0
      vertex 6.575 29.8093 2
    endloop
  endfacet
  facet normal 0.55554 -0.83149 0
    outer loop
      vertex 5.4108 29.733 0
      vertex 5.525 29.8093 5.2
      vertex 5.4108 29.733 5.2
    endloop
  endfacet
  facet normal 0.55554 -0.83149 0
    outer loop
      vertex 5.525 29.8093 5.2
      vertex 5.4108 29.733 0
      vertex 5.525 29.8093 0
    endloop
  endfacet
  facet normal 0.195122 0.980779 -0
    outer loop
      vertex 5.91295 27.859 0
      vertex 5.77824 27.8858 5.2
      vertex 5.91295 27.859 5.2
    endloop
  endfacet
  facet normal 0.195122 0.980779 0
    outer loop
      vertex 5.77824 27.8858 5.2
      vertex 5.91295 27.859 0
      vertex 5.77824 27.8858 0
    endloop
  endfacet
  facet normal -0.442607 0.896716 0
    outer loop
      vertex 6.575 27.9907 0
      vertex 6.45182 27.9299 5.2
      vertex 6.575 27.9907 5.2
    endloop
  endfacet
  facet normal -0.442607 0.896716 0
    outer loop
      vertex 6.45182 27.9299 5.2
      vertex 6.575 27.9907 0
      vertex 6.45182 27.9299 0
    endloop
  endfacet
  facet normal 0.751954 -0.659215 0
    outer loop
      vertex 5.21698 29.5392 5.2
      vertex 5.30754 29.6425 0
      vertex 5.30754 29.6425 5.2
    endloop
  endfacet
  facet normal 0.751954 -0.659215 0
    outer loop
      vertex 5.30754 29.6425 0
      vertex 5.21698 29.5392 5.2
      vertex 5.21698 29.5392 0
    endloop
  endfacet
  facet normal -0.831456 -0.55559 0
    outer loop
      vertex 6.95933 29.425 0
      vertex 6.88302 29.5392 2
      vertex 6.88302 29.5392 0
    endloop
  endfacet
  facet normal -0.831456 -0.55559 0
    outer loop
      vertex 6.88302 29.5392 2
      vertex 6.95933 29.425 0
      vertex 6.95933 29.425 2
    endloop
  endfacet
  facet normal -0.89681 -0.442416 0
    outer loop
      vertex 6.95933 29.425 0
      vertex 7.01991 29.3022 2
      vertex 6.95933 29.425 2
    endloop
  endfacet
  facet normal -0.896918 -0.442198 1.66862e-05
    outer loop
      vertex 7.02007 29.3018 0
      vertex 7.01991 29.3022 2
      vertex 6.95933 29.425 0
    endloop
  endfacet
  facet normal -0.928477 -0.371391 -0
    outer loop
      vertex 7.02007 29.3018 5.2
      vertex 7.01991 29.3022 2
      vertex 7.02007 29.3018 0
    endloop
  endfacet
  facet normal -0.928477 -0.371391 0
    outer loop
      vertex 7.01991 29.3022 2
      vertex 7.02007 29.3018 5.2
      vertex 7.01991 29.3022 5.2
    endloop
  endfacet
  facet normal -0.751803 -0.659388 0
    outer loop
      vertex 6.79246 29.6425 0
      vertex 6.86745 29.557 2
      vertex 6.79246 29.6425 5.2
    endloop
  endfacet
  facet normal -0.751954 -0.659215 1.30555e-05
    outer loop
      vertex 6.88302 29.5392 0
      vertex 6.86745 29.557 2
      vertex 6.79246 29.6425 0
    endloop
  endfacet
  facet normal -0.752681 -0.658385 0
    outer loop
      vertex 6.86745 29.557 2
      vertex 6.88302 29.5392 0
      vertex 6.88302 29.5392 2
    endloop
  endfacet
  facet normal -0.751803 -0.659388 0
    outer loop
      vertex 6.79246 29.6425 5.2
      vertex 6.86745 29.557 2
      vertex 6.86745 29.557 5.2
    endloop
  endfacet
  facet normal 0.831456 0.55559 0
    outer loop
      vertex 5.21698 28.2608 5.2
      vertex 5.14067 28.375 0
      vertex 5.14067 28.375 5.2
    endloop
  endfacet
  facet normal 0.831456 0.55559 0
    outer loop
      vertex 5.14067 28.375 0
      vertex 5.21698 28.2608 5.2
      vertex 5.21698 28.2608 0
    endloop
  endfacet
  facet normal -0.946884 0.321576 0
    outer loop
      vertex 7.02007 28.4982 0
      vertex 7.06422 28.6282 5.2
      vertex 7.06422 28.6282 0
    endloop
  endfacet
  facet normal -0.946884 0.321576 0
    outer loop
      vertex 7.06422 28.6282 5.2
      vertex 7.02007 28.4982 0
      vertex 7.02007 28.4982 5.2
    endloop
  endfacet
  facet normal 0.659113 -0.752044 0
    outer loop
      vertex 5.30754 29.6425 0
      vertex 5.4108 29.733 5.2
      vertex 5.30754 29.6425 5.2
    endloop
  endfacet
  facet normal 0.659113 -0.752044 0
    outer loop
      vertex 5.4108 29.733 5.2
      vertex 5.30754 29.6425 0
      vertex 5.4108 29.733 0
    endloop
  endfacet
  facet normal -0.751954 0.659215 0
    outer loop
      vertex 6.79246 28.1575 0
      vertex 6.88302 28.2608 5.2
      vertex 6.88302 28.2608 0
    endloop
  endfacet
  facet normal -0.751954 0.659215 0
    outer loop
      vertex 6.88302 28.2608 5.2
      vertex 6.79246 28.1575 0
      vertex 6.79246 28.1575 5.2
    endloop
  endfacet
  facet normal 0.0651418 -0.997876 0
    outer loop
      vertex 5.91295 29.941 2
      vertex 5.91295 29.941 0
      vertex 5.95431 29.9437 2
    endloop
  endfacet
  facet normal 0.0656954 -0.99784 0
    outer loop
      vertex 5.95431 29.9437 2
      vertex 6.05 29.95 5.2
      vertex 5.95431 29.9437 5.2
    endloop
  endfacet
  facet normal 0.0655283 -0.997851 -8.02722e-06
    outer loop
      vertex 6.05 29.95 0
      vertex 5.95431 29.9437 2
      vertex 5.91295 29.941 0
    endloop
  endfacet
  facet normal 0.0656954 -0.99784 0
    outer loop
      vertex 5.95431 29.9437 2
      vertex 6.05 29.95 0
      vertex 6.05 29.95 5.2
    endloop
  endfacet
  facet normal -0.321117 0.94704 0
    outer loop
      vertex 6.45182 27.9299 0
      vertex 6.32176 27.8858 5.2
      vertex 6.45182 27.9299 5.2
    endloop
  endfacet
  facet normal -0.321117 0.94704 0
    outer loop
      vertex 6.32176 27.8858 5.2
      vertex 6.45182 27.9299 0
      vertex 6.32176 27.8858 0
    endloop
  endfacet
  facet normal 0.321117 -0.94704 0
    outer loop
      vertex 5.64818 29.8701 0
      vertex 5.77824 29.9142 5.2
      vertex 5.64818 29.8701 5.2
    endloop
  endfacet
  facet normal 0.321117 -0.94704 0
    outer loop
      vertex 5.77824 29.9142 5.2
      vertex 5.64818 29.8701 0
      vertex 5.77824 29.9142 0
    endloop
  endfacet
  facet normal -0.555079 -0.831798 -0
    outer loop
      vertex 6.575 29.8093 2
      vertex 6.575 29.8093 0
      vertex 6.60542 29.789 2
    endloop
  endfacet
  facet normal -0.555707 -0.831378 0
    outer loop
      vertex 6.60542 29.789 2
      vertex 6.6892 29.733 5.2
      vertex 6.60542 29.789 5.2
    endloop
  endfacet
  facet normal -0.55554 -0.83149 1.01424e-05
    outer loop
      vertex 6.6892 29.733 0
      vertex 6.60542 29.789 2
      vertex 6.575 29.8093 0
    endloop
  endfacet
  facet normal -0.555707 -0.831378 0
    outer loop
      vertex 6.60542 29.789 2
      vertex 6.6892 29.733 0
      vertex 6.6892 29.733 5.2
    endloop
  endfacet
  facet normal -0.831313 0.555804 0
    outer loop
      vertex 6.95933 28.375 0
      vertex 6.91868 28.3142 2
      vertex 6.95933 28.375 2
    endloop
  endfacet
  facet normal -0.831456 0.55559 -9.39939e-06
    outer loop
      vertex 6.88302 28.2608 0
      vertex 6.91868 28.3142 2
      vertex 6.95933 28.375 0
    endloop
  endfacet
  facet normal -0.831619 0.555347 0
    outer loop
      vertex 6.88302 28.2608 5.2
      vertex 6.91868 28.3142 2
      vertex 6.88302 28.2608 0
    endloop
  endfacet
  facet normal -0.831619 0.555347 0
    outer loop
      vertex 6.91868 28.3142 2
      vertex 6.88302 28.2608 5.2
      vertex 6.91868 28.3142 5.2
    endloop
  endfacet
  facet normal -0.55554 0.83149 0
    outer loop
      vertex 6.6892 28.067 0
      vertex 6.575 27.9907 5.2
      vertex 6.6892 28.067 5.2
    endloop
  endfacet
  facet normal -0.55554 0.83149 0
    outer loop
      vertex 6.575 27.9907 5.2
      vertex 6.6892 28.067 0
      vertex 6.575 27.9907 0
    endloop
  endfacet
  facet normal 0.980776 -0.195136 0
    outer loop
      vertex 5.00898 29.0371 5.2
      vertex 5.03578 29.1718 0
      vertex 5.03578 29.1718 5.2
    endloop
  endfacet
  facet normal 0.980776 -0.195136 0
    outer loop
      vertex 5.03578 29.1718 0
      vertex 5.00898 29.0371 5.2
      vertex 5.00898 29.0371 0
    endloop
  endfacet
  facet normal 0.980776 0.195136 0
    outer loop
      vertex 5.03578 28.6282 5.2
      vertex 5.00898 28.7629 0
      vertex 5.00898 28.7629 5.2
    endloop
  endfacet
  facet normal 0.980776 0.195136 0
    outer loop
      vertex 5.00898 28.7629 0
      vertex 5.03578 28.6282 5.2
      vertex 5.03578 28.6282 0
    endloop
  endfacet
  facet normal 0.50702 -0.861934 0
    outer loop
      vertex 5.525 29.8093 2
      vertex 5.525 29.8093 0
      vertex 5.52568 29.8097 2
    endloop
  endfacet
  facet normal 0 0 0
    outer loop
      vertex 5.525 29.8093 0
      vertex 5.525 29.8093 2
      vertex 5.525 29.8093 5.2
    endloop
  endfacet
  facet normal 0.442228 -0.896903 0
    outer loop
      vertex 5.52568 29.8097 2
      vertex 5.64818 29.8701 5.2
      vertex 5.52568 29.8097 5.2
    endloop
  endfacet
  facet normal 0.442607 -0.896716 2.88568e-05
    outer loop
      vertex 5.64818 29.8701 0
      vertex 5.52568 29.8097 2
      vertex 5.525 29.8093 0
    endloop
  endfacet
  facet normal 0.442228 -0.896903 0
    outer loop
      vertex 5.52568 29.8097 2
      vertex 5.64818 29.8701 0
      vertex 5.64818 29.8701 5.2
    endloop
  endfacet
  facet normal -0.997862 0.0653596 0
    outer loop
      vertex 7.09102 28.7629 0
      vertex 7.1 28.9 5.2
      vertex 7.1 28.9 0
    endloop
  endfacet
  facet normal -0.997862 0.0653596 0
    outer loop
      vertex 7.1 28.9 5.2
      vertex 7.09102 28.7629 0
      vertex 7.09102 28.7629 5.2
    endloop
  endfacet
  facet normal 0.946884 0.321576 0
    outer loop
      vertex 5.07993 28.4982 5.2
      vertex 5.03578 28.6282 0
      vertex 5.03578 28.6282 5.2
    endloop
  endfacet
  facet normal 0.946884 0.321576 0
    outer loop
      vertex 5.03578 28.6282 0
      vertex 5.07993 28.4982 5.2
      vertex 5.07993 28.4982 0
    endloop
  endfacet
  facet normal -0.195122 0.980779 0
    outer loop
      vertex 6.32176 27.8858 0
      vertex 6.18705 27.859 5.2
      vertex 6.32176 27.8858 5.2
    endloop
  endfacet
  facet normal -0.195122 0.980779 0
    outer loop
      vertex 6.18705 27.859 5.2
      vertex 6.32176 27.8858 0
      vertex 6.18705 27.859 0
    endloop
  endfacet
  facet normal 0.195156 -0.980772 0
    outer loop
      vertex 5.77824 29.9142 5.2
      vertex 5.90589 29.9396 2
      vertex 5.90589 29.9396 5.2
    endloop
  endfacet
  facet normal 0.195156 -0.980772 0
    outer loop
      vertex 5.77824 29.9142 0
      vertex 5.90589 29.9396 2
      vertex 5.77824 29.9142 5.2
    endloop
  endfacet
  facet normal 0.195122 -0.980779 2.23517e-06
    outer loop
      vertex 5.91295 29.941 0
      vertex 5.90589 29.9396 2
      vertex 5.77824 29.9142 0
    endloop
  endfacet
  facet normal 0.194513 -0.9809 0
    outer loop
      vertex 5.90589 29.9396 2
      vertex 5.91295 29.941 0
      vertex 5.91295 29.941 2
    endloop
  endfacet
  facet normal -0.980776 0.195136 0
    outer loop
      vertex 7.06422 28.6282 0
      vertex 7.09102 28.7629 5.2
      vertex 7.09102 28.7629 0
    endloop
  endfacet
  facet normal -0.980776 0.195136 0
    outer loop
      vertex 7.09102 28.7629 5.2
      vertex 7.06422 28.6282 0
      vertex 7.06422 28.6282 5.2
    endloop
  endfacet
  facet normal 0.751954 0.659215 0
    outer loop
      vertex 5.30754 28.1575 5.2
      vertex 5.21698 28.2608 0
      vertex 5.21698 28.2608 5.2
    endloop
  endfacet
  facet normal 0.751954 0.659215 0
    outer loop
      vertex 5.21698 28.2608 0
      vertex 5.30754 28.1575 5.2
      vertex 5.30754 28.1575 0
    endloop
  endfacet
  facet normal 0.946884 -0.321576 0
    outer loop
      vertex 5.03578 29.1718 5.2
      vertex 5.07993 29.3018 0
      vertex 5.07993 29.3018 5.2
    endloop
  endfacet
  facet normal 0.946884 -0.321576 0
    outer loop
      vertex 5.07993 29.3018 0
      vertex 5.03578 29.1718 5.2
      vertex 5.03578 29.1718 0
    endloop
  endfacet
  facet normal -0.659113 -0.752044 0
    outer loop
      vertex 6.6892 29.733 0
      vertex 6.79246 29.6425 5.2
      vertex 6.6892 29.733 5.2
    endloop
  endfacet
  facet normal -0.659113 -0.752044 -0
    outer loop
      vertex 6.79246 29.6425 5.2
      vertex 6.6892 29.733 0
      vertex 6.79246 29.6425 0
    endloop
  endfacet
  facet normal 0.997862 -0.0653596 0
    outer loop
      vertex 5 28.9 5.2
      vertex 5.00898 29.0371 0
      vertex 5.00898 29.0371 5.2
    endloop
  endfacet
  facet normal 0.997862 -0.0653596 0
    outer loop
      vertex 5.00898 29.0371 0
      vertex 5 28.9 5.2
      vertex 5 28.9 0
    endloop
  endfacet
  facet normal -0.0655283 0.997851 0
    outer loop
      vertex 6.18705 27.859 0
      vertex 6.05 27.85 5.2
      vertex 6.18705 27.859 5.2
    endloop
  endfacet
  facet normal -0.0655283 0.997851 0
    outer loop
      vertex 6.05 27.85 5.2
      vertex 6.18705 27.859 0
      vertex 6.05 27.85 0
    endloop
  endfacet
  facet normal 0.0655283 0.997851 -0
    outer loop
      vertex 6.05 27.85 0
      vertex 5.91295 27.859 5.2
      vertex 6.05 27.85 5.2
    endloop
  endfacet
  facet normal 0.0655283 0.997851 0
    outer loop
      vertex 5.91295 27.859 5.2
      vertex 6.05 27.85 0
      vertex 5.91295 27.859 0
    endloop
  endfacet
  facet normal -0.659113 0.752044 0
    outer loop
      vertex 6.79246 28.1575 0
      vertex 6.6892 28.067 5.2
      vertex 6.79246 28.1575 5.2
    endloop
  endfacet
  facet normal -0.659113 0.752044 0
    outer loop
      vertex 6.6892 28.067 5.2
      vertex 6.79246 28.1575 0
      vertex 6.6892 28.067 0
    endloop
  endfacet
  facet normal 0.321117 0.94704 -0
    outer loop
      vertex 5.77824 27.8858 0
      vertex 5.64818 27.9299 5.2
      vertex 5.77824 27.8858 5.2
    endloop
  endfacet
  facet normal 0.321117 0.94704 0
    outer loop
      vertex 5.64818 27.9299 5.2
      vertex 5.77824 27.8858 0
      vertex 5.64818 27.9299 0
    endloop
  endfacet
  facet normal 0.997862 0.0653596 0
    outer loop
      vertex 5.00898 28.7629 5.2
      vertex 5 28.9 0
      vertex 5 28.9 5.2
    endloop
  endfacet
  facet normal 0.997862 0.0653596 0
    outer loop
      vertex 5 28.9 0
      vertex 5.00898 28.7629 5.2
      vertex 5.00898 28.7629 0
    endloop
  endfacet
  facet normal -0.065851 -0.997829 0
    outer loop
      vertex 6.05 29.95 5.2
      vertex 6.13031 29.9447 2
      vertex 6.13031 29.9447 5.2
    endloop
  endfacet
  facet normal -0.065851 -0.997829 0
    outer loop
      vertex 6.05 29.95 0
      vertex 6.13031 29.9447 2
      vertex 6.05 29.95 5.2
    endloop
  endfacet
  facet normal -0.0655283 -0.997851 -1.30147e-05
    outer loop
      vertex 6.18705 29.941 0
      vertex 6.13031 29.9447 2
      vertex 6.05 29.95 0
    endloop
  endfacet
  facet normal -0.0650715 -0.997881 0
    outer loop
      vertex 6.13031 29.9447 2
      vertex 6.18705 29.941 0
      vertex 6.18705 29.941 2
    endloop
  endfacet
  facet normal 0.659113 0.752044 -0
    outer loop
      vertex 5.4108 28.067 0
      vertex 5.30754 28.1575 5.2
      vertex 5.4108 28.067 5.2
    endloop
  endfacet
  facet normal 0.659113 0.752044 0
    outer loop
      vertex 5.30754 28.1575 5.2
      vertex 5.4108 28.067 0
      vertex 5.30754 28.1575 0
    endloop
  endfacet
  facet normal -0.194341 -0.980934 -0
    outer loop
      vertex 6.18705 29.941 2
      vertex 6.18705 29.941 0
      vertex 6.24762 29.929 2
    endloop
  endfacet
  facet normal -0.19576 -0.980652 0
    outer loop
      vertex 6.24762 29.929 2
      vertex 6.32176 29.9142 5.2
      vertex 6.24762 29.929 5.2
    endloop
  endfacet
  facet normal -0.19576 -0.980652 0
    outer loop
      vertex 6.24762 29.929 2
      vertex 6.32176 29.9142 0
      vertex 6.32176 29.9142 5.2
    endloop
  endfacet
  facet normal -0.195122 -0.980779 2.45941e-05
    outer loop
      vertex 6.32176 29.9142 0
      vertex 6.24762 29.929 2
      vertex 6.18705 29.941 0
    endloop
  endfacet
  facet normal -0.89712 0.441786 0
    outer loop
      vertex 7.02007 28.4982 0
      vertex 6.99594 28.4492 2
      vertex 7.02007 28.4982 5.2
    endloop
  endfacet
  facet normal -0.896918 0.442198 1.25365e-05
    outer loop
      vertex 6.95933 28.375 0
      vertex 6.99594 28.4492 2
      vertex 7.02007 28.4982 0
    endloop
  endfacet
  facet normal -0.896784 0.44247 0
    outer loop
      vertex 6.99594 28.4492 2
      vertex 6.95933 28.375 0
      vertex 6.95933 28.375 2
    endloop
  endfacet
  facet normal -0.89712 0.441786 0
    outer loop
      vertex 7.02007 28.4982 5.2
      vertex 6.99594 28.4492 2
      vertex 6.99594 28.4492 5.2
    endloop
  endfacet
  facet normal 0.896918 0.442198 0
    outer loop
      vertex 5.14067 28.375 5.2
      vertex 5.07993 28.4982 0
      vertex 5.07993 28.4982 5.2
    endloop
  endfacet
  facet normal 0.896918 0.442198 0
    outer loop
      vertex 5.07993 28.4982 0
      vertex 5.14067 28.375 5.2
      vertex 5.14067 28.375 0
    endloop
  endfacet
  facet normal 0.896918 -0.442198 0
    outer loop
      vertex 5.07993 29.3018 5.2
      vertex 5.14067 29.425 0
      vertex 5.14067 29.425 5.2
    endloop
  endfacet
  facet normal 0.896918 -0.442198 0
    outer loop
      vertex 5.14067 29.425 0
      vertex 5.07993 29.3018 5.2
      vertex 5.07993 29.3018 0
    endloop
  endfacet
  facet normal 0.831456 -0.55559 0
    outer loop
      vertex 5.14067 29.425 5.2
      vertex 5.21698 29.5392 0
      vertex 5.21698 29.5392 5.2
    endloop
  endfacet
  facet normal 0.831456 -0.55559 0
    outer loop
      vertex 5.21698 29.5392 0
      vertex 5.14067 29.425 5.2
      vertex 5.14067 29.425 0
    endloop
  endfacet
  facet normal 0.55554 0.83149 -0
    outer loop
      vertex 5.525 27.9907 0
      vertex 5.4108 28.067 5.2
      vertex 5.525 27.9907 5.2
    endloop
  endfacet
  facet normal 0.55554 0.83149 0
    outer loop
      vertex 5.4108 28.067 5.2
      vertex 5.525 27.9907 0
      vertex 5.4108 28.067 0
    endloop
  endfacet
  facet normal 0.442607 0.896716 -0
    outer loop
      vertex 5.64818 27.9299 0
      vertex 5.525 27.9907 5.2
      vertex 5.64818 27.9299 5.2
    endloop
  endfacet
  facet normal 0.442607 0.896716 0
    outer loop
      vertex 5.525 27.9907 5.2
      vertex 5.64818 27.9299 0
      vertex 5.525 27.9907 0
    endloop
  endfacet
  facet normal -0.659391 -0.7518 -0
    outer loop
      vertex 64.4892 6.88302 2
      vertex 64.4892 6.88302 0
      vertex 64.5276 6.84934 2
    endloop
  endfacet
  facet normal -0.659111 -0.752045 0
    outer loop
      vertex 64.5276 6.84934 2
      vertex 64.5925 6.79246 5.2
      vertex 64.5276 6.84934 5.2
    endloop
  endfacet
  facet normal -0.659215 -0.751954 -5.96904e-06
    outer loop
      vertex 64.5925 6.79246 0
      vertex 64.5276 6.84934 2
      vertex 64.4892 6.88302 0
    endloop
  endfacet
  facet normal -0.659111 -0.752045 0
    outer loop
      vertex 64.5276 6.84934 2
      vertex 64.5925 6.79246 0
      vertex 64.5925 6.79246 5.2
    endloop
  endfacet
  facet normal -0.980779 -0.195122 0
    outer loop
      vertex 64.891 6.18705 0
      vertex 64.8642 6.32176 5.2
      vertex 64.8642 6.32176 0
    endloop
  endfacet
  facet normal -0.980779 -0.195122 0
    outer loop
      vertex 64.8642 6.32176 5.2
      vertex 64.891 6.18705 0
      vertex 64.891 6.18705 5.2
    endloop
  endfacet
  facet normal -0.997851 -0.0655283 0
    outer loop
      vertex 64.9 6.05 0
      vertex 64.891 6.18705 5.2
      vertex 64.891 6.18705 0
    endloop
  endfacet
  facet normal -0.997851 -0.0655283 0
    outer loop
      vertex 64.891 6.18705 5.2
      vertex 64.9 6.05 0
      vertex 64.9 6.05 5.2
    endloop
  endfacet
  facet normal -0.94704 -0.321117 0
    outer loop
      vertex 64.8642 6.32176 0
      vertex 64.8201 6.45182 5.2
      vertex 64.8201 6.45182 0
    endloop
  endfacet
  facet normal -0.94704 -0.321117 0
    outer loop
      vertex 64.8201 6.45182 5.2
      vertex 64.8642 6.32176 0
      vertex 64.8642 6.32176 5.2
    endloop
  endfacet
  facet normal -0.55559 0.831456 0
    outer loop
      vertex 64.4892 5.21698 0
      vertex 64.375 5.14067 5.2
      vertex 64.4892 5.21698 5.2
    endloop
  endfacet
  facet normal -0.55559 0.831456 0
    outer loop
      vertex 64.375 5.14067 5.2
      vertex 64.4892 5.21698 0
      vertex 64.375 5.14067 0
    endloop
  endfacet
  facet normal -0.752044 -0.659113 0
    outer loop
      vertex 64.683 6.6892 0
      vertex 64.5925 6.79246 5.2
      vertex 64.5925 6.79246 0
    endloop
  endfacet
  facet normal -0.752044 -0.659113 0
    outer loop
      vertex 64.5925 6.79246 5.2
      vertex 64.683 6.6892 0
      vertex 64.683 6.6892 5.2
    endloop
  endfacet
  facet normal 0.997851 -0.0655283 0
    outer loop
      vertex 62.8 6.05 5.2
      vertex 62.809 6.18705 0
      vertex 62.809 6.18705 5.2
    endloop
  endfacet
  facet normal 0.997851 -0.0655283 0
    outer loop
      vertex 62.809 6.18705 0
      vertex 62.8 6.05 5.2
      vertex 62.8 6.05 0
    endloop
  endfacet
  facet normal -0.659215 0.751954 0
    outer loop
      vertex 64.5925 5.30754 0
      vertex 64.4892 5.21698 5.2
      vertex 64.5925 5.30754 5.2
    endloop
  endfacet
  facet normal -0.659215 0.751954 0
    outer loop
      vertex 64.4892 5.21698 5.2
      vertex 64.5925 5.30754 0
      vertex 64.4892 5.21698 0
    endloop
  endfacet
  facet normal -0.321576 0.946884 0
    outer loop
      vertex 64.2518 5.07993 0
      vertex 64.1218 5.03578 5.2
      vertex 64.2518 5.07993 5.2
    endloop
  endfacet
  facet normal -0.321576 0.946884 0
    outer loop
      vertex 64.1218 5.03578 5.2
      vertex 64.2518 5.07993 0
      vertex 64.1218 5.03578 0
    endloop
  endfacet
  facet normal -0.831588 -0.555393 0
    outer loop
      vertex 64.683 6.6892 0
      vertex 64.7237 6.62826 2
      vertex 64.683 6.6892 5.2
    endloop
  endfacet
  facet normal -0.83149 -0.55554 -6.48737e-06
    outer loop
      vertex 64.7593 6.575 0
      vertex 64.7237 6.62826 2
      vertex 64.683 6.6892 0
    endloop
  endfacet
  facet normal -0.831377 -0.555708 0
    outer loop
      vertex 64.7237 6.62826 2
      vertex 64.7593 6.575 0
      vertex 64.7593 6.575 2
    endloop
  endfacet
  facet normal -0.831588 -0.555393 0
    outer loop
      vertex 64.683 6.6892 5.2
      vertex 64.7237 6.62826 2
      vertex 64.7237 6.62826 5.2
    endloop
  endfacet
  facet normal -0.896623 -0.442795 0
    outer loop
      vertex 64.7593 6.575 0
      vertex 64.7898 6.51324 2
      vertex 64.7593 6.575 2
    endloop
  endfacet
  facet normal -0.896716 -0.442607 7.2142e-06
    outer loop
      vertex 64.8201 6.45182 0
      vertex 64.7898 6.51324 2
      vertex 64.7593 6.575 0
    endloop
  endfacet
  facet normal -0.896809 -0.442418 -0
    outer loop
      vertex 64.8201 6.45182 5.2
      vertex 64.7898 6.51324 2
      vertex 64.8201 6.45182 0
    endloop
  endfacet
  facet normal -0.896809 -0.442418 0
    outer loop
      vertex 64.7898 6.51324 2
      vertex 64.8201 6.45182 5.2
      vertex 64.7898 6.51324 5.2
    endloop
  endfacet
  facet normal 0.321576 -0.946884 0
    outer loop
      vertex 63.4482 7.02007 0
      vertex 63.5782 7.06422 5.2
      vertex 63.4482 7.02007 5.2
    endloop
  endfacet
  facet normal 0.321576 -0.946884 0
    outer loop
      vertex 63.5782 7.06422 5.2
      vertex 63.4482 7.02007 0
      vertex 63.5782 7.06422 0
    endloop
  endfacet
  facet normal -0.94704 0.321117 0
    outer loop
      vertex 64.8201 5.64818 0
      vertex 64.8642 5.77824 5.2
      vertex 64.8642 5.77824 0
    endloop
  endfacet
  facet normal -0.94704 0.321117 0
    outer loop
      vertex 64.8642 5.77824 5.2
      vertex 64.8201 5.64818 0
      vertex 64.8201 5.64818 5.2
    endloop
  endfacet
  facet normal 0.0653596 0.997862 -0
    outer loop
      vertex 63.85 5 0
      vertex 63.7129 5.00898 5.2
      vertex 63.85 5 5.2
    endloop
  endfacet
  facet normal 0.0653596 0.997862 0
    outer loop
      vertex 63.7129 5.00898 5.2
      vertex 63.85 5 0
      vertex 63.7129 5.00898 0
    endloop
  endfacet
  facet normal 0.55559 0.831456 -0
    outer loop
      vertex 63.325 5.14067 0
      vertex 63.2108 5.21698 5.2
      vertex 63.325 5.14067 5.2
    endloop
  endfacet
  facet normal 0.55559 0.831456 0
    outer loop
      vertex 63.2108 5.21698 5.2
      vertex 63.325 5.14067 0
      vertex 63.2108 5.21698 0
    endloop
  endfacet
  facet normal 0.997851 0.0655283 0
    outer loop
      vertex 62.809 5.91295 5.2
      vertex 62.8 6.05 0
      vertex 62.8 6.05 5.2
    endloop
  endfacet
  facet normal 0.997851 0.0655283 0
    outer loop
      vertex 62.8 6.05 0
      vertex 62.809 5.91295 5.2
      vertex 62.809 5.91295 0
    endloop
  endfacet
  facet normal 0.195136 -0.980776 0
    outer loop
      vertex 63.5782 7.06422 0
      vertex 63.7129 7.09102 5.2
      vertex 63.5782 7.06422 5.2
    endloop
  endfacet
  facet normal 0.195136 -0.980776 0
    outer loop
      vertex 63.7129 7.09102 5.2
      vertex 63.5782 7.06422 0
      vertex 63.7129 7.09102 0
    endloop
  endfacet
  facet normal 0.980779 0.195122 0
    outer loop
      vertex 62.8358 5.77824 5.2
      vertex 62.809 5.91295 0
      vertex 62.809 5.91295 5.2
    endloop
  endfacet
  facet normal 0.980779 0.195122 0
    outer loop
      vertex 62.809 5.91295 0
      vertex 62.8358 5.77824 5.2
      vertex 62.8358 5.77824 0
    endloop
  endfacet
  facet normal 0.752044 -0.659113 0
    outer loop
      vertex 63.017 6.6892 5.2
      vertex 63.1075 6.79246 0
      vertex 63.1075 6.79246 5.2
    endloop
  endfacet
  facet normal 0.752044 -0.659113 0
    outer loop
      vertex 63.1075 6.79246 0
      vertex 63.017 6.6892 5.2
      vertex 63.017 6.6892 0
    endloop
  endfacet
  facet normal 0.195136 0.980776 -0
    outer loop
      vertex 63.7129 5.00898 0
      vertex 63.5782 5.03578 5.2
      vertex 63.7129 5.00898 5.2
    endloop
  endfacet
  facet normal 0.195136 0.980776 0
    outer loop
      vertex 63.5782 5.03578 5.2
      vertex 63.7129 5.00898 0
      vertex 63.5782 5.03578 0
    endloop
  endfacet
  facet normal 0.980779 -0.195122 0
    outer loop
      vertex 62.809 6.18705 5.2
      vertex 62.8358 6.32176 0
      vertex 62.8358 6.32176 5.2
    endloop
  endfacet
  facet normal 0.980779 -0.195122 0
    outer loop
      vertex 62.8358 6.32176 0
      vertex 62.809 6.18705 5.2
      vertex 62.809 6.18705 0
    endloop
  endfacet
  facet normal -0.195136 0.980776 0
    outer loop
      vertex 64.1218 5.03578 0
      vertex 63.9871 5.00898 5.2
      vertex 64.1218 5.03578 5.2
    endloop
  endfacet
  facet normal -0.195136 0.980776 0
    outer loop
      vertex 63.9871 5.00898 5.2
      vertex 64.1218 5.03578 0
      vertex 63.9871 5.00898 0
    endloop
  endfacet
  facet normal -0.55559 -0.831456 0
    outer loop
      vertex 64.375 6.95933 0
      vertex 64.4892 6.88302 2
      vertex 64.375 6.95933 2
    endloop
  endfacet
  facet normal -0.55559 -0.831456 -0
    outer loop
      vertex 64.4892 6.88302 2
      vertex 64.375 6.95933 0
      vertex 64.4892 6.88302 0
    endloop
  endfacet
  facet normal -0.195136 -0.980776 0
    outer loop
      vertex 63.9871 7.09102 0
      vertex 64.1218 7.06422 5.2
      vertex 63.9871 7.09102 5.2
    endloop
  endfacet
  facet normal -0.195136 -0.980776 -0
    outer loop
      vertex 64.1218 7.06422 5.2
      vertex 63.9871 7.09102 0
      vertex 64.1218 7.06422 0
    endloop
  endfacet
  facet normal 0.442238 -0.896898 0
    outer loop
      vertex 63.325 6.95933 2
      vertex 63.325 6.95933 0
      vertex 63.3871 6.98995 2
    endloop
  endfacet
  facet normal 0.442157 -0.896938 0
    outer loop
      vertex 63.3871 6.98995 2
      vertex 63.4482 7.02007 5.2
      vertex 63.3871 6.98995 5.2
    endloop
  endfacet
  facet normal 0.442157 -0.896938 0
    outer loop
      vertex 63.3871 6.98995 2
      vertex 63.4482 7.02007 0
      vertex 63.4482 7.02007 5.2
    endloop
  endfacet
  facet normal 0.442198 -0.896918 1.56524e-06
    outer loop
      vertex 63.4482 7.02007 0
      vertex 63.3871 6.98995 2
      vertex 63.325 6.95933 0
    endloop
  endfacet
  facet normal -0.752044 0.659113 0
    outer loop
      vertex 64.5925 5.30754 0
      vertex 64.683 5.4108 5.2
      vertex 64.683 5.4108 0
    endloop
  endfacet
  facet normal -0.752044 0.659113 0
    outer loop
      vertex 64.683 5.4108 5.2
      vertex 64.5925 5.30754 0
      vertex 64.5925 5.30754 5.2
    endloop
  endfacet
  facet normal 0.555679 -0.831397 0
    outer loop
      vertex 63.2108 6.88302 5.2
      vertex 63.2794 6.92887 2
      vertex 63.2794 6.92887 5.2
    endloop
  endfacet
  facet normal 0.555679 -0.831397 0
    outer loop
      vertex 63.2108 6.88302 0
      vertex 63.2794 6.92887 2
      vertex 63.2108 6.88302 5.2
    endloop
  endfacet
  facet normal 0.55559 -0.831456 4.38298e-06
    outer loop
      vertex 63.325 6.95933 0
      vertex 63.2794 6.92887 2
      vertex 63.2108 6.88302 0
    endloop
  endfacet
  facet normal 0.555457 -0.831545 0
    outer loop
      vertex 63.2794 6.92887 2
      vertex 63.325 6.95933 0
      vertex 63.325 6.95933 2
    endloop
  endfacet
  facet normal -0.831366 0.555726 0
    outer loop
      vertex 64.7593 5.525 0
      vertex 64.7543 5.51752 2
      vertex 64.7593 5.525 2
    endloop
  endfacet
  facet normal -0.83149 0.55554 -1.00478e-06
    outer loop
      vertex 64.683 5.4108 0
      vertex 64.7543 5.51752 2
      vertex 64.7593 5.525 0
    endloop
  endfacet
  facet normal -0.831498 0.555527 0
    outer loop
      vertex 64.683 5.4108 5.2
      vertex 64.7543 5.51752 2
      vertex 64.683 5.4108 0
    endloop
  endfacet
  facet normal -0.831498 0.555527 0
    outer loop
      vertex 64.7543 5.51752 2
      vertex 64.683 5.4108 5.2
      vertex 64.7543 5.51752 5.2
    endloop
  endfacet
  facet normal 0.83149 0.55554 0
    outer loop
      vertex 63.017 5.4108 5.2
      vertex 62.9407 5.525 0
      vertex 62.9407 5.525 5.2
    endloop
  endfacet
  facet normal 0.83149 0.55554 0
    outer loop
      vertex 62.9407 5.525 0
      vertex 63.017 5.4108 5.2
      vertex 63.017 5.4108 0
    endloop
  endfacet
  facet normal -0.0653596 -0.997862 0
    outer loop
      vertex 63.85 7.1 0
      vertex 63.9871 7.09102 5.2
      vertex 63.85 7.1 5.2
    endloop
  endfacet
  facet normal -0.0653596 -0.997862 -0
    outer loop
      vertex 63.9871 7.09102 5.2
      vertex 63.85 7.1 0
      vertex 63.9871 7.09102 0
    endloop
  endfacet
  facet normal -0.980779 0.195122 0
    outer loop
      vertex 64.8642 5.77824 0
      vertex 64.891 5.91295 5.2
      vertex 64.891 5.91295 0
    endloop
  endfacet
  facet normal -0.980779 0.195122 0
    outer loop
      vertex 64.891 5.91295 5.2
      vertex 64.8642 5.77824 0
      vertex 64.8642 5.77824 5.2
    endloop
  endfacet
  facet normal 0.94704 -0.321117 0
    outer loop
      vertex 62.8358 6.32176 5.2
      vertex 62.8799 6.45182 0
      vertex 62.8799 6.45182 5.2
    endloop
  endfacet
  facet normal 0.94704 -0.321117 0
    outer loop
      vertex 62.8799 6.45182 0
      vertex 62.8358 6.32176 5.2
      vertex 62.8358 6.32176 0
    endloop
  endfacet
  facet normal -0.442198 -0.896918 0
    outer loop
      vertex 64.2518 7.02007 0
      vertex 64.375 6.95933 2
      vertex 64.2518 7.02007 2
    endloop
  endfacet
  facet normal -0.442198 -0.896918 -0
    outer loop
      vertex 64.375 6.95933 2
      vertex 64.2518 7.02007 0
      vertex 64.375 6.95933 0
    endloop
  endfacet
  facet normal -0.997851 0.0655283 0
    outer loop
      vertex 64.891 5.91295 0
      vertex 64.9 6.05 5.2
      vertex 64.9 6.05 0
    endloop
  endfacet
  facet normal -0.997851 0.0655283 0
    outer loop
      vertex 64.9 6.05 5.2
      vertex 64.891 5.91295 0
      vertex 64.891 5.91295 5.2
    endloop
  endfacet
  facet normal 0.94704 0.321117 0
    outer loop
      vertex 62.8799 5.64818 5.2
      vertex 62.8358 5.77824 0
      vertex 62.8358 5.77824 5.2
    endloop
  endfacet
  facet normal 0.94704 0.321117 0
    outer loop
      vertex 62.8358 5.77824 0
      vertex 62.8799 5.64818 5.2
      vertex 62.8799 5.64818 0
    endloop
  endfacet
  facet normal 0.83149 -0.55554 0
    outer loop
      vertex 62.9407 6.575 5.2
      vertex 63.017 6.6892 0
      vertex 63.017 6.6892 5.2
    endloop
  endfacet
  facet normal 0.83149 -0.55554 0
    outer loop
      vertex 63.017 6.6892 0
      vertex 62.9407 6.575 5.2
      vertex 62.9407 6.575 0
    endloop
  endfacet
  facet normal 0.752044 0.659113 0
    outer loop
      vertex 63.1075 5.30754 5.2
      vertex 63.017 5.4108 0
      vertex 63.017 5.4108 5.2
    endloop
  endfacet
  facet normal 0.752044 0.659113 0
    outer loop
      vertex 63.017 5.4108 0
      vertex 63.1075 5.30754 5.2
      vertex 63.1075 5.30754 0
    endloop
  endfacet
  facet normal -0.442198 0.896918 0
    outer loop
      vertex 64.375 5.14067 0
      vertex 64.2518 5.07993 5.2
      vertex 64.375 5.14067 5.2
    endloop
  endfacet
  facet normal -0.442198 0.896918 0
    outer loop
      vertex 64.2518 5.07993 5.2
      vertex 64.375 5.14067 0
      vertex 64.2518 5.07993 0
    endloop
  endfacet
  facet normal -0.321576 -0.946884 0
    outer loop
      vertex 64.1218 7.06422 0
      vertex 64.2518 7.02007 2
      vertex 64.1218 7.06422 2
    endloop
  endfacet
  facet normal -0.321576 -0.946884 -0
    outer loop
      vertex 64.2518 7.02007 2
      vertex 64.1218 7.06422 0
      vertex 64.2518 7.02007 0
    endloop
  endfacet
  facet normal 0 0 0
    outer loop
      vertex 64.1218 7.06422 0
      vertex 64.1218 7.06422 2
      vertex 64.1218 7.06422 5.2
    endloop
  endfacet
  facet normal 0.659215 0.751954 -0
    outer loop
      vertex 63.2108 5.21698 0
      vertex 63.1075 5.30754 5.2
      vertex 63.2108 5.21698 5.2
    endloop
  endfacet
  facet normal 0.659215 0.751954 0
    outer loop
      vertex 63.1075 5.30754 5.2
      vertex 63.2108 5.21698 0
      vertex 63.1075 5.30754 0
    endloop
  endfacet
  facet normal 0.659215 -0.751954 0
    outer loop
      vertex 63.1075 6.79246 0
      vertex 63.2108 6.88302 5.2
      vertex 63.1075 6.79246 5.2
    endloop
  endfacet
  facet normal 0.659215 -0.751954 0
    outer loop
      vertex 63.2108 6.88302 5.2
      vertex 63.1075 6.79246 0
      vertex 63.2108 6.88302 0
    endloop
  endfacet
  facet normal 0.0653596 -0.997862 0
    outer loop
      vertex 63.7129 7.09102 0
      vertex 63.85 7.1 5.2
      vertex 63.7129 7.09102 5.2
    endloop
  endfacet
  facet normal 0.0653596 -0.997862 0
    outer loop
      vertex 63.85 7.1 5.2
      vertex 63.7129 7.09102 0
      vertex 63.85 7.1 0
    endloop
  endfacet
  facet normal 0.321576 0.946884 -0
    outer loop
      vertex 63.5782 5.03578 0
      vertex 63.4482 5.07993 5.2
      vertex 63.5782 5.03578 5.2
    endloop
  endfacet
  facet normal 0.321576 0.946884 0
    outer loop
      vertex 63.4482 5.07993 5.2
      vertex 63.5782 5.03578 0
      vertex 63.4482 5.07993 0
    endloop
  endfacet
  facet normal -0.0653596 0.997862 0
    outer loop
      vertex 63.9871 5.00898 0
      vertex 63.85 5 5.2
      vertex 63.9871 5.00898 5.2
    endloop
  endfacet
  facet normal -0.0653596 0.997862 0
    outer loop
      vertex 63.85 5 5.2
      vertex 63.9871 5.00898 0
      vertex 63.85 5 0
    endloop
  endfacet
  facet normal -0.896742 0.442553 0
    outer loop
      vertex 64.8201 5.64818 0
      vertex 64.7718 5.55031 2
      vertex 64.8201 5.64818 5.2
    endloop
  endfacet
  facet normal -0.896716 0.442607 3.28315e-06
    outer loop
      vertex 64.7593 5.525 0
      vertex 64.7718 5.55031 2
      vertex 64.8201 5.64818 0
    endloop
  endfacet
  facet normal -0.896613 0.442815 0
    outer loop
      vertex 64.7718 5.55031 2
      vertex 64.7593 5.525 0
      vertex 64.7593 5.525 2
    endloop
  endfacet
  facet normal -0.896742 0.442553 0
    outer loop
      vertex 64.8201 5.64818 5.2
      vertex 64.7718 5.55031 2
      vertex 64.7718 5.55031 5.2
    endloop
  endfacet
  facet normal 0.896716 -0.442607 0
    outer loop
      vertex 62.8799 6.45182 5.2
      vertex 62.9407 6.575 0
      vertex 62.9407 6.575 5.2
    endloop
  endfacet
  facet normal 0.896716 -0.442607 0
    outer loop
      vertex 62.9407 6.575 0
      vertex 62.8799 6.45182 5.2
      vertex 62.8799 6.45182 0
    endloop
  endfacet
  facet normal 0.896716 0.442607 0
    outer loop
      vertex 62.9407 5.525 5.2
      vertex 62.8799 5.64818 0
      vertex 62.8799 5.64818 5.2
    endloop
  endfacet
  facet normal 0.896716 0.442607 0
    outer loop
      vertex 62.8799 5.64818 0
      vertex 62.9407 5.525 5.2
      vertex 62.9407 5.525 0
    endloop
  endfacet
  facet normal 0.442198 0.896918 -0
    outer loop
      vertex 63.4482 5.07993 0
      vertex 63.325 5.14067 5.2
      vertex 63.4482 5.07993 5.2
    endloop
  endfacet
  facet normal 0.442198 0.896918 0
    outer loop
      vertex 63.325 5.14067 5.2
      vertex 63.4482 5.07993 0
      vertex 63.325 5.14067 0
    endloop
  endfacet
  facet normal -0.980776 -0.195136 0
    outer loop
      vertex 64.891 29.0871 0
      vertex 64.8642 29.2218 5.2
      vertex 64.8642 29.2218 0
    endloop
  endfacet
  facet normal -0.980776 -0.195136 0
    outer loop
      vertex 64.8642 29.2218 5.2
      vertex 64.891 29.0871 0
      vertex 64.891 29.0871 5.2
    endloop
  endfacet
  facet normal -0.997852 -0.0655045 0
    outer loop
      vertex 64.9 28.95 0
      vertex 64.891 29.0871 5.2
      vertex 64.891 29.0871 0
    endloop
  endfacet
  facet normal -0.997852 -0.0655045 0
    outer loop
      vertex 64.891 29.0871 5.2
      vertex 64.9 28.95 0
      vertex 64.9 28.95 5.2
    endloop
  endfacet
  facet normal -0.946995 -0.32125 0
    outer loop
      vertex 64.8642 29.2218 0
      vertex 64.8201 29.3518 5.2
      vertex 64.8201 29.3518 0
    endloop
  endfacet
  facet normal -0.946995 -0.32125 0
    outer loop
      vertex 64.8201 29.3518 5.2
      vertex 64.8642 29.2218 0
      vertex 64.8642 29.2218 5.2
    endloop
  endfacet
  facet normal 0.980776 -0.195136 0
    outer loop
      vertex 62.809 29.0871 5.2
      vertex 62.8358 29.2218 0
      vertex 62.8358 29.2218 5.2
    endloop
  endfacet
  facet normal 0.980776 -0.195136 0
    outer loop
      vertex 62.8358 29.2218 0
      vertex 62.809 29.0871 5.2
      vertex 62.809 29.0871 0
    endloop
  endfacet
  facet normal 0.980776 0.195136 0
    outer loop
      vertex 62.8358 28.6782 5.2
      vertex 62.809 28.8129 0
      vertex 62.809 28.8129 5.2
    endloop
  endfacet
  facet normal 0.980776 0.195136 0
    outer loop
      vertex 62.809 28.8129 0
      vertex 62.8358 28.6782 5.2
      vertex 62.8358 28.6782 0
    endloop
  endfacet
  facet normal -0.658968 0.752171 0
    outer loop
      vertex 64.5925 28.2075 0
      vertex 64.4892 28.117 5.2
      vertex 64.5925 28.2075 5.2
    endloop
  endfacet
  facet normal -0.658968 0.752171 0
    outer loop
      vertex 64.4892 28.117 5.2
      vertex 64.5925 28.2075 0
      vertex 64.4892 28.117 0
    endloop
  endfacet
  facet normal -0.752171 0.658968 0
    outer loop
      vertex 64.5925 28.2075 0
      vertex 64.683 28.3108 5.2
      vertex 64.683 28.3108 0
    endloop
  endfacet
  facet normal -0.752171 0.658968 0
    outer loop
      vertex 64.683 28.3108 5.2
      vertex 64.5925 28.2075 0
      vertex 64.5925 28.2075 5.2
    endloop
  endfacet
  facet normal -0.32125 0.946995 0
    outer loop
      vertex 64.2518 27.9799 0
      vertex 64.1218 27.9358 5.2
      vertex 64.2518 27.9799 5.2
    endloop
  endfacet
  facet normal -0.32125 0.946995 0
    outer loop
      vertex 64.1218 27.9358 5.2
      vertex 64.2518 27.9799 0
      vertex 64.1218 27.9358 0
    endloop
  endfacet
  facet normal 0.55554 -0.83149 0
    outer loop
      vertex 63.2108 29.783 0
      vertex 63.325 29.8593 5.2
      vertex 63.2108 29.783 5.2
    endloop
  endfacet
  facet normal 0.55554 -0.83149 0
    outer loop
      vertex 63.325 29.8593 5.2
      vertex 63.2108 29.783 0
      vertex 63.325 29.8593 0
    endloop
  endfacet
  facet normal -0.997852 0.0655045 0
    outer loop
      vertex 64.891 28.8129 0
      vertex 64.9 28.95 5.2
      vertex 64.9 28.95 0
    endloop
  endfacet
  facet normal -0.997852 0.0655045 0
    outer loop
      vertex 64.9 28.95 5.2
      vertex 64.891 28.8129 0
      vertex 64.891 28.8129 5.2
    endloop
  endfacet
  facet normal -0.946995 0.32125 0
    outer loop
      vertex 64.8201 28.5482 0
      vertex 64.8642 28.6782 5.2
      vertex 64.8642 28.6782 0
    endloop
  endfacet
  facet normal -0.946995 0.32125 0
    outer loop
      vertex 64.8642 28.6782 5.2
      vertex 64.8201 28.5482 0
      vertex 64.8201 28.5482 5.2
    endloop
  endfacet
  facet normal 0.896744 0.442549 0
    outer loop
      vertex 62.9407 28.425 5.2
      vertex 62.8799 28.5482 0
      vertex 62.8799 28.5482 5.2
    endloop
  endfacet
  facet normal 0.896744 0.442549 0
    outer loop
      vertex 62.8799 28.5482 0
      vertex 62.9407 28.425 5.2
      vertex 62.9407 28.425 0
    endloop
  endfacet
  facet normal -0.752171 -0.658968 0
    outer loop
      vertex 64.683 29.5892 0
      vertex 64.5925 29.6925 5.2
      vertex 64.5925 29.6925 0
    endloop
  endfacet
  facet normal -0.752171 -0.658968 0
    outer loop
      vertex 64.5925 29.6925 5.2
      vertex 64.683 29.5892 0
      vertex 64.683 29.5892 5.2
    endloop
  endfacet
  facet normal 0.83149 -0.55554 0
    outer loop
      vertex 62.9407 29.475 5.2
      vertex 63.017 29.5892 0
      vertex 63.017 29.5892 5.2
    endloop
  endfacet
  facet normal 0.83149 -0.55554 0
    outer loop
      vertex 63.017 29.5892 0
      vertex 62.9407 29.475 5.2
      vertex 62.9407 29.475 0
    endloop
  endfacet
  facet normal -0.442549 -0.896744 0
    outer loop
      vertex 64.2518 29.9201 0
      vertex 64.375 29.8593 2
      vertex 64.2518 29.9201 2
    endloop
  endfacet
  facet normal -0.442549 -0.896744 -0
    outer loop
      vertex 64.375 29.8593 2
      vertex 64.2518 29.9201 0
      vertex 64.375 29.8593 0
    endloop
  endfacet
  facet normal 0 -0 0
    outer loop
      vertex 64.375 29.8593 2
      vertex 64.375 29.8593 0
      vertex 64.375 29.8593 5.2
    endloop
  endfacet
  facet normal -0.896763 0.442511 0
    outer loop
      vertex 64.8201 28.5482 0
      vertex 64.7598 28.426 2
      vertex 64.8201 28.5482 5.2
    endloop
  endfacet
  facet normal -0.896744 0.442549 2.91151e-06
    outer loop
      vertex 64.7593 28.425 0
      vertex 64.7598 28.426 2
      vertex 64.8201 28.5482 0
    endloop
  endfacet
  facet normal -0.894427 0.447214 0
    outer loop
      vertex 64.7598 28.426 2
      vertex 64.7593 28.425 0
      vertex 64.7593 28.425 2
    endloop
  endfacet
  facet normal 0 0 0
    outer loop
      vertex 64.7593 28.425 5.2
      vertex 64.7593 28.425 2
      vertex 64.7593 28.425 0
    endloop
  endfacet
  facet normal -0.896763 0.442511 0
    outer loop
      vertex 64.8201 28.5482 5.2
      vertex 64.7598 28.426 2
      vertex 64.7598 28.426 5.2
    endloop
  endfacet
  facet normal 0.658968 -0.752171 0
    outer loop
      vertex 63.1075 29.6925 0
      vertex 63.2108 29.783 5.2
      vertex 63.1075 29.6925 5.2
    endloop
  endfacet
  facet normal 0.658968 -0.752171 0
    outer loop
      vertex 63.2108 29.783 5.2
      vertex 63.1075 29.6925 0
      vertex 63.2108 29.783 0
    endloop
  endfacet
  facet normal 0.195136 -0.980776 0
    outer loop
      vertex 63.5782 29.9642 0
      vertex 63.7129 29.991 5.2
      vertex 63.5782 29.9642 5.2
    endloop
  endfacet
  facet normal 0.195136 -0.980776 0
    outer loop
      vertex 63.7129 29.991 5.2
      vertex 63.5782 29.9642 0
      vertex 63.7129 29.991 0
    endloop
  endfacet
  facet normal -0.831629 -0.555331 0
    outer loop
      vertex 64.683 29.5892 0
      vertex 64.7033 29.5588 2
      vertex 64.683 29.5892 5.2
    endloop
  endfacet
  facet normal -0.83149 -0.55554 -4.58703e-06
    outer loop
      vertex 64.7593 29.475 0
      vertex 64.7033 29.5588 2
      vertex 64.683 29.5892 0
    endloop
  endfacet
  facet normal -0.831439 -0.555616 0
    outer loop
      vertex 64.7033 29.5588 2
      vertex 64.7593 29.475 0
      vertex 64.7593 29.475 2
    endloop
  endfacet
  facet normal -0.831629 -0.555331 0
    outer loop
      vertex 64.683 29.5892 5.2
      vertex 64.7033 29.5588 2
      vertex 64.7033 29.5588 5.2
    endloop
  endfacet
  facet normal 0.442549 0.896744 -0
    outer loop
      vertex 63.4482 27.9799 0
      vertex 63.325 28.0407 5.2
      vertex 63.4482 27.9799 5.2
    endloop
  endfacet
  facet normal 0.442549 0.896744 0
    outer loop
      vertex 63.325 28.0407 5.2
      vertex 63.4482 27.9799 0
      vertex 63.325 28.0407 0
    endloop
  endfacet
  facet normal -0.896707 -0.442625 0
    outer loop
      vertex 64.7593 29.475 0
      vertex 64.8018 29.3889 2
      vertex 64.7593 29.475 2
    endloop
  endfacet
  facet normal -0.896744 -0.442549 4.07611e-06
    outer loop
      vertex 64.8201 29.3518 0
      vertex 64.8018 29.3889 2
      vertex 64.7593 29.475 0
    endloop
  endfacet
  facet normal -0.896831 -0.442372 -0
    outer loop
      vertex 64.8201 29.3518 5.2
      vertex 64.8018 29.3889 2
      vertex 64.8201 29.3518 0
    endloop
  endfacet
  facet normal -0.896831 -0.442372 0
    outer loop
      vertex 64.8018 29.3889 2
      vertex 64.8201 29.3518 5.2
      vertex 64.8018 29.3889 5.2
    endloop
  endfacet
  facet normal -0.55554 0.83149 0
    outer loop
      vertex 64.4892 28.117 0
      vertex 64.375 28.0407 5.2
      vertex 64.4892 28.117 5.2
    endloop
  endfacet
  facet normal -0.55554 0.83149 0
    outer loop
      vertex 64.375 28.0407 5.2
      vertex 64.4892 28.117 0
      vertex 64.375 28.0407 0
    endloop
  endfacet
  facet normal -0.195136 0.980776 0
    outer loop
      vertex 64.1218 27.9358 0
      vertex 63.9871 27.909 5.2
      vertex 64.1218 27.9358 5.2
    endloop
  endfacet
  facet normal -0.195136 0.980776 0
    outer loop
      vertex 63.9871 27.909 5.2
      vertex 64.1218 27.9358 0
      vertex 63.9871 27.909 0
    endloop
  endfacet
  facet normal -0.55554 -0.83149 0
    outer loop
      vertex 64.375 29.8593 0
      vertex 64.4892 29.783 5.2
      vertex 64.375 29.8593 5.2
    endloop
  endfacet
  facet normal -0.55554 -0.83149 -0
    outer loop
      vertex 64.4892 29.783 5.2
      vertex 64.375 29.8593 0
      vertex 64.4892 29.783 0
    endloop
  endfacet
  facet normal 0.752171 -0.658968 0
    outer loop
      vertex 63.017 29.5892 5.2
      vertex 63.1075 29.6925 0
      vertex 63.1075 29.6925 5.2
    endloop
  endfacet
  facet normal 0.752171 -0.658968 0
    outer loop
      vertex 63.1075 29.6925 0
      vertex 63.017 29.5892 5.2
      vertex 63.017 29.5892 0
    endloop
  endfacet
  facet normal 0.55554 0.83149 -0
    outer loop
      vertex 63.325 28.0407 0
      vertex 63.2108 28.117 5.2
      vertex 63.325 28.0407 5.2
    endloop
  endfacet
  facet normal 0.55554 0.83149 0
    outer loop
      vertex 63.2108 28.117 5.2
      vertex 63.325 28.0407 0
      vertex 63.2108 28.117 0
    endloop
  endfacet
  facet normal 0.896744 -0.442549 0
    outer loop
      vertex 62.8799 29.3518 5.2
      vertex 62.9407 29.475 0
      vertex 62.9407 29.475 5.2
    endloop
  endfacet
  facet normal 0.896744 -0.442549 0
    outer loop
      vertex 62.9407 29.475 0
      vertex 62.8799 29.3518 5.2
      vertex 62.8799 29.3518 0
    endloop
  endfacet
  facet normal 0.997852 -0.0655045 0
    outer loop
      vertex 62.8 28.95 5.2
      vertex 62.809 29.0871 0
      vertex 62.809 29.0871 5.2
    endloop
  endfacet
  facet normal 0.997852 -0.0655045 0
    outer loop
      vertex 62.809 29.0871 0
      vertex 62.8 28.95 5.2
      vertex 62.8 28.95 0
    endloop
  endfacet
  facet normal -0.980776 0.195136 0
    outer loop
      vertex 64.8642 28.6782 0
      vertex 64.891 28.8129 5.2
      vertex 64.891 28.8129 0
    endloop
  endfacet
  facet normal -0.980776 0.195136 0
    outer loop
      vertex 64.891 28.8129 5.2
      vertex 64.8642 28.6782 0
      vertex 64.8642 28.6782 5.2
    endloop
  endfacet
  facet normal -0.321355 -0.946959 0
    outer loop
      vertex 64.1218 29.9642 5.2
      vertex 64.1993 29.9379 2
      vertex 64.1993 29.9379 5.2
    endloop
  endfacet
  facet normal -0.321355 -0.946959 0
    outer loop
      vertex 64.1218 29.9642 0
      vertex 64.1993 29.9379 2
      vertex 64.1218 29.9642 5.2
    endloop
  endfacet
  facet normal -0.32125 -0.946995 -4.55286e-06
    outer loop
      vertex 64.2518 29.9201 0
      vertex 64.1993 29.9379 2
      vertex 64.1218 29.9642 0
    endloop
  endfacet
  facet normal -0.321094 -0.947047 0
    outer loop
      vertex 64.1993 29.9379 2
      vertex 64.2518 29.9201 0
      vertex 64.2518 29.9201 2
    endloop
  endfacet
  facet normal 0.32125 -0.946995 0
    outer loop
      vertex 63.4482 29.9201 0
      vertex 63.5782 29.9642 5.2
      vertex 63.4482 29.9201 5.2
    endloop
  endfacet
  facet normal 0.32125 -0.946995 0
    outer loop
      vertex 63.5782 29.9642 5.2
      vertex 63.4482 29.9201 0
      vertex 63.5782 29.9642 0
    endloop
  endfacet
  facet normal -0.658968 -0.752171 0
    outer loop
      vertex 64.4892 29.783 0
      vertex 64.5925 29.6925 5.2
      vertex 64.4892 29.783 5.2
    endloop
  endfacet
  facet normal -0.658968 -0.752171 -0
    outer loop
      vertex 64.5925 29.6925 5.2
      vertex 64.4892 29.783 0
      vertex 64.5925 29.6925 0
    endloop
  endfacet
  facet normal 0.946995 0.32125 0
    outer loop
      vertex 62.8799 28.5482 5.2
      vertex 62.8358 28.6782 0
      vertex 62.8358 28.6782 5.2
    endloop
  endfacet
  facet normal 0.946995 0.32125 0
    outer loop
      vertex 62.8358 28.6782 0
      vertex 62.8799 28.5482 5.2
      vertex 62.8799 28.5482 0
    endloop
  endfacet
  facet normal 0.752171 0.658968 0
    outer loop
      vertex 63.1075 28.2075 5.2
      vertex 63.017 28.3108 0
      vertex 63.017 28.3108 5.2
    endloop
  endfacet
  facet normal 0.752171 0.658968 0
    outer loop
      vertex 63.017 28.3108 0
      vertex 63.1075 28.2075 5.2
      vertex 63.1075 28.2075 0
    endloop
  endfacet
  facet normal -0.442549 0.896744 0
    outer loop
      vertex 64.375 28.0407 0
      vertex 64.2518 27.9799 5.2
      vertex 64.375 28.0407 5.2
    endloop
  endfacet
  facet normal -0.442549 0.896744 0
    outer loop
      vertex 64.2518 27.9799 5.2
      vertex 64.375 28.0407 0
      vertex 64.2518 27.9799 0
    endloop
  endfacet
  facet normal 0.0655045 0.997852 -0
    outer loop
      vertex 63.85 27.9 0
      vertex 63.7129 27.909 5.2
      vertex 63.85 27.9 5.2
    endloop
  endfacet
  facet normal 0.0655045 0.997852 0
    outer loop
      vertex 63.7129 27.909 5.2
      vertex 63.85 27.9 0
      vertex 63.7129 27.909 0
    endloop
  endfacet
  facet normal 0.946995 -0.32125 0
    outer loop
      vertex 62.8358 29.2218 5.2
      vertex 62.8799 29.3518 0
      vertex 62.8799 29.3518 5.2
    endloop
  endfacet
  facet normal 0.946995 -0.32125 0
    outer loop
      vertex 62.8799 29.3518 0
      vertex 62.8358 29.2218 5.2
      vertex 62.8358 29.2218 0
    endloop
  endfacet
  facet normal 0.195136 0.980776 -0
    outer loop
      vertex 63.7129 27.909 0
      vertex 63.5782 27.9358 5.2
      vertex 63.7129 27.909 5.2
    endloop
  endfacet
  facet normal 0.195136 0.980776 0
    outer loop
      vertex 63.5782 27.9358 5.2
      vertex 63.7129 27.909 0
      vertex 63.5782 27.9358 0
    endloop
  endfacet
  facet normal 0.658968 0.752171 -0
    outer loop
      vertex 63.2108 28.117 0
      vertex 63.1075 28.2075 5.2
      vertex 63.2108 28.117 5.2
    endloop
  endfacet
  facet normal 0.658968 0.752171 0
    outer loop
      vertex 63.1075 28.2075 5.2
      vertex 63.2108 28.117 0
      vertex 63.1075 28.2075 0
    endloop
  endfacet
  facet normal -0.83149 0.55554 0
    outer loop
      vertex 64.683 28.3108 0
      vertex 64.7593 28.425 5.2
      vertex 64.7593 28.425 0
    endloop
  endfacet
  facet normal -0.83149 0.55554 0
    outer loop
      vertex 64.7593 28.425 5.2
      vertex 64.683 28.3108 0
      vertex 64.683 28.3108 5.2
    endloop
  endfacet
  facet normal 0.0641533 -0.99794 0
    outer loop
      vertex 63.7129 29.991 2
      vertex 63.7129 29.991 0
      vertex 63.7269 29.9919 2
    endloop
  endfacet
  facet normal 0.0656582 -0.997842 0
    outer loop
      vertex 63.7269 29.9919 2
      vertex 63.85 30 5.2
      vertex 63.7269 29.9919 5.2
    endloop
  endfacet
  facet normal 0.0655045 -0.997852 -9.49816e-06
    outer loop
      vertex 63.85 30 0
      vertex 63.7269 29.9919 2
      vertex 63.7129 29.991 0
    endloop
  endfacet
  facet normal 0.0656582 -0.997842 0
    outer loop
      vertex 63.7269 29.9919 2
      vertex 63.85 30 0
      vertex 63.85 30 5.2
    endloop
  endfacet
  facet normal 0 0 0
    outer loop
      vertex 63.7129 29.991 0
      vertex 63.7129 29.991 2
      vertex 63.7129 29.991 5.2
    endloop
  endfacet
  facet normal 0.32125 0.946995 -0
    outer loop
      vertex 63.5782 27.9358 0
      vertex 63.4482 27.9799 5.2
      vertex 63.5782 27.9358 5.2
    endloop
  endfacet
  facet normal 0.32125 0.946995 0
    outer loop
      vertex 63.4482 27.9799 5.2
      vertex 63.5782 27.9358 0
      vertex 63.4482 27.9799 0
    endloop
  endfacet
  facet normal -0.0655045 0.997852 0
    outer loop
      vertex 63.9871 27.909 0
      vertex 63.85 27.9 5.2
      vertex 63.9871 27.909 5.2
    endloop
  endfacet
  facet normal -0.0655045 0.997852 0
    outer loop
      vertex 63.85 27.9 5.2
      vertex 63.9871 27.909 0
      vertex 63.85 27.9 0
    endloop
  endfacet
  facet normal 0.997852 0.0655045 0
    outer loop
      vertex 62.809 28.8129 5.2
      vertex 62.8 28.95 0
      vertex 62.8 28.95 5.2
    endloop
  endfacet
  facet normal 0.997852 0.0655045 0
    outer loop
      vertex 62.8 28.95 0
      vertex 62.809 28.8129 5.2
      vertex 62.809 28.8129 0
    endloop
  endfacet
  facet normal 0.83149 0.55554 0
    outer loop
      vertex 63.017 28.3108 5.2
      vertex 62.9407 28.425 0
      vertex 62.9407 28.425 5.2
    endloop
  endfacet
  facet normal 0.83149 0.55554 0
    outer loop
      vertex 62.9407 28.425 0
      vertex 63.017 28.3108 5.2
      vertex 63.017 28.3108 0
    endloop
  endfacet
  facet normal -0.194248 -0.980952 -0
    outer loop
      vertex 63.9871 29.991 2
      vertex 63.9871 29.991 0
      vertex 64.0073 29.987 2
    endloop
  endfacet
  facet normal -0.195292 -0.980745 0
    outer loop
      vertex 64.0073 29.987 2
      vertex 64.1218 29.9642 5.2
      vertex 64.0073 29.987 5.2
    endloop
  endfacet
  facet normal -0.195136 -0.980776 9.31992e-06
    outer loop
      vertex 64.1218 29.9642 0
      vertex 64.0073 29.987 2
      vertex 63.9871 29.991 0
    endloop
  endfacet
  facet normal -0.195292 -0.980745 0
    outer loop
      vertex 64.0073 29.987 2
      vertex 64.1218 29.9642 0
      vertex 64.1218 29.9642 5.2
    endloop
  endfacet
  facet normal -0.0652727 -0.997867 0
    outer loop
      vertex 63.85 30 5.2
      vertex 63.9616 29.9927 2
      vertex 63.9616 29.9927 5.2
    endloop
  endfacet
  facet normal -0.0652727 -0.997867 0
    outer loop
      vertex 63.85 30 0
      vertex 63.9616 29.9927 2
      vertex 63.85 30 5.2
    endloop
  endfacet
  facet normal -0.0655045 -0.997852 1.29917e-05
    outer loop
      vertex 63.9871 29.991 0
      vertex 63.9616 29.9927 2
      vertex 63.85 30 0
    endloop
  endfacet
  facet normal -0.066519 -0.997785 0
    outer loop
      vertex 63.9616 29.9927 2
      vertex 63.9871 29.991 0
      vertex 63.9871 29.991 2
    endloop
  endfacet
  facet normal 0.442549 -0.896744 0
    outer loop
      vertex 63.325 29.8593 0
      vertex 63.4482 29.9201 5.2
      vertex 63.325 29.8593 5.2
    endloop
  endfacet
  facet normal 0.442549 -0.896744 0
    outer loop
      vertex 63.4482 29.9201 5.2
      vertex 63.325 29.8593 0
      vertex 63.4482 29.9201 0
    endloop
  endfacet
  facet normal 0 0 -1
    outer loop
      vertex 67.9 10.35 5.8
      vertex 69.9 24.55 5.8
      vertex 69.9 10.35 5.8
    endloop
  endfacet
  facet normal -0 0 -1
    outer loop
      vertex 69.9 24.55 5.8
      vertex 67.9 10.35 5.8
      vertex 67.9 24.55 5.8
    endloop
  endfacet
  facet normal -0 0 1
    outer loop
      vertex 67.9 24.55 2.7
      vertex 69.9 10.35 2.7
      vertex 69.9 24.55 2.7
    endloop
  endfacet
  facet normal 0 0 1
    outer loop
      vertex 69.9 10.35 2.7
      vertex 67.9 24.55 2.7
      vertex 67.9 10.35 2.7
    endloop
  endfacet
  facet normal 0 -1 0
    outer loop
      vertex 67.9 24.55 2.7
      vertex 69.9 24.55 5.8
      vertex 67.9 24.55 5.8
    endloop
  endfacet
  facet normal 0 -1 -0
    outer loop
      vertex 69.9 24.55 5.8
      vertex 67.9 24.55 2.7
      vertex 69.9 24.55 2.7
    endloop
  endfacet
  facet normal 0 1 -0
    outer loop
      vertex 69.9 10.35 2.7
      vertex 67.9 10.35 5.8
      vertex 69.9 10.35 5.8
    endloop
  endfacet
  facet normal 0 1 0
    outer loop
      vertex 67.9 10.35 5.8
      vertex 69.9 10.35 2.7
      vertex 67.9 10.35 2.7
    endloop
  endfacet
  facet normal 0 0 -1
    outer loop
      vertex 0 8.03 9.6
      vertex 2 26.93 9.6
      vertex 2 8.03 9.6
    endloop
  endfacet
  facet normal -0 0 -1
    outer loop
      vertex 2 26.93 9.6
      vertex 0 8.03 9.6
      vertex 0 26.93 9.6
    endloop
  endfacet
  facet normal -0 0 1
    outer loop
      vertex 0 26.93 6
      vertex 2 8.03 6
      vertex 2 26.93 6
    endloop
  endfacet
  facet normal 0 0 1
    outer loop
      vertex 2 8.03 6
      vertex 0 26.93 6
      vertex 0 8.03 6
    endloop
  endfacet
  facet normal 0 -1 0
    outer loop
      vertex 0 26.93 6
      vertex 2 26.93 9.6
      vertex 0 26.93 9.6
    endloop
  endfacet
  facet normal 0 -1 -0
    outer loop
      vertex 2 26.93 9.6
      vertex 0 26.93 6
      vertex 2 26.93 6
    endloop
  endfacet
  facet normal 0 1 -0
    outer loop
      vertex 2 8.03 6
      vertex 0 8.03 9.6
      vertex 2 8.03 9.6
    endloop
  endfacet
  facet normal 0 1 0
    outer loop
      vertex 0 8.03 9.6
      vertex 2 8.03 6
      vertex 0 8.03 6
    endloop
  endfacet
  facet normal -0.980779 -0.195122 0
    outer loop
      vertex 26.372 4.9241 0
      vertex 26.3184 5.19352 2
      vertex 26.3184 5.19352 0
    endloop
  endfacet
  facet normal -0.980779 -0.195122 0
    outer loop
      vertex 26.3184 5.19352 2
      vertex 26.372 4.9241 0
      vertex 26.372 4.9241 2
    endloop
  endfacet
  facet normal -0.997851 -0.0655283 0
    outer loop
      vertex 26.39 4.65 0
      vertex 26.372 4.9241 2
      vertex 26.372 4.9241 0
    endloop
  endfacet
  facet normal -0.997851 -0.0655283 0
    outer loop
      vertex 26.372 4.9241 2
      vertex 26.39 4.65 0
      vertex 26.39 4.65 2
    endloop
  endfacet
  facet normal -0.946925 -0.321454 0
    outer loop
      vertex 26.3184 5.19352 0
      vertex 26.2301 5.45363 2
      vertex 26.2301 5.45363 0
    endloop
  endfacet
  facet normal -0.946925 -0.321454 0
    outer loop
      vertex 26.2301 5.45363 2
      vertex 26.3184 5.19352 0
      vertex 26.3184 5.19352 2
    endloop
  endfacet
  facet normal -0.195101 -0.980783 0
    outer loop
      vertex 24.5641 6.73203 0
      vertex 24.8335 6.67844 2
      vertex 24.5641 6.73203 2
    endloop
  endfacet
  facet normal -0.195101 -0.980783 -0
    outer loop
      vertex 24.8335 6.67844 2
      vertex 24.5641 6.73203 0
      vertex 24.8335 6.67844 0
    endloop
  endfacet
  facet normal 0.997851 0.0655259 0
    outer loop
      vertex 22.208 4.37589 2
      vertex 22.19 4.65 0
      vertex 22.19 4.65 2
    endloop
  endfacet
  facet normal 0.997851 0.0655259 0
    outer loop
      vertex 22.19 4.65 0
      vertex 22.208 4.37589 2
      vertex 22.208 4.37589 0
    endloop
  endfacet
  facet normal -0.980778 0.195129 0
    outer loop
      vertex 26.3184 4.10648 0
      vertex 26.372 4.37589 2
      vertex 26.372 4.37589 0
    endloop
  endfacet
  facet normal -0.980778 0.195129 0
    outer loop
      vertex 26.372 4.37589 2
      vertex 26.3184 4.10648 0
      vertex 26.3184 4.10648 2
    endloop
  endfacet
  facet normal -0.555565 -0.831473 0
    outer loop
      vertex 25.34 6.46865 0
      vertex 25.5684 6.31604 2
      vertex 25.34 6.46865 2
    endloop
  endfacet
  facet normal -0.555565 -0.831473 -0
    outer loop
      vertex 25.5684 6.31604 2
      vertex 25.34 6.46865 0
      vertex 25.5684 6.31604 0
    endloop
  endfacet
  facet normal -0.442256 -0.896889 0
    outer loop
      vertex 25.0936 6.59015 0
      vertex 25.34 6.46865 2
      vertex 25.0936 6.59015 2
    endloop
  endfacet
  facet normal -0.442256 -0.896889 -0
    outer loop
      vertex 25.34 6.46865 2
      vertex 25.0936 6.59015 0
      vertex 25.34 6.46865 0
    endloop
  endfacet
  facet normal -0.321433 0.946932 0
    outer loop
      vertex 25.0936 2.70985 0
      vertex 24.8335 2.62156 2
      vertex 25.0936 2.70985 2
    endloop
  endfacet
  facet normal -0.321433 0.946932 0
    outer loop
      vertex 24.8335 2.62156 2
      vertex 25.0936 2.70985 0
      vertex 24.8335 2.62156 0
    endloop
  endfacet
  facet normal 0.442256 0.896889 -0
    outer loop
      vertex 23.4864 2.70985 0
      vertex 23.24 2.83135 2
      vertex 23.4864 2.70985 2
    endloop
  endfacet
  facet normal 0.442256 0.896889 0
    outer loop
      vertex 23.24 2.83135 2
      vertex 23.4864 2.70985 0
      vertex 23.24 2.83135 0
    endloop
  endfacet
  facet normal -0.897012 -0.442007 0
    outer loop
      vertex 26.2301 5.45363 0
      vertex 26.1087 5.7 2
      vertex 26.1087 5.7 0
    endloop
  endfacet
  facet normal -0.897012 -0.442007 0
    outer loop
      vertex 26.1087 5.7 2
      vertex 26.2301 5.45363 0
      vertex 26.2301 5.45363 2
    endloop
  endfacet
  facet normal 0.659396 -0.751796 0
    outer loop
      vertex 22.8051 6.13492 0
      vertex 23.0116 6.31604 2
      vertex 22.8051 6.13492 2
    endloop
  endfacet
  facet normal 0.659396 -0.751796 0
    outer loop
      vertex 23.0116 6.31604 2
      vertex 22.8051 6.13492 0
      vertex 23.0116 6.31604 0
    endloop
  endfacet
  facet normal -0.831322 0.555792 0
    outer loop
      vertex 25.956 3.3716 0
      vertex 26.1087 3.6 2
      vertex 26.1087 3.6 0
    endloop
  endfacet
  facet normal -0.831322 0.555792 0
    outer loop
      vertex 26.1087 3.6 2
      vertex 25.956 3.3716 0
      vertex 25.956 3.3716 2
    endloop
  endfacet
  facet normal 0.946929 0.321443 0
    outer loop
      vertex 22.3499 3.84636 2
      vertex 22.2616 4.10648 0
      vertex 22.2616 4.10648 2
    endloop
  endfacet
  facet normal 0.946929 0.321443 0
    outer loop
      vertex 22.2616 4.10648 0
      vertex 22.3499 3.84636 2
      vertex 22.3499 3.84636 0
    endloop
  endfacet
  facet normal 0.831322 0.555792 0
    outer loop
      vertex 22.624 3.3716 2
      vertex 22.4713 3.6 0
      vertex 22.4713 3.6 2
    endloop
  endfacet
  facet normal 0.831322 0.555792 0
    outer loop
      vertex 22.4713 3.6 0
      vertex 22.624 3.3716 2
      vertex 22.624 3.3716 0
    endloop
  endfacet
  facet normal 0.195101 0.980783 -0
    outer loop
      vertex 24.0159 2.56797 0
      vertex 23.7465 2.62156 2
      vertex 24.0159 2.56797 2
    endloop
  endfacet
  facet normal 0.195101 0.980783 0
    outer loop
      vertex 23.7465 2.62156 2
      vertex 24.0159 2.56797 0
      vertex 23.7465 2.62156 0
    endloop
  endfacet
  facet normal -0.831322 -0.555792 0
    outer loop
      vertex 26.1087 5.7 0
      vertex 25.956 5.9284 2
      vertex 25.956 5.9284 0
    endloop
  endfacet
  facet normal -0.831322 -0.555792 0
    outer loop
      vertex 25.956 5.9284 2
      vertex 26.1087 5.7 0
      vertex 26.1087 5.7 2
    endloop
  endfacet
  facet normal -0.555565 0.831473 0
    outer loop
      vertex 25.5684 2.98396 0
      vertex 25.34 2.83135 2
      vertex 25.5684 2.98396 2
    endloop
  endfacet
  facet normal -0.555565 0.831473 0
    outer loop
      vertex 25.34 2.83135 2
      vertex 25.5684 2.98396 0
      vertex 25.34 2.83135 0
    endloop
  endfacet
  facet normal -0.321433 -0.946932 0
    outer loop
      vertex 24.8335 6.67844 0
      vertex 25.0936 6.59015 2
      vertex 24.8335 6.67844 2
    endloop
  endfacet
  facet normal -0.321433 -0.946932 -0
    outer loop
      vertex 25.0936 6.59015 2
      vertex 24.8335 6.67844 0
      vertex 25.0936 6.59015 0
    endloop
  endfacet
  facet normal 0.980778 0.195129 0
    outer loop
      vertex 22.2616 4.10648 2
      vertex 22.208 4.37589 0
      vertex 22.208 4.37589 2
    endloop
  endfacet
  facet normal 0.980778 0.195129 0
    outer loop
      vertex 22.208 4.37589 0
      vertex 22.2616 4.10648 2
      vertex 22.2616 4.10648 0
    endloop
  endfacet
  facet normal -0.751864 -0.659319 0
    outer loop
      vertex 25.956 5.9284 0
      vertex 25.7749 6.13492 2
      vertex 25.7749 6.13492 0
    endloop
  endfacet
  facet normal -0.751864 -0.659319 0
    outer loop
      vertex 25.7749 6.13492 2
      vertex 25.956 5.9284 0
      vertex 25.956 5.9284 2
    endloop
  endfacet
  facet normal -0.997851 0.0655259 0
    outer loop
      vertex 26.372 4.37589 0
      vertex 26.39 4.65 2
      vertex 26.39 4.65 0
    endloop
  endfacet
  facet normal -0.997851 0.0655259 0
    outer loop
      vertex 26.39 4.65 2
      vertex 26.372 4.37589 0
      vertex 26.372 4.37589 2
    endloop
  endfacet
  facet normal -0.659396 -0.751796 0
    outer loop
      vertex 25.5684 6.31604 0
      vertex 25.7749 6.13492 2
      vertex 25.5684 6.31604 2
    endloop
  endfacet
  facet normal -0.659396 -0.751796 -0
    outer loop
      vertex 25.7749 6.13492 2
      vertex 25.5684 6.31604 0
      vertex 25.7749 6.13492 0
    endloop
  endfacet
  facet normal 0.555565 -0.831473 0
    outer loop
      vertex 23.0116 6.31604 0
      vertex 23.24 6.46865 2
      vertex 23.0116 6.31604 2
    endloop
  endfacet
  facet normal 0.555565 -0.831473 0
    outer loop
      vertex 23.24 6.46865 2
      vertex 23.0116 6.31604 0
      vertex 23.24 6.46865 0
    endloop
  endfacet
  facet normal 0.555565 0.831473 -0
    outer loop
      vertex 23.24 2.83135 0
      vertex 23.0116 2.98396 2
      vertex 23.24 2.83135 2
    endloop
  endfacet
  facet normal 0.555565 0.831473 0
    outer loop
      vertex 23.0116 2.98396 2
      vertex 23.24 2.83135 0
      vertex 23.0116 2.98396 0
    endloop
  endfacet
  facet normal 0.321433 -0.946932 0
    outer loop
      vertex 23.4864 6.59015 0
      vertex 23.7465 6.67844 2
      vertex 23.4864 6.59015 2
    endloop
  endfacet
  facet normal 0.321433 -0.946932 0
    outer loop
      vertex 23.7465 6.67844 2
      vertex 23.4864 6.59015 0
      vertex 23.7465 6.67844 0
    endloop
  endfacet
  facet normal 0.751864 0.659319 0
    outer loop
      vertex 22.8051 3.16508 2
      vertex 22.624 3.3716 0
      vertex 22.624 3.3716 2
    endloop
  endfacet
  facet normal 0.751864 0.659319 0
    outer loop
      vertex 22.624 3.3716 0
      vertex 22.8051 3.16508 2
      vertex 22.8051 3.16508 0
    endloop
  endfacet
  facet normal -0.195101 0.980783 0
    outer loop
      vertex 24.8335 2.62156 0
      vertex 24.5641 2.56797 2
      vertex 24.8335 2.62156 2
    endloop
  endfacet
  facet normal -0.195101 0.980783 0
    outer loop
      vertex 24.5641 2.56797 2
      vertex 24.8335 2.62156 0
      vertex 24.5641 2.56797 0
    endloop
  endfacet
  facet normal -0.0654196 0.997858 0
    outer loop
      vertex 24.5641 2.56797 0
      vertex 24.29 2.55 2
      vertex 24.5641 2.56797 2
    endloop
  endfacet
  facet normal -0.0654196 0.997858 0
    outer loop
      vertex 24.29 2.55 2
      vertex 24.5641 2.56797 0
      vertex 24.29 2.55 0
    endloop
  endfacet
  facet normal 0.897005 0.442021 0
    outer loop
      vertex 22.4713 3.6 2
      vertex 22.3499 3.84636 0
      vertex 22.3499 3.84636 2
    endloop
  endfacet
  facet normal 0.897005 0.442021 0
    outer loop
      vertex 22.3499 3.84636 0
      vertex 22.4713 3.6 2
      vertex 22.4713 3.6 0
    endloop
  endfacet
  facet normal 0.997851 -0.0655283 0
    outer loop
      vertex 22.19 4.65 2
      vertex 22.208 4.9241 0
      vertex 22.208 4.9241 2
    endloop
  endfacet
  facet normal 0.997851 -0.0655283 0
    outer loop
      vertex 22.208 4.9241 0
      vertex 22.19 4.65 2
      vertex 22.19 4.65 0
    endloop
  endfacet
  facet normal -0.897005 0.442021 0
    outer loop
      vertex 26.1087 3.6 0
      vertex 26.2301 3.84636 2
      vertex 26.2301 3.84636 0
    endloop
  endfacet
  facet normal -0.897005 0.442021 0
    outer loop
      vertex 26.2301 3.84636 2
      vertex 26.1087 3.6 0
      vertex 26.1087 3.6 2
    endloop
  endfacet
  facet normal 0.442256 -0.896889 0
    outer loop
      vertex 23.24 6.46865 0
      vertex 23.4864 6.59015 2
      vertex 23.24 6.46865 2
    endloop
  endfacet
  facet normal 0.442256 -0.896889 0
    outer loop
      vertex 23.4864 6.59015 2
      vertex 23.24 6.46865 0
      vertex 23.4864 6.59015 0
    endloop
  endfacet
  facet normal 0.751864 -0.659319 0
    outer loop
      vertex 22.624 5.9284 2
      vertex 22.8051 6.13492 0
      vertex 22.8051 6.13492 2
    endloop
  endfacet
  facet normal 0.751864 -0.659319 0
    outer loop
      vertex 22.8051 6.13492 0
      vertex 22.624 5.9284 2
      vertex 22.624 5.9284 0
    endloop
  endfacet
  facet normal 0.659396 0.751796 -0
    outer loop
      vertex 23.0116 2.98396 0
      vertex 22.8051 3.16508 2
      vertex 23.0116 2.98396 2
    endloop
  endfacet
  facet normal 0.659396 0.751796 0
    outer loop
      vertex 22.8051 3.16508 2
      vertex 23.0116 2.98396 0
      vertex 22.8051 3.16508 0
    endloop
  endfacet
  facet normal -0.0654196 -0.997858 0
    outer loop
      vertex 24.29 6.75 0
      vertex 24.5641 6.73203 2
      vertex 24.29 6.75 2
    endloop
  endfacet
  facet normal -0.0654196 -0.997858 -0
    outer loop
      vertex 24.5641 6.73203 2
      vertex 24.29 6.75 0
      vertex 24.5641 6.73203 0
    endloop
  endfacet
  facet normal 0.0654196 -0.997858 0
    outer loop
      vertex 24.0159 6.73203 0
      vertex 24.29 6.75 2
      vertex 24.0159 6.73203 2
    endloop
  endfacet
  facet normal 0.0654196 -0.997858 0
    outer loop
      vertex 24.29 6.75 2
      vertex 24.0159 6.73203 0
      vertex 24.29 6.75 0
    endloop
  endfacet
  facet normal -0.442256 0.896889 0
    outer loop
      vertex 25.34 2.83135 0
      vertex 25.0936 2.70985 2
      vertex 25.34 2.83135 2
    endloop
  endfacet
  facet normal -0.442256 0.896889 0
    outer loop
      vertex 25.0936 2.70985 2
      vertex 25.34 2.83135 0
      vertex 25.0936 2.70985 0
    endloop
  endfacet
  facet normal 0.195101 -0.980783 0
    outer loop
      vertex 23.7465 6.67844 0
      vertex 24.0159 6.73203 2
      vertex 23.7465 6.67844 2
    endloop
  endfacet
  facet normal 0.195101 -0.980783 0
    outer loop
      vertex 24.0159 6.73203 2
      vertex 23.7465 6.67844 0
      vertex 24.0159 6.73203 0
    endloop
  endfacet
  facet normal 0.321433 0.946932 -0
    outer loop
      vertex 23.7465 2.62156 0
      vertex 23.4864 2.70985 2
      vertex 23.7465 2.62156 2
    endloop
  endfacet
  facet normal 0.321433 0.946932 0
    outer loop
      vertex 23.4864 2.70985 2
      vertex 23.7465 2.62156 0
      vertex 23.4864 2.70985 0
    endloop
  endfacet
  facet normal -0.946929 0.321443 0
    outer loop
      vertex 26.2301 3.84636 0
      vertex 26.3184 4.10648 2
      vertex 26.3184 4.10648 0
    endloop
  endfacet
  facet normal -0.946929 0.321443 0
    outer loop
      vertex 26.3184 4.10648 2
      vertex 26.2301 3.84636 0
      vertex 26.2301 3.84636 2
    endloop
  endfacet
  facet normal 0.980779 -0.195122 0
    outer loop
      vertex 22.208 4.9241 2
      vertex 22.2616 5.19352 0
      vertex 22.2616 5.19352 2
    endloop
  endfacet
  facet normal 0.980779 -0.195122 0
    outer loop
      vertex 22.2616 5.19352 0
      vertex 22.208 4.9241 2
      vertex 22.208 4.9241 0
    endloop
  endfacet
  facet normal 0.946925 -0.321454 0
    outer loop
      vertex 22.2616 5.19352 2
      vertex 22.3499 5.45363 0
      vertex 22.3499 5.45363 2
    endloop
  endfacet
  facet normal 0.946925 -0.321454 0
    outer loop
      vertex 22.3499 5.45363 0
      vertex 22.2616 5.19352 2
      vertex 22.2616 5.19352 0
    endloop
  endfacet
  facet normal 0.831322 -0.555792 0
    outer loop
      vertex 22.4713 5.7 2
      vertex 22.624 5.9284 0
      vertex 22.624 5.9284 2
    endloop
  endfacet
  facet normal 0.831322 -0.555792 0
    outer loop
      vertex 22.624 5.9284 0
      vertex 22.4713 5.7 2
      vertex 22.4713 5.7 0
    endloop
  endfacet
  facet normal 0.897012 -0.442007 0
    outer loop
      vertex 22.3499 5.45363 2
      vertex 22.4713 5.7 0
      vertex 22.4713 5.7 2
    endloop
  endfacet
  facet normal 0.897012 -0.442007 0
    outer loop
      vertex 22.4713 5.7 0
      vertex 22.3499 5.45363 2
      vertex 22.3499 5.45363 0
    endloop
  endfacet
  facet normal 0.0654196 0.997858 -0
    outer loop
      vertex 24.29 2.55 0
      vertex 24.0159 2.56797 2
      vertex 24.29 2.55 2
    endloop
  endfacet
  facet normal 0.0654196 0.997858 0
    outer loop
      vertex 24.0159 2.56797 2
      vertex 24.29 2.55 0
      vertex 24.0159 2.56797 0
    endloop
  endfacet
  facet normal -0.659396 0.751796 0
    outer loop
      vertex 25.7749 3.16508 0
      vertex 25.5684 2.98396 2
      vertex 25.7749 3.16508 2
    endloop
  endfacet
  facet normal -0.659396 0.751796 0
    outer loop
      vertex 25.5684 2.98396 2
      vertex 25.7749 3.16508 0
      vertex 25.5684 2.98396 0
    endloop
  endfacet
  facet normal -0.751864 0.659319 0
    outer loop
      vertex 25.7749 3.16508 0
      vertex 25.956 3.3716 2
      vertex 25.956 3.3716 0
    endloop
  endfacet
  facet normal -0.751864 0.659319 0
    outer loop
      vertex 25.956 3.3716 2
      vertex 25.7749 3.16508 0
      vertex 25.7749 3.16508 2
    endloop
  endfacet
  facet normal -1 0 0
    outer loop
      vertex 61.1 32.9 7.4
      vertex 61.1 34.9 15.2
      vertex 61.1 34.9 7.4
    endloop
  endfacet
  facet normal -1 -0 0
    outer loop
      vertex 61.1 34.9 15.2
      vertex 61.1 32.9 7.4
      vertex 61.1 32.9 15.2
    endloop
  endfacet
  facet normal -0 0 1
    outer loop
      vertex 8.7 34.9 7.4
      vertex 61.1 32.9 7.4
      vertex 61.1 34.9 7.4
    endloop
  endfacet
  facet normal 0 0 1
    outer loop
      vertex 61.1 32.9 7.4
      vertex 8.7 34.9 7.4
      vertex 8.7 32.9 7.4
    endloop
  endfacet
  facet normal 1 -0 0
    outer loop
      vertex 8.7 32.9 15.2
      vertex 8.7 34.9 7.4
      vertex 8.7 34.9 15.2
    endloop
  endfacet
  facet normal 1 0 0
    outer loop
      vertex 8.7 34.9 7.4
      vertex 8.7 32.9 15.2
      vertex 8.7 32.9 7.4
    endloop
  endfacet
endsolid OpenSCAD_Model
