solid OpenSCAD_Model
  facet normal 0.896887 -0.44226 0
    outer loop
      vertex 69.3641 2 15.2
      vertex 69.5955 2.46927 0
      vertex 69.5955 2.46927 15.2
    endloop
  endfacet
  facet normal 0.896887 -0.44226 0
    outer loop
      vertex 69.5955 2.46927 0
      vertex 69.3641 2 15.2
      vertex 69.3641 2 0
    endloop
  endfacet
  facet normal 0 1 0
    outer loop
      vertex 65.9 34.9 15.2
      vertex 61.1 34.9 7.4
      vertex 61.1 34.9 15.2
    endloop
  endfacet
  facet normal 0 1 0
    outer loop
      vertex 61.1 34.9 7.4
      vertex 65.9 34.9 0
      vertex 8.7 34.9 7.4
    endloop
  endfacet
  facet normal 0 1 -0
    outer loop
      vertex 65.9 34.9 0
      vertex 61.1 34.9 7.4
      vertex 65.9 34.9 15.2
    endloop
  endfacet
  facet normal 0 1 -0
    outer loop
      vertex 8.7 34.9 7.4
      vertex 4 34.9 15.2
      vertex 8.7 34.9 15.2
    endloop
  endfacet
  facet normal 0 1 0
    outer loop
      vertex 8.7 34.9 7.4
      vertex 4 34.9 0
      vertex 4 34.9 15.2
    endloop
  endfacet
  facet normal 0 1 0
    outer loop
      vertex 4 34.9 0
      vertex 8.7 34.9 7.4
      vertex 65.9 34.9 0
    endloop
  endfacet
  facet normal 0.19508 -0.980787 0
    outer loop
      vertex 66.4221 0.0342197 0
      vertex 66.9353 0.136296 15.2
      vertex 66.4221 0.0342197 15.2
    endloop
  endfacet
  facet normal 0.19508 -0.980787 0
    outer loop
      vertex 66.9353 0.136296 15.2
      vertex 66.4221 0.0342197 0
      vertex 66.9353 0.136296 0
    endloop
  endfacet
  facet normal -0.321445 -0.946928 0
    outer loop
      vertex 2.46927 0.304482 0
      vertex 2.96472 0.136296 15.2
      vertex 2.46927 0.304482 15.2
    endloop
  endfacet
  facet normal -0.321445 -0.946928 -0
    outer loop
      vertex 2.96472 0.136296 15.2
      vertex 2.46927 0.304482 0
      vertex 2.96472 0.136296 0
    endloop
  endfacet
  facet normal 0.321474 -0.946918 0
    outer loop
      vertex 66.9353 0.136296 0
      vertex 67.4307 0.304482 15.2
      vertex 66.9353 0.136296 15.2
    endloop
  endfacet
  facet normal 0.321474 -0.946918 0
    outer loop
      vertex 67.4307 0.304482 15.2
      vertex 66.9353 0.136296 0
      vertex 67.4307 0.304482 0
    endloop
  endfacet
  facet normal -0.0654009 -0.997859 0
    outer loop
      vertex 3.47789 0.0342197 0
      vertex 4 0 15.2
      vertex 3.47789 0.0342197 15.2
    endloop
  endfacet
  facet normal -0.0654009 -0.997859 -0
    outer loop
      vertex 4 0 15.2
      vertex 3.47789 0.0342197 0
      vertex 4 0 0
    endloop
  endfacet
  facet normal -0.946928 -0.321445 0
    outer loop
      vertex 0.304482 2.46927 0
      vertex 0.136296 2.96472 15.2
      vertex 0.136296 2.96472 0
    endloop
  endfacet
  facet normal -0.946928 -0.321445 0
    outer loop
      vertex 0.136296 2.96472 15.2
      vertex 0.304482 2.46927 0
      vertex 0.304482 2.46927 15.2
    endloop
  endfacet
  facet normal -0.44226 0.896887 0
    outer loop
      vertex 2.46927 34.5955 0
      vertex 2 34.3641 15.2
      vertex 2.46927 34.5955 15.2
    endloop
  endfacet
  facet normal -0.44226 0.896887 0
    outer loop
      vertex 2 34.3641 15.2
      vertex 2.46927 34.5955 0
      vertex 2 34.3641 0
    endloop
  endfacet
  facet normal 0.195124 0.980779 -0
    outer loop
      vertex 66.9353 34.7637 0
      vertex 66.4221 34.8658 15.2
      vertex 66.9353 34.7637 15.2
    endloop
  endfacet
  facet normal 0.195124 0.980779 0
    outer loop
      vertex 66.4221 34.8658 15.2
      vertex 66.9353 34.7637 0
      vertex 66.4221 34.8658 0
    endloop
  endfacet
  facet normal -1 0 0
    outer loop
      vertex 0 30.9 0
      vertex 0 26.93 6
      vertex 0 30.9 15.2
    endloop
  endfacet
  facet normal -1 0 0
    outer loop
      vertex 0 30.9 0
      vertex 0 8.03 6
      vertex 0 26.93 6
    endloop
  endfacet
  facet normal -1 0 0
    outer loop
      vertex 0 4 15.2
      vertex 0 8.03 6
      vertex 0 4 0
    endloop
  endfacet
  facet normal -1 0 0
    outer loop
      vertex 0 4 0
      vertex 0 8.03 6
      vertex 0 30.9 0
    endloop
  endfacet
  facet normal -1 0 0
    outer loop
      vertex 0 26.93 9.6
      vertex 0 30.9 15.2
      vertex 0 26.93 6
    endloop
  endfacet
  facet normal -1 0 0
    outer loop
      vertex 0 8.03 9.6
      vertex 0 30.9 15.2
      vertex 0 26.93 9.6
    endloop
  endfacet
  facet normal -1 0 0
    outer loop
      vertex 0 8.03 9.6
      vertex 0 4 15.2
      vertex 0 30.9 15.2
    endloop
  endfacet
  facet normal -1 0 0
    outer loop
      vertex 0 8.03 6
      vertex 0 4 15.2
      vertex 0 8.03 9.6
    endloop
  endfacet
  facet normal -0.997859 -0.0654009 0
    outer loop
      vertex 0.0342197 3.47789 0
      vertex 0 4 15.2
      vertex 0 4 0
    endloop
  endfacet
  facet normal -0.997859 -0.0654009 0
    outer loop
      vertex 0 4 15.2
      vertex 0.0342197 3.47789 0
      vertex 0.0342197 3.47789 15.2
    endloop
  endfacet
  facet normal 0.442262 -0.896886 0
    outer loop
      vertex 67.4307 0.304482 0
      vertex 67.9 0.535898 15.2
      vertex 67.4307 0.304482 15.2
    endloop
  endfacet
  facet normal 0.442262 -0.896886 0
    outer loop
      vertex 67.9 0.535898 15.2
      vertex 67.4307 0.304482 0
      vertex 67.9 0.535898 0
    endloop
  endfacet
  facet normal -0.831443 0.55561 0
    outer loop
      vertex 0.535898 32.9 0
      vertex 0.826586 33.335 15.2
      vertex 0.826586 33.335 0
    endloop
  endfacet
  facet normal -0.831443 0.55561 0
    outer loop
      vertex 0.826586 33.335 15.2
      vertex 0.535898 32.9 0
      vertex 0.535898 32.9 15.2
    endloop
  endfacet
  facet normal 1 0 0
    outer loop
      vertex 69.9 30.9 15.2
      vertex 69.9 24.55 5.8
      vertex 69.9 30.9 0
    endloop
  endfacet
  facet normal 1 0 0
    outer loop
      vertex 69.9 30.9 15.2
      vertex 69.9 10.35 5.8
      vertex 69.9 24.55 5.8
    endloop
  endfacet
  facet normal 1 0 0
    outer loop
      vertex 69.9 4 0
      vertex 69.9 10.35 5.8
      vertex 69.9 4 15.2
    endloop
  endfacet
  facet normal 1 -0 0
    outer loop
      vertex 69.9 4 15.2
      vertex 69.9 10.35 5.8
      vertex 69.9 30.9 15.2
    endloop
  endfacet
  facet normal 1 -0 0
    outer loop
      vertex 69.9 24.55 2.7
      vertex 69.9 30.9 0
      vertex 69.9 24.55 5.8
    endloop
  endfacet
  facet normal 1 -0 0
    outer loop
      vertex 69.9 10.35 2.7
      vertex 69.9 30.9 0
      vertex 69.9 24.55 2.7
    endloop
  endfacet
  facet normal 1 0 0
    outer loop
      vertex 69.9 10.35 2.7
      vertex 69.9 4 0
      vertex 69.9 30.9 0
    endloop
  endfacet
  facet normal 1 0 0
    outer loop
      vertex 69.9 10.35 5.8
      vertex 69.9 4 0
      vertex 69.9 10.35 2.7
    endloop
  endfacet
  facet normal -0.321469 0.94692 0
    outer loop
      vertex 2.96472 34.7637 0
      vertex 2.46927 34.5955 15.2
      vertex 2.96472 34.7637 15.2
    endloop
  endfacet
  facet normal -0.321469 0.94692 0
    outer loop
      vertex 2.46927 34.5955 15.2
      vertex 2.96472 34.7637 0
      vertex 2.46927 34.5955 0
    endloop
  endfacet
  facet normal -0.751857 0.659326 0
    outer loop
      vertex 0.826586 33.335 0
      vertex 1.17157 33.7284 15.2
      vertex 1.17157 33.7284 0
    endloop
  endfacet
  facet normal -0.751857 0.659326 0
    outer loop
      vertex 1.17157 33.7284 15.2
      vertex 0.826586 33.335 0
      vertex 0.826586 33.335 15.2
    endloop
  endfacet
  facet normal 0.997862 -0.0653634 0
    outer loop
      vertex 69.8658 3.47789 15.2
      vertex 69.9 4 0
      vertex 69.9 4 15.2
    endloop
  endfacet
  facet normal 0.997862 -0.0653634 0
    outer loop
      vertex 69.9 4 0
      vertex 69.8658 3.47789 15.2
      vertex 69.8658 3.47789 0
    endloop
  endfacet
  facet normal 0.997861 0.0653646 0
    outer loop
      vertex 69.9 30.9 15.2
      vertex 69.8658 31.4221 0
      vertex 69.8658 31.4221 15.2
    endloop
  endfacet
  facet normal 0.997861 0.0653646 0
    outer loop
      vertex 69.8658 31.4221 0
      vertex 69.9 30.9 15.2
      vertex 69.9 30.9 0
    endloop
  endfacet
  facet normal 0 -1 0
    outer loop
      vertex 49.19 0 5.4
      vertex 51.26 0 13
      vertex 49.19 0 13
    endloop
  endfacet
  facet normal 0 -1 -0
    outer loop
      vertex 51.26 0 13
      vertex 49.19 0 5.4
      vertex 51.26 0 5.4
    endloop
  endfacet
  facet normal 0 -1 0
    outer loop
      vertex 4 0 15.2
      vertex 38.68 0 13
      vertex 65.9 0 15.2
    endloop
  endfacet
  facet normal 0 -1 0
    outer loop
      vertex 18.83 0 10.6
      vertex 4 0 15.2
      vertex 10.93 0 10.6
    endloop
  endfacet
  facet normal 0 -1 0
    outer loop
      vertex 4 0 15.2
      vertex 10.93 0 5.9
      vertex 10.93 0 10.6
    endloop
  endfacet
  facet normal 0 -1 0
    outer loop
      vertex 4 0 0
      vertex 18.83 0 5.9
      vertex 10.93 0 5.9
    endloop
  endfacet
  facet normal 0 -1 0
    outer loop
      vertex 65.9 0 0
      vertex 49.19 0 5.4
      vertex 38.68 0 5.4
    endloop
  endfacet
  facet normal 0 -1 0
    outer loop
      vertex 49.19 0 5.4
      vertex 65.9 0 0
      vertex 51.26 0 5.4
    endloop
  endfacet
  facet normal 0 -1 0
    outer loop
      vertex 65.9 0 0
      vertex 38.68 0 5.4
      vertex 4 0 0
    endloop
  endfacet
  facet normal 0 -1 -0
    outer loop
      vertex 18.83 0 5.9
      vertex 4 0 0
      vertex 38.68 0 5.4
    endloop
  endfacet
  facet normal 0 -1 0
    outer loop
      vertex 4 0 0
      vertex 10.93 0 5.9
      vertex 4 0 15.2
    endloop
  endfacet
  facet normal 0 -1 0
    outer loop
      vertex 49.19 0 13
      vertex 65.9 0 15.2
      vertex 38.68 0 13
    endloop
  endfacet
  facet normal 0 -1 0
    outer loop
      vertex 51.26 0 13
      vertex 65.9 0 15.2
      vertex 49.19 0 13
    endloop
  endfacet
  facet normal 0 -1 0
    outer loop
      vertex 61.65 0 13
      vertex 65.9 0 15.2
      vertex 51.26 0 13
    endloop
  endfacet
  facet normal 0 -1 0
    outer loop
      vertex 61.65 0 5.4
      vertex 65.9 0 15.2
      vertex 61.65 0 13
    endloop
  endfacet
  facet normal 0 -1 0
    outer loop
      vertex 61.65 0 5.4
      vertex 65.9 0 0
      vertex 65.9 0 15.2
    endloop
  endfacet
  facet normal 0 -1 0
    outer loop
      vertex 51.26 0 5.4
      vertex 65.9 0 0
      vertex 61.65 0 5.4
    endloop
  endfacet
  facet normal 0 -1 0
    outer loop
      vertex 4 0 15.2
      vertex 18.83 0 10.6
      vertex 38.68 0 13
    endloop
  endfacet
  facet normal 0 -1 0
    outer loop
      vertex 38.68 0 5.4
      vertex 18.83 0 10.6
      vertex 18.83 0 5.9
    endloop
  endfacet
  facet normal 0 -1 0
    outer loop
      vertex 18.83 0 10.6
      vertex 38.68 0 5.4
      vertex 38.68 0 13
    endloop
  endfacet
  facet normal 0.0653646 0.997861 -0
    outer loop
      vertex 66.4221 34.8658 0
      vertex 65.9 34.9 15.2
      vertex 66.4221 34.8658 15.2
    endloop
  endfacet
  facet normal 0.0653646 0.997861 0
    outer loop
      vertex 65.9 34.9 15.2
      vertex 66.4221 34.8658 0
      vertex 65.9 34.9 0
    endloop
  endfacet
  facet normal 0.831432 0.555626 0
    outer loop
      vertex 69.3641 32.9 15.2
      vertex 69.0734 33.335 0
      vertex 69.0734 33.335 15.2
    endloop
  endfacet
  facet normal 0.831432 0.555626 0
    outer loop
      vertex 69.0734 33.335 0
      vertex 69.3641 32.9 15.2
      vertex 69.3641 32.9 0
    endloop
  endfacet
  facet normal -0.980785 -0.195091 0
    outer loop
      vertex 0.136296 2.96472 0
      vertex 0.0342197 3.47789 15.2
      vertex 0.0342197 3.47789 0
    endloop
  endfacet
  facet normal -0.980785 -0.195091 0
    outer loop
      vertex 0.0342197 3.47789 15.2
      vertex 0.136296 2.96472 0
      vertex 0.136296 2.96472 15.2
    endloop
  endfacet
  facet normal 0 0 -1
    outer loop
      vertex 16.35 18.85 0
      vertex 34.55 20.45 0
      vertex 34.55 18.85 0
    endloop
  endfacet
  facet normal -0 0 -1
    outer loop
      vertex 34.55 20.45 0
      vertex 16.35 18.85 0
      vertex 16.35 20.45 0
    endloop
  endfacet
  facet normal 0 0 -1
    outer loop
      vertex 16.35 15.65 0
      vertex 34.55 17.25 0
      vertex 34.55 15.65 0
    endloop
  endfacet
  facet normal -0 0 -1
    outer loop
      vertex 34.55 17.25 0
      vertex 16.35 15.65 0
      vertex 16.35 17.25 0
    endloop
  endfacet
  facet normal 0 0 -1
    outer loop
      vertex 16.35 12.45 0
      vertex 34.55 14.05 0
      vertex 34.55 12.45 0
    endloop
  endfacet
  facet normal -0 0 -1
    outer loop
      vertex 34.55 14.05 0
      vertex 16.35 12.45 0
      vertex 16.35 14.05 0
    endloop
  endfacet
  facet normal 0 0 -1
    outer loop
      vertex 64.8201 6.45182 0
      vertex 69.9 4 0
      vertex 64.8642 6.32176 0
    endloop
  endfacet
  facet normal 0 0 -1
    outer loop
      vertex 69.9 30.9 0
      vertex 64.891 28.8129 0
      vertex 64.9 28.95 0
    endloop
  endfacet
  facet normal 0 0 -1
    outer loop
      vertex 64.7593 6.575 0
      vertex 69.9 4 0
      vertex 64.8201 6.45182 0
    endloop
  endfacet
  facet normal 0 0 -1
    outer loop
      vertex 69.9 30.9 0
      vertex 64.8642 28.6782 0
      vertex 64.891 28.8129 0
    endloop
  endfacet
  facet normal 0 0 -1
    outer loop
      vertex 64.683 6.6892 0
      vertex 69.9 4 0
      vertex 64.7593 6.575 0
    endloop
  endfacet
  facet normal 0 0 -1
    outer loop
      vertex 69.9 30.9 0
      vertex 64.8201 28.5482 0
      vertex 64.8642 28.6782 0
    endloop
  endfacet
  facet normal 0 0 -1
    outer loop
      vertex 64.5925 6.79246 0
      vertex 69.9 4 0
      vertex 64.683 6.6892 0
    endloop
  endfacet
  facet normal 0 0 -1
    outer loop
      vertex 69.9 30.9 0
      vertex 64.7593 28.425 0
      vertex 64.8201 28.5482 0
    endloop
  endfacet
  facet normal 0 0 -1
    outer loop
      vertex 64.4892 6.88302 0
      vertex 69.9 4 0
      vertex 64.5925 6.79246 0
    endloop
  endfacet
  facet normal 0 0 -1
    outer loop
      vertex 69.9 30.9 0
      vertex 64.683 28.3108 0
      vertex 64.7593 28.425 0
    endloop
  endfacet
  facet normal 0 0 -1
    outer loop
      vertex 69.9 4 0
      vertex 64.4892 6.88302 0
      vertex 69.9 30.9 0
    endloop
  endfacet
  facet normal 0 0 -1
    outer loop
      vertex 69.9 30.9 0
      vertex 64.5925 28.2075 0
      vertex 64.683 28.3108 0
    endloop
  endfacet
  facet normal 0 0 -1
    outer loop
      vertex 64.4892 28.117 0
      vertex 69.9 30.9 0
      vertex 64.4892 6.88302 0
    endloop
  endfacet
  facet normal 0 0 -1
    outer loop
      vertex 69.9 30.9 0
      vertex 64.4892 28.117 0
      vertex 64.5925 28.2075 0
    endloop
  endfacet
  facet normal 0 0 -1
    outer loop
      vertex 64.375 6.95933 0
      vertex 64.4892 28.117 0
      vertex 64.4892 6.88302 0
    endloop
  endfacet
  facet normal 0 0 -1
    outer loop
      vertex 64.375 6.95933 0
      vertex 64.375 28.0407 0
      vertex 64.4892 28.117 0
    endloop
  endfacet
  facet normal 0 0 -1
    outer loop
      vertex 64.2518 7.02007 0
      vertex 64.375 28.0407 0
      vertex 64.375 6.95933 0
    endloop
  endfacet
  facet normal 0 0 -1
    outer loop
      vertex 64.2518 7.02007 0
      vertex 64.2518 27.9799 0
      vertex 64.375 28.0407 0
    endloop
  endfacet
  facet normal 0 0 -1
    outer loop
      vertex 64.1218 7.06422 0
      vertex 64.2518 27.9799 0
      vertex 64.2518 7.02007 0
    endloop
  endfacet
  facet normal 0 0 -1
    outer loop
      vertex 64.1218 7.06422 0
      vertex 64.1218 27.9358 0
      vertex 64.2518 27.9799 0
    endloop
  endfacet
  facet normal 0 0 -1
    outer loop
      vertex 63.9871 7.09102 0
      vertex 64.1218 27.9358 0
      vertex 64.1218 7.06422 0
    endloop
  endfacet
  facet normal 0 0 -1
    outer loop
      vertex 63.9871 7.09102 0
      vertex 63.9871 27.909 0
      vertex 64.1218 27.9358 0
    endloop
  endfacet
  facet normal 0 0 -1
    outer loop
      vertex 63.85 7.1 0
      vertex 63.9871 27.909 0
      vertex 63.9871 7.09102 0
    endloop
  endfacet
  facet normal 0 0 -1
    outer loop
      vertex 63.85 7.1 0
      vertex 63.85 27.9 0
      vertex 63.9871 27.909 0
    endloop
  endfacet
  facet normal 0 0 -1
    outer loop
      vertex 63.7129 7.09102 0
      vertex 63.85 27.9 0
      vertex 63.85 7.1 0
    endloop
  endfacet
  facet normal 0 0 -1
    outer loop
      vertex 63.7129 7.09102 0
      vertex 63.7129 27.909 0
      vertex 63.85 27.9 0
    endloop
  endfacet
  facet normal 0 0 -1
    outer loop
      vertex 63.5782 7.06422 0
      vertex 63.7129 27.909 0
      vertex 63.7129 7.09102 0
    endloop
  endfacet
  facet normal 0 0 -1
    outer loop
      vertex 63.5782 7.06422 0
      vertex 63.5782 27.9358 0
      vertex 63.7129 27.909 0
    endloop
  endfacet
  facet normal 0 0 -1
    outer loop
      vertex 63.4482 7.02007 0
      vertex 63.5782 27.9358 0
      vertex 63.5782 7.06422 0
    endloop
  endfacet
  facet normal 0 0 -1
    outer loop
      vertex 63.4482 7.02007 0
      vertex 63.4482 27.9799 0
      vertex 63.5782 27.9358 0
    endloop
  endfacet
  facet normal 0 0 -1
    outer loop
      vertex 63.325 6.95933 0
      vertex 63.4482 27.9799 0
      vertex 63.4482 7.02007 0
    endloop
  endfacet
  facet normal 0 0 -1
    outer loop
      vertex 63.325 6.95933 0
      vertex 63.325 28.0407 0
      vertex 63.4482 27.9799 0
    endloop
  endfacet
  facet normal 0 0 -1
    outer loop
      vertex 63.2108 6.88302 0
      vertex 63.325 28.0407 0
      vertex 63.325 6.95933 0
    endloop
  endfacet
  facet normal 0 0 -1
    outer loop
      vertex 63.2108 6.88302 0
      vertex 63.2108 28.117 0
      vertex 63.325 28.0407 0
    endloop
  endfacet
  facet normal 0 0 -1
    outer loop
      vertex 63.1075 6.79246 0
      vertex 63.2108 28.117 0
      vertex 63.2108 6.88302 0
    endloop
  endfacet
  facet normal 0 0 -1
    outer loop
      vertex 63.1075 6.79246 0
      vertex 63.1075 28.2075 0
      vertex 63.2108 28.117 0
    endloop
  endfacet
  facet normal 0 0 -1
    outer loop
      vertex 63.017 6.6892 0
      vertex 63.1075 28.2075 0
      vertex 63.1075 6.79246 0
    endloop
  endfacet
  facet normal 0 0 -1
    outer loop
      vertex 63.017 6.6892 0
      vertex 63.017 28.3108 0
      vertex 63.1075 28.2075 0
    endloop
  endfacet
  facet normal 0 0 -1
    outer loop
      vertex 34.55 15.65 0
      vertex 63.017 6.6892 0
      vertex 62.9407 6.575 0
    endloop
  endfacet
  facet normal 0 0 -1
    outer loop
      vertex 63.017 6.6892 0
      vertex 34.55 17.25 0
      vertex 63.017 28.3108 0
    endloop
  endfacet
  facet normal 0 0 -1
    outer loop
      vertex 34.55 14.05 0
      vertex 62.9407 6.575 0
      vertex 62.8799 6.45182 0
    endloop
  endfacet
  facet normal 0 0 -1
    outer loop
      vertex 34.55 18.85 0
      vertex 63.017 28.3108 0
      vertex 34.55 17.25 0
    endloop
  endfacet
  facet normal 0 0 -1
    outer loop
      vertex 34.55 10.85 0
      vertex 62.8799 6.45182 0
      vertex 62.8358 6.32176 0
    endloop
  endfacet
  facet normal -0 0 -1
    outer loop
      vertex 63.017 28.3108 0
      vertex 34.55 18.85 0
      vertex 62.9407 28.425 0
    endloop
  endfacet
  facet normal 0 0 -1
    outer loop
      vertex 34.55 10.85 0
      vertex 62.8358 6.32176 0
      vertex 62.809 6.18705 0
    endloop
  endfacet
  facet normal 0 0 -1
    outer loop
      vertex 34.55 20.45 0
      vertex 62.9407 28.425 0
      vertex 34.55 18.85 0
    endloop
  endfacet
  facet normal 0 0 -1
    outer loop
      vertex 34.55 10.85 0
      vertex 62.809 6.18705 0
      vertex 62.8 6.05 0
    endloop
  endfacet
  facet normal 0 0 -1
    outer loop
      vertex 34.55 22.05 0
      vertex 62.9407 28.425 0
      vertex 34.55 20.45 0
    endloop
  endfacet
  facet normal 0 0 -1
    outer loop
      vertex 64.7593 5.525 0
      vertex 69.9 4 0
      vertex 69.8658 3.47789 0
    endloop
  endfacet
  facet normal 0 0 -1
    outer loop
      vertex 64.891 6.18705 0
      vertex 69.9 4 0
      vertex 64.9 6.05 0
    endloop
  endfacet
  facet normal 0 0 -1
    outer loop
      vertex 64.683 5.4108 0
      vertex 69.8658 3.47789 0
      vertex 69.7637 2.96472 0
    endloop
  endfacet
  facet normal 0 0 -1
    outer loop
      vertex 64.8642 6.32176 0
      vertex 69.9 4 0
      vertex 64.891 6.18705 0
    endloop
  endfacet
  facet normal 0 0 -1
    outer loop
      vertex 64.683 5.4108 0
      vertex 69.7637 2.96472 0
      vertex 69.5955 2.46927 0
    endloop
  endfacet
  facet normal 0 0 -1
    outer loop
      vertex 64.891 29.0871 0
      vertex 69.9 30.9 0
      vertex 64.9 28.95 0
    endloop
  endfacet
  facet normal 0 0 -1
    outer loop
      vertex 64.683 5.4108 0
      vertex 69.5955 2.46927 0
      vertex 69.3641 2 0
    endloop
  endfacet
  facet normal 0 0 -1
    outer loop
      vertex 64.8642 29.2218 0
      vertex 69.9 30.9 0
      vertex 64.891 29.0871 0
    endloop
  endfacet
  facet normal 0 0 -1
    outer loop
      vertex 64.5925 5.30754 0
      vertex 69.3641 2 0
      vertex 69.0734 1.56495 0
    endloop
  endfacet
  facet normal 0 0 -1
    outer loop
      vertex 64.8201 29.3518 0
      vertex 69.9 30.9 0
      vertex 64.8642 29.2218 0
    endloop
  endfacet
  facet normal 0 0 -1
    outer loop
      vertex 64.5925 5.30754 0
      vertex 69.0734 1.56495 0
      vertex 68.7284 1.17157 0
    endloop
  endfacet
  facet normal 0 0 -1
    outer loop
      vertex 64.7593 29.475 0
      vertex 69.9 30.9 0
      vertex 64.8201 29.3518 0
    endloop
  endfacet
  facet normal 0 0 -1
    outer loop
      vertex 64.5925 5.30754 0
      vertex 68.7284 1.17157 0
      vertex 68.335 0.826586 0
    endloop
  endfacet
  facet normal -0 0 -1
    outer loop
      vertex 69.9 30.9 0
      vertex 64.7593 29.475 0
      vertex 69.8658 31.4221 0
    endloop
  endfacet
  facet normal 0 0 -1
    outer loop
      vertex 64.5925 5.30754 0
      vertex 68.335 0.826586 0
      vertex 67.9 0.535898 0
    endloop
  endfacet
  facet normal 0 0 -1
    outer loop
      vertex 64.683 29.5892 0
      vertex 69.8658 31.4221 0
      vertex 64.7593 29.475 0
    endloop
  endfacet
  facet normal 0 0 -1
    outer loop
      vertex 64.4892 5.21698 0
      vertex 67.9 0.535898 0
      vertex 67.4307 0.304482 0
    endloop
  endfacet
  facet normal -0 0 -1
    outer loop
      vertex 69.8658 31.4221 0
      vertex 64.683 29.5892 0
      vertex 69.7637 31.9353 0
    endloop
  endfacet
  facet normal 0 0 -1
    outer loop
      vertex 64.4892 5.21698 0
      vertex 67.4307 0.304482 0
      vertex 66.9353 0.136296 0
    endloop
  endfacet
  facet normal -0 0 -1
    outer loop
      vertex 69.7637 31.9353 0
      vertex 64.683 29.5892 0
      vertex 69.5955 32.4307 0
    endloop
  endfacet
  facet normal 0 0 -1
    outer loop
      vertex 64.4892 5.21698 0
      vertex 66.9353 0.136296 0
      vertex 66.4221 0.0342197 0
    endloop
  endfacet
  facet normal -0 0 -1
    outer loop
      vertex 69.5955 32.4307 0
      vertex 64.683 29.5892 0
      vertex 69.3641 32.9 0
    endloop
  endfacet
  facet normal 0 0 -1
    outer loop
      vertex 64.4892 5.21698 0
      vertex 66.4221 0.0342197 0
      vertex 65.9 0 0
    endloop
  endfacet
  facet normal -0 0 -1
    outer loop
      vertex 69.3641 32.9 0
      vertex 64.683 29.5892 0
      vertex 69.0734 33.335 0
    endloop
  endfacet
  facet normal 0 0 -1
    outer loop
      vertex 64.5925 29.6925 0
      vertex 69.0734 33.335 0
      vertex 64.683 29.5892 0
    endloop
  endfacet
  facet normal 0 0 -1
    outer loop
      vertex 69.9 4 0
      vertex 64.891 5.91295 0
      vertex 64.9 6.05 0
    endloop
  endfacet
  facet normal 0 0 -1
    outer loop
      vertex 69.9 4 0
      vertex 64.8642 5.77824 0
      vertex 64.891 5.91295 0
    endloop
  endfacet
  facet normal 0 0 -1
    outer loop
      vertex 69.9 4 0
      vertex 64.8201 5.64818 0
      vertex 64.8642 5.77824 0
    endloop
  endfacet
  facet normal 0 0 -1
    outer loop
      vertex 69.9 4 0
      vertex 64.7593 5.525 0
      vertex 64.8201 5.64818 0
    endloop
  endfacet
  facet normal 0 0 -1
    outer loop
      vertex 69.8658 3.47789 0
      vertex 64.683 5.4108 0
      vertex 64.7593 5.525 0
    endloop
  endfacet
  facet normal 0 0 -1
    outer loop
      vertex 69.3641 2 0
      vertex 64.5925 5.30754 0
      vertex 64.683 5.4108 0
    endloop
  endfacet
  facet normal 0 0 -1
    outer loop
      vertex 67.9 0.535898 0
      vertex 64.4892 5.21698 0
      vertex 64.5925 5.30754 0
    endloop
  endfacet
  facet normal 0 0 -1
    outer loop
      vertex 65.9 0 0
      vertex 64.375 5.14067 0
      vertex 64.4892 5.21698 0
    endloop
  endfacet
  facet normal 0 0 -1
    outer loop
      vertex 65.9 0 0
      vertex 64.2518 5.07993 0
      vertex 64.375 5.14067 0
    endloop
  endfacet
  facet normal 0 0 -1
    outer loop
      vertex 65.9 0 0
      vertex 64.1218 5.03578 0
      vertex 64.2518 5.07993 0
    endloop
  endfacet
  facet normal 0 0 -1
    outer loop
      vertex 65.9 0 0
      vertex 63.9871 5.00898 0
      vertex 64.1218 5.03578 0
    endloop
  endfacet
  facet normal 0 0 -1
    outer loop
      vertex 65.9 0 0
      vertex 63.85 5 0
      vertex 63.9871 5.00898 0
    endloop
  endfacet
  facet normal 0 0 -1
    outer loop
      vertex 65.9 0 0
      vertex 63.7129 5.00898 0
      vertex 63.85 5 0
    endloop
  endfacet
  facet normal 0 0 -1
    outer loop
      vertex 65.9 0 0
      vertex 63.5782 5.03578 0
      vertex 63.7129 5.00898 0
    endloop
  endfacet
  facet normal 0 0 -1
    outer loop
      vertex 65.9 0 0
      vertex 63.4482 5.07993 0
      vertex 63.5782 5.03578 0
    endloop
  endfacet
  facet normal 0 0 -1
    outer loop
      vertex 65.9 0 0
      vertex 63.325 5.14067 0
      vertex 63.4482 5.07993 0
    endloop
  endfacet
  facet normal 0 0 -1
    outer loop
      vertex 65.9 0 0
      vertex 63.2108 5.21698 0
      vertex 63.325 5.14067 0
    endloop
  endfacet
  facet normal 0 0 -1
    outer loop
      vertex 65.9 0 0
      vertex 63.1075 5.30754 0
      vertex 63.2108 5.21698 0
    endloop
  endfacet
  facet normal 0 0 -1
    outer loop
      vertex 65.9 0 0
      vertex 63.017 5.4108 0
      vertex 63.1075 5.30754 0
    endloop
  endfacet
  facet normal 0 0 -1
    outer loop
      vertex 34.55 10.85 0
      vertex 63.017 5.4108 0
      vertex 65.9 0 0
    endloop
  endfacet
  facet normal 0 0 -1
    outer loop
      vertex 62.8799 6.45182 0
      vertex 34.55 10.85 0
      vertex 34.55 12.45 0
    endloop
  endfacet
  facet normal 0 0 -1
    outer loop
      vertex 62.809 5.91295 0
      vertex 34.55 10.85 0
      vertex 62.8 6.05 0
    endloop
  endfacet
  facet normal 0 0 -1
    outer loop
      vertex 62.8358 5.77824 0
      vertex 34.55 10.85 0
      vertex 62.809 5.91295 0
    endloop
  endfacet
  facet normal 0 0 -1
    outer loop
      vertex 62.8799 5.64818 0
      vertex 34.55 10.85 0
      vertex 62.8358 5.77824 0
    endloop
  endfacet
  facet normal 0 0 -1
    outer loop
      vertex 62.9407 5.525 0
      vertex 34.55 10.85 0
      vertex 62.8799 5.64818 0
    endloop
  endfacet
  facet normal 0 0 -1
    outer loop
      vertex 63.017 5.4108 0
      vertex 34.55 10.85 0
      vertex 62.9407 5.525 0
    endloop
  endfacet
  facet normal 0 0 -1
    outer loop
      vertex 25.956 3.3716 0
      vertex 34.55 10.85 0
      vertex 65.9 0 0
    endloop
  endfacet
  facet normal 0 0 -1
    outer loop
      vertex 34.55 10.85 0
      vertex 26.372 4.37589 0
      vertex 26.39 4.65 0
    endloop
  endfacet
  facet normal 0 0 -1
    outer loop
      vertex 34.55 10.85 0
      vertex 26.3184 4.10648 0
      vertex 26.372 4.37589 0
    endloop
  endfacet
  facet normal 0 0 -1
    outer loop
      vertex 34.55 10.85 0
      vertex 26.2301 3.84636 0
      vertex 26.3184 4.10648 0
    endloop
  endfacet
  facet normal 0 0 -1
    outer loop
      vertex 34.55 10.85 0
      vertex 26.1087 3.6 0
      vertex 26.2301 3.84636 0
    endloop
  endfacet
  facet normal 0 0 -1
    outer loop
      vertex 34.55 10.85 0
      vertex 25.956 3.3716 0
      vertex 26.1087 3.6 0
    endloop
  endfacet
  facet normal 0 0 -1
    outer loop
      vertex 65.9 0 0
      vertex 25.7749 3.16508 0
      vertex 25.956 3.3716 0
    endloop
  endfacet
  facet normal 0 0 -1
    outer loop
      vertex 65.9 0 0
      vertex 25.5684 2.98396 0
      vertex 25.7749 3.16508 0
    endloop
  endfacet
  facet normal 0 0 -1
    outer loop
      vertex 65.9 0 0
      vertex 25.34 2.83135 0
      vertex 25.5684 2.98396 0
    endloop
  endfacet
  facet normal 0 0 -1
    outer loop
      vertex 65.9 0 0
      vertex 25.0936 2.70985 0
      vertex 25.34 2.83135 0
    endloop
  endfacet
  facet normal 0 0 -1
    outer loop
      vertex 65.9 0 0
      vertex 24.8335 2.62156 0
      vertex 25.0936 2.70985 0
    endloop
  endfacet
  facet normal 0 0 -1
    outer loop
      vertex 65.9 0 0
      vertex 24.5641 2.56797 0
      vertex 24.8335 2.62156 0
    endloop
  endfacet
  facet normal 0 0 -1
    outer loop
      vertex 65.9 0 0
      vertex 24.29 2.55 0
      vertex 24.5641 2.56797 0
    endloop
  endfacet
  facet normal 0 0 -1
    outer loop
      vertex 22.208 4.37589 0
      vertex 16.35 10.85 0
      vertex 22.19 4.65 0
    endloop
  endfacet
  facet normal 0 0 -1
    outer loop
      vertex 6.97007 5.64818 0
      vertex 22.208 4.37589 0
      vertex 22.2616 4.10648 0
    endloop
  endfacet
  facet normal 0 0 -1
    outer loop
      vertex 6.90933 5.525 0
      vertex 22.2616 4.10648 0
      vertex 22.3499 3.84636 0
    endloop
  endfacet
  facet normal 0 0 -1
    outer loop
      vertex 6.83302 5.4108 0
      vertex 22.3499 3.84636 0
      vertex 22.4713 3.6 0
    endloop
  endfacet
  facet normal 0 0 -1
    outer loop
      vertex 4 0 0
      vertex 22.4713 3.6 0
      vertex 22.624 3.3716 0
    endloop
  endfacet
  facet normal 0 0 -1
    outer loop
      vertex 6.6392 6.88302 0
      vertex 16.35 12.45 0
      vertex 16.35 10.85 0
    endloop
  endfacet
  facet normal 0 0 -1
    outer loop
      vertex 6.40182 7.02007 0
      vertex 16.35 12.45 0
      vertex 6.525 6.95933 0
    endloop
  endfacet
  facet normal -0 0 -1
    outer loop
      vertex 16.35 12.45 0
      vertex 6.40182 7.02007 0
      vertex 16.35 14.05 0
    endloop
  endfacet
  facet normal -0 0 -1
    outer loop
      vertex 16.35 14.05 0
      vertex 6.27176 7.06422 0
      vertex 16.35 15.65 0
    endloop
  endfacet
  facet normal 0 0 -1
    outer loop
      vertex 6.13705 7.09102 0
      vertex 16.35 15.65 0
      vertex 6.27176 7.06422 0
    endloop
  endfacet
  facet normal 0 0 -1
    outer loop
      vertex 6 7.1 0
      vertex 16.35 17.25 0
      vertex 6.13705 7.09102 0
    endloop
  endfacet
  facet normal 0 -0 -1
    outer loop
      vertex 6.05 27.85 0
      vertex 16.35 17.25 0
      vertex 6 7.1 0
    endloop
  endfacet
  facet normal 0 0 -1
    outer loop
      vertex 16.35 22.05 0
      vertex 7.09102 28.7629 0
      vertex 7.1 28.9 0
    endloop
  endfacet
  facet normal 0 0 -1
    outer loop
      vertex 16.35 22.05 0
      vertex 7.06422 28.6282 0
      vertex 7.09102 28.7629 0
    endloop
  endfacet
  facet normal 0 0 -1
    outer loop
      vertex 7.04102 6.18705 0
      vertex 16.35 10.85 0
      vertex 7.05 6.05 0
    endloop
  endfacet
  facet normal 0 0 -1
    outer loop
      vertex 22.208 4.37589 0
      vertex 6.97007 5.64818 0
      vertex 16.35 10.85 0
    endloop
  endfacet
  facet normal 0 0 -1
    outer loop
      vertex 4 0 0
      vertex 22.624 3.3716 0
      vertex 22.8051 3.16508 0
    endloop
  endfacet
  facet normal 0 0 -1
    outer loop
      vertex 4 0 0
      vertex 22.8051 3.16508 0
      vertex 23.0116 2.98396 0
    endloop
  endfacet
  facet normal 0 0 -1
    outer loop
      vertex 4 0 0
      vertex 23.0116 2.98396 0
      vertex 23.24 2.83135 0
    endloop
  endfacet
  facet normal 0 0 -1
    outer loop
      vertex 4 0 0
      vertex 23.24 2.83135 0
      vertex 23.4864 2.70985 0
    endloop
  endfacet
  facet normal 0 0 -1
    outer loop
      vertex 4 0 0
      vertex 23.4864 2.70985 0
      vertex 23.7465 2.62156 0
    endloop
  endfacet
  facet normal 0 0 -1
    outer loop
      vertex 16.35 10.85 0
      vertex 7.04102 5.91295 0
      vertex 7.05 6.05 0
    endloop
  endfacet
  facet normal 0 0 -1
    outer loop
      vertex 4 0 0
      vertex 23.7465 2.62156 0
      vertex 24.0159 2.56797 0
    endloop
  endfacet
  facet normal 0 0 -1
    outer loop
      vertex 16.35 10.85 0
      vertex 7.01422 5.77824 0
      vertex 7.04102 5.91295 0
    endloop
  endfacet
  facet normal 0 0 -1
    outer loop
      vertex 16.35 10.85 0
      vertex 6.97007 5.64818 0
      vertex 7.01422 5.77824 0
    endloop
  endfacet
  facet normal 0 0 -1
    outer loop
      vertex 22.2616 4.10648 0
      vertex 6.90933 5.525 0
      vertex 6.97007 5.64818 0
    endloop
  endfacet
  facet normal 0 0 -1
    outer loop
      vertex 22.3499 3.84636 0
      vertex 6.83302 5.4108 0
      vertex 6.90933 5.525 0
    endloop
  endfacet
  facet normal 0 0 -1
    outer loop
      vertex 22.4713 3.6 0
      vertex 6.74246 5.30754 0
      vertex 6.83302 5.4108 0
    endloop
  endfacet
  facet normal -0 0 -1
    outer loop
      vertex 22.4713 3.6 0
      vertex 4 0 0
      vertex 6.74246 5.30754 0
    endloop
  endfacet
  facet normal 0 0 -1
    outer loop
      vertex 6.74246 5.30754 0
      vertex 4 0 0
      vertex 6.6392 5.21698 0
    endloop
  endfacet
  facet normal 0 0 -1
    outer loop
      vertex 6.6392 5.21698 0
      vertex 4 0 0
      vertex 6.525 5.14067 0
    endloop
  endfacet
  facet normal 0 0 -1
    outer loop
      vertex 6.525 5.14067 0
      vertex 4 0 0
      vertex 6.40182 5.07993 0
    endloop
  endfacet
  facet normal 0 0 -1
    outer loop
      vertex 6.40182 5.07993 0
      vertex 4 0 0
      vertex 6.27176 5.03578 0
    endloop
  endfacet
  facet normal 0 0 -1
    outer loop
      vertex 6.27176 5.03578 0
      vertex 4 0 0
      vertex 6.13705 5.00898 0
    endloop
  endfacet
  facet normal 0 0 -1
    outer loop
      vertex 6.13705 5.00898 0
      vertex 4 0 0
      vertex 6 5 0
    endloop
  endfacet
  facet normal 0 0 -1
    outer loop
      vertex 1.17157 1.17157 0
      vertex 5.25754 5.30754 0
      vertex 1.56495 0.826586 0
    endloop
  endfacet
  facet normal 0 0 -1
    outer loop
      vertex 1.56495 0.826586 0
      vertex 5.25754 5.30754 0
      vertex 2 0.535898 0
    endloop
  endfacet
  facet normal -0 0 -1
    outer loop
      vertex 5.3608 5.21698 0
      vertex 2 0.535898 0
      vertex 5.25754 5.30754 0
    endloop
  endfacet
  facet normal 0 0 -1
    outer loop
      vertex 2 0.535898 0
      vertex 5.3608 5.21698 0
      vertex 2.46927 0.304482 0
    endloop
  endfacet
  facet normal 0 0 -1
    outer loop
      vertex 2.46927 0.304482 0
      vertex 5.3608 5.21698 0
      vertex 2.96472 0.136296 0
    endloop
  endfacet
  facet normal 0 0 -1
    outer loop
      vertex 2.96472 0.136296 0
      vertex 5.3608 5.21698 0
      vertex 3.47789 0.0342197 0
    endloop
  endfacet
  facet normal -0 0 -1
    outer loop
      vertex 5.475 5.14067 0
      vertex 3.47789 0.0342197 0
      vertex 5.3608 5.21698 0
    endloop
  endfacet
  facet normal 0 0 -1
    outer loop
      vertex 3.47789 0.0342197 0
      vertex 5.475 5.14067 0
      vertex 4 0 0
    endloop
  endfacet
  facet normal -0 0 -1
    outer loop
      vertex 5.59818 5.07993 0
      vertex 4 0 0
      vertex 5.475 5.14067 0
    endloop
  endfacet
  facet normal -0 0 -1
    outer loop
      vertex 5.72824 5.03578 0
      vertex 4 0 0
      vertex 5.59818 5.07993 0
    endloop
  endfacet
  facet normal -0 0 -1
    outer loop
      vertex 5.86295 5.00898 0
      vertex 4 0 0
      vertex 5.72824 5.03578 0
    endloop
  endfacet
  facet normal -0 0 -1
    outer loop
      vertex 6 5 0
      vertex 4 0 0
      vertex 5.86295 5.00898 0
    endloop
  endfacet
  facet normal -0 0 -1
    outer loop
      vertex 24.29 2.55 0
      vertex 4 0 0
      vertex 24.0159 2.56797 0
    endloop
  endfacet
  facet normal 0 0 -1
    outer loop
      vertex 4 0 0
      vertex 24.29 2.55 0
      vertex 65.9 0 0
    endloop
  endfacet
  facet normal -0 0 -1
    outer loop
      vertex 69.0734 33.335 0
      vertex 64.5925 29.6925 0
      vertex 68.7284 33.7284 0
    endloop
  endfacet
  facet normal -0 0 -1
    outer loop
      vertex 68.7284 33.7284 0
      vertex 64.5925 29.6925 0
      vertex 68.335 34.0734 0
    endloop
  endfacet
  facet normal -0 0 -1
    outer loop
      vertex 68.335 34.0734 0
      vertex 64.5925 29.6925 0
      vertex 67.9 34.3641 0
    endloop
  endfacet
  facet normal 0 0 -1
    outer loop
      vertex 64.4892 29.783 0
      vertex 67.9 34.3641 0
      vertex 64.5925 29.6925 0
    endloop
  endfacet
  facet normal -0 0 -1
    outer loop
      vertex 67.9 34.3641 0
      vertex 64.4892 29.783 0
      vertex 67.4307 34.5955 0
    endloop
  endfacet
  facet normal -0 0 -1
    outer loop
      vertex 67.4307 34.5955 0
      vertex 64.4892 29.783 0
      vertex 66.9353 34.7637 0
    endloop
  endfacet
  facet normal -0 0 -1
    outer loop
      vertex 66.9353 34.7637 0
      vertex 64.4892 29.783 0
      vertex 66.4221 34.8658 0
    endloop
  endfacet
  facet normal -0 0 -1
    outer loop
      vertex 66.4221 34.8658 0
      vertex 64.4892 29.783 0
      vertex 65.9 34.9 0
    endloop
  endfacet
  facet normal 0 0 -1
    outer loop
      vertex 64.375 29.8593 0
      vertex 65.9 34.9 0
      vertex 64.4892 29.783 0
    endloop
  endfacet
  facet normal 0 0 -1
    outer loop
      vertex 64.2518 29.9201 0
      vertex 65.9 34.9 0
      vertex 64.375 29.8593 0
    endloop
  endfacet
  facet normal 0 0 -1
    outer loop
      vertex 64.1218 29.9642 0
      vertex 65.9 34.9 0
      vertex 64.2518 29.9201 0
    endloop
  endfacet
  facet normal 0 0 -1
    outer loop
      vertex 63.9871 29.991 0
      vertex 65.9 34.9 0
      vertex 64.1218 29.9642 0
    endloop
  endfacet
  facet normal 0 0 -1
    outer loop
      vertex 63.85 30 0
      vertex 65.9 34.9 0
      vertex 63.9871 29.991 0
    endloop
  endfacet
  facet normal 0 0 -1
    outer loop
      vertex 63.7129 29.991 0
      vertex 65.9 34.9 0
      vertex 63.85 30 0
    endloop
  endfacet
  facet normal 0 0 -1
    outer loop
      vertex 63.5782 29.9642 0
      vertex 65.9 34.9 0
      vertex 63.7129 29.991 0
    endloop
  endfacet
  facet normal 0 0 -1
    outer loop
      vertex 63.4482 29.9201 0
      vertex 65.9 34.9 0
      vertex 63.5782 29.9642 0
    endloop
  endfacet
  facet normal 0 0 -1
    outer loop
      vertex 63.325 29.8593 0
      vertex 65.9 34.9 0
      vertex 63.4482 29.9201 0
    endloop
  endfacet
  facet normal 0 0 -1
    outer loop
      vertex 63.2108 29.783 0
      vertex 65.9 34.9 0
      vertex 63.325 29.8593 0
    endloop
  endfacet
  facet normal 0 0 -1
    outer loop
      vertex 63.1075 29.6925 0
      vertex 65.9 34.9 0
      vertex 63.2108 29.783 0
    endloop
  endfacet
  facet normal 0 0 -1
    outer loop
      vertex 63.017 29.5892 0
      vertex 65.9 34.9 0
      vertex 63.1075 29.6925 0
    endloop
  endfacet
  facet normal 0 0 -1
    outer loop
      vertex 34.55 22.05 0
      vertex 63.017 29.5892 0
      vertex 62.9407 29.475 0
    endloop
  endfacet
  facet normal 0 0 -1
    outer loop
      vertex 62.8799 6.45182 0
      vertex 34.55 12.45 0
      vertex 34.55 14.05 0
    endloop
  endfacet
  facet normal 0 0 -1
    outer loop
      vertex 62.9407 6.575 0
      vertex 34.55 14.05 0
      vertex 34.55 15.65 0
    endloop
  endfacet
  facet normal 0 0 -1
    outer loop
      vertex 63.017 6.6892 0
      vertex 34.55 15.65 0
      vertex 34.55 17.25 0
    endloop
  endfacet
  facet normal -0 0 -1
    outer loop
      vertex 62.9407 28.425 0
      vertex 34.55 22.05 0
      vertex 62.8799 28.5482 0
    endloop
  endfacet
  facet normal -0 0 -1
    outer loop
      vertex 62.8799 28.5482 0
      vertex 34.55 22.05 0
      vertex 62.8358 28.6782 0
    endloop
  endfacet
  facet normal -0 0 -1
    outer loop
      vertex 62.8358 28.6782 0
      vertex 34.55 22.05 0
      vertex 62.809 28.8129 0
    endloop
  endfacet
  facet normal -0 0 -1
    outer loop
      vertex 62.809 28.8129 0
      vertex 34.55 22.05 0
      vertex 62.8 28.95 0
    endloop
  endfacet
  facet normal -0 0 -1
    outer loop
      vertex 62.8 28.95 0
      vertex 34.55 22.05 0
      vertex 62.809 29.0871 0
    endloop
  endfacet
  facet normal -0 0 -1
    outer loop
      vertex 62.809 29.0871 0
      vertex 34.55 22.05 0
      vertex 62.8358 29.2218 0
    endloop
  endfacet
  facet normal -0 0 -1
    outer loop
      vertex 62.8358 29.2218 0
      vertex 34.55 22.05 0
      vertex 62.8799 29.3518 0
    endloop
  endfacet
  facet normal -0 0 -1
    outer loop
      vertex 62.8799 29.3518 0
      vertex 34.55 22.05 0
      vertex 62.9407 29.475 0
    endloop
  endfacet
  facet normal -0 0 -1
    outer loop
      vertex 63.017 29.5892 0
      vertex 34.55 22.05 0
      vertex 65.9 34.9 0
    endloop
  endfacet
  facet normal 0 0 -1
    outer loop
      vertex 4 34.9 0
      vertex 34.55 22.05 0
      vertex 16.35 22.05 0
    endloop
  endfacet
  facet normal 0 0 -1
    outer loop
      vertex 7.09102 29.0371 0
      vertex 16.35 22.05 0
      vertex 7.1 28.9 0
    endloop
  endfacet
  facet normal 0 0 -1
    outer loop
      vertex 7.06422 29.1718 0
      vertex 16.35 22.05 0
      vertex 7.09102 29.0371 0
    endloop
  endfacet
  facet normal 0 0 -1
    outer loop
      vertex 7.02007 29.3018 0
      vertex 16.35 22.05 0
      vertex 7.06422 29.1718 0
    endloop
  endfacet
  facet normal 0 0 -1
    outer loop
      vertex 6.95933 29.425 0
      vertex 16.35 22.05 0
      vertex 7.02007 29.3018 0
    endloop
  endfacet
  facet normal 0 0 -1
    outer loop
      vertex 6.88302 29.5392 0
      vertex 16.35 22.05 0
      vertex 6.95933 29.425 0
    endloop
  endfacet
  facet normal 0 0 -1
    outer loop
      vertex 4 34.9 0
      vertex 16.35 22.05 0
      vertex 6.88302 29.5392 0
    endloop
  endfacet
  facet normal 0 0 -1
    outer loop
      vertex 4 34.9 0
      vertex 6.88302 29.5392 0
      vertex 6.79246 29.6425 0
    endloop
  endfacet
  facet normal 0 0 -1
    outer loop
      vertex 4 34.9 0
      vertex 6.79246 29.6425 0
      vertex 6.6892 29.733 0
    endloop
  endfacet
  facet normal 0 0 -1
    outer loop
      vertex 4 34.9 0
      vertex 6.6892 29.733 0
      vertex 6.575 29.8093 0
    endloop
  endfacet
  facet normal 0 0 -1
    outer loop
      vertex 4 34.9 0
      vertex 6.575 29.8093 0
      vertex 6.45182 29.8701 0
    endloop
  endfacet
  facet normal 0 0 -1
    outer loop
      vertex 4 34.9 0
      vertex 6.45182 29.8701 0
      vertex 6.32176 29.9142 0
    endloop
  endfacet
  facet normal 0 0 -1
    outer loop
      vertex 4 34.9 0
      vertex 6.32176 29.9142 0
      vertex 6.18705 29.941 0
    endloop
  endfacet
  facet normal 0 0 -1
    outer loop
      vertex 4 34.9 0
      vertex 6.18705 29.941 0
      vertex 6.05 29.95 0
    endloop
  endfacet
  facet normal 0 0 -1
    outer loop
      vertex 4 34.9 0
      vertex 6.05 29.95 0
      vertex 5.91295 29.941 0
    endloop
  endfacet
  facet normal 0 0 -1
    outer loop
      vertex 5.03578 28.6282 0
      vertex 0 30.9 0
      vertex 5.00898 28.7629 0
    endloop
  endfacet
  facet normal 0 0 -1
    outer loop
      vertex 0 4 0
      vertex 4.95898 6.18705 0
      vertex 4.95 6.05 0
    endloop
  endfacet
  facet normal 0 0 -1
    outer loop
      vertex 0.826586 1.56495 0
      vertex 5.25754 5.30754 0
      vertex 1.17157 1.17157 0
    endloop
  endfacet
  facet normal 0 0 -1
    outer loop
      vertex 34.55 22.05 0
      vertex 4 34.9 0
      vertex 65.9 34.9 0
    endloop
  endfacet
  facet normal 0 0 -1
    outer loop
      vertex 5.77824 29.9142 0
      vertex 4 34.9 0
      vertex 5.91295 29.941 0
    endloop
  endfacet
  facet normal 0 0 -1
    outer loop
      vertex 5.64818 29.8701 0
      vertex 4 34.9 0
      vertex 5.77824 29.9142 0
    endloop
  endfacet
  facet normal 0 0 -1
    outer loop
      vertex 5.525 29.8093 0
      vertex 4 34.9 0
      vertex 5.64818 29.8701 0
    endloop
  endfacet
  facet normal 0 0 -1
    outer loop
      vertex 5.4108 29.733 0
      vertex 4 34.9 0
      vertex 5.525 29.8093 0
    endloop
  endfacet
  facet normal 0 0 -1
    outer loop
      vertex 2 34.3641 0
      vertex 5.4108 29.733 0
      vertex 5.30754 29.6425 0
    endloop
  endfacet
  facet normal 0 0 -1
    outer loop
      vertex 0.826586 33.335 0
      vertex 5.30754 29.6425 0
      vertex 5.21698 29.5392 0
    endloop
  endfacet
  facet normal 0 0 -1
    outer loop
      vertex 0.0342197 31.4221 0
      vertex 5.21698 29.5392 0
      vertex 5.14067 29.425 0
    endloop
  endfacet
  facet normal 0 0 -1
    outer loop
      vertex 0 30.9 0
      vertex 5.14067 29.425 0
      vertex 5.07993 29.3018 0
    endloop
  endfacet
  facet normal 0 0 -1
    outer loop
      vertex 0 30.9 0
      vertex 5.07993 29.3018 0
      vertex 5.03578 29.1718 0
    endloop
  endfacet
  facet normal 0 0 -1
    outer loop
      vertex 0 30.9 0
      vertex 5.03578 29.1718 0
      vertex 5.00898 29.0371 0
    endloop
  endfacet
  facet normal 0 0 -1
    outer loop
      vertex 0 30.9 0
      vertex 5.00898 29.0371 0
      vertex 5 28.9 0
    endloop
  endfacet
  facet normal -0 0 -1
    outer loop
      vertex 4.95898 6.18705 0
      vertex 0 4 0
      vertex 0 30.9 0
    endloop
  endfacet
  facet normal 0 0 -1
    outer loop
      vertex 0.535898 2 0
      vertex 5.25754 5.30754 0
      vertex 0.826586 1.56495 0
    endloop
  endfacet
  facet normal 0 0 -1
    outer loop
      vertex 5.00898 28.7629 0
      vertex 0 30.9 0
      vertex 5 28.9 0
    endloop
  endfacet
  facet normal -0 0 -1
    outer loop
      vertex 5.25754 5.30754 0
      vertex 0.535898 2 0
      vertex 5.16698 5.4108 0
    endloop
  endfacet
  facet normal 0 0 -1
    outer loop
      vertex 5.14067 29.425 0
      vertex 0 30.9 0
      vertex 0.0342197 31.4221 0
    endloop
  endfacet
  facet normal 0 0 -1
    outer loop
      vertex 0.304482 2.46927 0
      vertex 5.16698 5.4108 0
      vertex 0.535898 2 0
    endloop
  endfacet
  facet normal 0 0 -1
    outer loop
      vertex 5.4108 29.733 0
      vertex 3.47789 34.8658 0
      vertex 4 34.9 0
    endloop
  endfacet
  facet normal 0 0 -1
    outer loop
      vertex 0.136296 2.96472 0
      vertex 5.16698 5.4108 0
      vertex 0.304482 2.46927 0
    endloop
  endfacet
  facet normal 0 0 -1
    outer loop
      vertex 5.4108 29.733 0
      vertex 2.96472 34.7637 0
      vertex 3.47789 34.8658 0
    endloop
  endfacet
  facet normal 0 0 -1
    outer loop
      vertex 0.0342197 3.47789 0
      vertex 5.16698 5.4108 0
      vertex 0.136296 2.96472 0
    endloop
  endfacet
  facet normal 0 0 -1
    outer loop
      vertex 5.4108 29.733 0
      vertex 2.46927 34.5955 0
      vertex 2.96472 34.7637 0
    endloop
  endfacet
  facet normal -0 0 -1
    outer loop
      vertex 5.16698 5.4108 0
      vertex 0.0342197 3.47789 0
      vertex 5.09067 5.525 0
    endloop
  endfacet
  facet normal 0 0 -1
    outer loop
      vertex 5.4108 29.733 0
      vertex 2 34.3641 0
      vertex 2.46927 34.5955 0
    endloop
  endfacet
  facet normal 0 0 -1
    outer loop
      vertex 0 4 0
      vertex 5.09067 5.525 0
      vertex 0.0342197 3.47789 0
    endloop
  endfacet
  facet normal 0 0 -1
    outer loop
      vertex 5.30754 29.6425 0
      vertex 1.56495 34.0734 0
      vertex 2 34.3641 0
    endloop
  endfacet
  facet normal -0 0 -1
    outer loop
      vertex 5.09067 5.525 0
      vertex 0 4 0
      vertex 5.02993 5.64818 0
    endloop
  endfacet
  facet normal 0 0 -1
    outer loop
      vertex 5.30754 29.6425 0
      vertex 1.17157 33.7284 0
      vertex 1.56495 34.0734 0
    endloop
  endfacet
  facet normal -0 0 -1
    outer loop
      vertex 5.02993 5.64818 0
      vertex 0 4 0
      vertex 4.98578 5.77824 0
    endloop
  endfacet
  facet normal 0 0 -1
    outer loop
      vertex 5.30754 29.6425 0
      vertex 0.826586 33.335 0
      vertex 1.17157 33.7284 0
    endloop
  endfacet
  facet normal -0 0 -1
    outer loop
      vertex 4.98578 5.77824 0
      vertex 0 4 0
      vertex 4.95898 5.91295 0
    endloop
  endfacet
  facet normal 0 0 -1
    outer loop
      vertex 5.21698 29.5392 0
      vertex 0.535898 32.9 0
      vertex 0.826586 33.335 0
    endloop
  endfacet
  facet normal -0 0 -1
    outer loop
      vertex 4.95898 5.91295 0
      vertex 0 4 0
      vertex 4.95 6.05 0
    endloop
  endfacet
  facet normal 0 0 -1
    outer loop
      vertex 5.21698 29.5392 0
      vertex 0.304482 32.4307 0
      vertex 0.535898 32.9 0
    endloop
  endfacet
  facet normal 0 0 -1
    outer loop
      vertex 5.21698 29.5392 0
      vertex 0.136296 31.9353 0
      vertex 0.304482 32.4307 0
    endloop
  endfacet
  facet normal 0 0 -1
    outer loop
      vertex 5.21698 29.5392 0
      vertex 0.0342197 31.4221 0
      vertex 0.136296 31.9353 0
    endloop
  endfacet
  facet normal 0 0 -1
    outer loop
      vertex 26.372 4.9241 0
      vertex 34.55 10.85 0
      vertex 26.39 4.65 0
    endloop
  endfacet
  facet normal 0 0 -1
    outer loop
      vertex 26.3184 5.19352 0
      vertex 34.55 10.85 0
      vertex 26.372 4.9241 0
    endloop
  endfacet
  facet normal 0 0 -1
    outer loop
      vertex 26.2301 5.45363 0
      vertex 34.55 10.85 0
      vertex 26.3184 5.19352 0
    endloop
  endfacet
  facet normal 0 0 -1
    outer loop
      vertex 26.1087 5.7 0
      vertex 34.55 10.85 0
      vertex 26.2301 5.45363 0
    endloop
  endfacet
  facet normal 0 0 -1
    outer loop
      vertex 25.956 5.9284 0
      vertex 34.55 10.85 0
      vertex 26.1087 5.7 0
    endloop
  endfacet
  facet normal 0 0 -1
    outer loop
      vertex 25.7749 6.13492 0
      vertex 34.55 10.85 0
      vertex 25.956 5.9284 0
    endloop
  endfacet
  facet normal 0 0 -1
    outer loop
      vertex 25.5684 6.31604 0
      vertex 34.55 10.85 0
      vertex 25.7749 6.13492 0
    endloop
  endfacet
  facet normal 0 0 -1
    outer loop
      vertex 25.34 6.46865 0
      vertex 34.55 10.85 0
      vertex 25.5684 6.31604 0
    endloop
  endfacet
  facet normal 0 0 -1
    outer loop
      vertex 25.0936 6.59015 0
      vertex 34.55 10.85 0
      vertex 25.34 6.46865 0
    endloop
  endfacet
  facet normal 0 0 -1
    outer loop
      vertex 24.8335 6.67844 0
      vertex 34.55 10.85 0
      vertex 25.0936 6.59015 0
    endloop
  endfacet
  facet normal 0 0 -1
    outer loop
      vertex 24.5641 6.73203 0
      vertex 34.55 10.85 0
      vertex 24.8335 6.67844 0
    endloop
  endfacet
  facet normal 0 0 -1
    outer loop
      vertex 16.35 10.85 0
      vertex 24.5641 6.73203 0
      vertex 24.29 6.75 0
    endloop
  endfacet
  facet normal 0 0 -1
    outer loop
      vertex 16.35 10.85 0
      vertex 24.29 6.75 0
      vertex 24.0159 6.73203 0
    endloop
  endfacet
  facet normal 0 0 -1
    outer loop
      vertex 16.35 10.85 0
      vertex 24.0159 6.73203 0
      vertex 23.7465 6.67844 0
    endloop
  endfacet
  facet normal 0 0 -1
    outer loop
      vertex 16.35 10.85 0
      vertex 23.7465 6.67844 0
      vertex 23.4864 6.59015 0
    endloop
  endfacet
  facet normal 0 0 -1
    outer loop
      vertex 24.5641 6.73203 0
      vertex 16.35 10.85 0
      vertex 34.55 10.85 0
    endloop
  endfacet
  facet normal 0 0 -1
    outer loop
      vertex 23.24 6.46865 0
      vertex 16.35 10.85 0
      vertex 23.4864 6.59015 0
    endloop
  endfacet
  facet normal 0 0 -1
    outer loop
      vertex 23.0116 6.31604 0
      vertex 16.35 10.85 0
      vertex 23.24 6.46865 0
    endloop
  endfacet
  facet normal 0 0 -1
    outer loop
      vertex 22.8051 6.13492 0
      vertex 16.35 10.85 0
      vertex 23.0116 6.31604 0
    endloop
  endfacet
  facet normal 0 0 -1
    outer loop
      vertex 22.624 5.9284 0
      vertex 16.35 10.85 0
      vertex 22.8051 6.13492 0
    endloop
  endfacet
  facet normal 0 0 -1
    outer loop
      vertex 22.4713 5.7 0
      vertex 16.35 10.85 0
      vertex 22.624 5.9284 0
    endloop
  endfacet
  facet normal 0 0 -1
    outer loop
      vertex 22.3499 5.45363 0
      vertex 16.35 10.85 0
      vertex 22.4713 5.7 0
    endloop
  endfacet
  facet normal 0 0 -1
    outer loop
      vertex 22.2616 5.19352 0
      vertex 16.35 10.85 0
      vertex 22.3499 5.45363 0
    endloop
  endfacet
  facet normal 0 0 -1
    outer loop
      vertex 22.208 4.9241 0
      vertex 16.35 10.85 0
      vertex 22.2616 5.19352 0
    endloop
  endfacet
  facet normal 0 0 -1
    outer loop
      vertex 16.35 10.85 0
      vertex 22.208 4.9241 0
      vertex 22.19 4.65 0
    endloop
  endfacet
  facet normal 0 0 -1
    outer loop
      vertex 7.01422 6.32176 0
      vertex 16.35 10.85 0
      vertex 7.04102 6.18705 0
    endloop
  endfacet
  facet normal 0 0 -1
    outer loop
      vertex 6.97007 6.45182 0
      vertex 16.35 10.85 0
      vertex 7.01422 6.32176 0
    endloop
  endfacet
  facet normal 0 0 -1
    outer loop
      vertex 16.35 22.05 0
      vertex 7.02007 28.4982 0
      vertex 7.06422 28.6282 0
    endloop
  endfacet
  facet normal 0 0 -1
    outer loop
      vertex 6.90933 6.575 0
      vertex 16.35 10.85 0
      vertex 6.97007 6.45182 0
    endloop
  endfacet
  facet normal 0 0 -1
    outer loop
      vertex 16.35 22.05 0
      vertex 6.95933 28.375 0
      vertex 7.02007 28.4982 0
    endloop
  endfacet
  facet normal 0 0 -1
    outer loop
      vertex 6.83302 6.6892 0
      vertex 16.35 10.85 0
      vertex 6.90933 6.575 0
    endloop
  endfacet
  facet normal 0 0 -1
    outer loop
      vertex 16.35 22.05 0
      vertex 6.88302 28.2608 0
      vertex 6.95933 28.375 0
    endloop
  endfacet
  facet normal 0 0 -1
    outer loop
      vertex 6.74246 6.79246 0
      vertex 16.35 10.85 0
      vertex 6.83302 6.6892 0
    endloop
  endfacet
  facet normal 0 0 -1
    outer loop
      vertex 16.35 22.05 0
      vertex 6.79246 28.1575 0
      vertex 6.88302 28.2608 0
    endloop
  endfacet
  facet normal 0 0 -1
    outer loop
      vertex 6.6392 6.88302 0
      vertex 16.35 10.85 0
      vertex 6.74246 6.79246 0
    endloop
  endfacet
  facet normal 0 0 -1
    outer loop
      vertex 16.35 22.05 0
      vertex 6.6892 28.067 0
      vertex 6.79246 28.1575 0
    endloop
  endfacet
  facet normal 0 0 -1
    outer loop
      vertex 16.35 12.45 0
      vertex 6.6392 6.88302 0
      vertex 6.525 6.95933 0
    endloop
  endfacet
  facet normal 0 0 -1
    outer loop
      vertex 16.35 22.05 0
      vertex 6.575 27.9907 0
      vertex 6.6892 28.067 0
    endloop
  endfacet
  facet normal 0 0 -1
    outer loop
      vertex 6.27176 7.06422 0
      vertex 16.35 14.05 0
      vertex 6.40182 7.02007 0
    endloop
  endfacet
  facet normal 0 0 -1
    outer loop
      vertex 16.35 22.05 0
      vertex 6.45182 27.9299 0
      vertex 6.575 27.9907 0
    endloop
  endfacet
  facet normal -0 0 -1
    outer loop
      vertex 16.35 15.65 0
      vertex 6.13705 7.09102 0
      vertex 16.35 17.25 0
    endloop
  endfacet
  facet normal 0 0 -1
    outer loop
      vertex 16.35 20.45 0
      vertex 6.45182 27.9299 0
      vertex 16.35 22.05 0
    endloop
  endfacet
  facet normal 0 0 -1
    outer loop
      vertex 16.35 17.25 0
      vertex 6.05 27.85 0
      vertex 16.35 18.85 0
    endloop
  endfacet
  facet normal 0 -0 -1
    outer loop
      vertex 6.45182 27.9299 0
      vertex 16.35 20.45 0
      vertex 6.32176 27.8858 0
    endloop
  endfacet
  facet normal 0 0 -1
    outer loop
      vertex 16.35 18.85 0
      vertex 6.32176 27.8858 0
      vertex 16.35 20.45 0
    endloop
  endfacet
  facet normal 0 -0 -1
    outer loop
      vertex 6.32176 27.8858 0
      vertex 16.35 18.85 0
      vertex 6.18705 27.859 0
    endloop
  endfacet
  facet normal 0 -0 -1
    outer loop
      vertex 6.18705 27.859 0
      vertex 16.35 18.85 0
      vertex 6.05 27.85 0
    endloop
  endfacet
  facet normal 0 0 -1
    outer loop
      vertex 6 7.1 0
      vertex 5.91295 27.859 0
      vertex 6.05 27.85 0
    endloop
  endfacet
  facet normal 0 0 -1
    outer loop
      vertex 5.86295 7.09102 0
      vertex 5.91295 27.859 0
      vertex 6 7.1 0
    endloop
  endfacet
  facet normal 0 0 -1
    outer loop
      vertex 5.86295 7.09102 0
      vertex 5.77824 27.8858 0
      vertex 5.91295 27.859 0
    endloop
  endfacet
  facet normal 0 0 -1
    outer loop
      vertex 5.72824 7.06422 0
      vertex 5.77824 27.8858 0
      vertex 5.86295 7.09102 0
    endloop
  endfacet
  facet normal 0 0 -1
    outer loop
      vertex 5.72824 7.06422 0
      vertex 5.64818 27.9299 0
      vertex 5.77824 27.8858 0
    endloop
  endfacet
  facet normal 0 0 -1
    outer loop
      vertex 5.59818 7.02007 0
      vertex 5.64818 27.9299 0
      vertex 5.72824 7.06422 0
    endloop
  endfacet
  facet normal 0 0 -1
    outer loop
      vertex 5.59818 7.02007 0
      vertex 5.525 27.9907 0
      vertex 5.64818 27.9299 0
    endloop
  endfacet
  facet normal 0 0 -1
    outer loop
      vertex 5.475 6.95933 0
      vertex 5.525 27.9907 0
      vertex 5.59818 7.02007 0
    endloop
  endfacet
  facet normal 0 0 -1
    outer loop
      vertex 5.475 6.95933 0
      vertex 5.4108 28.067 0
      vertex 5.525 27.9907 0
    endloop
  endfacet
  facet normal 0 0 -1
    outer loop
      vertex 5.3608 6.88302 0
      vertex 5.4108 28.067 0
      vertex 5.475 6.95933 0
    endloop
  endfacet
  facet normal 0 0 -1
    outer loop
      vertex 0 30.9 0
      vertex 5.4108 28.067 0
      vertex 5.3608 6.88302 0
    endloop
  endfacet
  facet normal 0 0 -1
    outer loop
      vertex 0 30.9 0
      vertex 5.3608 6.88302 0
      vertex 5.25754 6.79246 0
    endloop
  endfacet
  facet normal 0 0 -1
    outer loop
      vertex 5.4108 28.067 0
      vertex 0 30.9 0
      vertex 5.30754 28.1575 0
    endloop
  endfacet
  facet normal 0 0 -1
    outer loop
      vertex 0 30.9 0
      vertex 5.25754 6.79246 0
      vertex 5.16698 6.6892 0
    endloop
  endfacet
  facet normal 0 0 -1
    outer loop
      vertex 5.30754 28.1575 0
      vertex 0 30.9 0
      vertex 5.21698 28.2608 0
    endloop
  endfacet
  facet normal 0 0 -1
    outer loop
      vertex 0 30.9 0
      vertex 5.16698 6.6892 0
      vertex 5.09067 6.575 0
    endloop
  endfacet
  facet normal 0 0 -1
    outer loop
      vertex 5.21698 28.2608 0
      vertex 0 30.9 0
      vertex 5.14067 28.375 0
    endloop
  endfacet
  facet normal 0 0 -1
    outer loop
      vertex 0 30.9 0
      vertex 5.09067 6.575 0
      vertex 5.02993 6.45182 0
    endloop
  endfacet
  facet normal 0 0 -1
    outer loop
      vertex 5.14067 28.375 0
      vertex 0 30.9 0
      vertex 5.07993 28.4982 0
    endloop
  endfacet
  facet normal 0 0 -1
    outer loop
      vertex 0 30.9 0
      vertex 5.02993 6.45182 0
      vertex 4.98578 6.32176 0
    endloop
  endfacet
  facet normal 0 0 -1
    outer loop
      vertex 5.07993 28.4982 0
      vertex 0 30.9 0
      vertex 5.03578 28.6282 0
    endloop
  endfacet
  facet normal 0 0 -1
    outer loop
      vertex 0 30.9 0
      vertex 4.98578 6.32176 0
      vertex 4.95898 6.18705 0
    endloop
  endfacet
  facet normal -0.997859 0.0654021 0
    outer loop
      vertex 0 30.9 0
      vertex 0.0342197 31.4221 15.2
      vertex 0.0342197 31.4221 0
    endloop
  endfacet
  facet normal -0.997859 0.0654021 0
    outer loop
      vertex 0.0342197 31.4221 15.2
      vertex 0 30.9 0
      vertex 0 30.9 15.2
    endloop
  endfacet
  facet normal 0.751826 -0.659362 0
    outer loop
      vertex 68.7284 1.17157 15.2
      vertex 69.0734 1.56495 0
      vertex 69.0734 1.56495 15.2
    endloop
  endfacet
  facet normal 0.751826 -0.659362 0
    outer loop
      vertex 69.0734 1.56495 0
      vertex 68.7284 1.17157 15.2
      vertex 68.7284 1.17157 0
    endloop
  endfacet
  facet normal -0.946918 0.321474 0
    outer loop
      vertex 0.136296 31.9353 0
      vertex 0.304482 32.4307 15.2
      vertex 0.304482 32.4307 0
    endloop
  endfacet
  facet normal -0.946918 0.321474 0
    outer loop
      vertex 0.304482 32.4307 15.2
      vertex 0.136296 31.9353 0
      vertex 0.136296 31.9353 15.2
    endloop
  endfacet
  facet normal 0.0654021 -0.997859 0
    outer loop
      vertex 65.9 0 0
      vertex 66.4221 0.0342197 15.2
      vertex 65.9 0 15.2
    endloop
  endfacet
  facet normal 0.0654021 -0.997859 0
    outer loop
      vertex 66.4221 0.0342197 15.2
      vertex 65.9 0 0
      vertex 66.4221 0.0342197 0
    endloop
  endfacet
  facet normal -0.442285 -0.896875 0
    outer loop
      vertex 2 0.535898 0
      vertex 2.46927 0.304482 15.2
      vertex 2 0.535898 15.2
    endloop
  endfacet
  facet normal -0.442285 -0.896875 -0
    outer loop
      vertex 2.46927 0.304482 15.2
      vertex 2 0.535898 0
      vertex 2.46927 0.304482 0
    endloop
  endfacet
  facet normal -0.195091 -0.980785 0
    outer loop
      vertex 2.96472 0.136296 0
      vertex 3.47789 0.0342197 15.2
      vertex 2.96472 0.136296 15.2
    endloop
  endfacet
  facet normal -0.195091 -0.980785 -0
    outer loop
      vertex 3.47789 0.0342197 15.2
      vertex 2.96472 0.136296 0
      vertex 3.47789 0.0342197 0
    endloop
  endfacet
  facet normal -0.0653634 0.997862 0
    outer loop
      vertex 4 34.9 0
      vertex 3.47789 34.8658 15.2
      vertex 4 34.9 15.2
    endloop
  endfacet
  facet normal -0.0653634 0.997862 0
    outer loop
      vertex 3.47789 34.8658 15.2
      vertex 4 34.9 0
      vertex 3.47789 34.8658 0
    endloop
  endfacet
  facet normal -0.195135 0.980776 0
    outer loop
      vertex 3.47789 34.8658 0
      vertex 2.96472 34.7637 15.2
      vertex 3.47789 34.8658 15.2
    endloop
  endfacet
  facet normal -0.195135 0.980776 0
    outer loop
      vertex 2.96472 34.7637 15.2
      vertex 3.47789 34.8658 0
      vertex 2.96472 34.7637 0
    endloop
  endfacet
  facet normal -0.555582 0.831462 0
    outer loop
      vertex 2 34.3641 0
      vertex 1.56495 34.0734 15.2
      vertex 2 34.3641 15.2
    endloop
  endfacet
  facet normal -0.555582 0.831462 0
    outer loop
      vertex 1.56495 34.0734 15.2
      vertex 2 34.3641 0
      vertex 1.56495 34.0734 0
    endloop
  endfacet
  facet normal 0.896898 0.442238 0
    outer loop
      vertex 69.5955 32.4307 15.2
      vertex 69.3641 32.9 0
      vertex 69.3641 32.9 15.2
    endloop
  endfacet
  facet normal 0.896898 0.442238 0
    outer loop
      vertex 69.3641 32.9 0
      vertex 69.5955 32.4307 15.2
      vertex 69.5955 32.4307 0
    endloop
  endfacet
  facet normal -0.659362 0.751826 0
    outer loop
      vertex 1.56495 34.0734 0
      vertex 1.17157 33.7284 15.2
      vertex 1.56495 34.0734 15.2
    endloop
  endfacet
  facet normal -0.659362 0.751826 0
    outer loop
      vertex 1.17157 33.7284 15.2
      vertex 1.56495 34.0734 0
      vertex 1.17157 33.7284 0
    endloop
  endfacet
  facet normal -0.555566 -0.831472 0
    outer loop
      vertex 1.56495 0.826586 0
      vertex 2 0.535898 15.2
      vertex 1.56495 0.826586 15.2
    endloop
  endfacet
  facet normal -0.555566 -0.831472 -0
    outer loop
      vertex 2 0.535898 15.2
      vertex 1.56495 0.826586 0
      vertex 2 0.535898 0
    endloop
  endfacet
  facet normal 0.751842 0.659343 0
    outer loop
      vertex 69.0734 33.335 15.2
      vertex 68.7284 33.7284 0
      vertex 68.7284 33.7284 15.2
    endloop
  endfacet
  facet normal 0.751842 0.659343 0
    outer loop
      vertex 68.7284 33.7284 0
      vertex 69.0734 33.335 15.2
      vertex 69.0734 33.335 0
    endloop
  endfacet
  facet normal -0.831472 -0.555566 0
    outer loop
      vertex 0.826586 1.56495 0
      vertex 0.535898 2 15.2
      vertex 0.535898 2 0
    endloop
  endfacet
  facet normal -0.831472 -0.555566 0
    outer loop
      vertex 0.535898 2 15.2
      vertex 0.826586 1.56495 0
      vertex 0.826586 1.56495 15.2
    endloop
  endfacet
  facet normal -0.980787 0.19508 0
    outer loop
      vertex 0.0342197 31.4221 0
      vertex 0.136296 31.9353 15.2
      vertex 0.136296 31.9353 0
    endloop
  endfacet
  facet normal -0.980787 0.19508 0
    outer loop
      vertex 0.136296 31.9353 15.2
      vertex 0.0342197 31.4221 0
      vertex 0.0342197 31.4221 15.2
    endloop
  endfacet
  facet normal 0.321498 0.94691 -0
    outer loop
      vertex 67.4307 34.5955 0
      vertex 66.9353 34.7637 15.2
      vertex 67.4307 34.5955 15.2
    endloop
  endfacet
  facet normal 0.321498 0.94691 0
    outer loop
      vertex 66.9353 34.7637 15.2
      vertex 67.4307 34.5955 0
      vertex 66.9353 34.7637 0
    endloop
  endfacet
  facet normal 0.442238 0.896898 -0
    outer loop
      vertex 67.9 34.3641 0
      vertex 67.4307 34.5955 15.2
      vertex 67.9 34.3641 15.2
    endloop
  endfacet
  facet normal 0.442238 0.896898 0
    outer loop
      vertex 67.4307 34.5955 15.2
      vertex 67.9 34.3641 0
      vertex 67.4307 34.5955 0
    endloop
  endfacet
  facet normal 0.831462 -0.555582 0
    outer loop
      vertex 69.0734 1.56495 15.2
      vertex 69.3641 2 0
      vertex 69.3641 2 15.2
    endloop
  endfacet
  facet normal 0.831462 -0.555582 0
    outer loop
      vertex 69.3641 2 0
      vertex 69.0734 1.56495 15.2
      vertex 69.0734 1.56495 0
    endloop
  endfacet
  facet normal -0.896875 -0.442285 0
    outer loop
      vertex 0.535898 2 0
      vertex 0.304482 2.46927 15.2
      vertex 0.304482 2.46927 0
    endloop
  endfacet
  facet normal -0.896875 -0.442285 0
    outer loop
      vertex 0.304482 2.46927 15.2
      vertex 0.535898 2 0
      vertex 0.535898 2 15.2
    endloop
  endfacet
  facet normal 0.55561 -0.831443 0
    outer loop
      vertex 67.9 0.535898 0
      vertex 68.335 0.826586 15.2
      vertex 67.9 0.535898 15.2
    endloop
  endfacet
  facet normal 0.55561 -0.831443 0
    outer loop
      vertex 68.335 0.826586 15.2
      vertex 67.9 0.535898 0
      vertex 68.335 0.826586 0
    endloop
  endfacet
  facet normal 0.94691 0.321498 0
    outer loop
      vertex 69.7637 31.9353 15.2
      vertex 69.5955 32.4307 0
      vertex 69.5955 32.4307 15.2
    endloop
  endfacet
  facet normal 0.94691 0.321498 0
    outer loop
      vertex 69.5955 32.4307 0
      vertex 69.7637 31.9353 15.2
      vertex 69.7637 31.9353 0
    endloop
  endfacet
  facet normal 0.980779 0.195124 0
    outer loop
      vertex 69.8658 31.4221 15.2
      vertex 69.7637 31.9353 0
      vertex 69.7637 31.9353 15.2
    endloop
  endfacet
  facet normal 0.980779 0.195124 0
    outer loop
      vertex 69.7637 31.9353 0
      vertex 69.8658 31.4221 15.2
      vertex 69.8658 31.4221 0
    endloop
  endfacet
  facet normal 0.659343 0.751842 -0
    outer loop
      vertex 68.7284 33.7284 0
      vertex 68.335 34.0734 15.2
      vertex 68.7284 33.7284 15.2
    endloop
  endfacet
  facet normal 0.659343 0.751842 0
    outer loop
      vertex 68.335 34.0734 15.2
      vertex 68.7284 33.7284 0
      vertex 68.335 34.0734 0
    endloop
  endfacet
  facet normal 0.980776 -0.195135 0
    outer loop
      vertex 69.7637 2.96472 15.2
      vertex 69.8658 3.47789 0
      vertex 69.8658 3.47789 15.2
    endloop
  endfacet
  facet normal 0.980776 -0.195135 0
    outer loop
      vertex 69.8658 3.47789 0
      vertex 69.7637 2.96472 15.2
      vertex 69.7637 2.96472 0
    endloop
  endfacet
  facet normal -0.659345 -0.751841 0
    outer loop
      vertex 1.17157 1.17157 0
      vertex 1.56495 0.826586 15.2
      vertex 1.17157 1.17157 15.2
    endloop
  endfacet
  facet normal -0.659345 -0.751841 -0
    outer loop
      vertex 1.56495 0.826586 15.2
      vertex 1.17157 1.17157 0
      vertex 1.56495 0.826586 0
    endloop
  endfacet
  facet normal -0.751841 -0.659345 0
    outer loop
      vertex 1.17157 1.17157 0
      vertex 0.826586 1.56495 15.2
      vertex 0.826586 1.56495 0
    endloop
  endfacet
  facet normal -0.751841 -0.659345 0
    outer loop
      vertex 0.826586 1.56495 15.2
      vertex 1.17157 1.17157 0
      vertex 1.17157 1.17157 15.2
    endloop
  endfacet
  facet normal 0.659326 -0.751857 0
    outer loop
      vertex 68.335 0.826586 0
      vertex 68.7284 1.17157 15.2
      vertex 68.335 0.826586 15.2
    endloop
  endfacet
  facet normal 0.659326 -0.751857 0
    outer loop
      vertex 68.7284 1.17157 15.2
      vertex 68.335 0.826586 0
      vertex 68.7284 1.17157 0
    endloop
  endfacet
  facet normal 0.94692 -0.321469 0
    outer loop
      vertex 69.5955 2.46927 15.2
      vertex 69.7637 2.96472 0
      vertex 69.7637 2.96472 15.2
    endloop
  endfacet
  facet normal 0.94692 -0.321469 0
    outer loop
      vertex 69.7637 2.96472 0
      vertex 69.5955 2.46927 15.2
      vertex 69.5955 2.46927 0
    endloop
  endfacet
  facet normal 0.555626 0.831432 -0
    outer loop
      vertex 68.335 34.0734 0
      vertex 67.9 34.3641 15.2
      vertex 68.335 34.0734 15.2
    endloop
  endfacet
  facet normal 0.555626 0.831432 0
    outer loop
      vertex 67.9 34.3641 15.2
      vertex 68.335 34.0734 0
      vertex 67.9 34.3641 0
    endloop
  endfacet
  facet normal -0.896886 0.442262 0
    outer loop
      vertex 0.304482 32.4307 0
      vertex 0.535898 32.9 15.2
      vertex 0.535898 32.9 0
    endloop
  endfacet
  facet normal -0.896886 0.442262 0
    outer loop
      vertex 0.535898 32.9 15.2
      vertex 0.304482 32.4307 0
      vertex 0.304482 32.4307 15.2
    endloop
  endfacet
  facet normal 0 0 1
    outer loop
      vertex 69.8658 31.4221 15.2
      vertex 67.8829 31.1611 15.2
      vertex 67.9 30.9 15.2
    endloop
  endfacet
  facet normal 0 0 1
    outer loop
      vertex 68.335 34.0734 15.2
      vertex 67.8318 31.4176 15.2
      vertex 67.8829 31.1611 15.2
    endloop
  endfacet
  facet normal 0 0 1
    outer loop
      vertex 68.335 34.0734 15.2
      vertex 67.7478 31.6654 15.2
      vertex 67.8318 31.4176 15.2
    endloop
  endfacet
  facet normal 0 0 1
    outer loop
      vertex 68.335 34.0734 15.2
      vertex 67.632 31.9 15.2
      vertex 67.7478 31.6654 15.2
    endloop
  endfacet
  facet normal 0 0 1
    outer loop
      vertex 68.335 34.0734 15.2
      vertex 67.4867 32.1175 15.2
      vertex 67.632 31.9 15.2
    endloop
  endfacet
  facet normal 0 0 1
    outer loop
      vertex 66.9 32.632 15.2
      vertex 67.9 34.3641 15.2
      vertex 67.4307 34.5955 15.2
    endloop
  endfacet
  facet normal 0 0 1
    outer loop
      vertex 68.335 34.0734 15.2
      vertex 67.3142 32.3142 15.2
      vertex 67.4867 32.1175 15.2
    endloop
  endfacet
  facet normal 0 0 1
    outer loop
      vertex 68.335 34.0734 15.2
      vertex 67.1175 32.4867 15.2
      vertex 67.3142 32.3142 15.2
    endloop
  endfacet
  facet normal 0 0 1
    outer loop
      vertex 66.6654 32.7478 15.2
      vertex 67.4307 34.5955 15.2
      vertex 66.9353 34.7637 15.2
    endloop
  endfacet
  facet normal 0 0 1
    outer loop
      vertex 67.9 34.3641 15.2
      vertex 66.9 32.632 15.2
      vertex 67.1175 32.4867 15.2
    endloop
  endfacet
  facet normal 0 0 1
    outer loop
      vertex 67.4307 34.5955 15.2
      vertex 66.6654 32.7478 15.2
      vertex 66.9 32.632 15.2
    endloop
  endfacet
  facet normal 0 0 1
    outer loop
      vertex 66.4176 32.8319 15.2
      vertex 66.9353 34.7637 15.2
      vertex 66.4221 34.8658 15.2
    endloop
  endfacet
  facet normal 0 0 1
    outer loop
      vertex 66.9353 34.7637 15.2
      vertex 66.4176 32.8319 15.2
      vertex 66.6654 32.7478 15.2
    endloop
  endfacet
  facet normal 0 0 1
    outer loop
      vertex 66.4221 34.8658 15.2
      vertex 66.161 32.8829 15.2
      vertex 66.4176 32.8319 15.2
    endloop
  endfacet
  facet normal 0 0 1
    outer loop
      vertex 65.9 34.9 15.2
      vertex 66.161 32.8829 15.2
      vertex 66.4221 34.8658 15.2
    endloop
  endfacet
  facet normal 0 0 1
    outer loop
      vertex 65.9 34.9 15.2
      vertex 65.9 32.9 15.2
      vertex 66.161 32.8829 15.2
    endloop
  endfacet
  facet normal -0 0 1
    outer loop
      vertex 61.1 34.9 15.2
      vertex 65.9 32.9 15.2
      vertex 65.9 34.9 15.2
    endloop
  endfacet
  facet normal 0 0 1
    outer loop
      vertex 65.9 32.9 15.2
      vertex 61.1 34.9 15.2
      vertex 61.1 32.9 15.2
    endloop
  endfacet
  facet normal 0 0 1
    outer loop
      vertex 67.9 30.9 15.2
      vertex 69.9 30.9 15.2
      vertex 69.8658 31.4221 15.2
    endloop
  endfacet
  facet normal 0 0 1
    outer loop
      vertex 69.9 30.9 15.2
      vertex 67.9 30.9 15.2
      vertex 69.9 4 15.2
    endloop
  endfacet
  facet normal 0 0 1
    outer loop
      vertex 67.8829 31.1611 15.2
      vertex 69.8658 31.4221 15.2
      vertex 69.7637 31.9353 15.2
    endloop
  endfacet
  facet normal 0 0 1
    outer loop
      vertex 67.9 4 15.2
      vertex 69.9 4 15.2
      vertex 67.9 30.9 15.2
    endloop
  endfacet
  facet normal 0 0 1
    outer loop
      vertex 67.8829 31.1611 15.2
      vertex 69.7637 31.9353 15.2
      vertex 69.5955 32.4307 15.2
    endloop
  endfacet
  facet normal 0 0 1
    outer loop
      vertex 69.9 4 15.2
      vertex 67.9 4 15.2
      vertex 69.8658 3.47789 15.2
    endloop
  endfacet
  facet normal 0 0 1
    outer loop
      vertex 67.8829 31.1611 15.2
      vertex 69.5955 32.4307 15.2
      vertex 69.3641 32.9 15.2
    endloop
  endfacet
  facet normal -0 0 1
    outer loop
      vertex 67.8829 3.73895 15.2
      vertex 69.8658 3.47789 15.2
      vertex 67.9 4 15.2
    endloop
  endfacet
  facet normal 0 0 1
    outer loop
      vertex 67.8829 31.1611 15.2
      vertex 69.3641 32.9 15.2
      vertex 69.0734 33.335 15.2
    endloop
  endfacet
  facet normal 0 0 1
    outer loop
      vertex 69.8658 3.47789 15.2
      vertex 67.8829 3.73895 15.2
      vertex 69.7637 2.96472 15.2
    endloop
  endfacet
  facet normal 0 0 1
    outer loop
      vertex 67.8829 31.1611 15.2
      vertex 69.0734 33.335 15.2
      vertex 68.7284 33.7284 15.2
    endloop
  endfacet
  facet normal -0 0 1
    outer loop
      vertex 67.8318 3.48236 15.2
      vertex 69.7637 2.96472 15.2
      vertex 67.8829 3.73895 15.2
    endloop
  endfacet
  facet normal 0 0 1
    outer loop
      vertex 67.8829 31.1611 15.2
      vertex 68.7284 33.7284 15.2
      vertex 68.335 34.0734 15.2
    endloop
  endfacet
  facet normal 0 0 1
    outer loop
      vertex 69.7637 2.96472 15.2
      vertex 67.8318 3.48236 15.2
      vertex 69.5955 2.46927 15.2
    endloop
  endfacet
  facet normal 0 0 1
    outer loop
      vertex 67.1175 32.4867 15.2
      vertex 68.335 34.0734 15.2
      vertex 67.9 34.3641 15.2
    endloop
  endfacet
  facet normal -0 0 1
    outer loop
      vertex 67.7478 3.23463 15.2
      vertex 69.5955 2.46927 15.2
      vertex 67.8318 3.48236 15.2
    endloop
  endfacet
  facet normal 0 0 1
    outer loop
      vertex 69.5955 2.46927 15.2
      vertex 67.7478 3.23463 15.2
      vertex 69.3641 2 15.2
    endloop
  endfacet
  facet normal -0 0 1
    outer loop
      vertex 67.632 3 15.2
      vertex 69.3641 2 15.2
      vertex 67.7478 3.23463 15.2
    endloop
  endfacet
  facet normal 0 0 1
    outer loop
      vertex 69.3641 2 15.2
      vertex 67.632 3 15.2
      vertex 69.0734 1.56495 15.2
    endloop
  endfacet
  facet normal -0 0 1
    outer loop
      vertex 67.4867 2.78248 15.2
      vertex 69.0734 1.56495 15.2
      vertex 67.632 3 15.2
    endloop
  endfacet
  facet normal 0 0 1
    outer loop
      vertex 69.0734 1.56495 15.2
      vertex 67.4867 2.78248 15.2
      vertex 68.7284 1.17157 15.2
    endloop
  endfacet
  facet normal -0 0 1
    outer loop
      vertex 67.3142 2.58579 15.2
      vertex 68.7284 1.17157 15.2
      vertex 67.4867 2.78248 15.2
    endloop
  endfacet
  facet normal 0 0 1
    outer loop
      vertex 68.7284 1.17157 15.2
      vertex 67.3142 2.58579 15.2
      vertex 68.335 0.826586 15.2
    endloop
  endfacet
  facet normal -0 0 1
    outer loop
      vertex 67.1175 2.41329 15.2
      vertex 68.335 0.826586 15.2
      vertex 67.3142 2.58579 15.2
    endloop
  endfacet
  facet normal 0 0 1
    outer loop
      vertex 68.335 0.826586 15.2
      vertex 67.1175 2.41329 15.2
      vertex 67.9 0.535898 15.2
    endloop
  endfacet
  facet normal -0 0 1
    outer loop
      vertex 66.9 2.26795 15.2
      vertex 67.9 0.535898 15.2
      vertex 67.1175 2.41329 15.2
    endloop
  endfacet
  facet normal 0 0 1
    outer loop
      vertex 67.9 0.535898 15.2
      vertex 66.9 2.26795 15.2
      vertex 67.4307 0.304482 15.2
    endloop
  endfacet
  facet normal -0 0 1
    outer loop
      vertex 66.6654 2.15224 15.2
      vertex 67.4307 0.304482 15.2
      vertex 66.9 2.26795 15.2
    endloop
  endfacet
  facet normal 0 0 1
    outer loop
      vertex 67.4307 0.304482 15.2
      vertex 66.6654 2.15224 15.2
      vertex 66.9353 0.136296 15.2
    endloop
  endfacet
  facet normal -0 0 1
    outer loop
      vertex 66.4176 2.06815 15.2
      vertex 66.9353 0.136296 15.2
      vertex 66.6654 2.15224 15.2
    endloop
  endfacet
  facet normal 0 0 1
    outer loop
      vertex 66.9353 0.136296 15.2
      vertex 66.4176 2.06815 15.2
      vertex 66.4221 0.0342197 15.2
    endloop
  endfacet
  facet normal -0 0 1
    outer loop
      vertex 66.161 2.01711 15.2
      vertex 66.4221 0.0342197 15.2
      vertex 66.4176 2.06815 15.2
    endloop
  endfacet
  facet normal -0 0 1
    outer loop
      vertex 65.9 2 15.2
      vertex 66.4221 0.0342197 15.2
      vertex 66.161 2.01711 15.2
    endloop
  endfacet
  facet normal 0 0 1
    outer loop
      vertex 65.9 2 15.2
      vertex 65.9 0 15.2
      vertex 66.4221 0.0342197 15.2
    endloop
  endfacet
  facet normal -0 0 1
    outer loop
      vertex 4 2 15.2
      vertex 65.9 0 15.2
      vertex 65.9 2 15.2
    endloop
  endfacet
  facet normal 0 0 1
    outer loop
      vertex 4 2 15.2
      vertex 4 0 15.2
      vertex 65.9 0 15.2
    endloop
  endfacet
  facet normal 0 0 1
    outer loop
      vertex 3.73895 2.01711 15.2
      vertex 4 0 15.2
      vertex 4 2 15.2
    endloop
  endfacet
  facet normal 0 0 1
    outer loop
      vertex 3.47789 0.0342197 15.2
      vertex 3.73895 2.01711 15.2
      vertex 3.48236 2.06815 15.2
    endloop
  endfacet
  facet normal 0 0 1
    outer loop
      vertex 3.73895 2.01711 15.2
      vertex 3.47789 0.0342197 15.2
      vertex 4 0 15.2
    endloop
  endfacet
  facet normal 0 0 1
    outer loop
      vertex 2.96472 0.136296 15.2
      vertex 3.48236 2.06815 15.2
      vertex 3.23463 2.15224 15.2
    endloop
  endfacet
  facet normal 0 0 1
    outer loop
      vertex 2.46927 0.304482 15.2
      vertex 3.23463 2.15224 15.2
      vertex 3 2.26795 15.2
    endloop
  endfacet
  facet normal 0 0 1
    outer loop
      vertex 3.48236 2.06815 15.2
      vertex 2.96472 0.136296 15.2
      vertex 3.47789 0.0342197 15.2
    endloop
  endfacet
  facet normal 0 0 1
    outer loop
      vertex 2 0.535898 15.2
      vertex 3 2.26795 15.2
      vertex 2.78248 2.41329 15.2
    endloop
  endfacet
  facet normal 0 0 1
    outer loop
      vertex 1.56495 0.826586 15.2
      vertex 2.78248 2.41329 15.2
      vertex 2.58579 2.58579 15.2
    endloop
  endfacet
  facet normal 0 0 1
    outer loop
      vertex 3.23463 2.15224 15.2
      vertex 2.46927 0.304482 15.2
      vertex 2.96472 0.136296 15.2
    endloop
  endfacet
  facet normal 0 0 1
    outer loop
      vertex 1.17157 1.17157 15.2
      vertex 2.58579 2.58579 15.2
      vertex 2.41329 2.78248 15.2
    endloop
  endfacet
  facet normal 0 0 1
    outer loop
      vertex 0.826586 1.56495 15.2
      vertex 2.41329 2.78248 15.2
      vertex 2.26795 3 15.2
    endloop
  endfacet
  facet normal 0 0 1
    outer loop
      vertex 0.535898 2 15.2
      vertex 2.26795 3 15.2
      vertex 2.15224 3.23463 15.2
    endloop
  endfacet
  facet normal 0 0 1
    outer loop
      vertex 0.304482 2.46927 15.2
      vertex 2.15224 3.23463 15.2
      vertex 2.06815 3.48236 15.2
    endloop
  endfacet
  facet normal 0 0 1
    outer loop
      vertex 0.136296 2.96472 15.2
      vertex 2.06815 3.48236 15.2
      vertex 2.01711 3.73895 15.2
    endloop
  endfacet
  facet normal 0 0 1
    outer loop
      vertex 3 2.26795 15.2
      vertex 2 0.535898 15.2
      vertex 2.46927 0.304482 15.2
    endloop
  endfacet
  facet normal 0 0 1
    outer loop
      vertex 0.0342197 3.47789 15.2
      vertex 2.01711 3.73895 15.2
      vertex 2 4 15.2
    endloop
  endfacet
  facet normal -0 0 1
    outer loop
      vertex 4 34.9 15.2
      vertex 8.7 32.9 15.2
      vertex 8.7 34.9 15.2
    endloop
  endfacet
  facet normal 0 0 1
    outer loop
      vertex 4 34.9 15.2
      vertex 4 32.9 15.2
      vertex 8.7 32.9 15.2
    endloop
  endfacet
  facet normal 0 0 1
    outer loop
      vertex 4 34.9 15.2
      vertex 3.73895 32.8829 15.2
      vertex 4 32.9 15.2
    endloop
  endfacet
  facet normal -0 0 1
    outer loop
      vertex 3.47789 34.8658 15.2
      vertex 3.73895 32.8829 15.2
      vertex 4 34.9 15.2
    endloop
  endfacet
  facet normal 0 0 1
    outer loop
      vertex 3.73895 32.8829 15.2
      vertex 3.47789 34.8658 15.2
      vertex 3.48236 32.8319 15.2
    endloop
  endfacet
  facet normal -0 0 1
    outer loop
      vertex 2.96472 34.7637 15.2
      vertex 3.48236 32.8319 15.2
      vertex 3.47789 34.8658 15.2
    endloop
  endfacet
  facet normal 0 0 1
    outer loop
      vertex 3.48236 32.8319 15.2
      vertex 2.96472 34.7637 15.2
      vertex 3.23463 32.7478 15.2
    endloop
  endfacet
  facet normal -0 0 1
    outer loop
      vertex 2.46927 34.5955 15.2
      vertex 3.23463 32.7478 15.2
      vertex 2.96472 34.7637 15.2
    endloop
  endfacet
  facet normal 0 0 1
    outer loop
      vertex 3.23463 32.7478 15.2
      vertex 2.46927 34.5955 15.2
      vertex 3 32.632 15.2
    endloop
  endfacet
  facet normal -0 0 1
    outer loop
      vertex 2 34.3641 15.2
      vertex 3 32.632 15.2
      vertex 2.46927 34.5955 15.2
    endloop
  endfacet
  facet normal 0 0 1
    outer loop
      vertex 3 32.632 15.2
      vertex 2 34.3641 15.2
      vertex 2.78248 32.4867 15.2
    endloop
  endfacet
  facet normal -0 0 1
    outer loop
      vertex 1.56495 34.0734 15.2
      vertex 2.78248 32.4867 15.2
      vertex 2 34.3641 15.2
    endloop
  endfacet
  facet normal 0 0 1
    outer loop
      vertex 2.78248 32.4867 15.2
      vertex 1.56495 34.0734 15.2
      vertex 2.58579 32.3142 15.2
    endloop
  endfacet
  facet normal -0 0 1
    outer loop
      vertex 1.17157 33.7284 15.2
      vertex 2.58579 32.3142 15.2
      vertex 1.56495 34.0734 15.2
    endloop
  endfacet
  facet normal 0 0 1
    outer loop
      vertex 2.58579 32.3142 15.2
      vertex 1.17157 33.7284 15.2
      vertex 2.41329 32.1175 15.2
    endloop
  endfacet
  facet normal -0 0 1
    outer loop
      vertex 0.826586 33.335 15.2
      vertex 2.41329 32.1175 15.2
      vertex 1.17157 33.7284 15.2
    endloop
  endfacet
  facet normal 0 0 1
    outer loop
      vertex 2.41329 32.1175 15.2
      vertex 0.826586 33.335 15.2
      vertex 2.26795 31.9 15.2
    endloop
  endfacet
  facet normal -0 0 1
    outer loop
      vertex 0.535898 32.9 15.2
      vertex 2.26795 31.9 15.2
      vertex 0.826586 33.335 15.2
    endloop
  endfacet
  facet normal 0 0 1
    outer loop
      vertex 2.26795 31.9 15.2
      vertex 0.535898 32.9 15.2
      vertex 2.15224 31.6654 15.2
    endloop
  endfacet
  facet normal 0 0 1
    outer loop
      vertex 2 30.9 15.2
      vertex 0 30.9 15.2
      vertex 2 4 15.2
    endloop
  endfacet
  facet normal -0 0 1
    outer loop
      vertex 0.304482 32.4307 15.2
      vertex 2.15224 31.6654 15.2
      vertex 0.535898 32.9 15.2
    endloop
  endfacet
  facet normal 0 0 1
    outer loop
      vertex 0 4 15.2
      vertex 2 4 15.2
      vertex 0 30.9 15.2
    endloop
  endfacet
  facet normal 0 0 1
    outer loop
      vertex 2.15224 31.6654 15.2
      vertex 0.304482 32.4307 15.2
      vertex 2.06815 31.4176 15.2
    endloop
  endfacet
  facet normal 0 -0 1
    outer loop
      vertex 0.0342197 3.47789 15.2
      vertex 2 4 15.2
      vertex 0 4 15.2
    endloop
  endfacet
  facet normal -0 0 1
    outer loop
      vertex 0.136296 31.9353 15.2
      vertex 2.06815 31.4176 15.2
      vertex 0.304482 32.4307 15.2
    endloop
  endfacet
  facet normal 0 0 1
    outer loop
      vertex 2.78248 2.41329 15.2
      vertex 1.56495 0.826586 15.2
      vertex 2 0.535898 15.2
    endloop
  endfacet
  facet normal 0 0 1
    outer loop
      vertex 2.06815 31.4176 15.2
      vertex 0.136296 31.9353 15.2
      vertex 2.01711 31.1611 15.2
    endloop
  endfacet
  facet normal 0 0 1
    outer loop
      vertex 2.58579 2.58579 15.2
      vertex 1.17157 1.17157 15.2
      vertex 1.56495 0.826586 15.2
    endloop
  endfacet
  facet normal -0 0 1
    outer loop
      vertex 0.0342197 31.4221 15.2
      vertex 2.01711 31.1611 15.2
      vertex 0.136296 31.9353 15.2
    endloop
  endfacet
  facet normal 0 0 1
    outer loop
      vertex 2.41329 2.78248 15.2
      vertex 0.826586 1.56495 15.2
      vertex 1.17157 1.17157 15.2
    endloop
  endfacet
  facet normal 0 0 1
    outer loop
      vertex 2.01711 31.1611 15.2
      vertex 0.0342197 31.4221 15.2
      vertex 2 30.9 15.2
    endloop
  endfacet
  facet normal 0 0 1
    outer loop
      vertex 2.26795 3 15.2
      vertex 0.535898 2 15.2
      vertex 0.826586 1.56495 15.2
    endloop
  endfacet
  facet normal 0 0 1
    outer loop
      vertex 2 30.9 15.2
      vertex 0.0342197 31.4221 15.2
      vertex 0 30.9 15.2
    endloop
  endfacet
  facet normal 0 0 1
    outer loop
      vertex 2.15224 3.23463 15.2
      vertex 0.304482 2.46927 15.2
      vertex 0.535898 2 15.2
    endloop
  endfacet
  facet normal 0 0 1
    outer loop
      vertex 2.06815 3.48236 15.2
      vertex 0.136296 2.96472 15.2
      vertex 0.304482 2.46927 15.2
    endloop
  endfacet
  facet normal 0 0 1
    outer loop
      vertex 2.01711 3.73895 15.2
      vertex 0.0342197 3.47789 15.2
      vertex 0.136296 2.96472 15.2
    endloop
  endfacet
  facet normal -0.321348 0.946961 0
    outer loop
      vertex 66.6654 2.15224 2
      vertex 66.4176 2.06815 15.2
      vertex 66.6654 2.15224 15.2
    endloop
  endfacet
  facet normal -0.321348 0.946961 0
    outer loop
      vertex 66.4176 2.06815 15.2
      vertex 66.6654 2.15224 2
      vertex 66.4176 2.06815 2
    endloop
  endfacet
  facet normal 0 0 1
    outer loop
      vertex 16.35 10.85 2
      vertex 9.17262 6.46768 2
      vertex 9.2 6.05 2
    endloop
  endfacet
  facet normal -0 0 1
    outer loop
      vertex 8.31274 26.6373 2
      vertex 16.35 22.05 2
      vertex 8.58873 26.952 2
    endloop
  endfacet
  facet normal 0 0 1
    outer loop
      vertex 16.35 17.25 2
      vertex 9.09096 6.87822 2
      vertex 9.17262 6.46768 2
    endloop
  endfacet
  facet normal -0 0 1
    outer loop
      vertex 7.99804 26.3613 2
      vertex 16.35 22.05 2
      vertex 8.31274 26.6373 2
    endloop
  endfacet
  facet normal 0 0 1
    outer loop
      vertex 16.35 17.25 2
      vertex 8.95641 7.27459 2
      vertex 9.09096 6.87822 2
    endloop
  endfacet
  facet normal -0 0 1
    outer loop
      vertex 7.65 26.1287 2
      vertex 16.35 22.05 2
      vertex 7.99804 26.3613 2
    endloop
  endfacet
  facet normal 0 0 1
    outer loop
      vertex 16.35 17.25 2
      vertex 8.77128 7.65 2
      vertex 8.95641 7.27459 2
    endloop
  endfacet
  facet normal 0 0 1
    outer loop
      vertex 16.35 22.05 2
      vertex 7.65 26.1287 2
      vertex 16.35 20.45 2
    endloop
  endfacet
  facet normal 0 0 1
    outer loop
      vertex 16.35 17.25 2
      vertex 8.53873 7.99804 2
      vertex 8.77128 7.65 2
    endloop
  endfacet
  facet normal -0 0 1
    outer loop
      vertex 7.27459 25.9436 2
      vertex 16.35 20.45 2
      vertex 7.65 26.1287 2
    endloop
  endfacet
  facet normal 0 0 1
    outer loop
      vertex 16.35 17.25 2
      vertex 8.26274 8.31274 2
      vertex 8.53873 7.99804 2
    endloop
  endfacet
  facet normal 0 0 1
    outer loop
      vertex 16.35 20.45 2
      vertex 7.27459 25.9436 2
      vertex 16.35 18.85 2
    endloop
  endfacet
  facet normal 0 0 1
    outer loop
      vertex 16.35 17.25 2
      vertex 7.94804 8.58873 2
      vertex 8.26274 8.31274 2
    endloop
  endfacet
  facet normal -0 0 1
    outer loop
      vertex 6.87822 25.809 2
      vertex 16.35 18.85 2
      vertex 7.27459 25.9436 2
    endloop
  endfacet
  facet normal 0 0 1
    outer loop
      vertex 16.35 17.25 2
      vertex 7.6 8.82128 2
      vertex 7.94804 8.58873 2
    endloop
  endfacet
  facet normal 0 0 1
    outer loop
      vertex 16.35 18.85 2
      vertex 6.87822 25.809 2
      vertex 16.35 17.25 2
    endloop
  endfacet
  facet normal 0 0 1
    outer loop
      vertex 16.35 17.25 2
      vertex 7.22459 9.00641 2
      vertex 7.6 8.82128 2
    endloop
  endfacet
  facet normal -0 0 1
    outer loop
      vertex 6.46768 25.7274 2
      vertex 16.35 17.25 2
      vertex 6.87822 25.809 2
    endloop
  endfacet
  facet normal 0 0 1
    outer loop
      vertex 16.35 17.25 2
      vertex 6.82822 9.14096 2
      vertex 7.22459 9.00641 2
    endloop
  endfacet
  facet normal 0 0 1
    outer loop
      vertex 6.41768 9.22262 2
      vertex 16.35 17.25 2
      vertex 6.46768 25.7274 2
    endloop
  endfacet
  facet normal 0 0 1
    outer loop
      vertex 16.35 17.25 2
      vertex 6.41768 9.22262 2
      vertex 6.82822 9.14096 2
    endloop
  endfacet
  facet normal -0 0 1
    outer loop
      vertex 6.05 25.7 2
      vertex 6.41768 9.22262 2
      vertex 6.46768 25.7274 2
    endloop
  endfacet
  facet normal 0 0 1
    outer loop
      vertex 6.05 25.7 2
      vertex 6 9.25 2
      vertex 6.41768 9.22262 2
    endloop
  endfacet
  facet normal 0 0 1
    outer loop
      vertex 5.63232 25.7274 2
      vertex 6 9.25 2
      vertex 6.05 25.7 2
    endloop
  endfacet
  facet normal 0 0 1
    outer loop
      vertex 5.63232 25.7274 2
      vertex 5.58232 9.22262 2
      vertex 6 9.25 2
    endloop
  endfacet
  facet normal 0 0 1
    outer loop
      vertex 5.22178 25.809 2
      vertex 5.58232 9.22262 2
      vertex 5.63232 25.7274 2
    endloop
  endfacet
  facet normal 0 0 1
    outer loop
      vertex 5.22178 25.809 2
      vertex 5.17178 9.14096 2
      vertex 5.58232 9.22262 2
    endloop
  endfacet
  facet normal 0 0 1
    outer loop
      vertex 4.82541 25.9436 2
      vertex 5.17178 9.14096 2
      vertex 5.22178 25.809 2
    endloop
  endfacet
  facet normal 0 0 1
    outer loop
      vertex 4.82541 25.9436 2
      vertex 4.77541 9.00641 2
      vertex 5.17178 9.14096 2
    endloop
  endfacet
  facet normal 0 0 1
    outer loop
      vertex 4.45 26.1287 2
      vertex 4.77541 9.00641 2
      vertex 4.82541 25.9436 2
    endloop
  endfacet
  facet normal 0 0 1
    outer loop
      vertex 4.45 26.1287 2
      vertex 4.4 8.82128 2
      vertex 4.77541 9.00641 2
    endloop
  endfacet
  facet normal 0 0 1
    outer loop
      vertex 4.10196 26.3613 2
      vertex 4.4 8.82128 2
      vertex 4.45 26.1287 2
    endloop
  endfacet
  facet normal 0 0 1
    outer loop
      vertex 4.10196 26.3613 2
      vertex 4.05196 8.58873 2
      vertex 4.4 8.82128 2
    endloop
  endfacet
  facet normal 0 0 1
    outer loop
      vertex 3.78726 26.6373 2
      vertex 4.05196 8.58873 2
      vertex 4.10196 26.3613 2
    endloop
  endfacet
  facet normal 0 0 1
    outer loop
      vertex 3.78726 26.6373 2
      vertex 3.73726 8.31274 2
      vertex 4.05196 8.58873 2
    endloop
  endfacet
  facet normal 0 0 1
    outer loop
      vertex 3.51127 26.952 2
      vertex 3.73726 8.31274 2
      vertex 3.78726 26.6373 2
    endloop
  endfacet
  facet normal 0 0 1
    outer loop
      vertex 3.51127 26.952 2
      vertex 3.46127 7.99804 2
      vertex 3.73726 8.31274 2
    endloop
  endfacet
  facet normal 0 0 1
    outer loop
      vertex 3.27872 27.3 2
      vertex 3.46127 7.99804 2
      vertex 3.51127 26.952 2
    endloop
  endfacet
  facet normal 0 0 1
    outer loop
      vertex 3.27872 27.3 2
      vertex 3.22872 7.65 2
      vertex 3.46127 7.99804 2
    endloop
  endfacet
  facet normal 0 0 1
    outer loop
      vertex 3.09359 27.6754 2
      vertex 3.22872 7.65 2
      vertex 3.27872 27.3 2
    endloop
  endfacet
  facet normal 0 0 1
    outer loop
      vertex 3.09359 27.6754 2
      vertex 3.04359 7.27459 2
      vertex 3.22872 7.65 2
    endloop
  endfacet
  facet normal 0 0 1
    outer loop
      vertex 2.95904 28.0718 2
      vertex 3.04359 7.27459 2
      vertex 3.09359 27.6754 2
    endloop
  endfacet
  facet normal 0 0 1
    outer loop
      vertex 2.95904 28.0718 2
      vertex 2.90904 6.87822 2
      vertex 3.04359 7.27459 2
    endloop
  endfacet
  facet normal 0 0 1
    outer loop
      vertex 2 30.9 2
      vertex 2.95904 28.0718 2
      vertex 2.87738 28.4823 2
    endloop
  endfacet
  facet normal 0 0 1
    outer loop
      vertex 2 30.9 2
      vertex 2.87738 28.4823 2
      vertex 2.85 28.9 2
    endloop
  endfacet
  facet normal 0 0 1
    outer loop
      vertex 2.95904 28.0718 2
      vertex 2 30.9 2
      vertex 2.90904 6.87822 2
    endloop
  endfacet
  facet normal 0 0 1
    outer loop
      vertex 34.55 10.85 2
      vertex 26.372 4.9241 2
      vertex 26.39 4.65 2
    endloop
  endfacet
  facet normal 0 0 1
    outer loop
      vertex 34.55 10.85 2
      vertex 26.3184 5.19352 2
      vertex 26.372 4.9241 2
    endloop
  endfacet
  facet normal 0 0 1
    outer loop
      vertex 34.55 10.85 2
      vertex 26.2301 5.45363 2
      vertex 26.3184 5.19352 2
    endloop
  endfacet
  facet normal 0 0 1
    outer loop
      vertex 34.55 10.85 2
      vertex 26.1087 5.7 2
      vertex 26.2301 5.45363 2
    endloop
  endfacet
  facet normal 0 0 1
    outer loop
      vertex 34.55 10.85 2
      vertex 25.956 5.9284 2
      vertex 26.1087 5.7 2
    endloop
  endfacet
  facet normal 0 0 1
    outer loop
      vertex 34.55 10.85 2
      vertex 25.7749 6.13492 2
      vertex 25.956 5.9284 2
    endloop
  endfacet
  facet normal 0 0 1
    outer loop
      vertex 34.55 10.85 2
      vertex 25.5684 6.31604 2
      vertex 25.7749 6.13492 2
    endloop
  endfacet
  facet normal 0 0 1
    outer loop
      vertex 34.55 10.85 2
      vertex 25.34 6.46865 2
      vertex 25.5684 6.31604 2
    endloop
  endfacet
  facet normal 0 0 1
    outer loop
      vertex 34.55 10.85 2
      vertex 25.0936 6.59015 2
      vertex 25.34 6.46865 2
    endloop
  endfacet
  facet normal 0 0 1
    outer loop
      vertex 34.55 10.85 2
      vertex 24.8335 6.67844 2
      vertex 25.0936 6.59015 2
    endloop
  endfacet
  facet normal 0 0 1
    outer loop
      vertex 34.55 10.85 2
      vertex 24.5641 6.73203 2
      vertex 24.8335 6.67844 2
    endloop
  endfacet
  facet normal -0 0 1
    outer loop
      vertex 16.35 10.85 2
      vertex 24.5641 6.73203 2
      vertex 34.55 10.85 2
    endloop
  endfacet
  facet normal 0 0 1
    outer loop
      vertex 24.5641 6.73203 2
      vertex 16.35 10.85 2
      vertex 24.29 6.75 2
    endloop
  endfacet
  facet normal 0 0 1
    outer loop
      vertex 24.29 6.75 2
      vertex 16.35 10.85 2
      vertex 24.0159 6.73203 2
    endloop
  endfacet
  facet normal 0 0 1
    outer loop
      vertex 24.0159 6.73203 2
      vertex 16.35 10.85 2
      vertex 23.7465 6.67844 2
    endloop
  endfacet
  facet normal 0 0 1
    outer loop
      vertex 22.208 4.9241 2
      vertex 16.35 10.85 2
      vertex 22.19 4.65 2
    endloop
  endfacet
  facet normal 0 0 1
    outer loop
      vertex 22.2616 5.19352 2
      vertex 16.35 10.85 2
      vertex 22.208 4.9241 2
    endloop
  endfacet
  facet normal 0 0 1
    outer loop
      vertex 22.3499 5.45363 2
      vertex 16.35 10.85 2
      vertex 22.2616 5.19352 2
    endloop
  endfacet
  facet normal 0 0 1
    outer loop
      vertex 22.4713 5.7 2
      vertex 16.35 10.85 2
      vertex 22.3499 5.45363 2
    endloop
  endfacet
  facet normal 0 0 1
    outer loop
      vertex 22.624 5.9284 2
      vertex 16.35 10.85 2
      vertex 22.4713 5.7 2
    endloop
  endfacet
  facet normal 0 0 1
    outer loop
      vertex 22.8051 6.13492 2
      vertex 16.35 10.85 2
      vertex 22.624 5.9284 2
    endloop
  endfacet
  facet normal 0 0 1
    outer loop
      vertex 23.0116 6.31604 2
      vertex 16.35 10.85 2
      vertex 22.8051 6.13492 2
    endloop
  endfacet
  facet normal 0 0 1
    outer loop
      vertex 23.24 6.46865 2
      vertex 16.35 10.85 2
      vertex 23.0116 6.31604 2
    endloop
  endfacet
  facet normal 0 0 1
    outer loop
      vertex 23.4864 6.59015 2
      vertex 16.35 10.85 2
      vertex 23.24 6.46865 2
    endloop
  endfacet
  facet normal 0 0 1
    outer loop
      vertex 23.7465 6.67844 2
      vertex 16.35 10.85 2
      vertex 23.4864 6.59015 2
    endloop
  endfacet
  facet normal -0 0 1
    outer loop
      vertex 16.35 14.05 2
      vertex 34.55 12.45 2
      vertex 34.55 14.05 2
    endloop
  endfacet
  facet normal 0 0 1
    outer loop
      vertex 34.55 12.45 2
      vertex 16.35 14.05 2
      vertex 16.35 12.45 2
    endloop
  endfacet
  facet normal -0 0 1
    outer loop
      vertex 16.35 17.25 2
      vertex 34.55 15.65 2
      vertex 34.55 17.25 2
    endloop
  endfacet
  facet normal 0 0 1
    outer loop
      vertex 34.55 15.65 2
      vertex 16.35 17.25 2
      vertex 16.35 15.65 2
    endloop
  endfacet
  facet normal -0 0 1
    outer loop
      vertex 16.35 20.45 2
      vertex 34.55 18.85 2
      vertex 34.55 20.45 2
    endloop
  endfacet
  facet normal 0 0 1
    outer loop
      vertex 34.55 18.85 2
      vertex 16.35 20.45 2
      vertex 16.35 18.85 2
    endloop
  endfacet
  facet normal 0 0 1
    outer loop
      vertex 66.941 6.87822 2
      vertex 67.9 30.9 2
      vertex 66.941 28.1218 2
    endloop
  endfacet
  facet normal 0 0 1
    outer loop
      vertex 67.9 4 2
      vertex 67.0226 6.46768 2
      vertex 67.05 6.05 2
    endloop
  endfacet
  facet normal 0 0 1
    outer loop
      vertex 67.9 30.9 2
      vertex 66.941 6.87822 2
      vertex 67.9 4 2
    endloop
  endfacet
  facet normal 0 0 1
    outer loop
      vertex 67.9 4 2
      vertex 66.941 6.87822 2
      vertex 67.0226 6.46768 2
    endloop
  endfacet
  facet normal -0 0 1
    outer loop
      vertex 66.8064 27.7254 2
      vertex 66.941 6.87822 2
      vertex 66.941 28.1218 2
    endloop
  endfacet
  facet normal 0 0 1
    outer loop
      vertex 66.8064 27.7254 2
      vertex 66.8064 7.27459 2
      vertex 66.941 6.87822 2
    endloop
  endfacet
  facet normal -0 0 1
    outer loop
      vertex 66.6213 27.35 2
      vertex 66.8064 7.27459 2
      vertex 66.8064 27.7254 2
    endloop
  endfacet
  facet normal 0 0 1
    outer loop
      vertex 66.6213 27.35 2
      vertex 66.6213 7.65 2
      vertex 66.8064 7.27459 2
    endloop
  endfacet
  facet normal -0 0 1
    outer loop
      vertex 66.3887 27.002 2
      vertex 66.6213 7.65 2
      vertex 66.6213 27.35 2
    endloop
  endfacet
  facet normal 0 0 1
    outer loop
      vertex 66.3887 27.002 2
      vertex 66.3887 7.99804 2
      vertex 66.6213 7.65 2
    endloop
  endfacet
  facet normal -0 0 1
    outer loop
      vertex 66.1127 26.6873 2
      vertex 66.3887 7.99804 2
      vertex 66.3887 27.002 2
    endloop
  endfacet
  facet normal 0 0 1
    outer loop
      vertex 66.1127 26.6873 2
      vertex 66.1127 8.31274 2
      vertex 66.3887 7.99804 2
    endloop
  endfacet
  facet normal -0 0 1
    outer loop
      vertex 65.798 26.4113 2
      vertex 66.1127 8.31274 2
      vertex 66.1127 26.6873 2
    endloop
  endfacet
  facet normal 0 0 1
    outer loop
      vertex 65.798 26.4113 2
      vertex 65.798 8.58873 2
      vertex 66.1127 8.31274 2
    endloop
  endfacet
  facet normal -0 0 1
    outer loop
      vertex 65.45 26.1787 2
      vertex 65.798 8.58873 2
      vertex 65.798 26.4113 2
    endloop
  endfacet
  facet normal 0 0 1
    outer loop
      vertex 65.45 26.1787 2
      vertex 65.45 8.82128 2
      vertex 65.798 8.58873 2
    endloop
  endfacet
  facet normal -0 0 1
    outer loop
      vertex 65.0746 25.9936 2
      vertex 65.45 8.82128 2
      vertex 65.45 26.1787 2
    endloop
  endfacet
  facet normal 0 0 1
    outer loop
      vertex 65.0746 25.9936 2
      vertex 65.0746 9.00641 2
      vertex 65.45 8.82128 2
    endloop
  endfacet
  facet normal -0 0 1
    outer loop
      vertex 64.6782 25.859 2
      vertex 65.0746 9.00641 2
      vertex 65.0746 25.9936 2
    endloop
  endfacet
  facet normal 0 0 1
    outer loop
      vertex 64.6782 25.859 2
      vertex 64.6782 9.14096 2
      vertex 65.0746 9.00641 2
    endloop
  endfacet
  facet normal -0 0 1
    outer loop
      vertex 64.2677 25.7774 2
      vertex 64.6782 9.14096 2
      vertex 64.6782 25.859 2
    endloop
  endfacet
  facet normal 0 0 1
    outer loop
      vertex 64.2677 25.7774 2
      vertex 64.2677 9.22262 2
      vertex 64.6782 9.14096 2
    endloop
  endfacet
  facet normal -0 0 1
    outer loop
      vertex 63.85 25.75 2
      vertex 64.2677 9.22262 2
      vertex 64.2677 25.7774 2
    endloop
  endfacet
  facet normal 0 0 1
    outer loop
      vertex 63.85 25.75 2
      vertex 63.85 9.25 2
      vertex 64.2677 9.22262 2
    endloop
  endfacet
  facet normal 0 0 1
    outer loop
      vertex 63.4323 25.7774 2
      vertex 63.85 9.25 2
      vertex 63.85 25.75 2
    endloop
  endfacet
  facet normal 0 0 1
    outer loop
      vertex 63.4323 25.7774 2
      vertex 63.4323 9.22262 2
      vertex 63.85 9.25 2
    endloop
  endfacet
  facet normal 0 0 1
    outer loop
      vertex 63.0218 25.859 2
      vertex 63.4323 9.22262 2
      vertex 63.4323 25.7774 2
    endloop
  endfacet
  facet normal 0 0 1
    outer loop
      vertex 63.0218 25.859 2
      vertex 63.0218 9.14096 2
      vertex 63.4323 9.22262 2
    endloop
  endfacet
  facet normal 0 0 1
    outer loop
      vertex 62.6254 25.9936 2
      vertex 63.0218 9.14096 2
      vertex 63.0218 25.859 2
    endloop
  endfacet
  facet normal 0 0 1
    outer loop
      vertex 62.6254 25.9936 2
      vertex 62.6254 9.00641 2
      vertex 63.0218 9.14096 2
    endloop
  endfacet
  facet normal 0 0 1
    outer loop
      vertex 62.25 26.1787 2
      vertex 62.6254 9.00641 2
      vertex 62.6254 25.9936 2
    endloop
  endfacet
  facet normal 0 0 1
    outer loop
      vertex 62.25 26.1787 2
      vertex 62.25 8.82128 2
      vertex 62.6254 9.00641 2
    endloop
  endfacet
  facet normal 0 0 1
    outer loop
      vertex 61.902 26.4113 2
      vertex 62.25 8.82128 2
      vertex 62.25 26.1787 2
    endloop
  endfacet
  facet normal 0 0 1
    outer loop
      vertex 61.902 26.4113 2
      vertex 61.902 8.58873 2
      vertex 62.25 8.82128 2
    endloop
  endfacet
  facet normal 0 0 1
    outer loop
      vertex 61.5873 26.6873 2
      vertex 61.902 8.58873 2
      vertex 61.902 26.4113 2
    endloop
  endfacet
  facet normal 0 0 1
    outer loop
      vertex 61.5873 26.6873 2
      vertex 61.5873 8.31274 2
      vertex 61.902 8.58873 2
    endloop
  endfacet
  facet normal 0 0 1
    outer loop
      vertex 61.3113 27.002 2
      vertex 61.5873 8.31274 2
      vertex 61.5873 26.6873 2
    endloop
  endfacet
  facet normal 0 0 1
    outer loop
      vertex 61.3113 27.002 2
      vertex 61.3113 7.99804 2
      vertex 61.5873 8.31274 2
    endloop
  endfacet
  facet normal 0 0 1
    outer loop
      vertex 34.55 18.85 2
      vertex 61.3113 27.002 2
      vertex 61.0787 27.35 2
    endloop
  endfacet
  facet normal 0 0 1
    outer loop
      vertex 61.3113 27.002 2
      vertex 34.55 17.25 2
      vertex 61.3113 7.99804 2
    endloop
  endfacet
  facet normal 0 0 1
    outer loop
      vertex 34.55 20.45 2
      vertex 61.0787 27.35 2
      vertex 60.8936 27.7254 2
    endloop
  endfacet
  facet normal -0 0 1
    outer loop
      vertex 34.55 15.65 2
      vertex 61.3113 7.99804 2
      vertex 34.55 17.25 2
    endloop
  endfacet
  facet normal 0 0 1
    outer loop
      vertex 34.55 22.05 2
      vertex 60.8936 27.7254 2
      vertex 60.759 28.1218 2
    endloop
  endfacet
  facet normal 0 0 1
    outer loop
      vertex 61.3113 7.99804 2
      vertex 34.55 15.65 2
      vertex 61.0787 7.65 2
    endloop
  endfacet
  facet normal 0 0 1
    outer loop
      vertex 34.55 22.05 2
      vertex 60.759 28.1218 2
      vertex 60.6774 28.5323 2
    endloop
  endfacet
  facet normal -0 0 1
    outer loop
      vertex 34.55 14.05 2
      vertex 61.0787 7.65 2
      vertex 34.55 15.65 2
    endloop
  endfacet
  facet normal 0 0 1
    outer loop
      vertex 34.55 22.05 2
      vertex 60.6774 28.5323 2
      vertex 60.65 28.95 2
    endloop
  endfacet
  facet normal 0 0 1
    outer loop
      vertex 61.0787 7.65 2
      vertex 34.55 14.05 2
      vertex 60.8936 7.27459 2
    endloop
  endfacet
  facet normal 0 0 1
    outer loop
      vertex 66.6213 30.55 2
      vertex 67.9 30.9 2
      vertex 67.8829 31.1611 2
    endloop
  endfacet
  facet normal 0 0 1
    outer loop
      vertex 67.0226 28.5323 2
      vertex 67.9 30.9 2
      vertex 67.05 28.95 2
    endloop
  endfacet
  facet normal 0 0 1
    outer loop
      vertex 66.3887 30.898 2
      vertex 67.8829 31.1611 2
      vertex 67.8318 31.4176 2
    endloop
  endfacet
  facet normal 0 0 1
    outer loop
      vertex 66.941 28.1218 2
      vertex 67.9 30.9 2
      vertex 67.0226 28.5323 2
    endloop
  endfacet
  facet normal 0 0 1
    outer loop
      vertex 66.3887 30.898 2
      vertex 67.8318 31.4176 2
      vertex 67.7478 31.6654 2
    endloop
  endfacet
  facet normal -0 0 1
    outer loop
      vertex 67.0226 5.63232 2
      vertex 67.9 4 2
      vertex 67.05 6.05 2
    endloop
  endfacet
  facet normal 0 0 1
    outer loop
      vertex 66.3887 30.898 2
      vertex 67.7478 31.6654 2
      vertex 67.632 31.9 2
    endloop
  endfacet
  facet normal -0 0 1
    outer loop
      vertex 66.941 5.22178 2
      vertex 67.9 4 2
      vertex 67.0226 5.63232 2
    endloop
  endfacet
  facet normal 0 0 1
    outer loop
      vertex 66.3887 30.898 2
      vertex 67.632 31.9 2
      vertex 67.4867 32.1175 2
    endloop
  endfacet
  facet normal -0 0 1
    outer loop
      vertex 66.8064 4.82541 2
      vertex 67.9 4 2
      vertex 66.941 5.22178 2
    endloop
  endfacet
  facet normal 0 0 1
    outer loop
      vertex 66.1127 31.2127 2
      vertex 67.4867 32.1175 2
      vertex 67.3142 32.3142 2
    endloop
  endfacet
  facet normal -0 0 1
    outer loop
      vertex 66.6213 4.45 2
      vertex 67.9 4 2
      vertex 66.8064 4.82541 2
    endloop
  endfacet
  facet normal 0 0 1
    outer loop
      vertex 66.1127 31.2127 2
      vertex 67.3142 32.3142 2
      vertex 67.1175 32.4867 2
    endloop
  endfacet
  facet normal 0 0 1
    outer loop
      vertex 67.9 4 2
      vertex 66.6213 4.45 2
      vertex 67.8829 3.73895 2
    endloop
  endfacet
  facet normal -0 0 1
    outer loop
      vertex 66.3887 4.10196 2
      vertex 67.8829 3.73895 2
      vertex 66.6213 4.45 2
    endloop
  endfacet
  facet normal 0 0 1
    outer loop
      vertex 67.9 30.9 2
      vertex 67.0226 29.3677 2
      vertex 67.05 28.95 2
    endloop
  endfacet
  facet normal 0 0 1
    outer loop
      vertex 67.9 30.9 2
      vertex 66.941 29.7782 2
      vertex 67.0226 29.3677 2
    endloop
  endfacet
  facet normal 0 0 1
    outer loop
      vertex 66.1127 31.2127 2
      vertex 67.1175 32.4867 2
      vertex 66.9 32.632 2
    endloop
  endfacet
  facet normal 0 0 1
    outer loop
      vertex 67.9 30.9 2
      vertex 66.8064 30.1746 2
      vertex 66.941 29.7782 2
    endloop
  endfacet
  facet normal 0 0 1
    outer loop
      vertex 65.798 31.4887 2
      vertex 66.9 32.632 2
      vertex 66.6654 32.7478 2
    endloop
  endfacet
  facet normal 0 0 1
    outer loop
      vertex 67.9 30.9 2
      vertex 66.6213 30.55 2
      vertex 66.8064 30.1746 2
    endloop
  endfacet
  facet normal 0 0 1
    outer loop
      vertex 65.798 31.4887 2
      vertex 66.6654 32.7478 2
      vertex 66.4176 32.8319 2
    endloop
  endfacet
  facet normal 0 0 1
    outer loop
      vertex 67.8829 31.1611 2
      vertex 66.3887 30.898 2
      vertex 66.6213 30.55 2
    endloop
  endfacet
  facet normal 0 0 1
    outer loop
      vertex 65.798 31.4887 2
      vertex 66.4176 32.8319 2
      vertex 66.161 32.8829 2
    endloop
  endfacet
  facet normal 0 0 1
    outer loop
      vertex 67.4867 32.1175 2
      vertex 66.1127 31.2127 2
      vertex 66.3887 30.898 2
    endloop
  endfacet
  facet normal 0 0 1
    outer loop
      vertex 65.45 31.7213 2
      vertex 66.161 32.8829 2
      vertex 65.9 32.9 2
    endloop
  endfacet
  facet normal 0 0 1
    outer loop
      vertex 66.9 32.632 2
      vertex 65.798 31.4887 2
      vertex 66.1127 31.2127 2
    endloop
  endfacet
  facet normal 0 0 1
    outer loop
      vertex 66.161 32.8829 2
      vertex 65.45 31.7213 2
      vertex 65.798 31.4887 2
    endloop
  endfacet
  facet normal 0 0 1
    outer loop
      vertex 65.9 32.9 2
      vertex 65.0746 31.9064 2
      vertex 65.45 31.7213 2
    endloop
  endfacet
  facet normal 0 0 1
    outer loop
      vertex 65.9 32.9 2
      vertex 64.6782 32.041 2
      vertex 65.0746 31.9064 2
    endloop
  endfacet
  facet normal 0 0 1
    outer loop
      vertex 65.9 32.9 2
      vertex 64.2677 32.1226 2
      vertex 64.6782 32.041 2
    endloop
  endfacet
  facet normal 0 0 1
    outer loop
      vertex 65.9 32.9 2
      vertex 63.85 32.15 2
      vertex 64.2677 32.1226 2
    endloop
  endfacet
  facet normal 0 0 1
    outer loop
      vertex 65.9 32.9 2
      vertex 63.4323 32.1226 2
      vertex 63.85 32.15 2
    endloop
  endfacet
  facet normal 0 0 1
    outer loop
      vertex 65.9 32.9 2
      vertex 63.0218 32.041 2
      vertex 63.4323 32.1226 2
    endloop
  endfacet
  facet normal 0 0 1
    outer loop
      vertex 60.8936 27.7254 2
      vertex 34.55 22.05 2
      vertex 34.55 20.45 2
    endloop
  endfacet
  facet normal 0 0 1
    outer loop
      vertex 60.6774 29.3677 2
      vertex 34.55 22.05 2
      vertex 60.65 28.95 2
    endloop
  endfacet
  facet normal 0 0 1
    outer loop
      vertex 60.759 29.7782 2
      vertex 34.55 22.05 2
      vertex 60.6774 29.3677 2
    endloop
  endfacet
  facet normal 0 0 1
    outer loop
      vertex 60.8936 30.1746 2
      vertex 34.55 22.05 2
      vertex 60.759 29.7782 2
    endloop
  endfacet
  facet normal 0 0 1
    outer loop
      vertex 61.0787 30.55 2
      vertex 34.55 22.05 2
      vertex 60.8936 30.1746 2
    endloop
  endfacet
  facet normal 0 0 1
    outer loop
      vertex 61.3113 30.898 2
      vertex 34.55 22.05 2
      vertex 61.0787 30.55 2
    endloop
  endfacet
  facet normal 0 0 1
    outer loop
      vertex 61.5873 31.2127 2
      vertex 34.55 22.05 2
      vertex 61.3113 30.898 2
    endloop
  endfacet
  facet normal 0 0 1
    outer loop
      vertex 61.902 31.4887 2
      vertex 34.55 22.05 2
      vertex 61.5873 31.2127 2
    endloop
  endfacet
  facet normal 0 0 1
    outer loop
      vertex 7.99804 31.4387 2
      vertex 61.902 31.4887 2
      vertex 62.25 31.7213 2
    endloop
  endfacet
  facet normal 0 0 1
    outer loop
      vertex 7.65 31.6713 2
      vertex 62.25 31.7213 2
      vertex 62.6254 31.9064 2
    endloop
  endfacet
  facet normal 0 0 1
    outer loop
      vertex 61.902 31.4887 2
      vertex 7.99804 31.4387 2
      vertex 34.55 22.05 2
    endloop
  endfacet
  facet normal 0 0 1
    outer loop
      vertex 7.27459 31.8564 2
      vertex 62.6254 31.9064 2
      vertex 63.0218 32.041 2
    endloop
  endfacet
  facet normal -0 0 1
    outer loop
      vertex 4 32.9 2
      vertex 63.0218 32.041 2
      vertex 65.9 32.9 2
    endloop
  endfacet
  facet normal -0 0 1
    outer loop
      vertex 9.14096 28.0718 2
      vertex 16.35 22.05 2
      vertex 9.22262 28.4823 2
    endloop
  endfacet
  facet normal -0 0 1
    outer loop
      vertex 9.00641 27.6754 2
      vertex 16.35 22.05 2
      vertex 9.14096 28.0718 2
    endloop
  endfacet
  facet normal -0 0 1
    outer loop
      vertex 8.82128 27.3 2
      vertex 16.35 22.05 2
      vertex 9.00641 27.6754 2
    endloop
  endfacet
  facet normal -0 0 1
    outer loop
      vertex 8.58873 26.952 2
      vertex 16.35 22.05 2
      vertex 8.82128 27.3 2
    endloop
  endfacet
  facet normal 0 0 1
    outer loop
      vertex 9.17262 6.46768 2
      vertex 16.35 15.65 2
      vertex 16.35 17.25 2
    endloop
  endfacet
  facet normal 0 0 1
    outer loop
      vertex 9.17262 6.46768 2
      vertex 16.35 12.45 2
      vertex 16.35 14.05 2
    endloop
  endfacet
  facet normal -0 0 1
    outer loop
      vertex 9.22262 28.4823 2
      vertex 16.35 22.05 2
      vertex 9.25 28.9 2
    endloop
  endfacet
  facet normal -0 -0 1
    outer loop
      vertex 9.00641 30.1246 2
      vertex 34.55 22.05 2
      vertex 8.82128 30.5 2
    endloop
  endfacet
  facet normal 0 0 1
    outer loop
      vertex 16.35 22.05 2
      vertex 9.22262 29.3177 2
      vertex 9.25 28.9 2
    endloop
  endfacet
  facet normal 0 0 1
    outer loop
      vertex 16.35 22.05 2
      vertex 9.14096 29.7282 2
      vertex 9.22262 29.3177 2
    endloop
  endfacet
  facet normal 0 0 1
    outer loop
      vertex 16.35 22.05 2
      vertex 9.00641 30.1246 2
      vertex 9.14096 29.7282 2
    endloop
  endfacet
  facet normal 0 0 1
    outer loop
      vertex 34.55 22.05 2
      vertex 9.00641 30.1246 2
      vertex 16.35 22.05 2
    endloop
  endfacet
  facet normal 0 0 1
    outer loop
      vertex 34.55 22.05 2
      vertex 8.58873 30.848 2
      vertex 8.82128 30.5 2
    endloop
  endfacet
  facet normal 0 0 1
    outer loop
      vertex 34.55 22.05 2
      vertex 8.31274 31.1627 2
      vertex 8.58873 30.848 2
    endloop
  endfacet
  facet normal 0 0 1
    outer loop
      vertex 34.55 22.05 2
      vertex 7.99804 31.4387 2
      vertex 8.31274 31.1627 2
    endloop
  endfacet
  facet normal 0 0 1
    outer loop
      vertex 62.25 31.7213 2
      vertex 7.65 31.6713 2
      vertex 7.99804 31.4387 2
    endloop
  endfacet
  facet normal 0 0 1
    outer loop
      vertex 62.6254 31.9064 2
      vertex 7.27459 31.8564 2
      vertex 7.65 31.6713 2
    endloop
  endfacet
  facet normal 0 0 1
    outer loop
      vertex 63.0218 32.041 2
      vertex 6.87822 31.991 2
      vertex 7.27459 31.8564 2
    endloop
  endfacet
  facet normal 0 0 1
    outer loop
      vertex 63.0218 32.041 2
      vertex 4 32.9 2
      vertex 6.87822 31.991 2
    endloop
  endfacet
  facet normal 0 0 1
    outer loop
      vertex 6.87822 31.991 2
      vertex 4 32.9 2
      vertex 6.46768 32.0726 2
    endloop
  endfacet
  facet normal 0 0 1
    outer loop
      vertex 6.46768 32.0726 2
      vertex 4 32.9 2
      vertex 6.05 32.1 2
    endloop
  endfacet
  facet normal 0 0 1
    outer loop
      vertex 4 32.9 2
      vertex 5.63232 32.0726 2
      vertex 6.05 32.1 2
    endloop
  endfacet
  facet normal 0 0 1
    outer loop
      vertex 4 32.9 2
      vertex 5.22178 31.991 2
      vertex 5.63232 32.0726 2
    endloop
  endfacet
  facet normal 0 0 1
    outer loop
      vertex 4 32.9 2
      vertex 4.82541 31.8564 2
      vertex 5.22178 31.991 2
    endloop
  endfacet
  facet normal 0 0 1
    outer loop
      vertex 4 32.9 2
      vertex 4.45 31.6713 2
      vertex 4.82541 31.8564 2
    endloop
  endfacet
  facet normal -0 0 1
    outer loop
      vertex 3.73895 32.8829 2
      vertex 4.45 31.6713 2
      vertex 4 32.9 2
    endloop
  endfacet
  facet normal 0 0 1
    outer loop
      vertex 4.45 31.6713 2
      vertex 3.73895 32.8829 2
      vertex 4.10196 31.4387 2
    endloop
  endfacet
  facet normal -0 0 1
    outer loop
      vertex 3.48236 32.8319 2
      vertex 4.10196 31.4387 2
      vertex 3.73895 32.8829 2
    endloop
  endfacet
  facet normal -0 0 1
    outer loop
      vertex 3.23463 32.7478 2
      vertex 4.10196 31.4387 2
      vertex 3.48236 32.8319 2
    endloop
  endfacet
  facet normal -0 0 1
    outer loop
      vertex 3 32.632 2
      vertex 4.10196 31.4387 2
      vertex 3.23463 32.7478 2
    endloop
  endfacet
  facet normal 0 0 1
    outer loop
      vertex 4.10196 31.4387 2
      vertex 3 32.632 2
      vertex 3.78726 31.1627 2
    endloop
  endfacet
  facet normal -0 0 1
    outer loop
      vertex 2.78248 32.4867 2
      vertex 3.78726 31.1627 2
      vertex 3 32.632 2
    endloop
  endfacet
  facet normal -0 0 1
    outer loop
      vertex 2.58579 32.3142 2
      vertex 3.78726 31.1627 2
      vertex 2.78248 32.4867 2
    endloop
  endfacet
  facet normal -0 0 1
    outer loop
      vertex 2.41329 32.1175 2
      vertex 3.78726 31.1627 2
      vertex 2.58579 32.3142 2
    endloop
  endfacet
  facet normal 0 0 1
    outer loop
      vertex 3.78726 31.1627 2
      vertex 2.41329 32.1175 2
      vertex 3.51127 30.848 2
    endloop
  endfacet
  facet normal -0 0 1
    outer loop
      vertex 2.26795 31.9 2
      vertex 3.51127 30.848 2
      vertex 2.41329 32.1175 2
    endloop
  endfacet
  facet normal -0 0 1
    outer loop
      vertex 2.15224 31.6654 2
      vertex 3.51127 30.848 2
      vertex 2.26795 31.9 2
    endloop
  endfacet
  facet normal 0 0 1
    outer loop
      vertex 2 4 2
      vertex 2.90904 6.87822 2
      vertex 2 30.9 2
    endloop
  endfacet
  facet normal 0 0 1
    outer loop
      vertex 2.87738 29.3177 2
      vertex 2 30.9 2
      vertex 2.85 28.9 2
    endloop
  endfacet
  facet normal -0 0 1
    outer loop
      vertex 2.06815 31.4176 2
      vertex 3.51127 30.848 2
      vertex 2.15224 31.6654 2
    endloop
  endfacet
  facet normal 0 0 1
    outer loop
      vertex 67.8829 3.73895 2
      vertex 66.3887 4.10196 2
      vertex 67.8318 3.48236 2
    endloop
  endfacet
  facet normal 0 0 1
    outer loop
      vertex 67.8318 3.48236 2
      vertex 66.3887 4.10196 2
      vertex 67.7478 3.23463 2
    endloop
  endfacet
  facet normal 0 0 1
    outer loop
      vertex 67.7478 3.23463 2
      vertex 66.3887 4.10196 2
      vertex 67.632 3 2
    endloop
  endfacet
  facet normal -0 0 1
    outer loop
      vertex 66.1127 3.78726 2
      vertex 67.632 3 2
      vertex 66.3887 4.10196 2
    endloop
  endfacet
  facet normal 0 0 1
    outer loop
      vertex 67.632 3 2
      vertex 66.1127 3.78726 2
      vertex 67.4867 2.78248 2
    endloop
  endfacet
  facet normal 0 0 1
    outer loop
      vertex 67.4867 2.78248 2
      vertex 66.1127 3.78726 2
      vertex 67.3142 2.58579 2
    endloop
  endfacet
  facet normal 0 0 1
    outer loop
      vertex 67.3142 2.58579 2
      vertex 66.1127 3.78726 2
      vertex 67.1175 2.41329 2
    endloop
  endfacet
  facet normal 0 0 1
    outer loop
      vertex 67.1175 2.41329 2
      vertex 66.1127 3.78726 2
      vertex 66.9 2.26795 2
    endloop
  endfacet
  facet normal -0 0 1
    outer loop
      vertex 65.798 3.51127 2
      vertex 66.9 2.26795 2
      vertex 66.1127 3.78726 2
    endloop
  endfacet
  facet normal 0 0 1
    outer loop
      vertex 66.9 2.26795 2
      vertex 65.798 3.51127 2
      vertex 66.6654 2.15224 2
    endloop
  endfacet
  facet normal 0 0 1
    outer loop
      vertex 66.6654 2.15224 2
      vertex 65.798 3.51127 2
      vertex 66.4176 2.06815 2
    endloop
  endfacet
  facet normal 0 0 1
    outer loop
      vertex 66.4176 2.06815 2
      vertex 65.798 3.51127 2
      vertex 66.161 2.01711 2
    endloop
  endfacet
  facet normal -0 0 1
    outer loop
      vertex 65.45 3.27872 2
      vertex 66.161 2.01711 2
      vertex 65.798 3.51127 2
    endloop
  endfacet
  facet normal 0 0 1
    outer loop
      vertex 66.161 2.01711 2
      vertex 65.45 3.27872 2
      vertex 65.9 2 2
    endloop
  endfacet
  facet normal -0 0 1
    outer loop
      vertex 65.0746 3.09359 2
      vertex 65.9 2 2
      vertex 65.45 3.27872 2
    endloop
  endfacet
  facet normal -0 0 1
    outer loop
      vertex 64.6782 2.95904 2
      vertex 65.9 2 2
      vertex 65.0746 3.09359 2
    endloop
  endfacet
  facet normal -0 0 1
    outer loop
      vertex 64.2677 2.87738 2
      vertex 65.9 2 2
      vertex 64.6782 2.95904 2
    endloop
  endfacet
  facet normal -0 0 1
    outer loop
      vertex 63.85 2.85 2
      vertex 65.9 2 2
      vertex 64.2677 2.87738 2
    endloop
  endfacet
  facet normal 0 0 1
    outer loop
      vertex 63.4323 2.87738 2
      vertex 65.9 2 2
      vertex 63.85 2.85 2
    endloop
  endfacet
  facet normal 0 0 1
    outer loop
      vertex 63.0218 2.95904 2
      vertex 65.9 2 2
      vertex 63.4323 2.87738 2
    endloop
  endfacet
  facet normal 0 0 1
    outer loop
      vertex 61.0787 27.35 2
      vertex 34.55 20.45 2
      vertex 34.55 18.85 2
    endloop
  endfacet
  facet normal 0 0 1
    outer loop
      vertex 61.3113 27.002 2
      vertex 34.55 18.85 2
      vertex 34.55 17.25 2
    endloop
  endfacet
  facet normal -0 0 1
    outer loop
      vertex 34.55 12.45 2
      vertex 60.8936 7.27459 2
      vertex 34.55 14.05 2
    endloop
  endfacet
  facet normal -0 0 1
    outer loop
      vertex 34.55 10.85 2
      vertex 60.8936 7.27459 2
      vertex 34.55 12.45 2
    endloop
  endfacet
  facet normal 0 0 1
    outer loop
      vertex 60.8936 7.27459 2
      vertex 34.55 10.85 2
      vertex 60.759 6.87822 2
    endloop
  endfacet
  facet normal 0 0 1
    outer loop
      vertex 60.759 6.87822 2
      vertex 34.55 10.85 2
      vertex 60.6774 6.46768 2
    endloop
  endfacet
  facet normal 0 0 1
    outer loop
      vertex 60.6774 6.46768 2
      vertex 34.55 10.85 2
      vertex 60.65 6.05 2
    endloop
  endfacet
  facet normal 0 0 1
    outer loop
      vertex 60.65 6.05 2
      vertex 34.55 10.85 2
      vertex 60.6774 5.63232 2
    endloop
  endfacet
  facet normal 0 0 1
    outer loop
      vertex 60.6774 5.63232 2
      vertex 34.55 10.85 2
      vertex 60.759 5.22178 2
    endloop
  endfacet
  facet normal 0 0 1
    outer loop
      vertex 60.759 5.22178 2
      vertex 34.55 10.85 2
      vertex 60.8936 4.82541 2
    endloop
  endfacet
  facet normal 0 0 1
    outer loop
      vertex 60.8936 4.82541 2
      vertex 34.55 10.85 2
      vertex 61.0787 4.45 2
    endloop
  endfacet
  facet normal 0 0 1
    outer loop
      vertex 61.0787 4.45 2
      vertex 34.55 10.85 2
      vertex 61.3113 4.10196 2
    endloop
  endfacet
  facet normal 0 0 1
    outer loop
      vertex 25.956 3.3716 2
      vertex 61.3113 4.10196 2
      vertex 34.55 10.85 2
    endloop
  endfacet
  facet normal 0 0 1
    outer loop
      vertex 61.3113 4.10196 2
      vertex 25.956 3.3716 2
      vertex 61.5873 3.78726 2
    endloop
  endfacet
  facet normal 0 0 1
    outer loop
      vertex 25.7749 3.16508 2
      vertex 61.5873 3.78726 2
      vertex 25.956 3.3716 2
    endloop
  endfacet
  facet normal 0 0 1
    outer loop
      vertex 61.5873 3.78726 2
      vertex 25.7749 3.16508 2
      vertex 61.902 3.51127 2
    endloop
  endfacet
  facet normal 0 0 1
    outer loop
      vertex 25.5684 2.98396 2
      vertex 61.902 3.51127 2
      vertex 25.7749 3.16508 2
    endloop
  endfacet
  facet normal 0 0 1
    outer loop
      vertex 61.902 3.51127 2
      vertex 25.5684 2.98396 2
      vertex 62.25 3.27872 2
    endloop
  endfacet
  facet normal 0 0 1
    outer loop
      vertex 26.372 4.37589 2
      vertex 34.55 10.85 2
      vertex 26.39 4.65 2
    endloop
  endfacet
  facet normal 0 0 1
    outer loop
      vertex 26.3184 4.10648 2
      vertex 34.55 10.85 2
      vertex 26.372 4.37589 2
    endloop
  endfacet
  facet normal 0 0 1
    outer loop
      vertex 26.2301 3.84636 2
      vertex 34.55 10.85 2
      vertex 26.3184 4.10648 2
    endloop
  endfacet
  facet normal 0 0 1
    outer loop
      vertex 26.1087 3.6 2
      vertex 34.55 10.85 2
      vertex 26.2301 3.84636 2
    endloop
  endfacet
  facet normal 0 0 1
    outer loop
      vertex 25.956 3.3716 2
      vertex 34.55 10.85 2
      vertex 26.1087 3.6 2
    endloop
  endfacet
  facet normal 0 0 1
    outer loop
      vertex 25.34 2.83135 2
      vertex 62.25 3.27872 2
      vertex 25.5684 2.98396 2
    endloop
  endfacet
  facet normal 0 0 1
    outer loop
      vertex 62.25 3.27872 2
      vertex 25.34 2.83135 2
      vertex 62.6254 3.09359 2
    endloop
  endfacet
  facet normal 0 0 1
    outer loop
      vertex 25.0936 2.70985 2
      vertex 62.6254 3.09359 2
      vertex 25.34 2.83135 2
    endloop
  endfacet
  facet normal 0 0 1
    outer loop
      vertex 62.6254 3.09359 2
      vertex 25.0936 2.70985 2
      vertex 63.0218 2.95904 2
    endloop
  endfacet
  facet normal 0 0 1
    outer loop
      vertex 24.8335 2.62156 2
      vertex 63.0218 2.95904 2
      vertex 25.0936 2.70985 2
    endloop
  endfacet
  facet normal 0 0 1
    outer loop
      vertex 63.0218 2.95904 2
      vertex 24.8335 2.62156 2
      vertex 65.9 2 2
    endloop
  endfacet
  facet normal -0 0 1
    outer loop
      vertex 24.5641 2.56797 2
      vertex 65.9 2 2
      vertex 24.8335 2.62156 2
    endloop
  endfacet
  facet normal -0 0 1
    outer loop
      vertex 24.29 2.55 2
      vertex 65.9 2 2
      vertex 24.5641 2.56797 2
    endloop
  endfacet
  facet normal -0 0 1
    outer loop
      vertex 9.17262 5.63232 2
      vertex 22.19 4.65 2
      vertex 16.35 10.85 2
    endloop
  endfacet
  facet normal 0 0 1
    outer loop
      vertex 22.19 4.65 2
      vertex 9.17262 5.63232 2
      vertex 22.208 4.37589 2
    endloop
  endfacet
  facet normal -0 0 1
    outer loop
      vertex 9.09096 5.22178 2
      vertex 22.208 4.37589 2
      vertex 9.17262 5.63232 2
    endloop
  endfacet
  facet normal 0 0 1
    outer loop
      vertex 22.208 4.37589 2
      vertex 9.09096 5.22178 2
      vertex 22.2616 4.10648 2
    endloop
  endfacet
  facet normal -0 0 1
    outer loop
      vertex 8.95641 4.82541 2
      vertex 22.2616 4.10648 2
      vertex 9.09096 5.22178 2
    endloop
  endfacet
  facet normal 0 0 1
    outer loop
      vertex 9.17262 6.46768 2
      vertex 16.35 14.05 2
      vertex 16.35 15.65 2
    endloop
  endfacet
  facet normal 0 0 1
    outer loop
      vertex 9.17262 6.46768 2
      vertex 16.35 10.85 2
      vertex 16.35 12.45 2
    endloop
  endfacet
  facet normal 0 0 1
    outer loop
      vertex 9.17262 5.63232 2
      vertex 16.35 10.85 2
      vertex 9.2 6.05 2
    endloop
  endfacet
  facet normal 0 0 1
    outer loop
      vertex 22.2616 4.10648 2
      vertex 8.95641 4.82541 2
      vertex 22.3499 3.84636 2
    endloop
  endfacet
  facet normal -0 0 1
    outer loop
      vertex 8.77128 4.45 2
      vertex 22.3499 3.84636 2
      vertex 8.95641 4.82541 2
    endloop
  endfacet
  facet normal 0 0 1
    outer loop
      vertex 22.3499 3.84636 2
      vertex 8.77128 4.45 2
      vertex 22.4713 3.6 2
    endloop
  endfacet
  facet normal -0 0 1
    outer loop
      vertex 8.53873 4.10196 2
      vertex 22.4713 3.6 2
      vertex 8.77128 4.45 2
    endloop
  endfacet
  facet normal 0 0 1
    outer loop
      vertex 22.4713 3.6 2
      vertex 8.53873 4.10196 2
      vertex 22.624 3.3716 2
    endloop
  endfacet
  facet normal -0 0 1
    outer loop
      vertex 8.26274 3.78726 2
      vertex 22.624 3.3716 2
      vertex 8.53873 4.10196 2
    endloop
  endfacet
  facet normal 0 0 1
    outer loop
      vertex 22.624 3.3716 2
      vertex 8.26274 3.78726 2
      vertex 22.8051 3.16508 2
    endloop
  endfacet
  facet normal -0 0 1
    outer loop
      vertex 7.94804 3.51127 2
      vertex 22.8051 3.16508 2
      vertex 8.26274 3.78726 2
    endloop
  endfacet
  facet normal 0 0 1
    outer loop
      vertex 22.8051 3.16508 2
      vertex 7.94804 3.51127 2
      vertex 23.0116 2.98396 2
    endloop
  endfacet
  facet normal -0 0 1
    outer loop
      vertex 7.6 3.27872 2
      vertex 23.0116 2.98396 2
      vertex 7.94804 3.51127 2
    endloop
  endfacet
  facet normal 0 0 1
    outer loop
      vertex 23.0116 2.98396 2
      vertex 7.6 3.27872 2
      vertex 23.24 2.83135 2
    endloop
  endfacet
  facet normal -0 0 1
    outer loop
      vertex 7.22459 3.09359 2
      vertex 23.24 2.83135 2
      vertex 7.6 3.27872 2
    endloop
  endfacet
  facet normal 0 0 1
    outer loop
      vertex 23.24 2.83135 2
      vertex 7.22459 3.09359 2
      vertex 23.4864 2.70985 2
    endloop
  endfacet
  facet normal -0 0 1
    outer loop
      vertex 6.82822 2.95904 2
      vertex 23.4864 2.70985 2
      vertex 7.22459 3.09359 2
    endloop
  endfacet
  facet normal 0 0 1
    outer loop
      vertex 23.4864 2.70985 2
      vertex 6.82822 2.95904 2
      vertex 23.7465 2.62156 2
    endloop
  endfacet
  facet normal 0 0 1
    outer loop
      vertex 4 2 2
      vertex 23.7465 2.62156 2
      vertex 6.82822 2.95904 2
    endloop
  endfacet
  facet normal 0 0 1
    outer loop
      vertex 23.7465 2.62156 2
      vertex 4 2 2
      vertex 24.0159 2.56797 2
    endloop
  endfacet
  facet normal 0 0 1
    outer loop
      vertex 4 2 2
      vertex 6.82822 2.95904 2
      vertex 6.41768 2.87738 2
    endloop
  endfacet
  facet normal 0 0 1
    outer loop
      vertex 4 2 2
      vertex 6.41768 2.87738 2
      vertex 6 2.85 2
    endloop
  endfacet
  facet normal 0 0 1
    outer loop
      vertex 24.29 2.55 2
      vertex 4 2 2
      vertex 65.9 2 2
    endloop
  endfacet
  facet normal 0 0 1
    outer loop
      vertex 24.0159 2.56797 2
      vertex 4 2 2
      vertex 24.29 2.55 2
    endloop
  endfacet
  facet normal 0 0 1
    outer loop
      vertex 5.58232 2.87738 2
      vertex 4 2 2
      vertex 6 2.85 2
    endloop
  endfacet
  facet normal 0 0 1
    outer loop
      vertex 5.17178 2.95904 2
      vertex 4 2 2
      vertex 5.58232 2.87738 2
    endloop
  endfacet
  facet normal 0 0 1
    outer loop
      vertex 4.77541 3.09359 2
      vertex 4 2 2
      vertex 5.17178 2.95904 2
    endloop
  endfacet
  facet normal 0 0 1
    outer loop
      vertex 4.4 3.27872 2
      vertex 4 2 2
      vertex 4.77541 3.09359 2
    endloop
  endfacet
  facet normal 0 0 1
    outer loop
      vertex 3.73895 2.01711 2
      vertex 4.4 3.27872 2
      vertex 4.05196 3.51127 2
    endloop
  endfacet
  facet normal 0 0 1
    outer loop
      vertex 4.4 3.27872 2
      vertex 3.73895 2.01711 2
      vertex 4 2 2
    endloop
  endfacet
  facet normal 0 0 1
    outer loop
      vertex 3 2.26795 2
      vertex 4.05196 3.51127 2
      vertex 3.73726 3.78726 2
    endloop
  endfacet
  facet normal 0 0 1
    outer loop
      vertex 4.05196 3.51127 2
      vertex 3.48236 2.06815 2
      vertex 3.73895 2.01711 2
    endloop
  endfacet
  facet normal 0 0 1
    outer loop
      vertex 2.26795 3 2
      vertex 3.73726 3.78726 2
      vertex 3.46127 4.10196 2
    endloop
  endfacet
  facet normal 0 0 1
    outer loop
      vertex 4.05196 3.51127 2
      vertex 3.23463 2.15224 2
      vertex 3.48236 2.06815 2
    endloop
  endfacet
  facet normal 0 0 1
    outer loop
      vertex 2.01711 3.73895 2
      vertex 3.46127 4.10196 2
      vertex 3.22872 4.45 2
    endloop
  endfacet
  facet normal 0 0 1
    outer loop
      vertex 2 4 2
      vertex 3.22872 4.45 2
      vertex 3.04359 4.82541 2
    endloop
  endfacet
  facet normal 0 0 1
    outer loop
      vertex 4.05196 3.51127 2
      vertex 3 2.26795 2
      vertex 3.23463 2.15224 2
    endloop
  endfacet
  facet normal 0 0 1
    outer loop
      vertex 2 4 2
      vertex 3.04359 4.82541 2
      vertex 2.90904 5.22178 2
    endloop
  endfacet
  facet normal 0 0 1
    outer loop
      vertex 2 4 2
      vertex 2.90904 5.22178 2
      vertex 2.82738 5.63232 2
    endloop
  endfacet
  facet normal 0 0 1
    outer loop
      vertex 2 4 2
      vertex 2.82738 5.63232 2
      vertex 2.8 6.05 2
    endloop
  endfacet
  facet normal 0 0 1
    outer loop
      vertex 3.22872 4.45 2
      vertex 2 4 2
      vertex 2.01711 3.73895 2
    endloop
  endfacet
  facet normal 0 0 1
    outer loop
      vertex 2.90904 6.87822 2
      vertex 2 4 2
      vertex 2.82738 6.46768 2
    endloop
  endfacet
  facet normal -0 0 1
    outer loop
      vertex 2.01711 31.1611 2
      vertex 3.51127 30.848 2
      vertex 2.06815 31.4176 2
    endloop
  endfacet
  facet normal 0 0 1
    outer loop
      vertex 2.82738 6.46768 2
      vertex 2 4 2
      vertex 2.8 6.05 2
    endloop
  endfacet
  facet normal 0 0 1
    outer loop
      vertex 3.51127 30.848 2
      vertex 2.01711 31.1611 2
      vertex 3.27872 30.5 2
    endloop
  endfacet
  facet normal 0 0 1
    outer loop
      vertex 3.73726 3.78726 2
      vertex 2.78248 2.41329 2
      vertex 3 2.26795 2
    endloop
  endfacet
  facet normal -0 0 1
    outer loop
      vertex 2 30.9 2
      vertex 3.27872 30.5 2
      vertex 2.01711 31.1611 2
    endloop
  endfacet
  facet normal 0 0 1
    outer loop
      vertex 3.73726 3.78726 2
      vertex 2.58579 2.58579 2
      vertex 2.78248 2.41329 2
    endloop
  endfacet
  facet normal 0 0 1
    outer loop
      vertex 3.27872 30.5 2
      vertex 2 30.9 2
      vertex 3.09359 30.1246 2
    endloop
  endfacet
  facet normal 0 0 1
    outer loop
      vertex 3.73726 3.78726 2
      vertex 2.41329 2.78248 2
      vertex 2.58579 2.58579 2
    endloop
  endfacet
  facet normal 0 0 1
    outer loop
      vertex 2.95904 29.7282 2
      vertex 2 30.9 2
      vertex 2.87738 29.3177 2
    endloop
  endfacet
  facet normal 0 0 1
    outer loop
      vertex 3.73726 3.78726 2
      vertex 2.26795 3 2
      vertex 2.41329 2.78248 2
    endloop
  endfacet
  facet normal 0 0 1
    outer loop
      vertex 3.09359 30.1246 2
      vertex 2 30.9 2
      vertex 2.95904 29.7282 2
    endloop
  endfacet
  facet normal 0 0 1
    outer loop
      vertex 3.46127 4.10196 2
      vertex 2.15224 3.23463 2
      vertex 2.26795 3 2
    endloop
  endfacet
  facet normal 0 0 1
    outer loop
      vertex 3.46127 4.10196 2
      vertex 2.06815 3.48236 2
      vertex 2.15224 3.23463 2
    endloop
  endfacet
  facet normal 0 0 1
    outer loop
      vertex 3.46127 4.10196 2
      vertex 2.01711 3.73895 2
      vertex 2.06815 3.48236 2
    endloop
  endfacet
  facet normal 0.831474 0.555564 0
    outer loop
      vertex 2.41329 2.78248 15.2
      vertex 2.26795 3 2
      vertex 2.26795 3 15.2
    endloop
  endfacet
  facet normal 0.831474 0.555564 0
    outer loop
      vertex 2.26795 3 2
      vertex 2.41329 2.78248 15.2
      vertex 2.41329 2.78248 2
    endloop
  endfacet
  facet normal -0.896709 -0.442621 0
    outer loop
      vertex 67.7478 31.6654 2
      vertex 67.632 31.9 15.2
      vertex 67.632 31.9 2
    endloop
  endfacet
  facet normal -0.896709 -0.442621 0
    outer loop
      vertex 67.632 31.9 15.2
      vertex 67.7478 31.6654 2
      vertex 67.7478 31.6654 15.2
    endloop
  endfacet
  facet normal -1 0 0
    outer loop
      vertex 67.9 24.55 5.8
      vertex 67.9 30.9 2
      vertex 67.9 24.55 2.7
    endloop
  endfacet
  facet normal -1 0 0
    outer loop
      vertex 67.9 30.9 2
      vertex 67.9 10.35 2.7
      vertex 67.9 24.55 2.7
    endloop
  endfacet
  facet normal -1 -0 0
    outer loop
      vertex 67.9 10.35 2.7
      vertex 67.9 4 2
      vertex 67.9 10.35 5.8
    endloop
  endfacet
  facet normal -1 0 0
    outer loop
      vertex 67.9 4 2
      vertex 67.9 10.35 2.7
      vertex 67.9 30.9 2
    endloop
  endfacet
  facet normal -1 0 0
    outer loop
      vertex 67.9 30.9 2
      vertex 67.9 24.55 5.8
      vertex 67.9 30.9 15.2
    endloop
  endfacet
  facet normal -1 0 0
    outer loop
      vertex 67.9 10.35 5.8
      vertex 67.9 30.9 15.2
      vertex 67.9 24.55 5.8
    endloop
  endfacet
  facet normal -1 0 0
    outer loop
      vertex 67.9 10.35 5.8
      vertex 67.9 4 15.2
      vertex 67.9 30.9 15.2
    endloop
  endfacet
  facet normal -1 0 0
    outer loop
      vertex 67.9 4 15.2
      vertex 67.9 10.35 5.8
      vertex 67.9 4 2
    endloop
  endfacet
  facet normal 0.997859 0.0654027 0
    outer loop
      vertex 2.01711 3.73895 15.2
      vertex 2 4 2
      vertex 2 4 15.2
    endloop
  endfacet
  facet normal 0.997859 0.0654027 0
    outer loop
      vertex 2 4 2
      vertex 2.01711 3.73895 15.2
      vertex 2.01711 3.73895 2
    endloop
  endfacet
  facet normal -0.831521 -0.555494 0
    outer loop
      vertex 67.632 31.9 2
      vertex 67.4867 32.1175 15.2
      vertex 67.4867 32.1175 2
    endloop
  endfacet
  facet normal -0.831521 -0.555494 0
    outer loop
      vertex 67.4867 32.1175 15.2
      vertex 67.632 31.9 2
      vertex 67.632 31.9 15.2
    endloop
  endfacet
  facet normal -0.997862 -0.0653521 0
    outer loop
      vertex 67.9 30.9 2
      vertex 67.8829 31.1611 15.2
      vertex 67.8829 31.1611 2
    endloop
  endfacet
  facet normal -0.997862 -0.0653521 0
    outer loop
      vertex 67.8829 31.1611 15.2
      vertex 67.9 30.9 2
      vertex 67.9 30.9 15.2
    endloop
  endfacet
  facet normal 1 0 0
    outer loop
      vertex 2 30.9 15.2
      vertex 2 26.93 9.6
      vertex 2 30.9 2
    endloop
  endfacet
  facet normal 1 0 0
    outer loop
      vertex 2 30.9 15.2
      vertex 2 8.03 9.6
      vertex 2 26.93 9.6
    endloop
  endfacet
  facet normal 1 0 0
    outer loop
      vertex 2 4 2
      vertex 2 8.03 9.6
      vertex 2 4 15.2
    endloop
  endfacet
  facet normal 1 -0 0
    outer loop
      vertex 2 4 15.2
      vertex 2 8.03 9.6
      vertex 2 30.9 15.2
    endloop
  endfacet
  facet normal 1 -0 0
    outer loop
      vertex 2 26.93 6
      vertex 2 30.9 2
      vertex 2 26.93 9.6
    endloop
  endfacet
  facet normal 1 -0 0
    outer loop
      vertex 2 8.03 6
      vertex 2 30.9 2
      vertex 2 26.93 6
    endloop
  endfacet
  facet normal 1 0 0
    outer loop
      vertex 2 8.03 6
      vertex 2 4 2
      vertex 2 30.9 2
    endloop
  endfacet
  facet normal 1 0 0
    outer loop
      vertex 2 8.03 9.6
      vertex 2 4 2
      vertex 2 8.03 6
    endloop
  endfacet
  facet normal 0.659362 0.751826 -0
    outer loop
      vertex 2.78248 2.41329 2
      vertex 2.58579 2.58579 15.2
      vertex 2.78248 2.41329 15.2
    endloop
  endfacet
  facet normal 0.659362 0.751826 0
    outer loop
      vertex 2.58579 2.58579 15.2
      vertex 2.78248 2.41329 2
      vertex 2.58579 2.58579 2
    endloop
  endfacet
  facet normal 0.946961 -0.321348 0
    outer loop
      vertex 2.06815 31.4176 15.2
      vertex 2.15224 31.6654 2
      vertex 2.15224 31.6654 15.2
    endloop
  endfacet
  facet normal 0.946961 -0.321348 0
    outer loop
      vertex 2.15224 31.6654 2
      vertex 2.06815 31.4176 15.2
      vertex 2.06815 31.4176 2
    endloop
  endfacet
  facet normal 0.751826 0.659362 0
    outer loop
      vertex 2.58579 2.58579 15.2
      vertex 2.41329 2.78248 2
      vertex 2.41329 2.78248 15.2
    endloop
  endfacet
  facet normal 0.751826 0.659362 0
    outer loop
      vertex 2.41329 2.78248 2
      vertex 2.58579 2.58579 15.2
      vertex 2.58579 2.58579 2
    endloop
  endfacet
  facet normal 0.0654027 0.997859 -0
    outer loop
      vertex 4 2 2
      vertex 3.73895 2.01711 15.2
      vertex 4 2 15.2
    endloop
  endfacet
  facet normal 0.0654027 0.997859 0
    outer loop
      vertex 3.73895 2.01711 15.2
      vertex 4 2 2
      vertex 3.73895 2.01711 2
    endloop
  endfacet
  facet normal 0.980784 0.195094 0
    outer loop
      vertex 2.06815 3.48236 15.2
      vertex 2.01711 3.73895 2
      vertex 2.01711 3.73895 15.2
    endloop
  endfacet
  facet normal 0.980784 0.195094 0
    outer loop
      vertex 2.01711 3.73895 2
      vertex 2.06815 3.48236 15.2
      vertex 2.06815 3.48236 2
    endloop
  endfacet
  facet normal 0 -1 0
    outer loop
      vertex 4 32.9 15.2
      vertex 8.7 32.9 7.4
      vertex 8.7 32.9 15.2
    endloop
  endfacet
  facet normal 0 -1 -0
    outer loop
      vertex 8.7 32.9 7.4
      vertex 4 32.9 2
      vertex 61.1 32.9 7.4
    endloop
  endfacet
  facet normal 0 -1 0
    outer loop
      vertex 4 32.9 2
      vertex 8.7 32.9 7.4
      vertex 4 32.9 15.2
    endloop
  endfacet
  facet normal 0 -1 0
    outer loop
      vertex 61.1 32.9 7.4
      vertex 65.9 32.9 15.2
      vertex 61.1 32.9 15.2
    endloop
  endfacet
  facet normal 0 -1 0
    outer loop
      vertex 61.1 32.9 7.4
      vertex 65.9 32.9 2
      vertex 65.9 32.9 15.2
    endloop
  endfacet
  facet normal 0 -1 0
    outer loop
      vertex 65.9 32.9 2
      vertex 61.1 32.9 7.4
      vertex 4 32.9 2
    endloop
  endfacet
  facet normal -0.5556 0.83145 0
    outer loop
      vertex 67.1175 2.41329 2
      vertex 66.9 2.26795 15.2
      vertex 67.1175 2.41329 15.2
    endloop
  endfacet
  facet normal -0.5556 0.83145 0
    outer loop
      vertex 66.9 2.26795 15.2
      vertex 67.1175 2.41329 2
      vertex 66.9 2.26795 2
    endloop
  endfacet
  facet normal -0.321382 -0.94695 0
    outer loop
      vertex 66.4176 32.8319 2
      vertex 66.6654 32.7478 15.2
      vertex 66.4176 32.8319 15.2
    endloop
  endfacet
  facet normal -0.321382 -0.94695 -0
    outer loop
      vertex 66.6654 32.7478 15.2
      vertex 66.4176 32.8319 2
      vertex 66.6654 32.7478 2
    endloop
  endfacet
  facet normal 0.99786 -0.0653902 0
    outer loop
      vertex 2 30.9 15.2
      vertex 2.01711 31.1611 2
      vertex 2.01711 31.1611 15.2
    endloop
  endfacet
  facet normal 0.99786 -0.0653902 0
    outer loop
      vertex 2.01711 31.1611 2
      vertex 2 30.9 15.2
      vertex 2 30.9 2
    endloop
  endfacet
  facet normal -0.555494 -0.831521 0
    outer loop
      vertex 66.9 32.632 2
      vertex 67.1175 32.4867 15.2
      vertex 66.9 32.632 15.2
    endloop
  endfacet
  facet normal -0.555494 -0.831521 -0
    outer loop
      vertex 67.1175 32.4867 15.2
      vertex 66.9 32.632 2
      vertex 67.1175 32.4867 2
    endloop
  endfacet
  facet normal -0.19494 -0.980815 0
    outer loop
      vertex 66.161 32.8829 2
      vertex 66.4176 32.8319 15.2
      vertex 66.161 32.8829 15.2
    endloop
  endfacet
  facet normal -0.19494 -0.980815 -0
    outer loop
      vertex 66.4176 32.8319 15.2
      vertex 66.161 32.8829 2
      vertex 66.4176 32.8319 2
    endloop
  endfacet
  facet normal 0.896868 0.442299 0
    outer loop
      vertex 2.26795 3 15.2
      vertex 2.15224 3.23463 2
      vertex 2.15224 3.23463 15.2
    endloop
  endfacet
  facet normal 0.896868 0.442299 0
    outer loop
      vertex 2.15224 3.23463 2
      vertex 2.26795 3 15.2
      vertex 2.26795 3 2
    endloop
  endfacet
  facet normal 0 1 -0
    outer loop
      vertex 38.68 2 5.4
      vertex 18.83 2 10.6
      vertex 38.68 2 13
    endloop
  endfacet
  facet normal 0 1 0
    outer loop
      vertex 4 2 2
      vertex 18.83 2 5.9
      vertex 38.68 2 5.4
    endloop
  endfacet
  facet normal 0 1 0
    outer loop
      vertex 18.83 2 10.6
      vertex 38.68 2 5.4
      vertex 18.83 2 5.9
    endloop
  endfacet
  facet normal 0 1 -0
    outer loop
      vertex 51.26 2 5.4
      vertex 49.19 2 13
      vertex 51.26 2 13
    endloop
  endfacet
  facet normal 0 1 0
    outer loop
      vertex 49.19 2 13
      vertex 51.26 2 5.4
      vertex 49.19 2 5.4
    endloop
  endfacet
  facet normal 0 1 0
    outer loop
      vertex 51.26 2 13
      vertex 65.9 2 15.2
      vertex 61.65 2 13
    endloop
  endfacet
  facet normal 0 1 0
    outer loop
      vertex 65.9 2 15.2
      vertex 61.65 2 5.4
      vertex 61.65 2 13
    endloop
  endfacet
  facet normal 0 1 0
    outer loop
      vertex 65.9 2 2
      vertex 51.26 2 5.4
      vertex 61.65 2 5.4
    endloop
  endfacet
  facet normal 0 1 0
    outer loop
      vertex 51.26 2 5.4
      vertex 65.9 2 2
      vertex 49.19 2 5.4
    endloop
  endfacet
  facet normal 0 1 0
    outer loop
      vertex 49.19 2 5.4
      vertex 65.9 2 2
      vertex 38.68 2 5.4
    endloop
  endfacet
  facet normal 0 1 -0
    outer loop
      vertex 65.9 2 2
      vertex 61.65 2 5.4
      vertex 65.9 2 15.2
    endloop
  endfacet
  facet normal 0 1 0
    outer loop
      vertex 49.19 2 13
      vertex 65.9 2 15.2
      vertex 51.26 2 13
    endloop
  endfacet
  facet normal 0 1 0
    outer loop
      vertex 38.68 2 13
      vertex 65.9 2 15.2
      vertex 49.19 2 13
    endloop
  endfacet
  facet normal 0 1 0
    outer loop
      vertex 65.9 2 15.2
      vertex 38.68 2 13
      vertex 4 2 15.2
    endloop
  endfacet
  facet normal 0 1 -0
    outer loop
      vertex 18.83 2 10.6
      vertex 4 2 15.2
      vertex 38.68 2 13
    endloop
  endfacet
  facet normal 0 1 -0
    outer loop
      vertex 10.93 2 10.6
      vertex 4 2 15.2
      vertex 18.83 2 10.6
    endloop
  endfacet
  facet normal 0 1 0
    outer loop
      vertex 4 2 2
      vertex 10.93 2 10.6
      vertex 10.93 2 5.9
    endloop
  endfacet
  facet normal 0 1 0
    outer loop
      vertex 4 2 2
      vertex 38.68 2 5.4
      vertex 65.9 2 2
    endloop
  endfacet
  facet normal 0 1 0
    outer loop
      vertex 10.93 2 10.6
      vertex 4 2 2
      vertex 4 2 15.2
    endloop
  endfacet
  facet normal 0 1 0
    outer loop
      vertex 18.83 2 5.9
      vertex 4 2 2
      vertex 10.93 2 5.9
    endloop
  endfacet
  facet normal 0.321463 -0.946922 0
    outer loop
      vertex 3.23463 32.7478 2
      vertex 3.48236 32.8319 15.2
      vertex 3.23463 32.7478 15.2
    endloop
  endfacet
  facet normal 0.321463 -0.946922 0
    outer loop
      vertex 3.48236 32.8319 15.2
      vertex 3.23463 32.7478 2
      vertex 3.48236 32.8319 2
    endloop
  endfacet
  facet normal -0.0653771 -0.997861 0
    outer loop
      vertex 65.9 32.9 2
      vertex 66.161 32.8829 15.2
      vertex 65.9 32.9 15.2
    endloop
  endfacet
  facet normal -0.0653771 -0.997861 -0
    outer loop
      vertex 66.161 32.8829 15.2
      vertex 65.9 32.9 2
      vertex 66.161 32.8829 2
    endloop
  endfacet
  facet normal 0.442299 0.896868 -0
    outer loop
      vertex 3.23463 2.15224 2
      vertex 3 2.26795 15.2
      vertex 3.23463 2.15224 15.2
    endloop
  endfacet
  facet normal 0.442299 0.896868 0
    outer loop
      vertex 3 2.26795 15.2
      vertex 3.23463 2.15224 2
      vertex 3 2.26795 2
    endloop
  endfacet
  facet normal 0.751842 -0.659343 0
    outer loop
      vertex 2.41329 32.1175 15.2
      vertex 2.58579 32.3142 2
      vertex 2.58579 32.3142 15.2
    endloop
  endfacet
  facet normal 0.751842 -0.659343 0
    outer loop
      vertex 2.58579 32.3142 2
      vertex 2.41329 32.1175 15.2
      vertex 2.41329 32.1175 2
    endloop
  endfacet
  facet normal 0.946934 0.321429 0
    outer loop
      vertex 2.15224 3.23463 15.2
      vertex 2.06815 3.48236 2
      vertex 2.06815 3.48236 15.2
    endloop
  endfacet
  facet normal 0.946934 0.321429 0
    outer loop
      vertex 2.06815 3.48236 2
      vertex 2.15224 3.23463 15.2
      vertex 2.15224 3.23463 2
    endloop
  endfacet
  facet normal 0.83145 -0.5556 0
    outer loop
      vertex 2.26795 31.9 15.2
      vertex 2.41329 32.1175 2
      vertex 2.41329 32.1175 15.2
    endloop
  endfacet
  facet normal 0.83145 -0.5556 0
    outer loop
      vertex 2.41329 32.1175 2
      vertex 2.26795 31.9 15.2
      vertex 2.26795 31.9 2
    endloop
  endfacet
  facet normal -0.659343 0.751842 0
    outer loop
      vertex 67.3142 2.58579 2
      vertex 67.1175 2.41329 15.2
      vertex 67.3142 2.58579 15.2
    endloop
  endfacet
  facet normal -0.659343 0.751842 0
    outer loop
      vertex 67.1175 2.41329 15.2
      vertex 67.3142 2.58579 2
      vertex 67.1175 2.41329 2
    endloop
  endfacet
  facet normal 0.896845 -0.442344 0
    outer loop
      vertex 2.15224 31.6654 15.2
      vertex 2.26795 31.9 2
      vertex 2.26795 31.9 15.2
    endloop
  endfacet
  facet normal 0.896845 -0.442344 0
    outer loop
      vertex 2.26795 31.9 2
      vertex 2.15224 31.6654 15.2
      vertex 2.15224 31.6654 2
    endloop
  endfacet
  facet normal -0.659343 -0.751842 0
    outer loop
      vertex 67.1175 32.4867 2
      vertex 67.3142 32.3142 15.2
      vertex 67.1175 32.4867 15.2
    endloop
  endfacet
  facet normal -0.659343 -0.751842 -0
    outer loop
      vertex 67.3142 32.3142 15.2
      vertex 67.1175 32.4867 2
      vertex 67.3142 32.3142 2
    endloop
  endfacet
  facet normal 0.195094 0.980784 -0
    outer loop
      vertex 3.73895 2.01711 2
      vertex 3.48236 2.06815 15.2
      vertex 3.73895 2.01711 15.2
    endloop
  endfacet
  facet normal 0.195094 0.980784 0
    outer loop
      vertex 3.48236 2.06815 15.2
      vertex 3.73895 2.01711 2
      vertex 3.48236 2.06815 2
    endloop
  endfacet
  facet normal -0.997861 0.0653646 0
    outer loop
      vertex 67.8829 3.73895 2
      vertex 67.9 4 15.2
      vertex 67.9 4 2
    endloop
  endfacet
  facet normal -0.997861 0.0653646 0
    outer loop
      vertex 67.9 4 15.2
      vertex 67.8829 3.73895 2
      vertex 67.8829 3.73895 15.2
    endloop
  endfacet
  facet normal 0.555564 0.831474 -0
    outer loop
      vertex 3 2.26795 2
      vertex 2.78248 2.41329 15.2
      vertex 3 2.26795 15.2
    endloop
  endfacet
  facet normal 0.555564 0.831474 0
    outer loop
      vertex 2.78248 2.41329 15.2
      vertex 3 2.26795 2
      vertex 2.78248 2.41329 2
    endloop
  endfacet
  facet normal 0.321429 0.946934 -0
    outer loop
      vertex 3.48236 2.06815 2
      vertex 3.23463 2.15224 15.2
      vertex 3.48236 2.06815 15.2
    endloop
  endfacet
  facet normal 0.321429 0.946934 0
    outer loop
      vertex 3.23463 2.15224 15.2
      vertex 3.48236 2.06815 2
      vertex 3.23463 2.15224 2
    endloop
  endfacet
  facet normal -0.947066 -0.321039 0
    outer loop
      vertex 67.8318 31.4176 2
      vertex 67.7478 31.6654 15.2
      vertex 67.7478 31.6654 2
    endloop
  endfacet
  facet normal -0.947066 -0.321039 0
    outer loop
      vertex 67.7478 31.6654 15.2
      vertex 67.8318 31.4176 2
      vertex 67.8318 31.4176 15.2
    endloop
  endfacet
  facet normal 0.659362 -0.751826 0
    outer loop
      vertex 2.58579 32.3142 2
      vertex 2.78248 32.4867 15.2
      vertex 2.58579 32.3142 15.2
    endloop
  endfacet
  facet normal 0.659362 -0.751826 0
    outer loop
      vertex 2.78248 32.4867 15.2
      vertex 2.58579 32.3142 2
      vertex 2.78248 32.4867 2
    endloop
  endfacet
  facet normal 0.980771 -0.19516 0
    outer loop
      vertex 2.01711 31.1611 15.2
      vertex 2.06815 31.4176 2
      vertex 2.06815 31.4176 15.2
    endloop
  endfacet
  facet normal 0.980771 -0.19516 0
    outer loop
      vertex 2.06815 31.4176 2
      vertex 2.01711 31.1611 15.2
      vertex 2.01711 31.1611 2
    endloop
  endfacet
  facet normal 0.0653646 -0.997861 0
    outer loop
      vertex 3.73895 32.8829 2
      vertex 4 32.9 15.2
      vertex 3.73895 32.8829 15.2
    endloop
  endfacet
  facet normal 0.0653646 -0.997861 0
    outer loop
      vertex 4 32.9 15.2
      vertex 3.73895 32.8829 2
      vertex 4 32.9 2
    endloop
  endfacet
  facet normal -0.442621 -0.896709 0
    outer loop
      vertex 66.6654 32.7478 2
      vertex 66.9 32.632 15.2
      vertex 66.6654 32.7478 15.2
    endloop
  endfacet
  facet normal -0.442621 -0.896709 -0
    outer loop
      vertex 66.9 32.632 15.2
      vertex 66.6654 32.7478 2
      vertex 66.9 32.632 2
    endloop
  endfacet
  facet normal -0.751842 -0.659343 0
    outer loop
      vertex 67.4867 32.1175 2
      vertex 67.3142 32.3142 15.2
      vertex 67.3142 32.3142 2
    endloop
  endfacet
  facet normal -0.751842 -0.659343 0
    outer loop
      vertex 67.3142 32.3142 15.2
      vertex 67.4867 32.1175 2
      vertex 67.4867 32.1175 15.2
    endloop
  endfacet
  facet normal -0.980727 -0.195381 0
    outer loop
      vertex 67.8829 31.1611 2
      vertex 67.8318 31.4176 15.2
      vertex 67.8318 31.4176 2
    endloop
  endfacet
  facet normal -0.980727 -0.195381 0
    outer loop
      vertex 67.8318 31.4176 15.2
      vertex 67.8829 31.1611 2
      vertex 67.8829 31.1611 15.2
    endloop
  endfacet
  facet normal -0.442344 0.896845 0
    outer loop
      vertex 66.9 2.26795 2
      vertex 66.6654 2.15224 15.2
      vertex 66.9 2.26795 15.2
    endloop
  endfacet
  facet normal -0.442344 0.896845 0
    outer loop
      vertex 66.6654 2.15224 15.2
      vertex 66.9 2.26795 2
      vertex 66.6654 2.15224 2
    endloop
  endfacet
  facet normal 0.194947 -0.980814 0
    outer loop
      vertex 3.48236 32.8319 2
      vertex 3.73895 32.8829 15.2
      vertex 3.48236 32.8319 15.2
    endloop
  endfacet
  facet normal 0.194947 -0.980814 0
    outer loop
      vertex 3.73895 32.8829 15.2
      vertex 3.48236 32.8319 2
      vertex 3.73895 32.8829 2
    endloop
  endfacet
  facet normal -0.0654151 0.997858 0
    outer loop
      vertex 66.161 2.01711 2
      vertex 65.9 2 15.2
      vertex 66.161 2.01711 15.2
    endloop
  endfacet
  facet normal -0.0654151 0.997858 0
    outer loop
      vertex 65.9 2 15.2
      vertex 66.161 2.01711 2
      vertex 65.9 2 2
    endloop
  endfacet
  facet normal -0.896731 0.442575 0
    outer loop
      vertex 67.632 3 2
      vertex 67.7478 3.23463 15.2
      vertex 67.7478 3.23463 2
    endloop
  endfacet
  facet normal -0.896731 0.442575 0
    outer loop
      vertex 67.7478 3.23463 15.2
      vertex 67.632 3 2
      vertex 67.632 3 15.2
    endloop
  endfacet
  facet normal -0.751826 0.659362 0
    outer loop
      vertex 67.3142 2.58579 2
      vertex 67.4867 2.78248 15.2
      vertex 67.4867 2.78248 2
    endloop
  endfacet
  facet normal -0.751826 0.659362 0
    outer loop
      vertex 67.4867 2.78248 15.2
      vertex 67.3142 2.58579 2
      vertex 67.3142 2.58579 15.2
    endloop
  endfacet
  facet normal -0.947038 0.321121 0
    outer loop
      vertex 67.7478 3.23463 2
      vertex 67.8318 3.48236 15.2
      vertex 67.8318 3.48236 2
    endloop
  endfacet
  facet normal -0.947038 0.321121 0
    outer loop
      vertex 67.8318 3.48236 15.2
      vertex 67.7478 3.23463 2
      vertex 67.7478 3.23463 15.2
    endloop
  endfacet
  facet normal -0.195087 0.980786 0
    outer loop
      vertex 66.4176 2.06815 2
      vertex 66.161 2.01711 15.2
      vertex 66.4176 2.06815 15.2
    endloop
  endfacet
  facet normal -0.195087 0.980786 0
    outer loop
      vertex 66.161 2.01711 15.2
      vertex 66.4176 2.06815 2
      vertex 66.161 2.01711 2
    endloop
  endfacet
  facet normal 0.555459 -0.831544 0
    outer loop
      vertex 2.78248 32.4867 2
      vertex 3 32.632 15.2
      vertex 2.78248 32.4867 15.2
    endloop
  endfacet
  facet normal 0.555459 -0.831544 0
    outer loop
      vertex 3 32.632 15.2
      vertex 2.78248 32.4867 2
      vertex 3 32.632 2
    endloop
  endfacet
  facet normal 0.442575 -0.896731 0
    outer loop
      vertex 3 32.632 2
      vertex 3.23463 32.7478 15.2
      vertex 3 32.632 15.2
    endloop
  endfacet
  facet normal 0.442575 -0.896731 0
    outer loop
      vertex 3.23463 32.7478 15.2
      vertex 3 32.632 2
      vertex 3.23463 32.7478 2
    endloop
  endfacet
  facet normal -0.831544 0.555459 0
    outer loop
      vertex 67.4867 2.78248 2
      vertex 67.632 3 15.2
      vertex 67.632 3 2
    endloop
  endfacet
  facet normal -0.831544 0.555459 0
    outer loop
      vertex 67.632 3 15.2
      vertex 67.4867 2.78248 2
      vertex 67.4867 2.78248 15.2
    endloop
  endfacet
  facet normal -0.980741 0.195315 0
    outer loop
      vertex 67.8318 3.48236 2
      vertex 67.8829 3.73895 15.2
      vertex 67.8829 3.73895 2
    endloop
  endfacet
  facet normal -0.980741 0.195315 0
    outer loop
      vertex 67.8829 3.73895 15.2
      vertex 67.8318 3.48236 2
      vertex 67.8318 3.48236 15.2
    endloop
  endfacet
  facet normal 0.980786 0.195087 0
    outer loop
      vertex 9.17262 6.46768 5.2
      vertex 9.09096 6.87822 2
      vertex 9.09096 6.87822 5.2
    endloop
  endfacet
  facet normal 0.980786 0.195087 0
    outer loop
      vertex 9.09096 6.87822 2
      vertex 9.17262 6.46768 5.2
      vertex 9.17262 6.46768 2
    endloop
  endfacet
  facet normal 0.997858 0.0654122 0
    outer loop
      vertex 9.2 6.05 5.2
      vertex 9.17262 6.46768 2
      vertex 9.17262 6.46768 5.2
    endloop
  endfacet
  facet normal 0.997858 0.0654122 0
    outer loop
      vertex 9.17262 6.46768 2
      vertex 9.2 6.05 5.2
      vertex 9.2 6.05 2
    endloop
  endfacet
  facet normal 0.321441 0.94693 -0
    outer loop
      vertex 7.22459 9.00641 2
      vertex 6.82822 9.14096 5.2
      vertex 7.22459 9.00641 5.2
    endloop
  endfacet
  facet normal 0.321441 0.94693 0
    outer loop
      vertex 6.82822 9.14096 5.2
      vertex 7.22459 9.00641 2
      vertex 6.82822 9.14096 2
    endloop
  endfacet
  facet normal 0.555565 -0.831473 0
    outer loop
      vertex 7.6 3.27872 2
      vertex 7.94804 3.51127 5.2
      vertex 7.6 3.27872 5.2
    endloop
  endfacet
  facet normal 0.555565 -0.831473 0
    outer loop
      vertex 7.94804 3.51127 5.2
      vertex 7.6 3.27872 2
      vertex 7.94804 3.51127 2
    endloop
  endfacet
  facet normal 0.659353 0.751833 -0
    outer loop
      vertex 8.26274 8.31274 2
      vertex 7.94804 8.58873 5.2
      vertex 8.26274 8.31274 5.2
    endloop
  endfacet
  facet normal 0.659353 0.751833 0
    outer loop
      vertex 7.94804 8.58873 5.2
      vertex 8.26274 8.31274 2
      vertex 7.94804 8.58873 2
    endloop
  endfacet
  facet normal -0.195087 -0.980786 0
    outer loop
      vertex 5.17178 2.95904 2
      vertex 5.58232 2.87738 5.2
      vertex 5.17178 2.95904 5.2
    endloop
  endfacet
  facet normal -0.195087 -0.980786 -0
    outer loop
      vertex 5.58232 2.87738 5.2
      vertex 5.17178 2.95904 2
      vertex 5.58232 2.87738 2
    endloop
  endfacet
  facet normal 0.751833 -0.659353 0
    outer loop
      vertex 8.26274 3.78726 5.2
      vertex 8.53873 4.10196 2
      vertex 8.53873 4.10196 5.2
    endloop
  endfacet
  facet normal 0.751833 -0.659353 0
    outer loop
      vertex 8.53873 4.10196 2
      vertex 8.26274 3.78726 5.2
      vertex 8.26274 3.78726 2
    endloop
  endfacet
  facet normal -0.94693 0.321441 0
    outer loop
      vertex 2.90904 6.87822 2
      vertex 3.04359 7.27459 5.2
      vertex 3.04359 7.27459 2
    endloop
  endfacet
  facet normal -0.94693 0.321441 0
    outer loop
      vertex 3.04359 7.27459 5.2
      vertex 2.90904 6.87822 2
      vertex 2.90904 6.87822 5.2
    endloop
  endfacet
  facet normal 0.0654122 0.997858 -0
    outer loop
      vertex 6.41768 9.22262 2
      vertex 6 9.25 5.2
      vertex 6.41768 9.22262 5.2
    endloop
  endfacet
  facet normal 0.0654122 0.997858 0
    outer loop
      vertex 6 9.25 5.2
      vertex 6.41768 9.22262 2
      vertex 6 9.25 2
    endloop
  endfacet
  facet normal -0.321441 0.94693 0
    outer loop
      vertex 5.17178 9.14096 2
      vertex 4.77541 9.00641 5.2
      vertex 5.17178 9.14096 5.2
    endloop
  endfacet
  facet normal -0.321441 0.94693 0
    outer loop
      vertex 4.77541 9.00641 5.2
      vertex 5.17178 9.14096 2
      vertex 4.77541 9.00641 2
    endloop
  endfacet
  facet normal -0.997858 -0.0654122 0
    outer loop
      vertex 2.82738 5.63232 2
      vertex 2.8 6.05 5.2
      vertex 2.8 6.05 2
    endloop
  endfacet
  facet normal -0.997858 -0.0654122 0
    outer loop
      vertex 2.8 6.05 5.2
      vertex 2.82738 5.63232 2
      vertex 2.82738 5.63232 5.2
    endloop
  endfacet
  facet normal -0.0654122 -0.997858 0
    outer loop
      vertex 5.58232 2.87738 2
      vertex 6 2.85 5.2
      vertex 5.58232 2.87738 5.2
    endloop
  endfacet
  facet normal -0.0654122 -0.997858 -0
    outer loop
      vertex 6 2.85 5.2
      vertex 5.58232 2.87738 2
      vertex 6 2.85 2
    endloop
  endfacet
  facet normal 0.997858 -0.0654122 0
    outer loop
      vertex 9.17262 5.63232 5.2
      vertex 9.2 6.05 2
      vertex 9.2 6.05 5.2
    endloop
  endfacet
  facet normal 0.997858 -0.0654122 0
    outer loop
      vertex 9.2 6.05 2
      vertex 9.17262 5.63232 5.2
      vertex 9.17262 5.63232 2
    endloop
  endfacet
  facet normal 0.751833 0.659353 0
    outer loop
      vertex 8.53873 7.99804 5.2
      vertex 8.26274 8.31274 2
      vertex 8.26274 8.31274 5.2
    endloop
  endfacet
  facet normal 0.751833 0.659353 0
    outer loop
      vertex 8.26274 8.31274 2
      vertex 8.53873 7.99804 5.2
      vertex 8.53873 7.99804 2
    endloop
  endfacet
  facet normal -0.94693 -0.321441 0
    outer loop
      vertex 3.04359 4.82541 2
      vertex 2.90904 5.22178 5.2
      vertex 2.90904 5.22178 2
    endloop
  endfacet
  facet normal -0.94693 -0.321441 0
    outer loop
      vertex 2.90904 5.22178 5.2
      vertex 3.04359 4.82541 2
      vertex 3.04359 4.82541 5.2
    endloop
  endfacet
  facet normal -0.980786 -0.195087 0
    outer loop
      vertex 2.90904 5.22178 2
      vertex 2.82738 5.63232 5.2
      vertex 2.82738 5.63232 2
    endloop
  endfacet
  facet normal -0.980786 -0.195087 0
    outer loop
      vertex 2.82738 5.63232 5.2
      vertex 2.90904 5.22178 2
      vertex 2.90904 5.22178 5.2
    endloop
  endfacet
  facet normal 0.195087 0.980786 -0
    outer loop
      vertex 6.82822 9.14096 2
      vertex 6.41768 9.22262 5.2
      vertex 6.82822 9.14096 5.2
    endloop
  endfacet
  facet normal 0.195087 0.980786 0
    outer loop
      vertex 6.41768 9.22262 5.2
      vertex 6.82822 9.14096 2
      vertex 6.41768 9.22262 2
    endloop
  endfacet
  facet normal -0.751833 -0.659353 0
    outer loop
      vertex 3.73726 3.78726 2
      vertex 3.46127 4.10196 5.2
      vertex 3.46127 4.10196 2
    endloop
  endfacet
  facet normal -0.751833 -0.659353 0
    outer loop
      vertex 3.46127 4.10196 5.2
      vertex 3.73726 3.78726 2
      vertex 3.73726 3.78726 5.2
    endloop
  endfacet
  facet normal -0.659353 0.751833 0
    outer loop
      vertex 4.05196 8.58873 2
      vertex 3.73726 8.31274 5.2
      vertex 4.05196 8.58873 5.2
    endloop
  endfacet
  facet normal -0.659353 0.751833 0
    outer loop
      vertex 3.73726 8.31274 5.2
      vertex 4.05196 8.58873 2
      vertex 3.73726 8.31274 2
    endloop
  endfacet
  facet normal -0.896874 0.442285 0
    outer loop
      vertex 3.04359 7.27459 2
      vertex 3.22872 7.65 5.2
      vertex 3.22872 7.65 2
    endloop
  endfacet
  facet normal -0.896874 0.442285 0
    outer loop
      vertex 3.22872 7.65 5.2
      vertex 3.04359 7.27459 2
      vertex 3.04359 7.27459 5.2
    endloop
  endfacet
  facet normal 0.831473 -0.555565 0
    outer loop
      vertex 8.53873 4.10196 5.2
      vertex 8.77128 4.45 2
      vertex 8.77128 4.45 5.2
    endloop
  endfacet
  facet normal 0.831473 -0.555565 0
    outer loop
      vertex 8.77128 4.45 2
      vertex 8.53873 4.10196 5.2
      vertex 8.53873 4.10196 2
    endloop
  endfacet
  facet normal 0.831473 0.555565 0
    outer loop
      vertex 8.77128 7.65 5.2
      vertex 8.53873 7.99804 2
      vertex 8.53873 7.99804 5.2
    endloop
  endfacet
  facet normal 0.831473 0.555565 0
    outer loop
      vertex 8.53873 7.99804 2
      vertex 8.77128 7.65 5.2
      vertex 8.77128 7.65 2
    endloop
  endfacet
  facet normal -0.751833 0.659353 0
    outer loop
      vertex 3.46127 7.99804 2
      vertex 3.73726 8.31274 5.2
      vertex 3.73726 8.31274 2
    endloop
  endfacet
  facet normal -0.751833 0.659353 0
    outer loop
      vertex 3.73726 8.31274 5.2
      vertex 3.46127 7.99804 2
      vertex 3.46127 7.99804 5.2
    endloop
  endfacet
  facet normal 0.659353 -0.751833 0
    outer loop
      vertex 7.94804 3.51127 2
      vertex 8.26274 3.78726 5.2
      vertex 7.94804 3.51127 5.2
    endloop
  endfacet
  facet normal 0.659353 -0.751833 0
    outer loop
      vertex 8.26274 3.78726 5.2
      vertex 7.94804 3.51127 2
      vertex 8.26274 3.78726 2
    endloop
  endfacet
  facet normal -0.831473 -0.555565 0
    outer loop
      vertex 3.46127 4.10196 2
      vertex 3.22872 4.45 5.2
      vertex 3.22872 4.45 2
    endloop
  endfacet
  facet normal -0.831473 -0.555565 0
    outer loop
      vertex 3.22872 4.45 5.2
      vertex 3.46127 4.10196 2
      vertex 3.46127 4.10196 5.2
    endloop
  endfacet
  facet normal -0.195087 0.980786 0
    outer loop
      vertex 5.58232 9.22262 2
      vertex 5.17178 9.14096 5.2
      vertex 5.58232 9.22262 5.2
    endloop
  endfacet
  facet normal -0.195087 0.980786 0
    outer loop
      vertex 5.17178 9.14096 5.2
      vertex 5.58232 9.22262 2
      vertex 5.17178 9.14096 2
    endloop
  endfacet
  facet normal 0.94693 -0.321441 0
    outer loop
      vertex 8.95641 4.82541 5.2
      vertex 9.09096 5.22178 2
      vertex 9.09096 5.22178 5.2
    endloop
  endfacet
  facet normal 0.94693 -0.321441 0
    outer loop
      vertex 9.09096 5.22178 2
      vertex 8.95641 4.82541 5.2
      vertex 8.95641 4.82541 2
    endloop
  endfacet
  facet normal 0.442285 0.896874 -0
    outer loop
      vertex 7.6 8.82128 2
      vertex 7.22459 9.00641 5.2
      vertex 7.6 8.82128 5.2
    endloop
  endfacet
  facet normal 0.442285 0.896874 0
    outer loop
      vertex 7.22459 9.00641 5.2
      vertex 7.6 8.82128 2
      vertex 7.22459 9.00641 2
    endloop
  endfacet
  facet normal -0.0654122 0.997858 0
    outer loop
      vertex 6 9.25 2
      vertex 5.58232 9.22262 5.2
      vertex 6 9.25 5.2
    endloop
  endfacet
  facet normal -0.0654122 0.997858 0
    outer loop
      vertex 5.58232 9.22262 5.2
      vertex 6 9.25 2
      vertex 5.58232 9.22262 2
    endloop
  endfacet
  facet normal 0.0654122 -0.997858 0
    outer loop
      vertex 6 2.85 2
      vertex 6.41768 2.87738 5.2
      vertex 6 2.85 5.2
    endloop
  endfacet
  facet normal 0.0654122 -0.997858 0
    outer loop
      vertex 6.41768 2.87738 5.2
      vertex 6 2.85 2
      vertex 6.41768 2.87738 2
    endloop
  endfacet
  facet normal 0.555565 0.831473 -0
    outer loop
      vertex 7.94804 8.58873 2
      vertex 7.6 8.82128 5.2
      vertex 7.94804 8.58873 5.2
    endloop
  endfacet
  facet normal 0.555565 0.831473 0
    outer loop
      vertex 7.6 8.82128 5.2
      vertex 7.94804 8.58873 2
      vertex 7.6 8.82128 2
    endloop
  endfacet
  facet normal -0.896874 -0.442285 0
    outer loop
      vertex 3.22872 4.45 2
      vertex 3.04359 4.82541 5.2
      vertex 3.04359 4.82541 2
    endloop
  endfacet
  facet normal -0.896874 -0.442285 0
    outer loop
      vertex 3.04359 4.82541 5.2
      vertex 3.22872 4.45 2
      vertex 3.22872 4.45 5.2
    endloop
  endfacet
  facet normal -0.659353 -0.751833 0
    outer loop
      vertex 3.73726 3.78726 2
      vertex 4.05196 3.51127 5.2
      vertex 3.73726 3.78726 5.2
    endloop
  endfacet
  facet normal -0.659353 -0.751833 -0
    outer loop
      vertex 4.05196 3.51127 5.2
      vertex 3.73726 3.78726 2
      vertex 4.05196 3.51127 2
    endloop
  endfacet
  facet normal -0.980786 0.195087 0
    outer loop
      vertex 2.82738 6.46768 2
      vertex 2.90904 6.87822 5.2
      vertex 2.90904 6.87822 2
    endloop
  endfacet
  facet normal -0.980786 0.195087 0
    outer loop
      vertex 2.90904 6.87822 5.2
      vertex 2.82738 6.46768 2
      vertex 2.82738 6.46768 5.2
    endloop
  endfacet
  facet normal 0.896874 0.442285 0
    outer loop
      vertex 8.95641 7.27459 5.2
      vertex 8.77128 7.65 2
      vertex 8.77128 7.65 5.2
    endloop
  endfacet
  facet normal 0.896874 0.442285 0
    outer loop
      vertex 8.77128 7.65 2
      vertex 8.95641 7.27459 5.2
      vertex 8.95641 7.27459 2
    endloop
  endfacet
  facet normal 0.195087 -0.980786 0
    outer loop
      vertex 6.41768 2.87738 2
      vertex 6.82822 2.95904 5.2
      vertex 6.41768 2.87738 5.2
    endloop
  endfacet
  facet normal 0.195087 -0.980786 0
    outer loop
      vertex 6.82822 2.95904 5.2
      vertex 6.41768 2.87738 2
      vertex 6.82822 2.95904 2
    endloop
  endfacet
  facet normal 0.896874 -0.442285 0
    outer loop
      vertex 8.77128 4.45 5.2
      vertex 8.95641 4.82541 2
      vertex 8.95641 4.82541 5.2
    endloop
  endfacet
  facet normal 0.896874 -0.442285 0
    outer loop
      vertex 8.95641 4.82541 2
      vertex 8.77128 4.45 5.2
      vertex 8.77128 4.45 2
    endloop
  endfacet
  facet normal 0.980786 -0.195087 0
    outer loop
      vertex 9.09096 5.22178 5.2
      vertex 9.17262 5.63232 2
      vertex 9.17262 5.63232 5.2
    endloop
  endfacet
  facet normal 0.980786 -0.195087 0
    outer loop
      vertex 9.17262 5.63232 2
      vertex 9.09096 5.22178 5.2
      vertex 9.09096 5.22178 2
    endloop
  endfacet
  facet normal -0.555565 0.831473 0
    outer loop
      vertex 4.4 8.82128 2
      vertex 4.05196 8.58873 5.2
      vertex 4.4 8.82128 5.2
    endloop
  endfacet
  facet normal -0.555565 0.831473 0
    outer loop
      vertex 4.05196 8.58873 5.2
      vertex 4.4 8.82128 2
      vertex 4.05196 8.58873 2
    endloop
  endfacet
  facet normal 0.94693 0.321441 0
    outer loop
      vertex 9.09096 6.87822 5.2
      vertex 8.95641 7.27459 2
      vertex 8.95641 7.27459 5.2
    endloop
  endfacet
  facet normal 0.94693 0.321441 0
    outer loop
      vertex 8.95641 7.27459 2
      vertex 9.09096 6.87822 5.2
      vertex 9.09096 6.87822 2
    endloop
  endfacet
  facet normal 0.321441 -0.94693 0
    outer loop
      vertex 6.82822 2.95904 2
      vertex 7.22459 3.09359 5.2
      vertex 6.82822 2.95904 5.2
    endloop
  endfacet
  facet normal 0.321441 -0.94693 0
    outer loop
      vertex 7.22459 3.09359 5.2
      vertex 6.82822 2.95904 2
      vertex 7.22459 3.09359 2
    endloop
  endfacet
  facet normal 0.442285 -0.896874 0
    outer loop
      vertex 7.22459 3.09359 2
      vertex 7.6 3.27872 5.2
      vertex 7.22459 3.09359 5.2
    endloop
  endfacet
  facet normal 0.442285 -0.896874 0
    outer loop
      vertex 7.6 3.27872 5.2
      vertex 7.22459 3.09359 2
      vertex 7.6 3.27872 2
    endloop
  endfacet
  facet normal -0.997858 0.0654122 0
    outer loop
      vertex 2.8 6.05 2
      vertex 2.82738 6.46768 5.2
      vertex 2.82738 6.46768 2
    endloop
  endfacet
  facet normal -0.997858 0.0654122 0
    outer loop
      vertex 2.82738 6.46768 5.2
      vertex 2.8 6.05 2
      vertex 2.8 6.05 5.2
    endloop
  endfacet
  facet normal -0.321441 -0.94693 0
    outer loop
      vertex 4.77541 3.09359 2
      vertex 5.17178 2.95904 5.2
      vertex 4.77541 3.09359 5.2
    endloop
  endfacet
  facet normal -0.321441 -0.94693 -0
    outer loop
      vertex 5.17178 2.95904 5.2
      vertex 4.77541 3.09359 2
      vertex 5.17178 2.95904 2
    endloop
  endfacet
  facet normal -0.442285 0.896874 0
    outer loop
      vertex 4.77541 9.00641 2
      vertex 4.4 8.82128 5.2
      vertex 4.77541 9.00641 5.2
    endloop
  endfacet
  facet normal -0.442285 0.896874 0
    outer loop
      vertex 4.4 8.82128 5.2
      vertex 4.77541 9.00641 2
      vertex 4.4 8.82128 2
    endloop
  endfacet
  facet normal -0.831473 0.555565 0
    outer loop
      vertex 3.22872 7.65 2
      vertex 3.46127 7.99804 5.2
      vertex 3.46127 7.99804 2
    endloop
  endfacet
  facet normal -0.831473 0.555565 0
    outer loop
      vertex 3.46127 7.99804 5.2
      vertex 3.22872 7.65 2
      vertex 3.22872 7.65 5.2
    endloop
  endfacet
  facet normal -0.442285 -0.896874 0
    outer loop
      vertex 4.4 3.27872 2
      vertex 4.77541 3.09359 5.2
      vertex 4.4 3.27872 5.2
    endloop
  endfacet
  facet normal -0.442285 -0.896874 -0
    outer loop
      vertex 4.77541 3.09359 5.2
      vertex 4.4 3.27872 2
      vertex 4.77541 3.09359 2
    endloop
  endfacet
  facet normal -0.555565 -0.831473 0
    outer loop
      vertex 4.05196 3.51127 2
      vertex 4.4 3.27872 5.2
      vertex 4.05196 3.51127 5.2
    endloop
  endfacet
  facet normal -0.555565 -0.831473 -0
    outer loop
      vertex 4.4 3.27872 5.2
      vertex 4.05196 3.51127 2
      vertex 4.4 3.27872 2
    endloop
  endfacet
  facet normal -0 0 1
    outer loop
      vertex 7.04281 6.15964 5.2
      vertex 9.2 6.05 5.2
      vertex 9.17262 6.46768 5.2
    endloop
  endfacet
  facet normal 0 0 1
    outer loop
      vertex 7.03566 6.21399 5.2
      vertex 9.17262 6.46768 5.2
      vertex 9.09096 6.87822 5.2
    endloop
  endfacet
  facet normal 0 0 1
    outer loop
      vertex 9.2 6.05 5.2
      vertex 7.04281 6.15964 5.2
      vertex 7.05 6.05 5.2
    endloop
  endfacet
  facet normal 0 0 1
    outer loop
      vertex 6.9789 6.42581 5.2
      vertex 9.09096 6.87822 5.2
      vertex 8.95641 7.27459 5.2
    endloop
  endfacet
  facet normal 0 0 1
    outer loop
      vertex 6.97007 6.45182 5.2
      vertex 8.95641 7.27459 5.2
      vertex 8.77128 7.65 5.2
    endloop
  endfacet
  facet normal 0 0 1
    outer loop
      vertex 9.2 6.05 5.2
      vertex 7.05 6.05 5.2
      vertex 9.17262 5.63232 5.2
    endloop
  endfacet
  facet normal 0 0 1
    outer loop
      vertex 6.90933 6.575 5.2
      vertex 8.77128 7.65 5.2
      vertex 8.53873 7.99804 5.2
    endloop
  endfacet
  facet normal -0 0 1
    outer loop
      vertex 7.04102 5.91295 5.2
      vertex 9.17262 5.63232 5.2
      vertex 7.05 6.05 5.2
    endloop
  endfacet
  facet normal 0 0 1
    outer loop
      vertex 6.83302 6.6892 5.2
      vertex 8.53873 7.99804 5.2
      vertex 8.26274 8.31274 5.2
    endloop
  endfacet
  facet normal 0 0 1
    outer loop
      vertex 9.17262 5.63232 5.2
      vertex 7.04102 5.91295 5.2
      vertex 9.09096 5.22178 5.2
    endloop
  endfacet
  facet normal 0 0 1
    outer loop
      vertex 6.74246 6.79246 5.2
      vertex 8.26274 8.31274 5.2
      vertex 7.94804 8.58873 5.2
    endloop
  endfacet
  facet normal -0 0 1
    outer loop
      vertex 7.01422 5.77824 5.2
      vertex 9.09096 5.22178 5.2
      vertex 7.04102 5.91295 5.2
    endloop
  endfacet
  facet normal 0 0 1
    outer loop
      vertex 6.61636 6.89828 5.2
      vertex 7.94804 8.58873 5.2
      vertex 7.6 8.82128 5.2
    endloop
  endfacet
  facet normal 0 0 1
    outer loop
      vertex 9.09096 5.22178 5.2
      vertex 7.01422 5.77824 5.2
      vertex 8.95641 4.82541 5.2
    endloop
  endfacet
  facet normal 0 0 1
    outer loop
      vertex 6.42645 7.00792 5.2
      vertex 7.6 8.82128 5.2
      vertex 7.22459 9.00641 5.2
    endloop
  endfacet
  facet normal -0 0 1
    outer loop
      vertex 6.97007 5.64818 5.2
      vertex 8.95641 4.82541 5.2
      vertex 7.01422 5.77824 5.2
    endloop
  endfacet
  facet normal 0 0 1
    outer loop
      vertex 8.95641 4.82541 5.2
      vertex 6.97007 5.64818 5.2
      vertex 8.77128 4.45 5.2
    endloop
  endfacet
  facet normal 0 0 1
    outer loop
      vertex 9.17262 6.46768 5.2
      vertex 7.04102 6.18705 5.2
      vertex 7.04281 6.15964 5.2
    endloop
  endfacet
  facet normal 0 0 1
    outer loop
      vertex 9.17262 6.46768 5.2
      vertex 7.03566 6.21399 5.2
      vertex 7.04102 6.18705 5.2
    endloop
  endfacet
  facet normal 0 0 1
    outer loop
      vertex 9.09096 6.87822 5.2
      vertex 7.01422 6.32176 5.2
      vertex 7.03566 6.21399 5.2
    endloop
  endfacet
  facet normal 0 0 1
    outer loop
      vertex 9.09096 6.87822 5.2
      vertex 6.9789 6.42581 5.2
      vertex 7.01422 6.32176 5.2
    endloop
  endfacet
  facet normal 0 0 1
    outer loop
      vertex 8.95641 7.27459 5.2
      vertex 6.97007 6.45182 5.2
      vertex 6.9789 6.42581 5.2
    endloop
  endfacet
  facet normal 0 0 1
    outer loop
      vertex 8.77128 7.65 5.2
      vertex 6.90933 6.575 5.2
      vertex 6.97007 6.45182 5.2
    endloop
  endfacet
  facet normal 0 0 1
    outer loop
      vertex 8.53873 7.99804 5.2
      vertex 6.83302 6.6892 5.2
      vertex 6.90933 6.575 5.2
    endloop
  endfacet
  facet normal 0 0 1
    outer loop
      vertex 6.40182 7.02007 5.2
      vertex 7.22459 9.00641 5.2
      vertex 6.82822 9.14096 5.2
    endloop
  endfacet
  facet normal 0 0 1
    outer loop
      vertex 8.26274 8.31274 5.2
      vertex 6.74246 6.79246 5.2
      vertex 6.83302 6.6892 5.2
    endloop
  endfacet
  facet normal 0 0 1
    outer loop
      vertex 7.94804 8.58873 5.2
      vertex 6.6392 6.88302 5.2
      vertex 6.74246 6.79246 5.2
    endloop
  endfacet
  facet normal 0 0 1
    outer loop
      vertex 7.94804 8.58873 5.2
      vertex 6.61636 6.89828 5.2
      vertex 6.6392 6.88302 5.2
    endloop
  endfacet
  facet normal 0 0 1
    outer loop
      vertex 7.6 8.82128 5.2
      vertex 6.525 6.95933 5.2
      vertex 6.61636 6.89828 5.2
    endloop
  endfacet
  facet normal 0 0 1
    outer loop
      vertex 7.6 8.82128 5.2
      vertex 6.42645 7.00792 5.2
      vertex 6.525 6.95933 5.2
    endloop
  endfacet
  facet normal 0 0 1
    outer loop
      vertex 6.27176 7.06422 5.2
      vertex 6.82822 9.14096 5.2
      vertex 6.41768 9.22262 5.2
    endloop
  endfacet
  facet normal 0 0 1
    outer loop
      vertex 7.22459 9.00641 5.2
      vertex 6.40182 7.02007 5.2
      vertex 6.42645 7.00792 5.2
    endloop
  endfacet
  facet normal 0 0 1
    outer loop
      vertex 6.82822 9.14096 5.2
      vertex 6.27176 7.06422 5.2
      vertex 6.40182 7.02007 5.2
    endloop
  endfacet
  facet normal 0 0 1
    outer loop
      vertex 6.41768 9.22262 5.2
      vertex 6.13705 7.09102 5.2
      vertex 6.27176 7.06422 5.2
    endloop
  endfacet
  facet normal 0 0 1
    outer loop
      vertex 6 9.25 5.2
      vertex 6.13705 7.09102 5.2
      vertex 6.41768 9.22262 5.2
    endloop
  endfacet
  facet normal 0 0 1
    outer loop
      vertex 6 9.25 5.2
      vertex 6 7.1 5.2
      vertex 6.13705 7.09102 5.2
    endloop
  endfacet
  facet normal 0 0 1
    outer loop
      vertex 6 9.25 5.2
      vertex 5.86295 7.09102 5.2
      vertex 6 7.1 5.2
    endloop
  endfacet
  facet normal -0 0 1
    outer loop
      vertex 5.58232 9.22262 5.2
      vertex 5.86295 7.09102 5.2
      vertex 6 9.25 5.2
    endloop
  endfacet
  facet normal 0 0 1
    outer loop
      vertex 5.86295 7.09102 5.2
      vertex 5.58232 9.22262 5.2
      vertex 5.72824 7.06422 5.2
    endloop
  endfacet
  facet normal -0 0 1
    outer loop
      vertex 5.17178 9.14096 5.2
      vertex 5.72824 7.06422 5.2
      vertex 5.58232 9.22262 5.2
    endloop
  endfacet
  facet normal 0 0 1
    outer loop
      vertex 5.72824 7.06422 5.2
      vertex 5.17178 9.14096 5.2
      vertex 5.59818 7.02007 5.2
    endloop
  endfacet
  facet normal -0 0 1
    outer loop
      vertex 4.77541 9.00641 5.2
      vertex 5.59818 7.02007 5.2
      vertex 5.17178 9.14096 5.2
    endloop
  endfacet
  facet normal 0 0 1
    outer loop
      vertex 5.59818 7.02007 5.2
      vertex 4.77541 9.00641 5.2
      vertex 5.5128 6.97797 5.2
    endloop
  endfacet
  facet normal -0 0 1
    outer loop
      vertex 4.4 8.82128 5.2
      vertex 5.5128 6.97797 5.2
      vertex 4.77541 9.00641 5.2
    endloop
  endfacet
  facet normal 0 0 1
    outer loop
      vertex 5.5128 6.97797 5.2
      vertex 4.4 8.82128 5.2
      vertex 5.475 6.95933 5.2
    endloop
  endfacet
  facet normal 0 0 1
    outer loop
      vertex 5.475 6.95933 5.2
      vertex 4.4 8.82128 5.2
      vertex 5.45995 6.94927 5.2
    endloop
  endfacet
  facet normal 0 0 1
    outer loop
      vertex 5.45995 6.94927 5.2
      vertex 4.4 8.82128 5.2
      vertex 5.3608 6.88302 5.2
    endloop
  endfacet
  facet normal -0 0 1
    outer loop
      vertex 4.05196 8.58873 5.2
      vertex 5.3608 6.88302 5.2
      vertex 4.4 8.82128 5.2
    endloop
  endfacet
  facet normal 0 0 1
    outer loop
      vertex 5.3608 6.88302 5.2
      vertex 4.05196 8.58873 5.2
      vertex 5.25754 6.79246 5.2
    endloop
  endfacet
  facet normal -0 0 1
    outer loop
      vertex 3.73726 8.31274 5.2
      vertex 5.25754 6.79246 5.2
      vertex 4.05196 8.58873 5.2
    endloop
  endfacet
  facet normal 0 0 1
    outer loop
      vertex 5.25754 6.79246 5.2
      vertex 3.73726 8.31274 5.2
      vertex 5.16698 6.6892 5.2
    endloop
  endfacet
  facet normal 0 0 1
    outer loop
      vertex 5.16698 6.6892 5.2
      vertex 3.46127 7.99804 5.2
      vertex 5.09067 6.575 5.2
    endloop
  endfacet
  facet normal -0 0 1
    outer loop
      vertex 3.46127 7.99804 5.2
      vertex 5.16698 6.6892 5.2
      vertex 3.73726 8.31274 5.2
    endloop
  endfacet
  facet normal -0 0 1
    outer loop
      vertex 6.90933 5.525 5.2
      vertex 8.77128 4.45 5.2
      vertex 6.97007 5.64818 5.2
    endloop
  endfacet
  facet normal 0 0 1
    outer loop
      vertex 8.77128 4.45 5.2
      vertex 6.90933 5.525 5.2
      vertex 8.53873 4.10196 5.2
    endloop
  endfacet
  facet normal -0 0 1
    outer loop
      vertex 6.83302 5.4108 5.2
      vertex 8.53873 4.10196 5.2
      vertex 6.90933 5.525 5.2
    endloop
  endfacet
  facet normal 0 0 1
    outer loop
      vertex 8.53873 4.10196 5.2
      vertex 6.83302 5.4108 5.2
      vertex 8.26274 3.78726 5.2
    endloop
  endfacet
  facet normal -0 0 1
    outer loop
      vertex 6.74246 5.30754 5.2
      vertex 8.26274 3.78726 5.2
      vertex 6.83302 5.4108 5.2
    endloop
  endfacet
  facet normal 0 0 1
    outer loop
      vertex 8.26274 3.78726 5.2
      vertex 6.74246 5.30754 5.2
      vertex 7.94804 3.51127 5.2
    endloop
  endfacet
  facet normal -0 0 1
    outer loop
      vertex 6.6392 5.21698 5.2
      vertex 7.94804 3.51127 5.2
      vertex 6.74246 5.30754 5.2
    endloop
  endfacet
  facet normal 0 0 1
    outer loop
      vertex 7.94804 3.51127 5.2
      vertex 6.6392 5.21698 5.2
      vertex 7.6 3.27872 5.2
    endloop
  endfacet
  facet normal -0 0 1
    outer loop
      vertex 6.525 5.14067 5.2
      vertex 7.6 3.27872 5.2
      vertex 6.6392 5.21698 5.2
    endloop
  endfacet
  facet normal 0 0 1
    outer loop
      vertex 7.6 3.27872 5.2
      vertex 6.525 5.14067 5.2
      vertex 7.22459 3.09359 5.2
    endloop
  endfacet
  facet normal -0 0 1
    outer loop
      vertex 6.40182 5.07993 5.2
      vertex 7.22459 3.09359 5.2
      vertex 6.525 5.14067 5.2
    endloop
  endfacet
  facet normal 0 0 1
    outer loop
      vertex 7.22459 3.09359 5.2
      vertex 6.40182 5.07993 5.2
      vertex 6.82822 2.95904 5.2
    endloop
  endfacet
  facet normal -0 0 1
    outer loop
      vertex 6.27176 5.03578 5.2
      vertex 6.82822 2.95904 5.2
      vertex 6.40182 5.07993 5.2
    endloop
  endfacet
  facet normal 0 0 1
    outer loop
      vertex 6.82822 2.95904 5.2
      vertex 6.27176 5.03578 5.2
      vertex 6.41768 2.87738 5.2
    endloop
  endfacet
  facet normal -0 0 1
    outer loop
      vertex 6.13705 5.00898 5.2
      vertex 6.41768 2.87738 5.2
      vertex 6.27176 5.03578 5.2
    endloop
  endfacet
  facet normal -0 0 1
    outer loop
      vertex 6 5 5.2
      vertex 6.41768 2.87738 5.2
      vertex 6.13705 5.00898 5.2
    endloop
  endfacet
  facet normal 0 0 1
    outer loop
      vertex 6 5 5.2
      vertex 6 2.85 5.2
      vertex 6.41768 2.87738 5.2
    endloop
  endfacet
  facet normal 0 0 1
    outer loop
      vertex 5.86295 5.00898 5.2
      vertex 6 2.85 5.2
      vertex 6 5 5.2
    endloop
  endfacet
  facet normal 0 0 1
    outer loop
      vertex 5.58232 2.87738 5.2
      vertex 5.86295 5.00898 5.2
      vertex 5.72824 5.03578 5.2
    endloop
  endfacet
  facet normal 0 0 1
    outer loop
      vertex 5.17178 2.95904 5.2
      vertex 5.72824 5.03578 5.2
      vertex 5.59818 5.07993 5.2
    endloop
  endfacet
  facet normal 0 0 1
    outer loop
      vertex 5.86295 5.00898 5.2
      vertex 5.58232 2.87738 5.2
      vertex 6 2.85 5.2
    endloop
  endfacet
  facet normal 0 0 1
    outer loop
      vertex 4.77541 3.09359 5.2
      vertex 5.59818 5.07993 5.2
      vertex 5.475 5.14067 5.2
    endloop
  endfacet
  facet normal 0 0 1
    outer loop
      vertex 4.4 3.27872 5.2
      vertex 5.475 5.14067 5.2
      vertex 5.3608 5.21698 5.2
    endloop
  endfacet
  facet normal 0 0 1
    outer loop
      vertex 4.05196 3.51127 5.2
      vertex 5.3608 5.21698 5.2
      vertex 5.25754 5.30754 5.2
    endloop
  endfacet
  facet normal 0 0 1
    outer loop
      vertex 5.72824 5.03578 5.2
      vertex 5.17178 2.95904 5.2
      vertex 5.58232 2.87738 5.2
    endloop
  endfacet
  facet normal 0 0 1
    outer loop
      vertex 3.73726 3.78726 5.2
      vertex 5.25754 5.30754 5.2
      vertex 5.16698 5.4108 5.2
    endloop
  endfacet
  facet normal 0 0 1
    outer loop
      vertex 3.46127 4.10196 5.2
      vertex 5.16698 5.4108 5.2
      vertex 5.09067 5.525 5.2
    endloop
  endfacet
  facet normal 0 0 1
    outer loop
      vertex 3.22872 4.45 5.2
      vertex 5.09067 5.525 5.2
      vertex 5.02993 5.64818 5.2
    endloop
  endfacet
  facet normal 0 0 1
    outer loop
      vertex 3.04359 4.82541 5.2
      vertex 5.02993 5.64818 5.2
      vertex 4.98578 5.77824 5.2
    endloop
  endfacet
  facet normal 0 0 1
    outer loop
      vertex 2.90904 5.22178 5.2
      vertex 4.98578 5.77824 5.2
      vertex 4.95898 5.91295 5.2
    endloop
  endfacet
  facet normal 0 0 1
    outer loop
      vertex 5.59818 5.07993 5.2
      vertex 4.77541 3.09359 5.2
      vertex 5.17178 2.95904 5.2
    endloop
  endfacet
  facet normal 0 0 1
    outer loop
      vertex 2.82738 5.63232 5.2
      vertex 4.95898 5.91295 5.2
      vertex 4.95 6.05 5.2
    endloop
  endfacet
  facet normal -0 0 1
    outer loop
      vertex 3.22872 7.65 5.2
      vertex 5.09067 6.575 5.2
      vertex 3.46127 7.99804 5.2
    endloop
  endfacet
  facet normal 0 0 1
    outer loop
      vertex 5.09067 6.575 5.2
      vertex 3.22872 7.65 5.2
      vertex 5.02993 6.45182 5.2
    endloop
  endfacet
  facet normal 0 0 1
    outer loop
      vertex 5.475 5.14067 5.2
      vertex 4.4 3.27872 5.2
      vertex 4.77541 3.09359 5.2
    endloop
  endfacet
  facet normal -0 0 1
    outer loop
      vertex 3.04359 7.27459 5.2
      vertex 5.02993 6.45182 5.2
      vertex 3.22872 7.65 5.2
    endloop
  endfacet
  facet normal 0 0 1
    outer loop
      vertex 5.3608 5.21698 5.2
      vertex 4.05196 3.51127 5.2
      vertex 4.4 3.27872 5.2
    endloop
  endfacet
  facet normal 0 0 1
    outer loop
      vertex 5.02993 6.45182 5.2
      vertex 3.04359 7.27459 5.2
      vertex 4.98578 6.32176 5.2
    endloop
  endfacet
  facet normal 0 0 1
    outer loop
      vertex 5.25754 5.30754 5.2
      vertex 3.73726 3.78726 5.2
      vertex 4.05196 3.51127 5.2
    endloop
  endfacet
  facet normal -0 0 1
    outer loop
      vertex 2.90904 6.87822 5.2
      vertex 4.98578 6.32176 5.2
      vertex 3.04359 7.27459 5.2
    endloop
  endfacet
  facet normal 0 0 1
    outer loop
      vertex 5.16698 5.4108 5.2
      vertex 3.46127 4.10196 5.2
      vertex 3.73726 3.78726 5.2
    endloop
  endfacet
  facet normal 0 0 1
    outer loop
      vertex 4.98578 6.32176 5.2
      vertex 2.90904 6.87822 5.2
      vertex 4.95898 6.18705 5.2
    endloop
  endfacet
  facet normal 0 0 1
    outer loop
      vertex 5.09067 5.525 5.2
      vertex 3.22872 4.45 5.2
      vertex 3.46127 4.10196 5.2
    endloop
  endfacet
  facet normal -0 0 1
    outer loop
      vertex 2.82738 6.46768 5.2
      vertex 4.95898 6.18705 5.2
      vertex 2.90904 6.87822 5.2
    endloop
  endfacet
  facet normal 0 0 1
    outer loop
      vertex 5.02993 5.64818 5.2
      vertex 3.04359 4.82541 5.2
      vertex 3.22872 4.45 5.2
    endloop
  endfacet
  facet normal 0 0 1
    outer loop
      vertex 4.95898 6.18705 5.2
      vertex 2.82738 6.46768 5.2
      vertex 4.95 6.05 5.2
    endloop
  endfacet
  facet normal 0 0 1
    outer loop
      vertex 4.98578 5.77824 5.2
      vertex 2.90904 5.22178 5.2
      vertex 3.04359 4.82541 5.2
    endloop
  endfacet
  facet normal 0 0 1
    outer loop
      vertex 2.8 6.05 5.2
      vertex 4.95 6.05 5.2
      vertex 2.82738 6.46768 5.2
    endloop
  endfacet
  facet normal 0 0 1
    outer loop
      vertex 4.95898 5.91295 5.2
      vertex 2.82738 5.63232 5.2
      vertex 2.90904 5.22178 5.2
    endloop
  endfacet
  facet normal 0 0 1
    outer loop
      vertex 4.95 6.05 5.2
      vertex 2.8 6.05 5.2
      vertex 2.82738 5.63232 5.2
    endloop
  endfacet
  facet normal -0.98078 -0.195118 0
    outer loop
      vertex 7.03566 6.21399 2
      vertex 7.01422 6.32176 5.2
      vertex 7.01422 6.32176 2
    endloop
  endfacet
  facet normal -0.98078 -0.195118 0
    outer loop
      vertex 7.01422 6.32176 5.2
      vertex 7.03566 6.21399 2
      vertex 7.03566 6.21399 5.2
    endloop
  endfacet
  facet normal -0.997857 -0.0654377 0
    outer loop
      vertex 7.05 6.05 2
      vertex 7.04281 6.15964 5.2
      vertex 7.04281 6.15964 2
    endloop
  endfacet
  facet normal -0.997857 -0.0654377 0
    outer loop
      vertex 7.04281 6.15964 5.2
      vertex 7.05 6.05 2
      vertex 7.05 6.05 5.2
    endloop
  endfacet
  facet normal -0.946931 -0.321438 0
    outer loop
      vertex 7.01422 6.32176 2
      vertex 6.9789 6.42581 5.2
      vertex 6.9789 6.42581 2
    endloop
  endfacet
  facet normal -0.946931 -0.321438 0
    outer loop
      vertex 6.9789 6.42581 5.2
      vertex 7.01422 6.32176 2
      vertex 7.01422 6.32176 5.2
    endloop
  endfacet
  facet normal 0.55572 -0.83137 0
    outer loop
      vertex 5.45995 6.94927 2
      vertex 5.475 6.95933 5.2
      vertex 5.45995 6.94927 5.2
    endloop
  endfacet
  facet normal 0.55572 -0.83137 0
    outer loop
      vertex 5.475 6.95933 5.2
      vertex 5.45995 6.94927 2
      vertex 5.475 6.95933 2
    endloop
  endfacet
  facet normal -0.442219 -0.896907 0
    outer loop
      vertex 6.42645 7.00792 2
      vertex 6.525 6.95933 5.2
      vertex 6.42645 7.00792 5.2
    endloop
  endfacet
  facet normal -0.442219 -0.896907 -0
    outer loop
      vertex 6.525 6.95933 5.2
      vertex 6.42645 7.00792 2
      vertex 6.525 6.95933 2
    endloop
  endfacet
  facet normal -0.555603 -0.831448 0
    outer loop
      vertex 6.525 6.95933 2
      vertex 6.61636 6.89828 5.2
      vertex 6.525 6.95933 5.2
    endloop
  endfacet
  facet normal -0.555603 -0.831448 -0
    outer loop
      vertex 6.61636 6.89828 5.2
      vertex 6.525 6.95933 2
      vertex 6.61636 6.89828 2
    endloop
  endfacet
  facet normal 0.442272 -0.896881 0
    outer loop
      vertex 5.475 6.95933 2
      vertex 5.5128 6.97797 5.2
      vertex 5.475 6.95933 5.2
    endloop
  endfacet
  facet normal 0.442272 -0.896881 0
    outer loop
      vertex 5.5128 6.97797 5.2
      vertex 5.475 6.95933 2
      vertex 5.5128 6.97797 2
    endloop
  endfacet
  facet normal 0.980782 0.195105 0
    outer loop
      vertex 9.22262 29.3177 5.2
      vertex 9.14096 29.7282 2
      vertex 9.14096 29.7282 5.2
    endloop
  endfacet
  facet normal 0.980782 0.195105 0
    outer loop
      vertex 9.14096 29.7282 2
      vertex 9.22262 29.3177 5.2
      vertex 9.22262 29.3177 2
    endloop
  endfacet
  facet normal 0.997859 0.0654091 0
    outer loop
      vertex 9.25 28.9 5.2
      vertex 9.22262 29.3177 2
      vertex 9.22262 29.3177 5.2
    endloop
  endfacet
  facet normal 0.997859 0.0654091 0
    outer loop
      vertex 9.22262 29.3177 2
      vertex 9.25 28.9 5.2
      vertex 9.25 28.9 2
    endloop
  endfacet
  facet normal 0.321548 0.946893 -0
    outer loop
      vertex 7.27459 31.8564 2
      vertex 6.87822 31.991 5.2
      vertex 7.27459 31.8564 5.2
    endloop
  endfacet
  facet normal 0.321548 0.946893 0
    outer loop
      vertex 6.87822 31.991 5.2
      vertex 7.27459 31.8564 2
      vertex 6.87822 31.991 2
    endloop
  endfacet
  facet normal 0.555648 -0.831418 0
    outer loop
      vertex 7.65 26.1287 2
      vertex 7.99804 26.3613 5.2
      vertex 7.65 26.1287 5.2
    endloop
  endfacet
  facet normal 0.555648 -0.831418 0
    outer loop
      vertex 7.99804 26.3613 5.2
      vertex 7.65 26.1287 2
      vertex 7.99804 26.3613 2
    endloop
  endfacet
  facet normal 0.659367 0.751821 -0
    outer loop
      vertex 8.31274 31.1627 2
      vertex 7.99804 31.4387 5.2
      vertex 8.31274 31.1627 5.2
    endloop
  endfacet
  facet normal 0.659367 0.751821 0
    outer loop
      vertex 7.99804 31.4387 5.2
      vertex 8.31274 31.1627 2
      vertex 7.99804 31.4387 2
    endloop
  endfacet
  facet normal -0.194949 -0.980813 0
    outer loop
      vertex 5.22178 25.809 2
      vertex 5.63232 25.7274 5.2
      vertex 5.22178 25.809 5.2
    endloop
  endfacet
  facet normal -0.194949 -0.980813 -0
    outer loop
      vertex 5.63232 25.7274 5.2
      vertex 5.22178 25.809 2
      vertex 5.63232 25.7274 2
    endloop
  endfacet
  facet normal 0.751833 -0.659353 0
    outer loop
      vertex 8.31274 26.6373 5.2
      vertex 8.58873 26.952 2
      vertex 8.58873 26.952 5.2
    endloop
  endfacet
  facet normal 0.751833 -0.659353 0
    outer loop
      vertex 8.58873 26.952 2
      vertex 8.31274 26.6373 5.2
      vertex 8.31274 26.6373 2
    endloop
  endfacet
  facet normal -0.946937 0.321419 0
    outer loop
      vertex 2.95904 29.7282 2
      vertex 3.09359 30.1246 5.2
      vertex 3.09359 30.1246 2
    endloop
  endfacet
  facet normal -0.946937 0.321419 0
    outer loop
      vertex 3.09359 30.1246 5.2
      vertex 2.95904 29.7282 2
      vertex 2.95904 29.7282 5.2
    endloop
  endfacet
  facet normal 0.0654598 0.997855 -0
    outer loop
      vertex 6.46768 32.0726 2
      vertex 6.05 32.1 5.2
      vertex 6.46768 32.0726 5.2
    endloop
  endfacet
  facet normal 0.0654598 0.997855 0
    outer loop
      vertex 6.05 32.1 5.2
      vertex 6.46768 32.0726 2
      vertex 6.05 32.1 2
    endloop
  endfacet
  facet normal -0.321548 0.946893 0
    outer loop
      vertex 5.22178 31.991 2
      vertex 4.82541 31.8564 5.2
      vertex 5.22178 31.991 5.2
    endloop
  endfacet
  facet normal -0.321548 0.946893 0
    outer loop
      vertex 4.82541 31.8564 5.2
      vertex 5.22178 31.991 2
      vertex 4.82541 31.8564 2
    endloop
  endfacet
  facet normal -0.997859 -0.0654091 0
    outer loop
      vertex 2.87738 28.4823 2
      vertex 2.85 28.9 5.2
      vertex 2.85 28.9 2
    endloop
  endfacet
  facet normal -0.997859 -0.0654091 0
    outer loop
      vertex 2.85 28.9 5.2
      vertex 2.87738 28.4823 2
      vertex 2.87738 28.4823 5.2
    endloop
  endfacet
  facet normal -0.0654598 -0.997855 0
    outer loop
      vertex 5.63232 25.7274 2
      vertex 6.05 25.7 5.2
      vertex 5.63232 25.7274 5.2
    endloop
  endfacet
  facet normal -0.0654598 -0.997855 -0
    outer loop
      vertex 6.05 25.7 5.2
      vertex 5.63232 25.7274 2
      vertex 6.05 25.7 2
    endloop
  endfacet
  facet normal 0.997859 -0.0654091 0
    outer loop
      vertex 9.22262 28.4823 5.2
      vertex 9.25 28.9 2
      vertex 9.25 28.9 5.2
    endloop
  endfacet
  facet normal 0.997859 -0.0654091 0
    outer loop
      vertex 9.25 28.9 2
      vertex 9.22262 28.4823 5.2
      vertex 9.22262 28.4823 2
    endloop
  endfacet
  facet normal 0.751833 0.659353 0
    outer loop
      vertex 8.58873 30.848 5.2
      vertex 8.31274 31.1627 2
      vertex 8.31274 31.1627 5.2
    endloop
  endfacet
  facet normal 0.751833 0.659353 0
    outer loop
      vertex 8.31274 31.1627 2
      vertex 8.58873 30.848 5.2
      vertex 8.58873 30.848 2
    endloop
  endfacet
  facet normal -0.946937 -0.321419 0
    outer loop
      vertex 3.09359 27.6754 2
      vertex 2.95904 28.0718 5.2
      vertex 2.95904 28.0718 2
    endloop
  endfacet
  facet normal -0.946937 -0.321419 0
    outer loop
      vertex 2.95904 28.0718 5.2
      vertex 3.09359 27.6754 2
      vertex 3.09359 27.6754 5.2
    endloop
  endfacet
  facet normal -0.980782 -0.195105 0
    outer loop
      vertex 2.95904 28.0718 2
      vertex 2.87738 28.4823 5.2
      vertex 2.87738 28.4823 2
    endloop
  endfacet
  facet normal -0.980782 -0.195105 0
    outer loop
      vertex 2.87738 28.4823 5.2
      vertex 2.95904 28.0718 2
      vertex 2.95904 28.0718 5.2
    endloop
  endfacet
  facet normal 0.194949 0.980813 -0
    outer loop
      vertex 6.87822 31.991 2
      vertex 6.46768 32.0726 5.2
      vertex 6.87822 31.991 5.2
    endloop
  endfacet
  facet normal 0.194949 0.980813 0
    outer loop
      vertex 6.46768 32.0726 5.2
      vertex 6.87822 31.991 2
      vertex 6.46768 32.0726 2
    endloop
  endfacet
  facet normal -0.751833 -0.659353 0
    outer loop
      vertex 3.78726 26.6373 2
      vertex 3.51127 26.952 5.2
      vertex 3.51127 26.952 2
    endloop
  endfacet
  facet normal -0.751833 -0.659353 0
    outer loop
      vertex 3.51127 26.952 5.2
      vertex 3.78726 26.6373 2
      vertex 3.78726 26.6373 5.2
    endloop
  endfacet
  facet normal -0.659367 0.751821 0
    outer loop
      vertex 4.10196 31.4387 2
      vertex 3.78726 31.1627 5.2
      vertex 4.10196 31.4387 5.2
    endloop
  endfacet
  facet normal -0.659367 0.751821 0
    outer loop
      vertex 3.78726 31.1627 5.2
      vertex 4.10196 31.4387 2
      vertex 3.78726 31.1627 2
    endloop
  endfacet
  facet normal -0.89687 0.442295 0
    outer loop
      vertex 3.09359 30.1246 2
      vertex 3.27872 30.5 5.2
      vertex 3.27872 30.5 2
    endloop
  endfacet
  facet normal -0.89687 0.442295 0
    outer loop
      vertex 3.27872 30.5 5.2
      vertex 3.09359 30.1246 2
      vertex 3.09359 30.1246 5.2
    endloop
  endfacet
  facet normal 0.831443 -0.55561 0
    outer loop
      vertex 8.58873 26.952 5.2
      vertex 8.82128 27.3 2
      vertex 8.82128 27.3 5.2
    endloop
  endfacet
  facet normal 0.831443 -0.55561 0
    outer loop
      vertex 8.82128 27.3 2
      vertex 8.58873 26.952 5.2
      vertex 8.58873 26.952 2
    endloop
  endfacet
  facet normal 0.831443 0.55561 0
    outer loop
      vertex 8.82128 30.5 5.2
      vertex 8.58873 30.848 2
      vertex 8.58873 30.848 5.2
    endloop
  endfacet
  facet normal 0.831443 0.55561 0
    outer loop
      vertex 8.58873 30.848 2
      vertex 8.82128 30.5 5.2
      vertex 8.82128 30.5 2
    endloop
  endfacet
  facet normal -0.751833 0.659353 0
    outer loop
      vertex 3.51127 30.848 2
      vertex 3.78726 31.1627 5.2
      vertex 3.78726 31.1627 2
    endloop
  endfacet
  facet normal -0.751833 0.659353 0
    outer loop
      vertex 3.78726 31.1627 5.2
      vertex 3.51127 30.848 2
      vertex 3.51127 30.848 5.2
    endloop
  endfacet
  facet normal 0.659367 -0.751821 0
    outer loop
      vertex 7.99804 26.3613 2
      vertex 8.31274 26.6373 5.2
      vertex 7.99804 26.3613 5.2
    endloop
  endfacet
  facet normal 0.659367 -0.751821 0
    outer loop
      vertex 8.31274 26.6373 5.2
      vertex 7.99804 26.3613 2
      vertex 8.31274 26.6373 2
    endloop
  endfacet
  facet normal -0.831443 -0.55561 0
    outer loop
      vertex 3.51127 26.952 2
      vertex 3.27872 27.3 5.2
      vertex 3.27872 27.3 2
    endloop
  endfacet
  facet normal -0.831443 -0.55561 0
    outer loop
      vertex 3.27872 27.3 5.2
      vertex 3.51127 26.952 2
      vertex 3.51127 26.952 5.2
    endloop
  endfacet
  facet normal -0.194949 0.980813 0
    outer loop
      vertex 5.63232 32.0726 2
      vertex 5.22178 31.991 5.2
      vertex 5.63232 32.0726 5.2
    endloop
  endfacet
  facet normal -0.194949 0.980813 0
    outer loop
      vertex 5.22178 31.991 5.2
      vertex 5.63232 32.0726 2
      vertex 5.22178 31.991 2
    endloop
  endfacet
  facet normal 0.946937 -0.321419 0
    outer loop
      vertex 9.00641 27.6754 5.2
      vertex 9.14096 28.0718 2
      vertex 9.14096 28.0718 5.2
    endloop
  endfacet
  facet normal 0.946937 -0.321419 0
    outer loop
      vertex 9.14096 28.0718 2
      vertex 9.00641 27.6754 5.2
      vertex 9.00641 27.6754 2
    endloop
  endfacet
  facet normal 0.442228 0.896903 -0
    outer loop
      vertex 7.65 31.6713 2
      vertex 7.27459 31.8564 5.2
      vertex 7.65 31.6713 5.2
    endloop
  endfacet
  facet normal 0.442228 0.896903 0
    outer loop
      vertex 7.27459 31.8564 5.2
      vertex 7.65 31.6713 2
      vertex 7.27459 31.8564 2
    endloop
  endfacet
  facet normal -0.0654598 0.997855 0
    outer loop
      vertex 6.05 32.1 2
      vertex 5.63232 32.0726 5.2
      vertex 6.05 32.1 5.2
    endloop
  endfacet
  facet normal -0.0654598 0.997855 0
    outer loop
      vertex 5.63232 32.0726 5.2
      vertex 6.05 32.1 2
      vertex 5.63232 32.0726 2
    endloop
  endfacet
  facet normal 0.0654598 -0.997855 0
    outer loop
      vertex 6.05 25.7 2
      vertex 6.46768 25.7274 5.2
      vertex 6.05 25.7 5.2
    endloop
  endfacet
  facet normal 0.0654598 -0.997855 0
    outer loop
      vertex 6.46768 25.7274 5.2
      vertex 6.05 25.7 2
      vertex 6.46768 25.7274 2
    endloop
  endfacet
  facet normal 0.555648 0.831418 -0
    outer loop
      vertex 7.99804 31.4387 2
      vertex 7.65 31.6713 5.2
      vertex 7.99804 31.4387 5.2
    endloop
  endfacet
  facet normal 0.555648 0.831418 0
    outer loop
      vertex 7.65 31.6713 5.2
      vertex 7.99804 31.4387 2
      vertex 7.65 31.6713 2
    endloop
  endfacet
  facet normal -0.89687 -0.442295 0
    outer loop
      vertex 3.27872 27.3 2
      vertex 3.09359 27.6754 5.2
      vertex 3.09359 27.6754 2
    endloop
  endfacet
  facet normal -0.89687 -0.442295 0
    outer loop
      vertex 3.09359 27.6754 5.2
      vertex 3.27872 27.3 2
      vertex 3.27872 27.3 5.2
    endloop
  endfacet
  facet normal -0.659367 -0.751821 0
    outer loop
      vertex 3.78726 26.6373 2
      vertex 4.10196 26.3613 5.2
      vertex 3.78726 26.6373 5.2
    endloop
  endfacet
  facet normal -0.659367 -0.751821 -0
    outer loop
      vertex 4.10196 26.3613 5.2
      vertex 3.78726 26.6373 2
      vertex 4.10196 26.3613 2
    endloop
  endfacet
  facet normal -0.980782 0.195105 0
    outer loop
      vertex 2.87738 29.3177 2
      vertex 2.95904 29.7282 5.2
      vertex 2.95904 29.7282 2
    endloop
  endfacet
  facet normal -0.980782 0.195105 0
    outer loop
      vertex 2.95904 29.7282 5.2
      vertex 2.87738 29.3177 2
      vertex 2.87738 29.3177 5.2
    endloop
  endfacet
  facet normal 0.89687 0.442295 0
    outer loop
      vertex 9.00641 30.1246 5.2
      vertex 8.82128 30.5 2
      vertex 8.82128 30.5 5.2
    endloop
  endfacet
  facet normal 0.89687 0.442295 0
    outer loop
      vertex 8.82128 30.5 2
      vertex 9.00641 30.1246 5.2
      vertex 9.00641 30.1246 2
    endloop
  endfacet
  facet normal 0.194949 -0.980813 0
    outer loop
      vertex 6.46768 25.7274 2
      vertex 6.87822 25.809 5.2
      vertex 6.46768 25.7274 5.2
    endloop
  endfacet
  facet normal 0.194949 -0.980813 0
    outer loop
      vertex 6.87822 25.809 5.2
      vertex 6.46768 25.7274 2
      vertex 6.87822 25.809 2
    endloop
  endfacet
  facet normal 0.89687 -0.442295 0
    outer loop
      vertex 8.82128 27.3 5.2
      vertex 9.00641 27.6754 2
      vertex 9.00641 27.6754 5.2
    endloop
  endfacet
  facet normal 0.89687 -0.442295 0
    outer loop
      vertex 9.00641 27.6754 2
      vertex 8.82128 27.3 5.2
      vertex 8.82128 27.3 2
    endloop
  endfacet
  facet normal 0.980782 -0.195105 0
    outer loop
      vertex 9.14096 28.0718 5.2
      vertex 9.22262 28.4823 2
      vertex 9.22262 28.4823 5.2
    endloop
  endfacet
  facet normal 0.980782 -0.195105 0
    outer loop
      vertex 9.22262 28.4823 2
      vertex 9.14096 28.0718 5.2
      vertex 9.14096 28.0718 2
    endloop
  endfacet
  facet normal -0.555648 0.831418 0
    outer loop
      vertex 4.45 31.6713 2
      vertex 4.10196 31.4387 5.2
      vertex 4.45 31.6713 5.2
    endloop
  endfacet
  facet normal -0.555648 0.831418 0
    outer loop
      vertex 4.10196 31.4387 5.2
      vertex 4.45 31.6713 2
      vertex 4.10196 31.4387 2
    endloop
  endfacet
  facet normal 0.946937 0.321419 0
    outer loop
      vertex 9.14096 29.7282 5.2
      vertex 9.00641 30.1246 2
      vertex 9.00641 30.1246 5.2
    endloop
  endfacet
  facet normal 0.946937 0.321419 0
    outer loop
      vertex 9.00641 30.1246 2
      vertex 9.14096 29.7282 5.2
      vertex 9.14096 29.7282 2
    endloop
  endfacet
  facet normal 0.321548 -0.946893 0
    outer loop
      vertex 6.87822 25.809 2
      vertex 7.27459 25.9436 5.2
      vertex 6.87822 25.809 5.2
    endloop
  endfacet
  facet normal 0.321548 -0.946893 0
    outer loop
      vertex 7.27459 25.9436 5.2
      vertex 6.87822 25.809 2
      vertex 7.27459 25.9436 2
    endloop
  endfacet
  facet normal 0.442228 -0.896903 0
    outer loop
      vertex 7.27459 25.9436 2
      vertex 7.65 26.1287 5.2
      vertex 7.27459 25.9436 5.2
    endloop
  endfacet
  facet normal 0.442228 -0.896903 0
    outer loop
      vertex 7.65 26.1287 5.2
      vertex 7.27459 25.9436 2
      vertex 7.65 26.1287 2
    endloop
  endfacet
  facet normal -0.997859 0.0654091 0
    outer loop
      vertex 2.85 28.9 2
      vertex 2.87738 29.3177 5.2
      vertex 2.87738 29.3177 2
    endloop
  endfacet
  facet normal -0.997859 0.0654091 0
    outer loop
      vertex 2.87738 29.3177 5.2
      vertex 2.85 28.9 2
      vertex 2.85 28.9 5.2
    endloop
  endfacet
  facet normal -0.321548 -0.946893 0
    outer loop
      vertex 4.82541 25.9436 2
      vertex 5.22178 25.809 5.2
      vertex 4.82541 25.9436 5.2
    endloop
  endfacet
  facet normal -0.321548 -0.946893 -0
    outer loop
      vertex 5.22178 25.809 5.2
      vertex 4.82541 25.9436 2
      vertex 5.22178 25.809 2
    endloop
  endfacet
  facet normal -0.442228 0.896903 0
    outer loop
      vertex 4.82541 31.8564 2
      vertex 4.45 31.6713 5.2
      vertex 4.82541 31.8564 5.2
    endloop
  endfacet
  facet normal -0.442228 0.896903 0
    outer loop
      vertex 4.45 31.6713 5.2
      vertex 4.82541 31.8564 2
      vertex 4.45 31.6713 2
    endloop
  endfacet
  facet normal -0.831443 0.55561 0
    outer loop
      vertex 3.27872 30.5 2
      vertex 3.51127 30.848 5.2
      vertex 3.51127 30.848 2
    endloop
  endfacet
  facet normal -0.831443 0.55561 0
    outer loop
      vertex 3.51127 30.848 5.2
      vertex 3.27872 30.5 2
      vertex 3.27872 30.5 5.2
    endloop
  endfacet
  facet normal -0.442228 -0.896903 0
    outer loop
      vertex 4.45 26.1287 2
      vertex 4.82541 25.9436 5.2
      vertex 4.45 26.1287 5.2
    endloop
  endfacet
  facet normal -0.442228 -0.896903 -0
    outer loop
      vertex 4.82541 25.9436 5.2
      vertex 4.45 26.1287 2
      vertex 4.82541 25.9436 2
    endloop
  endfacet
  facet normal -0.555648 -0.831418 0
    outer loop
      vertex 4.10196 26.3613 2
      vertex 4.45 26.1287 5.2
      vertex 4.10196 26.3613 5.2
    endloop
  endfacet
  facet normal -0.555648 -0.831418 -0
    outer loop
      vertex 4.45 26.1287 5.2
      vertex 4.10196 26.3613 2
      vertex 4.45 26.1287 2
    endloop
  endfacet
  facet normal 0 0 1
    outer loop
      vertex 7.1 28.9 5.2
      vertex 9.25 28.9 5.2
      vertex 9.22262 29.3177 5.2
    endloop
  endfacet
  facet normal 0 0 1
    outer loop
      vertex 7.09102 29.0371 5.2
      vertex 9.22262 29.3177 5.2
      vertex 9.14096 29.7282 5.2
    endloop
  endfacet
  facet normal 0 0 1
    outer loop
      vertex 9.25 28.9 5.2
      vertex 7.1 28.9 5.2
      vertex 9.22262 28.4823 5.2
    endloop
  endfacet
  facet normal 0 0 1
    outer loop
      vertex 7.06422 29.1718 5.2
      vertex 9.14096 29.7282 5.2
      vertex 9.00641 30.1246 5.2
    endloop
  endfacet
  facet normal -0 0 1
    outer loop
      vertex 7.09102 28.7629 5.2
      vertex 9.22262 28.4823 5.2
      vertex 7.1 28.9 5.2
    endloop
  endfacet
  facet normal 0 0 1
    outer loop
      vertex 7.01991 29.3022 5.2
      vertex 9.00641 30.1246 5.2
      vertex 8.82128 30.5 5.2
    endloop
  endfacet
  facet normal 0 0 1
    outer loop
      vertex 9.22262 28.4823 5.2
      vertex 7.09102 28.7629 5.2
      vertex 9.14096 28.0718 5.2
    endloop
  endfacet
  facet normal 0 0 1
    outer loop
      vertex 6.95933 29.425 5.2
      vertex 8.82128 30.5 5.2
      vertex 8.58873 30.848 5.2
    endloop
  endfacet
  facet normal -0 0 1
    outer loop
      vertex 7.06422 28.6282 5.2
      vertex 9.14096 28.0718 5.2
      vertex 7.09102 28.7629 5.2
    endloop
  endfacet
  facet normal 0 0 1
    outer loop
      vertex 6.86745 29.557 5.2
      vertex 8.58873 30.848 5.2
      vertex 8.31274 31.1627 5.2
    endloop
  endfacet
  facet normal 0 0 1
    outer loop
      vertex 9.14096 28.0718 5.2
      vertex 7.06422 28.6282 5.2
      vertex 9.00641 27.6754 5.2
    endloop
  endfacet
  facet normal 0 0 1
    outer loop
      vertex 6.79246 29.6425 5.2
      vertex 8.31274 31.1627 5.2
      vertex 7.99804 31.4387 5.2
    endloop
  endfacet
  facet normal -0 0 1
    outer loop
      vertex 7.02007 28.4982 5.2
      vertex 9.00641 27.6754 5.2
      vertex 7.06422 28.6282 5.2
    endloop
  endfacet
  facet normal 0 0 1
    outer loop
      vertex 6.60542 29.789 5.2
      vertex 7.99804 31.4387 5.2
      vertex 7.65 31.6713 5.2
    endloop
  endfacet
  facet normal -0 0 1
    outer loop
      vertex 6.99594 28.4492 5.2
      vertex 9.00641 27.6754 5.2
      vertex 7.02007 28.4982 5.2
    endloop
  endfacet
  facet normal 0 0 1
    outer loop
      vertex 6.53788 29.8276 5.2
      vertex 7.65 31.6713 5.2
      vertex 7.27459 31.8564 5.2
    endloop
  endfacet
  facet normal 0 0 1
    outer loop
      vertex 9.00641 27.6754 5.2
      vertex 6.99594 28.4492 5.2
      vertex 8.82128 27.3 5.2
    endloop
  endfacet
  facet normal -0 0 1
    outer loop
      vertex 6.95933 28.375 5.2
      vertex 8.82128 27.3 5.2
      vertex 6.99594 28.4492 5.2
    endloop
  endfacet
  facet normal 0 0 1
    outer loop
      vertex 9.22262 29.3177 5.2
      vertex 7.09102 29.0371 5.2
      vertex 7.1 28.9 5.2
    endloop
  endfacet
  facet normal 0 0 1
    outer loop
      vertex 9.14096 29.7282 5.2
      vertex 7.06422 29.1718 5.2
      vertex 7.09102 29.0371 5.2
    endloop
  endfacet
  facet normal 0 0 1
    outer loop
      vertex 9.00641 30.1246 5.2
      vertex 7.02007 29.3018 5.2
      vertex 7.06422 29.1718 5.2
    endloop
  endfacet
  facet normal 0 0 1
    outer loop
      vertex 9.00641 30.1246 5.2
      vertex 7.01991 29.3022 5.2
      vertex 7.02007 29.3018 5.2
    endloop
  endfacet
  facet normal 0 0 1
    outer loop
      vertex 8.82128 30.5 5.2
      vertex 6.95933 29.425 5.2
      vertex 7.01991 29.3022 5.2
    endloop
  endfacet
  facet normal 0 0 1
    outer loop
      vertex 8.58873 30.848 5.2
      vertex 6.88302 29.5392 5.2
      vertex 6.95933 29.425 5.2
    endloop
  endfacet
  facet normal 0 0 1
    outer loop
      vertex 6.45182 29.8701 5.2
      vertex 7.27459 31.8564 5.2
      vertex 6.87822 31.991 5.2
    endloop
  endfacet
  facet normal 0 0 1
    outer loop
      vertex 8.58873 30.848 5.2
      vertex 6.86745 29.557 5.2
      vertex 6.88302 29.5392 5.2
    endloop
  endfacet
  facet normal 0 0 1
    outer loop
      vertex 8.31274 31.1627 5.2
      vertex 6.79246 29.6425 5.2
      vertex 6.86745 29.557 5.2
    endloop
  endfacet
  facet normal 0 0 1
    outer loop
      vertex 7.99804 31.4387 5.2
      vertex 6.6892 29.733 5.2
      vertex 6.79246 29.6425 5.2
    endloop
  endfacet
  facet normal 0 0 1
    outer loop
      vertex 7.99804 31.4387 5.2
      vertex 6.60542 29.789 5.2
      vertex 6.6892 29.733 5.2
    endloop
  endfacet
  facet normal 0 0 1
    outer loop
      vertex 7.65 31.6713 5.2
      vertex 6.575 29.8093 5.2
      vertex 6.60542 29.789 5.2
    endloop
  endfacet
  facet normal 0 0 1
    outer loop
      vertex 7.65 31.6713 5.2
      vertex 6.53788 29.8276 5.2
      vertex 6.575 29.8093 5.2
    endloop
  endfacet
  facet normal 0 0 1
    outer loop
      vertex 6.24762 29.929 5.2
      vertex 6.87822 31.991 5.2
      vertex 6.46768 32.0726 5.2
    endloop
  endfacet
  facet normal 0 0 1
    outer loop
      vertex 7.27459 31.8564 5.2
      vertex 6.45182 29.8701 5.2
      vertex 6.53788 29.8276 5.2
    endloop
  endfacet
  facet normal 0 0 1
    outer loop
      vertex 6.87822 31.991 5.2
      vertex 6.32176 29.9142 5.2
      vertex 6.45182 29.8701 5.2
    endloop
  endfacet
  facet normal 0 0 1
    outer loop
      vertex 6.87822 31.991 5.2
      vertex 6.24762 29.929 5.2
      vertex 6.32176 29.9142 5.2
    endloop
  endfacet
  facet normal 0 0 1
    outer loop
      vertex 6.46768 32.0726 5.2
      vertex 6.18705 29.941 5.2
      vertex 6.24762 29.929 5.2
    endloop
  endfacet
  facet normal 0 0 1
    outer loop
      vertex 6.46768 32.0726 5.2
      vertex 6.13031 29.9447 5.2
      vertex 6.18705 29.941 5.2
    endloop
  endfacet
  facet normal 0 0 1
    outer loop
      vertex 6.05 32.1 5.2
      vertex 6.13031 29.9447 5.2
      vertex 6.46768 32.0726 5.2
    endloop
  endfacet
  facet normal 0 0 1
    outer loop
      vertex 6.05 32.1 5.2
      vertex 6.05 29.95 5.2
      vertex 6.13031 29.9447 5.2
    endloop
  endfacet
  facet normal 0 0 1
    outer loop
      vertex 6.05 32.1 5.2
      vertex 5.95431 29.9437 5.2
      vertex 6.05 29.95 5.2
    endloop
  endfacet
  facet normal -0 0 1
    outer loop
      vertex 5.63232 32.0726 5.2
      vertex 5.95431 29.9437 5.2
      vertex 6.05 32.1 5.2
    endloop
  endfacet
  facet normal 0 0 1
    outer loop
      vertex 5.95431 29.9437 5.2
      vertex 5.63232 32.0726 5.2
      vertex 5.91295 29.941 5.2
    endloop
  endfacet
  facet normal 0 0 1
    outer loop
      vertex 5.91295 29.941 5.2
      vertex 5.63232 32.0726 5.2
      vertex 5.90589 29.9396 5.2
    endloop
  endfacet
  facet normal 0 0 1
    outer loop
      vertex 5.90589 29.9396 5.2
      vertex 5.63232 32.0726 5.2
      vertex 5.77824 29.9142 5.2
    endloop
  endfacet
  facet normal -0 0 1
    outer loop
      vertex 5.22178 31.991 5.2
      vertex 5.77824 29.9142 5.2
      vertex 5.63232 32.0726 5.2
    endloop
  endfacet
  facet normal 0 0 1
    outer loop
      vertex 5.77824 29.9142 5.2
      vertex 5.22178 31.991 5.2
      vertex 5.64818 29.8701 5.2
    endloop
  endfacet
  facet normal -0 0 1
    outer loop
      vertex 4.82541 31.8564 5.2
      vertex 5.64818 29.8701 5.2
      vertex 5.22178 31.991 5.2
    endloop
  endfacet
  facet normal 0 0 1
    outer loop
      vertex 5.64818 29.8701 5.2
      vertex 4.82541 31.8564 5.2
      vertex 5.52568 29.8097 5.2
    endloop
  endfacet
  facet normal -0 0 1
    outer loop
      vertex 4.45 31.6713 5.2
      vertex 5.52568 29.8097 5.2
      vertex 4.82541 31.8564 5.2
    endloop
  endfacet
  facet normal 0 0 1
    outer loop
      vertex 5.52568 29.8097 5.2
      vertex 4.45 31.6713 5.2
      vertex 5.525 29.8093 5.2
    endloop
  endfacet
  facet normal 0 0 1
    outer loop
      vertex 5.525 29.8093 5.2
      vertex 4.45 31.6713 5.2
      vertex 5.4108 29.733 5.2
    endloop
  endfacet
  facet normal -0 0 1
    outer loop
      vertex 4.10196 31.4387 5.2
      vertex 5.4108 29.733 5.2
      vertex 4.45 31.6713 5.2
    endloop
  endfacet
  facet normal 0 0 1
    outer loop
      vertex 5.4108 29.733 5.2
      vertex 4.10196 31.4387 5.2
      vertex 5.30754 29.6425 5.2
    endloop
  endfacet
  facet normal -0 0 1
    outer loop
      vertex 3.78726 31.1627 5.2
      vertex 5.30754 29.6425 5.2
      vertex 4.10196 31.4387 5.2
    endloop
  endfacet
  facet normal 0 0 1
    outer loop
      vertex 5.30754 29.6425 5.2
      vertex 3.78726 31.1627 5.2
      vertex 5.21698 29.5392 5.2
    endloop
  endfacet
  facet normal 0 0 1
    outer loop
      vertex 5.21698 29.5392 5.2
      vertex 3.51127 30.848 5.2
      vertex 5.14067 29.425 5.2
    endloop
  endfacet
  facet normal -0 0 1
    outer loop
      vertex 3.51127 30.848 5.2
      vertex 5.21698 29.5392 5.2
      vertex 3.78726 31.1627 5.2
    endloop
  endfacet
  facet normal -0 0 1
    outer loop
      vertex 6.91868 28.3142 5.2
      vertex 8.82128 27.3 5.2
      vertex 6.95933 28.375 5.2
    endloop
  endfacet
  facet normal 0 0 1
    outer loop
      vertex 8.82128 27.3 5.2
      vertex 6.91868 28.3142 5.2
      vertex 8.58873 26.952 5.2
    endloop
  endfacet
  facet normal -0 0 1
    outer loop
      vertex 6.88302 28.2608 5.2
      vertex 8.58873 26.952 5.2
      vertex 6.91868 28.3142 5.2
    endloop
  endfacet
  facet normal 0 0 1
    outer loop
      vertex 8.58873 26.952 5.2
      vertex 6.88302 28.2608 5.2
      vertex 8.31274 26.6373 5.2
    endloop
  endfacet
  facet normal -0 0 1
    outer loop
      vertex 6.79246 28.1575 5.2
      vertex 8.31274 26.6373 5.2
      vertex 6.88302 28.2608 5.2
    endloop
  endfacet
  facet normal 0 0 1
    outer loop
      vertex 8.31274 26.6373 5.2
      vertex 6.79246 28.1575 5.2
      vertex 7.99804 26.3613 5.2
    endloop
  endfacet
  facet normal -0 0 1
    outer loop
      vertex 6.6892 28.067 5.2
      vertex 7.99804 26.3613 5.2
      vertex 6.79246 28.1575 5.2
    endloop
  endfacet
  facet normal 0 0 1
    outer loop
      vertex 7.99804 26.3613 5.2
      vertex 6.6892 28.067 5.2
      vertex 7.65 26.1287 5.2
    endloop
  endfacet
  facet normal -0 0 1
    outer loop
      vertex 6.575 27.9907 5.2
      vertex 7.65 26.1287 5.2
      vertex 6.6892 28.067 5.2
    endloop
  endfacet
  facet normal 0 0 1
    outer loop
      vertex 7.65 26.1287 5.2
      vertex 6.575 27.9907 5.2
      vertex 7.27459 25.9436 5.2
    endloop
  endfacet
  facet normal -0 0 1
    outer loop
      vertex 6.45182 27.9299 5.2
      vertex 7.27459 25.9436 5.2
      vertex 6.575 27.9907 5.2
    endloop
  endfacet
  facet normal 0 0 1
    outer loop
      vertex 7.27459 25.9436 5.2
      vertex 6.45182 27.9299 5.2
      vertex 6.87822 25.809 5.2
    endloop
  endfacet
  facet normal -0 0 1
    outer loop
      vertex 6.32176 27.8858 5.2
      vertex 6.87822 25.809 5.2
      vertex 6.45182 27.9299 5.2
    endloop
  endfacet
  facet normal 0 0 1
    outer loop
      vertex 6.87822 25.809 5.2
      vertex 6.32176 27.8858 5.2
      vertex 6.46768 25.7274 5.2
    endloop
  endfacet
  facet normal -0 0 1
    outer loop
      vertex 6.18705 27.859 5.2
      vertex 6.46768 25.7274 5.2
      vertex 6.32176 27.8858 5.2
    endloop
  endfacet
  facet normal 0 0 1
    outer loop
      vertex 6.18705 27.859 5.2
      vertex 6.05 25.7 5.2
      vertex 6.46768 25.7274 5.2
    endloop
  endfacet
  facet normal -0 0 1
    outer loop
      vertex 6.05 27.85 5.2
      vertex 6.05 25.7 5.2
      vertex 6.18705 27.859 5.2
    endloop
  endfacet
  facet normal 0 0 1
    outer loop
      vertex 5.91295 27.859 5.2
      vertex 6.05 25.7 5.2
      vertex 6.05 27.85 5.2
    endloop
  endfacet
  facet normal 0 0 1
    outer loop
      vertex 5.63232 25.7274 5.2
      vertex 5.91295 27.859 5.2
      vertex 5.77824 27.8858 5.2
    endloop
  endfacet
  facet normal 0 0 1
    outer loop
      vertex 5.22178 25.809 5.2
      vertex 5.77824 27.8858 5.2
      vertex 5.64818 27.9299 5.2
    endloop
  endfacet
  facet normal 0 0 1
    outer loop
      vertex 5.91295 27.859 5.2
      vertex 5.63232 25.7274 5.2
      vertex 6.05 25.7 5.2
    endloop
  endfacet
  facet normal 0 0 1
    outer loop
      vertex 4.82541 25.9436 5.2
      vertex 5.64818 27.9299 5.2
      vertex 5.525 27.9907 5.2
    endloop
  endfacet
  facet normal 0 0 1
    outer loop
      vertex 4.45 26.1287 5.2
      vertex 5.525 27.9907 5.2
      vertex 5.4108 28.067 5.2
    endloop
  endfacet
  facet normal 0 0 1
    outer loop
      vertex 4.10196 26.3613 5.2
      vertex 5.4108 28.067 5.2
      vertex 5.30754 28.1575 5.2
    endloop
  endfacet
  facet normal 0 0 1
    outer loop
      vertex 5.77824 27.8858 5.2
      vertex 5.22178 25.809 5.2
      vertex 5.63232 25.7274 5.2
    endloop
  endfacet
  facet normal 0 0 1
    outer loop
      vertex 3.78726 26.6373 5.2
      vertex 5.30754 28.1575 5.2
      vertex 5.21698 28.2608 5.2
    endloop
  endfacet
  facet normal 0 0 1
    outer loop
      vertex 3.51127 26.952 5.2
      vertex 5.21698 28.2608 5.2
      vertex 5.14067 28.375 5.2
    endloop
  endfacet
  facet normal 0 0 1
    outer loop
      vertex 3.27872 27.3 5.2
      vertex 5.14067 28.375 5.2
      vertex 5.07993 28.4982 5.2
    endloop
  endfacet
  facet normal 0 0 1
    outer loop
      vertex 3.09359 27.6754 5.2
      vertex 5.07993 28.4982 5.2
      vertex 5.03578 28.6282 5.2
    endloop
  endfacet
  facet normal 0 0 1
    outer loop
      vertex 2.95904 28.0718 5.2
      vertex 5.03578 28.6282 5.2
      vertex 5.00898 28.7629 5.2
    endloop
  endfacet
  facet normal 0 0 1
    outer loop
      vertex 5.64818 27.9299 5.2
      vertex 4.82541 25.9436 5.2
      vertex 5.22178 25.809 5.2
    endloop
  endfacet
  facet normal 0 0 1
    outer loop
      vertex 2.87738 28.4823 5.2
      vertex 5.00898 28.7629 5.2
      vertex 5 28.9 5.2
    endloop
  endfacet
  facet normal -0 0 1
    outer loop
      vertex 3.27872 30.5 5.2
      vertex 5.14067 29.425 5.2
      vertex 3.51127 30.848 5.2
    endloop
  endfacet
  facet normal 0 0 1
    outer loop
      vertex 5.14067 29.425 5.2
      vertex 3.27872 30.5 5.2
      vertex 5.07993 29.3018 5.2
    endloop
  endfacet
  facet normal 0 0 1
    outer loop
      vertex 5.525 27.9907 5.2
      vertex 4.45 26.1287 5.2
      vertex 4.82541 25.9436 5.2
    endloop
  endfacet
  facet normal -0 0 1
    outer loop
      vertex 3.09359 30.1246 5.2
      vertex 5.07993 29.3018 5.2
      vertex 3.27872 30.5 5.2
    endloop
  endfacet
  facet normal 0 0 1
    outer loop
      vertex 5.4108 28.067 5.2
      vertex 4.10196 26.3613 5.2
      vertex 4.45 26.1287 5.2
    endloop
  endfacet
  facet normal 0 0 1
    outer loop
      vertex 5.07993 29.3018 5.2
      vertex 3.09359 30.1246 5.2
      vertex 5.03578 29.1718 5.2
    endloop
  endfacet
  facet normal 0 0 1
    outer loop
      vertex 5.30754 28.1575 5.2
      vertex 3.78726 26.6373 5.2
      vertex 4.10196 26.3613 5.2
    endloop
  endfacet
  facet normal -0 0 1
    outer loop
      vertex 2.95904 29.7282 5.2
      vertex 5.03578 29.1718 5.2
      vertex 3.09359 30.1246 5.2
    endloop
  endfacet
  facet normal 0 0 1
    outer loop
      vertex 5.21698 28.2608 5.2
      vertex 3.51127 26.952 5.2
      vertex 3.78726 26.6373 5.2
    endloop
  endfacet
  facet normal 0 0 1
    outer loop
      vertex 5.03578 29.1718 5.2
      vertex 2.95904 29.7282 5.2
      vertex 5.00898 29.0371 5.2
    endloop
  endfacet
  facet normal 0 0 1
    outer loop
      vertex 5.14067 28.375 5.2
      vertex 3.27872 27.3 5.2
      vertex 3.51127 26.952 5.2
    endloop
  endfacet
  facet normal -0 0 1
    outer loop
      vertex 2.87738 29.3177 5.2
      vertex 5.00898 29.0371 5.2
      vertex 2.95904 29.7282 5.2
    endloop
  endfacet
  facet normal 0 0 1
    outer loop
      vertex 5.07993 28.4982 5.2
      vertex 3.09359 27.6754 5.2
      vertex 3.27872 27.3 5.2
    endloop
  endfacet
  facet normal 0 0 1
    outer loop
      vertex 5.00898 29.0371 5.2
      vertex 2.87738 29.3177 5.2
      vertex 5 28.9 5.2
    endloop
  endfacet
  facet normal 0 0 1
    outer loop
      vertex 5.03578 28.6282 5.2
      vertex 2.95904 28.0718 5.2
      vertex 3.09359 27.6754 5.2
    endloop
  endfacet
  facet normal 0 0 1
    outer loop
      vertex 2.85 28.9 5.2
      vertex 5 28.9 5.2
      vertex 2.87738 29.3177 5.2
    endloop
  endfacet
  facet normal 0 0 1
    outer loop
      vertex 5.00898 28.7629 5.2
      vertex 2.87738 28.4823 5.2
      vertex 2.95904 28.0718 5.2
    endloop
  endfacet
  facet normal 0 0 1
    outer loop
      vertex 5 28.9 5.2
      vertex 2.85 28.9 5.2
      vertex 2.87738 28.4823 5.2
    endloop
  endfacet
  facet normal -0.752681 -0.658385 0
    outer loop
      vertex 6.88302 29.5392 2
      vertex 6.86745 29.557 5.2
      vertex 6.86745 29.557 2
    endloop
  endfacet
  facet normal -0.752681 -0.658385 0
    outer loop
      vertex 6.86745 29.557 5.2
      vertex 6.88302 29.5392 2
      vertex 6.88302 29.5392 5.2
    endloop
  endfacet
  facet normal -0.194341 -0.980934 0
    outer loop
      vertex 6.18705 29.941 2
      vertex 6.24762 29.929 5.2
      vertex 6.18705 29.941 5.2
    endloop
  endfacet
  facet normal -0.194341 -0.980934 -0
    outer loop
      vertex 6.24762 29.929 5.2
      vertex 6.18705 29.941 2
      vertex 6.24762 29.929 2
    endloop
  endfacet
  facet normal -0.831456 -0.55559 0
    outer loop
      vertex 6.95933 29.425 2
      vertex 6.88302 29.5392 5.2
      vertex 6.88302 29.5392 2
    endloop
  endfacet
  facet normal -0.831456 -0.55559 0
    outer loop
      vertex 6.88302 29.5392 5.2
      vertex 6.95933 29.425 2
      vertex 6.95933 29.425 5.2
    endloop
  endfacet
  facet normal -0.831313 0.555804 0
    outer loop
      vertex 6.91868 28.3142 2
      vertex 6.95933 28.375 5.2
      vertex 6.95933 28.375 2
    endloop
  endfacet
  facet normal -0.831313 0.555804 0
    outer loop
      vertex 6.95933 28.375 5.2
      vertex 6.91868 28.3142 2
      vertex 6.91868 28.3142 5.2
    endloop
  endfacet
  facet normal -0.442181 -0.896926 0
    outer loop
      vertex 6.53788 29.8276 2
      vertex 6.575 29.8093 5.2
      vertex 6.53788 29.8276 5.2
    endloop
  endfacet
  facet normal -0.442181 -0.896926 -0
    outer loop
      vertex 6.575 29.8093 5.2
      vertex 6.53788 29.8276 2
      vertex 6.575 29.8093 2
    endloop
  endfacet
  facet normal -0.555079 -0.831798 0
    outer loop
      vertex 6.575 29.8093 2
      vertex 6.60542 29.789 5.2
      vertex 6.575 29.8093 5.2
    endloop
  endfacet
  facet normal -0.555079 -0.831798 -0
    outer loop
      vertex 6.60542 29.789 5.2
      vertex 6.575 29.8093 2
      vertex 6.60542 29.789 2
    endloop
  endfacet
  facet normal 0.194513 -0.9809 0
    outer loop
      vertex 5.90589 29.9396 2
      vertex 5.91295 29.941 5.2
      vertex 5.90589 29.9396 5.2
    endloop
  endfacet
  facet normal 0.194513 -0.9809 0
    outer loop
      vertex 5.91295 29.941 5.2
      vertex 5.90589 29.9396 2
      vertex 5.91295 29.941 2
    endloop
  endfacet
  facet normal -0.89681 -0.442416 0
    outer loop
      vertex 7.01991 29.3022 2
      vertex 6.95933 29.425 5.2
      vertex 6.95933 29.425 2
    endloop
  endfacet
  facet normal -0.89681 -0.442416 0
    outer loop
      vertex 6.95933 29.425 5.2
      vertex 7.01991 29.3022 2
      vertex 7.01991 29.3022 5.2
    endloop
  endfacet
  facet normal 0.0651418 -0.997876 0
    outer loop
      vertex 5.91295 29.941 2
      vertex 5.95431 29.9437 5.2
      vertex 5.91295 29.941 5.2
    endloop
  endfacet
  facet normal 0.0651418 -0.997876 0
    outer loop
      vertex 5.95431 29.9437 5.2
      vertex 5.91295 29.941 2
      vertex 5.95431 29.9437 2
    endloop
  endfacet
  facet normal 0.50702 -0.861934 0
    outer loop
      vertex 5.525 29.8093 2
      vertex 5.52568 29.8097 5.2
      vertex 5.525 29.8093 5.2
    endloop
  endfacet
  facet normal 0.50702 -0.861934 0
    outer loop
      vertex 5.52568 29.8097 5.2
      vertex 5.525 29.8093 2
      vertex 5.52568 29.8097 2
    endloop
  endfacet
  facet normal -0.0650715 -0.997881 0
    outer loop
      vertex 6.13031 29.9447 2
      vertex 6.18705 29.941 5.2
      vertex 6.13031 29.9447 5.2
    endloop
  endfacet
  facet normal -0.0650715 -0.997881 -0
    outer loop
      vertex 6.18705 29.941 5.2
      vertex 6.13031 29.9447 2
      vertex 6.18705 29.941 2
    endloop
  endfacet
  facet normal -0.896784 0.44247 0
    outer loop
      vertex 6.95933 28.375 2
      vertex 6.99594 28.4492 5.2
      vertex 6.99594 28.4492 2
    endloop
  endfacet
  facet normal -0.896784 0.44247 0
    outer loop
      vertex 6.99594 28.4492 5.2
      vertex 6.95933 28.375 2
      vertex 6.95933 28.375 5.2
    endloop
  endfacet
  facet normal 0.980813 0.194949 0
    outer loop
      vertex 67.0226 6.46768 5.2
      vertex 66.941 6.87822 2
      vertex 66.941 6.87822 5.2
    endloop
  endfacet
  facet normal 0.980813 0.194949 0
    outer loop
      vertex 66.941 6.87822 2
      vertex 67.0226 6.46768 5.2
      vertex 67.0226 6.46768 2
    endloop
  endfacet
  facet normal 0.997855 0.0654598 0
    outer loop
      vertex 67.05 6.05 5.2
      vertex 67.0226 6.46768 2
      vertex 67.0226 6.46768 5.2
    endloop
  endfacet
  facet normal 0.997855 0.0654598 0
    outer loop
      vertex 67.0226 6.46768 2
      vertex 67.05 6.05 5.2
      vertex 67.05 6.05 2
    endloop
  endfacet
  facet normal 0.321419 0.946937 -0
    outer loop
      vertex 65.0746 9.00641 2
      vertex 64.6782 9.14096 5.2
      vertex 65.0746 9.00641 5.2
    endloop
  endfacet
  facet normal 0.321419 0.946937 0
    outer loop
      vertex 64.6782 9.14096 5.2
      vertex 65.0746 9.00641 2
      vertex 64.6782 9.14096 2
    endloop
  endfacet
  facet normal 0.55561 -0.831443 0
    outer loop
      vertex 65.45 3.27872 2
      vertex 65.798 3.51127 5.2
      vertex 65.45 3.27872 5.2
    endloop
  endfacet
  facet normal 0.55561 -0.831443 0
    outer loop
      vertex 65.798 3.51127 5.2
      vertex 65.45 3.27872 2
      vertex 65.798 3.51127 2
    endloop
  endfacet
  facet normal 0.659353 0.751833 -0
    outer loop
      vertex 66.1127 8.31274 2
      vertex 65.798 8.58873 5.2
      vertex 66.1127 8.31274 5.2
    endloop
  endfacet
  facet normal 0.659353 0.751833 0
    outer loop
      vertex 65.798 8.58873 5.2
      vertex 66.1127 8.31274 2
      vertex 65.798 8.58873 2
    endloop
  endfacet
  facet normal -0.195105 -0.980782 0
    outer loop
      vertex 63.0218 2.95904 2
      vertex 63.4323 2.87738 5.2
      vertex 63.0218 2.95904 5.2
    endloop
  endfacet
  facet normal -0.195105 -0.980782 -0
    outer loop
      vertex 63.4323 2.87738 5.2
      vertex 63.0218 2.95904 2
      vertex 63.4323 2.87738 2
    endloop
  endfacet
  facet normal 0.751821 -0.659367 0
    outer loop
      vertex 66.1127 3.78726 5.2
      vertex 66.3887 4.10196 2
      vertex 66.3887 4.10196 5.2
    endloop
  endfacet
  facet normal 0.751821 -0.659367 0
    outer loop
      vertex 66.3887 4.10196 2
      vertex 66.1127 3.78726 5.2
      vertex 66.1127 3.78726 2
    endloop
  endfacet
  facet normal -0.946893 0.321548 0
    outer loop
      vertex 60.759 6.87822 2
      vertex 60.8936 7.27459 5.2
      vertex 60.8936 7.27459 2
    endloop
  endfacet
  facet normal -0.946893 0.321548 0
    outer loop
      vertex 60.8936 7.27459 5.2
      vertex 60.759 6.87822 2
      vertex 60.759 6.87822 5.2
    endloop
  endfacet
  facet normal 0.0654091 0.997859 -0
    outer loop
      vertex 64.2677 9.22262 2
      vertex 63.85 9.25 5.2
      vertex 64.2677 9.22262 5.2
    endloop
  endfacet
  facet normal 0.0654091 0.997859 0
    outer loop
      vertex 63.85 9.25 5.2
      vertex 64.2677 9.22262 2
      vertex 63.85 9.25 2
    endloop
  endfacet
  facet normal -0.321419 0.946937 0
    outer loop
      vertex 63.0218 9.14096 2
      vertex 62.6254 9.00641 5.2
      vertex 63.0218 9.14096 5.2
    endloop
  endfacet
  facet normal -0.321419 0.946937 0
    outer loop
      vertex 62.6254 9.00641 5.2
      vertex 63.0218 9.14096 2
      vertex 62.6254 9.00641 2
    endloop
  endfacet
  facet normal -0.997855 -0.0654598 0
    outer loop
      vertex 60.6774 5.63232 2
      vertex 60.65 6.05 5.2
      vertex 60.65 6.05 2
    endloop
  endfacet
  facet normal -0.997855 -0.0654598 0
    outer loop
      vertex 60.65 6.05 5.2
      vertex 60.6774 5.63232 2
      vertex 60.6774 5.63232 5.2
    endloop
  endfacet
  facet normal -0.0654091 -0.997859 0
    outer loop
      vertex 63.4323 2.87738 2
      vertex 63.85 2.85 5.2
      vertex 63.4323 2.87738 5.2
    endloop
  endfacet
  facet normal -0.0654091 -0.997859 -0
    outer loop
      vertex 63.85 2.85 5.2
      vertex 63.4323 2.87738 2
      vertex 63.85 2.85 2
    endloop
  endfacet
  facet normal 0.997855 -0.0654598 0
    outer loop
      vertex 67.0226 5.63232 5.2
      vertex 67.05 6.05 2
      vertex 67.05 6.05 5.2
    endloop
  endfacet
  facet normal 0.997855 -0.0654598 0
    outer loop
      vertex 67.05 6.05 2
      vertex 67.0226 5.63232 5.2
      vertex 67.0226 5.63232 2
    endloop
  endfacet
  facet normal 0.751821 0.659367 0
    outer loop
      vertex 66.3887 7.99804 5.2
      vertex 66.1127 8.31274 2
      vertex 66.1127 8.31274 5.2
    endloop
  endfacet
  facet normal 0.751821 0.659367 0
    outer loop
      vertex 66.1127 8.31274 2
      vertex 66.3887 7.99804 5.2
      vertex 66.3887 7.99804 2
    endloop
  endfacet
  facet normal -0.946893 -0.321548 0
    outer loop
      vertex 60.8936 4.82541 2
      vertex 60.759 5.22178 5.2
      vertex 60.759 5.22178 2
    endloop
  endfacet
  facet normal -0.946893 -0.321548 0
    outer loop
      vertex 60.759 5.22178 5.2
      vertex 60.8936 4.82541 2
      vertex 60.8936 4.82541 5.2
    endloop
  endfacet
  facet normal -0.980813 -0.194949 0
    outer loop
      vertex 60.759 5.22178 2
      vertex 60.6774 5.63232 5.2
      vertex 60.6774 5.63232 2
    endloop
  endfacet
  facet normal -0.980813 -0.194949 0
    outer loop
      vertex 60.6774 5.63232 5.2
      vertex 60.759 5.22178 2
      vertex 60.759 5.22178 5.2
    endloop
  endfacet
  facet normal 0.195105 0.980782 -0
    outer loop
      vertex 64.6782 9.14096 2
      vertex 64.2677 9.22262 5.2
      vertex 64.6782 9.14096 5.2
    endloop
  endfacet
  facet normal 0.195105 0.980782 0
    outer loop
      vertex 64.2677 9.22262 5.2
      vertex 64.6782 9.14096 2
      vertex 64.2677 9.22262 2
    endloop
  endfacet
  facet normal -0.751821 -0.659367 0
    outer loop
      vertex 61.5873 3.78726 2
      vertex 61.3113 4.10196 5.2
      vertex 61.3113 4.10196 2
    endloop
  endfacet
  facet normal -0.751821 -0.659367 0
    outer loop
      vertex 61.3113 4.10196 5.2
      vertex 61.5873 3.78726 2
      vertex 61.5873 3.78726 5.2
    endloop
  endfacet
  facet normal -0.659353 0.751833 0
    outer loop
      vertex 61.902 8.58873 2
      vertex 61.5873 8.31274 5.2
      vertex 61.902 8.58873 5.2
    endloop
  endfacet
  facet normal -0.659353 0.751833 0
    outer loop
      vertex 61.5873 8.31274 5.2
      vertex 61.902 8.58873 2
      vertex 61.5873 8.31274 2
    endloop
  endfacet
  facet normal -0.896903 0.442228 0
    outer loop
      vertex 60.8936 7.27459 2
      vertex 61.0787 7.65 5.2
      vertex 61.0787 7.65 2
    endloop
  endfacet
  facet normal -0.896903 0.442228 0
    outer loop
      vertex 61.0787 7.65 5.2
      vertex 60.8936 7.27459 2
      vertex 60.8936 7.27459 5.2
    endloop
  endfacet
  facet normal 0.831418 -0.555648 0
    outer loop
      vertex 66.3887 4.10196 5.2
      vertex 66.6213 4.45 2
      vertex 66.6213 4.45 5.2
    endloop
  endfacet
  facet normal 0.831418 -0.555648 0
    outer loop
      vertex 66.6213 4.45 2
      vertex 66.3887 4.10196 5.2
      vertex 66.3887 4.10196 2
    endloop
  endfacet
  facet normal 0.831418 0.555648 0
    outer loop
      vertex 66.6213 7.65 5.2
      vertex 66.3887 7.99804 2
      vertex 66.3887 7.99804 5.2
    endloop
  endfacet
  facet normal 0.831418 0.555648 0
    outer loop
      vertex 66.3887 7.99804 2
      vertex 66.6213 7.65 5.2
      vertex 66.6213 7.65 2
    endloop
  endfacet
  facet normal -0.751821 0.659367 0
    outer loop
      vertex 61.3113 7.99804 2
      vertex 61.5873 8.31274 5.2
      vertex 61.5873 8.31274 2
    endloop
  endfacet
  facet normal -0.751821 0.659367 0
    outer loop
      vertex 61.5873 8.31274 5.2
      vertex 61.3113 7.99804 2
      vertex 61.3113 7.99804 5.2
    endloop
  endfacet
  facet normal 0.659353 -0.751833 0
    outer loop
      vertex 65.798 3.51127 2
      vertex 66.1127 3.78726 5.2
      vertex 65.798 3.51127 5.2
    endloop
  endfacet
  facet normal 0.659353 -0.751833 0
    outer loop
      vertex 66.1127 3.78726 5.2
      vertex 65.798 3.51127 2
      vertex 66.1127 3.78726 2
    endloop
  endfacet
  facet normal -0.831418 -0.555648 0
    outer loop
      vertex 61.3113 4.10196 2
      vertex 61.0787 4.45 5.2
      vertex 61.0787 4.45 2
    endloop
  endfacet
  facet normal -0.831418 -0.555648 0
    outer loop
      vertex 61.0787 4.45 5.2
      vertex 61.3113 4.10196 2
      vertex 61.3113 4.10196 5.2
    endloop
  endfacet
  facet normal -0.195105 0.980782 0
    outer loop
      vertex 63.4323 9.22262 2
      vertex 63.0218 9.14096 5.2
      vertex 63.4323 9.22262 5.2
    endloop
  endfacet
  facet normal -0.195105 0.980782 0
    outer loop
      vertex 63.0218 9.14096 5.2
      vertex 63.4323 9.22262 2
      vertex 63.0218 9.14096 2
    endloop
  endfacet
  facet normal 0.946893 -0.321548 0
    outer loop
      vertex 66.8064 4.82541 5.2
      vertex 66.941 5.22178 2
      vertex 66.941 5.22178 5.2
    endloop
  endfacet
  facet normal 0.946893 -0.321548 0
    outer loop
      vertex 66.941 5.22178 2
      vertex 66.8064 4.82541 5.2
      vertex 66.8064 4.82541 2
    endloop
  endfacet
  facet normal 0.442295 0.89687 -0
    outer loop
      vertex 65.45 8.82128 2
      vertex 65.0746 9.00641 5.2
      vertex 65.45 8.82128 5.2
    endloop
  endfacet
  facet normal 0.442295 0.89687 0
    outer loop
      vertex 65.0746 9.00641 5.2
      vertex 65.45 8.82128 2
      vertex 65.0746 9.00641 2
    endloop
  endfacet
  facet normal -0.0654091 0.997859 0
    outer loop
      vertex 63.85 9.25 2
      vertex 63.4323 9.22262 5.2
      vertex 63.85 9.25 5.2
    endloop
  endfacet
  facet normal -0.0654091 0.997859 0
    outer loop
      vertex 63.4323 9.22262 5.2
      vertex 63.85 9.25 2
      vertex 63.4323 9.22262 2
    endloop
  endfacet
  facet normal 0.0654091 -0.997859 0
    outer loop
      vertex 63.85 2.85 2
      vertex 64.2677 2.87738 5.2
      vertex 63.85 2.85 5.2
    endloop
  endfacet
  facet normal 0.0654091 -0.997859 0
    outer loop
      vertex 64.2677 2.87738 5.2
      vertex 63.85 2.85 2
      vertex 64.2677 2.87738 2
    endloop
  endfacet
  facet normal 0.55561 0.831443 -0
    outer loop
      vertex 65.798 8.58873 2
      vertex 65.45 8.82128 5.2
      vertex 65.798 8.58873 5.2
    endloop
  endfacet
  facet normal 0.55561 0.831443 0
    outer loop
      vertex 65.45 8.82128 5.2
      vertex 65.798 8.58873 2
      vertex 65.45 8.82128 2
    endloop
  endfacet
  facet normal -0.896903 -0.442228 0
    outer loop
      vertex 61.0787 4.45 2
      vertex 60.8936 4.82541 5.2
      vertex 60.8936 4.82541 2
    endloop
  endfacet
  facet normal -0.896903 -0.442228 0
    outer loop
      vertex 60.8936 4.82541 5.2
      vertex 61.0787 4.45 2
      vertex 61.0787 4.45 5.2
    endloop
  endfacet
  facet normal -0.659353 -0.751833 0
    outer loop
      vertex 61.5873 3.78726 2
      vertex 61.902 3.51127 5.2
      vertex 61.5873 3.78726 5.2
    endloop
  endfacet
  facet normal -0.659353 -0.751833 -0
    outer loop
      vertex 61.902 3.51127 5.2
      vertex 61.5873 3.78726 2
      vertex 61.902 3.51127 2
    endloop
  endfacet
  facet normal -0.980813 0.194949 0
    outer loop
      vertex 60.6774 6.46768 2
      vertex 60.759 6.87822 5.2
      vertex 60.759 6.87822 2
    endloop
  endfacet
  facet normal -0.980813 0.194949 0
    outer loop
      vertex 60.759 6.87822 5.2
      vertex 60.6774 6.46768 2
      vertex 60.6774 6.46768 5.2
    endloop
  endfacet
  facet normal 0.896903 0.442228 0
    outer loop
      vertex 66.8064 7.27459 5.2
      vertex 66.6213 7.65 2
      vertex 66.6213 7.65 5.2
    endloop
  endfacet
  facet normal 0.896903 0.442228 0
    outer loop
      vertex 66.6213 7.65 2
      vertex 66.8064 7.27459 5.2
      vertex 66.8064 7.27459 2
    endloop
  endfacet
  facet normal 0.195105 -0.980782 0
    outer loop
      vertex 64.2677 2.87738 2
      vertex 64.6782 2.95904 5.2
      vertex 64.2677 2.87738 5.2
    endloop
  endfacet
  facet normal 0.195105 -0.980782 0
    outer loop
      vertex 64.6782 2.95904 5.2
      vertex 64.2677 2.87738 2
      vertex 64.6782 2.95904 2
    endloop
  endfacet
  facet normal 0.896903 -0.442228 0
    outer loop
      vertex 66.6213 4.45 5.2
      vertex 66.8064 4.82541 2
      vertex 66.8064 4.82541 5.2
    endloop
  endfacet
  facet normal 0.896903 -0.442228 0
    outer loop
      vertex 66.8064 4.82541 2
      vertex 66.6213 4.45 5.2
      vertex 66.6213 4.45 2
    endloop
  endfacet
  facet normal 0.980813 -0.194949 0
    outer loop
      vertex 66.941 5.22178 5.2
      vertex 67.0226 5.63232 2
      vertex 67.0226 5.63232 5.2
    endloop
  endfacet
  facet normal 0.980813 -0.194949 0
    outer loop
      vertex 67.0226 5.63232 2
      vertex 66.941 5.22178 5.2
      vertex 66.941 5.22178 2
    endloop
  endfacet
  facet normal -0.55561 0.831443 0
    outer loop
      vertex 62.25 8.82128 2
      vertex 61.902 8.58873 5.2
      vertex 62.25 8.82128 5.2
    endloop
  endfacet
  facet normal -0.55561 0.831443 0
    outer loop
      vertex 61.902 8.58873 5.2
      vertex 62.25 8.82128 2
      vertex 61.902 8.58873 2
    endloop
  endfacet
  facet normal 0.946893 0.321548 0
    outer loop
      vertex 66.941 6.87822 5.2
      vertex 66.8064 7.27459 2
      vertex 66.8064 7.27459 5.2
    endloop
  endfacet
  facet normal 0.946893 0.321548 0
    outer loop
      vertex 66.8064 7.27459 2
      vertex 66.941 6.87822 5.2
      vertex 66.941 6.87822 2
    endloop
  endfacet
  facet normal 0.321419 -0.946937 0
    outer loop
      vertex 64.6782 2.95904 2
      vertex 65.0746 3.09359 5.2
      vertex 64.6782 2.95904 5.2
    endloop
  endfacet
  facet normal 0.321419 -0.946937 0
    outer loop
      vertex 65.0746 3.09359 5.2
      vertex 64.6782 2.95904 2
      vertex 65.0746 3.09359 2
    endloop
  endfacet
  facet normal 0.442295 -0.89687 0
    outer loop
      vertex 65.0746 3.09359 2
      vertex 65.45 3.27872 5.2
      vertex 65.0746 3.09359 5.2
    endloop
  endfacet
  facet normal 0.442295 -0.89687 0
    outer loop
      vertex 65.45 3.27872 5.2
      vertex 65.0746 3.09359 2
      vertex 65.45 3.27872 2
    endloop
  endfacet
  facet normal -0.997855 0.0654598 0
    outer loop
      vertex 60.65 6.05 2
      vertex 60.6774 6.46768 5.2
      vertex 60.6774 6.46768 2
    endloop
  endfacet
  facet normal -0.997855 0.0654598 0
    outer loop
      vertex 60.6774 6.46768 5.2
      vertex 60.65 6.05 2
      vertex 60.65 6.05 5.2
    endloop
  endfacet
  facet normal -0.321419 -0.946937 0
    outer loop
      vertex 62.6254 3.09359 2
      vertex 63.0218 2.95904 5.2
      vertex 62.6254 3.09359 5.2
    endloop
  endfacet
  facet normal -0.321419 -0.946937 -0
    outer loop
      vertex 63.0218 2.95904 5.2
      vertex 62.6254 3.09359 2
      vertex 63.0218 2.95904 2
    endloop
  endfacet
  facet normal -0.442295 0.89687 0
    outer loop
      vertex 62.6254 9.00641 2
      vertex 62.25 8.82128 5.2
      vertex 62.6254 9.00641 5.2
    endloop
  endfacet
  facet normal -0.442295 0.89687 0
    outer loop
      vertex 62.25 8.82128 5.2
      vertex 62.6254 9.00641 2
      vertex 62.25 8.82128 2
    endloop
  endfacet
  facet normal -0.831418 0.555648 0
    outer loop
      vertex 61.0787 7.65 2
      vertex 61.3113 7.99804 5.2
      vertex 61.3113 7.99804 2
    endloop
  endfacet
  facet normal -0.831418 0.555648 0
    outer loop
      vertex 61.3113 7.99804 5.2
      vertex 61.0787 7.65 2
      vertex 61.0787 7.65 5.2
    endloop
  endfacet
  facet normal -0.442295 -0.89687 0
    outer loop
      vertex 62.25 3.27872 2
      vertex 62.6254 3.09359 5.2
      vertex 62.25 3.27872 5.2
    endloop
  endfacet
  facet normal -0.442295 -0.89687 -0
    outer loop
      vertex 62.6254 3.09359 5.2
      vertex 62.25 3.27872 2
      vertex 62.6254 3.09359 2
    endloop
  endfacet
  facet normal -0.55561 -0.831443 0
    outer loop
      vertex 61.902 3.51127 2
      vertex 62.25 3.27872 5.2
      vertex 61.902 3.51127 5.2
    endloop
  endfacet
  facet normal -0.55561 -0.831443 -0
    outer loop
      vertex 62.25 3.27872 5.2
      vertex 61.902 3.51127 2
      vertex 62.25 3.27872 2
    endloop
  endfacet
  facet normal 0 0 1
    outer loop
      vertex 64.9 6.05 5.2
      vertex 67.05 6.05 5.2
      vertex 67.0226 6.46768 5.2
    endloop
  endfacet
  facet normal 0 0 1
    outer loop
      vertex 64.891 6.18705 5.2
      vertex 67.0226 6.46768 5.2
      vertex 66.941 6.87822 5.2
    endloop
  endfacet
  facet normal 0 0 1
    outer loop
      vertex 67.05 6.05 5.2
      vertex 64.9 6.05 5.2
      vertex 67.0226 5.63232 5.2
    endloop
  endfacet
  facet normal 0 0 1
    outer loop
      vertex 64.8642 6.32176 5.2
      vertex 66.941 6.87822 5.2
      vertex 66.8064 7.27459 5.2
    endloop
  endfacet
  facet normal -0 0 1
    outer loop
      vertex 64.891 5.91295 5.2
      vertex 67.0226 5.63232 5.2
      vertex 64.9 6.05 5.2
    endloop
  endfacet
  facet normal 0 0 1
    outer loop
      vertex 64.7898 6.51324 5.2
      vertex 66.8064 7.27459 5.2
      vertex 66.6213 7.65 5.2
    endloop
  endfacet
  facet normal 0 0 1
    outer loop
      vertex 67.0226 5.63232 5.2
      vertex 64.891 5.91295 5.2
      vertex 66.941 5.22178 5.2
    endloop
  endfacet
  facet normal 0 0 1
    outer loop
      vertex 64.7237 6.62826 5.2
      vertex 66.6213 7.65 5.2
      vertex 66.3887 7.99804 5.2
    endloop
  endfacet
  facet normal -0 0 1
    outer loop
      vertex 64.8642 5.77824 5.2
      vertex 66.941 5.22178 5.2
      vertex 64.891 5.91295 5.2
    endloop
  endfacet
  facet normal 0 0 1
    outer loop
      vertex 64.683 6.6892 5.2
      vertex 66.3887 7.99804 5.2
      vertex 66.1127 8.31274 5.2
    endloop
  endfacet
  facet normal 0 0 1
    outer loop
      vertex 66.941 5.22178 5.2
      vertex 64.8642 5.77824 5.2
      vertex 66.8064 4.82541 5.2
    endloop
  endfacet
  facet normal 0 0 1
    outer loop
      vertex 64.5276 6.84934 5.2
      vertex 66.1127 8.31274 5.2
      vertex 65.798 8.58873 5.2
    endloop
  endfacet
  facet normal -0 0 1
    outer loop
      vertex 64.8201 5.64818 5.2
      vertex 66.8064 4.82541 5.2
      vertex 64.8642 5.77824 5.2
    endloop
  endfacet
  facet normal 0 0 1
    outer loop
      vertex 64.4892 6.88302 5.2
      vertex 65.798 8.58873 5.2
      vertex 65.45 8.82128 5.2
    endloop
  endfacet
  facet normal -0 0 1
    outer loop
      vertex 64.7718 5.55031 5.2
      vertex 66.8064 4.82541 5.2
      vertex 64.8201 5.64818 5.2
    endloop
  endfacet
  facet normal 0 0 1
    outer loop
      vertex 64.375 6.95933 5.2
      vertex 65.45 8.82128 5.2
      vertex 65.0746 9.00641 5.2
    endloop
  endfacet
  facet normal 0 0 1
    outer loop
      vertex 66.8064 4.82541 5.2
      vertex 64.7718 5.55031 5.2
      vertex 66.6213 4.45 5.2
    endloop
  endfacet
  facet normal -0 0 1
    outer loop
      vertex 64.7593 5.525 5.2
      vertex 66.6213 4.45 5.2
      vertex 64.7718 5.55031 5.2
    endloop
  endfacet
  facet normal 0 0 1
    outer loop
      vertex 67.0226 6.46768 5.2
      vertex 64.891 6.18705 5.2
      vertex 64.9 6.05 5.2
    endloop
  endfacet
  facet normal 0 0 1
    outer loop
      vertex 66.941 6.87822 5.2
      vertex 64.8642 6.32176 5.2
      vertex 64.891 6.18705 5.2
    endloop
  endfacet
  facet normal 0 0 1
    outer loop
      vertex 66.8064 7.27459 5.2
      vertex 64.8201 6.45182 5.2
      vertex 64.8642 6.32176 5.2
    endloop
  endfacet
  facet normal 0 0 1
    outer loop
      vertex 66.8064 7.27459 5.2
      vertex 64.7898 6.51324 5.2
      vertex 64.8201 6.45182 5.2
    endloop
  endfacet
  facet normal 0 0 1
    outer loop
      vertex 66.6213 7.65 5.2
      vertex 64.7593 6.575 5.2
      vertex 64.7898 6.51324 5.2
    endloop
  endfacet
  facet normal 0 0 1
    outer loop
      vertex 66.6213 7.65 5.2
      vertex 64.7237 6.62826 5.2
      vertex 64.7593 6.575 5.2
    endloop
  endfacet
  facet normal 0 0 1
    outer loop
      vertex 66.3887 7.99804 5.2
      vertex 64.683 6.6892 5.2
      vertex 64.7237 6.62826 5.2
    endloop
  endfacet
  facet normal 0 0 1
    outer loop
      vertex 64.2518 7.02007 5.2
      vertex 65.0746 9.00641 5.2
      vertex 64.6782 9.14096 5.2
    endloop
  endfacet
  facet normal 0 0 1
    outer loop
      vertex 66.1127 8.31274 5.2
      vertex 64.5925 6.79246 5.2
      vertex 64.683 6.6892 5.2
    endloop
  endfacet
  facet normal 0 0 1
    outer loop
      vertex 66.1127 8.31274 5.2
      vertex 64.5276 6.84934 5.2
      vertex 64.5925 6.79246 5.2
    endloop
  endfacet
  facet normal 0 0 1
    outer loop
      vertex 65.798 8.58873 5.2
      vertex 64.4892 6.88302 5.2
      vertex 64.5276 6.84934 5.2
    endloop
  endfacet
  facet normal 0 0 1
    outer loop
      vertex 65.45 8.82128 5.2
      vertex 64.375 6.95933 5.2
      vertex 64.4892 6.88302 5.2
    endloop
  endfacet
  facet normal 0 0 1
    outer loop
      vertex 64.1218 7.06422 5.2
      vertex 64.6782 9.14096 5.2
      vertex 64.2677 9.22262 5.2
    endloop
  endfacet
  facet normal 0 0 1
    outer loop
      vertex 65.0746 9.00641 5.2
      vertex 64.2518 7.02007 5.2
      vertex 64.375 6.95933 5.2
    endloop
  endfacet
  facet normal 0 0 1
    outer loop
      vertex 64.6782 9.14096 5.2
      vertex 64.1218 7.06422 5.2
      vertex 64.2518 7.02007 5.2
    endloop
  endfacet
  facet normal 0 0 1
    outer loop
      vertex 64.2677 9.22262 5.2
      vertex 63.9871 7.09102 5.2
      vertex 64.1218 7.06422 5.2
    endloop
  endfacet
  facet normal 0 0 1
    outer loop
      vertex 63.85 9.25 5.2
      vertex 63.9871 7.09102 5.2
      vertex 64.2677 9.22262 5.2
    endloop
  endfacet
  facet normal 0 0 1
    outer loop
      vertex 63.85 9.25 5.2
      vertex 63.85 7.1 5.2
      vertex 63.9871 7.09102 5.2
    endloop
  endfacet
  facet normal 0 0 1
    outer loop
      vertex 63.85 9.25 5.2
      vertex 63.7129 7.09102 5.2
      vertex 63.85 7.1 5.2
    endloop
  endfacet
  facet normal -0 0 1
    outer loop
      vertex 63.4323 9.22262 5.2
      vertex 63.7129 7.09102 5.2
      vertex 63.85 9.25 5.2
    endloop
  endfacet
  facet normal 0 0 1
    outer loop
      vertex 63.7129 7.09102 5.2
      vertex 63.4323 9.22262 5.2
      vertex 63.5782 7.06422 5.2
    endloop
  endfacet
  facet normal -0 0 1
    outer loop
      vertex 63.0218 9.14096 5.2
      vertex 63.5782 7.06422 5.2
      vertex 63.4323 9.22262 5.2
    endloop
  endfacet
  facet normal 0 0 1
    outer loop
      vertex 63.5782 7.06422 5.2
      vertex 63.0218 9.14096 5.2
      vertex 63.4482 7.02007 5.2
    endloop
  endfacet
  facet normal -0 0 1
    outer loop
      vertex 62.6254 9.00641 5.2
      vertex 63.4482 7.02007 5.2
      vertex 63.0218 9.14096 5.2
    endloop
  endfacet
  facet normal 0 0 1
    outer loop
      vertex 63.4482 7.02007 5.2
      vertex 62.6254 9.00641 5.2
      vertex 63.3871 6.98995 5.2
    endloop
  endfacet
  facet normal -0 0 1
    outer loop
      vertex 62.25 8.82128 5.2
      vertex 63.3871 6.98995 5.2
      vertex 62.6254 9.00641 5.2
    endloop
  endfacet
  facet normal 0 0 1
    outer loop
      vertex 63.3871 6.98995 5.2
      vertex 62.25 8.82128 5.2
      vertex 63.325 6.95933 5.2
    endloop
  endfacet
  facet normal 0 0 1
    outer loop
      vertex 63.325 6.95933 5.2
      vertex 62.25 8.82128 5.2
      vertex 63.2794 6.92887 5.2
    endloop
  endfacet
  facet normal -0 0 1
    outer loop
      vertex 61.902 8.58873 5.2
      vertex 63.2794 6.92887 5.2
      vertex 62.25 8.82128 5.2
    endloop
  endfacet
  facet normal 0 0 1
    outer loop
      vertex 63.2794 6.92887 5.2
      vertex 61.902 8.58873 5.2
      vertex 63.2108 6.88302 5.2
    endloop
  endfacet
  facet normal 0 0 1
    outer loop
      vertex 63.2108 6.88302 5.2
      vertex 61.902 8.58873 5.2
      vertex 63.1075 6.79246 5.2
    endloop
  endfacet
  facet normal -0 0 1
    outer loop
      vertex 61.5873 8.31274 5.2
      vertex 63.1075 6.79246 5.2
      vertex 61.902 8.58873 5.2
    endloop
  endfacet
  facet normal 0 0 1
    outer loop
      vertex 63.1075 6.79246 5.2
      vertex 61.5873 8.31274 5.2
      vertex 63.017 6.6892 5.2
    endloop
  endfacet
  facet normal 0 0 1
    outer loop
      vertex 63.017 6.6892 5.2
      vertex 61.3113 7.99804 5.2
      vertex 62.9407 6.575 5.2
    endloop
  endfacet
  facet normal -0 0 1
    outer loop
      vertex 61.3113 7.99804 5.2
      vertex 63.017 6.6892 5.2
      vertex 61.5873 8.31274 5.2
    endloop
  endfacet
  facet normal -0 0 1
    outer loop
      vertex 64.7543 5.51752 5.2
      vertex 66.6213 4.45 5.2
      vertex 64.7593 5.525 5.2
    endloop
  endfacet
  facet normal 0 0 1
    outer loop
      vertex 66.6213 4.45 5.2
      vertex 64.7543 5.51752 5.2
      vertex 66.3887 4.10196 5.2
    endloop
  endfacet
  facet normal -0 0 1
    outer loop
      vertex 64.683 5.4108 5.2
      vertex 66.3887 4.10196 5.2
      vertex 64.7543 5.51752 5.2
    endloop
  endfacet
  facet normal 0 0 1
    outer loop
      vertex 66.3887 4.10196 5.2
      vertex 64.683 5.4108 5.2
      vertex 66.1127 3.78726 5.2
    endloop
  endfacet
  facet normal -0 0 1
    outer loop
      vertex 64.5925 5.30754 5.2
      vertex 66.1127 3.78726 5.2
      vertex 64.683 5.4108 5.2
    endloop
  endfacet
  facet normal 0 0 1
    outer loop
      vertex 66.1127 3.78726 5.2
      vertex 64.5925 5.30754 5.2
      vertex 65.798 3.51127 5.2
    endloop
  endfacet
  facet normal -0 0 1
    outer loop
      vertex 64.4892 5.21698 5.2
      vertex 65.798 3.51127 5.2
      vertex 64.5925 5.30754 5.2
    endloop
  endfacet
  facet normal 0 0 1
    outer loop
      vertex 65.798 3.51127 5.2
      vertex 64.4892 5.21698 5.2
      vertex 65.45 3.27872 5.2
    endloop
  endfacet
  facet normal -0 0 1
    outer loop
      vertex 64.375 5.14067 5.2
      vertex 65.45 3.27872 5.2
      vertex 64.4892 5.21698 5.2
    endloop
  endfacet
  facet normal 0 0 1
    outer loop
      vertex 65.45 3.27872 5.2
      vertex 64.375 5.14067 5.2
      vertex 65.0746 3.09359 5.2
    endloop
  endfacet
  facet normal -0 0 1
    outer loop
      vertex 64.2518 5.07993 5.2
      vertex 65.0746 3.09359 5.2
      vertex 64.375 5.14067 5.2
    endloop
  endfacet
  facet normal 0 0 1
    outer loop
      vertex 65.0746 3.09359 5.2
      vertex 64.2518 5.07993 5.2
      vertex 64.6782 2.95904 5.2
    endloop
  endfacet
  facet normal -0 0 1
    outer loop
      vertex 64.1218 5.03578 5.2
      vertex 64.6782 2.95904 5.2
      vertex 64.2518 5.07993 5.2
    endloop
  endfacet
  facet normal 0 0 1
    outer loop
      vertex 64.6782 2.95904 5.2
      vertex 64.1218 5.03578 5.2
      vertex 64.2677 2.87738 5.2
    endloop
  endfacet
  facet normal -0 0 1
    outer loop
      vertex 63.9871 5.00898 5.2
      vertex 64.2677 2.87738 5.2
      vertex 64.1218 5.03578 5.2
    endloop
  endfacet
  facet normal -0 0 1
    outer loop
      vertex 63.85 5 5.2
      vertex 64.2677 2.87738 5.2
      vertex 63.9871 5.00898 5.2
    endloop
  endfacet
  facet normal 0 0 1
    outer loop
      vertex 63.85 5 5.2
      vertex 63.85 2.85 5.2
      vertex 64.2677 2.87738 5.2
    endloop
  endfacet
  facet normal 0 0 1
    outer loop
      vertex 63.7129 5.00898 5.2
      vertex 63.85 2.85 5.2
      vertex 63.85 5 5.2
    endloop
  endfacet
  facet normal 0 0 1
    outer loop
      vertex 63.4323 2.87738 5.2
      vertex 63.7129 5.00898 5.2
      vertex 63.5782 5.03578 5.2
    endloop
  endfacet
  facet normal 0 0 1
    outer loop
      vertex 63.0218 2.95904 5.2
      vertex 63.5782 5.03578 5.2
      vertex 63.4482 5.07993 5.2
    endloop
  endfacet
  facet normal 0 0 1
    outer loop
      vertex 63.7129 5.00898 5.2
      vertex 63.4323 2.87738 5.2
      vertex 63.85 2.85 5.2
    endloop
  endfacet
  facet normal 0 0 1
    outer loop
      vertex 62.6254 3.09359 5.2
      vertex 63.4482 5.07993 5.2
      vertex 63.325 5.14067 5.2
    endloop
  endfacet
  facet normal 0 0 1
    outer loop
      vertex 62.25 3.27872 5.2
      vertex 63.325 5.14067 5.2
      vertex 63.2108 5.21698 5.2
    endloop
  endfacet
  facet normal 0 0 1
    outer loop
      vertex 61.902 3.51127 5.2
      vertex 63.2108 5.21698 5.2
      vertex 63.1075 5.30754 5.2
    endloop
  endfacet
  facet normal 0 0 1
    outer loop
      vertex 63.5782 5.03578 5.2
      vertex 63.0218 2.95904 5.2
      vertex 63.4323 2.87738 5.2
    endloop
  endfacet
  facet normal 0 0 1
    outer loop
      vertex 61.5873 3.78726 5.2
      vertex 63.1075 5.30754 5.2
      vertex 63.017 5.4108 5.2
    endloop
  endfacet
  facet normal 0 0 1
    outer loop
      vertex 61.3113 4.10196 5.2
      vertex 63.017 5.4108 5.2
      vertex 62.9407 5.525 5.2
    endloop
  endfacet
  facet normal 0 0 1
    outer loop
      vertex 61.0787 4.45 5.2
      vertex 62.9407 5.525 5.2
      vertex 62.8799 5.64818 5.2
    endloop
  endfacet
  facet normal 0 0 1
    outer loop
      vertex 60.8936 4.82541 5.2
      vertex 62.8799 5.64818 5.2
      vertex 62.8358 5.77824 5.2
    endloop
  endfacet
  facet normal 0 0 1
    outer loop
      vertex 60.759 5.22178 5.2
      vertex 62.8358 5.77824 5.2
      vertex 62.809 5.91295 5.2
    endloop
  endfacet
  facet normal 0 0 1
    outer loop
      vertex 63.4482 5.07993 5.2
      vertex 62.6254 3.09359 5.2
      vertex 63.0218 2.95904 5.2
    endloop
  endfacet
  facet normal 0 0 1
    outer loop
      vertex 60.6774 5.63232 5.2
      vertex 62.809 5.91295 5.2
      vertex 62.8 6.05 5.2
    endloop
  endfacet
  facet normal -0 0 1
    outer loop
      vertex 61.0787 7.65 5.2
      vertex 62.9407 6.575 5.2
      vertex 61.3113 7.99804 5.2
    endloop
  endfacet
  facet normal 0 0 1
    outer loop
      vertex 62.9407 6.575 5.2
      vertex 61.0787 7.65 5.2
      vertex 62.8799 6.45182 5.2
    endloop
  endfacet
  facet normal 0 0 1
    outer loop
      vertex 63.325 5.14067 5.2
      vertex 62.25 3.27872 5.2
      vertex 62.6254 3.09359 5.2
    endloop
  endfacet
  facet normal -0 0 1
    outer loop
      vertex 60.8936 7.27459 5.2
      vertex 62.8799 6.45182 5.2
      vertex 61.0787 7.65 5.2
    endloop
  endfacet
  facet normal 0 0 1
    outer loop
      vertex 63.2108 5.21698 5.2
      vertex 61.902 3.51127 5.2
      vertex 62.25 3.27872 5.2
    endloop
  endfacet
  facet normal 0 0 1
    outer loop
      vertex 62.8799 6.45182 5.2
      vertex 60.8936 7.27459 5.2
      vertex 62.8358 6.32176 5.2
    endloop
  endfacet
  facet normal 0 0 1
    outer loop
      vertex 63.1075 5.30754 5.2
      vertex 61.5873 3.78726 5.2
      vertex 61.902 3.51127 5.2
    endloop
  endfacet
  facet normal -0 0 1
    outer loop
      vertex 60.759 6.87822 5.2
      vertex 62.8358 6.32176 5.2
      vertex 60.8936 7.27459 5.2
    endloop
  endfacet
  facet normal 0 0 1
    outer loop
      vertex 63.017 5.4108 5.2
      vertex 61.3113 4.10196 5.2
      vertex 61.5873 3.78726 5.2
    endloop
  endfacet
  facet normal 0 0 1
    outer loop
      vertex 62.8358 6.32176 5.2
      vertex 60.759 6.87822 5.2
      vertex 62.809 6.18705 5.2
    endloop
  endfacet
  facet normal 0 0 1
    outer loop
      vertex 62.9407 5.525 5.2
      vertex 61.0787 4.45 5.2
      vertex 61.3113 4.10196 5.2
    endloop
  endfacet
  facet normal -0 0 1
    outer loop
      vertex 60.6774 6.46768 5.2
      vertex 62.809 6.18705 5.2
      vertex 60.759 6.87822 5.2
    endloop
  endfacet
  facet normal 0 0 1
    outer loop
      vertex 62.8799 5.64818 5.2
      vertex 60.8936 4.82541 5.2
      vertex 61.0787 4.45 5.2
    endloop
  endfacet
  facet normal 0 0 1
    outer loop
      vertex 62.809 6.18705 5.2
      vertex 60.6774 6.46768 5.2
      vertex 62.8 6.05 5.2
    endloop
  endfacet
  facet normal 0 0 1
    outer loop
      vertex 62.8358 5.77824 5.2
      vertex 60.759 5.22178 5.2
      vertex 60.8936 4.82541 5.2
    endloop
  endfacet
  facet normal 0 0 1
    outer loop
      vertex 60.65 6.05 5.2
      vertex 62.8 6.05 5.2
      vertex 60.6774 6.46768 5.2
    endloop
  endfacet
  facet normal 0 0 1
    outer loop
      vertex 62.809 5.91295 5.2
      vertex 60.6774 5.63232 5.2
      vertex 60.759 5.22178 5.2
    endloop
  endfacet
  facet normal 0 0 1
    outer loop
      vertex 62.8 6.05 5.2
      vertex 60.65 6.05 5.2
      vertex 60.6774 5.63232 5.2
    endloop
  endfacet
  facet normal -0.659391 -0.7518 0
    outer loop
      vertex 64.4892 6.88302 2
      vertex 64.5276 6.84934 5.2
      vertex 64.4892 6.88302 5.2
    endloop
  endfacet
  facet normal -0.659391 -0.7518 -0
    outer loop
      vertex 64.5276 6.84934 5.2
      vertex 64.4892 6.88302 2
      vertex 64.5276 6.84934 2
    endloop
  endfacet
  facet normal -0.831377 -0.555708 0
    outer loop
      vertex 64.7593 6.575 2
      vertex 64.7237 6.62826 5.2
      vertex 64.7237 6.62826 2
    endloop
  endfacet
  facet normal -0.831377 -0.555708 0
    outer loop
      vertex 64.7237 6.62826 5.2
      vertex 64.7593 6.575 2
      vertex 64.7593 6.575 5.2
    endloop
  endfacet
  facet normal -0.831366 0.555726 0
    outer loop
      vertex 64.7543 5.51752 2
      vertex 64.7593 5.525 5.2
      vertex 64.7593 5.525 2
    endloop
  endfacet
  facet normal -0.831366 0.555726 0
    outer loop
      vertex 64.7593 5.525 5.2
      vertex 64.7543 5.51752 2
      vertex 64.7543 5.51752 5.2
    endloop
  endfacet
  facet normal -0.321576 -0.946884 0
    outer loop
      vertex 64.1218 7.06422 2
      vertex 64.2518 7.02007 5.2
      vertex 64.1218 7.06422 5.2
    endloop
  endfacet
  facet normal -0.321576 -0.946884 -0
    outer loop
      vertex 64.2518 7.02007 5.2
      vertex 64.1218 7.06422 2
      vertex 64.2518 7.02007 2
    endloop
  endfacet
  facet normal 0.555457 -0.831545 0
    outer loop
      vertex 63.2794 6.92887 2
      vertex 63.325 6.95933 5.2
      vertex 63.2794 6.92887 5.2
    endloop
  endfacet
  facet normal 0.555457 -0.831545 0
    outer loop
      vertex 63.325 6.95933 5.2
      vertex 63.2794 6.92887 2
      vertex 63.325 6.95933 2
    endloop
  endfacet
  facet normal -0.442198 -0.896918 0
    outer loop
      vertex 64.2518 7.02007 2
      vertex 64.375 6.95933 5.2
      vertex 64.2518 7.02007 5.2
    endloop
  endfacet
  facet normal -0.442198 -0.896918 -0
    outer loop
      vertex 64.375 6.95933 5.2
      vertex 64.2518 7.02007 2
      vertex 64.375 6.95933 2
    endloop
  endfacet
  facet normal -0.55559 -0.831456 0
    outer loop
      vertex 64.375 6.95933 2
      vertex 64.4892 6.88302 5.2
      vertex 64.375 6.95933 5.2
    endloop
  endfacet
  facet normal -0.55559 -0.831456 -0
    outer loop
      vertex 64.4892 6.88302 5.2
      vertex 64.375 6.95933 2
      vertex 64.4892 6.88302 2
    endloop
  endfacet
  facet normal -0.896623 -0.442795 0
    outer loop
      vertex 64.7898 6.51324 2
      vertex 64.7593 6.575 5.2
      vertex 64.7593 6.575 2
    endloop
  endfacet
  facet normal -0.896623 -0.442795 0
    outer loop
      vertex 64.7593 6.575 5.2
      vertex 64.7898 6.51324 2
      vertex 64.7898 6.51324 5.2
    endloop
  endfacet
  facet normal 0.442238 -0.896898 0
    outer loop
      vertex 63.325 6.95933 2
      vertex 63.3871 6.98995 5.2
      vertex 63.325 6.95933 5.2
    endloop
  endfacet
  facet normal 0.442238 -0.896898 0
    outer loop
      vertex 63.3871 6.98995 5.2
      vertex 63.325 6.95933 2
      vertex 63.3871 6.98995 2
    endloop
  endfacet
  facet normal -0.896613 0.442815 0
    outer loop
      vertex 64.7593 5.525 2
      vertex 64.7718 5.55031 5.2
      vertex 64.7718 5.55031 2
    endloop
  endfacet
  facet normal -0.896613 0.442815 0
    outer loop
      vertex 64.7718 5.55031 5.2
      vertex 64.7593 5.525 2
      vertex 64.7593 5.525 5.2
    endloop
  endfacet
  facet normal 0.98081 0.194967 0
    outer loop
      vertex 67.0226 29.3677 5.2
      vertex 66.941 29.7782 2
      vertex 66.941 29.7782 5.2
    endloop
  endfacet
  facet normal 0.98081 0.194967 0
    outer loop
      vertex 66.941 29.7782 2
      vertex 67.0226 29.3677 5.2
      vertex 67.0226 29.3677 2
    endloop
  endfacet
  facet normal 0.997855 0.0654566 0
    outer loop
      vertex 67.05 28.95 5.2
      vertex 67.0226 29.3677 2
      vertex 67.0226 29.3677 5.2
    endloop
  endfacet
  facet normal 0.997855 0.0654566 0
    outer loop
      vertex 67.0226 29.3677 2
      vertex 67.05 28.95 5.2
      vertex 67.05 28.95 2
    endloop
  endfacet
  facet normal 0.321526 0.946901 -0
    outer loop
      vertex 65.0746 31.9064 2
      vertex 64.6782 32.041 5.2
      vertex 65.0746 31.9064 5.2
    endloop
  endfacet
  facet normal 0.321526 0.946901 0
    outer loop
      vertex 64.6782 32.041 5.2
      vertex 65.0746 31.9064 2
      vertex 64.6782 32.041 2
    endloop
  endfacet
  facet normal 0.555692 -0.831388 0
    outer loop
      vertex 65.45 26.1787 2
      vertex 65.798 26.4113 5.2
      vertex 65.45 26.1787 5.2
    endloop
  endfacet
  facet normal 0.555692 -0.831388 0
    outer loop
      vertex 65.798 26.4113 5.2
      vertex 65.45 26.1787 2
      vertex 65.798 26.4113 2
    endloop
  endfacet
  facet normal 0.659367 0.751821 -0
    outer loop
      vertex 66.1127 31.2127 2
      vertex 65.798 31.4887 5.2
      vertex 66.1127 31.2127 5.2
    endloop
  endfacet
  facet normal 0.659367 0.751821 0
    outer loop
      vertex 65.798 31.4887 5.2
      vertex 66.1127 31.2127 2
      vertex 65.798 31.4887 2
    endloop
  endfacet
  facet normal -0.194967 -0.98081 0
    outer loop
      vertex 63.0218 25.859 2
      vertex 63.4323 25.7774 5.2
      vertex 63.0218 25.859 5.2
    endloop
  endfacet
  facet normal -0.194967 -0.98081 -0
    outer loop
      vertex 63.4323 25.7774 5.2
      vertex 63.0218 25.859 2
      vertex 63.4323 25.7774 2
    endloop
  endfacet
  facet normal 0.751821 -0.659367 0
    outer loop
      vertex 66.1127 26.6873 5.2
      vertex 66.3887 27.002 2
      vertex 66.3887 27.002 5.2
    endloop
  endfacet
  facet normal 0.751821 -0.659367 0
    outer loop
      vertex 66.3887 27.002 2
      vertex 66.1127 26.6873 5.2
      vertex 66.1127 26.6873 2
    endloop
  endfacet
  facet normal -0.946901 0.321526 0
    outer loop
      vertex 60.759 29.7782 2
      vertex 60.8936 30.1746 5.2
      vertex 60.8936 30.1746 2
    endloop
  endfacet
  facet normal -0.946901 0.321526 0
    outer loop
      vertex 60.8936 30.1746 5.2
      vertex 60.759 29.7782 2
      vertex 60.759 29.7782 5.2
    endloop
  endfacet
  facet normal 0.0654566 0.997855 -0
    outer loop
      vertex 64.2677 32.1226 2
      vertex 63.85 32.15 5.2
      vertex 64.2677 32.1226 5.2
    endloop
  endfacet
  facet normal 0.0654566 0.997855 0
    outer loop
      vertex 63.85 32.15 5.2
      vertex 64.2677 32.1226 2
      vertex 63.85 32.15 2
    endloop
  endfacet
  facet normal -0.321526 0.946901 0
    outer loop
      vertex 63.0218 32.041 2
      vertex 62.6254 31.9064 5.2
      vertex 63.0218 32.041 5.2
    endloop
  endfacet
  facet normal -0.321526 0.946901 0
    outer loop
      vertex 62.6254 31.9064 5.2
      vertex 63.0218 32.041 2
      vertex 62.6254 31.9064 2
    endloop
  endfacet
  facet normal -0.997855 -0.0654566 0
    outer loop
      vertex 60.6774 28.5323 2
      vertex 60.65 28.95 5.2
      vertex 60.65 28.95 2
    endloop
  endfacet
  facet normal -0.997855 -0.0654566 0
    outer loop
      vertex 60.65 28.95 5.2
      vertex 60.6774 28.5323 2
      vertex 60.6774 28.5323 5.2
    endloop
  endfacet
  facet normal -0.0654566 -0.997855 0
    outer loop
      vertex 63.4323 25.7774 2
      vertex 63.85 25.75 5.2
      vertex 63.4323 25.7774 5.2
    endloop
  endfacet
  facet normal -0.0654566 -0.997855 -0
    outer loop
      vertex 63.85 25.75 5.2
      vertex 63.4323 25.7774 2
      vertex 63.85 25.75 2
    endloop
  endfacet
  facet normal 0.997855 -0.0654566 0
    outer loop
      vertex 67.0226 28.5323 5.2
      vertex 67.05 28.95 2
      vertex 67.05 28.95 5.2
    endloop
  endfacet
  facet normal 0.997855 -0.0654566 0
    outer loop
      vertex 67.05 28.95 2
      vertex 67.0226 28.5323 5.2
      vertex 67.0226 28.5323 2
    endloop
  endfacet
  facet normal 0.751821 0.659367 0
    outer loop
      vertex 66.3887 30.898 5.2
      vertex 66.1127 31.2127 2
      vertex 66.1127 31.2127 5.2
    endloop
  endfacet
  facet normal 0.751821 0.659367 0
    outer loop
      vertex 66.1127 31.2127 2
      vertex 66.3887 30.898 5.2
      vertex 66.3887 30.898 2
    endloop
  endfacet
  facet normal -0.946901 -0.321526 0
    outer loop
      vertex 60.8936 27.7254 2
      vertex 60.759 28.1218 5.2
      vertex 60.759 28.1218 2
    endloop
  endfacet
  facet normal -0.946901 -0.321526 0
    outer loop
      vertex 60.759 28.1218 5.2
      vertex 60.8936 27.7254 2
      vertex 60.8936 27.7254 5.2
    endloop
  endfacet
  facet normal -0.98081 -0.194967 0
    outer loop
      vertex 60.759 28.1218 2
      vertex 60.6774 28.5323 5.2
      vertex 60.6774 28.5323 2
    endloop
  endfacet
  facet normal -0.98081 -0.194967 0
    outer loop
      vertex 60.6774 28.5323 5.2
      vertex 60.759 28.1218 2
      vertex 60.759 28.1218 5.2
    endloop
  endfacet
  facet normal 0.194967 0.98081 -0
    outer loop
      vertex 64.6782 32.041 2
      vertex 64.2677 32.1226 5.2
      vertex 64.6782 32.041 5.2
    endloop
  endfacet
  facet normal 0.194967 0.98081 0
    outer loop
      vertex 64.2677 32.1226 5.2
      vertex 64.6782 32.041 2
      vertex 64.2677 32.1226 2
    endloop
  endfacet
  facet normal -0.751821 -0.659367 0
    outer loop
      vertex 61.5873 26.6873 2
      vertex 61.3113 27.002 5.2
      vertex 61.3113 27.002 2
    endloop
  endfacet
  facet normal -0.751821 -0.659367 0
    outer loop
      vertex 61.3113 27.002 5.2
      vertex 61.5873 26.6873 2
      vertex 61.5873 26.6873 5.2
    endloop
  endfacet
  facet normal -0.659367 0.751821 0
    outer loop
      vertex 61.902 31.4887 2
      vertex 61.5873 31.2127 5.2
      vertex 61.902 31.4887 5.2
    endloop
  endfacet
  facet normal -0.659367 0.751821 0
    outer loop
      vertex 61.5873 31.2127 5.2
      vertex 61.902 31.4887 2
      vertex 61.5873 31.2127 2
    endloop
  endfacet
  facet normal -0.896898 0.442237 0
    outer loop
      vertex 60.8936 30.1746 2
      vertex 61.0787 30.55 5.2
      vertex 61.0787 30.55 2
    endloop
  endfacet
  facet normal -0.896898 0.442237 0
    outer loop
      vertex 61.0787 30.55 5.2
      vertex 60.8936 30.1746 2
      vertex 60.8936 30.1746 5.2
    endloop
  endfacet
  facet normal 0.831388 -0.555692 0
    outer loop
      vertex 66.3887 27.002 5.2
      vertex 66.6213 27.35 2
      vertex 66.6213 27.35 5.2
    endloop
  endfacet
  facet normal 0.831388 -0.555692 0
    outer loop
      vertex 66.6213 27.35 2
      vertex 66.3887 27.002 5.2
      vertex 66.3887 27.002 2
    endloop
  endfacet
  facet normal 0.831388 0.555692 0
    outer loop
      vertex 66.6213 30.55 5.2
      vertex 66.3887 30.898 2
      vertex 66.3887 30.898 5.2
    endloop
  endfacet
  facet normal 0.831388 0.555692 0
    outer loop
      vertex 66.3887 30.898 2
      vertex 66.6213 30.55 5.2
      vertex 66.6213 30.55 2
    endloop
  endfacet
  facet normal -0.751821 0.659367 0
    outer loop
      vertex 61.3113 30.898 2
      vertex 61.5873 31.2127 5.2
      vertex 61.5873 31.2127 2
    endloop
  endfacet
  facet normal -0.751821 0.659367 0
    outer loop
      vertex 61.5873 31.2127 5.2
      vertex 61.3113 30.898 2
      vertex 61.3113 30.898 5.2
    endloop
  endfacet
  facet normal 0.659367 -0.751821 0
    outer loop
      vertex 65.798 26.4113 2
      vertex 66.1127 26.6873 5.2
      vertex 65.798 26.4113 5.2
    endloop
  endfacet
  facet normal 0.659367 -0.751821 0
    outer loop
      vertex 66.1127 26.6873 5.2
      vertex 65.798 26.4113 2
      vertex 66.1127 26.6873 2
    endloop
  endfacet
  facet normal -0.831388 -0.555692 0
    outer loop
      vertex 61.3113 27.002 2
      vertex 61.0787 27.35 5.2
      vertex 61.0787 27.35 2
    endloop
  endfacet
  facet normal -0.831388 -0.555692 0
    outer loop
      vertex 61.0787 27.35 5.2
      vertex 61.3113 27.002 2
      vertex 61.3113 27.002 5.2
    endloop
  endfacet
  facet normal -0.194967 0.98081 0
    outer loop
      vertex 63.4323 32.1226 2
      vertex 63.0218 32.041 5.2
      vertex 63.4323 32.1226 5.2
    endloop
  endfacet
  facet normal -0.194967 0.98081 0
    outer loop
      vertex 63.0218 32.041 5.2
      vertex 63.4323 32.1226 2
      vertex 63.0218 32.041 2
    endloop
  endfacet
  facet normal 0.946901 -0.321526 0
    outer loop
      vertex 66.8064 27.7254 5.2
      vertex 66.941 28.1218 2
      vertex 66.941 28.1218 5.2
    endloop
  endfacet
  facet normal 0.946901 -0.321526 0
    outer loop
      vertex 66.941 28.1218 2
      vertex 66.8064 27.7254 5.2
      vertex 66.8064 27.7254 2
    endloop
  endfacet
  facet normal 0.442237 0.896898 -0
    outer loop
      vertex 65.45 31.7213 2
      vertex 65.0746 31.9064 5.2
      vertex 65.45 31.7213 5.2
    endloop
  endfacet
  facet normal 0.442237 0.896898 0
    outer loop
      vertex 65.0746 31.9064 5.2
      vertex 65.45 31.7213 2
      vertex 65.0746 31.9064 2
    endloop
  endfacet
  facet normal -0.0654566 0.997855 0
    outer loop
      vertex 63.85 32.15 2
      vertex 63.4323 32.1226 5.2
      vertex 63.85 32.15 5.2
    endloop
  endfacet
  facet normal -0.0654566 0.997855 0
    outer loop
      vertex 63.4323 32.1226 5.2
      vertex 63.85 32.15 2
      vertex 63.4323 32.1226 2
    endloop
  endfacet
  facet normal 0.0654566 -0.997855 0
    outer loop
      vertex 63.85 25.75 2
      vertex 64.2677 25.7774 5.2
      vertex 63.85 25.75 5.2
    endloop
  endfacet
  facet normal 0.0654566 -0.997855 0
    outer loop
      vertex 64.2677 25.7774 5.2
      vertex 63.85 25.75 2
      vertex 64.2677 25.7774 2
    endloop
  endfacet
  facet normal 0.555692 0.831388 -0
    outer loop
      vertex 65.798 31.4887 2
      vertex 65.45 31.7213 5.2
      vertex 65.798 31.4887 5.2
    endloop
  endfacet
  facet normal 0.555692 0.831388 0
    outer loop
      vertex 65.45 31.7213 5.2
      vertex 65.798 31.4887 2
      vertex 65.45 31.7213 2
    endloop
  endfacet
  facet normal -0.896898 -0.442237 0
    outer loop
      vertex 61.0787 27.35 2
      vertex 60.8936 27.7254 5.2
      vertex 60.8936 27.7254 2
    endloop
  endfacet
  facet normal -0.896898 -0.442237 0
    outer loop
      vertex 60.8936 27.7254 5.2
      vertex 61.0787 27.35 2
      vertex 61.0787 27.35 5.2
    endloop
  endfacet
  facet normal -0.659367 -0.751821 0
    outer loop
      vertex 61.5873 26.6873 2
      vertex 61.902 26.4113 5.2
      vertex 61.5873 26.6873 5.2
    endloop
  endfacet
  facet normal -0.659367 -0.751821 -0
    outer loop
      vertex 61.902 26.4113 5.2
      vertex 61.5873 26.6873 2
      vertex 61.902 26.4113 2
    endloop
  endfacet
  facet normal -0.98081 0.194967 0
    outer loop
      vertex 60.6774 29.3677 2
      vertex 60.759 29.7782 5.2
      vertex 60.759 29.7782 2
    endloop
  endfacet
  facet normal -0.98081 0.194967 0
    outer loop
      vertex 60.759 29.7782 5.2
      vertex 60.6774 29.3677 2
      vertex 60.6774 29.3677 5.2
    endloop
  endfacet
  facet normal 0.896898 0.442237 0
    outer loop
      vertex 66.8064 30.1746 5.2
      vertex 66.6213 30.55 2
      vertex 66.6213 30.55 5.2
    endloop
  endfacet
  facet normal 0.896898 0.442237 0
    outer loop
      vertex 66.6213 30.55 2
      vertex 66.8064 30.1746 5.2
      vertex 66.8064 30.1746 2
    endloop
  endfacet
  facet normal 0.194967 -0.98081 0
    outer loop
      vertex 64.2677 25.7774 2
      vertex 64.6782 25.859 5.2
      vertex 64.2677 25.7774 5.2
    endloop
  endfacet
  facet normal 0.194967 -0.98081 0
    outer loop
      vertex 64.6782 25.859 5.2
      vertex 64.2677 25.7774 2
      vertex 64.6782 25.859 2
    endloop
  endfacet
  facet normal 0.896898 -0.442237 0
    outer loop
      vertex 66.6213 27.35 5.2
      vertex 66.8064 27.7254 2
      vertex 66.8064 27.7254 5.2
    endloop
  endfacet
  facet normal 0.896898 -0.442237 0
    outer loop
      vertex 66.8064 27.7254 2
      vertex 66.6213 27.35 5.2
      vertex 66.6213 27.35 2
    endloop
  endfacet
  facet normal 0.98081 -0.194967 0
    outer loop
      vertex 66.941 28.1218 5.2
      vertex 67.0226 28.5323 2
      vertex 67.0226 28.5323 5.2
    endloop
  endfacet
  facet normal 0.98081 -0.194967 0
    outer loop
      vertex 67.0226 28.5323 2
      vertex 66.941 28.1218 5.2
      vertex 66.941 28.1218 2
    endloop
  endfacet
  facet normal -0.555692 0.831388 0
    outer loop
      vertex 62.25 31.7213 2
      vertex 61.902 31.4887 5.2
      vertex 62.25 31.7213 5.2
    endloop
  endfacet
  facet normal -0.555692 0.831388 0
    outer loop
      vertex 61.902 31.4887 5.2
      vertex 62.25 31.7213 2
      vertex 61.902 31.4887 2
    endloop
  endfacet
  facet normal 0.946901 0.321526 0
    outer loop
      vertex 66.941 29.7782 5.2
      vertex 66.8064 30.1746 2
      vertex 66.8064 30.1746 5.2
    endloop
  endfacet
  facet normal 0.946901 0.321526 0
    outer loop
      vertex 66.8064 30.1746 2
      vertex 66.941 29.7782 5.2
      vertex 66.941 29.7782 2
    endloop
  endfacet
  facet normal 0.321526 -0.946901 0
    outer loop
      vertex 64.6782 25.859 2
      vertex 65.0746 25.9936 5.2
      vertex 64.6782 25.859 5.2
    endloop
  endfacet
  facet normal 0.321526 -0.946901 0
    outer loop
      vertex 65.0746 25.9936 5.2
      vertex 64.6782 25.859 2
      vertex 65.0746 25.9936 2
    endloop
  endfacet
  facet normal 0.442237 -0.896898 0
    outer loop
      vertex 65.0746 25.9936 2
      vertex 65.45 26.1787 5.2
      vertex 65.0746 25.9936 5.2
    endloop
  endfacet
  facet normal 0.442237 -0.896898 0
    outer loop
      vertex 65.45 26.1787 5.2
      vertex 65.0746 25.9936 2
      vertex 65.45 26.1787 2
    endloop
  endfacet
  facet normal -0.997855 0.0654566 0
    outer loop
      vertex 60.65 28.95 2
      vertex 60.6774 29.3677 5.2
      vertex 60.6774 29.3677 2
    endloop
  endfacet
  facet normal -0.997855 0.0654566 0
    outer loop
      vertex 60.6774 29.3677 5.2
      vertex 60.65 28.95 2
      vertex 60.65 28.95 5.2
    endloop
  endfacet
  facet normal -0.321526 -0.946901 0
    outer loop
      vertex 62.6254 25.9936 2
      vertex 63.0218 25.859 5.2
      vertex 62.6254 25.9936 5.2
    endloop
  endfacet
  facet normal -0.321526 -0.946901 -0
    outer loop
      vertex 63.0218 25.859 5.2
      vertex 62.6254 25.9936 2
      vertex 63.0218 25.859 2
    endloop
  endfacet
  facet normal -0.442237 0.896898 0
    outer loop
      vertex 62.6254 31.9064 2
      vertex 62.25 31.7213 5.2
      vertex 62.6254 31.9064 5.2
    endloop
  endfacet
  facet normal -0.442237 0.896898 0
    outer loop
      vertex 62.25 31.7213 5.2
      vertex 62.6254 31.9064 2
      vertex 62.25 31.7213 2
    endloop
  endfacet
  facet normal -0.831388 0.555692 0
    outer loop
      vertex 61.0787 30.55 2
      vertex 61.3113 30.898 5.2
      vertex 61.3113 30.898 2
    endloop
  endfacet
  facet normal -0.831388 0.555692 0
    outer loop
      vertex 61.3113 30.898 5.2
      vertex 61.0787 30.55 2
      vertex 61.0787 30.55 5.2
    endloop
  endfacet
  facet normal -0.442237 -0.896898 0
    outer loop
      vertex 62.25 26.1787 2
      vertex 62.6254 25.9936 5.2
      vertex 62.25 26.1787 5.2
    endloop
  endfacet
  facet normal -0.442237 -0.896898 -0
    outer loop
      vertex 62.6254 25.9936 5.2
      vertex 62.25 26.1787 2
      vertex 62.6254 25.9936 2
    endloop
  endfacet
  facet normal -0.555692 -0.831388 0
    outer loop
      vertex 61.902 26.4113 2
      vertex 62.25 26.1787 5.2
      vertex 61.902 26.4113 5.2
    endloop
  endfacet
  facet normal -0.555692 -0.831388 -0
    outer loop
      vertex 62.25 26.1787 5.2
      vertex 61.902 26.4113 2
      vertex 62.25 26.1787 2
    endloop
  endfacet
  facet normal 0 0 1
    outer loop
      vertex 64.9 28.95 5.2
      vertex 67.05 28.95 5.2
      vertex 67.0226 29.3677 5.2
    endloop
  endfacet
  facet normal 0 0 1
    outer loop
      vertex 64.891 29.0871 5.2
      vertex 67.0226 29.3677 5.2
      vertex 66.941 29.7782 5.2
    endloop
  endfacet
  facet normal 0 0 1
    outer loop
      vertex 67.05 28.95 5.2
      vertex 64.9 28.95 5.2
      vertex 67.0226 28.5323 5.2
    endloop
  endfacet
  facet normal 0 0 1
    outer loop
      vertex 64.8642 29.2218 5.2
      vertex 66.941 29.7782 5.2
      vertex 66.8064 30.1746 5.2
    endloop
  endfacet
  facet normal -0 0 1
    outer loop
      vertex 64.891 28.8129 5.2
      vertex 67.0226 28.5323 5.2
      vertex 64.9 28.95 5.2
    endloop
  endfacet
  facet normal 0 0 1
    outer loop
      vertex 64.8018 29.3889 5.2
      vertex 66.8064 30.1746 5.2
      vertex 66.6213 30.55 5.2
    endloop
  endfacet
  facet normal 0 0 1
    outer loop
      vertex 67.0226 28.5323 5.2
      vertex 64.891 28.8129 5.2
      vertex 66.941 28.1218 5.2
    endloop
  endfacet
  facet normal 0 0 1
    outer loop
      vertex 64.7033 29.5588 5.2
      vertex 66.6213 30.55 5.2
      vertex 66.3887 30.898 5.2
    endloop
  endfacet
  facet normal -0 0 1
    outer loop
      vertex 64.8642 28.6782 5.2
      vertex 66.941 28.1218 5.2
      vertex 64.891 28.8129 5.2
    endloop
  endfacet
  facet normal 0 0 1
    outer loop
      vertex 64.683 29.5892 5.2
      vertex 66.3887 30.898 5.2
      vertex 66.1127 31.2127 5.2
    endloop
  endfacet
  facet normal 0 0 1
    outer loop
      vertex 66.941 28.1218 5.2
      vertex 64.8642 28.6782 5.2
      vertex 66.8064 27.7254 5.2
    endloop
  endfacet
  facet normal 0 0 1
    outer loop
      vertex 64.5925 29.6925 5.2
      vertex 66.1127 31.2127 5.2
      vertex 65.798 31.4887 5.2
    endloop
  endfacet
  facet normal -0 0 1
    outer loop
      vertex 64.8201 28.5482 5.2
      vertex 66.8064 27.7254 5.2
      vertex 64.8642 28.6782 5.2
    endloop
  endfacet
  facet normal 0 0 1
    outer loop
      vertex 64.4892 29.783 5.2
      vertex 65.798 31.4887 5.2
      vertex 65.45 31.7213 5.2
    endloop
  endfacet
  facet normal 0 0 1
    outer loop
      vertex 66.8064 27.7254 5.2
      vertex 64.8201 28.5482 5.2
      vertex 66.6213 27.35 5.2
    endloop
  endfacet
  facet normal 0 0 1
    outer loop
      vertex 64.375 29.8593 5.2
      vertex 65.45 31.7213 5.2
      vertex 65.0746 31.9064 5.2
    endloop
  endfacet
  facet normal -0 0 1
    outer loop
      vertex 64.7598 28.426 5.2
      vertex 66.6213 27.35 5.2
      vertex 64.8201 28.5482 5.2
    endloop
  endfacet
  facet normal -0 0 1
    outer loop
      vertex 64.7593 28.425 5.2
      vertex 66.6213 27.35 5.2
      vertex 64.7598 28.426 5.2
    endloop
  endfacet
  facet normal 0 0 1
    outer loop
      vertex 67.0226 29.3677 5.2
      vertex 64.891 29.0871 5.2
      vertex 64.9 28.95 5.2
    endloop
  endfacet
  facet normal 0 0 1
    outer loop
      vertex 66.941 29.7782 5.2
      vertex 64.8642 29.2218 5.2
      vertex 64.891 29.0871 5.2
    endloop
  endfacet
  facet normal 0 0 1
    outer loop
      vertex 66.8064 30.1746 5.2
      vertex 64.8201 29.3518 5.2
      vertex 64.8642 29.2218 5.2
    endloop
  endfacet
  facet normal 0 0 1
    outer loop
      vertex 66.8064 30.1746 5.2
      vertex 64.8018 29.3889 5.2
      vertex 64.8201 29.3518 5.2
    endloop
  endfacet
  facet normal 0 0 1
    outer loop
      vertex 66.6213 30.55 5.2
      vertex 64.7593 29.475 5.2
      vertex 64.8018 29.3889 5.2
    endloop
  endfacet
  facet normal 0 0 1
    outer loop
      vertex 66.6213 30.55 5.2
      vertex 64.7033 29.5588 5.2
      vertex 64.7593 29.475 5.2
    endloop
  endfacet
  facet normal 0 0 1
    outer loop
      vertex 66.3887 30.898 5.2
      vertex 64.683 29.5892 5.2
      vertex 64.7033 29.5588 5.2
    endloop
  endfacet
  facet normal 0 0 1
    outer loop
      vertex 64.1993 29.9379 5.2
      vertex 65.0746 31.9064 5.2
      vertex 64.6782 32.041 5.2
    endloop
  endfacet
  facet normal 0 0 1
    outer loop
      vertex 66.1127 31.2127 5.2
      vertex 64.5925 29.6925 5.2
      vertex 64.683 29.5892 5.2
    endloop
  endfacet
  facet normal 0 0 1
    outer loop
      vertex 65.798 31.4887 5.2
      vertex 64.4892 29.783 5.2
      vertex 64.5925 29.6925 5.2
    endloop
  endfacet
  facet normal 0 0 1
    outer loop
      vertex 65.45 31.7213 5.2
      vertex 64.375 29.8593 5.2
      vertex 64.4892 29.783 5.2
    endloop
  endfacet
  facet normal 0 0 1
    outer loop
      vertex 64.1218 29.9642 5.2
      vertex 64.6782 32.041 5.2
      vertex 64.2677 32.1226 5.2
    endloop
  endfacet
  facet normal 0 0 1
    outer loop
      vertex 65.0746 31.9064 5.2
      vertex 64.2518 29.9201 5.2
      vertex 64.375 29.8593 5.2
    endloop
  endfacet
  facet normal 0 0 1
    outer loop
      vertex 65.0746 31.9064 5.2
      vertex 64.1993 29.9379 5.2
      vertex 64.2518 29.9201 5.2
    endloop
  endfacet
  facet normal 0 0 1
    outer loop
      vertex 64.6782 32.041 5.2
      vertex 64.1218 29.9642 5.2
      vertex 64.1993 29.9379 5.2
    endloop
  endfacet
  facet normal 0 0 1
    outer loop
      vertex 64.2677 32.1226 5.2
      vertex 64.0073 29.987 5.2
      vertex 64.1218 29.9642 5.2
    endloop
  endfacet
  facet normal 0 0 1
    outer loop
      vertex 64.2677 32.1226 5.2
      vertex 63.9871 29.991 5.2
      vertex 64.0073 29.987 5.2
    endloop
  endfacet
  facet normal 0 0 1
    outer loop
      vertex 64.2677 32.1226 5.2
      vertex 63.9616 29.9927 5.2
      vertex 63.9871 29.991 5.2
    endloop
  endfacet
  facet normal 0 0 1
    outer loop
      vertex 63.85 32.15 5.2
      vertex 63.9616 29.9927 5.2
      vertex 64.2677 32.1226 5.2
    endloop
  endfacet
  facet normal 0 0 1
    outer loop
      vertex 63.85 32.15 5.2
      vertex 63.85 30 5.2
      vertex 63.9616 29.9927 5.2
    endloop
  endfacet
  facet normal 0 0 1
    outer loop
      vertex 63.85 32.15 5.2
      vertex 63.7269 29.9919 5.2
      vertex 63.85 30 5.2
    endloop
  endfacet
  facet normal -0 0 1
    outer loop
      vertex 63.4323 32.1226 5.2
      vertex 63.7269 29.9919 5.2
      vertex 63.85 32.15 5.2
    endloop
  endfacet
  facet normal 0 0 1
    outer loop
      vertex 63.7269 29.9919 5.2
      vertex 63.4323 32.1226 5.2
      vertex 63.7129 29.991 5.2
    endloop
  endfacet
  facet normal 0 0 1
    outer loop
      vertex 63.7129 29.991 5.2
      vertex 63.4323 32.1226 5.2
      vertex 63.5782 29.9642 5.2
    endloop
  endfacet
  facet normal -0 0 1
    outer loop
      vertex 63.0218 32.041 5.2
      vertex 63.5782 29.9642 5.2
      vertex 63.4323 32.1226 5.2
    endloop
  endfacet
  facet normal 0 0 1
    outer loop
      vertex 63.5782 29.9642 5.2
      vertex 63.0218 32.041 5.2
      vertex 63.4482 29.9201 5.2
    endloop
  endfacet
  facet normal -0 0 1
    outer loop
      vertex 62.6254 31.9064 5.2
      vertex 63.4482 29.9201 5.2
      vertex 63.0218 32.041 5.2
    endloop
  endfacet
  facet normal 0 0 1
    outer loop
      vertex 63.4482 29.9201 5.2
      vertex 62.6254 31.9064 5.2
      vertex 63.325 29.8593 5.2
    endloop
  endfacet
  facet normal -0 0 1
    outer loop
      vertex 62.25 31.7213 5.2
      vertex 63.325 29.8593 5.2
      vertex 62.6254 31.9064 5.2
    endloop
  endfacet
  facet normal 0 0 1
    outer loop
      vertex 63.325 29.8593 5.2
      vertex 62.25 31.7213 5.2
      vertex 63.2108 29.783 5.2
    endloop
  endfacet
  facet normal -0 0 1
    outer loop
      vertex 61.902 31.4887 5.2
      vertex 63.2108 29.783 5.2
      vertex 62.25 31.7213 5.2
    endloop
  endfacet
  facet normal 0 0 1
    outer loop
      vertex 63.2108 29.783 5.2
      vertex 61.902 31.4887 5.2
      vertex 63.1075 29.6925 5.2
    endloop
  endfacet
  facet normal -0 0 1
    outer loop
      vertex 61.5873 31.2127 5.2
      vertex 63.1075 29.6925 5.2
      vertex 61.902 31.4887 5.2
    endloop
  endfacet
  facet normal 0 0 1
    outer loop
      vertex 63.1075 29.6925 5.2
      vertex 61.5873 31.2127 5.2
      vertex 63.017 29.5892 5.2
    endloop
  endfacet
  facet normal 0 0 1
    outer loop
      vertex 63.017 29.5892 5.2
      vertex 61.3113 30.898 5.2
      vertex 62.9407 29.475 5.2
    endloop
  endfacet
  facet normal -0 0 1
    outer loop
      vertex 61.3113 30.898 5.2
      vertex 63.017 29.5892 5.2
      vertex 61.5873 31.2127 5.2
    endloop
  endfacet
  facet normal 0 0 1
    outer loop
      vertex 66.6213 27.35 5.2
      vertex 64.7593 28.425 5.2
      vertex 66.3887 27.002 5.2
    endloop
  endfacet
  facet normal -0 0 1
    outer loop
      vertex 64.683 28.3108 5.2
      vertex 66.3887 27.002 5.2
      vertex 64.7593 28.425 5.2
    endloop
  endfacet
  facet normal 0 0 1
    outer loop
      vertex 66.3887 27.002 5.2
      vertex 64.683 28.3108 5.2
      vertex 66.1127 26.6873 5.2
    endloop
  endfacet
  facet normal -0 0 1
    outer loop
      vertex 64.5925 28.2075 5.2
      vertex 66.1127 26.6873 5.2
      vertex 64.683 28.3108 5.2
    endloop
  endfacet
  facet normal 0 0 1
    outer loop
      vertex 66.1127 26.6873 5.2
      vertex 64.5925 28.2075 5.2
      vertex 65.798 26.4113 5.2
    endloop
  endfacet
  facet normal -0 0 1
    outer loop
      vertex 64.4892 28.117 5.2
      vertex 65.798 26.4113 5.2
      vertex 64.5925 28.2075 5.2
    endloop
  endfacet
  facet normal 0 0 1
    outer loop
      vertex 65.798 26.4113 5.2
      vertex 64.4892 28.117 5.2
      vertex 65.45 26.1787 5.2
    endloop
  endfacet
  facet normal -0 0 1
    outer loop
      vertex 64.375 28.0407 5.2
      vertex 65.45 26.1787 5.2
      vertex 64.4892 28.117 5.2
    endloop
  endfacet
  facet normal 0 0 1
    outer loop
      vertex 65.45 26.1787 5.2
      vertex 64.375 28.0407 5.2
      vertex 65.0746 25.9936 5.2
    endloop
  endfacet
  facet normal -0 0 1
    outer loop
      vertex 64.2518 27.9799 5.2
      vertex 65.0746 25.9936 5.2
      vertex 64.375 28.0407 5.2
    endloop
  endfacet
  facet normal 0 0 1
    outer loop
      vertex 65.0746 25.9936 5.2
      vertex 64.2518 27.9799 5.2
      vertex 64.6782 25.859 5.2
    endloop
  endfacet
  facet normal -0 0 1
    outer loop
      vertex 64.1218 27.9358 5.2
      vertex 64.6782 25.859 5.2
      vertex 64.2518 27.9799 5.2
    endloop
  endfacet
  facet normal 0 0 1
    outer loop
      vertex 64.6782 25.859 5.2
      vertex 64.1218 27.9358 5.2
      vertex 64.2677 25.7774 5.2
    endloop
  endfacet
  facet normal -0 0 1
    outer loop
      vertex 63.9871 27.909 5.2
      vertex 64.2677 25.7774 5.2
      vertex 64.1218 27.9358 5.2
    endloop
  endfacet
  facet normal -0 0 1
    outer loop
      vertex 63.85 27.9 5.2
      vertex 64.2677 25.7774 5.2
      vertex 63.9871 27.909 5.2
    endloop
  endfacet
  facet normal 0 0 1
    outer loop
      vertex 63.85 27.9 5.2
      vertex 63.85 25.75 5.2
      vertex 64.2677 25.7774 5.2
    endloop
  endfacet
  facet normal 0 0 1
    outer loop
      vertex 63.7129 27.909 5.2
      vertex 63.85 25.75 5.2
      vertex 63.85 27.9 5.2
    endloop
  endfacet
  facet normal 0 0 1
    outer loop
      vertex 63.4323 25.7774 5.2
      vertex 63.7129 27.909 5.2
      vertex 63.5782 27.9358 5.2
    endloop
  endfacet
  facet normal 0 0 1
    outer loop
      vertex 63.0218 25.859 5.2
      vertex 63.5782 27.9358 5.2
      vertex 63.4482 27.9799 5.2
    endloop
  endfacet
  facet normal 0 0 1
    outer loop
      vertex 63.7129 27.909 5.2
      vertex 63.4323 25.7774 5.2
      vertex 63.85 25.75 5.2
    endloop
  endfacet
  facet normal 0 0 1
    outer loop
      vertex 62.6254 25.9936 5.2
      vertex 63.4482 27.9799 5.2
      vertex 63.325 28.0407 5.2
    endloop
  endfacet
  facet normal 0 0 1
    outer loop
      vertex 62.25 26.1787 5.2
      vertex 63.325 28.0407 5.2
      vertex 63.2108 28.117 5.2
    endloop
  endfacet
  facet normal 0 0 1
    outer loop
      vertex 61.902 26.4113 5.2
      vertex 63.2108 28.117 5.2
      vertex 63.1075 28.2075 5.2
    endloop
  endfacet
  facet normal 0 0 1
    outer loop
      vertex 63.5782 27.9358 5.2
      vertex 63.0218 25.859 5.2
      vertex 63.4323 25.7774 5.2
    endloop
  endfacet
  facet normal 0 0 1
    outer loop
      vertex 61.5873 26.6873 5.2
      vertex 63.1075 28.2075 5.2
      vertex 63.017 28.3108 5.2
    endloop
  endfacet
  facet normal 0 0 1
    outer loop
      vertex 61.3113 27.002 5.2
      vertex 63.017 28.3108 5.2
      vertex 62.9407 28.425 5.2
    endloop
  endfacet
  facet normal 0 0 1
    outer loop
      vertex 61.0787 27.35 5.2
      vertex 62.9407 28.425 5.2
      vertex 62.8799 28.5482 5.2
    endloop
  endfacet
  facet normal 0 0 1
    outer loop
      vertex 60.8936 27.7254 5.2
      vertex 62.8799 28.5482 5.2
      vertex 62.8358 28.6782 5.2
    endloop
  endfacet
  facet normal 0 0 1
    outer loop
      vertex 60.759 28.1218 5.2
      vertex 62.8358 28.6782 5.2
      vertex 62.809 28.8129 5.2
    endloop
  endfacet
  facet normal 0 0 1
    outer loop
      vertex 63.4482 27.9799 5.2
      vertex 62.6254 25.9936 5.2
      vertex 63.0218 25.859 5.2
    endloop
  endfacet
  facet normal 0 0 1
    outer loop
      vertex 60.6774 28.5323 5.2
      vertex 62.809 28.8129 5.2
      vertex 62.8 28.95 5.2
    endloop
  endfacet
  facet normal -0 0 1
    outer loop
      vertex 61.0787 30.55 5.2
      vertex 62.9407 29.475 5.2
      vertex 61.3113 30.898 5.2
    endloop
  endfacet
  facet normal 0 0 1
    outer loop
      vertex 62.9407 29.475 5.2
      vertex 61.0787 30.55 5.2
      vertex 62.8799 29.3518 5.2
    endloop
  endfacet
  facet normal 0 0 1
    outer loop
      vertex 63.325 28.0407 5.2
      vertex 62.25 26.1787 5.2
      vertex 62.6254 25.9936 5.2
    endloop
  endfacet
  facet normal -0 0 1
    outer loop
      vertex 60.8936 30.1746 5.2
      vertex 62.8799 29.3518 5.2
      vertex 61.0787 30.55 5.2
    endloop
  endfacet
  facet normal 0 0 1
    outer loop
      vertex 63.2108 28.117 5.2
      vertex 61.902 26.4113 5.2
      vertex 62.25 26.1787 5.2
    endloop
  endfacet
  facet normal 0 0 1
    outer loop
      vertex 62.8799 29.3518 5.2
      vertex 60.8936 30.1746 5.2
      vertex 62.8358 29.2218 5.2
    endloop
  endfacet
  facet normal 0 0 1
    outer loop
      vertex 63.1075 28.2075 5.2
      vertex 61.5873 26.6873 5.2
      vertex 61.902 26.4113 5.2
    endloop
  endfacet
  facet normal -0 0 1
    outer loop
      vertex 60.759 29.7782 5.2
      vertex 62.8358 29.2218 5.2
      vertex 60.8936 30.1746 5.2
    endloop
  endfacet
  facet normal 0 0 1
    outer loop
      vertex 63.017 28.3108 5.2
      vertex 61.3113 27.002 5.2
      vertex 61.5873 26.6873 5.2
    endloop
  endfacet
  facet normal 0 0 1
    outer loop
      vertex 62.8358 29.2218 5.2
      vertex 60.759 29.7782 5.2
      vertex 62.809 29.0871 5.2
    endloop
  endfacet
  facet normal 0 0 1
    outer loop
      vertex 62.9407 28.425 5.2
      vertex 61.0787 27.35 5.2
      vertex 61.3113 27.002 5.2
    endloop
  endfacet
  facet normal -0 0 1
    outer loop
      vertex 60.6774 29.3677 5.2
      vertex 62.809 29.0871 5.2
      vertex 60.759 29.7782 5.2
    endloop
  endfacet
  facet normal 0 0 1
    outer loop
      vertex 62.8799 28.5482 5.2
      vertex 60.8936 27.7254 5.2
      vertex 61.0787 27.35 5.2
    endloop
  endfacet
  facet normal 0 0 1
    outer loop
      vertex 62.809 29.0871 5.2
      vertex 60.6774 29.3677 5.2
      vertex 62.8 28.95 5.2
    endloop
  endfacet
  facet normal 0 0 1
    outer loop
      vertex 62.8358 28.6782 5.2
      vertex 60.759 28.1218 5.2
      vertex 60.8936 27.7254 5.2
    endloop
  endfacet
  facet normal 0 0 1
    outer loop
      vertex 60.65 28.95 5.2
      vertex 62.8 28.95 5.2
      vertex 60.6774 29.3677 5.2
    endloop
  endfacet
  facet normal 0 0 1
    outer loop
      vertex 62.809 28.8129 5.2
      vertex 60.6774 28.5323 5.2
      vertex 60.759 28.1218 5.2
    endloop
  endfacet
  facet normal 0 0 1
    outer loop
      vertex 62.8 28.95 5.2
      vertex 60.65 28.95 5.2
      vertex 60.6774 28.5323 5.2
    endloop
  endfacet
  facet normal -0.194248 -0.980952 0
    outer loop
      vertex 63.9871 29.991 2
      vertex 64.0073 29.987 5.2
      vertex 63.9871 29.991 5.2
    endloop
  endfacet
  facet normal -0.194248 -0.980952 -0
    outer loop
      vertex 64.0073 29.987 5.2
      vertex 63.9871 29.991 2
      vertex 64.0073 29.987 2
    endloop
  endfacet
  facet normal -0.831439 -0.555616 0
    outer loop
      vertex 64.7593 29.475 2
      vertex 64.7033 29.5588 5.2
      vertex 64.7033 29.5588 2
    endloop
  endfacet
  facet normal -0.831439 -0.555616 0
    outer loop
      vertex 64.7033 29.5588 5.2
      vertex 64.7593 29.475 2
      vertex 64.7593 29.475 5.2
    endloop
  endfacet
  facet normal -0.321094 -0.947047 0
    outer loop
      vertex 64.1993 29.9379 2
      vertex 64.2518 29.9201 5.2
      vertex 64.1993 29.9379 5.2
    endloop
  endfacet
  facet normal -0.321094 -0.947047 -0
    outer loop
      vertex 64.2518 29.9201 5.2
      vertex 64.1993 29.9379 2
      vertex 64.2518 29.9201 2
    endloop
  endfacet
  facet normal -0.442549 -0.896744 0
    outer loop
      vertex 64.2518 29.9201 2
      vertex 64.375 29.8593 5.2
      vertex 64.2518 29.9201 5.2
    endloop
  endfacet
  facet normal -0.442549 -0.896744 -0
    outer loop
      vertex 64.375 29.8593 5.2
      vertex 64.2518 29.9201 2
      vertex 64.375 29.8593 2
    endloop
  endfacet
  facet normal -0.896707 -0.442625 0
    outer loop
      vertex 64.8018 29.3889 2
      vertex 64.7593 29.475 5.2
      vertex 64.7593 29.475 2
    endloop
  endfacet
  facet normal -0.896707 -0.442625 0
    outer loop
      vertex 64.7593 29.475 5.2
      vertex 64.8018 29.3889 2
      vertex 64.8018 29.3889 5.2
    endloop
  endfacet
  facet normal 0.0641533 -0.99794 0
    outer loop
      vertex 63.7129 29.991 2
      vertex 63.7269 29.9919 5.2
      vertex 63.7129 29.991 5.2
    endloop
  endfacet
  facet normal 0.0641533 -0.99794 0
    outer loop
      vertex 63.7269 29.9919 5.2
      vertex 63.7129 29.991 2
      vertex 63.7269 29.9919 2
    endloop
  endfacet
  facet normal -0.066519 -0.997785 0
    outer loop
      vertex 63.9616 29.9927 2
      vertex 63.9871 29.991 5.2
      vertex 63.9616 29.9927 5.2
    endloop
  endfacet
  facet normal -0.066519 -0.997785 -0
    outer loop
      vertex 63.9871 29.991 5.2
      vertex 63.9616 29.9927 2
      vertex 63.9871 29.991 2
    endloop
  endfacet
  facet normal -0.894427 0.447214 0
    outer loop
      vertex 64.7593 28.425 2
      vertex 64.7598 28.426 5.2
      vertex 64.7598 28.426 2
    endloop
  endfacet
  facet normal -0.894427 0.447214 0
    outer loop
      vertex 64.7598 28.426 5.2
      vertex 64.7593 28.425 2
      vertex 64.7593 28.425 5.2
    endloop
  endfacet
  facet normal -1 0 0
    outer loop
      vertex 18.83 0 5.9
      vertex 18.83 2 10.6
      vertex 18.83 2 5.9
    endloop
  endfacet
  facet normal -1 -0 0
    outer loop
      vertex 18.83 2 10.6
      vertex 18.83 0 5.9
      vertex 18.83 0 10.6
    endloop
  endfacet
  facet normal 0 0 -1
    outer loop
      vertex 10.93 0 10.6
      vertex 18.83 2 10.6
      vertex 18.83 0 10.6
    endloop
  endfacet
  facet normal -0 0 -1
    outer loop
      vertex 18.83 2 10.6
      vertex 10.93 0 10.6
      vertex 10.93 2 10.6
    endloop
  endfacet
  facet normal -0 0 1
    outer loop
      vertex 10.93 2 5.9
      vertex 18.83 0 5.9
      vertex 18.83 2 5.9
    endloop
  endfacet
  facet normal 0 0 1
    outer loop
      vertex 18.83 0 5.9
      vertex 10.93 2 5.9
      vertex 10.93 0 5.9
    endloop
  endfacet
  facet normal 1 -0 0
    outer loop
      vertex 10.93 0 10.6
      vertex 10.93 2 5.9
      vertex 10.93 2 10.6
    endloop
  endfacet
  facet normal 1 0 0
    outer loop
      vertex 10.93 2 5.9
      vertex 10.93 0 10.6
      vertex 10.93 0 5.9
    endloop
  endfacet
  facet normal -1 0 0
    outer loop
      vertex 49.19 0 5.4
      vertex 49.19 2 13
      vertex 49.19 2 5.4
    endloop
  endfacet
  facet normal -1 -0 0
    outer loop
      vertex 49.19 2 13
      vertex 49.19 0 5.4
      vertex 49.19 0 13
    endloop
  endfacet
  facet normal 0 0 -1
    outer loop
      vertex 38.68 0 13
      vertex 49.19 2 13
      vertex 49.19 0 13
    endloop
  endfacet
  facet normal -0 0 -1
    outer loop
      vertex 49.19 2 13
      vertex 38.68 0 13
      vertex 38.68 2 13
    endloop
  endfacet
  facet normal -0 0 1
    outer loop
      vertex 38.68 2 5.4
      vertex 49.19 0 5.4
      vertex 49.19 2 5.4
    endloop
  endfacet
  facet normal 0 0 1
    outer loop
      vertex 49.19 0 5.4
      vertex 38.68 2 5.4
      vertex 38.68 0 5.4
    endloop
  endfacet
  facet normal 1 -0 0
    outer loop
      vertex 38.68 0 13
      vertex 38.68 2 5.4
      vertex 38.68 2 13
    endloop
  endfacet
  facet normal 1 0 0
    outer loop
      vertex 38.68 2 5.4
      vertex 38.68 0 13
      vertex 38.68 0 5.4
    endloop
  endfacet
  facet normal -1 0 0
    outer loop
      vertex 61.65 0 5.4
      vertex 61.65 2 13
      vertex 61.65 2 5.4
    endloop
  endfacet
  facet normal -1 -0 0
    outer loop
      vertex 61.65 2 13
      vertex 61.65 0 5.4
      vertex 61.65 0 13
    endloop
  endfacet
  facet normal 0 0 -1
    outer loop
      vertex 51.26 0 13
      vertex 61.65 2 13
      vertex 61.65 0 13
    endloop
  endfacet
  facet normal -0 0 -1
    outer loop
      vertex 61.65 2 13
      vertex 51.26 0 13
      vertex 51.26 2 13
    endloop
  endfacet
  facet normal -0 0 1
    outer loop
      vertex 51.26 2 5.4
      vertex 61.65 0 5.4
      vertex 61.65 2 5.4
    endloop
  endfacet
  facet normal 0 0 1
    outer loop
      vertex 61.65 0 5.4
      vertex 51.26 2 5.4
      vertex 51.26 0 5.4
    endloop
  endfacet
  facet normal 1 -0 0
    outer loop
      vertex 51.26 0 13
      vertex 51.26 2 5.4
      vertex 51.26 2 13
    endloop
  endfacet
  facet normal 1 0 0
    outer loop
      vertex 51.26 2 5.4
      vertex 51.26 0 13
      vertex 51.26 0 5.4
    endloop
  endfacet
  facet normal -1 0 0
    outer loop
      vertex 34.55 10.85 0
      vertex 34.55 12.45 2
      vertex 34.55 12.45 0
    endloop
  endfacet
  facet normal -1 -0 0
    outer loop
      vertex 34.55 12.45 2
      vertex 34.55 10.85 0
      vertex 34.55 10.85 2
    endloop
  endfacet
  facet normal 1 -0 0
    outer loop
      vertex 16.35 10.85 2
      vertex 16.35 12.45 0
      vertex 16.35 12.45 2
    endloop
  endfacet
  facet normal 1 0 0
    outer loop
      vertex 16.35 12.45 0
      vertex 16.35 10.85 2
      vertex 16.35 10.85 0
    endloop
  endfacet
  facet normal 0 -1 0
    outer loop
      vertex 16.35 12.45 0
      vertex 34.55 12.45 2
      vertex 16.35 12.45 2
    endloop
  endfacet
  facet normal 0 -1 -0
    outer loop
      vertex 34.55 12.45 2
      vertex 16.35 12.45 0
      vertex 34.55 12.45 0
    endloop
  endfacet
  facet normal 0 1 -0
    outer loop
      vertex 34.55 10.85 0
      vertex 16.35 10.85 2
      vertex 34.55 10.85 2
    endloop
  endfacet
  facet normal 0 1 0
    outer loop
      vertex 16.35 10.85 2
      vertex 34.55 10.85 0
      vertex 16.35 10.85 0
    endloop
  endfacet
  facet normal -1 0 0
    outer loop
      vertex 34.55 14.05 0
      vertex 34.55 15.65 2
      vertex 34.55 15.65 0
    endloop
  endfacet
  facet normal -1 -0 0
    outer loop
      vertex 34.55 15.65 2
      vertex 34.55 14.05 0
      vertex 34.55 14.05 2
    endloop
  endfacet
  facet normal 1 -0 0
    outer loop
      vertex 16.35 14.05 2
      vertex 16.35 15.65 0
      vertex 16.35 15.65 2
    endloop
  endfacet
  facet normal 1 0 0
    outer loop
      vertex 16.35 15.65 0
      vertex 16.35 14.05 2
      vertex 16.35 14.05 0
    endloop
  endfacet
  facet normal 0 -1 0
    outer loop
      vertex 16.35 15.65 0
      vertex 34.55 15.65 2
      vertex 16.35 15.65 2
    endloop
  endfacet
  facet normal 0 -1 -0
    outer loop
      vertex 34.55 15.65 2
      vertex 16.35 15.65 0
      vertex 34.55 15.65 0
    endloop
  endfacet
  facet normal 0 1 -0
    outer loop
      vertex 34.55 14.05 0
      vertex 16.35 14.05 2
      vertex 34.55 14.05 2
    endloop
  endfacet
  facet normal 0 1 0
    outer loop
      vertex 16.35 14.05 2
      vertex 34.55 14.05 0
      vertex 16.35 14.05 0
    endloop
  endfacet
  facet normal -1 0 0
    outer loop
      vertex 34.55 17.25 0
      vertex 34.55 18.85 2
      vertex 34.55 18.85 0
    endloop
  endfacet
  facet normal -1 -0 0
    outer loop
      vertex 34.55 18.85 2
      vertex 34.55 17.25 0
      vertex 34.55 17.25 2
    endloop
  endfacet
  facet normal 1 -0 0
    outer loop
      vertex 16.35 17.25 2
      vertex 16.35 18.85 0
      vertex 16.35 18.85 2
    endloop
  endfacet
  facet normal 1 0 0
    outer loop
      vertex 16.35 18.85 0
      vertex 16.35 17.25 2
      vertex 16.35 17.25 0
    endloop
  endfacet
  facet normal 0 -1 0
    outer loop
      vertex 16.35 18.85 0
      vertex 34.55 18.85 2
      vertex 16.35 18.85 2
    endloop
  endfacet
  facet normal 0 -1 -0
    outer loop
      vertex 34.55 18.85 2
      vertex 16.35 18.85 0
      vertex 34.55 18.85 0
    endloop
  endfacet
  facet normal 0 1 -0
    outer loop
      vertex 34.55 17.25 0
      vertex 16.35 17.25 2
      vertex 34.55 17.25 2
    endloop
  endfacet
  facet normal 0 1 0
    outer loop
      vertex 16.35 17.25 2
      vertex 34.55 17.25 0
      vertex 16.35 17.25 0
    endloop
  endfacet
  facet normal -1 0 0
    outer loop
      vertex 34.55 20.45 0
      vertex 34.55 22.05 2
      vertex 34.55 22.05 0
    endloop
  endfacet
  facet normal -1 -0 0
    outer loop
      vertex 34.55 22.05 2
      vertex 34.55 20.45 0
      vertex 34.55 20.45 2
    endloop
  endfacet
  facet normal 1 -0 0
    outer loop
      vertex 16.35 20.45 2
      vertex 16.35 22.05 0
      vertex 16.35 22.05 2
    endloop
  endfacet
  facet normal 1 0 0
    outer loop
      vertex 16.35 22.05 0
      vertex 16.35 20.45 2
      vertex 16.35 20.45 0
    endloop
  endfacet
  facet normal 0 -1 0
    outer loop
      vertex 16.35 22.05 0
      vertex 34.55 22.05 2
      vertex 16.35 22.05 2
    endloop
  endfacet
  facet normal 0 -1 -0
    outer loop
      vertex 34.55 22.05 2
      vertex 16.35 22.05 0
      vertex 34.55 22.05 0
    endloop
  endfacet
  facet normal 0 1 -0
    outer loop
      vertex 34.55 20.45 0
      vertex 16.35 20.45 2
      vertex 34.55 20.45 2
    endloop
  endfacet
  facet normal 0 1 0
    outer loop
      vertex 16.35 20.45 2
      vertex 34.55 20.45 0
      vertex 16.35 20.45 0
    endloop
  endfacet
  facet normal -0.98078 -0.195118 0
    outer loop
      vertex 7.01422 6.32176 0
      vertex 7.03566 6.21399 2
      vertex 7.01422 6.32176 2
    endloop
  endfacet
  facet normal -0.980779 -0.195122 -1.95122e-07
    outer loop
      vertex 7.04102 6.18705 0
      vertex 7.03566 6.21399 2
      vertex 7.01422 6.32176 0
    endloop
  endfacet
  facet normal -0.980776 -0.195136 -0
    outer loop
      vertex 7.04102 6.18705 5.2
      vertex 7.03566 6.21399 2
      vertex 7.04102 6.18705 0
    endloop
  endfacet
  facet normal -0.980776 -0.195136 0
    outer loop
      vertex 7.03566 6.21399 2
      vertex 7.04102 6.18705 5.2
      vertex 7.03566 6.21399 5.2
    endloop
  endfacet
  facet normal -0.997874 -0.0651658 0
    outer loop
      vertex 7.04102 6.18705 0
      vertex 7.04281 6.15964 2
      vertex 7.04102 6.18705 5.2
    endloop
  endfacet
  facet normal -0.99786 -0.0653833 -2.99358e-06
    outer loop
      vertex 7.05 6.05 0
      vertex 7.04281 6.15964 2
      vertex 7.04102 6.18705 0
    endloop
  endfacet
  facet normal -0.997857 -0.0654377 0
    outer loop
      vertex 7.04281 6.15964 2
      vertex 7.05 6.05 0
      vertex 7.05 6.05 2
    endloop
  endfacet
  facet normal 0 0 0
    outer loop
      vertex 7.05 6.05 5.2
      vertex 7.05 6.05 2
      vertex 7.05 6.05 0
    endloop
  endfacet
  facet normal -0.997874 -0.0651658 0
    outer loop
      vertex 7.04102 6.18705 5.2
      vertex 7.04281 6.15964 2
      vertex 7.04281 6.15964 5.2
    endloop
  endfacet
  facet normal -0.946921 -0.321465 0
    outer loop
      vertex 6.97007 6.45182 0
      vertex 6.9789 6.42581 2
      vertex 6.97007 6.45182 5.2
    endloop
  endfacet
  facet normal -0.946929 -0.321443 3.21443e-07
    outer loop
      vertex 7.01422 6.32176 0
      vertex 6.9789 6.42581 2
      vertex 6.97007 6.45182 0
    endloop
  endfacet
  facet normal -0.946931 -0.321438 0
    outer loop
      vertex 6.9789 6.42581 2
      vertex 7.01422 6.32176 0
      vertex 7.01422 6.32176 2
    endloop
  endfacet
  facet normal -0.946921 -0.321465 0
    outer loop
      vertex 6.97007 6.45182 5.2
      vertex 6.9789 6.42581 2
      vertex 6.9789 6.42581 5.2
    endloop
  endfacet
  facet normal -0.751827 -0.65936 0
    outer loop
      vertex 6.83302 6.6892 0
      vertex 6.74246 6.79246 5.2
      vertex 6.74246 6.79246 0
    endloop
  endfacet
  facet normal -0.751827 -0.65936 0
    outer loop
      vertex 6.74246 6.79246 5.2
      vertex 6.83302 6.6892 0
      vertex 6.83302 6.6892 5.2
    endloop
  endfacet
  facet normal -0.831456 -0.55559 0
    outer loop
      vertex 6.90933 6.575 0
      vertex 6.83302 6.6892 5.2
      vertex 6.83302 6.6892 0
    endloop
  endfacet
  facet normal -0.831456 -0.55559 0
    outer loop
      vertex 6.83302 6.6892 5.2
      vertex 6.90933 6.575 0
      vertex 6.90933 6.575 5.2
    endloop
  endfacet
  facet normal -0.442401 -0.896817 0
    outer loop
      vertex 6.40182 7.02007 5.2
      vertex 6.42645 7.00792 2
      vertex 6.42645 7.00792 5.2
    endloop
  endfacet
  facet normal -0.442401 -0.896817 0
    outer loop
      vertex 6.40182 7.02007 0
      vertex 6.42645 7.00792 2
      vertex 6.40182 7.02007 5.2
    endloop
  endfacet
  facet normal -0.442256 -0.896889 -2.22366e-06
    outer loop
      vertex 6.525 6.95933 0
      vertex 6.42645 7.00792 2
      vertex 6.40182 7.02007 0
    endloop
  endfacet
  facet normal -0.442219 -0.896907 0
    outer loop
      vertex 6.42645 7.00792 2
      vertex 6.525 6.95933 0
      vertex 6.525 6.95933 2
    endloop
  endfacet
  facet normal -0.321443 -0.946929 0
    outer loop
      vertex 6.27176 7.06422 0
      vertex 6.40182 7.02007 5.2
      vertex 6.27176 7.06422 5.2
    endloop
  endfacet
  facet normal -0.321443 -0.946929 -0
    outer loop
      vertex 6.40182 7.02007 5.2
      vertex 6.27176 7.06422 0
      vertex 6.40182 7.02007 0
    endloop
  endfacet
  facet normal -0.980779 0.195122 0
    outer loop
      vertex 7.01422 5.77824 0
      vertex 7.04102 5.91295 5.2
      vertex 7.04102 5.91295 0
    endloop
  endfacet
  facet normal -0.980779 0.195122 0
    outer loop
      vertex 7.04102 5.91295 5.2
      vertex 7.01422 5.77824 0
      vertex 7.01422 5.77824 5.2
    endloop
  endfacet
  facet normal -0.0653833 0.99786 0
    outer loop
      vertex 6.13705 5.00898 0
      vertex 6 5 5.2
      vertex 6.13705 5.00898 5.2
    endloop
  endfacet
  facet normal -0.0653833 0.99786 0
    outer loop
      vertex 6 5 5.2
      vertex 6.13705 5.00898 0
      vertex 6 5 0
    endloop
  endfacet
  facet normal -0.195122 -0.980779 0
    outer loop
      vertex 6.13705 7.09102 0
      vertex 6.27176 7.06422 5.2
      vertex 6.13705 7.09102 5.2
    endloop
  endfacet
  facet normal -0.195122 -0.980779 -0
    outer loop
      vertex 6.27176 7.06422 5.2
      vertex 6.13705 7.09102 0
      vertex 6.27176 7.06422 0
    endloop
  endfacet
  facet normal -0.99786 0.0653833 0
    outer loop
      vertex 7.04102 5.91295 0
      vertex 7.05 6.05 5.2
      vertex 7.05 6.05 0
    endloop
  endfacet
  facet normal -0.99786 0.0653833 0
    outer loop
      vertex 7.05 6.05 5.2
      vertex 7.04102 5.91295 0
      vertex 7.04102 5.91295 5.2
    endloop
  endfacet
  facet normal -0.896889 -0.442256 0
    outer loop
      vertex 6.97007 6.45182 0
      vertex 6.90933 6.575 5.2
      vertex 6.90933 6.575 0
    endloop
  endfacet
  facet normal -0.896889 -0.442256 0
    outer loop
      vertex 6.90933 6.575 5.2
      vertex 6.97007 6.45182 0
      vertex 6.97007 6.45182 5.2
    endloop
  endfacet
  facet normal 0.195122 0.980779 -0
    outer loop
      vertex 5.86295 5.00898 0
      vertex 5.72824 5.03578 5.2
      vertex 5.86295 5.00898 5.2
    endloop
  endfacet
  facet normal 0.195122 0.980779 0
    outer loop
      vertex 5.72824 5.03578 5.2
      vertex 5.86295 5.00898 0
      vertex 5.72824 5.03578 0
    endloop
  endfacet
  facet normal 0.751827 -0.65936 0
    outer loop
      vertex 5.16698 6.6892 5.2
      vertex 5.25754 6.79246 0
      vertex 5.25754 6.79246 5.2
    endloop
  endfacet
  facet normal 0.751827 -0.65936 0
    outer loop
      vertex 5.25754 6.79246 0
      vertex 5.16698 6.6892 5.2
      vertex 5.16698 6.6892 0
    endloop
  endfacet
  facet normal -0.442256 0.896889 0
    outer loop
      vertex 6.525 5.14067 0
      vertex 6.40182 5.07993 5.2
      vertex 6.525 5.14067 5.2
    endloop
  endfacet
  facet normal -0.442256 0.896889 0
    outer loop
      vertex 6.40182 5.07993 5.2
      vertex 6.525 5.14067 0
      vertex 6.40182 5.07993 0
    endloop
  endfacet
  facet normal -0.0653833 -0.99786 0
    outer loop
      vertex 6 7.1 0
      vertex 6.13705 7.09102 5.2
      vertex 6 7.1 5.2
    endloop
  endfacet
  facet normal -0.0653833 -0.99786 -0
    outer loop
      vertex 6.13705 7.09102 5.2
      vertex 6 7.1 0
      vertex 6.13705 7.09102 0
    endloop
  endfacet
  facet normal -0.195122 0.980779 0
    outer loop
      vertex 6.27176 5.03578 0
      vertex 6.13705 5.00898 5.2
      vertex 6.27176 5.03578 5.2
    endloop
  endfacet
  facet normal -0.195122 0.980779 0
    outer loop
      vertex 6.13705 5.00898 5.2
      vertex 6.27176 5.03578 0
      vertex 6.13705 5.00898 0
    endloop
  endfacet
  facet normal -0.55559 0.831456 0
    outer loop
      vertex 6.6392 5.21698 0
      vertex 6.525 5.14067 5.2
      vertex 6.6392 5.21698 5.2
    endloop
  endfacet
  facet normal -0.55559 0.831456 0
    outer loop
      vertex 6.525 5.14067 5.2
      vertex 6.6392 5.21698 0
      vertex 6.525 5.14067 0
    endloop
  endfacet
  facet normal 0.442272 -0.896881 0
    outer loop
      vertex 5.475 6.95933 2
      vertex 5.475 6.95933 0
      vertex 5.5128 6.97797 2
    endloop
  endfacet
  facet normal 0.442248 -0.896893 0
    outer loop
      vertex 5.5128 6.97797 2
      vertex 5.59818 7.02007 5.2
      vertex 5.5128 6.97797 5.2
    endloop
  endfacet
  facet normal 0.442256 -0.896889 3.75706e-07
    outer loop
      vertex 5.59818 7.02007 0
      vertex 5.5128 6.97797 2
      vertex 5.475 6.95933 0
    endloop
  endfacet
  facet normal 0.442248 -0.896893 0
    outer loop
      vertex 5.5128 6.97797 2
      vertex 5.59818 7.02007 0
      vertex 5.59818 7.02007 5.2
    endloop
  endfacet
  facet normal -0.831456 0.55559 0
    outer loop
      vertex 6.83302 5.4108 0
      vertex 6.90933 5.525 5.2
      vertex 6.90933 5.525 0
    endloop
  endfacet
  facet normal -0.831456 0.55559 0
    outer loop
      vertex 6.90933 5.525 5.2
      vertex 6.83302 5.4108 0
      vertex 6.83302 5.4108 5.2
    endloop
  endfacet
  facet normal 0.99786 0.0653833 0
    outer loop
      vertex 4.95898 5.91295 5.2
      vertex 4.95 6.05 0
      vertex 4.95 6.05 5.2
    endloop
  endfacet
  facet normal 0.99786 0.0653833 0
    outer loop
      vertex 4.95 6.05 0
      vertex 4.95898 5.91295 5.2
      vertex 4.95898 5.91295 0
    endloop
  endfacet
  facet normal -0.555603 -0.831448 -0
    outer loop
      vertex 6.525 6.95933 2
      vertex 6.525 6.95933 0
      vertex 6.61636 6.89828 2
    endloop
  endfacet
  facet normal -0.55554 -0.83149 0
    outer loop
      vertex 6.61636 6.89828 2
      vertex 6.6392 6.88302 5.2
      vertex 6.61636 6.89828 5.2
    endloop
  endfacet
  facet normal -0.55554 -0.83149 0
    outer loop
      vertex 6.61636 6.89828 2
      vertex 6.6392 6.88302 0
      vertex 6.6392 6.88302 5.2
    endloop
  endfacet
  facet normal -0.55559 -0.831456 -8.31456e-07
    outer loop
      vertex 6.6392 6.88302 0
      vertex 6.61636 6.89828 2
      vertex 6.525 6.95933 0
    endloop
  endfacet
  facet normal 0.946929 0.321443 0
    outer loop
      vertex 5.02993 5.64818 5.2
      vertex 4.98578 5.77824 0
      vertex 4.98578 5.77824 5.2
    endloop
  endfacet
  facet normal 0.946929 0.321443 0
    outer loop
      vertex 4.98578 5.77824 0
      vertex 5.02993 5.64818 5.2
      vertex 5.02993 5.64818 0
    endloop
  endfacet
  facet normal 0.896889 0.442256 0
    outer loop
      vertex 5.09067 5.525 5.2
      vertex 5.02993 5.64818 0
      vertex 5.02993 5.64818 5.2
    endloop
  endfacet
  facet normal 0.896889 0.442256 0
    outer loop
      vertex 5.02993 5.64818 0
      vertex 5.09067 5.525 5.2
      vertex 5.09067 5.525 0
    endloop
  endfacet
  facet normal -0.65936 -0.751827 0
    outer loop
      vertex 6.6392 6.88302 0
      vertex 6.74246 6.79246 5.2
      vertex 6.6392 6.88302 5.2
    endloop
  endfacet
  facet normal -0.65936 -0.751827 -0
    outer loop
      vertex 6.74246 6.79246 5.2
      vertex 6.6392 6.88302 0
      vertex 6.74246 6.79246 0
    endloop
  endfacet
  facet normal 0.555571 -0.831469 0
    outer loop
      vertex 5.3608 6.88302 5.2
      vertex 5.45995 6.94927 2
      vertex 5.45995 6.94927 5.2
    endloop
  endfacet
  facet normal 0.555571 -0.831469 0
    outer loop
      vertex 5.3608 6.88302 0
      vertex 5.45995 6.94927 2
      vertex 5.3608 6.88302 5.2
    endloop
  endfacet
  facet normal 0.55559 -0.831456 -1.407e-06
    outer loop
      vertex 5.475 6.95933 0
      vertex 5.45995 6.94927 2
      vertex 5.3608 6.88302 0
    endloop
  endfacet
  facet normal 0.55572 -0.83137 0
    outer loop
      vertex 5.45995 6.94927 2
      vertex 5.475 6.95933 0
      vertex 5.475 6.95933 2
    endloop
  endfacet
  facet normal 0.321443 0.946929 -0
    outer loop
      vertex 5.72824 5.03578 0
      vertex 5.59818 5.07993 5.2
      vertex 5.72824 5.03578 5.2
    endloop
  endfacet
  facet normal 0.321443 0.946929 0
    outer loop
      vertex 5.59818 5.07993 5.2
      vertex 5.72824 5.03578 0
      vertex 5.59818 5.07993 0
    endloop
  endfacet
  facet normal 0.321443 -0.946929 0
    outer loop
      vertex 5.59818 7.02007 0
      vertex 5.72824 7.06422 5.2
      vertex 5.59818 7.02007 5.2
    endloop
  endfacet
  facet normal 0.321443 -0.946929 0
    outer loop
      vertex 5.72824 7.06422 5.2
      vertex 5.59818 7.02007 0
      vertex 5.72824 7.06422 0
    endloop
  endfacet
  facet normal 0.195122 -0.980779 0
    outer loop
      vertex 5.72824 7.06422 0
      vertex 5.86295 7.09102 5.2
      vertex 5.72824 7.06422 5.2
    endloop
  endfacet
  facet normal 0.195122 -0.980779 0
    outer loop
      vertex 5.86295 7.09102 5.2
      vertex 5.72824 7.06422 0
      vertex 5.86295 7.09102 0
    endloop
  endfacet
  facet normal -0.321443 0.946929 0
    outer loop
      vertex 6.40182 5.07993 0
      vertex 6.27176 5.03578 5.2
      vertex 6.40182 5.07993 5.2
    endloop
  endfacet
  facet normal -0.321443 0.946929 0
    outer loop
      vertex 6.27176 5.03578 5.2
      vertex 6.40182 5.07993 0
      vertex 6.27176 5.03578 0
    endloop
  endfacet
  facet normal 0.0653833 0.99786 -0
    outer loop
      vertex 6 5 0
      vertex 5.86295 5.00898 5.2
      vertex 6 5 5.2
    endloop
  endfacet
  facet normal 0.0653833 0.99786 0
    outer loop
      vertex 5.86295 5.00898 5.2
      vertex 6 5 0
      vertex 5.86295 5.00898 0
    endloop
  endfacet
  facet normal 0.831456 -0.55559 0
    outer loop
      vertex 5.09067 6.575 5.2
      vertex 5.16698 6.6892 0
      vertex 5.16698 6.6892 5.2
    endloop
  endfacet
  facet normal 0.831456 -0.55559 0
    outer loop
      vertex 5.16698 6.6892 0
      vertex 5.09067 6.575 5.2
      vertex 5.09067 6.575 0
    endloop
  endfacet
  facet normal 0.65936 0.751827 -0
    outer loop
      vertex 5.3608 5.21698 0
      vertex 5.25754 5.30754 5.2
      vertex 5.3608 5.21698 5.2
    endloop
  endfacet
  facet normal 0.65936 0.751827 0
    outer loop
      vertex 5.25754 5.30754 5.2
      vertex 5.3608 5.21698 0
      vertex 5.25754 5.30754 0
    endloop
  endfacet
  facet normal 0.751827 0.65936 0
    outer loop
      vertex 5.25754 5.30754 5.2
      vertex 5.16698 5.4108 0
      vertex 5.16698 5.4108 5.2
    endloop
  endfacet
  facet normal 0.751827 0.65936 0
    outer loop
      vertex 5.16698 5.4108 0
      vertex 5.25754 5.30754 5.2
      vertex 5.25754 5.30754 0
    endloop
  endfacet
  facet normal 0.831456 0.55559 0
    outer loop
      vertex 5.16698 5.4108 5.2
      vertex 5.09067 5.525 0
      vertex 5.09067 5.525 5.2
    endloop
  endfacet
  facet normal 0.831456 0.55559 0
    outer loop
      vertex 5.09067 5.525 0
      vertex 5.16698 5.4108 5.2
      vertex 5.16698 5.4108 0
    endloop
  endfacet
  facet normal 0.442256 0.896889 -0
    outer loop
      vertex 5.59818 5.07993 0
      vertex 5.475 5.14067 5.2
      vertex 5.59818 5.07993 5.2
    endloop
  endfacet
  facet normal 0.442256 0.896889 0
    outer loop
      vertex 5.475 5.14067 5.2
      vertex 5.59818 5.07993 0
      vertex 5.475 5.14067 0
    endloop
  endfacet
  facet normal 0.65936 -0.751827 0
    outer loop
      vertex 5.25754 6.79246 0
      vertex 5.3608 6.88302 5.2
      vertex 5.25754 6.79246 5.2
    endloop
  endfacet
  facet normal 0.65936 -0.751827 0
    outer loop
      vertex 5.3608 6.88302 5.2
      vertex 5.25754 6.79246 0
      vertex 5.3608 6.88302 0
    endloop
  endfacet
  facet normal -0.946929 0.321443 0
    outer loop
      vertex 6.97007 5.64818 0
      vertex 7.01422 5.77824 5.2
      vertex 7.01422 5.77824 0
    endloop
  endfacet
  facet normal -0.946929 0.321443 0
    outer loop
      vertex 7.01422 5.77824 5.2
      vertex 6.97007 5.64818 0
      vertex 6.97007 5.64818 5.2
    endloop
  endfacet
  facet normal 0.99786 -0.0653833 0
    outer loop
      vertex 4.95 6.05 5.2
      vertex 4.95898 6.18705 0
      vertex 4.95898 6.18705 5.2
    endloop
  endfacet
  facet normal 0.99786 -0.0653833 0
    outer loop
      vertex 4.95898 6.18705 0
      vertex 4.95 6.05 5.2
      vertex 4.95 6.05 0
    endloop
  endfacet
  facet normal 0.980779 0.195122 0
    outer loop
      vertex 4.98578 5.77824 5.2
      vertex 4.95898 5.91295 0
      vertex 4.95898 5.91295 5.2
    endloop
  endfacet
  facet normal 0.980779 0.195122 0
    outer loop
      vertex 4.95898 5.91295 0
      vertex 4.98578 5.77824 5.2
      vertex 4.98578 5.77824 0
    endloop
  endfacet
  facet normal 0.946929 -0.321443 0
    outer loop
      vertex 4.98578 6.32176 5.2
      vertex 5.02993 6.45182 0
      vertex 5.02993 6.45182 5.2
    endloop
  endfacet
  facet normal 0.946929 -0.321443 0
    outer loop
      vertex 5.02993 6.45182 0
      vertex 4.98578 6.32176 5.2
      vertex 4.98578 6.32176 0
    endloop
  endfacet
  facet normal 0.980779 -0.195122 0
    outer loop
      vertex 4.95898 6.18705 5.2
      vertex 4.98578 6.32176 0
      vertex 4.98578 6.32176 5.2
    endloop
  endfacet
  facet normal 0.980779 -0.195122 0
    outer loop
      vertex 4.98578 6.32176 0
      vertex 4.95898 6.18705 5.2
      vertex 4.95898 6.18705 0
    endloop
  endfacet
  facet normal 0.0653833 -0.99786 0
    outer loop
      vertex 5.86295 7.09102 0
      vertex 6 7.1 5.2
      vertex 5.86295 7.09102 5.2
    endloop
  endfacet
  facet normal 0.0653833 -0.99786 0
    outer loop
      vertex 6 7.1 5.2
      vertex 5.86295 7.09102 0
      vertex 6 7.1 0
    endloop
  endfacet
  facet normal -0.896889 0.442256 0
    outer loop
      vertex 6.90933 5.525 0
      vertex 6.97007 5.64818 5.2
      vertex 6.97007 5.64818 0
    endloop
  endfacet
  facet normal -0.896889 0.442256 0
    outer loop
      vertex 6.97007 5.64818 5.2
      vertex 6.90933 5.525 0
      vertex 6.90933 5.525 5.2
    endloop
  endfacet
  facet normal 0.896889 -0.442256 0
    outer loop
      vertex 5.02993 6.45182 5.2
      vertex 5.09067 6.575 0
      vertex 5.09067 6.575 5.2
    endloop
  endfacet
  facet normal 0.896889 -0.442256 0
    outer loop
      vertex 5.09067 6.575 0
      vertex 5.02993 6.45182 5.2
      vertex 5.02993 6.45182 0
    endloop
  endfacet
  facet normal 0.55559 0.831456 -0
    outer loop
      vertex 5.475 5.14067 0
      vertex 5.3608 5.21698 5.2
      vertex 5.475 5.14067 5.2
    endloop
  endfacet
  facet normal 0.55559 0.831456 0
    outer loop
      vertex 5.3608 5.21698 5.2
      vertex 5.475 5.14067 0
      vertex 5.3608 5.21698 0
    endloop
  endfacet
  facet normal -0.65936 0.751827 0
    outer loop
      vertex 6.74246 5.30754 0
      vertex 6.6392 5.21698 5.2
      vertex 6.74246 5.30754 5.2
    endloop
  endfacet
  facet normal -0.65936 0.751827 0
    outer loop
      vertex 6.6392 5.21698 5.2
      vertex 6.74246 5.30754 0
      vertex 6.6392 5.21698 0
    endloop
  endfacet
  facet normal -0.751827 0.65936 0
    outer loop
      vertex 6.74246 5.30754 0
      vertex 6.83302 5.4108 5.2
      vertex 6.83302 5.4108 0
    endloop
  endfacet
  facet normal -0.751827 0.65936 0
    outer loop
      vertex 6.83302 5.4108 5.2
      vertex 6.74246 5.30754 0
      vertex 6.74246 5.30754 5.2
    endloop
  endfacet
  facet normal -0.321117 -0.94704 0
    outer loop
      vertex 6.32176 29.9142 0
      vertex 6.45182 29.8701 5.2
      vertex 6.32176 29.9142 5.2
    endloop
  endfacet
  facet normal -0.321117 -0.94704 -0
    outer loop
      vertex 6.45182 29.8701 5.2
      vertex 6.32176 29.9142 0
      vertex 6.45182 29.8701 0
    endloop
  endfacet
  facet normal -0.980776 -0.195136 0
    outer loop
      vertex 7.09102 29.0371 0
      vertex 7.06422 29.1718 5.2
      vertex 7.06422 29.1718 0
    endloop
  endfacet
  facet normal -0.980776 -0.195136 0
    outer loop
      vertex 7.06422 29.1718 5.2
      vertex 7.09102 29.0371 0
      vertex 7.09102 29.0371 5.2
    endloop
  endfacet
  facet normal -0.997862 -0.0653596 0
    outer loop
      vertex 7.1 28.9 0
      vertex 7.09102 29.0371 5.2
      vertex 7.09102 29.0371 0
    endloop
  endfacet
  facet normal -0.997862 -0.0653596 0
    outer loop
      vertex 7.09102 29.0371 5.2
      vertex 7.1 28.9 0
      vertex 7.1 28.9 5.2
    endloop
  endfacet
  facet normal -0.946884 -0.321576 0
    outer loop
      vertex 7.06422 29.1718 0
      vertex 7.02007 29.3018 5.2
      vertex 7.02007 29.3018 0
    endloop
  endfacet
  facet normal -0.946884 -0.321576 0
    outer loop
      vertex 7.02007 29.3018 5.2
      vertex 7.06422 29.1718 0
      vertex 7.06422 29.1718 5.2
    endloop
  endfacet
  facet normal -0.442791 -0.896625 0
    outer loop
      vertex 6.45182 29.8701 5.2
      vertex 6.53788 29.8276 2
      vertex 6.53788 29.8276 5.2
    endloop
  endfacet
  facet normal -0.442791 -0.896625 0
    outer loop
      vertex 6.45182 29.8701 0
      vertex 6.53788 29.8276 2
      vertex 6.45182 29.8701 5.2
    endloop
  endfacet
  facet normal -0.442607 -0.896716 -9.8349e-06
    outer loop
      vertex 6.575 29.8093 0
      vertex 6.53788 29.8276 2
      vertex 6.45182 29.8701 0
    endloop
  endfacet
  facet normal -0.442181 -0.896926 0
    outer loop
      vertex 6.53788 29.8276 2
      vertex 6.575 29.8093 0
      vertex 6.575 29.8093 2
    endloop
  endfacet
  facet normal 0.55554 -0.83149 0
    outer loop
      vertex 5.4108 29.733 0
      vertex 5.525 29.8093 5.2
      vertex 5.4108 29.733 5.2
    endloop
  endfacet
  facet normal 0.55554 -0.83149 0
    outer loop
      vertex 5.525 29.8093 5.2
      vertex 5.4108 29.733 0
      vertex 5.525 29.8093 0
    endloop
  endfacet
  facet normal 0.195122 0.980779 -0
    outer loop
      vertex 5.91295 27.859 0
      vertex 5.77824 27.8858 5.2
      vertex 5.91295 27.859 5.2
    endloop
  endfacet
  facet normal 0.195122 0.980779 0
    outer loop
      vertex 5.77824 27.8858 5.2
      vertex 5.91295 27.859 0
      vertex 5.77824 27.8858 0
    endloop
  endfacet
  facet normal -0.442607 0.896716 0
    outer loop
      vertex 6.575 27.9907 0
      vertex 6.45182 27.9299 5.2
      vertex 6.575 27.9907 5.2
    endloop
  endfacet
  facet normal -0.442607 0.896716 0
    outer loop
      vertex 6.45182 27.9299 5.2
      vertex 6.575 27.9907 0
      vertex 6.45182 27.9299 0
    endloop
  endfacet
  facet normal 0.751954 -0.659215 0
    outer loop
      vertex 5.21698 29.5392 5.2
      vertex 5.30754 29.6425 0
      vertex 5.30754 29.6425 5.2
    endloop
  endfacet
  facet normal 0.751954 -0.659215 0
    outer loop
      vertex 5.30754 29.6425 0
      vertex 5.21698 29.5392 5.2
      vertex 5.21698 29.5392 0
    endloop
  endfacet
  facet normal -0.831456 -0.55559 0
    outer loop
      vertex 6.95933 29.425 0
      vertex 6.88302 29.5392 2
      vertex 6.88302 29.5392 0
    endloop
  endfacet
  facet normal -0.831456 -0.55559 0
    outer loop
      vertex 6.88302 29.5392 2
      vertex 6.95933 29.425 0
      vertex 6.95933 29.425 2
    endloop
  endfacet
  facet normal -0.89681 -0.442416 0
    outer loop
      vertex 6.95933 29.425 0
      vertex 7.01991 29.3022 2
      vertex 6.95933 29.425 2
    endloop
  endfacet
  facet normal -0.896918 -0.442198 1.66862e-05
    outer loop
      vertex 7.02007 29.3018 0
      vertex 7.01991 29.3022 2
      vertex 6.95933 29.425 0
    endloop
  endfacet
  facet normal -0.928477 -0.371391 -0
    outer loop
      vertex 7.02007 29.3018 5.2
      vertex 7.01991 29.3022 2
      vertex 7.02007 29.3018 0
    endloop
  endfacet
  facet normal -0.928477 -0.371391 0
    outer loop
      vertex 7.01991 29.3022 2
      vertex 7.02007 29.3018 5.2
      vertex 7.01991 29.3022 5.2
    endloop
  endfacet
  facet normal -0.751803 -0.659388 0
    outer loop
      vertex 6.79246 29.6425 0
      vertex 6.86745 29.557 2
      vertex 6.79246 29.6425 5.2
    endloop
  endfacet
  facet normal -0.751954 -0.659215 1.30555e-05
    outer loop
      vertex 6.88302 29.5392 0
      vertex 6.86745 29.557 2
      vertex 6.79246 29.6425 0
    endloop
  endfacet
  facet normal -0.752681 -0.658385 0
    outer loop
      vertex 6.86745 29.557 2
      vertex 6.88302 29.5392 0
      vertex 6.88302 29.5392 2
    endloop
  endfacet
  facet normal -0.751803 -0.659388 0
    outer loop
      vertex 6.79246 29.6425 5.2
      vertex 6.86745 29.557 2
      vertex 6.86745 29.557 5.2
    endloop
  endfacet
  facet normal 0.831456 0.55559 0
    outer loop
      vertex 5.21698 28.2608 5.2
      vertex 5.14067 28.375 0
      vertex 5.14067 28.375 5.2
    endloop
  endfacet
  facet normal 0.831456 0.55559 0
    outer loop
      vertex 5.14067 28.375 0
      vertex 5.21698 28.2608 5.2
      vertex 5.21698 28.2608 0
    endloop
  endfacet
  facet normal -0.946884 0.321576 0
    outer loop
      vertex 7.02007 28.4982 0
      vertex 7.06422 28.6282 5.2
      vertex 7.06422 28.6282 0
    endloop
  endfacet
  facet normal -0.946884 0.321576 0
    outer loop
      vertex 7.06422 28.6282 5.2
      vertex 7.02007 28.4982 0
      vertex 7.02007 28.4982 5.2
    endloop
  endfacet
  facet normal 0.659113 -0.752044 0
    outer loop
      vertex 5.30754 29.6425 0
      vertex 5.4108 29.733 5.2
      vertex 5.30754 29.6425 5.2
    endloop
  endfacet
  facet normal 0.659113 -0.752044 0
    outer loop
      vertex 5.4108 29.733 5.2
      vertex 5.30754 29.6425 0
      vertex 5.4108 29.733 0
    endloop
  endfacet
  facet normal -0.751954 0.659215 0
    outer loop
      vertex 6.79246 28.1575 0
      vertex 6.88302 28.2608 5.2
      vertex 6.88302 28.2608 0
    endloop
  endfacet
  facet normal -0.751954 0.659215 0
    outer loop
      vertex 6.88302 28.2608 5.2
      vertex 6.79246 28.1575 0
      vertex 6.79246 28.1575 5.2
    endloop
  endfacet
  facet normal 0.0651418 -0.997876 0
    outer loop
      vertex 5.91295 29.941 2
      vertex 5.91295 29.941 0
      vertex 5.95431 29.9437 2
    endloop
  endfacet
  facet normal 0.0656954 -0.99784 0
    outer loop
      vertex 5.95431 29.9437 2
      vertex 6.05 29.95 5.2
      vertex 5.95431 29.9437 5.2
    endloop
  endfacet
  facet normal 0.0655283 -0.997851 -8.02722e-06
    outer loop
      vertex 6.05 29.95 0
      vertex 5.95431 29.9437 2
      vertex 5.91295 29.941 0
    endloop
  endfacet
  facet normal 0.0656954 -0.99784 0
    outer loop
      vertex 5.95431 29.9437 2
      vertex 6.05 29.95 0
      vertex 6.05 29.95 5.2
    endloop
  endfacet
  facet normal -0.321117 0.94704 0
    outer loop
      vertex 6.45182 27.9299 0
      vertex 6.32176 27.8858 5.2
      vertex 6.45182 27.9299 5.2
    endloop
  endfacet
  facet normal -0.321117 0.94704 0
    outer loop
      vertex 6.32176 27.8858 5.2
      vertex 6.45182 27.9299 0
      vertex 6.32176 27.8858 0
    endloop
  endfacet
  facet normal 0.321117 -0.94704 0
    outer loop
      vertex 5.64818 29.8701 0
      vertex 5.77824 29.9142 5.2
      vertex 5.64818 29.8701 5.2
    endloop
  endfacet
  facet normal 0.321117 -0.94704 0
    outer loop
      vertex 5.77824 29.9142 5.2
      vertex 5.64818 29.8701 0
      vertex 5.77824 29.9142 0
    endloop
  endfacet
  facet normal -0.555079 -0.831798 -0
    outer loop
      vertex 6.575 29.8093 2
      vertex 6.575 29.8093 0
      vertex 6.60542 29.789 2
    endloop
  endfacet
  facet normal -0.555707 -0.831378 0
    outer loop
      vertex 6.60542 29.789 2
      vertex 6.6892 29.733 5.2
      vertex 6.60542 29.789 5.2
    endloop
  endfacet
  facet normal -0.55554 -0.83149 1.01424e-05
    outer loop
      vertex 6.6892 29.733 0
      vertex 6.60542 29.789 2
      vertex 6.575 29.8093 0
    endloop
  endfacet
  facet normal -0.555707 -0.831378 0
    outer loop
      vertex 6.60542 29.789 2
      vertex 6.6892 29.733 0
      vertex 6.6892 29.733 5.2
    endloop
  endfacet
  facet normal -0.831313 0.555804 0
    outer loop
      vertex 6.95933 28.375 0
      vertex 6.91868 28.3142 2
      vertex 6.95933 28.375 2
    endloop
  endfacet
  facet normal -0.831456 0.55559 -9.39939e-06
    outer loop
      vertex 6.88302 28.2608 0
      vertex 6.91868 28.3142 2
      vertex 6.95933 28.375 0
    endloop
  endfacet
  facet normal -0.831619 0.555347 0
    outer loop
      vertex 6.88302 28.2608 5.2
      vertex 6.91868 28.3142 2
      vertex 6.88302 28.2608 0
    endloop
  endfacet
  facet normal -0.831619 0.555347 0
    outer loop
      vertex 6.91868 28.3142 2
      vertex 6.88302 28.2608 5.2
      vertex 6.91868 28.3142 5.2
    endloop
  endfacet
  facet normal -0.55554 0.83149 0
    outer loop
      vertex 6.6892 28.067 0
      vertex 6.575 27.9907 5.2
      vertex 6.6892 28.067 5.2
    endloop
  endfacet
  facet normal -0.55554 0.83149 0
    outer loop
      vertex 6.575 27.9907 5.2
      vertex 6.6892 28.067 0
      vertex 6.575 27.9907 0
    endloop
  endfacet
  facet normal 0.980776 -0.195136 0
    outer loop
      vertex 5.00898 29.0371 5.2
      vertex 5.03578 29.1718 0
      vertex 5.03578 29.1718 5.2
    endloop
  endfacet
  facet normal 0.980776 -0.195136 0
    outer loop
      vertex 5.03578 29.1718 0
      vertex 5.00898 29.0371 5.2
      vertex 5.00898 29.0371 0
    endloop
  endfacet
  facet normal 0.980776 0.195136 0
    outer loop
      vertex 5.03578 28.6282 5.2
      vertex 5.00898 28.7629 0
      vertex 5.00898 28.7629 5.2
    endloop
  endfacet
  facet normal 0.980776 0.195136 0
    outer loop
      vertex 5.00898 28.7629 0
      vertex 5.03578 28.6282 5.2
      vertex 5.03578 28.6282 0
    endloop
  endfacet
  facet normal 0.50702 -0.861934 0
    outer loop
      vertex 5.525 29.8093 2
      vertex 5.525 29.8093 0
      vertex 5.52568 29.8097 2
    endloop
  endfacet
  facet normal 0 0 0
    outer loop
      vertex 5.525 29.8093 0
      vertex 5.525 29.8093 2
      vertex 5.525 29.8093 5.2
    endloop
  endfacet
  facet normal 0.442228 -0.896903 0
    outer loop
      vertex 5.52568 29.8097 2
      vertex 5.64818 29.8701 5.2
      vertex 5.52568 29.8097 5.2
    endloop
  endfacet
  facet normal 0.442607 -0.896716 2.88568e-05
    outer loop
      vertex 5.64818 29.8701 0
      vertex 5.52568 29.8097 2
      vertex 5.525 29.8093 0
    endloop
  endfacet
  facet normal 0.442228 -0.896903 0
    outer loop
      vertex 5.52568 29.8097 2
      vertex 5.64818 29.8701 0
      vertex 5.64818 29.8701 5.2
    endloop
  endfacet
  facet normal -0.997862 0.0653596 0
    outer loop
      vertex 7.09102 28.7629 0
      vertex 7.1 28.9 5.2
      vertex 7.1 28.9 0
    endloop
  endfacet
  facet normal -0.997862 0.0653596 0
    outer loop
      vertex 7.1 28.9 5.2
      vertex 7.09102 28.7629 0
      vertex 7.09102 28.7629 5.2
    endloop
  endfacet
  facet normal 0.946884 0.321576 0
    outer loop
      vertex 5.07993 28.4982 5.2
      vertex 5.03578 28.6282 0
      vertex 5.03578 28.6282 5.2
    endloop
  endfacet
  facet normal 0.946884 0.321576 0
    outer loop
      vertex 5.03578 28.6282 0
      vertex 5.07993 28.4982 5.2
      vertex 5.07993 28.4982 0
    endloop
  endfacet
  facet normal -0.195122 0.980779 0
    outer loop
      vertex 6.32176 27.8858 0
      vertex 6.18705 27.859 5.2
      vertex 6.32176 27.8858 5.2
    endloop
  endfacet
  facet normal -0.195122 0.980779 0
    outer loop
      vertex 6.18705 27.859 5.2
      vertex 6.32176 27.8858 0
      vertex 6.18705 27.859 0
    endloop
  endfacet
  facet normal 0.195156 -0.980772 0
    outer loop
      vertex 5.77824 29.9142 5.2
      vertex 5.90589 29.9396 2
      vertex 5.90589 29.9396 5.2
    endloop
  endfacet
  facet normal 0.195156 -0.980772 0
    outer loop
      vertex 5.77824 29.9142 0
      vertex 5.90589 29.9396 2
      vertex 5.77824 29.9142 5.2
    endloop
  endfacet
  facet normal 0.195122 -0.980779 2.23517e-06
    outer loop
      vertex 5.91295 29.941 0
      vertex 5.90589 29.9396 2
      vertex 5.77824 29.9142 0
    endloop
  endfacet
  facet normal 0.194513 -0.9809 0
    outer loop
      vertex 5.90589 29.9396 2
      vertex 5.91295 29.941 0
      vertex 5.91295 29.941 2
    endloop
  endfacet
  facet normal -0.980776 0.195136 0
    outer loop
      vertex 7.06422 28.6282 0
      vertex 7.09102 28.7629 5.2
      vertex 7.09102 28.7629 0
    endloop
  endfacet
  facet normal -0.980776 0.195136 0
    outer loop
      vertex 7.09102 28.7629 5.2
      vertex 7.06422 28.6282 0
      vertex 7.06422 28.6282 5.2
    endloop
  endfacet
  facet normal 0.751954 0.659215 0
    outer loop
      vertex 5.30754 28.1575 5.2
      vertex 5.21698 28.2608 0
      vertex 5.21698 28.2608 5.2
    endloop
  endfacet
  facet normal 0.751954 0.659215 0
    outer loop
      vertex 5.21698 28.2608 0
      vertex 5.30754 28.1575 5.2
      vertex 5.30754 28.1575 0
    endloop
  endfacet
  facet normal 0.946884 -0.321576 0
    outer loop
      vertex 5.03578 29.1718 5.2
      vertex 5.07993 29.3018 0
      vertex 5.07993 29.3018 5.2
    endloop
  endfacet
  facet normal 0.946884 -0.321576 0
    outer loop
      vertex 5.07993 29.3018 0
      vertex 5.03578 29.1718 5.2
      vertex 5.03578 29.1718 0
    endloop
  endfacet
  facet normal -0.659113 -0.752044 0
    outer loop
      vertex 6.6892 29.733 0
      vertex 6.79246 29.6425 5.2
      vertex 6.6892 29.733 5.2
    endloop
  endfacet
  facet normal -0.659113 -0.752044 -0
    outer loop
      vertex 6.79246 29.6425 5.2
      vertex 6.6892 29.733 0
      vertex 6.79246 29.6425 0
    endloop
  endfacet
  facet normal 0.997862 -0.0653596 0
    outer loop
      vertex 5 28.9 5.2
      vertex 5.00898 29.0371 0
      vertex 5.00898 29.0371 5.2
    endloop
  endfacet
  facet normal 0.997862 -0.0653596 0
    outer loop
      vertex 5.00898 29.0371 0
      vertex 5 28.9 5.2
      vertex 5 28.9 0
    endloop
  endfacet
  facet normal -0.0655283 0.997851 0
    outer loop
      vertex 6.18705 27.859 0
      vertex 6.05 27.85 5.2
      vertex 6.18705 27.859 5.2
    endloop
  endfacet
  facet normal -0.0655283 0.997851 0
    outer loop
      vertex 6.05 27.85 5.2
      vertex 6.18705 27.859 0
      vertex 6.05 27.85 0
    endloop
  endfacet
  facet normal 0.0655283 0.997851 -0
    outer loop
      vertex 6.05 27.85 0
      vertex 5.91295 27.859 5.2
      vertex 6.05 27.85 5.2
    endloop
  endfacet
  facet normal 0.0655283 0.997851 0
    outer loop
      vertex 5.91295 27.859 5.2
      vertex 6.05 27.85 0
      vertex 5.91295 27.859 0
    endloop
  endfacet
  facet normal -0.659113 0.752044 0
    outer loop
      vertex 6.79246 28.1575 0
      vertex 6.6892 28.067 5.2
      vertex 6.79246 28.1575 5.2
    endloop
  endfacet
  facet normal -0.659113 0.752044 0
    outer loop
      vertex 6.6892 28.067 5.2
      vertex 6.79246 28.1575 0
      vertex 6.6892 28.067 0
    endloop
  endfacet
  facet normal 0.321117 0.94704 -0
    outer loop
      vertex 5.77824 27.8858 0
      vertex 5.64818 27.9299 5.2
      vertex 5.77824 27.8858 5.2
    endloop
  endfacet
  facet normal 0.321117 0.94704 0
    outer loop
      vertex 5.64818 27.9299 5.2
      vertex 5.77824 27.8858 0
      vertex 5.64818 27.9299 0
    endloop
  endfacet
  facet normal 0.997862 0.0653596 0
    outer loop
      vertex 5.00898 28.7629 5.2
      vertex 5 28.9 0
      vertex 5 28.9 5.2
    endloop
  endfacet
  facet normal 0.997862 0.0653596 0
    outer loop
      vertex 5 28.9 0
      vertex 5.00898 28.7629 5.2
      vertex 5.00898 28.7629 0
    endloop
  endfacet
  facet normal -0.065851 -0.997829 0
    outer loop
      vertex 6.05 29.95 5.2
      vertex 6.13031 29.9447 2
      vertex 6.13031 29.9447 5.2
    endloop
  endfacet
  facet normal -0.065851 -0.997829 0
    outer loop
      vertex 6.05 29.95 0
      vertex 6.13031 29.9447 2
      vertex 6.05 29.95 5.2
    endloop
  endfacet
  facet normal -0.0655283 -0.997851 -1.30147e-05
    outer loop
      vertex 6.18705 29.941 0
      vertex 6.13031 29.9447 2
      vertex 6.05 29.95 0
    endloop
  endfacet
  facet normal -0.0650715 -0.997881 0
    outer loop
      vertex 6.13031 29.9447 2
      vertex 6.18705 29.941 0
      vertex 6.18705 29.941 2
    endloop
  endfacet
  facet normal 0.659113 0.752044 -0
    outer loop
      vertex 5.4108 28.067 0
      vertex 5.30754 28.1575 5.2
      vertex 5.4108 28.067 5.2
    endloop
  endfacet
  facet normal 0.659113 0.752044 0
    outer loop
      vertex 5.30754 28.1575 5.2
      vertex 5.4108 28.067 0
      vertex 5.30754 28.1575 0
    endloop
  endfacet
  facet normal -0.194341 -0.980934 -0
    outer loop
      vertex 6.18705 29.941 2
      vertex 6.18705 29.941 0
      vertex 6.24762 29.929 2
    endloop
  endfacet
  facet normal -0.19576 -0.980652 0
    outer loop
      vertex 6.24762 29.929 2
      vertex 6.32176 29.9142 5.2
      vertex 6.24762 29.929 5.2
    endloop
  endfacet
  facet normal -0.19576 -0.980652 0
    outer loop
      vertex 6.24762 29.929 2
      vertex 6.32176 29.9142 0
      vertex 6.32176 29.9142 5.2
    endloop
  endfacet
  facet normal -0.195122 -0.980779 2.45941e-05
    outer loop
      vertex 6.32176 29.9142 0
      vertex 6.24762 29.929 2
      vertex 6.18705 29.941 0
    endloop
  endfacet
  facet normal -0.89712 0.441786 0
    outer loop
      vertex 7.02007 28.4982 0
      vertex 6.99594 28.4492 2
      vertex 7.02007 28.4982 5.2
    endloop
  endfacet
  facet normal -0.896918 0.442198 1.25365e-05
    outer loop
      vertex 6.95933 28.375 0
      vertex 6.99594 28.4492 2
      vertex 7.02007 28.4982 0
    endloop
  endfacet
  facet normal -0.896784 0.44247 0
    outer loop
      vertex 6.99594 28.4492 2
      vertex 6.95933 28.375 0
      vertex 6.95933 28.375 2
    endloop
  endfacet
  facet normal -0.89712 0.441786 0
    outer loop
      vertex 7.02007 28.4982 5.2
      vertex 6.99594 28.4492 2
      vertex 6.99594 28.4492 5.2
    endloop
  endfacet
  facet normal 0.896918 0.442198 0
    outer loop
      vertex 5.14067 28.375 5.2
      vertex 5.07993 28.4982 0
      vertex 5.07993 28.4982 5.2
    endloop
  endfacet
  facet normal 0.896918 0.442198 0
    outer loop
      vertex 5.07993 28.4982 0
      vertex 5.14067 28.375 5.2
      vertex 5.14067 28.375 0
    endloop
  endfacet
  facet normal 0.896918 -0.442198 0
    outer loop
      vertex 5.07993 29.3018 5.2
      vertex 5.14067 29.425 0
      vertex 5.14067 29.425 5.2
    endloop
  endfacet
  facet normal 0.896918 -0.442198 0
    outer loop
      vertex 5.14067 29.425 0
      vertex 5.07993 29.3018 5.2
      vertex 5.07993 29.3018 0
    endloop
  endfacet
  facet normal 0.831456 -0.55559 0
    outer loop
      vertex 5.14067 29.425 5.2
      vertex 5.21698 29.5392 0
      vertex 5.21698 29.5392 5.2
    endloop
  endfacet
  facet normal 0.831456 -0.55559 0
    outer loop
      vertex 5.21698 29.5392 0
      vertex 5.14067 29.425 5.2
      vertex 5.14067 29.425 0
    endloop
  endfacet
  facet normal 0.55554 0.83149 -0
    outer loop
      vertex 5.525 27.9907 0
      vertex 5.4108 28.067 5.2
      vertex 5.525 27.9907 5.2
    endloop
  endfacet
  facet normal 0.55554 0.83149 0
    outer loop
      vertex 5.4108 28.067 5.2
      vertex 5.525 27.9907 0
      vertex 5.4108 28.067 0
    endloop
  endfacet
  facet normal 0.442607 0.896716 -0
    outer loop
      vertex 5.64818 27.9299 0
      vertex 5.525 27.9907 5.2
      vertex 5.64818 27.9299 5.2
    endloop
  endfacet
  facet normal 0.442607 0.896716 0
    outer loop
      vertex 5.525 27.9907 5.2
      vertex 5.64818 27.9299 0
      vertex 5.525 27.9907 0
    endloop
  endfacet
  facet normal -0.659391 -0.7518 -0
    outer loop
      vertex 64.4892 6.88302 2
      vertex 64.4892 6.88302 0
      vertex 64.5276 6.84934 2
    endloop
  endfacet
  facet normal -0.659111 -0.752045 0
    outer loop
      vertex 64.5276 6.84934 2
      vertex 64.5925 6.79246 5.2
      vertex 64.5276 6.84934 5.2
    endloop
  endfacet
  facet normal -0.659215 -0.751954 -5.96904e-06
    outer loop
      vertex 64.5925 6.79246 0
      vertex 64.5276 6.84934 2
      vertex 64.4892 6.88302 0
    endloop
  endfacet
  facet normal -0.659111 -0.752045 0
    outer loop
      vertex 64.5276 6.84934 2
      vertex 64.5925 6.79246 0
      vertex 64.5925 6.79246 5.2
    endloop
  endfacet
  facet normal -0.980779 -0.195122 0
    outer loop
      vertex 64.891 6.18705 0
      vertex 64.8642 6.32176 5.2
      vertex 64.8642 6.32176 0
    endloop
  endfacet
  facet normal -0.980779 -0.195122 0
    outer loop
      vertex 64.8642 6.32176 5.2
      vertex 64.891 6.18705 0
      vertex 64.891 6.18705 5.2
    endloop
  endfacet
  facet normal -0.997851 -0.0655283 0
    outer loop
      vertex 64.9 6.05 0
      vertex 64.891 6.18705 5.2
      vertex 64.891 6.18705 0
    endloop
  endfacet
  facet normal -0.997851 -0.0655283 0
    outer loop
      vertex 64.891 6.18705 5.2
      vertex 64.9 6.05 0
      vertex 64.9 6.05 5.2
    endloop
  endfacet
  facet normal -0.94704 -0.321117 0
    outer loop
      vertex 64.8642 6.32176 0
      vertex 64.8201 6.45182 5.2
      vertex 64.8201 6.45182 0
    endloop
  endfacet
  facet normal -0.94704 -0.321117 0
    outer loop
      vertex 64.8201 6.45182 5.2
      vertex 64.8642 6.32176 0
      vertex 64.8642 6.32176 5.2
    endloop
  endfacet
  facet normal -0.55559 0.831456 0
    outer loop
      vertex 64.4892 5.21698 0
      vertex 64.375 5.14067 5.2
      vertex 64.4892 5.21698 5.2
    endloop
  endfacet
  facet normal -0.55559 0.831456 0
    outer loop
      vertex 64.375 5.14067 5.2
      vertex 64.4892 5.21698 0
      vertex 64.375 5.14067 0
    endloop
  endfacet
  facet normal -0.442198 -0.896918 0
    outer loop
      vertex 64.2518 7.02007 0
      vertex 64.375 6.95933 2
      vertex 64.2518 7.02007 2
    endloop
  endfacet
  facet normal -0.442198 -0.896918 -0
    outer loop
      vertex 64.375 6.95933 2
      vertex 64.2518 7.02007 0
      vertex 64.375 6.95933 0
    endloop
  endfacet
  facet normal -0.752044 -0.659113 0
    outer loop
      vertex 64.683 6.6892 0
      vertex 64.5925 6.79246 5.2
      vertex 64.5925 6.79246 0
    endloop
  endfacet
  facet normal -0.752044 -0.659113 0
    outer loop
      vertex 64.5925 6.79246 5.2
      vertex 64.683 6.6892 0
      vertex 64.683 6.6892 5.2
    endloop
  endfacet
  facet normal 0.997851 -0.0655283 0
    outer loop
      vertex 62.8 6.05 5.2
      vertex 62.809 6.18705 0
      vertex 62.809 6.18705 5.2
    endloop
  endfacet
  facet normal 0.997851 -0.0655283 0
    outer loop
      vertex 62.809 6.18705 0
      vertex 62.8 6.05 5.2
      vertex 62.8 6.05 0
    endloop
  endfacet
  facet normal -0.659215 0.751954 0
    outer loop
      vertex 64.5925 5.30754 0
      vertex 64.4892 5.21698 5.2
      vertex 64.5925 5.30754 5.2
    endloop
  endfacet
  facet normal -0.659215 0.751954 0
    outer loop
      vertex 64.4892 5.21698 5.2
      vertex 64.5925 5.30754 0
      vertex 64.4892 5.21698 0
    endloop
  endfacet
  facet normal -0.321576 0.946884 0
    outer loop
      vertex 64.2518 5.07993 0
      vertex 64.1218 5.03578 5.2
      vertex 64.2518 5.07993 5.2
    endloop
  endfacet
  facet normal -0.321576 0.946884 0
    outer loop
      vertex 64.1218 5.03578 5.2
      vertex 64.2518 5.07993 0
      vertex 64.1218 5.03578 0
    endloop
  endfacet
  facet normal -0.831588 -0.555393 0
    outer loop
      vertex 64.683 6.6892 0
      vertex 64.7237 6.62826 2
      vertex 64.683 6.6892 5.2
    endloop
  endfacet
  facet normal -0.83149 -0.55554 -6.48737e-06
    outer loop
      vertex 64.7593 6.575 0
      vertex 64.7237 6.62826 2
      vertex 64.683 6.6892 0
    endloop
  endfacet
  facet normal -0.831377 -0.555708 0
    outer loop
      vertex 64.7237 6.62826 2
      vertex 64.7593 6.575 0
      vertex 64.7593 6.575 2
    endloop
  endfacet
  facet normal -0.831588 -0.555393 0
    outer loop
      vertex 64.683 6.6892 5.2
      vertex 64.7237 6.62826 2
      vertex 64.7237 6.62826 5.2
    endloop
  endfacet
  facet normal -0.896623 -0.442795 0
    outer loop
      vertex 64.7593 6.575 0
      vertex 64.7898 6.51324 2
      vertex 64.7593 6.575 2
    endloop
  endfacet
  facet normal -0.896716 -0.442607 7.2142e-06
    outer loop
      vertex 64.8201 6.45182 0
      vertex 64.7898 6.51324 2
      vertex 64.7593 6.575 0
    endloop
  endfacet
  facet normal -0.896809 -0.442418 -0
    outer loop
      vertex 64.8201 6.45182 5.2
      vertex 64.7898 6.51324 2
      vertex 64.8201 6.45182 0
    endloop
  endfacet
  facet normal -0.896809 -0.442418 0
    outer loop
      vertex 64.7898 6.51324 2
      vertex 64.8201 6.45182 5.2
      vertex 64.7898 6.51324 5.2
    endloop
  endfacet
  facet normal 0.321576 -0.946884 0
    outer loop
      vertex 63.4482 7.02007 0
      vertex 63.5782 7.06422 5.2
      vertex 63.4482 7.02007 5.2
    endloop
  endfacet
  facet normal 0.321576 -0.946884 0
    outer loop
      vertex 63.5782 7.06422 5.2
      vertex 63.4482 7.02007 0
      vertex 63.5782 7.06422 0
    endloop
  endfacet
  facet normal -0.94704 0.321117 0
    outer loop
      vertex 64.8201 5.64818 0
      vertex 64.8642 5.77824 5.2
      vertex 64.8642 5.77824 0
    endloop
  endfacet
  facet normal -0.94704 0.321117 0
    outer loop
      vertex 64.8642 5.77824 5.2
      vertex 64.8201 5.64818 0
      vertex 64.8201 5.64818 5.2
    endloop
  endfacet
  facet normal 0.0653596 0.997862 -0
    outer loop
      vertex 63.85 5 0
      vertex 63.7129 5.00898 5.2
      vertex 63.85 5 5.2
    endloop
  endfacet
  facet normal 0.0653596 0.997862 0
    outer loop
      vertex 63.7129 5.00898 5.2
      vertex 63.85 5 0
      vertex 63.7129 5.00898 0
    endloop
  endfacet
  facet normal 0.55559 0.831456 -0
    outer loop
      vertex 63.325 5.14067 0
      vertex 63.2108 5.21698 5.2
      vertex 63.325 5.14067 5.2
    endloop
  endfacet
  facet normal 0.55559 0.831456 0
    outer loop
      vertex 63.2108 5.21698 5.2
      vertex 63.325 5.14067 0
      vertex 63.2108 5.21698 0
    endloop
  endfacet
  facet normal 0.997851 0.0655283 0
    outer loop
      vertex 62.809 5.91295 5.2
      vertex 62.8 6.05 0
      vertex 62.8 6.05 5.2
    endloop
  endfacet
  facet normal 0.997851 0.0655283 0
    outer loop
      vertex 62.8 6.05 0
      vertex 62.809 5.91295 5.2
      vertex 62.809 5.91295 0
    endloop
  endfacet
  facet normal 0.195136 -0.980776 0
    outer loop
      vertex 63.5782 7.06422 0
      vertex 63.7129 7.09102 5.2
      vertex 63.5782 7.06422 5.2
    endloop
  endfacet
  facet normal 0.195136 -0.980776 0
    outer loop
      vertex 63.7129 7.09102 5.2
      vertex 63.5782 7.06422 0
      vertex 63.7129 7.09102 0
    endloop
  endfacet
  facet normal 0.980779 0.195122 0
    outer loop
      vertex 62.8358 5.77824 5.2
      vertex 62.809 5.91295 0
      vertex 62.809 5.91295 5.2
    endloop
  endfacet
  facet normal 0.980779 0.195122 0
    outer loop
      vertex 62.809 5.91295 0
      vertex 62.8358 5.77824 5.2
      vertex 62.8358 5.77824 0
    endloop
  endfacet
  facet normal 0.752044 -0.659113 0
    outer loop
      vertex 63.017 6.6892 5.2
      vertex 63.1075 6.79246 0
      vertex 63.1075 6.79246 5.2
    endloop
  endfacet
  facet normal 0.752044 -0.659113 0
    outer loop
      vertex 63.1075 6.79246 0
      vertex 63.017 6.6892 5.2
      vertex 63.017 6.6892 0
    endloop
  endfacet
  facet normal 0.195136 0.980776 -0
    outer loop
      vertex 63.7129 5.00898 0
      vertex 63.5782 5.03578 5.2
      vertex 63.7129 5.00898 5.2
    endloop
  endfacet
  facet normal 0.195136 0.980776 0
    outer loop
      vertex 63.5782 5.03578 5.2
      vertex 63.7129 5.00898 0
      vertex 63.5782 5.03578 0
    endloop
  endfacet
  facet normal 0.980779 -0.195122 0
    outer loop
      vertex 62.809 6.18705 5.2
      vertex 62.8358 6.32176 0
      vertex 62.8358 6.32176 5.2
    endloop
  endfacet
  facet normal 0.980779 -0.195122 0
    outer loop
      vertex 62.8358 6.32176 0
      vertex 62.809 6.18705 5.2
      vertex 62.809 6.18705 0
    endloop
  endfacet
  facet normal -0.195136 0.980776 0
    outer loop
      vertex 64.1218 5.03578 0
      vertex 63.9871 5.00898 5.2
      vertex 64.1218 5.03578 5.2
    endloop
  endfacet
  facet normal -0.195136 0.980776 0
    outer loop
      vertex 63.9871 5.00898 5.2
      vertex 64.1218 5.03578 0
      vertex 63.9871 5.00898 0
    endloop
  endfacet
  facet normal -0.55559 -0.831456 0
    outer loop
      vertex 64.375 6.95933 0
      vertex 64.4892 6.88302 2
      vertex 64.375 6.95933 2
    endloop
  endfacet
  facet normal -0.55559 -0.831456 -0
    outer loop
      vertex 64.4892 6.88302 2
      vertex 64.375 6.95933 0
      vertex 64.4892 6.88302 0
    endloop
  endfacet
  facet normal -0.195136 -0.980776 0
    outer loop
      vertex 63.9871 7.09102 0
      vertex 64.1218 7.06422 5.2
      vertex 63.9871 7.09102 5.2
    endloop
  endfacet
  facet normal -0.195136 -0.980776 -0
    outer loop
      vertex 64.1218 7.06422 5.2
      vertex 63.9871 7.09102 0
      vertex 64.1218 7.06422 0
    endloop
  endfacet
  facet normal 0.442238 -0.896898 0
    outer loop
      vertex 63.325 6.95933 2
      vertex 63.325 6.95933 0
      vertex 63.3871 6.98995 2
    endloop
  endfacet
  facet normal 0.442157 -0.896938 0
    outer loop
      vertex 63.3871 6.98995 2
      vertex 63.4482 7.02007 5.2
      vertex 63.3871 6.98995 5.2
    endloop
  endfacet
  facet normal 0.442157 -0.896938 0
    outer loop
      vertex 63.3871 6.98995 2
      vertex 63.4482 7.02007 0
      vertex 63.4482 7.02007 5.2
    endloop
  endfacet
  facet normal 0.442198 -0.896918 1.56524e-06
    outer loop
      vertex 63.4482 7.02007 0
      vertex 63.3871 6.98995 2
      vertex 63.325 6.95933 0
    endloop
  endfacet
  facet normal -0.752044 0.659113 0
    outer loop
      vertex 64.5925 5.30754 0
      vertex 64.683 5.4108 5.2
      vertex 64.683 5.4108 0
    endloop
  endfacet
  facet normal -0.752044 0.659113 0
    outer loop
      vertex 64.683 5.4108 5.2
      vertex 64.5925 5.30754 0
      vertex 64.5925 5.30754 5.2
    endloop
  endfacet
  facet normal 0.555679 -0.831397 0
    outer loop
      vertex 63.2108 6.88302 5.2
      vertex 63.2794 6.92887 2
      vertex 63.2794 6.92887 5.2
    endloop
  endfacet
  facet normal 0.555679 -0.831397 0
    outer loop
      vertex 63.2108 6.88302 0
      vertex 63.2794 6.92887 2
      vertex 63.2108 6.88302 5.2
    endloop
  endfacet
  facet normal 0.55559 -0.831456 4.38298e-06
    outer loop
      vertex 63.325 6.95933 0
      vertex 63.2794 6.92887 2
      vertex 63.2108 6.88302 0
    endloop
  endfacet
  facet normal 0.555457 -0.831545 0
    outer loop
      vertex 63.2794 6.92887 2
      vertex 63.325 6.95933 0
      vertex 63.325 6.95933 2
    endloop
  endfacet
  facet normal -0.831366 0.555726 0
    outer loop
      vertex 64.7593 5.525 0
      vertex 64.7543 5.51752 2
      vertex 64.7593 5.525 2
    endloop
  endfacet
  facet normal -0.83149 0.55554 -1.00478e-06
    outer loop
      vertex 64.683 5.4108 0
      vertex 64.7543 5.51752 2
      vertex 64.7593 5.525 0
    endloop
  endfacet
  facet normal -0.831498 0.555527 0
    outer loop
      vertex 64.683 5.4108 5.2
      vertex 64.7543 5.51752 2
      vertex 64.683 5.4108 0
    endloop
  endfacet
  facet normal -0.831498 0.555527 0
    outer loop
      vertex 64.7543 5.51752 2
      vertex 64.683 5.4108 5.2
      vertex 64.7543 5.51752 5.2
    endloop
  endfacet
  facet normal 0.83149 0.55554 0
    outer loop
      vertex 63.017 5.4108 5.2
      vertex 62.9407 5.525 0
      vertex 62.9407 5.525 5.2
    endloop
  endfacet
  facet normal 0.83149 0.55554 0
    outer loop
      vertex 62.9407 5.525 0
      vertex 63.017 5.4108 5.2
      vertex 63.017 5.4108 0
    endloop
  endfacet
  facet normal -0.0653596 -0.997862 0
    outer loop
      vertex 63.85 7.1 0
      vertex 63.9871 7.09102 5.2
      vertex 63.85 7.1 5.2
    endloop
  endfacet
  facet normal -0.0653596 -0.997862 -0
    outer loop
      vertex 63.9871 7.09102 5.2
      vertex 63.85 7.1 0
      vertex 63.9871 7.09102 0
    endloop
  endfacet
  facet normal -0.980779 0.195122 0
    outer loop
      vertex 64.8642 5.77824 0
      vertex 64.891 5.91295 5.2
      vertex 64.891 5.91295 0
    endloop
  endfacet
  facet normal -0.980779 0.195122 0
    outer loop
      vertex 64.891 5.91295 5.2
      vertex 64.8642 5.77824 0
      vertex 64.8642 5.77824 5.2
    endloop
  endfacet
  facet normal 0.94704 -0.321117 0
    outer loop
      vertex 62.8358 6.32176 5.2
      vertex 62.8799 6.45182 0
      vertex 62.8799 6.45182 5.2
    endloop
  endfacet
  facet normal 0.94704 -0.321117 0
    outer loop
      vertex 62.8799 6.45182 0
      vertex 62.8358 6.32176 5.2
      vertex 62.8358 6.32176 0
    endloop
  endfacet
  facet normal -0.997851 0.0655283 0
    outer loop
      vertex 64.891 5.91295 0
      vertex 64.9 6.05 5.2
      vertex 64.9 6.05 0
    endloop
  endfacet
  facet normal -0.997851 0.0655283 0
    outer loop
      vertex 64.9 6.05 5.2
      vertex 64.891 5.91295 0
      vertex 64.891 5.91295 5.2
    endloop
  endfacet
  facet normal 0.94704 0.321117 0
    outer loop
      vertex 62.8799 5.64818 5.2
      vertex 62.8358 5.77824 0
      vertex 62.8358 5.77824 5.2
    endloop
  endfacet
  facet normal 0.94704 0.321117 0
    outer loop
      vertex 62.8358 5.77824 0
      vertex 62.8799 5.64818 5.2
      vertex 62.8799 5.64818 0
    endloop
  endfacet
  facet normal 0.83149 -0.55554 0
    outer loop
      vertex 62.9407 6.575 5.2
      vertex 63.017 6.6892 0
      vertex 63.017 6.6892 5.2
    endloop
  endfacet
  facet normal 0.83149 -0.55554 0
    outer loop
      vertex 63.017 6.6892 0
      vertex 62.9407 6.575 5.2
      vertex 62.9407 6.575 0
    endloop
  endfacet
  facet normal 0.752044 0.659113 0
    outer loop
      vertex 63.1075 5.30754 5.2
      vertex 63.017 5.4108 0
      vertex 63.017 5.4108 5.2
    endloop
  endfacet
  facet normal 0.752044 0.659113 0
    outer loop
      vertex 63.017 5.4108 0
      vertex 63.1075 5.30754 5.2
      vertex 63.1075 5.30754 0
    endloop
  endfacet
  facet normal -0.442198 0.896918 0
    outer loop
      vertex 64.375 5.14067 0
      vertex 64.2518 5.07993 5.2
      vertex 64.375 5.14067 5.2
    endloop
  endfacet
  facet normal -0.442198 0.896918 0
    outer loop
      vertex 64.2518 5.07993 5.2
      vertex 64.375 5.14067 0
      vertex 64.2518 5.07993 0
    endloop
  endfacet
  facet normal -0.321576 -0.946884 0
    outer loop
      vertex 64.1218 7.06422 0
      vertex 64.2518 7.02007 2
      vertex 64.1218 7.06422 2
    endloop
  endfacet
  facet normal -0.321576 -0.946884 -0
    outer loop
      vertex 64.2518 7.02007 2
      vertex 64.1218 7.06422 0
      vertex 64.2518 7.02007 0
    endloop
  endfacet
  facet normal -0 0 0
    outer loop
      vertex 64.1218 7.06422 2
      vertex 64.1218 7.06422 5.2
      vertex 64.1218 7.06422 0
    endloop
  endfacet
  facet normal 0.659215 0.751954 -0
    outer loop
      vertex 63.2108 5.21698 0
      vertex 63.1075 5.30754 5.2
      vertex 63.2108 5.21698 5.2
    endloop
  endfacet
  facet normal 0.659215 0.751954 0
    outer loop
      vertex 63.1075 5.30754 5.2
      vertex 63.2108 5.21698 0
      vertex 63.1075 5.30754 0
    endloop
  endfacet
  facet normal 0.659215 -0.751954 0
    outer loop
      vertex 63.1075 6.79246 0
      vertex 63.2108 6.88302 5.2
      vertex 63.1075 6.79246 5.2
    endloop
  endfacet
  facet normal 0.659215 -0.751954 0
    outer loop
      vertex 63.2108 6.88302 5.2
      vertex 63.1075 6.79246 0
      vertex 63.2108 6.88302 0
    endloop
  endfacet
  facet normal 0.0653596 -0.997862 0
    outer loop
      vertex 63.7129 7.09102 0
      vertex 63.85 7.1 5.2
      vertex 63.7129 7.09102 5.2
    endloop
  endfacet
  facet normal 0.0653596 -0.997862 0
    outer loop
      vertex 63.85 7.1 5.2
      vertex 63.7129 7.09102 0
      vertex 63.85 7.1 0
    endloop
  endfacet
  facet normal 0.321576 0.946884 -0
    outer loop
      vertex 63.5782 5.03578 0
      vertex 63.4482 5.07993 5.2
      vertex 63.5782 5.03578 5.2
    endloop
  endfacet
  facet normal 0.321576 0.946884 0
    outer loop
      vertex 63.4482 5.07993 5.2
      vertex 63.5782 5.03578 0
      vertex 63.4482 5.07993 0
    endloop
  endfacet
  facet normal -0.0653596 0.997862 0
    outer loop
      vertex 63.9871 5.00898 0
      vertex 63.85 5 5.2
      vertex 63.9871 5.00898 5.2
    endloop
  endfacet
  facet normal -0.0653596 0.997862 0
    outer loop
      vertex 63.85 5 5.2
      vertex 63.9871 5.00898 0
      vertex 63.85 5 0
    endloop
  endfacet
  facet normal -0.896742 0.442553 0
    outer loop
      vertex 64.8201 5.64818 0
      vertex 64.7718 5.55031 2
      vertex 64.8201 5.64818 5.2
    endloop
  endfacet
  facet normal -0.896716 0.442607 3.28315e-06
    outer loop
      vertex 64.7593 5.525 0
      vertex 64.7718 5.55031 2
      vertex 64.8201 5.64818 0
    endloop
  endfacet
  facet normal -0.896613 0.442815 0
    outer loop
      vertex 64.7718 5.55031 2
      vertex 64.7593 5.525 0
      vertex 64.7593 5.525 2
    endloop
  endfacet
  facet normal -0.896742 0.442553 0
    outer loop
      vertex 64.8201 5.64818 5.2
      vertex 64.7718 5.55031 2
      vertex 64.7718 5.55031 5.2
    endloop
  endfacet
  facet normal 0.896716 -0.442607 0
    outer loop
      vertex 62.8799 6.45182 5.2
      vertex 62.9407 6.575 0
      vertex 62.9407 6.575 5.2
    endloop
  endfacet
  facet normal 0.896716 -0.442607 0
    outer loop
      vertex 62.9407 6.575 0
      vertex 62.8799 6.45182 5.2
      vertex 62.8799 6.45182 0
    endloop
  endfacet
  facet normal 0.896716 0.442607 0
    outer loop
      vertex 62.9407 5.525 5.2
      vertex 62.8799 5.64818 0
      vertex 62.8799 5.64818 5.2
    endloop
  endfacet
  facet normal 0.896716 0.442607 0
    outer loop
      vertex 62.8799 5.64818 0
      vertex 62.9407 5.525 5.2
      vertex 62.9407 5.525 0
    endloop
  endfacet
  facet normal 0.442198 0.896918 -0
    outer loop
      vertex 63.4482 5.07993 0
      vertex 63.325 5.14067 5.2
      vertex 63.4482 5.07993 5.2
    endloop
  endfacet
  facet normal 0.442198 0.896918 0
    outer loop
      vertex 63.325 5.14067 5.2
      vertex 63.4482 5.07993 0
      vertex 63.325 5.14067 0
    endloop
  endfacet
  facet normal -0.980776 -0.195136 0
    outer loop
      vertex 64.891 29.0871 0
      vertex 64.8642 29.2218 5.2
      vertex 64.8642 29.2218 0
    endloop
  endfacet
  facet normal -0.980776 -0.195136 0
    outer loop
      vertex 64.8642 29.2218 5.2
      vertex 64.891 29.0871 0
      vertex 64.891 29.0871 5.2
    endloop
  endfacet
  facet normal -0.997852 -0.0655045 0
    outer loop
      vertex 64.9 28.95 0
      vertex 64.891 29.0871 5.2
      vertex 64.891 29.0871 0
    endloop
  endfacet
  facet normal -0.997852 -0.0655045 0
    outer loop
      vertex 64.891 29.0871 5.2
      vertex 64.9 28.95 0
      vertex 64.9 28.95 5.2
    endloop
  endfacet
  facet normal -0.946995 -0.32125 0
    outer loop
      vertex 64.8642 29.2218 0
      vertex 64.8201 29.3518 5.2
      vertex 64.8201 29.3518 0
    endloop
  endfacet
  facet normal -0.946995 -0.32125 0
    outer loop
      vertex 64.8201 29.3518 5.2
      vertex 64.8642 29.2218 0
      vertex 64.8642 29.2218 5.2
    endloop
  endfacet
  facet normal 0.980776 -0.195136 0
    outer loop
      vertex 62.809 29.0871 5.2
      vertex 62.8358 29.2218 0
      vertex 62.8358 29.2218 5.2
    endloop
  endfacet
  facet normal 0.980776 -0.195136 0
    outer loop
      vertex 62.8358 29.2218 0
      vertex 62.809 29.0871 5.2
      vertex 62.809 29.0871 0
    endloop
  endfacet
  facet normal 0.980776 0.195136 0
    outer loop
      vertex 62.8358 28.6782 5.2
      vertex 62.809 28.8129 0
      vertex 62.809 28.8129 5.2
    endloop
  endfacet
  facet normal 0.980776 0.195136 0
    outer loop
      vertex 62.809 28.8129 0
      vertex 62.8358 28.6782 5.2
      vertex 62.8358 28.6782 0
    endloop
  endfacet
  facet normal -0.658968 0.752171 0
    outer loop
      vertex 64.5925 28.2075 0
      vertex 64.4892 28.117 5.2
      vertex 64.5925 28.2075 5.2
    endloop
  endfacet
  facet normal -0.658968 0.752171 0
    outer loop
      vertex 64.4892 28.117 5.2
      vertex 64.5925 28.2075 0
      vertex 64.4892 28.117 0
    endloop
  endfacet
  facet normal -0.752171 0.658968 0
    outer loop
      vertex 64.5925 28.2075 0
      vertex 64.683 28.3108 5.2
      vertex 64.683 28.3108 0
    endloop
  endfacet
  facet normal -0.752171 0.658968 0
    outer loop
      vertex 64.683 28.3108 5.2
      vertex 64.5925 28.2075 0
      vertex 64.5925 28.2075 5.2
    endloop
  endfacet
  facet normal -0.32125 0.946995 0
    outer loop
      vertex 64.2518 27.9799 0
      vertex 64.1218 27.9358 5.2
      vertex 64.2518 27.9799 5.2
    endloop
  endfacet
  facet normal -0.32125 0.946995 0
    outer loop
      vertex 64.1218 27.9358 5.2
      vertex 64.2518 27.9799 0
      vertex 64.1218 27.9358 0
    endloop
  endfacet
  facet normal 0.55554 -0.83149 0
    outer loop
      vertex 63.2108 29.783 0
      vertex 63.325 29.8593 5.2
      vertex 63.2108 29.783 5.2
    endloop
  endfacet
  facet normal 0.55554 -0.83149 0
    outer loop
      vertex 63.325 29.8593 5.2
      vertex 63.2108 29.783 0
      vertex 63.325 29.8593 0
    endloop
  endfacet
  facet normal -0.997852 0.0655045 0
    outer loop
      vertex 64.891 28.8129 0
      vertex 64.9 28.95 5.2
      vertex 64.9 28.95 0
    endloop
  endfacet
  facet normal -0.997852 0.0655045 0
    outer loop
      vertex 64.9 28.95 5.2
      vertex 64.891 28.8129 0
      vertex 64.891 28.8129 5.2
    endloop
  endfacet
  facet normal -0.946995 0.32125 0
    outer loop
      vertex 64.8201 28.5482 0
      vertex 64.8642 28.6782 5.2
      vertex 64.8642 28.6782 0
    endloop
  endfacet
  facet normal -0.946995 0.32125 0
    outer loop
      vertex 64.8642 28.6782 5.2
      vertex 64.8201 28.5482 0
      vertex 64.8201 28.5482 5.2
    endloop
  endfacet
  facet normal 0.896744 0.442549 0
    outer loop
      vertex 62.9407 28.425 5.2
      vertex 62.8799 28.5482 0
      vertex 62.8799 28.5482 5.2
    endloop
  endfacet
  facet normal 0.896744 0.442549 0
    outer loop
      vertex 62.8799 28.5482 0
      vertex 62.9407 28.425 5.2
      vertex 62.9407 28.425 0
    endloop
  endfacet
  facet normal -0.752171 -0.658968 0
    outer loop
      vertex 64.683 29.5892 0
      vertex 64.5925 29.6925 5.2
      vertex 64.5925 29.6925 0
    endloop
  endfacet
  facet normal -0.752171 -0.658968 0
    outer loop
      vertex 64.5925 29.6925 5.2
      vertex 64.683 29.5892 0
      vertex 64.683 29.5892 5.2
    endloop
  endfacet
  facet normal 0.83149 -0.55554 0
    outer loop
      vertex 62.9407 29.475 5.2
      vertex 63.017 29.5892 0
      vertex 63.017 29.5892 5.2
    endloop
  endfacet
  facet normal 0.83149 -0.55554 0
    outer loop
      vertex 63.017 29.5892 0
      vertex 62.9407 29.475 5.2
      vertex 62.9407 29.475 0
    endloop
  endfacet
  facet normal -0.442549 -0.896744 0
    outer loop
      vertex 64.2518 29.9201 0
      vertex 64.375 29.8593 2
      vertex 64.2518 29.9201 2
    endloop
  endfacet
  facet normal -0.442549 -0.896744 -0
    outer loop
      vertex 64.375 29.8593 2
      vertex 64.2518 29.9201 0
      vertex 64.375 29.8593 0
    endloop
  endfacet
  facet normal 0 -0 0
    outer loop
      vertex 64.375 29.8593 2
      vertex 64.375 29.8593 0
      vertex 64.375 29.8593 5.2
    endloop
  endfacet
  facet normal -0.896763 0.442511 0
    outer loop
      vertex 64.8201 28.5482 0
      vertex 64.7598 28.426 2
      vertex 64.8201 28.5482 5.2
    endloop
  endfacet
  facet normal -0.896744 0.442549 2.91151e-06
    outer loop
      vertex 64.7593 28.425 0
      vertex 64.7598 28.426 2
      vertex 64.8201 28.5482 0
    endloop
  endfacet
  facet normal -0.894427 0.447214 0
    outer loop
      vertex 64.7598 28.426 2
      vertex 64.7593 28.425 0
      vertex 64.7593 28.425 2
    endloop
  endfacet
  facet normal 0 0 0
    outer loop
      vertex 64.7593 28.425 5.2
      vertex 64.7593 28.425 2
      vertex 64.7593 28.425 0
    endloop
  endfacet
  facet normal -0.896763 0.442511 0
    outer loop
      vertex 64.8201 28.5482 5.2
      vertex 64.7598 28.426 2
      vertex 64.7598 28.426 5.2
    endloop
  endfacet
  facet normal -0.658968 -0.752171 0
    outer loop
      vertex 64.4892 29.783 0
      vertex 64.5925 29.6925 5.2
      vertex 64.4892 29.783 5.2
    endloop
  endfacet
  facet normal -0.658968 -0.752171 -0
    outer loop
      vertex 64.5925 29.6925 5.2
      vertex 64.4892 29.783 0
      vertex 64.5925 29.6925 0
    endloop
  endfacet
  facet normal 0.658968 -0.752171 0
    outer loop
      vertex 63.1075 29.6925 0
      vertex 63.2108 29.783 5.2
      vertex 63.1075 29.6925 5.2
    endloop
  endfacet
  facet normal 0.658968 -0.752171 0
    outer loop
      vertex 63.2108 29.783 5.2
      vertex 63.1075 29.6925 0
      vertex 63.2108 29.783 0
    endloop
  endfacet
  facet normal 0.195136 -0.980776 0
    outer loop
      vertex 63.5782 29.9642 0
      vertex 63.7129 29.991 5.2
      vertex 63.5782 29.9642 5.2
    endloop
  endfacet
  facet normal 0.195136 -0.980776 0
    outer loop
      vertex 63.7129 29.991 5.2
      vertex 63.5782 29.9642 0
      vertex 63.7129 29.991 0
    endloop
  endfacet
  facet normal -0.831629 -0.555331 0
    outer loop
      vertex 64.683 29.5892 0
      vertex 64.7033 29.5588 2
      vertex 64.683 29.5892 5.2
    endloop
  endfacet
  facet normal -0.83149 -0.55554 -4.58703e-06
    outer loop
      vertex 64.7593 29.475 0
      vertex 64.7033 29.5588 2
      vertex 64.683 29.5892 0
    endloop
  endfacet
  facet normal -0.831439 -0.555616 0
    outer loop
      vertex 64.7033 29.5588 2
      vertex 64.7593 29.475 0
      vertex 64.7593 29.475 2
    endloop
  endfacet
  facet normal -0.831629 -0.555331 0
    outer loop
      vertex 64.683 29.5892 5.2
      vertex 64.7033 29.5588 2
      vertex 64.7033 29.5588 5.2
    endloop
  endfacet
  facet normal 0.442549 0.896744 -0
    outer loop
      vertex 63.4482 27.9799 0
      vertex 63.325 28.0407 5.2
      vertex 63.4482 27.9799 5.2
    endloop
  endfacet
  facet normal 0.442549 0.896744 0
    outer loop
      vertex 63.325 28.0407 5.2
      vertex 63.4482 27.9799 0
      vertex 63.325 28.0407 0
    endloop
  endfacet
  facet normal -0.896707 -0.442625 0
    outer loop
      vertex 64.7593 29.475 0
      vertex 64.8018 29.3889 2
      vertex 64.7593 29.475 2
    endloop
  endfacet
  facet normal -0.896744 -0.442549 4.07611e-06
    outer loop
      vertex 64.8201 29.3518 0
      vertex 64.8018 29.3889 2
      vertex 64.7593 29.475 0
    endloop
  endfacet
  facet normal -0.896831 -0.442372 -0
    outer loop
      vertex 64.8201 29.3518 5.2
      vertex 64.8018 29.3889 2
      vertex 64.8201 29.3518 0
    endloop
  endfacet
  facet normal -0.896831 -0.442372 0
    outer loop
      vertex 64.8018 29.3889 2
      vertex 64.8201 29.3518 5.2
      vertex 64.8018 29.3889 5.2
    endloop
  endfacet
  facet normal -0.55554 0.83149 0
    outer loop
      vertex 64.4892 28.117 0
      vertex 64.375 28.0407 5.2
      vertex 64.4892 28.117 5.2
    endloop
  endfacet
  facet normal -0.55554 0.83149 0
    outer loop
      vertex 64.375 28.0407 5.2
      vertex 64.4892 28.117 0
      vertex 64.375 28.0407 0
    endloop
  endfacet
  facet normal -0.195136 0.980776 0
    outer loop
      vertex 64.1218 27.9358 0
      vertex 63.9871 27.909 5.2
      vertex 64.1218 27.9358 5.2
    endloop
  endfacet
  facet normal -0.195136 0.980776 0
    outer loop
      vertex 63.9871 27.909 5.2
      vertex 64.1218 27.9358 0
      vertex 63.9871 27.909 0
    endloop
  endfacet
  facet normal -0.55554 -0.83149 0
    outer loop
      vertex 64.375 29.8593 0
      vertex 64.4892 29.783 5.2
      vertex 64.375 29.8593 5.2
    endloop
  endfacet
  facet normal -0.55554 -0.83149 -0
    outer loop
      vertex 64.4892 29.783 5.2
      vertex 64.375 29.8593 0
      vertex 64.4892 29.783 0
    endloop
  endfacet
  facet normal 0.752171 -0.658968 0
    outer loop
      vertex 63.017 29.5892 5.2
      vertex 63.1075 29.6925 0
      vertex 63.1075 29.6925 5.2
    endloop
  endfacet
  facet normal 0.752171 -0.658968 0
    outer loop
      vertex 63.1075 29.6925 0
      vertex 63.017 29.5892 5.2
      vertex 63.017 29.5892 0
    endloop
  endfacet
  facet normal 0.55554 0.83149 -0
    outer loop
      vertex 63.325 28.0407 0
      vertex 63.2108 28.117 5.2
      vertex 63.325 28.0407 5.2
    endloop
  endfacet
  facet normal 0.55554 0.83149 0
    outer loop
      vertex 63.2108 28.117 5.2
      vertex 63.325 28.0407 0
      vertex 63.2108 28.117 0
    endloop
  endfacet
  facet normal 0.896744 -0.442549 0
    outer loop
      vertex 62.8799 29.3518 5.2
      vertex 62.9407 29.475 0
      vertex 62.9407 29.475 5.2
    endloop
  endfacet
  facet normal 0.896744 -0.442549 0
    outer loop
      vertex 62.9407 29.475 0
      vertex 62.8799 29.3518 5.2
      vertex 62.8799 29.3518 0
    endloop
  endfacet
  facet normal 0.997852 -0.0655045 0
    outer loop
      vertex 62.8 28.95 5.2
      vertex 62.809 29.0871 0
      vertex 62.809 29.0871 5.2
    endloop
  endfacet
  facet normal 0.997852 -0.0655045 0
    outer loop
      vertex 62.809 29.0871 0
      vertex 62.8 28.95 5.2
      vertex 62.8 28.95 0
    endloop
  endfacet
  facet normal -0.980776 0.195136 0
    outer loop
      vertex 64.8642 28.6782 0
      vertex 64.891 28.8129 5.2
      vertex 64.891 28.8129 0
    endloop
  endfacet
  facet normal -0.980776 0.195136 0
    outer loop
      vertex 64.891 28.8129 5.2
      vertex 64.8642 28.6782 0
      vertex 64.8642 28.6782 5.2
    endloop
  endfacet
  facet normal -0.321355 -0.946959 0
    outer loop
      vertex 64.1218 29.9642 5.2
      vertex 64.1993 29.9379 2
      vertex 64.1993 29.9379 5.2
    endloop
  endfacet
  facet normal -0.321355 -0.946959 0
    outer loop
      vertex 64.1218 29.9642 0
      vertex 64.1993 29.9379 2
      vertex 64.1218 29.9642 5.2
    endloop
  endfacet
  facet normal -0.32125 -0.946995 -4.55286e-06
    outer loop
      vertex 64.2518 29.9201 0
      vertex 64.1993 29.9379 2
      vertex 64.1218 29.9642 0
    endloop
  endfacet
  facet normal -0.321094 -0.947047 0
    outer loop
      vertex 64.1993 29.9379 2
      vertex 64.2518 29.9201 0
      vertex 64.2518 29.9201 2
    endloop
  endfacet
  facet normal 0.32125 -0.946995 0
    outer loop
      vertex 63.4482 29.9201 0
      vertex 63.5782 29.9642 5.2
      vertex 63.4482 29.9201 5.2
    endloop
  endfacet
  facet normal 0.32125 -0.946995 0
    outer loop
      vertex 63.5782 29.9642 5.2
      vertex 63.4482 29.9201 0
      vertex 63.5782 29.9642 0
    endloop
  endfacet
  facet normal 0.946995 0.32125 0
    outer loop
      vertex 62.8799 28.5482 5.2
      vertex 62.8358 28.6782 0
      vertex 62.8358 28.6782 5.2
    endloop
  endfacet
  facet normal 0.946995 0.32125 0
    outer loop
      vertex 62.8358 28.6782 0
      vertex 62.8799 28.5482 5.2
      vertex 62.8799 28.5482 0
    endloop
  endfacet
  facet normal 0.752171 0.658968 0
    outer loop
      vertex 63.1075 28.2075 5.2
      vertex 63.017 28.3108 0
      vertex 63.017 28.3108 5.2
    endloop
  endfacet
  facet normal 0.752171 0.658968 0
    outer loop
      vertex 63.017 28.3108 0
      vertex 63.1075 28.2075 5.2
      vertex 63.1075 28.2075 0
    endloop
  endfacet
  facet normal -0.442549 0.896744 0
    outer loop
      vertex 64.375 28.0407 0
      vertex 64.2518 27.9799 5.2
      vertex 64.375 28.0407 5.2
    endloop
  endfacet
  facet normal -0.442549 0.896744 0
    outer loop
      vertex 64.2518 27.9799 5.2
      vertex 64.375 28.0407 0
      vertex 64.2518 27.9799 0
    endloop
  endfacet
  facet normal 0.0655045 0.997852 -0
    outer loop
      vertex 63.85 27.9 0
      vertex 63.7129 27.909 5.2
      vertex 63.85 27.9 5.2
    endloop
  endfacet
  facet normal 0.0655045 0.997852 0
    outer loop
      vertex 63.7129 27.909 5.2
      vertex 63.85 27.9 0
      vertex 63.7129 27.909 0
    endloop
  endfacet
  facet normal 0.946995 -0.32125 0
    outer loop
      vertex 62.8358 29.2218 5.2
      vertex 62.8799 29.3518 0
      vertex 62.8799 29.3518 5.2
    endloop
  endfacet
  facet normal 0.946995 -0.32125 0
    outer loop
      vertex 62.8799 29.3518 0
      vertex 62.8358 29.2218 5.2
      vertex 62.8358 29.2218 0
    endloop
  endfacet
  facet normal 0.195136 0.980776 -0
    outer loop
      vertex 63.7129 27.909 0
      vertex 63.5782 27.9358 5.2
      vertex 63.7129 27.909 5.2
    endloop
  endfacet
  facet normal 0.195136 0.980776 0
    outer loop
      vertex 63.5782 27.9358 5.2
      vertex 63.7129 27.909 0
      vertex 63.5782 27.9358 0
    endloop
  endfacet
  facet normal 0.658968 0.752171 -0
    outer loop
      vertex 63.2108 28.117 0
      vertex 63.1075 28.2075 5.2
      vertex 63.2108 28.117 5.2
    endloop
  endfacet
  facet normal 0.658968 0.752171 0
    outer loop
      vertex 63.1075 28.2075 5.2
      vertex 63.2108 28.117 0
      vertex 63.1075 28.2075 0
    endloop
  endfacet
  facet normal -0.83149 0.55554 0
    outer loop
      vertex 64.683 28.3108 0
      vertex 64.7593 28.425 5.2
      vertex 64.7593 28.425 0
    endloop
  endfacet
  facet normal -0.83149 0.55554 0
    outer loop
      vertex 64.7593 28.425 5.2
      vertex 64.683 28.3108 0
      vertex 64.683 28.3108 5.2
    endloop
  endfacet
  facet normal 0.0641533 -0.99794 0
    outer loop
      vertex 63.7129 29.991 2
      vertex 63.7129 29.991 0
      vertex 63.7269 29.9919 2
    endloop
  endfacet
  facet normal 0.0656582 -0.997842 0
    outer loop
      vertex 63.7269 29.9919 2
      vertex 63.85 30 5.2
      vertex 63.7269 29.9919 5.2
    endloop
  endfacet
  facet normal 0.0655045 -0.997852 -9.49816e-06
    outer loop
      vertex 63.85 30 0
      vertex 63.7269 29.9919 2
      vertex 63.7129 29.991 0
    endloop
  endfacet
  facet normal 0.0656582 -0.997842 0
    outer loop
      vertex 63.7269 29.9919 2
      vertex 63.85 30 0
      vertex 63.85 30 5.2
    endloop
  endfacet
  facet normal 0 0 0
    outer loop
      vertex 63.7129 29.991 0
      vertex 63.7129 29.991 2
      vertex 63.7129 29.991 5.2
    endloop
  endfacet
  facet normal 0.32125 0.946995 -0
    outer loop
      vertex 63.5782 27.9358 0
      vertex 63.4482 27.9799 5.2
      vertex 63.5782 27.9358 5.2
    endloop
  endfacet
  facet normal 0.32125 0.946995 0
    outer loop
      vertex 63.4482 27.9799 5.2
      vertex 63.5782 27.9358 0
      vertex 63.4482 27.9799 0
    endloop
  endfacet
  facet normal -0.0655045 0.997852 0
    outer loop
      vertex 63.9871 27.909 0
      vertex 63.85 27.9 5.2
      vertex 63.9871 27.909 5.2
    endloop
  endfacet
  facet normal -0.0655045 0.997852 0
    outer loop
      vertex 63.85 27.9 5.2
      vertex 63.9871 27.909 0
      vertex 63.85 27.9 0
    endloop
  endfacet
  facet normal 0.997852 0.0655045 0
    outer loop
      vertex 62.809 28.8129 5.2
      vertex 62.8 28.95 0
      vertex 62.8 28.95 5.2
    endloop
  endfacet
  facet normal 0.997852 0.0655045 0
    outer loop
      vertex 62.8 28.95 0
      vertex 62.809 28.8129 5.2
      vertex 62.809 28.8129 0
    endloop
  endfacet
  facet normal 0.83149 0.55554 0
    outer loop
      vertex 63.017 28.3108 5.2
      vertex 62.9407 28.425 0
      vertex 62.9407 28.425 5.2
    endloop
  endfacet
  facet normal 0.83149 0.55554 0
    outer loop
      vertex 62.9407 28.425 0
      vertex 63.017 28.3108 5.2
      vertex 63.017 28.3108 0
    endloop
  endfacet
  facet normal -0.194248 -0.980952 -0
    outer loop
      vertex 63.9871 29.991 2
      vertex 63.9871 29.991 0
      vertex 64.0073 29.987 2
    endloop
  endfacet
  facet normal -0.195292 -0.980745 0
    outer loop
      vertex 64.0073 29.987 2
      vertex 64.1218 29.9642 5.2
      vertex 64.0073 29.987 5.2
    endloop
  endfacet
  facet normal -0.195136 -0.980776 9.31992e-06
    outer loop
      vertex 64.1218 29.9642 0
      vertex 64.0073 29.987 2
      vertex 63.9871 29.991 0
    endloop
  endfacet
  facet normal -0.195292 -0.980745 0
    outer loop
      vertex 64.0073 29.987 2
      vertex 64.1218 29.9642 0
      vertex 64.1218 29.9642 5.2
    endloop
  endfacet
  facet normal -0.0652727 -0.997867 0
    outer loop
      vertex 63.85 30 5.2
      vertex 63.9616 29.9927 2
      vertex 63.9616 29.9927 5.2
    endloop
  endfacet
  facet normal -0.0652727 -0.997867 0
    outer loop
      vertex 63.85 30 0
      vertex 63.9616 29.9927 2
      vertex 63.85 30 5.2
    endloop
  endfacet
  facet normal -0.0655045 -0.997852 1.29917e-05
    outer loop
      vertex 63.9871 29.991 0
      vertex 63.9616 29.9927 2
      vertex 63.85 30 0
    endloop
  endfacet
  facet normal -0.066519 -0.997785 0
    outer loop
      vertex 63.9616 29.9927 2
      vertex 63.9871 29.991 0
      vertex 63.9871 29.991 2
    endloop
  endfacet
  facet normal 0.442549 -0.896744 0
    outer loop
      vertex 63.325 29.8593 0
      vertex 63.4482 29.9201 5.2
      vertex 63.325 29.8593 5.2
    endloop
  endfacet
  facet normal 0.442549 -0.896744 0
    outer loop
      vertex 63.4482 29.9201 5.2
      vertex 63.325 29.8593 0
      vertex 63.4482 29.9201 0
    endloop
  endfacet
  facet normal 0 0 -1
    outer loop
      vertex 67.9 10.35 5.8
      vertex 69.9 24.55 5.8
      vertex 69.9 10.35 5.8
    endloop
  endfacet
  facet normal -0 0 -1
    outer loop
      vertex 69.9 24.55 5.8
      vertex 67.9 10.35 5.8
      vertex 67.9 24.55 5.8
    endloop
  endfacet
  facet normal -0 0 1
    outer loop
      vertex 67.9 24.55 2.7
      vertex 69.9 10.35 2.7
      vertex 69.9 24.55 2.7
    endloop
  endfacet
  facet normal 0 0 1
    outer loop
      vertex 69.9 10.35 2.7
      vertex 67.9 24.55 2.7
      vertex 67.9 10.35 2.7
    endloop
  endfacet
  facet normal 0 -1 0
    outer loop
      vertex 67.9 24.55 2.7
      vertex 69.9 24.55 5.8
      vertex 67.9 24.55 5.8
    endloop
  endfacet
  facet normal 0 -1 -0
    outer loop
      vertex 69.9 24.55 5.8
      vertex 67.9 24.55 2.7
      vertex 69.9 24.55 2.7
    endloop
  endfacet
  facet normal 0 1 -0
    outer loop
      vertex 69.9 10.35 2.7
      vertex 67.9 10.35 5.8
      vertex 69.9 10.35 5.8
    endloop
  endfacet
  facet normal 0 1 0
    outer loop
      vertex 67.9 10.35 5.8
      vertex 69.9 10.35 2.7
      vertex 67.9 10.35 2.7
    endloop
  endfacet
  facet normal 0 0 -1
    outer loop
      vertex 0 8.03 9.6
      vertex 2 26.93 9.6
      vertex 2 8.03 9.6
    endloop
  endfacet
  facet normal -0 0 -1
    outer loop
      vertex 2 26.93 9.6
      vertex 0 8.03 9.6
      vertex 0 26.93 9.6
    endloop
  endfacet
  facet normal -0 0 1
    outer loop
      vertex 0 26.93 6
      vertex 2 8.03 6
      vertex 2 26.93 6
    endloop
  endfacet
  facet normal 0 0 1
    outer loop
      vertex 2 8.03 6
      vertex 0 26.93 6
      vertex 0 8.03 6
    endloop
  endfacet
  facet normal 0 -1 0
    outer loop
      vertex 0 26.93 6
      vertex 2 26.93 9.6
      vertex 0 26.93 9.6
    endloop
  endfacet
  facet normal 0 -1 -0
    outer loop
      vertex 2 26.93 9.6
      vertex 0 26.93 6
      vertex 2 26.93 6
    endloop
  endfacet
  facet normal 0 1 -0
    outer loop
      vertex 2 8.03 6
      vertex 0 8.03 9.6
      vertex 2 8.03 9.6
    endloop
  endfacet
  facet normal 0 1 0
    outer loop
      vertex 0 8.03 9.6
      vertex 2 8.03 6
      vertex 0 8.03 6
    endloop
  endfacet
  facet normal -0.980779 -0.195122 0
    outer loop
      vertex 26.372 4.9241 0
      vertex 26.3184 5.19352 2
      vertex 26.3184 5.19352 0
    endloop
  endfacet
  facet normal -0.980779 -0.195122 0
    outer loop
      vertex 26.3184 5.19352 2
      vertex 26.372 4.9241 0
      vertex 26.372 4.9241 2
    endloop
  endfacet
  facet normal -0.997851 -0.0655283 0
    outer loop
      vertex 26.39 4.65 0
      vertex 26.372 4.9241 2
      vertex 26.372 4.9241 0
    endloop
  endfacet
  facet normal -0.997851 -0.0655283 0
    outer loop
      vertex 26.372 4.9241 2
      vertex 26.39 4.65 0
      vertex 26.39 4.65 2
    endloop
  endfacet
  facet normal -0.946925 -0.321454 0
    outer loop
      vertex 26.3184 5.19352 0
      vertex 26.2301 5.45363 2
      vertex 26.2301 5.45363 0
    endloop
  endfacet
  facet normal -0.946925 -0.321454 0
    outer loop
      vertex 26.2301 5.45363 2
      vertex 26.3184 5.19352 0
      vertex 26.3184 5.19352 2
    endloop
  endfacet
  facet normal -0.195101 -0.980783 0
    outer loop
      vertex 24.5641 6.73203 0
      vertex 24.8335 6.67844 2
      vertex 24.5641 6.73203 2
    endloop
  endfacet
  facet normal -0.195101 -0.980783 -0
    outer loop
      vertex 24.8335 6.67844 2
      vertex 24.5641 6.73203 0
      vertex 24.8335 6.67844 0
    endloop
  endfacet
  facet normal 0.997851 0.0655259 0
    outer loop
      vertex 22.208 4.37589 2
      vertex 22.19 4.65 0
      vertex 22.19 4.65 2
    endloop
  endfacet
  facet normal 0.997851 0.0655259 0
    outer loop
      vertex 22.19 4.65 0
      vertex 22.208 4.37589 2
      vertex 22.208 4.37589 0
    endloop
  endfacet
  facet normal -0.980778 0.195129 0
    outer loop
      vertex 26.3184 4.10648 0
      vertex 26.372 4.37589 2
      vertex 26.372 4.37589 0
    endloop
  endfacet
  facet normal -0.980778 0.195129 0
    outer loop
      vertex 26.372 4.37589 2
      vertex 26.3184 4.10648 0
      vertex 26.3184 4.10648 2
    endloop
  endfacet
  facet normal -0.555565 -0.831473 0
    outer loop
      vertex 25.34 6.46865 0
      vertex 25.5684 6.31604 2
      vertex 25.34 6.46865 2
    endloop
  endfacet
  facet normal -0.555565 -0.831473 -0
    outer loop
      vertex 25.5684 6.31604 2
      vertex 25.34 6.46865 0
      vertex 25.5684 6.31604 0
    endloop
  endfacet
  facet normal -0.442256 -0.896889 0
    outer loop
      vertex 25.0936 6.59015 0
      vertex 25.34 6.46865 2
      vertex 25.0936 6.59015 2
    endloop
  endfacet
  facet normal -0.442256 -0.896889 -0
    outer loop
      vertex 25.34 6.46865 2
      vertex 25.0936 6.59015 0
      vertex 25.34 6.46865 0
    endloop
  endfacet
  facet normal -0.321433 0.946932 0
    outer loop
      vertex 25.0936 2.70985 0
      vertex 24.8335 2.62156 2
      vertex 25.0936 2.70985 2
    endloop
  endfacet
  facet normal -0.321433 0.946932 0
    outer loop
      vertex 24.8335 2.62156 2
      vertex 25.0936 2.70985 0
      vertex 24.8335 2.62156 0
    endloop
  endfacet
  facet normal 0.442256 0.896889 -0
    outer loop
      vertex 23.4864 2.70985 0
      vertex 23.24 2.83135 2
      vertex 23.4864 2.70985 2
    endloop
  endfacet
  facet normal 0.442256 0.896889 0
    outer loop
      vertex 23.24 2.83135 2
      vertex 23.4864 2.70985 0
      vertex 23.24 2.83135 0
    endloop
  endfacet
  facet normal -0.897012 -0.442007 0
    outer loop
      vertex 26.2301 5.45363 0
      vertex 26.1087 5.7 2
      vertex 26.1087 5.7 0
    endloop
  endfacet
  facet normal -0.897012 -0.442007 0
    outer loop
      vertex 26.1087 5.7 2
      vertex 26.2301 5.45363 0
      vertex 26.2301 5.45363 2
    endloop
  endfacet
  facet normal 0.659396 -0.751796 0
    outer loop
      vertex 22.8051 6.13492 0
      vertex 23.0116 6.31604 2
      vertex 22.8051 6.13492 2
    endloop
  endfacet
  facet normal 0.659396 -0.751796 0
    outer loop
      vertex 23.0116 6.31604 2
      vertex 22.8051 6.13492 0
      vertex 23.0116 6.31604 0
    endloop
  endfacet
  facet normal -0.831322 0.555792 0
    outer loop
      vertex 25.956 3.3716 0
      vertex 26.1087 3.6 2
      vertex 26.1087 3.6 0
    endloop
  endfacet
  facet normal -0.831322 0.555792 0
    outer loop
      vertex 26.1087 3.6 2
      vertex 25.956 3.3716 0
      vertex 25.956 3.3716 2
    endloop
  endfacet
  facet normal -0.946929 0.321443 0
    outer loop
      vertex 26.2301 3.84636 0
      vertex 26.3184 4.10648 2
      vertex 26.3184 4.10648 0
    endloop
  endfacet
  facet normal -0.946929 0.321443 0
    outer loop
      vertex 26.3184 4.10648 2
      vertex 26.2301 3.84636 0
      vertex 26.2301 3.84636 2
    endloop
  endfacet
  facet normal 0.946929 0.321443 0
    outer loop
      vertex 22.3499 3.84636 2
      vertex 22.2616 4.10648 0
      vertex 22.2616 4.10648 2
    endloop
  endfacet
  facet normal 0.946929 0.321443 0
    outer loop
      vertex 22.2616 4.10648 0
      vertex 22.3499 3.84636 2
      vertex 22.3499 3.84636 0
    endloop
  endfacet
  facet normal 0.831322 0.555792 0
    outer loop
      vertex 22.624 3.3716 2
      vertex 22.4713 3.6 0
      vertex 22.4713 3.6 2
    endloop
  endfacet
  facet normal 0.831322 0.555792 0
    outer loop
      vertex 22.4713 3.6 0
      vertex 22.624 3.3716 2
      vertex 22.624 3.3716 0
    endloop
  endfacet
  facet normal 0.195101 0.980783 -0
    outer loop
      vertex 24.0159 2.56797 0
      vertex 23.7465 2.62156 2
      vertex 24.0159 2.56797 2
    endloop
  endfacet
  facet normal 0.195101 0.980783 0
    outer loop
      vertex 23.7465 2.62156 2
      vertex 24.0159 2.56797 0
      vertex 23.7465 2.62156 0
    endloop
  endfacet
  facet normal -0.831322 -0.555792 0
    outer loop
      vertex 26.1087 5.7 0
      vertex 25.956 5.9284 2
      vertex 25.956 5.9284 0
    endloop
  endfacet
  facet normal -0.831322 -0.555792 0
    outer loop
      vertex 25.956 5.9284 2
      vertex 26.1087 5.7 0
      vertex 26.1087 5.7 2
    endloop
  endfacet
  facet normal -0.555565 0.831473 0
    outer loop
      vertex 25.5684 2.98396 0
      vertex 25.34 2.83135 2
      vertex 25.5684 2.98396 2
    endloop
  endfacet
  facet normal -0.555565 0.831473 0
    outer loop
      vertex 25.34 2.83135 2
      vertex 25.5684 2.98396 0
      vertex 25.34 2.83135 0
    endloop
  endfacet
  facet normal -0.321433 -0.946932 0
    outer loop
      vertex 24.8335 6.67844 0
      vertex 25.0936 6.59015 2
      vertex 24.8335 6.67844 2
    endloop
  endfacet
  facet normal -0.321433 -0.946932 -0
    outer loop
      vertex 25.0936 6.59015 2
      vertex 24.8335 6.67844 0
      vertex 25.0936 6.59015 0
    endloop
  endfacet
  facet normal 0.980778 0.195129 0
    outer loop
      vertex 22.2616 4.10648 2
      vertex 22.208 4.37589 0
      vertex 22.208 4.37589 2
    endloop
  endfacet
  facet normal 0.980778 0.195129 0
    outer loop
      vertex 22.208 4.37589 0
      vertex 22.2616 4.10648 2
      vertex 22.2616 4.10648 0
    endloop
  endfacet
  facet normal -0.751864 -0.659319 0
    outer loop
      vertex 25.956 5.9284 0
      vertex 25.7749 6.13492 2
      vertex 25.7749 6.13492 0
    endloop
  endfacet
  facet normal -0.751864 -0.659319 0
    outer loop
      vertex 25.7749 6.13492 2
      vertex 25.956 5.9284 0
      vertex 25.956 5.9284 2
    endloop
  endfacet
  facet normal -0.997851 0.0655259 0
    outer loop
      vertex 26.372 4.37589 0
      vertex 26.39 4.65 2
      vertex 26.39 4.65 0
    endloop
  endfacet
  facet normal -0.997851 0.0655259 0
    outer loop
      vertex 26.39 4.65 2
      vertex 26.372 4.37589 0
      vertex 26.372 4.37589 2
    endloop
  endfacet
  facet normal -0.659396 -0.751796 0
    outer loop
      vertex 25.5684 6.31604 0
      vertex 25.7749 6.13492 2
      vertex 25.5684 6.31604 2
    endloop
  endfacet
  facet normal -0.659396 -0.751796 -0
    outer loop
      vertex 25.7749 6.13492 2
      vertex 25.5684 6.31604 0
      vertex 25.7749 6.13492 0
    endloop
  endfacet
  facet normal 0.555565 -0.831473 0
    outer loop
      vertex 23.0116 6.31604 0
      vertex 23.24 6.46865 2
      vertex 23.0116 6.31604 2
    endloop
  endfacet
  facet normal 0.555565 -0.831473 0
    outer loop
      vertex 23.24 6.46865 2
      vertex 23.0116 6.31604 0
      vertex 23.24 6.46865 0
    endloop
  endfacet
  facet normal 0.555565 0.831473 -0
    outer loop
      vertex 23.24 2.83135 0
      vertex 23.0116 2.98396 2
      vertex 23.24 2.83135 2
    endloop
  endfacet
  facet normal 0.555565 0.831473 0
    outer loop
      vertex 23.0116 2.98396 2
      vertex 23.24 2.83135 0
      vertex 23.0116 2.98396 0
    endloop
  endfacet
  facet normal 0.0654196 -0.997858 0
    outer loop
      vertex 24.0159 6.73203 0
      vertex 24.29 6.75 2
      vertex 24.0159 6.73203 2
    endloop
  endfacet
  facet normal 0.0654196 -0.997858 0
    outer loop
      vertex 24.29 6.75 2
      vertex 24.0159 6.73203 0
      vertex 24.29 6.75 0
    endloop
  endfacet
  facet normal 0.321433 -0.946932 0
    outer loop
      vertex 23.4864 6.59015 0
      vertex 23.7465 6.67844 2
      vertex 23.4864 6.59015 2
    endloop
  endfacet
  facet normal 0.321433 -0.946932 0
    outer loop
      vertex 23.7465 6.67844 2
      vertex 23.4864 6.59015 0
      vertex 23.7465 6.67844 0
    endloop
  endfacet
  facet normal 0.751864 0.659319 0
    outer loop
      vertex 22.8051 3.16508 2
      vertex 22.624 3.3716 0
      vertex 22.624 3.3716 2
    endloop
  endfacet
  facet normal 0.751864 0.659319 0
    outer loop
      vertex 22.624 3.3716 0
      vertex 22.8051 3.16508 2
      vertex 22.8051 3.16508 0
    endloop
  endfacet
  facet normal -0.195101 0.980783 0
    outer loop
      vertex 24.8335 2.62156 0
      vertex 24.5641 2.56797 2
      vertex 24.8335 2.62156 2
    endloop
  endfacet
  facet normal -0.195101 0.980783 0
    outer loop
      vertex 24.5641 2.56797 2
      vertex 24.8335 2.62156 0
      vertex 24.5641 2.56797 0
    endloop
  endfacet
  facet normal -0.0654196 0.997858 0
    outer loop
      vertex 24.5641 2.56797 0
      vertex 24.29 2.55 2
      vertex 24.5641 2.56797 2
    endloop
  endfacet
  facet normal -0.0654196 0.997858 0
    outer loop
      vertex 24.29 2.55 2
      vertex 24.5641 2.56797 0
      vertex 24.29 2.55 0
    endloop
  endfacet
  facet normal 0.897005 0.442021 0
    outer loop
      vertex 22.4713 3.6 2
      vertex 22.3499 3.84636 0
      vertex 22.3499 3.84636 2
    endloop
  endfacet
  facet normal 0.897005 0.442021 0
    outer loop
      vertex 22.3499 3.84636 0
      vertex 22.4713 3.6 2
      vertex 22.4713 3.6 0
    endloop
  endfacet
  facet normal -0.897005 0.442021 0
    outer loop
      vertex 26.1087 3.6 0
      vertex 26.2301 3.84636 2
      vertex 26.2301 3.84636 0
    endloop
  endfacet
  facet normal -0.897005 0.442021 0
    outer loop
      vertex 26.2301 3.84636 2
      vertex 26.1087 3.6 0
      vertex 26.1087 3.6 2
    endloop
  endfacet
  facet normal 0.442256 -0.896889 0
    outer loop
      vertex 23.24 6.46865 0
      vertex 23.4864 6.59015 2
      vertex 23.24 6.46865 2
    endloop
  endfacet
  facet normal 0.442256 -0.896889 0
    outer loop
      vertex 23.4864 6.59015 2
      vertex 23.24 6.46865 0
      vertex 23.4864 6.59015 0
    endloop
  endfacet
  facet normal 0.751864 -0.659319 0
    outer loop
      vertex 22.624 5.9284 2
      vertex 22.8051 6.13492 0
      vertex 22.8051 6.13492 2
    endloop
  endfacet
  facet normal 0.751864 -0.659319 0
    outer loop
      vertex 22.8051 6.13492 0
      vertex 22.624 5.9284 2
      vertex 22.624 5.9284 0
    endloop
  endfacet
  facet normal 0.659396 0.751796 -0
    outer loop
      vertex 23.0116 2.98396 0
      vertex 22.8051 3.16508 2
      vertex 23.0116 2.98396 2
    endloop
  endfacet
  facet normal 0.659396 0.751796 0
    outer loop
      vertex 22.8051 3.16508 2
      vertex 23.0116 2.98396 0
      vertex 22.8051 3.16508 0
    endloop
  endfacet
  facet normal -0.0654196 -0.997858 0
    outer loop
      vertex 24.29 6.75 0
      vertex 24.5641 6.73203 2
      vertex 24.29 6.75 2
    endloop
  endfacet
  facet normal -0.0654196 -0.997858 -0
    outer loop
      vertex 24.5641 6.73203 2
      vertex 24.29 6.75 0
      vertex 24.5641 6.73203 0
    endloop
  endfacet
  facet normal 0.997851 -0.0655283 0
    outer loop
      vertex 22.19 4.65 2
      vertex 22.208 4.9241 0
      vertex 22.208 4.9241 2
    endloop
  endfacet
  facet normal 0.997851 -0.0655283 0
    outer loop
      vertex 22.208 4.9241 0
      vertex 22.19 4.65 2
      vertex 22.19 4.65 0
    endloop
  endfacet
  facet normal -0.442256 0.896889 0
    outer loop
      vertex 25.34 2.83135 0
      vertex 25.0936 2.70985 2
      vertex 25.34 2.83135 2
    endloop
  endfacet
  facet normal -0.442256 0.896889 0
    outer loop
      vertex 25.0936 2.70985 2
      vertex 25.34 2.83135 0
      vertex 25.0936 2.70985 0
    endloop
  endfacet
  facet normal 0.195101 -0.980783 0
    outer loop
      vertex 23.7465 6.67844 0
      vertex 24.0159 6.73203 2
      vertex 23.7465 6.67844 2
    endloop
  endfacet
  facet normal 0.195101 -0.980783 0
    outer loop
      vertex 24.0159 6.73203 2
      vertex 23.7465 6.67844 0
      vertex 24.0159 6.73203 0
    endloop
  endfacet
  facet normal 0.321433 0.946932 -0
    outer loop
      vertex 23.7465 2.62156 0
      vertex 23.4864 2.70985 2
      vertex 23.7465 2.62156 2
    endloop
  endfacet
  facet normal 0.321433 0.946932 0
    outer loop
      vertex 23.4864 2.70985 2
      vertex 23.7465 2.62156 0
      vertex 23.4864 2.70985 0
    endloop
  endfacet
  facet normal 0.980779 -0.195122 0
    outer loop
      vertex 22.208 4.9241 2
      vertex 22.2616 5.19352 0
      vertex 22.2616 5.19352 2
    endloop
  endfacet
  facet normal 0.980779 -0.195122 0
    outer loop
      vertex 22.2616 5.19352 0
      vertex 22.208 4.9241 2
      vertex 22.208 4.9241 0
    endloop
  endfacet
  facet normal 0.946925 -0.321454 0
    outer loop
      vertex 22.2616 5.19352 2
      vertex 22.3499 5.45363 0
      vertex 22.3499 5.45363 2
    endloop
  endfacet
  facet normal 0.946925 -0.321454 0
    outer loop
      vertex 22.3499 5.45363 0
      vertex 22.2616 5.19352 2
      vertex 22.2616 5.19352 0
    endloop
  endfacet
  facet normal 0.831322 -0.555792 0
    outer loop
      vertex 22.4713 5.7 2
      vertex 22.624 5.9284 0
      vertex 22.624 5.9284 2
    endloop
  endfacet
  facet normal 0.831322 -0.555792 0
    outer loop
      vertex 22.624 5.9284 0
      vertex 22.4713 5.7 2
      vertex 22.4713 5.7 0
    endloop
  endfacet
  facet normal 0.897012 -0.442007 0
    outer loop
      vertex 22.3499 5.45363 2
      vertex 22.4713 5.7 0
      vertex 22.4713 5.7 2
    endloop
  endfacet
  facet normal 0.897012 -0.442007 0
    outer loop
      vertex 22.4713 5.7 0
      vertex 22.3499 5.45363 2
      vertex 22.3499 5.45363 0
    endloop
  endfacet
  facet normal 0.0654196 0.997858 -0
    outer loop
      vertex 24.29 2.55 0
      vertex 24.0159 2.56797 2
      vertex 24.29 2.55 2
    endloop
  endfacet
  facet normal 0.0654196 0.997858 0
    outer loop
      vertex 24.0159 2.56797 2
      vertex 24.29 2.55 0
      vertex 24.0159 2.56797 0
    endloop
  endfacet
  facet normal -0.659396 0.751796 0
    outer loop
      vertex 25.7749 3.16508 0
      vertex 25.5684 2.98396 2
      vertex 25.7749 3.16508 2
    endloop
  endfacet
  facet normal -0.659396 0.751796 0
    outer loop
      vertex 25.5684 2.98396 2
      vertex 25.7749 3.16508 0
      vertex 25.5684 2.98396 0
    endloop
  endfacet
  facet normal -0.751864 0.659319 0
    outer loop
      vertex 25.7749 3.16508 0
      vertex 25.956 3.3716 2
      vertex 25.956 3.3716 0
    endloop
  endfacet
  facet normal -0.751864 0.659319 0
    outer loop
      vertex 25.956 3.3716 2
      vertex 25.7749 3.16508 0
      vertex 25.7749 3.16508 2
    endloop
  endfacet
  facet normal -1 0 0
    outer loop
      vertex 61.1 32.9 7.4
      vertex 61.1 34.9 15.2
      vertex 61.1 34.9 7.4
    endloop
  endfacet
  facet normal -1 -0 0
    outer loop
      vertex 61.1 34.9 15.2
      vertex 61.1 32.9 7.4
      vertex 61.1 32.9 15.2
    endloop
  endfacet
  facet normal -0 0 1
    outer loop
      vertex 8.7 34.9 7.4
      vertex 61.1 32.9 7.4
      vertex 61.1 34.9 7.4
    endloop
  endfacet
  facet normal 0 0 1
    outer loop
      vertex 61.1 32.9 7.4
      vertex 8.7 34.9 7.4
      vertex 8.7 32.9 7.4
    endloop
  endfacet
  facet normal 1 -0 0
    outer loop
      vertex 8.7 32.9 15.2
      vertex 8.7 34.9 7.4
      vertex 8.7 34.9 15.2
    endloop
  endfacet
  facet normal 1 0 0
    outer loop
      vertex 8.7 34.9 7.4
      vertex 8.7 32.9 15.2
      vertex 8.7 32.9 7.4
    endloop
  endfacet
  facet normal -0.442386 -0.896825 0
    outer loop
      vertex 81.05 2.52776 2
      vertex 81.2494 2.4294 3.8
      vertex 81.05 2.52776 3.8
    endloop
  endfacet
  facet normal -0.442386 -0.896825 -0
    outer loop
      vertex 81.2494 2.4294 3.8
      vertex 81.05 2.52776 2
      vertex 81.2494 2.4294 2
    endloop
  endfacet
  facet normal -0.44253 0.896754 0
    outer loop
      vertex 81.2494 32.4706 2
      vertex 81.05 32.3722 3.8
      vertex 81.2494 32.4706 3.8
    endloop
  endfacet
  facet normal -0.44253 0.896754 0
    outer loop
      vertex 81.05 32.3722 3.8
      vertex 81.2494 32.4706 2
      vertex 81.05 32.3722 2
    endloop
  endfacet
  facet normal -1 0 0
    outer loop
      vertex 80.2 4 2
      vertex 80.2 30.9 3.8
      vertex 80.2 30.9 2
    endloop
  endfacet
  facet normal -1 -0 0
    outer loop
      vertex 80.2 30.9 3.8
      vertex 80.2 4 2
      vertex 80.2 4 3.8
    endloop
  endfacet
  facet normal -0.555551 -0.831483 0
    outer loop
      vertex 80.8651 2.6513 2
      vertex 81.05 2.52776 3.8
      vertex 80.8651 2.6513 3.8
    endloop
  endfacet
  facet normal -0.555551 -0.831483 -0
    outer loop
      vertex 81.05 2.52776 3.8
      vertex 80.8651 2.6513 2
      vertex 81.05 2.52776 2
    endloop
  endfacet
  facet normal -0.659268 0.751908 0
    outer loop
      vertex 80.8651 32.2487 2
      vertex 80.6979 32.1021 3.8
      vertex 80.8651 32.2487 3.8
    endloop
  endfacet
  facet normal -0.659268 0.751908 0
    outer loop
      vertex 80.6979 32.1021 3.8
      vertex 80.8651 32.2487 2
      vertex 80.6979 32.1021 2
    endloop
  endfacet
  facet normal 0.997723 0.0674441 0
    outer loop
      vertex 145.5 30.9 3.8
      vertex 145.485 31.1219 2
      vertex 145.485 31.1219 3.8
    endloop
  endfacet
  facet normal 0.997723 0.0674441 0
    outer loop
      vertex 145.485 31.1219 2
      vertex 145.5 30.9 3.8
      vertex 145.5 30.9 2
    endloop
  endfacet
  facet normal 0.0653555 -0.997862 0
    outer loop
      vertex 143.8 2.3 2
      vertex 144.022 2.31454 3.8
      vertex 143.8 2.3 3.8
    endloop
  endfacet
  facet normal 0.0653555 -0.997862 0
    outer loop
      vertex 144.022 2.31454 3.8
      vertex 143.8 2.3 2
      vertex 144.022 2.31454 2
    endloop
  endfacet
  facet normal 1 -0 0
    outer loop
      vertex 145.5 4 3.8
      vertex 145.5 30.9 2
      vertex 145.5 30.9 3.8
    endloop
  endfacet
  facet normal 1 0 0
    outer loop
      vertex 145.5 30.9 2
      vertex 145.5 4 3.8
      vertex 145.5 4 2
    endloop
  endfacet
  facet normal -0.195165 0.98077 0
    outer loop
      vertex 81.6781 32.5855 2
      vertex 81.46 32.5421 3.8
      vertex 81.6781 32.5855 3.8
    endloop
  endfacet
  facet normal -0.195165 0.98077 0
    outer loop
      vertex 81.46 32.5421 3.8
      vertex 81.6781 32.5855 2
      vertex 81.46 32.5421 2
    endloop
  endfacet
  facet normal 0 1 -0
    outer loop
      vertex 143.8 32.6 2
      vertex 81.9 32.6 3.8
      vertex 143.8 32.6 3.8
    endloop
  endfacet
  facet normal 0 1 0
    outer loop
      vertex 81.9 32.6 3.8
      vertex 143.8 32.6 2
      vertex 81.9 32.6 2
    endloop
  endfacet
  facet normal 0.895681 0.444696 0
    outer loop
      vertex 145.371 31.5506 3.8
      vertex 145.272 31.75 2
      vertex 145.272 31.75 3.8
    endloop
  endfacet
  facet normal 0.895681 0.444696 0
    outer loop
      vertex 145.272 31.75 2
      vertex 145.371 31.5506 3.8
      vertex 145.371 31.5506 2
    endloop
  endfacet
  facet normal 0 -1 0
    outer loop
      vertex 139 2.3 2
      vertex 143.8 2.3 3.8
      vertex 139 2.3 3.8
    endloop
  endfacet
  facet normal 0 -1 -0
    outer loop
      vertex 143.8 2.3 3.8
      vertex 139 2.3 2
      vertex 143.8 2.3 2
    endloop
  endfacet
  facet normal 0 -1 0
    outer loop
      vertex 81.9 2.3 2
      vertex 86.6 2.3 3.8
      vertex 81.9 2.3 3.8
    endloop
  endfacet
  facet normal 0 -1 -0
    outer loop
      vertex 86.6 2.3 3.8
      vertex 81.9 2.3 2
      vertex 86.6 2.3 2
    endloop
  endfacet
  facet normal 0.83259 -0.553889 0
    outer loop
      vertex 145.149 2.96511 3.8
      vertex 145.272 3.15 2
      vertex 145.272 3.15 3.8
    endloop
  endfacet
  facet normal 0.83259 -0.553889 0
    outer loop
      vertex 145.272 3.15 2
      vertex 145.149 2.96511 3.8
      vertex 145.149 2.96511 2
    endloop
  endfacet
  facet normal -0.896789 -0.442459 0
    outer loop
      vertex 80.4278 3.15 2
      vertex 80.3294 3.34944 3.8
      vertex 80.3294 3.34944 2
    endloop
  endfacet
  facet normal -0.896789 -0.442459 0
    outer loop
      vertex 80.3294 3.34944 3.8
      vertex 80.4278 3.15 2
      vertex 80.4278 3.15 3.8
    endloop
  endfacet
  facet normal -0.896754 0.44253 0
    outer loop
      vertex 80.3294 31.5506 2
      vertex 80.4278 31.75 3.8
      vertex 80.4278 31.75 2
    endloop
  endfacet
  facet normal -0.896754 0.44253 0
    outer loop
      vertex 80.4278 31.75 3.8
      vertex 80.3294 31.5506 2
      vertex 80.3294 31.5506 3.8
    endloop
  endfacet
  facet normal -0.555426 0.831566 0
    outer loop
      vertex 81.05 32.3722 2
      vertex 80.8651 32.2487 3.8
      vertex 81.05 32.3722 3.8
    endloop
  endfacet
  facet normal -0.555426 0.831566 0
    outer loop
      vertex 80.8651 32.2487 3.8
      vertex 81.05 32.3722 2
      vertex 80.8651 32.2487 2
    endloop
  endfacet
  facet normal -0.946915 0.321484 0
    outer loop
      vertex 80.2579 31.34 2
      vertex 80.3294 31.5506 3.8
      vertex 80.3294 31.5506 2
    endloop
  endfacet
  facet normal -0.946915 0.321484 0
    outer loop
      vertex 80.3294 31.5506 3.8
      vertex 80.2579 31.34 2
      vertex 80.2579 31.34 3.8
    endloop
  endfacet
  facet normal -0.997872 0.0652057 0
    outer loop
      vertex 80.2 30.9 2
      vertex 80.2145 31.1219 3.8
      vertex 80.2145 31.1219 2
    endloop
  endfacet
  facet normal -0.997872 0.0652057 0
    outer loop
      vertex 80.2145 31.1219 3.8
      vertex 80.2 30.9 2
      vertex 80.2 30.9 3.8
    endloop
  endfacet
  facet normal -0.831552 -0.555447 0
    outer loop
      vertex 80.5513 2.96511 2
      vertex 80.4278 3.15 3.8
      vertex 80.4278 3.15 2
    endloop
  endfacet
  facet normal -0.831552 -0.555447 0
    outer loop
      vertex 80.4278 3.15 3.8
      vertex 80.5513 2.96511 2
      vertex 80.5513 2.96511 3.8
    endloop
  endfacet
  facet normal -0.0652057 0.997872 0
    outer loop
      vertex 81.9 32.6 2
      vertex 81.6781 32.5855 3.8
      vertex 81.9 32.6 3.8
    endloop
  endfacet
  facet normal -0.0652057 0.997872 0
    outer loop
      vertex 81.6781 32.5855 3.8
      vertex 81.9 32.6 2
      vertex 81.6781 32.5855 2
    endloop
  endfacet
  facet normal 0.751016 0.660284 0
    outer loop
      vertex 145.149 31.9349 3.8
      vertex 145.002 32.1021 2
      vertex 145.002 32.1021 3.8
    endloop
  endfacet
  facet normal 0.751016 0.660284 0
    outer loop
      vertex 145.002 32.1021 2
      vertex 145.149 31.9349 3.8
      vertex 145.149 31.9349 2
    endloop
  endfacet
  facet normal 0.195208 -0.980762 0
    outer loop
      vertex 144.022 2.31454 2
      vertex 144.24 2.35793 3.8
      vertex 144.022 2.31454 3.8
    endloop
  endfacet
  facet normal 0.195208 -0.980762 0
    outer loop
      vertex 144.24 2.35793 3.8
      vertex 144.022 2.31454 2
      vertex 144.24 2.35793 2
    endloop
  endfacet
  facet normal 0.947584 -0.319506 0
    outer loop
      vertex 145.371 3.34944 3.8
      vertex 145.442 3.56001 2
      vertex 145.442 3.56001 3.8
    endloop
  endfacet
  facet normal 0.947584 -0.319506 0
    outer loop
      vertex 145.442 3.56001 2
      vertex 145.371 3.34944 3.8
      vertex 145.371 3.34944 2
    endloop
  endfacet
  facet normal 0.555219 0.831704 -0
    outer loop
      vertex 144.835 32.2487 2
      vertex 144.65 32.3722 3.8
      vertex 144.835 32.2487 3.8
    endloop
  endfacet
  facet normal 0.555219 0.831704 0
    outer loop
      vertex 144.65 32.3722 3.8
      vertex 144.835 32.2487 2
      vertex 144.65 32.3722 2
    endloop
  endfacet
  facet normal 0.195251 0.980753 -0
    outer loop
      vertex 144.24 32.5421 2
      vertex 144.022 32.5855 3.8
      vertex 144.24 32.5421 3.8
    endloop
  endfacet
  facet normal 0.195251 0.980753 0
    outer loop
      vertex 144.022 32.5855 3.8
      vertex 144.24 32.5421 2
      vertex 144.022 32.5855 2
    endloop
  endfacet
  facet normal -0.659319 -0.751863 0
    outer loop
      vertex 80.6979 2.79792 2
      vertex 80.8651 2.6513 3.8
      vertex 80.6979 2.79792 3.8
    endloop
  endfacet
  facet normal -0.659319 -0.751863 -0
    outer loop
      vertex 80.8651 2.6513 3.8
      vertex 80.6979 2.79792 2
      vertex 80.8651 2.6513 2
    endloop
  endfacet
  facet normal -0.195122 -0.980779 0
    outer loop
      vertex 81.46 2.35793 2
      vertex 81.6781 2.31454 3.8
      vertex 81.46 2.35793 3.8
    endloop
  endfacet
  facet normal -0.195122 -0.980779 -0
    outer loop
      vertex 81.6781 2.31454 3.8
      vertex 81.46 2.35793 2
      vertex 81.6781 2.31454 2
    endloop
  endfacet
  facet normal -0.946901 -0.321525 0
    outer loop
      vertex 80.3294 3.34944 2
      vertex 80.2579 3.56001 3.8
      vertex 80.2579 3.56001 2
    endloop
  endfacet
  facet normal -0.946901 -0.321525 0
    outer loop
      vertex 80.2579 3.56001 3.8
      vertex 80.3294 3.34944 2
      vertex 80.3294 3.34944 3.8
    endloop
  endfacet
  facet normal -0.321363 -0.946956 0
    outer loop
      vertex 81.2494 2.4294 2
      vertex 81.46 2.35793 3.8
      vertex 81.2494 2.4294 3.8
    endloop
  endfacet
  facet normal -0.321363 -0.946956 -0
    outer loop
      vertex 81.46 2.35793 3.8
      vertex 81.2494 2.4294 2
      vertex 81.46 2.35793 2
    endloop
  endfacet
  facet normal 0.997723 -0.0674471 0
    outer loop
      vertex 145.485 3.77811 3.8
      vertex 145.5 4 2
      vertex 145.5 4 3.8
    endloop
  endfacet
  facet normal 0.997723 -0.0674471 0
    outer loop
      vertex 145.5 4 2
      vertex 145.485 3.77811 3.8
      vertex 145.485 3.77811 2
    endloop
  endfacet
  facet normal 0.320937 0.947101 -0
    outer loop
      vertex 144.451 32.4706 2
      vertex 144.24 32.5421 3.8
      vertex 144.451 32.4706 3.8
    endloop
  endfacet
  facet normal 0.320937 0.947101 0
    outer loop
      vertex 144.24 32.5421 3.8
      vertex 144.451 32.4706 2
      vertex 144.24 32.5421 2
    endloop
  endfacet
  facet normal 0.659765 -0.751472 0
    outer loop
      vertex 144.835 2.6513 2
      vertex 145.002 2.79792 3.8
      vertex 144.835 2.6513 3.8
    endloop
  endfacet
  facet normal 0.659765 -0.751472 0
    outer loop
      vertex 145.002 2.79792 3.8
      vertex 144.835 2.6513 2
      vertex 145.002 2.79792 2
    endloop
  endfacet
  facet normal -0.751888 -0.659291 0
    outer loop
      vertex 80.6979 2.79792 2
      vertex 80.5513 2.96511 3.8
      vertex 80.5513 2.96511 2
    endloop
  endfacet
  facet normal -0.751888 -0.659291 0
    outer loop
      vertex 80.5513 2.96511 3.8
      vertex 80.6979 2.79792 2
      vertex 80.6979 2.79792 3.8
    endloop
  endfacet
  facet normal -0.321484 0.946915 0
    outer loop
      vertex 81.46 32.5421 2
      vertex 81.2494 32.4706 3.8
      vertex 81.46 32.5421 3.8
    endloop
  endfacet
  facet normal -0.321484 0.946915 0
    outer loop
      vertex 81.2494 32.4706 3.8
      vertex 81.46 32.5421 2
      vertex 81.2494 32.4706 2
    endloop
  endfacet
  facet normal -0.751908 0.659268 0
    outer loop
      vertex 80.5513 31.9349 2
      vertex 80.6979 32.1021 3.8
      vertex 80.6979 32.1021 2
    endloop
  endfacet
  facet normal -0.751908 0.659268 0
    outer loop
      vertex 80.6979 32.1021 3.8
      vertex 80.5513 31.9349 2
      vertex 80.5513 31.9349 3.8
    endloop
  endfacet
  facet normal 0.947598 0.319466 0
    outer loop
      vertex 145.442 31.34 3.8
      vertex 145.371 31.5506 2
      vertex 145.371 31.5506 3.8
    endloop
  endfacet
  facet normal 0.947598 0.319466 0
    outer loop
      vertex 145.371 31.5506 2
      vertex 145.442 31.34 3.8
      vertex 145.442 31.34 2
    endloop
  endfacet
  facet normal 0.981113 0.193434 0
    outer loop
      vertex 145.485 31.1219 3.8
      vertex 145.442 31.34 2
      vertex 145.442 31.34 3.8
    endloop
  endfacet
  facet normal 0.981113 0.193434 0
    outer loop
      vertex 145.442 31.34 2
      vertex 145.485 31.1219 3.8
      vertex 145.485 31.1219 2
    endloop
  endfacet
  facet normal -0.997872 -0.0652086 0
    outer loop
      vertex 80.2145 3.77811 2
      vertex 80.2 4 3.8
      vertex 80.2 4 2
    endloop
  endfacet
  facet normal -0.997872 -0.0652086 0
    outer loop
      vertex 80.2 4 3.8
      vertex 80.2145 3.77811 2
      vertex 80.2145 3.77811 3.8
    endloop
  endfacet
  facet normal -0.98077 -0.195165 0
    outer loop
      vertex 80.2579 3.56001 2
      vertex 80.2145 3.77811 3.8
      vertex 80.2145 3.77811 2
    endloop
  endfacet
  facet normal -0.98077 -0.195165 0
    outer loop
      vertex 80.2145 3.77811 3.8
      vertex 80.2579 3.56001 2
      vertex 80.2579 3.56001 3.8
    endloop
  endfacet
  facet normal 0.750997 -0.660306 0
    outer loop
      vertex 145.002 2.79792 3.8
      vertex 145.149 2.96511 2
      vertex 145.149 2.96511 3.8
    endloop
  endfacet
  facet normal 0.750997 -0.660306 0
    outer loop
      vertex 145.149 2.96511 2
      vertex 145.002 2.79792 3.8
      vertex 145.002 2.79792 2
    endloop
  endfacet
  facet normal -0.0653848 -0.99786 0
    outer loop
      vertex 81.6781 2.31454 2
      vertex 81.9 2.3 3.8
      vertex 81.6781 2.31454 3.8
    endloop
  endfacet
  facet normal -0.0653848 -0.99786 -0
    outer loop
      vertex 81.9 2.3 3.8
      vertex 81.6781 2.31454 2
      vertex 81.9 2.3 2
    endloop
  endfacet
  facet normal -0.831566 0.555426 0
    outer loop
      vertex 80.4278 31.75 2
      vertex 80.5513 31.9349 3.8
      vertex 80.5513 31.9349 2
    endloop
  endfacet
  facet normal -0.831566 0.555426 0
    outer loop
      vertex 80.5513 31.9349 3.8
      vertex 80.4278 31.75 2
      vertex 80.4278 31.75 3.8
    endloop
  endfacet
  facet normal 0.659714 0.751516 -0
    outer loop
      vertex 145.002 32.1021 2
      vertex 144.835 32.2487 3.8
      vertex 145.002 32.1021 3.8
    endloop
  endfacet
  facet normal 0.659714 0.751516 0
    outer loop
      vertex 144.835 32.2487 3.8
      vertex 145.002 32.1021 2
      vertex 144.835 32.2487 2
    endloop
  endfacet
  facet normal 0.981113 -0.193434 0
    outer loop
      vertex 145.442 3.56001 3.8
      vertex 145.485 3.77811 2
      vertex 145.485 3.77811 3.8
    endloop
  endfacet
  facet normal 0.981113 -0.193434 0
    outer loop
      vertex 145.485 3.77811 2
      vertex 145.442 3.56001 3.8
      vertex 145.442 3.56001 2
    endloop
  endfacet
  facet normal 0.443245 0.8964 -0
    outer loop
      vertex 144.65 32.3722 2
      vertex 144.451 32.4706 3.8
      vertex 144.65 32.3722 3.8
    endloop
  endfacet
  facet normal 0.443245 0.8964 0
    outer loop
      vertex 144.451 32.4706 3.8
      vertex 144.65 32.3722 2
      vertex 144.451 32.4706 2
    endloop
  endfacet
  facet normal 0.320816 -0.947141 0
    outer loop
      vertex 144.24 2.35793 2
      vertex 144.451 2.4294 3.8
      vertex 144.24 2.35793 3.8
    endloop
  endfacet
  facet normal 0.320816 -0.947141 0
    outer loop
      vertex 144.451 2.4294 3.8
      vertex 144.24 2.35793 2
      vertex 144.451 2.4294 2
    endloop
  endfacet
  facet normal 0.832604 0.553869 0
    outer loop
      vertex 145.272 31.75 3.8
      vertex 145.149 31.9349 2
      vertex 145.149 31.9349 3.8
    endloop
  endfacet
  facet normal 0.832604 0.553869 0
    outer loop
      vertex 145.149 31.9349 2
      vertex 145.272 31.75 3.8
      vertex 145.272 31.75 2
    endloop
  endfacet
  facet normal -0.98077 0.195165 0
    outer loop
      vertex 80.2145 31.1219 2
      vertex 80.2579 31.34 3.8
      vertex 80.2579 31.34 2
    endloop
  endfacet
  facet normal -0.98077 0.195165 0
    outer loop
      vertex 80.2579 31.34 3.8
      vertex 80.2145 31.1219 2
      vertex 80.2145 31.1219 3.8
    endloop
  endfacet
  facet normal 0.895717 -0.444625 0
    outer loop
      vertex 145.272 3.15 3.8
      vertex 145.371 3.34944 2
      vertex 145.371 3.34944 3.8
    endloop
  endfacet
  facet normal 0.895717 -0.444625 0
    outer loop
      vertex 145.371 3.34944 2
      vertex 145.272 3.15 3.8
      vertex 145.272 3.15 2
    endloop
  endfacet
  facet normal 0.0651764 0.997874 -0
    outer loop
      vertex 144.022 32.5855 2
      vertex 143.8 32.6 3.8
      vertex 144.022 32.5855 3.8
    endloop
  endfacet
  facet normal 0.0651764 0.997874 0
    outer loop
      vertex 143.8 32.6 3.8
      vertex 144.022 32.5855 2
      vertex 143.8 32.6 2
    endloop
  endfacet
  facet normal 0.555343 -0.831621 0
    outer loop
      vertex 144.65 2.52776 2
      vertex 144.835 2.6513 3.8
      vertex 144.65 2.52776 3.8
    endloop
  endfacet
  facet normal 0.555343 -0.831621 0
    outer loop
      vertex 144.835 2.6513 3.8
      vertex 144.65 2.52776 2
      vertex 144.835 2.6513 2
    endloop
  endfacet
  facet normal 0.4431 -0.896472 0
    outer loop
      vertex 144.451 2.4294 2
      vertex 144.65 2.52776 3.8
      vertex 144.451 2.4294 3.8
    endloop
  endfacet
  facet normal 0.4431 -0.896472 0
    outer loop
      vertex 144.65 2.52776 3.8
      vertex 144.451 2.4294 2
      vertex 144.65 2.52776 2
    endloop
  endfacet
  facet normal 0 0 1
    outer loop
      vertex 144.2 30.9 3.8
      vertex 145.5 30.9 3.8
      vertex 145.485 31.1219 3.8
    endloop
  endfacet
  facet normal 0 0 1
    outer loop
      vertex 145.5 30.9 3.8
      vertex 144.2 30.9 3.8
      vertex 145.5 4 3.8
    endloop
  endfacet
  facet normal 0 0 1
    outer loop
      vertex 144.197 30.9522 3.8
      vertex 145.485 31.1219 3.8
      vertex 145.442 31.34 3.8
    endloop
  endfacet
  facet normal 0 0 1
    outer loop
      vertex 144.2 4 3.8
      vertex 145.5 4 3.8
      vertex 144.2 30.9 3.8
    endloop
  endfacet
  facet normal 0 0 1
    outer loop
      vertex 144.186 31.0035 3.8
      vertex 145.442 31.34 3.8
      vertex 145.371 31.5506 3.8
    endloop
  endfacet
  facet normal 0 0 1
    outer loop
      vertex 145.5 4 3.8
      vertex 144.2 4 3.8
      vertex 145.485 3.77811 3.8
    endloop
  endfacet
  facet normal 0 0 1
    outer loop
      vertex 144.17 31.0531 3.8
      vertex 145.371 31.5506 3.8
      vertex 145.272 31.75 3.8
    endloop
  endfacet
  facet normal -0 0 1
    outer loop
      vertex 144.197 3.94779 3.8
      vertex 145.485 3.77811 3.8
      vertex 144.2 4 3.8
    endloop
  endfacet
  facet normal 0 0 1
    outer loop
      vertex 144.146 31.1 3.8
      vertex 145.272 31.75 3.8
      vertex 145.149 31.9349 3.8
    endloop
  endfacet
  facet normal 0 0 1
    outer loop
      vertex 145.485 3.77811 3.8
      vertex 144.197 3.94779 3.8
      vertex 145.442 3.56001 3.8
    endloop
  endfacet
  facet normal 0 0 1
    outer loop
      vertex 144.117 31.1435 3.8
      vertex 145.149 31.9349 3.8
      vertex 145.002 32.1021 3.8
    endloop
  endfacet
  facet normal -0 0 1
    outer loop
      vertex 144.186 3.89647 3.8
      vertex 145.442 3.56001 3.8
      vertex 144.197 3.94779 3.8
    endloop
  endfacet
  facet normal 0 0 1
    outer loop
      vertex 144.083 31.1828 3.8
      vertex 145.002 32.1021 3.8
      vertex 144.835 32.2487 3.8
    endloop
  endfacet
  facet normal 0 0 1
    outer loop
      vertex 145.442 3.56001 3.8
      vertex 144.186 3.89647 3.8
      vertex 145.371 3.34944 3.8
    endloop
  endfacet
  facet normal 0 0 1
    outer loop
      vertex 144.044 31.2173 3.8
      vertex 144.835 32.2487 3.8
      vertex 144.65 32.3722 3.8
    endloop
  endfacet
  facet normal -0 0 1
    outer loop
      vertex 144.17 3.84693 3.8
      vertex 145.371 3.34944 3.8
      vertex 144.186 3.89647 3.8
    endloop
  endfacet
  facet normal 0 0 1
    outer loop
      vertex 144 31.2464 3.8
      vertex 144.65 32.3722 3.8
      vertex 144.451 32.4706 3.8
    endloop
  endfacet
  facet normal 0 0 1
    outer loop
      vertex 145.371 3.34944 3.8
      vertex 144.17 3.84693 3.8
      vertex 145.272 3.15 3.8
    endloop
  endfacet
  facet normal 0 0 1
    outer loop
      vertex 143.953 31.2696 3.8
      vertex 144.451 32.4706 3.8
      vertex 144.24 32.5421 3.8
    endloop
  endfacet
  facet normal -0 0 1
    outer loop
      vertex 144.146 3.8 3.8
      vertex 145.272 3.15 3.8
      vertex 144.17 3.84693 3.8
    endloop
  endfacet
  facet normal 0 0 1
    outer loop
      vertex 145.272 3.15 3.8
      vertex 144.146 3.8 3.8
      vertex 145.149 2.96511 3.8
    endloop
  endfacet
  facet normal 0 0 1
    outer loop
      vertex 145.485 31.1219 3.8
      vertex 144.197 30.9522 3.8
      vertex 144.2 30.9 3.8
    endloop
  endfacet
  facet normal 0 0 1
    outer loop
      vertex 145.442 31.34 3.8
      vertex 144.186 31.0035 3.8
      vertex 144.197 30.9522 3.8
    endloop
  endfacet
  facet normal 0 0 1
    outer loop
      vertex 145.371 31.5506 3.8
      vertex 144.17 31.0531 3.8
      vertex 144.186 31.0035 3.8
    endloop
  endfacet
  facet normal 0 0 1
    outer loop
      vertex 145.272 31.75 3.8
      vertex 144.146 31.1 3.8
      vertex 144.17 31.0531 3.8
    endloop
  endfacet
  facet normal 0 0 1
    outer loop
      vertex 145.149 31.9349 3.8
      vertex 144.117 31.1435 3.8
      vertex 144.146 31.1 3.8
    endloop
  endfacet
  facet normal 0 0 1
    outer loop
      vertex 145.002 32.1021 3.8
      vertex 144.083 31.1828 3.8
      vertex 144.117 31.1435 3.8
    endloop
  endfacet
  facet normal 0 0 1
    outer loop
      vertex 144.835 32.2487 3.8
      vertex 144.044 31.2173 3.8
      vertex 144.083 31.1828 3.8
    endloop
  endfacet
  facet normal 0 0 1
    outer loop
      vertex 143.904 31.2864 3.8
      vertex 144.24 32.5421 3.8
      vertex 144.022 32.5855 3.8
    endloop
  endfacet
  facet normal 0 0 1
    outer loop
      vertex 144.65 32.3722 3.8
      vertex 144 31.2464 3.8
      vertex 144.044 31.2173 3.8
    endloop
  endfacet
  facet normal 0 0 1
    outer loop
      vertex 144.451 32.4706 3.8
      vertex 143.953 31.2696 3.8
      vertex 144 31.2464 3.8
    endloop
  endfacet
  facet normal 0 0 1
    outer loop
      vertex 144.24 32.5421 3.8
      vertex 143.904 31.2864 3.8
      vertex 143.953 31.2696 3.8
    endloop
  endfacet
  facet normal 0 0 1
    outer loop
      vertex 144.022 32.5855 3.8
      vertex 143.852 31.2966 3.8
      vertex 143.904 31.2864 3.8
    endloop
  endfacet
  facet normal 0 0 1
    outer loop
      vertex 143.8 32.6 3.8
      vertex 143.852 31.2966 3.8
      vertex 144.022 32.5855 3.8
    endloop
  endfacet
  facet normal 0 0 1
    outer loop
      vertex 143.8 32.6 3.8
      vertex 143.8 31.3 3.8
      vertex 143.852 31.2966 3.8
    endloop
  endfacet
  facet normal -0 0 1
    outer loop
      vertex 81.9 32.6 3.8
      vertex 143.8 31.3 3.8
      vertex 143.8 32.6 3.8
    endloop
  endfacet
  facet normal 0 0 1
    outer loop
      vertex 81.9 32.6 3.8
      vertex 81.9 31.3 3.8
      vertex 143.8 31.3 3.8
    endloop
  endfacet
  facet normal 0 0 1
    outer loop
      vertex 81.9 32.6 3.8
      vertex 81.8478 31.2966 3.8
      vertex 81.9 31.3 3.8
    endloop
  endfacet
  facet normal -0 0 1
    outer loop
      vertex 81.6781 32.5855 3.8
      vertex 81.8478 31.2966 3.8
      vertex 81.9 32.6 3.8
    endloop
  endfacet
  facet normal 0 0 1
    outer loop
      vertex 81.8478 31.2966 3.8
      vertex 81.6781 32.5855 3.8
      vertex 81.7965 31.2864 3.8
    endloop
  endfacet
  facet normal -0 0 1
    outer loop
      vertex 81.46 32.5421 3.8
      vertex 81.7965 31.2864 3.8
      vertex 81.6781 32.5855 3.8
    endloop
  endfacet
  facet normal 0 0 1
    outer loop
      vertex 81.7965 31.2864 3.8
      vertex 81.46 32.5421 3.8
      vertex 81.7469 31.2696 3.8
    endloop
  endfacet
  facet normal -0 0 1
    outer loop
      vertex 81.2494 32.4706 3.8
      vertex 81.7469 31.2696 3.8
      vertex 81.46 32.5421 3.8
    endloop
  endfacet
  facet normal 0 0 1
    outer loop
      vertex 81.7469 31.2696 3.8
      vertex 81.2494 32.4706 3.8
      vertex 81.7 31.2464 3.8
    endloop
  endfacet
  facet normal -0 0 1
    outer loop
      vertex 81.05 32.3722 3.8
      vertex 81.7 31.2464 3.8
      vertex 81.2494 32.4706 3.8
    endloop
  endfacet
  facet normal 0 0 1
    outer loop
      vertex 81.7 31.2464 3.8
      vertex 81.05 32.3722 3.8
      vertex 81.6565 31.2173 3.8
    endloop
  endfacet
  facet normal -0 0 1
    outer loop
      vertex 80.8651 32.2487 3.8
      vertex 81.6565 31.2173 3.8
      vertex 81.05 32.3722 3.8
    endloop
  endfacet
  facet normal 0 0 1
    outer loop
      vertex 81.6565 31.2173 3.8
      vertex 80.8651 32.2487 3.8
      vertex 81.6172 31.1828 3.8
    endloop
  endfacet
  facet normal -0 0 1
    outer loop
      vertex 80.6979 32.1021 3.8
      vertex 81.6172 31.1828 3.8
      vertex 80.8651 32.2487 3.8
    endloop
  endfacet
  facet normal 0 0 1
    outer loop
      vertex 81.5827 31.1435 3.8
      vertex 80.5513 31.9349 3.8
      vertex 81.5536 31.1 3.8
    endloop
  endfacet
  facet normal -0 0 1
    outer loop
      vertex 80.5513 31.9349 3.8
      vertex 81.5827 31.1435 3.8
      vertex 80.6979 32.1021 3.8
    endloop
  endfacet
  facet normal 0 0 1
    outer loop
      vertex 81.6172 31.1828 3.8
      vertex 80.6979 32.1021 3.8
      vertex 81.5827 31.1435 3.8
    endloop
  endfacet
  facet normal -0 0 1
    outer loop
      vertex 144.117 3.7565 3.8
      vertex 145.149 2.96511 3.8
      vertex 144.146 3.8 3.8
    endloop
  endfacet
  facet normal 0 0 1
    outer loop
      vertex 145.149 2.96511 3.8
      vertex 144.117 3.7565 3.8
      vertex 145.002 2.79792 3.8
    endloop
  endfacet
  facet normal -0 0 1
    outer loop
      vertex 144.083 3.71716 3.8
      vertex 145.002 2.79792 3.8
      vertex 144.117 3.7565 3.8
    endloop
  endfacet
  facet normal 0 0 1
    outer loop
      vertex 145.002 2.79792 3.8
      vertex 144.083 3.71716 3.8
      vertex 144.835 2.6513 3.8
    endloop
  endfacet
  facet normal -0 0 1
    outer loop
      vertex 144.044 3.68266 3.8
      vertex 144.835 2.6513 3.8
      vertex 144.083 3.71716 3.8
    endloop
  endfacet
  facet normal 0 0 1
    outer loop
      vertex 144.835 2.6513 3.8
      vertex 144.044 3.68266 3.8
      vertex 144.65 2.52776 3.8
    endloop
  endfacet
  facet normal -0 0 1
    outer loop
      vertex 144 3.65359 3.8
      vertex 144.65 2.52776 3.8
      vertex 144.044 3.68266 3.8
    endloop
  endfacet
  facet normal 0 0 1
    outer loop
      vertex 144.65 2.52776 3.8
      vertex 144 3.65359 3.8
      vertex 144.451 2.4294 3.8
    endloop
  endfacet
  facet normal -0 0 1
    outer loop
      vertex 143.953 3.63045 3.8
      vertex 144.451 2.4294 3.8
      vertex 144 3.65359 3.8
    endloop
  endfacet
  facet normal 0 0 1
    outer loop
      vertex 144.451 2.4294 3.8
      vertex 143.953 3.63045 3.8
      vertex 144.24 2.35793 3.8
    endloop
  endfacet
  facet normal -0 0 1
    outer loop
      vertex 143.904 3.61363 3.8
      vertex 144.24 2.35793 3.8
      vertex 143.953 3.63045 3.8
    endloop
  endfacet
  facet normal 0 0 1
    outer loop
      vertex 144.24 2.35793 3.8
      vertex 143.904 3.61363 3.8
      vertex 144.022 2.31454 3.8
    endloop
  endfacet
  facet normal -0 0 1
    outer loop
      vertex 143.852 3.60342 3.8
      vertex 144.022 2.31454 3.8
      vertex 143.904 3.61363 3.8
    endloop
  endfacet
  facet normal -0 0 1
    outer loop
      vertex 143.8 3.6 3.8
      vertex 144.022 2.31454 3.8
      vertex 143.852 3.60342 3.8
    endloop
  endfacet
  facet normal 0 0 1
    outer loop
      vertex 143.8 3.6 3.8
      vertex 143.8 2.3 3.8
      vertex 144.022 2.31454 3.8
    endloop
  endfacet
  facet normal -0 0 1
    outer loop
      vertex 139 3.6 3.8
      vertex 143.8 2.3 3.8
      vertex 143.8 3.6 3.8
    endloop
  endfacet
  facet normal 0 0 1
    outer loop
      vertex 143.8 2.3 3.8
      vertex 139 3.6 3.8
      vertex 139 2.3 3.8
    endloop
  endfacet
  facet normal -0 0 1
    outer loop
      vertex 81.9 3.6 3.8
      vertex 86.6 2.3 3.8
      vertex 86.6 3.6 3.8
    endloop
  endfacet
  facet normal 0 0 1
    outer loop
      vertex 81.9 3.6 3.8
      vertex 81.9 2.3 3.8
      vertex 86.6 2.3 3.8
    endloop
  endfacet
  facet normal 0 0 1
    outer loop
      vertex 81.8478 3.60342 3.8
      vertex 81.9 2.3 3.8
      vertex 81.9 3.6 3.8
    endloop
  endfacet
  facet normal 0 0 1
    outer loop
      vertex 81.6781 2.31454 3.8
      vertex 81.8478 3.60342 3.8
      vertex 81.7965 3.61363 3.8
    endloop
  endfacet
  facet normal 0 0 1
    outer loop
      vertex 81.46 2.35793 3.8
      vertex 81.7965 3.61363 3.8
      vertex 81.7469 3.63045 3.8
    endloop
  endfacet
  facet normal 0 0 1
    outer loop
      vertex 81.2494 2.4294 3.8
      vertex 81.7469 3.63045 3.8
      vertex 81.7 3.65359 3.8
    endloop
  endfacet
  facet normal 0 0 1
    outer loop
      vertex 81.8478 3.60342 3.8
      vertex 81.6781 2.31454 3.8
      vertex 81.9 2.3 3.8
    endloop
  endfacet
  facet normal 0 0 1
    outer loop
      vertex 81.05 2.52776 3.8
      vertex 81.7 3.65359 3.8
      vertex 81.6565 3.68266 3.8
    endloop
  endfacet
  facet normal 0 0 1
    outer loop
      vertex 80.8651 2.6513 3.8
      vertex 81.6565 3.68266 3.8
      vertex 81.6172 3.71716 3.8
    endloop
  endfacet
  facet normal 0 0 1
    outer loop
      vertex 80.6979 2.79792 3.8
      vertex 81.6172 3.71716 3.8
      vertex 81.5827 3.7565 3.8
    endloop
  endfacet
  facet normal 0 0 1
    outer loop
      vertex 80.5513 2.96511 3.8
      vertex 81.5827 3.7565 3.8
      vertex 81.5536 3.8 3.8
    endloop
  endfacet
  facet normal 0 0 1
    outer loop
      vertex 80.4278 3.15 3.8
      vertex 81.5536 3.8 3.8
      vertex 81.5304 3.84693 3.8
    endloop
  endfacet
  facet normal 0 0 1
    outer loop
      vertex 80.3294 3.34944 3.8
      vertex 81.5304 3.84693 3.8
      vertex 81.5136 3.89647 3.8
    endloop
  endfacet
  facet normal 0 0 1
    outer loop
      vertex 80.2579 3.56001 3.8
      vertex 81.5136 3.89647 3.8
      vertex 81.5034 3.94779 3.8
    endloop
  endfacet
  facet normal 0 0 1
    outer loop
      vertex 81.7965 3.61363 3.8
      vertex 81.46 2.35793 3.8
      vertex 81.6781 2.31454 3.8
    endloop
  endfacet
  facet normal 0 0 1
    outer loop
      vertex 80.2145 3.77811 3.8
      vertex 81.5034 3.94779 3.8
      vertex 81.5 4 3.8
    endloop
  endfacet
  facet normal 0 0 1
    outer loop
      vertex 81.5 30.9 3.8
      vertex 80.2 30.9 3.8
      vertex 81.5 4 3.8
    endloop
  endfacet
  facet normal -0 0 1
    outer loop
      vertex 80.4278 31.75 3.8
      vertex 81.5536 31.1 3.8
      vertex 80.5513 31.9349 3.8
    endloop
  endfacet
  facet normal 0 0 1
    outer loop
      vertex 80.2 4 3.8
      vertex 81.5 4 3.8
      vertex 80.2 30.9 3.8
    endloop
  endfacet
  facet normal 0 0 1
    outer loop
      vertex 81.5536 31.1 3.8
      vertex 80.4278 31.75 3.8
      vertex 81.5304 31.0531 3.8
    endloop
  endfacet
  facet normal 0 -0 1
    outer loop
      vertex 80.2145 3.77811 3.8
      vertex 81.5 4 3.8
      vertex 80.2 4 3.8
    endloop
  endfacet
  facet normal -0 0 1
    outer loop
      vertex 80.3294 31.5506 3.8
      vertex 81.5304 31.0531 3.8
      vertex 80.4278 31.75 3.8
    endloop
  endfacet
  facet normal 0 0 1
    outer loop
      vertex 81.7469 3.63045 3.8
      vertex 81.2494 2.4294 3.8
      vertex 81.46 2.35793 3.8
    endloop
  endfacet
  facet normal 0 0 1
    outer loop
      vertex 81.5304 31.0531 3.8
      vertex 80.3294 31.5506 3.8
      vertex 81.5136 31.0035 3.8
    endloop
  endfacet
  facet normal 0 0 1
    outer loop
      vertex 81.7 3.65359 3.8
      vertex 81.05 2.52776 3.8
      vertex 81.2494 2.4294 3.8
    endloop
  endfacet
  facet normal -0 0 1
    outer loop
      vertex 80.2579 31.34 3.8
      vertex 81.5136 31.0035 3.8
      vertex 80.3294 31.5506 3.8
    endloop
  endfacet
  facet normal 0 0 1
    outer loop
      vertex 81.6565 3.68266 3.8
      vertex 80.8651 2.6513 3.8
      vertex 81.05 2.52776 3.8
    endloop
  endfacet
  facet normal 0 0 1
    outer loop
      vertex 81.5136 31.0035 3.8
      vertex 80.2579 31.34 3.8
      vertex 81.5034 30.9522 3.8
    endloop
  endfacet
  facet normal 0 0 1
    outer loop
      vertex 81.6172 3.71716 3.8
      vertex 80.6979 2.79792 3.8
      vertex 80.8651 2.6513 3.8
    endloop
  endfacet
  facet normal -0 0 1
    outer loop
      vertex 80.2145 31.1219 3.8
      vertex 81.5034 30.9522 3.8
      vertex 80.2579 31.34 3.8
    endloop
  endfacet
  facet normal 0 0 1
    outer loop
      vertex 81.5827 3.7565 3.8
      vertex 80.5513 2.96511 3.8
      vertex 80.6979 2.79792 3.8
    endloop
  endfacet
  facet normal 0 0 1
    outer loop
      vertex 81.5034 30.9522 3.8
      vertex 80.2145 31.1219 3.8
      vertex 81.5 30.9 3.8
    endloop
  endfacet
  facet normal 0 0 1
    outer loop
      vertex 81.5536 3.8 3.8
      vertex 80.4278 3.15 3.8
      vertex 80.5513 2.96511 3.8
    endloop
  endfacet
  facet normal 0 0 1
    outer loop
      vertex 81.5 30.9 3.8
      vertex 80.2145 31.1219 3.8
      vertex 80.2 30.9 3.8
    endloop
  endfacet
  facet normal 0 0 1
    outer loop
      vertex 81.5304 3.84693 3.8
      vertex 80.3294 3.34944 3.8
      vertex 80.4278 3.15 3.8
    endloop
  endfacet
  facet normal 0 0 1
    outer loop
      vertex 81.5136 3.89647 3.8
      vertex 80.2579 3.56001 3.8
      vertex 80.3294 3.34944 3.8
    endloop
  endfacet
  facet normal 0 0 1
    outer loop
      vertex 81.5034 3.94779 3.8
      vertex 80.2145 3.77811 3.8
      vertex 80.2579 3.56001 3.8
    endloop
  endfacet
  facet normal -0.441708 0.897159 0
    outer loop
      vertex 144 3.65359 2
      vertex 143.953 3.63045 3.8
      vertex 144 3.65359 3.8
    endloop
  endfacet
  facet normal -0.441708 0.897159 0
    outer loop
      vertex 143.953 3.63045 3.8
      vertex 144 3.65359 2
      vertex 143.953 3.63045 2
    endloop
  endfacet
  facet normal 0 -1 0
    outer loop
      vertex 81.9 31.3 2
      vertex 143.8 31.3 3.8
      vertex 81.9 31.3 3.8
    endloop
  endfacet
  facet normal 0 -1 -0
    outer loop
      vertex 143.8 31.3 3.8
      vertex 81.9 31.3 2
      vertex 143.8 31.3 2
    endloop
  endfacet
  facet normal -0.83205 -0.5547 0
    outer loop
      vertex 144.146 31.1 2
      vertex 144.117 31.1435 3.8
      vertex 144.117 31.1435 2
    endloop
  endfacet
  facet normal -0.83205 -0.5547 0
    outer loop
      vertex 144.117 31.1435 3.8
      vertex 144.146 31.1 2
      vertex 144.146 31.1 3.8
    endloop
  endfacet
  facet normal -0.32467 0.945827 0
    outer loop
      vertex 143.953 3.63045 2
      vertex 143.904 3.61363 3.8
      vertex 143.953 3.63045 3.8
    endloop
  endfacet
  facet normal -0.32467 0.945827 0
    outer loop
      vertex 143.904 3.61363 3.8
      vertex 143.953 3.63045 2
      vertex 143.904 3.61363 2
    endloop
  endfacet
  facet normal 0.443387 -0.89633 0
    outer loop
      vertex 81.7 31.2464 2
      vertex 81.7469 31.2696 3.8
      vertex 81.7 31.2464 3.8
    endloop
  endfacet
  facet normal 0.443387 -0.89633 0
    outer loop
      vertex 81.7469 31.2696 3.8
      vertex 81.7 31.2464 2
      vertex 81.7469 31.2696 2
    endloop
  endfacet
  facet normal 0 1 -0
    outer loop
      vertex 86.6 3.6 2
      vertex 81.9 3.6 3.8
      vertex 86.6 3.6 3.8
    endloop
  endfacet
  facet normal 0 1 0
    outer loop
      vertex 81.9 3.6 3.8
      vertex 86.6 3.6 2
      vertex 81.9 3.6 2
    endloop
  endfacet
  facet normal 0 1 -0
    outer loop
      vertex 143.8 3.6 2
      vertex 139 3.6 3.8
      vertex 143.8 3.6 3.8
    endloop
  endfacet
  facet normal 0 1 0
    outer loop
      vertex 139 3.6 3.8
      vertex 143.8 3.6 2
      vertex 139 3.6 2
    endloop
  endfacet
  facet normal -0.551238 0.834348 0
    outer loop
      vertex 144.044 3.68266 2
      vertex 144 3.65359 3.8
      vertex 144.044 3.68266 3.8
    endloop
  endfacet
  facet normal -0.551238 0.834348 0
    outer loop
      vertex 144 3.65359 3.8
      vertex 144.044 3.68266 2
      vertex 144 3.65359 2
    endloop
  endfacet
  facet normal -0.662574 0.748997 0
    outer loop
      vertex 144.083 3.71716 2
      vertex 144.044 3.68266 3.8
      vertex 144.083 3.71716 3.8
    endloop
  endfacet
  facet normal -0.662574 0.748997 0
    outer loop
      vertex 144.044 3.68266 3.8
      vertex 144.083 3.71716 2
      vertex 144.044 3.68266 2
    endloop
  endfacet
  facet normal 0.195013 -0.980801 0
    outer loop
      vertex 81.7965 31.2864 2
      vertex 81.8478 31.2966 3.8
      vertex 81.7965 31.2864 3.8
    endloop
  endfacet
  facet normal 0.195013 -0.980801 0
    outer loop
      vertex 81.8478 31.2966 3.8
      vertex 81.7965 31.2864 2
      vertex 81.8478 31.2966 2
    endloop
  endfacet
  facet normal -0.756589 0.65389 0
    outer loop
      vertex 144.083 3.71716 2
      vertex 144.117 3.7565 3.8
      vertex 144.117 3.7565 2
    endloop
  endfacet
  facet normal -0.756589 0.65389 0
    outer loop
      vertex 144.117 3.7565 3.8
      vertex 144.083 3.71716 2
      vertex 144.083 3.71716 3.8
    endloop
  endfacet
  facet normal -0.951709 -0.307003 0
    outer loop
      vertex 144.186 31.0035 2
      vertex 144.17 31.0531 3.8
      vertex 144.17 31.0531 2
    endloop
  endfacet
  facet normal -0.951709 -0.307003 0
    outer loop
      vertex 144.17 31.0531 3.8
      vertex 144.186 31.0035 2
      vertex 144.186 31.0035 3.8
    endloop
  endfacet
  facet normal -1 0 0
    outer loop
      vertex 144.2 4 2
      vertex 144.2 30.9 3.8
      vertex 144.2 30.9 2
    endloop
  endfacet
  facet normal -1 -0 0
    outer loop
      vertex 144.2 30.9 3.8
      vertex 144.2 4 2
      vertex 144.2 4 3.8
    endloop
  endfacet
  facet normal 0.556022 -0.831167 0
    outer loop
      vertex 81.6565 31.2173 2
      vertex 81.7 31.2464 3.8
      vertex 81.6565 31.2173 3.8
    endloop
  endfacet
  facet normal 0.556022 -0.831167 0
    outer loop
      vertex 81.7 31.2464 3.8
      vertex 81.6565 31.2173 2
      vertex 81.7 31.2464 2
    endloop
  endfacet
  facet normal 0.896443 0.443159 0
    outer loop
      vertex 81.5536 3.8 3.8
      vertex 81.5304 3.84693 2
      vertex 81.5304 3.84693 3.8
    endloop
  endfacet
  facet normal 0.896443 0.443159 0
    outer loop
      vertex 81.5304 3.84693 2
      vertex 81.5536 3.8 3.8
      vertex 81.5536 3.8 2
    endloop
  endfacet
  facet normal 0.751842 0.659343 0
    outer loop
      vertex 81.6172 3.71716 3.8
      vertex 81.5827 3.7565 2
      vertex 81.5827 3.7565 3.8
    endloop
  endfacet
  facet normal 0.751842 0.659343 0
    outer loop
      vertex 81.5827 3.7565 2
      vertex 81.6172 3.71716 3.8
      vertex 81.6172 3.71716 2
    endloop
  endfacet
  facet normal 1 -0 0
    outer loop
      vertex 81.5 4 3.8
      vertex 81.5 30.9 2
      vertex 81.5 30.9 3.8
    endloop
  endfacet
  facet normal 1 0 0
    outer loop
      vertex 81.5 30.9 2
      vertex 81.5 4 3.8
      vertex 81.5 4 2
    endloop
  endfacet
  facet normal 0.947026 0.321156 0
    outer loop
      vertex 81.5304 3.84693 3.8
      vertex 81.5136 3.89647 2
      vertex 81.5136 3.89647 3.8
    endloop
  endfacet
  facet normal 0.947026 0.321156 0
    outer loop
      vertex 81.5136 3.89647 2
      vertex 81.5304 3.84693 3.8
      vertex 81.5304 3.84693 2
    endloop
  endfacet
  facet normal -0.442629 -0.896705 0
    outer loop
      vertex 143.953 31.2696 2
      vertex 144 31.2464 3.8
      vertex 143.953 31.2696 3.8
    endloop
  endfacet
  facet normal -0.442629 -0.896705 -0
    outer loop
      vertex 144 31.2464 3.8
      vertex 143.953 31.2696 2
      vertex 144 31.2464 2
    endloop
  endfacet
  facet normal -0.662574 -0.748997 0
    outer loop
      vertex 144.044 31.2173 2
      vertex 144.083 31.1828 3.8
      vertex 144.044 31.2173 3.8
    endloop
  endfacet
  facet normal -0.662574 -0.748997 -0
    outer loop
      vertex 144.083 31.1828 3.8
      vertex 144.044 31.2173 2
      vertex 144.083 31.1828 2
    endloop
  endfacet
  facet normal -0.324324 -0.945946 0
    outer loop
      vertex 143.904 31.2864 2
      vertex 143.953 31.2696 3.8
      vertex 143.904 31.2864 3.8
    endloop
  endfacet
  facet normal -0.324324 -0.945946 -0
    outer loop
      vertex 143.953 31.2696 3.8
      vertex 143.904 31.2864 2
      vertex 143.953 31.2696 2
    endloop
  endfacet
  facet normal 0.555626 0.831432 -0
    outer loop
      vertex 81.7 3.65359 2
      vertex 81.6565 3.68266 3.8
      vertex 81.7 3.65359 3.8
    endloop
  endfacet
  facet normal 0.555626 0.831432 0
    outer loop
      vertex 81.6565 3.68266 3.8
      vertex 81.7 3.65359 2
      vertex 81.6565 3.68266 2
    endloop
  endfacet
  facet normal -0.998353 -0.0573766 0
    outer loop
      vertex 144.2 30.9 2
      vertex 144.197 30.9522 3.8
      vertex 144.197 30.9522 2
    endloop
  endfacet
  facet normal -0.998353 -0.0573766 0
    outer loop
      vertex 144.197 30.9522 3.8
      vertex 144.2 30.9 2
      vertex 144.2 30.9 3.8
    endloop
  endfacet
  facet normal -0.551634 -0.834086 0
    outer loop
      vertex 144 31.2464 2
      vertex 144.044 31.2173 3.8
      vertex 144 31.2464 3.8
    endloop
  endfacet
  facet normal -0.551634 -0.834086 -0
    outer loop
      vertex 144.044 31.2173 3.8
      vertex 144 31.2464 2
      vertex 144.044 31.2173 2
    endloop
  endfacet
  facet normal 0.0653771 0.997861 -0
    outer loop
      vertex 81.9 3.6 2
      vertex 81.8478 3.60342 3.8
      vertex 81.9 3.6 3.8
    endloop
  endfacet
  facet normal 0.0653771 0.997861 0
    outer loop
      vertex 81.8478 3.60342 3.8
      vertex 81.9 3.6 2
      vertex 81.8478 3.60342 2
    endloop
  endfacet
  facet normal 0.320807 -0.947145 0
    outer loop
      vertex 81.7469 31.2696 2
      vertex 81.7965 31.2864 3.8
      vertex 81.7469 31.2696 3.8
    endloop
  endfacet
  facet normal 0.320807 -0.947145 0
    outer loop
      vertex 81.7965 31.2864 3.8
      vertex 81.7469 31.2696 2
      vertex 81.7965 31.2864 2
    endloop
  endfacet
  facet normal -0.0656274 0.997844 0
    outer loop
      vertex 143.852 3.60342 2
      vertex 143.8 3.6 3.8
      vertex 143.852 3.60342 3.8
    endloop
  endfacet
  facet normal -0.0656274 0.997844 0
    outer loop
      vertex 143.8 3.6 3.8
      vertex 143.852 3.60342 2
      vertex 143.8 3.6 2
    endloop
  endfacet
  facet normal 0.75151 -0.659722 0
    outer loop
      vertex 81.5827 31.1435 3.8
      vertex 81.6172 31.1828 2
      vertex 81.6172 31.1828 3.8
    endloop
  endfacet
  facet normal 0.75151 -0.659722 0
    outer loop
      vertex 81.6172 31.1828 2
      vertex 81.5827 31.1435 3.8
      vertex 81.5827 31.1435 2
    endloop
  endfacet
  facet normal 0.659722 0.75151 -0
    outer loop
      vertex 81.6565 3.68266 2
      vertex 81.6172 3.71716 3.8
      vertex 81.6565 3.68266 3.8
    endloop
  endfacet
  facet normal 0.659722 0.75151 0
    outer loop
      vertex 81.6172 3.71716 3.8
      vertex 81.6565 3.68266 2
      vertex 81.6172 3.71716 2
    endloop
  endfacet
  facet normal -0.192667 0.981264 0
    outer loop
      vertex 143.904 3.61363 2
      vertex 143.852 3.60342 3.8
      vertex 143.904 3.61363 3.8
    endloop
  endfacet
  facet normal -0.192667 0.981264 0
    outer loop
      vertex 143.852 3.60342 3.8
      vertex 143.904 3.61363 2
      vertex 143.852 3.60342 2
    endloop
  endfacet
  facet normal 0.947145 -0.320807 0
    outer loop
      vertex 81.5136 31.0035 3.8
      vertex 81.5304 31.0531 2
      vertex 81.5304 31.0531 3.8
    endloop
  endfacet
  facet normal 0.947145 -0.320807 0
    outer loop
      vertex 81.5304 31.0531 2
      vertex 81.5136 31.0035 3.8
      vertex 81.5136 31.0035 2
    endloop
  endfacet
  facet normal 0.831167 -0.556022 0
    outer loop
      vertex 81.5536 31.1 3.8
      vertex 81.5827 31.1435 2
      vertex 81.5827 31.1435 3.8
    endloop
  endfacet
  facet normal 0.831167 -0.556022 0
    outer loop
      vertex 81.5827 31.1435 2
      vertex 81.5536 31.1 3.8
      vertex 81.5536 31.1 2
    endloop
  endfacet
  facet normal 0.32115 0.947028 -0
    outer loop
      vertex 81.7965 3.61363 2
      vertex 81.7469 3.63045 3.8
      vertex 81.7965 3.61363 3.8
    endloop
  endfacet
  facet normal 0.32115 0.947028 0
    outer loop
      vertex 81.7469 3.63045 3.8
      vertex 81.7965 3.61363 2
      vertex 81.7469 3.63045 2
    endloop
  endfacet
  facet normal -0.977775 -0.209659 0
    outer loop
      vertex 144.197 30.9522 2
      vertex 144.186 31.0035 3.8
      vertex 144.186 31.0035 2
    endloop
  endfacet
  facet normal -0.977775 -0.209659 0
    outer loop
      vertex 144.186 31.0035 3.8
      vertex 144.197 30.9522 2
      vertex 144.197 30.9522 3.8
    endloop
  endfacet
  facet normal -0.0652453 -0.997869 0
    outer loop
      vertex 143.8 31.3 2
      vertex 143.852 31.2966 3.8
      vertex 143.8 31.3 3.8
    endloop
  endfacet
  facet normal -0.0652453 -0.997869 -0
    outer loop
      vertex 143.852 31.2966 3.8
      vertex 143.8 31.3 2
      vertex 143.852 31.2966 2
    endloop
  endfacet
  facet normal -0.9516 0.30734 0
    outer loop
      vertex 144.17 3.84693 2
      vertex 144.186 3.89647 3.8
      vertex 144.186 3.89647 2
    endloop
  endfacet
  facet normal -0.9516 0.30734 0
    outer loop
      vertex 144.186 3.89647 3.8
      vertex 144.17 3.84693 2
      vertex 144.17 3.84693 3.8
    endloop
  endfacet
  facet normal -0.890212 -0.455546 0
    outer loop
      vertex 144.17 31.0531 2
      vertex 144.146 31.1 3.8
      vertex 144.146 31.1 2
    endloop
  endfacet
  facet normal -0.890212 -0.455546 0
    outer loop
      vertex 144.146 31.1 3.8
      vertex 144.17 31.0531 2
      vertex 144.17 31.0531 3.8
    endloop
  endfacet
  facet normal 0.659722 -0.75151 0
    outer loop
      vertex 81.6172 31.1828 2
      vertex 81.6565 31.2173 3.8
      vertex 81.6172 31.1828 3.8
    endloop
  endfacet
  facet normal 0.659722 -0.75151 0
    outer loop
      vertex 81.6565 31.2173 3.8
      vertex 81.6172 31.1828 2
      vertex 81.6565 31.2173 2
    endloop
  endfacet
  facet normal 0.89633 -0.443387 0
    outer loop
      vertex 81.5304 31.0531 3.8
      vertex 81.5536 31.1 2
      vertex 81.5536 31.1 3.8
    endloop
  endfacet
  facet normal 0.89633 -0.443387 0
    outer loop
      vertex 81.5536 31.1 2
      vertex 81.5304 31.0531 3.8
      vertex 81.5304 31.0531 2
    endloop
  endfacet
  facet normal 0.980815 0.19494 0
    outer loop
      vertex 81.5136 3.89647 3.8
      vertex 81.5034 3.94779 2
      vertex 81.5034 3.94779 3.8
    endloop
  endfacet
  facet normal 0.980815 0.19494 0
    outer loop
      vertex 81.5034 3.94779 2
      vertex 81.5136 3.89647 3.8
      vertex 81.5136 3.89647 2
    endloop
  endfacet
  facet normal 0.980801 -0.195013 0
    outer loop
      vertex 81.5034 30.9522 3.8
      vertex 81.5136 31.0035 2
      vertex 81.5136 31.0035 3.8
    endloop
  endfacet
  facet normal 0.980801 -0.195013 0
    outer loop
      vertex 81.5136 31.0035 2
      vertex 81.5034 30.9522 3.8
      vertex 81.5034 30.9522 2
    endloop
  endfacet
  facet normal -0.75626 -0.654271 0
    outer loop
      vertex 144.117 31.1435 2
      vertex 144.083 31.1828 3.8
      vertex 144.083 31.1828 2
    endloop
  endfacet
  facet normal -0.75626 -0.654271 0
    outer loop
      vertex 144.083 31.1828 3.8
      vertex 144.117 31.1435 2
      vertex 144.117 31.1435 3.8
    endloop
  endfacet
  facet normal -0.977791 0.209581 0
    outer loop
      vertex 144.186 3.89647 2
      vertex 144.197 3.94779 3.8
      vertex 144.197 3.94779 2
    endloop
  endfacet
  facet normal -0.977791 0.209581 0
    outer loop
      vertex 144.197 3.94779 3.8
      vertex 144.186 3.89647 2
      vertex 144.186 3.89647 3.8
    endloop
  endfacet
  facet normal -0.89033 0.455315 0
    outer loop
      vertex 144.146 3.8 2
      vertex 144.17 3.84693 3.8
      vertex 144.17 3.84693 2
    endloop
  endfacet
  facet normal -0.89033 0.455315 0
    outer loop
      vertex 144.17 3.84693 3.8
      vertex 144.146 3.8 2
      vertex 144.146 3.8 3.8
    endloop
  endfacet
  facet normal 0.997886 0.064984 0
    outer loop
      vertex 81.5034 3.94779 3.8
      vertex 81.5 4 2
      vertex 81.5 4 3.8
    endloop
  endfacet
  facet normal 0.997886 0.064984 0
    outer loop
      vertex 81.5 4 2
      vertex 81.5034 3.94779 3.8
      vertex 81.5034 3.94779 2
    endloop
  endfacet
  facet normal -0.192486 -0.9813 0
    outer loop
      vertex 143.852 31.2966 2
      vertex 143.904 31.2864 3.8
      vertex 143.852 31.2966 3.8
    endloop
  endfacet
  facet normal -0.192486 -0.9813 -0
    outer loop
      vertex 143.904 31.2864 3.8
      vertex 143.852 31.2966 2
      vertex 143.904 31.2864 2
    endloop
  endfacet
  facet normal 0.195197 0.980764 -0
    outer loop
      vertex 81.8478 3.60342 2
      vertex 81.7965 3.61363 3.8
      vertex 81.8478 3.60342 3.8
    endloop
  endfacet
  facet normal 0.195197 0.980764 0
    outer loop
      vertex 81.7965 3.61363 3.8
      vertex 81.8478 3.60342 2
      vertex 81.7965 3.61363 2
    endloop
  endfacet
  facet normal -0.83205 0.5547 0
    outer loop
      vertex 144.117 3.7565 2
      vertex 144.146 3.8 3.8
      vertex 144.146 3.8 2
    endloop
  endfacet
  facet normal -0.83205 0.5547 0
    outer loop
      vertex 144.146 3.8 3.8
      vertex 144.117 3.7565 2
      vertex 144.117 3.7565 3.8
    endloop
  endfacet
  facet normal 0.997886 -0.0649964 0
    outer loop
      vertex 81.5 30.9 3.8
      vertex 81.5034 30.9522 2
      vertex 81.5034 30.9522 3.8
    endloop
  endfacet
  facet normal 0.997886 -0.0649964 0
    outer loop
      vertex 81.5034 30.9522 2
      vertex 81.5 30.9 3.8
      vertex 81.5 30.9 2
    endloop
  endfacet
  facet normal 0.442465 0.896786 -0
    outer loop
      vertex 81.7469 3.63045 2
      vertex 81.7 3.65359 3.8
      vertex 81.7469 3.63045 3.8
    endloop
  endfacet
  facet normal 0.442465 0.896786 0
    outer loop
      vertex 81.7 3.65359 3.8
      vertex 81.7469 3.63045 2
      vertex 81.7 3.65359 2
    endloop
  endfacet
  facet normal -0.998353 0.0573656 0
    outer loop
      vertex 144.197 3.94779 2
      vertex 144.2 4 3.8
      vertex 144.2 4 2
    endloop
  endfacet
  facet normal -0.998353 0.0573656 0
    outer loop
      vertex 144.2 4 3.8
      vertex 144.197 3.94779 2
      vertex 144.197 3.94779 3.8
    endloop
  endfacet
  facet normal 0.831167 0.556022 0
    outer loop
      vertex 81.5827 3.7565 3.8
      vertex 81.5536 3.8 2
      vertex 81.5536 3.8 3.8
    endloop
  endfacet
  facet normal 0.831167 0.556022 0
    outer loop
      vertex 81.5536 3.8 2
      vertex 81.5827 3.7565 3.8
      vertex 81.5827 3.7565 2
    endloop
  endfacet
  facet normal 0.0649964 -0.997886 0
    outer loop
      vertex 81.8478 31.2966 2
      vertex 81.9 31.3 3.8
      vertex 81.8478 31.2966 3.8
    endloop
  endfacet
  facet normal 0.0649964 -0.997886 0
    outer loop
      vertex 81.9 31.3 3.8
      vertex 81.8478 31.2966 2
      vertex 81.9 31.3 2
    endloop
  endfacet
  facet normal -0.980777 -0.195131 0
    outer loop
      vertex 78.0363 2.96472 7.62939e-07
      vertex 77.9342 3.4779 2
      vertex 77.9342 3.4779 7.62939e-07
    endloop
  endfacet
  facet normal -0.980777 -0.195131 0
    outer loop
      vertex 77.9342 3.4779 2
      vertex 78.0363 2.96472 7.62939e-07
      vertex 78.0363 2.96472 2
    endloop
  endfacet
  facet normal 0.195154 -0.980773 0
    outer loop
      vertex 144.322 0.0342211 7.62939e-07
      vertex 144.835 0.136298 2
      vertex 144.322 0.0342211 2
    endloop
  endfacet
  facet normal 0.195154 -0.980773 0
    outer loop
      vertex 144.835 0.136298 2
      vertex 144.322 0.0342211 7.62939e-07
      vertex 144.835 0.136298 7.62939e-07
    endloop
  endfacet
  facet normal -0.896898 0.442238 0
    outer loop
      vertex 78.2045 32.4307 7.62939e-07
      vertex 78.4359 32.9 2
      vertex 78.4359 32.9 7.62939e-07
    endloop
  endfacet
  facet normal -0.896898 0.442238 0
    outer loop
      vertex 78.4359 32.9 2
      vertex 78.2045 32.4307 7.62939e-07
      vertex 78.2045 32.4307 2
    endloop
  endfacet
  facet normal -1 0 0
    outer loop
      vertex 77.9 4 7.62939e-07
      vertex 77.9 30.9 2
      vertex 77.9 30.9 7.62939e-07
    endloop
  endfacet
  facet normal -1 -0 0
    outer loop
      vertex 77.9 30.9 2
      vertex 77.9 4 7.62939e-07
      vertex 77.9 4 2
    endloop
  endfacet
  facet normal -0.065404 -0.997859 0
    outer loop
      vertex 81.3779 0.0342211 7.62939e-07
      vertex 81.9 3.8147e-07 2
      vertex 81.3779 0.0342211 2
    endloop
  endfacet
  facet normal -0.065404 -0.997859 -0
    outer loop
      vertex 81.9 3.8147e-07 2
      vertex 81.3779 0.0342211 7.62939e-07
      vertex 81.9 3.8147e-07 7.62939e-07
    endloop
  endfacet
  facet normal -0.442264 -0.896885 0
    outer loop
      vertex 79.9 0.535899 7.62939e-07
      vertex 80.3693 0.304482 2
      vertex 79.9 0.535899 2
    endloop
  endfacet
  facet normal -0.442264 -0.896885 -0
    outer loop
      vertex 80.3693 0.304482 2
      vertex 79.9 0.535899 7.62939e-07
      vertex 80.3693 0.304482 7.62939e-07
    endloop
  endfacet
  facet normal -0.751834 -0.659353 0
    outer loop
      vertex 79.0716 1.17157 7.62939e-07
      vertex 78.7266 1.56496 2
      vertex 78.7266 1.56496 7.62939e-07
    endloop
  endfacet
  facet normal -0.751834 -0.659353 0
    outer loop
      vertex 78.7266 1.56496 2
      vertex 79.0716 1.17157 7.62939e-07
      vertex 79.0716 1.17157 2
    endloop
  endfacet
  facet normal 0.555626 0.831432 -0
    outer loop
      vertex 146.235 34.0734 7.62939e-07
      vertex 145.8 34.3641 2
      vertex 146.235 34.0734 2
    endloop
  endfacet
  facet normal 0.555626 0.831432 0
    outer loop
      vertex 145.8 34.3641 2
      vertex 146.235 34.0734 7.62939e-07
      vertex 145.8 34.3641 7.62939e-07
    endloop
  endfacet
  facet normal -0.997861 -0.0653646 0
    outer loop
      vertex 77.9342 3.4779 7.62939e-07
      vertex 77.9 4 2
      vertex 77.9 4 7.62939e-07
    endloop
  endfacet
  facet normal -0.997861 -0.0653646 0
    outer loop
      vertex 77.9 4 2
      vertex 77.9342 3.4779 7.62939e-07
      vertex 77.9342 3.4779 2
    endloop
  endfacet
  facet normal -0.659325 -0.751858 0
    outer loop
      vertex 79.0716 1.17157 7.62939e-07
      vertex 79.465 0.826587 2
      vertex 79.0716 1.17157 2
    endloop
  endfacet
  facet normal -0.659325 -0.751858 -0
    outer loop
      vertex 79.465 0.826587 2
      vertex 79.0716 1.17157 7.62939e-07
      vertex 79.465 0.826587 7.62939e-07
    endloop
  endfacet
  facet normal 0.751834 -0.659353 0
    outer loop
      vertex 146.628 1.17157 2
      vertex 146.973 1.56496 7.62939e-07
      vertex 146.973 1.56496 2
    endloop
  endfacet
  facet normal 0.751834 -0.659353 0
    outer loop
      vertex 146.973 1.56496 7.62939e-07
      vertex 146.628 1.17157 2
      vertex 146.628 1.17157 7.62939e-07
    endloop
  endfacet
  facet normal 0.947036 -0.321126 0
    outer loop
      vertex 147.496 2.46927 2
      vertex 147.664 2.96472 7.62939e-07
      vertex 147.664 2.96472 2
    endloop
  endfacet
  facet normal 0.947036 -0.321126 0
    outer loop
      vertex 147.664 2.96472 7.62939e-07
      vertex 147.496 2.46927 2
      vertex 147.496 2.46927 7.62939e-07
    endloop
  endfacet
  facet normal -0.55561 -0.831443 0
    outer loop
      vertex 79.465 0.826587 7.62939e-07
      vertex 79.9 0.535899 2
      vertex 79.465 0.826587 2
    endloop
  endfacet
  facet normal -0.55561 -0.831443 -0
    outer loop
      vertex 79.9 0.535899 2
      vertex 79.465 0.826587 7.62939e-07
      vertex 79.9 0.535899 7.62939e-07
    endloop
  endfacet
  facet normal 0.751842 0.659343 0
    outer loop
      vertex 146.973 33.335 2
      vertex 146.628 33.7284 7.62939e-07
      vertex 146.628 33.7284 2
    endloop
  endfacet
  facet normal 0.751842 0.659343 0
    outer loop
      vertex 146.628 33.7284 7.62939e-07
      vertex 146.973 33.335 2
      vertex 146.973 33.335 7.62939e-07
    endloop
  endfacet
  facet normal -0.831456 -0.555591 0
    outer loop
      vertex 78.7266 1.56496 7.62939e-07
      vertex 78.4359 2 2
      vertex 78.4359 2 7.62939e-07
    endloop
  endfacet
  facet normal -0.831456 -0.555591 0
    outer loop
      vertex 78.4359 2 2
      vertex 78.7266 1.56496 7.62939e-07
      vertex 78.7266 1.56496 2
    endloop
  endfacet
  facet normal 0.896443 0.443159 0
    outer loop
      vertex 147.496 32.4307 2
      vertex 147.264 32.9 7.62939e-07
      vertex 147.264 32.9 2
    endloop
  endfacet
  facet normal 0.896443 0.443159 0
    outer loop
      vertex 147.264 32.9 7.62939e-07
      vertex 147.496 32.4307 2
      vertex 147.496 32.4307 7.62939e-07
    endloop
  endfacet
  facet normal 0.831191 -0.555987 0
    outer loop
      vertex 146.973 1.56496 2
      vertex 147.264 2 7.62939e-07
      vertex 147.264 2 2
    endloop
  endfacet
  facet normal 0.831191 -0.555987 0
    outer loop
      vertex 147.264 2 7.62939e-07
      vertex 146.973 1.56496 2
      vertex 146.973 1.56496 7.62939e-07
    endloop
  endfacet
  facet normal -0.442238 0.896898 0
    outer loop
      vertex 80.3693 34.5955 7.62939e-07
      vertex 79.9 34.3641 2
      vertex 80.3693 34.5955 2
    endloop
  endfacet
  facet normal -0.442238 0.896898 0
    outer loop
      vertex 79.9 34.3641 2
      vertex 80.3693 34.5955 7.62939e-07
      vertex 79.9 34.3641 7.62939e-07
    endloop
  endfacet
  facet normal 0 -1 0
    outer loop
      vertex 139 3.8147e-07 7.62939e-07
      vertex 143.8 3.8147e-07 2
      vertex 139 3.8147e-07 2
    endloop
  endfacet
  facet normal 0 -1 -0
    outer loop
      vertex 143.8 3.8147e-07 2
      vertex 139 3.8147e-07 7.62939e-07
      vertex 143.8 3.8147e-07 7.62939e-07
    endloop
  endfacet
  facet normal 0 -1 0
    outer loop
      vertex 81.9 3.8147e-07 7.62939e-07
      vertex 86.6 3.8147e-07 2
      vertex 81.9 3.8147e-07 2
    endloop
  endfacet
  facet normal 0 -1 -0
    outer loop
      vertex 86.6 3.8147e-07 2
      vertex 81.9 3.8147e-07 7.62939e-07
      vertex 86.6 3.8147e-07 7.62939e-07
    endloop
  endfacet
  facet normal 0.32115 0.947028 -0
    outer loop
      vertex 145.331 34.5955 7.62939e-07
      vertex 144.835 34.7637 2
      vertex 145.331 34.5955 2
    endloop
  endfacet
  facet normal 0.32115 0.947028 0
    outer loop
      vertex 144.835 34.7637 2
      vertex 145.331 34.5955 7.62939e-07
      vertex 144.835 34.7637 7.62939e-07
    endloop
  endfacet
  facet normal 0.980814 -0.194947 0
    outer loop
      vertex 147.664 2.96472 2
      vertex 147.766 3.4779 7.62939e-07
      vertex 147.766 3.4779 2
    endloop
  endfacet
  facet normal 0.980814 -0.194947 0
    outer loop
      vertex 147.766 3.4779 7.62939e-07
      vertex 147.664 2.96472 2
      vertex 147.664 2.96472 7.62939e-07
    endloop
  endfacet
  facet normal -0.94692 -0.321469 0
    outer loop
      vertex 78.2045 2.46927 7.62939e-07
      vertex 78.0363 2.96472 2
      vertex 78.0363 2.96472 7.62939e-07
    endloop
  endfacet
  facet normal -0.94692 -0.321469 0
    outer loop
      vertex 78.0363 2.96472 2
      vertex 78.2045 2.46927 7.62939e-07
      vertex 78.2045 2.46927 2
    endloop
  endfacet
  facet normal 0 1 -0
    outer loop
      vertex 143.8 34.9 7.62939e-07
      vertex 81.9 34.9 2
      vertex 143.8 34.9 2
    endloop
  endfacet
  facet normal 0 1 0
    outer loop
      vertex 81.9 34.9 2
      vertex 143.8 34.9 7.62939e-07
      vertex 81.9 34.9 7.62939e-07
    endloop
  endfacet
  facet normal -0.896887 -0.44226 0
    outer loop
      vertex 78.4359 2 7.62939e-07
      vertex 78.2045 2.46927 2
      vertex 78.2045 2.46927 7.62939e-07
    endloop
  endfacet
  facet normal -0.896887 -0.44226 0
    outer loop
      vertex 78.2045 2.46927 2
      vertex 78.4359 2 7.62939e-07
      vertex 78.4359 2 2
    endloop
  endfacet
  facet normal -0.321498 0.94691 0
    outer loop
      vertex 80.8647 34.7637 7.62939e-07
      vertex 80.3693 34.5955 2
      vertex 80.8647 34.7637 2
    endloop
  endfacet
  facet normal -0.321498 0.94691 0
    outer loop
      vertex 80.3693 34.5955 2
      vertex 80.8647 34.7637 7.62939e-07
      vertex 80.3693 34.5955 7.62939e-07
    endloop
  endfacet
  facet normal 0.0654165 -0.997858 0
    outer loop
      vertex 143.8 3.8147e-07 7.62939e-07
      vertex 144.322 0.0342211 2
      vertex 143.8 3.8147e-07 2
    endloop
  endfacet
  facet normal 0.0654165 -0.997858 0
    outer loop
      vertex 144.322 0.0342211 2
      vertex 143.8 3.8147e-07 7.62939e-07
      vertex 144.322 0.0342211 7.62939e-07
    endloop
  endfacet
  facet normal -0.751842 0.659343 0
    outer loop
      vertex 78.7266 33.335 7.62939e-07
      vertex 79.0716 33.7284 2
      vertex 79.0716 33.7284 7.62939e-07
    endloop
  endfacet
  facet normal -0.751842 0.659343 0
    outer loop
      vertex 79.0716 33.7284 2
      vertex 78.7266 33.335 7.62939e-07
      vertex 78.7266 33.335 2
    endloop
  endfacet
  facet normal -0.997861 0.0653646 0
    outer loop
      vertex 77.9 30.9 7.62939e-07
      vertex 77.9342 31.4221 2
      vertex 77.9342 31.4221 7.62939e-07
    endloop
  endfacet
  facet normal -0.997861 0.0653646 0
    outer loop
      vertex 77.9342 31.4221 2
      vertex 77.9 30.9 7.62939e-07
      vertex 77.9 30.9 2
    endloop
  endfacet
  facet normal 0.321122 -0.947038 0
    outer loop
      vertex 144.835 0.136298 7.62939e-07
      vertex 145.331 0.304482 2
      vertex 144.835 0.136298 2
    endloop
  endfacet
  facet normal 0.321122 -0.947038 0
    outer loop
      vertex 145.331 0.304482 2
      vertex 144.835 0.136298 7.62939e-07
      vertex 145.331 0.304482 7.62939e-07
    endloop
  endfacet
  facet normal 0 0 -1
    outer loop
      vertex 96.25 25.05 7.62939e-07
      vertex 86.3875 28.5378 7.62939e-07
      vertex 86.408 28.85 7.62939e-07
    endloop
  endfacet
  facet normal 0 0 -1
    outer loop
      vertex 86.6 8.91 7.62939e-07
      vertex 86.3865 28.5226 7.62939e-07
      vertex 86.3875 28.5378 7.62939e-07
    endloop
  endfacet
  facet normal 0 0 -1
    outer loop
      vertex 86.3725 6.64912 7.62939e-07
      vertex 86.6 8.91 7.62939e-07
      vertex 86.3755 6.63424 7.62939e-07
    endloop
  endfacet
  facet normal 0 0 -1
    outer loop
      vertex 86.272 6.9454 7.62939e-07
      vertex 86.6 8.91 7.62939e-07
      vertex 86.3725 6.64912 7.62939e-07
    endloop
  endfacet
  facet normal 0 0 -1
    outer loop
      vertex 86.6 8.91 7.62939e-07
      vertex 86.3255 28.2158 7.62939e-07
      vertex 86.3865 28.5226 7.62939e-07
    endloop
  endfacet
  facet normal 0 0 -1
    outer loop
      vertex 86.6 8.91 7.62939e-07
      vertex 86.3225 28.2009 7.62939e-07
      vertex 86.3255 28.2158 7.62939e-07
    endloop
  endfacet
  facet normal 0 0 -1
    outer loop
      vertex 86.2671 6.95977 7.62939e-07
      vertex 86.6 8.91 7.62939e-07
      vertex 86.272 6.9454 7.62939e-07
    endloop
  endfacet
  facet normal 0 0 -1
    outer loop
      vertex 86.2604 6.97338 7.62939e-07
      vertex 86.6 8.91 7.62939e-07
      vertex 86.2671 6.95977 7.62939e-07
    endloop
  endfacet
  facet normal 0 0 -1
    outer loop
      vertex 86.122 7.254 7.62939e-07
      vertex 86.6 8.91 7.62939e-07
      vertex 86.2604 6.97338 7.62939e-07
    endloop
  endfacet
  facet normal 0 0 -1
    outer loop
      vertex 86.6 8.91 7.62939e-07
      vertex 86.222 27.9046 7.62939e-07
      vertex 86.3225 28.2009 7.62939e-07
    endloop
  endfacet
  facet normal 0 0 -1
    outer loop
      vertex 86.6 8.91 7.62939e-07
      vertex 86.2171 27.8902 7.62939e-07
      vertex 86.222 27.9046 7.62939e-07
    endloop
  endfacet
  facet normal 0 0 -1
    outer loop
      vertex 86.6 8.91 7.62939e-07
      vertex 86.2104 27.8766 7.62939e-07
      vertex 86.2171 27.8902 7.62939e-07
    endloop
  endfacet
  facet normal 0 0 -1
    outer loop
      vertex 85.9482 7.51416 7.62939e-07
      vertex 86.6 8.91 7.62939e-07
      vertex 86.122 7.254 7.62939e-07
    endloop
  endfacet
  facet normal 0 0 -1
    outer loop
      vertex 86.6 8.91 7.62939e-07
      vertex 86.072 27.596 7.62939e-07
      vertex 86.2104 27.8766 7.62939e-07
    endloop
  endfacet
  facet normal 0 0 -1
    outer loop
      vertex 85.9397 7.52677 7.62939e-07
      vertex 86.6 8.91 7.62939e-07
      vertex 85.9482 7.51416 7.62939e-07
    endloop
  endfacet
  facet normal 0 0 -1
    outer loop
      vertex 85.7334 7.76202 7.62939e-07
      vertex 86.6 8.91 7.62939e-07
      vertex 85.9397 7.52677 7.62939e-07
    endloop
  endfacet
  facet normal 0 0 -1
    outer loop
      vertex 86.6 8.91 7.62939e-07
      vertex 85.8982 27.3358 7.62939e-07
      vertex 86.072 27.596 7.62939e-07
    endloop
  endfacet
  facet normal 0 0 -1
    outer loop
      vertex 86.6 8.91 7.62939e-07
      vertex 85.8897 27.3232 7.62939e-07
      vertex 85.8982 27.3358 7.62939e-07
    endloop
  endfacet
  facet normal 0 0 -1
    outer loop
      vertex 85.7234 7.77342 7.62939e-07
      vertex 86.6 8.91 7.62939e-07
      vertex 85.7334 7.76202 7.62939e-07
    endloop
  endfacet
  facet normal 0 0 -1
    outer loop
      vertex 85.712 7.78343 7.62939e-07
      vertex 86.6 8.91 7.62939e-07
      vertex 85.7234 7.77342 7.62939e-07
    endloop
  endfacet
  facet normal 0 0 -1
    outer loop
      vertex 85.4768 7.98973 7.62939e-07
      vertex 86.6 8.91 7.62939e-07
      vertex 85.712 7.78343 7.62939e-07
    endloop
  endfacet
  facet normal 0 0 -1
    outer loop
      vertex 86.6 8.91 7.62939e-07
      vertex 85.6834 27.088 7.62939e-07
      vertex 85.8897 27.3232 7.62939e-07
    endloop
  endfacet
  facet normal 0 0 -1
    outer loop
      vertex 86.6 8.91 7.62939e-07
      vertex 85.6734 27.0766 7.62939e-07
      vertex 85.6834 27.088 7.62939e-07
    endloop
  endfacet
  facet normal 0 0 -1
    outer loop
      vertex 86.6 8.91 7.62939e-07
      vertex 85.662 27.0666 7.62939e-07
      vertex 85.6734 27.0766 7.62939e-07
    endloop
  endfacet
  facet normal 0 0 -1
    outer loop
      vertex 85.4642 7.99816 7.62939e-07
      vertex 86.6 8.91 7.62939e-07
      vertex 85.4768 7.98973 7.62939e-07
    endloop
  endfacet
  facet normal 0 0 -1
    outer loop
      vertex 85.204 8.17199 7.62939e-07
      vertex 86.6 8.91 7.62939e-07
      vertex 85.4642 7.99816 7.62939e-07
    endloop
  endfacet
  facet normal 0 0 -1
    outer loop
      vertex 86.6 8.91 7.62939e-07
      vertex 85.4268 26.8603 7.62939e-07
      vertex 85.662 27.0666 7.62939e-07
    endloop
  endfacet
  facet normal 0 0 -1
    outer loop
      vertex 86.6 8.91 7.62939e-07
      vertex 85.4142 26.8518 7.62939e-07
      vertex 85.4268 26.8603 7.62939e-07
    endloop
  endfacet
  facet normal 0 0 -1
    outer loop
      vertex 84.9234 8.31038 7.62939e-07
      vertex 86.6 8.91 7.62939e-07
      vertex 85.204 8.17199 7.62939e-07
    endloop
  endfacet
  facet normal 0 0 -1
    outer loop
      vertex 86.6 8.91 7.62939e-07
      vertex 85.154 26.678 7.62939e-07
      vertex 85.4142 26.8518 7.62939e-07
    endloop
  endfacet
  facet normal 0 0 -1
    outer loop
      vertex 84.9098 8.31709 7.62939e-07
      vertex 86.6 8.91 7.62939e-07
      vertex 84.9234 8.31038 7.62939e-07
    endloop
  endfacet
  facet normal 0 0 -1
    outer loop
      vertex 84.8954 8.32197 7.62939e-07
      vertex 86.6 8.91 7.62939e-07
      vertex 84.9098 8.31709 7.62939e-07
    endloop
  endfacet
  facet normal 0 0 -1
    outer loop
      vertex 84.5991 8.42254 7.62939e-07
      vertex 86.6 8.91 7.62939e-07
      vertex 84.8954 8.32197 7.62939e-07
    endloop
  endfacet
  facet normal 0 0 -1
    outer loop
      vertex 86.6 8.91 7.62939e-07
      vertex 84.8734 26.5396 7.62939e-07
      vertex 85.154 26.678 7.62939e-07
    endloop
  endfacet
  facet normal 0 0 -1
    outer loop
      vertex 86.6 8.91 7.62939e-07
      vertex 84.8598 26.5329 7.62939e-07
      vertex 84.8734 26.5396 7.62939e-07
    endloop
  endfacet
  facet normal 0 0 -1
    outer loop
      vertex 86.6 8.91 7.62939e-07
      vertex 84.8454 26.528 7.62939e-07
      vertex 84.8598 26.5329 7.62939e-07
    endloop
  endfacet
  facet normal 0 0 -1
    outer loop
      vertex 84.2922 8.48358 7.62939e-07
      vertex 86.6 8.91 7.62939e-07
      vertex 84.5991 8.42254 7.62939e-07
    endloop
  endfacet
  facet normal 0 0 -1
    outer loop
      vertex 86.6 8.91 7.62939e-07
      vertex 84.5491 26.4275 7.62939e-07
      vertex 84.8454 26.528 7.62939e-07
    endloop
  endfacet
  facet normal 0 0 -1
    outer loop
      vertex 86.6 8.91 7.62939e-07
      vertex 84.5342 26.4245 7.62939e-07
      vertex 84.5491 26.4275 7.62939e-07
    endloop
  endfacet
  facet normal 0 0 -1
    outer loop
      vertex 84.2774 8.48654 7.62939e-07
      vertex 86.6 8.91 7.62939e-07
      vertex 84.2922 8.48358 7.62939e-07
    endloop
  endfacet
  facet normal 0 0 -1
    outer loop
      vertex 83.9651 8.50701 7.62939e-07
      vertex 86.6 8.91 7.62939e-07
      vertex 84.2774 8.48654 7.62939e-07
    endloop
  endfacet
  facet normal 0 0 -1
    outer loop
      vertex 86.6 8.91 7.62939e-07
      vertex 84.2274 26.3635 7.62939e-07
      vertex 84.5342 26.4245 7.62939e-07
    endloop
  endfacet
  facet normal 0 0 -1
    outer loop
      vertex 86.6 8.91 7.62939e-07
      vertex 84.2122 26.3625 7.62939e-07
      vertex 84.2274 26.3635 7.62939e-07
    endloop
  endfacet
  facet normal 0 0 -1
    outer loop
      vertex 83.95 8.508 7.62939e-07
      vertex 86.6 8.91 7.62939e-07
      vertex 83.9651 8.50701 7.62939e-07
    endloop
  endfacet
  facet normal -0 0 -1
    outer loop
      vertex 86.6 8.91 7.62939e-07
      vertex 83.95 8.508 7.62939e-07
      vertex 83.9 26.342 7.62939e-07
    endloop
  endfacet
  facet normal 0 0 -1
    outer loop
      vertex 83.9 26.342 7.62939e-07
      vertex 83.95 8.508 7.62939e-07
      vertex 83.9349 8.50701 7.62939e-07
    endloop
  endfacet
  facet normal 0 0 -1
    outer loop
      vertex 86.6 8.91 7.62939e-07
      vertex 83.9 26.342 7.62939e-07
      vertex 84.2122 26.3625 7.62939e-07
    endloop
  endfacet
  facet normal 0 0 -1
    outer loop
      vertex 83.6226 8.48654 7.62939e-07
      vertex 83.9 26.342 7.62939e-07
      vertex 83.9349 8.50701 7.62939e-07
    endloop
  endfacet
  facet normal 0 0 -1
    outer loop
      vertex 83.5726 26.3635 7.62939e-07
      vertex 83.6226 8.48654 7.62939e-07
      vertex 83.6078 8.48358 7.62939e-07
    endloop
  endfacet
  facet normal 0 0 -1
    outer loop
      vertex 83.6226 8.48654 7.62939e-07
      vertex 83.5878 26.3625 7.62939e-07
      vertex 83.9 26.342 7.62939e-07
    endloop
  endfacet
  facet normal 0 0 -1
    outer loop
      vertex 83.6226 8.48654 7.62939e-07
      vertex 83.5726 26.3635 7.62939e-07
      vertex 83.5878 26.3625 7.62939e-07
    endloop
  endfacet
  facet normal 0 0 -1
    outer loop
      vertex 83.3009 8.42254 7.62939e-07
      vertex 83.5726 26.3635 7.62939e-07
      vertex 83.6078 8.48358 7.62939e-07
    endloop
  endfacet
  facet normal 0 0 -1
    outer loop
      vertex 83.3009 8.42254 7.62939e-07
      vertex 83.2658 26.4245 7.62939e-07
      vertex 83.5726 26.3635 7.62939e-07
    endloop
  endfacet
  facet normal 0 0 -1
    outer loop
      vertex 83.3009 8.42254 7.62939e-07
      vertex 83.2509 26.4275 7.62939e-07
      vertex 83.2658 26.4245 7.62939e-07
    endloop
  endfacet
  facet normal 0 0 -1
    outer loop
      vertex 83.0046 8.32197 7.62939e-07
      vertex 83.2509 26.4275 7.62939e-07
      vertex 83.3009 8.42254 7.62939e-07
    endloop
  endfacet
  facet normal 0 0 -1
    outer loop
      vertex 82.9546 26.528 7.62939e-07
      vertex 83.0046 8.32197 7.62939e-07
      vertex 82.9902 8.31709 7.62939e-07
    endloop
  endfacet
  facet normal 0 0 -1
    outer loop
      vertex 82.9402 26.5329 7.62939e-07
      vertex 82.9902 8.31709 7.62939e-07
      vertex 82.9766 8.31038 7.62939e-07
    endloop
  endfacet
  facet normal 0 0 -1
    outer loop
      vertex 83.0046 8.32197 7.62939e-07
      vertex 82.9546 26.528 7.62939e-07
      vertex 83.2509 26.4275 7.62939e-07
    endloop
  endfacet
  facet normal 0 0 -1
    outer loop
      vertex 82.9902 8.31709 7.62939e-07
      vertex 82.9402 26.5329 7.62939e-07
      vertex 82.9546 26.528 7.62939e-07
    endloop
  endfacet
  facet normal 0 0 -1
    outer loop
      vertex 82.9766 8.31038 7.62939e-07
      vertex 82.9266 26.5396 7.62939e-07
      vertex 82.9402 26.5329 7.62939e-07
    endloop
  endfacet
  facet normal 0 0 -1
    outer loop
      vertex 82.696 8.17199 7.62939e-07
      vertex 82.9266 26.5396 7.62939e-07
      vertex 82.9766 8.31038 7.62939e-07
    endloop
  endfacet
  facet normal 0 0 -1
    outer loop
      vertex 82.696 8.17199 7.62939e-07
      vertex 82.646 26.678 7.62939e-07
      vertex 82.9266 26.5396 7.62939e-07
    endloop
  endfacet
  facet normal 0 0 -1
    outer loop
      vertex 82.4358 7.99816 7.62939e-07
      vertex 82.646 26.678 7.62939e-07
      vertex 82.696 8.17199 7.62939e-07
    endloop
  endfacet
  facet normal 0 0 -1
    outer loop
      vertex 82.4232 7.98973 7.62939e-07
      vertex 82.646 26.678 7.62939e-07
      vertex 82.4358 7.99816 7.62939e-07
    endloop
  endfacet
  facet normal 0 0 -1
    outer loop
      vertex 82.3732 26.8603 7.62939e-07
      vertex 82.4232 7.98973 7.62939e-07
      vertex 82.4118 7.97973 7.62939e-07
    endloop
  endfacet
  facet normal 0 0 -1
    outer loop
      vertex 82.4232 7.98973 7.62939e-07
      vertex 82.3858 26.8518 7.62939e-07
      vertex 82.646 26.678 7.62939e-07
    endloop
  endfacet
  facet normal 0 0 -1
    outer loop
      vertex 82.4232 7.98973 7.62939e-07
      vertex 82.3732 26.8603 7.62939e-07
      vertex 82.3858 26.8518 7.62939e-07
    endloop
  endfacet
  facet normal 0 0 -1
    outer loop
      vertex 82.1766 7.77342 7.62939e-07
      vertex 82.3732 26.8603 7.62939e-07
      vertex 82.4118 7.97973 7.62939e-07
    endloop
  endfacet
  facet normal 0 0 -1
    outer loop
      vertex 82.1766 7.77342 7.62939e-07
      vertex 82.138 27.0666 7.62939e-07
      vertex 82.3732 26.8603 7.62939e-07
    endloop
  endfacet
  facet normal 0 0 -1
    outer loop
      vertex 82.1766 7.77342 7.62939e-07
      vertex 82.1266 27.0766 7.62939e-07
      vertex 82.138 27.0666 7.62939e-07
    endloop
  endfacet
  facet normal 0 0 -1
    outer loop
      vertex 82.1766 7.77342 7.62939e-07
      vertex 82.1166 27.088 7.62939e-07
      vertex 82.1266 27.0766 7.62939e-07
    endloop
  endfacet
  facet normal 0 0 -1
    outer loop
      vertex 81.9703 7.53818 7.62939e-07
      vertex 82.1166 27.088 7.62939e-07
      vertex 82.1766 7.77342 7.62939e-07
    endloop
  endfacet
  facet normal 0 0 -1
    outer loop
      vertex 81.9603 7.52677 7.62939e-07
      vertex 82.1166 27.088 7.62939e-07
      vertex 81.9703 7.53818 7.62939e-07
    endloop
  endfacet
  facet normal 0 0 -1
    outer loop
      vertex 77.9 4 7.62939e-07
      vertex 81.9603 7.52677 7.62939e-07
      vertex 81.9518 7.51416 7.62939e-07
    endloop
  endfacet
  facet normal 0 0 -1
    outer loop
      vertex 81.9603 7.52677 7.62939e-07
      vertex 81.9103 27.3232 7.62939e-07
      vertex 82.1166 27.088 7.62939e-07
    endloop
  endfacet
  facet normal -0 0 -1
    outer loop
      vertex 81.9603 7.52677 7.62939e-07
      vertex 77.9 4 7.62939e-07
      vertex 81.9103 27.3232 7.62939e-07
    endloop
  endfacet
  facet normal 0 0 -1
    outer loop
      vertex 77.9 4 7.62939e-07
      vertex 81.9518 7.51416 7.62939e-07
      vertex 81.778 7.254 7.62939e-07
    endloop
  endfacet
  facet normal 0 0 -1
    outer loop
      vertex 77.9 4 7.62939e-07
      vertex 81.778 7.254 7.62939e-07
      vertex 81.7713 7.24039 7.62939e-07
    endloop
  endfacet
  facet normal 0 0 -1
    outer loop
      vertex 77.9 30.9 7.62939e-07
      vertex 81.9103 27.3232 7.62939e-07
      vertex 77.9 4 7.62939e-07
    endloop
  endfacet
  facet normal 0 0 -1
    outer loop
      vertex 77.9 4 7.62939e-07
      vertex 81.7713 7.24039 7.62939e-07
      vertex 81.6329 6.95977 7.62939e-07
    endloop
  endfacet
  facet normal 0 0 -1
    outer loop
      vertex 81.9103 27.3232 7.62939e-07
      vertex 77.9 30.9 7.62939e-07
      vertex 81.9018 27.3358 7.62939e-07
    endloop
  endfacet
  facet normal 0 0 -1
    outer loop
      vertex 81.9018 27.3358 7.62939e-07
      vertex 77.9 30.9 7.62939e-07
      vertex 81.728 27.596 7.62939e-07
    endloop
  endfacet
  facet normal 0 0 -1
    outer loop
      vertex 81.728 27.596 7.62939e-07
      vertex 77.9 30.9 7.62939e-07
      vertex 81.5896 27.8766 7.62939e-07
    endloop
  endfacet
  facet normal 0 0 -1
    outer loop
      vertex 77.9 4 7.62939e-07
      vertex 81.6329 6.95977 7.62939e-07
      vertex 81.5323 6.66349 7.62939e-07
    endloop
  endfacet
  facet normal 0 0 -1
    outer loop
      vertex 77.9 4 7.62939e-07
      vertex 81.5323 6.66349 7.62939e-07
      vertex 81.5275 6.64912 7.62939e-07
    endloop
  endfacet
  facet normal 0 0 -1
    outer loop
      vertex 77.9 4 7.62939e-07
      vertex 81.5275 6.64912 7.62939e-07
      vertex 81.5245 6.63424 7.62939e-07
    endloop
  endfacet
  facet normal 0 0 -1
    outer loop
      vertex 81.5896 27.8766 7.62939e-07
      vertex 77.9 30.9 7.62939e-07
      vertex 81.5829 27.8902 7.62939e-07
    endloop
  endfacet
  facet normal 0 0 -1
    outer loop
      vertex 81.5829 27.8902 7.62939e-07
      vertex 77.9 30.9 7.62939e-07
      vertex 81.578 27.9046 7.62939e-07
    endloop
  endfacet
  facet normal 0 0 -1
    outer loop
      vertex 77.9 4 7.62939e-07
      vertex 81.5245 6.63424 7.62939e-07
      vertex 81.4635 6.32736 7.62939e-07
    endloop
  endfacet
  facet normal 0 0 -1
    outer loop
      vertex 77.9 4 7.62939e-07
      vertex 81.4635 6.32736 7.62939e-07
      vertex 81.4625 6.31222 7.62939e-07
    endloop
  endfacet
  facet normal 0 0 -1
    outer loop
      vertex 77.9 4 7.62939e-07
      vertex 81.4625 6.31222 7.62939e-07
      vertex 81.442 6 7.62939e-07
    endloop
  endfacet
  facet normal 0 0 -1
    outer loop
      vertex 81.578 27.9046 7.62939e-07
      vertex 77.9 30.9 7.62939e-07
      vertex 81.4775 28.2009 7.62939e-07
    endloop
  endfacet
  facet normal 0 0 -1
    outer loop
      vertex 86.6 3.8147e-07 7.62939e-07
      vertex 86.458 6 7.62939e-07
      vertex 86.6 8.91 7.62939e-07
    endloop
  endfacet
  facet normal 0 0 -1
    outer loop
      vertex 86.6 3.8147e-07 7.62939e-07
      vertex 86.4375 5.68778 7.62939e-07
      vertex 86.458 6 7.62939e-07
    endloop
  endfacet
  facet normal 0 0 -1
    outer loop
      vertex 86.6 3.8147e-07 7.62939e-07
      vertex 86.4365 5.67264 7.62939e-07
      vertex 86.4375 5.68778 7.62939e-07
    endloop
  endfacet
  facet normal 0 0 -1
    outer loop
      vertex 86.6 3.8147e-07 7.62939e-07
      vertex 86.3755 5.36576 7.62939e-07
      vertex 86.4365 5.67264 7.62939e-07
    endloop
  endfacet
  facet normal 0 0 -1
    outer loop
      vertex 86.6 3.8147e-07 7.62939e-07
      vertex 86.3725 5.35088 7.62939e-07
      vertex 86.3755 5.36576 7.62939e-07
    endloop
  endfacet
  facet normal 0 0 -1
    outer loop
      vertex 86.6 3.8147e-07 7.62939e-07
      vertex 86.272 5.0546 7.62939e-07
      vertex 86.3725 5.35088 7.62939e-07
    endloop
  endfacet
  facet normal 0 0 -1
    outer loop
      vertex 86.6 3.8147e-07 7.62939e-07
      vertex 86.2671 5.04023 7.62939e-07
      vertex 86.272 5.0546 7.62939e-07
    endloop
  endfacet
  facet normal 0 0 -1
    outer loop
      vertex 86.6 3.8147e-07 7.62939e-07
      vertex 86.2604 5.02662 7.62939e-07
      vertex 86.2671 5.04023 7.62939e-07
    endloop
  endfacet
  facet normal 0 0 -1
    outer loop
      vertex 86.6 3.8147e-07 7.62939e-07
      vertex 86.122 4.746 7.62939e-07
      vertex 86.2604 5.02662 7.62939e-07
    endloop
  endfacet
  facet normal 0 0 -1
    outer loop
      vertex 86.6 3.8147e-07 7.62939e-07
      vertex 85.9482 4.48584 7.62939e-07
      vertex 86.122 4.746 7.62939e-07
    endloop
  endfacet
  facet normal 0 0 -1
    outer loop
      vertex 86.6 3.8147e-07 7.62939e-07
      vertex 85.9397 4.47323 7.62939e-07
      vertex 85.9482 4.48584 7.62939e-07
    endloop
  endfacet
  facet normal 0 0 -1
    outer loop
      vertex 86.6 3.8147e-07 7.62939e-07
      vertex 85.7334 4.23799 7.62939e-07
      vertex 85.9397 4.47323 7.62939e-07
    endloop
  endfacet
  facet normal 0 0 -1
    outer loop
      vertex 86.6 3.8147e-07 7.62939e-07
      vertex 85.7234 4.22658 7.62939e-07
      vertex 85.7334 4.23799 7.62939e-07
    endloop
  endfacet
  facet normal 0 0 -1
    outer loop
      vertex 86.6 3.8147e-07 7.62939e-07
      vertex 85.712 4.21657 7.62939e-07
      vertex 85.7234 4.22658 7.62939e-07
    endloop
  endfacet
  facet normal 0 0 -1
    outer loop
      vertex 86.6 3.8147e-07 7.62939e-07
      vertex 85.4768 4.01027 7.62939e-07
      vertex 85.712 4.21657 7.62939e-07
    endloop
  endfacet
  facet normal 0 0 -1
    outer loop
      vertex 86.6 3.8147e-07 7.62939e-07
      vertex 85.2166 3.83644 7.62939e-07
      vertex 85.4768 4.01027 7.62939e-07
    endloop
  endfacet
  facet normal 0 0 -1
    outer loop
      vertex 86.6 3.8147e-07 7.62939e-07
      vertex 85.204 3.82801 7.62939e-07
      vertex 85.2166 3.83644 7.62939e-07
    endloop
  endfacet
  facet normal 0 0 -1
    outer loop
      vertex 86.6 3.8147e-07 7.62939e-07
      vertex 85.1904 3.8213 7.62939e-07
      vertex 85.204 3.82801 7.62939e-07
    endloop
  endfacet
  facet normal 0 0 -1
    outer loop
      vertex 86.6 3.8147e-07 7.62939e-07
      vertex 84.9098 3.68291 7.62939e-07
      vertex 85.1904 3.8213 7.62939e-07
    endloop
  endfacet
  facet normal 0 0 -1
    outer loop
      vertex 86.6 3.8147e-07 7.62939e-07
      vertex 84.8954 3.67803 7.62939e-07
      vertex 84.9098 3.68291 7.62939e-07
    endloop
  endfacet
  facet normal 0 0 -1
    outer loop
      vertex 86.6 3.8147e-07 7.62939e-07
      vertex 84.5991 3.57746 7.62939e-07
      vertex 84.8954 3.67803 7.62939e-07
    endloop
  endfacet
  facet normal 0 0 -1
    outer loop
      vertex 86.6 3.8147e-07 7.62939e-07
      vertex 84.2922 3.51642 7.62939e-07
      vertex 84.5991 3.57746 7.62939e-07
    endloop
  endfacet
  facet normal 0 0 -1
    outer loop
      vertex 86.6 3.8147e-07 7.62939e-07
      vertex 84.2774 3.51346 7.62939e-07
      vertex 84.2922 3.51642 7.62939e-07
    endloop
  endfacet
  facet normal 0 0 -1
    outer loop
      vertex 86.6 3.8147e-07 7.62939e-07
      vertex 83.9651 3.49299 7.62939e-07
      vertex 84.2774 3.51346 7.62939e-07
    endloop
  endfacet
  facet normal 0 0 -1
    outer loop
      vertex 81.9 3.8147e-07 7.62939e-07
      vertex 83.9651 3.49299 7.62939e-07
      vertex 86.6 3.8147e-07 7.62939e-07
    endloop
  endfacet
  facet normal 0 0 -1
    outer loop
      vertex 83.9651 3.49299 7.62939e-07
      vertex 81.9 3.8147e-07 7.62939e-07
      vertex 83.95 3.492 7.62939e-07
    endloop
  endfacet
  facet normal -0 0 -1
    outer loop
      vertex 83.95 3.492 7.62939e-07
      vertex 81.9 3.8147e-07 7.62939e-07
      vertex 83.9349 3.49299 7.62939e-07
    endloop
  endfacet
  facet normal -0 0 -1
    outer loop
      vertex 83.9349 3.49299 7.62939e-07
      vertex 81.9 3.8147e-07 7.62939e-07
      vertex 83.6226 3.51346 7.62939e-07
    endloop
  endfacet
  facet normal -0 0 -1
    outer loop
      vertex 83.6226 3.51346 7.62939e-07
      vertex 81.9 3.8147e-07 7.62939e-07
      vertex 83.6078 3.51642 7.62939e-07
    endloop
  endfacet
  facet normal -0 0 -1
    outer loop
      vertex 83.6078 3.51642 7.62939e-07
      vertex 81.9 3.8147e-07 7.62939e-07
      vertex 83.3009 3.57746 7.62939e-07
    endloop
  endfacet
  facet normal -0 0 -1
    outer loop
      vertex 83.3009 3.57746 7.62939e-07
      vertex 81.9 3.8147e-07 7.62939e-07
      vertex 83.0046 3.67803 7.62939e-07
    endloop
  endfacet
  facet normal -0 0 -1
    outer loop
      vertex 83.0046 3.67803 7.62939e-07
      vertex 81.9 3.8147e-07 7.62939e-07
      vertex 82.9902 3.68291 7.62939e-07
    endloop
  endfacet
  facet normal -0 0 -1
    outer loop
      vertex 82.9902 3.68291 7.62939e-07
      vertex 81.9 3.8147e-07 7.62939e-07
      vertex 82.7096 3.8213 7.62939e-07
    endloop
  endfacet
  facet normal -0 0 -1
    outer loop
      vertex 82.7096 3.8213 7.62939e-07
      vertex 81.9 3.8147e-07 7.62939e-07
      vertex 82.696 3.82801 7.62939e-07
    endloop
  endfacet
  facet normal 0 0 -1
    outer loop
      vertex 81.3779 0.0342211 7.62939e-07
      vertex 82.696 3.82801 7.62939e-07
      vertex 81.9 3.8147e-07 7.62939e-07
    endloop
  endfacet
  facet normal -0 0 -1
    outer loop
      vertex 82.696 3.82801 7.62939e-07
      vertex 81.3779 0.0342211 7.62939e-07
      vertex 82.6834 3.83644 7.62939e-07
    endloop
  endfacet
  facet normal 0 0 -1
    outer loop
      vertex 80.8647 0.136298 7.62939e-07
      vertex 82.6834 3.83644 7.62939e-07
      vertex 81.3779 0.0342211 7.62939e-07
    endloop
  endfacet
  facet normal 0 0 -1
    outer loop
      vertex 78.7266 1.56496 7.62939e-07
      vertex 81.9703 4.46182 7.62939e-07
      vertex 82.1766 4.22658 7.62939e-07
    endloop
  endfacet
  facet normal -0 0 -1
    outer loop
      vertex 82.6834 3.83644 7.62939e-07
      vertex 80.8647 0.136298 7.62939e-07
      vertex 82.4232 4.01027 7.62939e-07
    endloop
  endfacet
  facet normal 0 0 -1
    outer loop
      vertex 80.3693 0.304482 7.62939e-07
      vertex 82.4232 4.01027 7.62939e-07
      vertex 80.8647 0.136298 7.62939e-07
    endloop
  endfacet
  facet normal 0 0 -1
    outer loop
      vertex 79.9 0.535899 7.62939e-07
      vertex 82.4232 4.01027 7.62939e-07
      vertex 80.3693 0.304482 7.62939e-07
    endloop
  endfacet
  facet normal -0 0 -1
    outer loop
      vertex 82.4232 4.01027 7.62939e-07
      vertex 79.9 0.535899 7.62939e-07
      vertex 82.4118 4.02028 7.62939e-07
    endloop
  endfacet
  facet normal 0 0 -1
    outer loop
      vertex 79.465 0.826587 7.62939e-07
      vertex 82.4118 4.02028 7.62939e-07
      vertex 79.9 0.535899 7.62939e-07
    endloop
  endfacet
  facet normal -0 0 -1
    outer loop
      vertex 82.4118 4.02028 7.62939e-07
      vertex 79.465 0.826587 7.62939e-07
      vertex 82.1766 4.22658 7.62939e-07
    endloop
  endfacet
  facet normal 0 0 -1
    outer loop
      vertex 79.0716 1.17157 7.62939e-07
      vertex 82.1766 4.22658 7.62939e-07
      vertex 79.465 0.826587 7.62939e-07
    endloop
  endfacet
  facet normal 0 0 -1
    outer loop
      vertex 78.7266 1.56496 7.62939e-07
      vertex 82.1766 4.22658 7.62939e-07
      vertex 79.0716 1.17157 7.62939e-07
    endloop
  endfacet
  facet normal 0 0 -1
    outer loop
      vertex 78.4359 2 7.62939e-07
      vertex 81.9703 4.46182 7.62939e-07
      vertex 78.7266 1.56496 7.62939e-07
    endloop
  endfacet
  facet normal -0 0 -1
    outer loop
      vertex 81.9703 4.46182 7.62939e-07
      vertex 78.4359 2 7.62939e-07
      vertex 81.9603 4.47323 7.62939e-07
    endloop
  endfacet
  facet normal 0 0 -1
    outer loop
      vertex 77.9 4 7.62939e-07
      vertex 81.4625 5.68778 7.62939e-07
      vertex 81.4635 5.67264 7.62939e-07
    endloop
  endfacet
  facet normal 0 0 -1
    outer loop
      vertex 81.4775 28.2009 7.62939e-07
      vertex 77.9 30.9 7.62939e-07
      vertex 81.4745 28.2158 7.62939e-07
    endloop
  endfacet
  facet normal 0 0 -1
    outer loop
      vertex 81.4745 28.2158 7.62939e-07
      vertex 77.9 30.9 7.62939e-07
      vertex 81.4135 28.5226 7.62939e-07
    endloop
  endfacet
  facet normal 0 0 -1
    outer loop
      vertex 78.0363 2.96472 7.62939e-07
      vertex 81.9518 4.48584 7.62939e-07
      vertex 78.2045 2.46927 7.62939e-07
    endloop
  endfacet
  facet normal -0 0 -1
    outer loop
      vertex 81.9603 4.47323 7.62939e-07
      vertex 78.2045 2.46927 7.62939e-07
      vertex 81.9518 4.48584 7.62939e-07
    endloop
  endfacet
  facet normal 0 0 -1
    outer loop
      vertex 78.2045 2.46927 7.62939e-07
      vertex 81.9603 4.47323 7.62939e-07
      vertex 78.4359 2 7.62939e-07
    endloop
  endfacet
  facet normal 0 0 -1
    outer loop
      vertex 96.25 21.85 7.62939e-07
      vertex 118.45 23.45 7.62939e-07
      vertex 118.45 21.85 7.62939e-07
    endloop
  endfacet
  facet normal -0 0 -1
    outer loop
      vertex 118.45 23.45 7.62939e-07
      vertex 96.25 21.85 7.62939e-07
      vertex 96.25 23.45 7.62939e-07
    endloop
  endfacet
  facet normal 0 0 -1
    outer loop
      vertex 96.25 18.65 7.62939e-07
      vertex 118.45 20.25 7.62939e-07
      vertex 118.45 18.65 7.62939e-07
    endloop
  endfacet
  facet normal -0 0 -1
    outer loop
      vertex 118.45 20.25 7.62939e-07
      vertex 96.25 18.65 7.62939e-07
      vertex 96.25 20.25 7.62939e-07
    endloop
  endfacet
  facet normal 0 0 -1
    outer loop
      vertex 96.25 15.45 7.62939e-07
      vertex 118.45 17.05 7.62939e-07
      vertex 118.45 15.45 7.62939e-07
    endloop
  endfacet
  facet normal -0 0 -1
    outer loop
      vertex 118.45 17.05 7.62939e-07
      vertex 96.25 15.45 7.62939e-07
      vertex 96.25 17.05 7.62939e-07
    endloop
  endfacet
  facet normal 0 0 -1
    outer loop
      vertex 86.6 8.91 7.62939e-07
      vertex 118.45 13.85 7.62939e-07
      vertex 139 8.91 7.62939e-07
    endloop
  endfacet
  facet normal 0 0 -1
    outer loop
      vertex 86.6 8.91 7.62939e-07
      vertex 96.25 15.45 7.62939e-07
      vertex 96.25 13.85 7.62939e-07
    endloop
  endfacet
  facet normal -0 0 -1
    outer loop
      vertex 96.25 15.45 7.62939e-07
      vertex 86.6 8.91 7.62939e-07
      vertex 96.25 17.05 7.62939e-07
    endloop
  endfacet
  facet normal -0 0 -1
    outer loop
      vertex 96.25 17.05 7.62939e-07
      vertex 86.6 8.91 7.62939e-07
      vertex 96.25 18.65 7.62939e-07
    endloop
  endfacet
  facet normal 0 0 -1
    outer loop
      vertex 86.3875 28.5378 7.62939e-07
      vertex 96.25 18.65 7.62939e-07
      vertex 86.6 8.91 7.62939e-07
    endloop
  endfacet
  facet normal 0 0 -1
    outer loop
      vertex 86.3875 28.5378 7.62939e-07
      vertex 96.25 20.25 7.62939e-07
      vertex 96.25 18.65 7.62939e-07
    endloop
  endfacet
  facet normal 0 0 -1
    outer loop
      vertex 86.3875 28.5378 7.62939e-07
      vertex 96.25 21.85 7.62939e-07
      vertex 96.25 20.25 7.62939e-07
    endloop
  endfacet
  facet normal 0 0 -1
    outer loop
      vertex 86.3875 28.5378 7.62939e-07
      vertex 96.25 23.45 7.62939e-07
      vertex 96.25 21.85 7.62939e-07
    endloop
  endfacet
  facet normal -0 0 -1
    outer loop
      vertex 118.45 13.85 7.62939e-07
      vertex 86.6 8.91 7.62939e-07
      vertex 96.25 13.85 7.62939e-07
    endloop
  endfacet
  facet normal 0 0 -1
    outer loop
      vertex 144.237 6.27736 7.62939e-07
      vertex 147.8 4 7.62939e-07
      vertex 144.257 5.96514 7.62939e-07
    endloop
  endfacet
  facet normal 0 0 -1
    outer loop
      vertex 147.8 4 7.62939e-07
      vertex 144.257 28.8349 7.62939e-07
      vertex 144.258 28.85 7.62939e-07
    endloop
  endfacet
  facet normal 0 0 -1
    outer loop
      vertex 144.234 6.29224 7.62939e-07
      vertex 147.8 4 7.62939e-07
      vertex 144.237 6.27736 7.62939e-07
    endloop
  endfacet
  facet normal 0 0 -1
    outer loop
      vertex 147.8 4 7.62939e-07
      vertex 144.237 28.5226 7.62939e-07
      vertex 144.257 28.8349 7.62939e-07
    endloop
  endfacet
  facet normal 0 0 -1
    outer loop
      vertex 144.173 6.59912 7.62939e-07
      vertex 147.8 4 7.62939e-07
      vertex 144.234 6.29224 7.62939e-07
    endloop
  endfacet
  facet normal 0 0 -1
    outer loop
      vertex 147.8 4 7.62939e-07
      vertex 144.234 28.5078 7.62939e-07
      vertex 144.237 28.5226 7.62939e-07
    endloop
  endfacet
  facet normal 0 0 -1
    outer loop
      vertex 144.072 6.8954 7.62939e-07
      vertex 147.8 4 7.62939e-07
      vertex 144.173 6.59912 7.62939e-07
    endloop
  endfacet
  facet normal 0 0 -1
    outer loop
      vertex 147.8 4 7.62939e-07
      vertex 144.173 28.2009 7.62939e-07
      vertex 144.234 28.5078 7.62939e-07
    endloop
  endfacet
  facet normal 0 0 -1
    outer loop
      vertex 144.067 6.90977 7.62939e-07
      vertex 147.8 4 7.62939e-07
      vertex 144.072 6.8954 7.62939e-07
    endloop
  endfacet
  facet normal 0 0 -1
    outer loop
      vertex 147.8 4 7.62939e-07
      vertex 144.072 27.9046 7.62939e-07
      vertex 144.173 28.2009 7.62939e-07
    endloop
  endfacet
  facet normal 0 0 -1
    outer loop
      vertex 144.06 6.92338 7.62939e-07
      vertex 147.8 4 7.62939e-07
      vertex 144.067 6.90977 7.62939e-07
    endloop
  endfacet
  facet normal 0 0 -1
    outer loop
      vertex 147.8 4 7.62939e-07
      vertex 144.067 27.8902 7.62939e-07
      vertex 144.072 27.9046 7.62939e-07
    endloop
  endfacet
  facet normal 0 0 -1
    outer loop
      vertex 143.922 7.204 7.62939e-07
      vertex 147.8 4 7.62939e-07
      vertex 144.06 6.92338 7.62939e-07
    endloop
  endfacet
  facet normal 0 0 -1
    outer loop
      vertex 147.8 4 7.62939e-07
      vertex 144.06 27.8766 7.62939e-07
      vertex 144.067 27.8902 7.62939e-07
    endloop
  endfacet
  facet normal 0 0 -1
    outer loop
      vertex 143.748 7.46416 7.62939e-07
      vertex 147.8 4 7.62939e-07
      vertex 143.922 7.204 7.62939e-07
    endloop
  endfacet
  facet normal 0 0 -1
    outer loop
      vertex 147.8 4 7.62939e-07
      vertex 143.922 27.596 7.62939e-07
      vertex 144.06 27.8766 7.62939e-07
    endloop
  endfacet
  facet normal 0 0 -1
    outer loop
      vertex 143.74 7.47677 7.62939e-07
      vertex 147.8 4 7.62939e-07
      vertex 143.748 7.46416 7.62939e-07
    endloop
  endfacet
  facet normal 0 0 -1
    outer loop
      vertex 147.8 4 7.62939e-07
      vertex 143.748 27.3358 7.62939e-07
      vertex 143.922 27.596 7.62939e-07
    endloop
  endfacet
  facet normal 0 0 -1
    outer loop
      vertex 143.74 27.3232 7.62939e-07
      vertex 147.8 4 7.62939e-07
      vertex 143.74 7.47677 7.62939e-07
    endloop
  endfacet
  facet normal 0 0 -1
    outer loop
      vertex 147.8 4 7.62939e-07
      vertex 143.74 27.3232 7.62939e-07
      vertex 143.748 27.3358 7.62939e-07
    endloop
  endfacet
  facet normal 0 0 -1
    outer loop
      vertex 143.533 7.71202 7.62939e-07
      vertex 143.74 27.3232 7.62939e-07
      vertex 143.74 7.47677 7.62939e-07
    endloop
  endfacet
  facet normal 0 0 -1
    outer loop
      vertex 143.533 7.71202 7.62939e-07
      vertex 143.533 27.088 7.62939e-07
      vertex 143.74 27.3232 7.62939e-07
    endloop
  endfacet
  facet normal 0 0 -1
    outer loop
      vertex 143.523 7.72342 7.62939e-07
      vertex 143.533 27.088 7.62939e-07
      vertex 143.533 7.71202 7.62939e-07
    endloop
  endfacet
  facet normal 0 0 -1
    outer loop
      vertex 143.523 7.72342 7.62939e-07
      vertex 143.523 27.0766 7.62939e-07
      vertex 143.533 27.088 7.62939e-07
    endloop
  endfacet
  facet normal 0 0 -1
    outer loop
      vertex 143.512 7.73343 7.62939e-07
      vertex 143.523 27.0766 7.62939e-07
      vertex 143.523 7.72342 7.62939e-07
    endloop
  endfacet
  facet normal 0 0 -1
    outer loop
      vertex 143.512 7.73343 7.62939e-07
      vertex 143.512 27.0666 7.62939e-07
      vertex 143.523 27.0766 7.62939e-07
    endloop
  endfacet
  facet normal 0 0 -1
    outer loop
      vertex 143.277 7.93973 7.62939e-07
      vertex 143.512 27.0666 7.62939e-07
      vertex 143.512 7.73343 7.62939e-07
    endloop
  endfacet
  facet normal 0 0 -1
    outer loop
      vertex 143.277 7.93973 7.62939e-07
      vertex 143.277 26.8603 7.62939e-07
      vertex 143.512 27.0666 7.62939e-07
    endloop
  endfacet
  facet normal 0 0 -1
    outer loop
      vertex 143.264 7.94816 7.62939e-07
      vertex 143.277 26.8603 7.62939e-07
      vertex 143.277 7.93973 7.62939e-07
    endloop
  endfacet
  facet normal 0 0 -1
    outer loop
      vertex 143.264 7.94816 7.62939e-07
      vertex 143.264 26.8518 7.62939e-07
      vertex 143.277 26.8603 7.62939e-07
    endloop
  endfacet
  facet normal 0 0 -1
    outer loop
      vertex 143.004 8.12199 7.62939e-07
      vertex 143.264 26.8518 7.62939e-07
      vertex 143.264 7.94816 7.62939e-07
    endloop
  endfacet
  facet normal 0 0 -1
    outer loop
      vertex 143.004 8.12199 7.62939e-07
      vertex 143.004 26.678 7.62939e-07
      vertex 143.264 26.8518 7.62939e-07
    endloop
  endfacet
  facet normal 0 0 -1
    outer loop
      vertex 142.723 8.26038 7.62939e-07
      vertex 143.004 26.678 7.62939e-07
      vertex 143.004 8.12199 7.62939e-07
    endloop
  endfacet
  facet normal 0 0 -1
    outer loop
      vertex 142.723 8.26038 7.62939e-07
      vertex 142.723 26.5396 7.62939e-07
      vertex 143.004 26.678 7.62939e-07
    endloop
  endfacet
  facet normal 0 0 -1
    outer loop
      vertex 142.71 8.26709 7.62939e-07
      vertex 142.723 26.5396 7.62939e-07
      vertex 142.723 8.26038 7.62939e-07
    endloop
  endfacet
  facet normal 0 0 -1
    outer loop
      vertex 142.71 8.26709 7.62939e-07
      vertex 142.71 26.5329 7.62939e-07
      vertex 142.723 26.5396 7.62939e-07
    endloop
  endfacet
  facet normal 0 0 -1
    outer loop
      vertex 142.695 8.27197 7.62939e-07
      vertex 142.71 26.5329 7.62939e-07
      vertex 142.71 8.26709 7.62939e-07
    endloop
  endfacet
  facet normal 0 0 -1
    outer loop
      vertex 142.695 8.27197 7.62939e-07
      vertex 142.695 26.528 7.62939e-07
      vertex 142.71 26.5329 7.62939e-07
    endloop
  endfacet
  facet normal 0 0 -1
    outer loop
      vertex 142.399 8.37254 7.62939e-07
      vertex 142.695 26.528 7.62939e-07
      vertex 142.695 8.27197 7.62939e-07
    endloop
  endfacet
  facet normal 0 0 -1
    outer loop
      vertex 142.399 8.37254 7.62939e-07
      vertex 142.399 26.4275 7.62939e-07
      vertex 142.695 26.528 7.62939e-07
    endloop
  endfacet
  facet normal 0 0 -1
    outer loop
      vertex 142.384 8.3755 7.62939e-07
      vertex 142.399 26.4275 7.62939e-07
      vertex 142.399 8.37254 7.62939e-07
    endloop
  endfacet
  facet normal 0 0 -1
    outer loop
      vertex 142.384 8.3755 7.62939e-07
      vertex 142.384 26.4245 7.62939e-07
      vertex 142.399 26.4275 7.62939e-07
    endloop
  endfacet
  facet normal 0 0 -1
    outer loop
      vertex 142.077 8.43654 7.62939e-07
      vertex 142.384 26.4245 7.62939e-07
      vertex 142.384 8.3755 7.62939e-07
    endloop
  endfacet
  facet normal 0 0 -1
    outer loop
      vertex 142.077 8.43654 7.62939e-07
      vertex 142.077 26.3635 7.62939e-07
      vertex 142.384 26.4245 7.62939e-07
    endloop
  endfacet
  facet normal 0 0 -1
    outer loop
      vertex 142.077 8.43654 7.62939e-07
      vertex 142.062 26.3625 7.62939e-07
      vertex 142.077 26.3635 7.62939e-07
    endloop
  endfacet
  facet normal 0 0 -1
    outer loop
      vertex 141.765 8.45701 7.62939e-07
      vertex 142.062 26.3625 7.62939e-07
      vertex 142.077 8.43654 7.62939e-07
    endloop
  endfacet
  facet normal 0 0 -1
    outer loop
      vertex 141.75 26.342 7.62939e-07
      vertex 141.765 8.45701 7.62939e-07
      vertex 141.75 8.458 7.62939e-07
    endloop
  endfacet
  facet normal 0 0 -1
    outer loop
      vertex 141.765 8.45701 7.62939e-07
      vertex 141.75 26.342 7.62939e-07
      vertex 142.062 26.3625 7.62939e-07
    endloop
  endfacet
  facet normal 0 0 -1
    outer loop
      vertex 139 8.91 7.62939e-07
      vertex 141.75 8.458 7.62939e-07
      vertex 141.735 8.45701 7.62939e-07
    endloop
  endfacet
  facet normal 0 0 -1
    outer loop
      vertex 141.75 8.458 7.62939e-07
      vertex 139 8.91 7.62939e-07
      vertex 141.75 26.342 7.62939e-07
    endloop
  endfacet
  facet normal 0 0 -1
    outer loop
      vertex 139 8.91 7.62939e-07
      vertex 141.735 8.45701 7.62939e-07
      vertex 141.423 8.43654 7.62939e-07
    endloop
  endfacet
  facet normal -0 0 -1
    outer loop
      vertex 141.75 26.342 7.62939e-07
      vertex 139 8.91 7.62939e-07
      vertex 141.438 26.3625 7.62939e-07
    endloop
  endfacet
  facet normal 0 0 -1
    outer loop
      vertex 139 8.91 7.62939e-07
      vertex 141.423 8.43654 7.62939e-07
      vertex 141.116 8.3755 7.62939e-07
    endloop
  endfacet
  facet normal -0 0 -1
    outer loop
      vertex 141.438 26.3625 7.62939e-07
      vertex 139 8.91 7.62939e-07
      vertex 141.423 26.3635 7.62939e-07
    endloop
  endfacet
  facet normal 0 0 -1
    outer loop
      vertex 139 8.91 7.62939e-07
      vertex 141.116 8.3755 7.62939e-07
      vertex 141.101 8.37254 7.62939e-07
    endloop
  endfacet
  facet normal -0 0 -1
    outer loop
      vertex 141.423 26.3635 7.62939e-07
      vertex 139 8.91 7.62939e-07
      vertex 141.116 26.4245 7.62939e-07
    endloop
  endfacet
  facet normal 0 0 -1
    outer loop
      vertex 139 8.91 7.62939e-07
      vertex 141.101 8.37254 7.62939e-07
      vertex 140.805 8.27197 7.62939e-07
    endloop
  endfacet
  facet normal -0 0 -1
    outer loop
      vertex 141.116 26.4245 7.62939e-07
      vertex 139 8.91 7.62939e-07
      vertex 141.101 26.4275 7.62939e-07
    endloop
  endfacet
  facet normal 0 0 -1
    outer loop
      vertex 139 8.91 7.62939e-07
      vertex 140.805 8.27197 7.62939e-07
      vertex 140.79 8.26709 7.62939e-07
    endloop
  endfacet
  facet normal -0 0 -1
    outer loop
      vertex 141.101 26.4275 7.62939e-07
      vertex 139 8.91 7.62939e-07
      vertex 140.805 26.528 7.62939e-07
    endloop
  endfacet
  facet normal 0 0 -1
    outer loop
      vertex 139 8.91 7.62939e-07
      vertex 140.79 8.26709 7.62939e-07
      vertex 140.777 8.26038 7.62939e-07
    endloop
  endfacet
  facet normal -0 0 -1
    outer loop
      vertex 140.805 26.528 7.62939e-07
      vertex 139 8.91 7.62939e-07
      vertex 140.79 26.5329 7.62939e-07
    endloop
  endfacet
  facet normal 0 0 -1
    outer loop
      vertex 139 8.91 7.62939e-07
      vertex 140.777 8.26038 7.62939e-07
      vertex 140.496 8.12199 7.62939e-07
    endloop
  endfacet
  facet normal -0 0 -1
    outer loop
      vertex 140.79 26.5329 7.62939e-07
      vertex 139 8.91 7.62939e-07
      vertex 140.777 26.5396 7.62939e-07
    endloop
  endfacet
  facet normal 0 0 -1
    outer loop
      vertex 139 8.91 7.62939e-07
      vertex 140.496 8.12199 7.62939e-07
      vertex 140.236 7.94816 7.62939e-07
    endloop
  endfacet
  facet normal -0 0 -1
    outer loop
      vertex 140.777 26.5396 7.62939e-07
      vertex 139 8.91 7.62939e-07
      vertex 140.496 26.678 7.62939e-07
    endloop
  endfacet
  facet normal 0 0 -1
    outer loop
      vertex 139 8.91 7.62939e-07
      vertex 140.236 7.94816 7.62939e-07
      vertex 140.223 7.93973 7.62939e-07
    endloop
  endfacet
  facet normal -0 0 -1
    outer loop
      vertex 140.496 26.678 7.62939e-07
      vertex 139 8.91 7.62939e-07
      vertex 140.236 26.8518 7.62939e-07
    endloop
  endfacet
  facet normal 0 0 -1
    outer loop
      vertex 139 8.91 7.62939e-07
      vertex 140.223 7.93973 7.62939e-07
      vertex 139.988 7.73343 7.62939e-07
    endloop
  endfacet
  facet normal -0 0 -1
    outer loop
      vertex 140.236 26.8518 7.62939e-07
      vertex 139 8.91 7.62939e-07
      vertex 140.223 26.8603 7.62939e-07
    endloop
  endfacet
  facet normal 0 0 -1
    outer loop
      vertex 139 8.91 7.62939e-07
      vertex 139.988 7.73343 7.62939e-07
      vertex 139.977 7.72342 7.62939e-07
    endloop
  endfacet
  facet normal -0 0 -1
    outer loop
      vertex 140.223 26.8603 7.62939e-07
      vertex 139 8.91 7.62939e-07
      vertex 139.988 27.0666 7.62939e-07
    endloop
  endfacet
  facet normal 0 0 -1
    outer loop
      vertex 139 8.91 7.62939e-07
      vertex 139.977 7.72342 7.62939e-07
      vertex 139.967 7.71202 7.62939e-07
    endloop
  endfacet
  facet normal -0 0 -1
    outer loop
      vertex 139.988 27.0666 7.62939e-07
      vertex 139 8.91 7.62939e-07
      vertex 139.977 27.0766 7.62939e-07
    endloop
  endfacet
  facet normal 0 0 -1
    outer loop
      vertex 139 8.91 7.62939e-07
      vertex 139.967 7.71202 7.62939e-07
      vertex 139.76 7.47677 7.62939e-07
    endloop
  endfacet
  facet normal 0 0 -1
    outer loop
      vertex 118.45 18.65 7.62939e-07
      vertex 139.977 27.0766 7.62939e-07
      vertex 139 8.91 7.62939e-07
    endloop
  endfacet
  facet normal 0 0 -1
    outer loop
      vertex 139 8.91 7.62939e-07
      vertex 139.76 7.47677 7.62939e-07
      vertex 139.586 7.21662 7.62939e-07
    endloop
  endfacet
  facet normal -0 0 -1
    outer loop
      vertex 139.977 27.0766 7.62939e-07
      vertex 118.45 18.65 7.62939e-07
      vertex 139.967 27.088 7.62939e-07
    endloop
  endfacet
  facet normal 0 0 -1
    outer loop
      vertex 139 8.91 7.62939e-07
      vertex 139.586 7.21662 7.62939e-07
      vertex 139.578 7.204 7.62939e-07
    endloop
  endfacet
  facet normal -0 0 -1
    outer loop
      vertex 139.967 27.088 7.62939e-07
      vertex 118.45 18.65 7.62939e-07
      vertex 139.76 27.3232 7.62939e-07
    endloop
  endfacet
  facet normal 0 0 -1
    outer loop
      vertex 139 8.91 7.62939e-07
      vertex 139.578 7.204 7.62939e-07
      vertex 139.571 7.19039 7.62939e-07
    endloop
  endfacet
  facet normal 0 0 -1
    outer loop
      vertex 118.45 20.25 7.62939e-07
      vertex 139.76 27.3232 7.62939e-07
      vertex 118.45 18.65 7.62939e-07
    endloop
  endfacet
  facet normal 0 0 -1
    outer loop
      vertex 139 8.91 7.62939e-07
      vertex 139.571 7.19039 7.62939e-07
      vertex 139.433 6.90977 7.62939e-07
    endloop
  endfacet
  facet normal -0 0 -1
    outer loop
      vertex 139.76 27.3232 7.62939e-07
      vertex 118.45 20.25 7.62939e-07
      vertex 139.586 27.5834 7.62939e-07
    endloop
  endfacet
  facet normal 0 0 -1
    outer loop
      vertex 139 8.91 7.62939e-07
      vertex 139.433 6.90977 7.62939e-07
      vertex 139.428 6.8954 7.62939e-07
    endloop
  endfacet
  facet normal 0 0 -1
    outer loop
      vertex 118.45 21.85 7.62939e-07
      vertex 139.586 27.5834 7.62939e-07
      vertex 118.45 20.25 7.62939e-07
    endloop
  endfacet
  facet normal 0 0 -1
    outer loop
      vertex 139 8.91 7.62939e-07
      vertex 139.428 6.8954 7.62939e-07
      vertex 139.327 6.59912 7.62939e-07
    endloop
  endfacet
  facet normal -0 0 -1
    outer loop
      vertex 139.586 27.5834 7.62939e-07
      vertex 118.45 21.85 7.62939e-07
      vertex 139.578 27.596 7.62939e-07
    endloop
  endfacet
  facet normal 0 0 -1
    outer loop
      vertex 139 8.91 7.62939e-07
      vertex 139.327 6.59912 7.62939e-07
      vertex 139.266 6.29224 7.62939e-07
    endloop
  endfacet
  facet normal -0 0 -1
    outer loop
      vertex 139.578 27.596 7.62939e-07
      vertex 118.45 21.85 7.62939e-07
      vertex 139.571 27.6096 7.62939e-07
    endloop
  endfacet
  facet normal 0 0 -1
    outer loop
      vertex 139 8.91 7.62939e-07
      vertex 139.266 6.29224 7.62939e-07
      vertex 139.263 6.27736 7.62939e-07
    endloop
  endfacet
  facet normal 0 0 -1
    outer loop
      vertex 118.45 23.45 7.62939e-07
      vertex 139.571 27.6096 7.62939e-07
      vertex 118.45 21.85 7.62939e-07
    endloop
  endfacet
  facet normal 0 0 -1
    outer loop
      vertex 139 8.91 7.62939e-07
      vertex 139.263 6.27736 7.62939e-07
      vertex 139.243 5.96514 7.62939e-07
    endloop
  endfacet
  facet normal -0 0 -1
    outer loop
      vertex 139.571 27.6096 7.62939e-07
      vertex 118.45 23.45 7.62939e-07
      vertex 139.433 27.8902 7.62939e-07
    endloop
  endfacet
  facet normal 0 0 -1
    outer loop
      vertex 139 8.91 7.62939e-07
      vertex 139.243 5.96514 7.62939e-07
      vertex 139.242 5.95 7.62939e-07
    endloop
  endfacet
  facet normal 0 0 -1
    outer loop
      vertex 118.45 25.05 7.62939e-07
      vertex 139.433 27.8902 7.62939e-07
      vertex 118.45 23.45 7.62939e-07
    endloop
  endfacet
  facet normal 0 0 -1
    outer loop
      vertex 143.922 4.696 7.62939e-07
      vertex 147.8 4 7.62939e-07
      vertex 147.766 3.4779 7.62939e-07
    endloop
  endfacet
  facet normal 0 0 -1
    outer loop
      vertex 144.257 5.96514 7.62939e-07
      vertex 147.8 4 7.62939e-07
      vertex 144.258 5.95 7.62939e-07
    endloop
  endfacet
  facet normal 0 0 -1
    outer loop
      vertex 143.922 4.696 7.62939e-07
      vertex 147.766 3.4779 7.62939e-07
      vertex 147.664 2.96472 7.62939e-07
    endloop
  endfacet
  facet normal 0 0 -1
    outer loop
      vertex 147.8 4 7.62939e-07
      vertex 144.258 28.85 7.62939e-07
      vertex 147.8 30.9 7.62939e-07
    endloop
  endfacet
  facet normal 0 0 -1
    outer loop
      vertex 143.922 4.696 7.62939e-07
      vertex 147.664 2.96472 7.62939e-07
      vertex 147.496 2.46927 7.62939e-07
    endloop
  endfacet
  facet normal 0 0 -1
    outer loop
      vertex 144.257 28.8651 7.62939e-07
      vertex 147.8 30.9 7.62939e-07
      vertex 144.258 28.85 7.62939e-07
    endloop
  endfacet
  facet normal 0 0 -1
    outer loop
      vertex 143.74 4.42323 7.62939e-07
      vertex 147.496 2.46927 7.62939e-07
      vertex 147.264 2 7.62939e-07
    endloop
  endfacet
  facet normal 0 0 -1
    outer loop
      vertex 144.237 29.1774 7.62939e-07
      vertex 147.8 30.9 7.62939e-07
      vertex 144.257 28.8651 7.62939e-07
    endloop
  endfacet
  facet normal 0 0 -1
    outer loop
      vertex 143.73 4.41182 7.62939e-07
      vertex 147.264 2 7.62939e-07
      vertex 146.973 1.56496 7.62939e-07
    endloop
  endfacet
  facet normal 0 0 -1
    outer loop
      vertex 144.234 29.1922 7.62939e-07
      vertex 147.8 30.9 7.62939e-07
      vertex 144.237 29.1774 7.62939e-07
    endloop
  endfacet
  facet normal 0 0 -1
    outer loop
      vertex 143.523 4.17658 7.62939e-07
      vertex 146.973 1.56496 7.62939e-07
      vertex 146.628 1.17157 7.62939e-07
    endloop
  endfacet
  facet normal 0 0 -1
    outer loop
      vertex 144.173 29.4991 7.62939e-07
      vertex 147.8 30.9 7.62939e-07
      vertex 144.234 29.1922 7.62939e-07
    endloop
  endfacet
  facet normal 0 0 -1
    outer loop
      vertex 143.523 4.17658 7.62939e-07
      vertex 146.628 1.17157 7.62939e-07
      vertex 146.235 0.826587 7.62939e-07
    endloop
  endfacet
  facet normal 0 0 -1
    outer loop
      vertex 144.072 29.7954 7.62939e-07
      vertex 147.8 30.9 7.62939e-07
      vertex 144.173 29.4991 7.62939e-07
    endloop
  endfacet
  facet normal 0 0 -1
    outer loop
      vertex 143.523 4.17658 7.62939e-07
      vertex 146.235 0.826587 7.62939e-07
      vertex 145.8 0.535899 7.62939e-07
    endloop
  endfacet
  facet normal 0 0 -1
    outer loop
      vertex 144.067 29.8098 7.62939e-07
      vertex 147.8 30.9 7.62939e-07
      vertex 144.072 29.7954 7.62939e-07
    endloop
  endfacet
  facet normal 0 0 -1
    outer loop
      vertex 143.277 3.96027 7.62939e-07
      vertex 145.8 0.535899 7.62939e-07
      vertex 145.331 0.304482 7.62939e-07
    endloop
  endfacet
  facet normal 0 0 -1
    outer loop
      vertex 144.06 29.8234 7.62939e-07
      vertex 147.8 30.9 7.62939e-07
      vertex 144.067 29.8098 7.62939e-07
    endloop
  endfacet
  facet normal 0 0 -1
    outer loop
      vertex 143.264 3.95184 7.62939e-07
      vertex 145.331 0.304482 7.62939e-07
      vertex 144.835 0.136298 7.62939e-07
    endloop
  endfacet
  facet normal 0 0 -1
    outer loop
      vertex 143.922 30.104 7.62939e-07
      vertex 147.8 30.9 7.62939e-07
      vertex 144.06 29.8234 7.62939e-07
    endloop
  endfacet
  facet normal 0 0 -1
    outer loop
      vertex 143.004 3.77801 7.62939e-07
      vertex 144.835 0.136298 7.62939e-07
      vertex 144.322 0.0342211 7.62939e-07
    endloop
  endfacet
  facet normal -0 0 -1
    outer loop
      vertex 147.8 30.9 7.62939e-07
      vertex 143.922 30.104 7.62939e-07
      vertex 147.766 31.4221 7.62939e-07
    endloop
  endfacet
  facet normal -0 0 -1
    outer loop
      vertex 147.766 31.4221 7.62939e-07
      vertex 143.922 30.104 7.62939e-07
      vertex 147.664 31.9353 7.62939e-07
    endloop
  endfacet
  facet normal 0 0 -1
    outer loop
      vertex 147.8 4 7.62939e-07
      vertex 144.257 5.93486 7.62939e-07
      vertex 144.258 5.95 7.62939e-07
    endloop
  endfacet
  facet normal 0 0 -1
    outer loop
      vertex 147.8 4 7.62939e-07
      vertex 144.237 5.62264 7.62939e-07
      vertex 144.257 5.93486 7.62939e-07
    endloop
  endfacet
  facet normal 0 0 -1
    outer loop
      vertex 147.8 4 7.62939e-07
      vertex 144.234 5.60776 7.62939e-07
      vertex 144.237 5.62264 7.62939e-07
    endloop
  endfacet
  facet normal 0 0 -1
    outer loop
      vertex 147.8 4 7.62939e-07
      vertex 144.173 5.30088 7.62939e-07
      vertex 144.234 5.60776 7.62939e-07
    endloop
  endfacet
  facet normal 0 0 -1
    outer loop
      vertex 147.8 4 7.62939e-07
      vertex 144.072 5.0046 7.62939e-07
      vertex 144.173 5.30088 7.62939e-07
    endloop
  endfacet
  facet normal 0 0 -1
    outer loop
      vertex 147.8 4 7.62939e-07
      vertex 144.067 4.99023 7.62939e-07
      vertex 144.072 5.0046 7.62939e-07
    endloop
  endfacet
  facet normal 0 0 -1
    outer loop
      vertex 147.8 4 7.62939e-07
      vertex 144.06 4.97662 7.62939e-07
      vertex 144.067 4.99023 7.62939e-07
    endloop
  endfacet
  facet normal 0 0 -1
    outer loop
      vertex 147.8 4 7.62939e-07
      vertex 143.922 4.696 7.62939e-07
      vertex 144.06 4.97662 7.62939e-07
    endloop
  endfacet
  facet normal 0 0 -1
    outer loop
      vertex 143.004 3.77801 7.62939e-07
      vertex 144.322 0.0342211 7.62939e-07
      vertex 143.8 3.8147e-07 7.62939e-07
    endloop
  endfacet
  facet normal 0 0 -1
    outer loop
      vertex 147.496 2.46927 7.62939e-07
      vertex 143.748 4.43584 7.62939e-07
      vertex 143.922 4.696 7.62939e-07
    endloop
  endfacet
  facet normal 0 0 -1
    outer loop
      vertex 147.496 2.46927 7.62939e-07
      vertex 143.74 4.42323 7.62939e-07
      vertex 143.748 4.43584 7.62939e-07
    endloop
  endfacet
  facet normal 0 0 -1
    outer loop
      vertex 147.264 2 7.62939e-07
      vertex 143.73 4.41182 7.62939e-07
      vertex 143.74 4.42323 7.62939e-07
    endloop
  endfacet
  facet normal 0 0 -1
    outer loop
      vertex 146.973 1.56496 7.62939e-07
      vertex 143.523 4.17658 7.62939e-07
      vertex 143.73 4.41182 7.62939e-07
    endloop
  endfacet
  facet normal 0 0 -1
    outer loop
      vertex 145.8 0.535899 7.62939e-07
      vertex 143.288 3.97028 7.62939e-07
      vertex 143.523 4.17658 7.62939e-07
    endloop
  endfacet
  facet normal 0 0 -1
    outer loop
      vertex 145.8 0.535899 7.62939e-07
      vertex 143.277 3.96027 7.62939e-07
      vertex 143.288 3.97028 7.62939e-07
    endloop
  endfacet
  facet normal 0 0 -1
    outer loop
      vertex 145.331 0.304482 7.62939e-07
      vertex 143.264 3.95184 7.62939e-07
      vertex 143.277 3.96027 7.62939e-07
    endloop
  endfacet
  facet normal 0 0 -1
    outer loop
      vertex 144.835 0.136298 7.62939e-07
      vertex 143.004 3.77801 7.62939e-07
      vertex 143.264 3.95184 7.62939e-07
    endloop
  endfacet
  facet normal 0 0 -1
    outer loop
      vertex 143.8 3.8147e-07 7.62939e-07
      vertex 142.99 3.7713 7.62939e-07
      vertex 143.004 3.77801 7.62939e-07
    endloop
  endfacet
  facet normal 0 0 -1
    outer loop
      vertex 143.8 3.8147e-07 7.62939e-07
      vertex 142.71 3.63291 7.62939e-07
      vertex 142.99 3.7713 7.62939e-07
    endloop
  endfacet
  facet normal 0 0 -1
    outer loop
      vertex 143.8 3.8147e-07 7.62939e-07
      vertex 142.413 3.53234 7.62939e-07
      vertex 142.71 3.63291 7.62939e-07
    endloop
  endfacet
  facet normal 0 0 -1
    outer loop
      vertex 143.8 3.8147e-07 7.62939e-07
      vertex 142.399 3.52746 7.62939e-07
      vertex 142.413 3.53234 7.62939e-07
    endloop
  endfacet
  facet normal 0 0 -1
    outer loop
      vertex 143.8 3.8147e-07 7.62939e-07
      vertex 142.384 3.5245 7.62939e-07
      vertex 142.399 3.52746 7.62939e-07
    endloop
  endfacet
  facet normal 0 0 -1
    outer loop
      vertex 143.8 3.8147e-07 7.62939e-07
      vertex 142.077 3.46346 7.62939e-07
      vertex 142.384 3.5245 7.62939e-07
    endloop
  endfacet
  facet normal 0 0 -1
    outer loop
      vertex 143.8 3.8147e-07 7.62939e-07
      vertex 142.062 3.46247 7.62939e-07
      vertex 142.077 3.46346 7.62939e-07
    endloop
  endfacet
  facet normal 0 0 -1
    outer loop
      vertex 143.8 3.8147e-07 7.62939e-07
      vertex 141.75 3.442 7.62939e-07
      vertex 142.062 3.46247 7.62939e-07
    endloop
  endfacet
  facet normal 0 0 -1
    outer loop
      vertex 143.8 3.8147e-07 7.62939e-07
      vertex 141.438 3.46247 7.62939e-07
      vertex 141.75 3.442 7.62939e-07
    endloop
  endfacet
  facet normal 0 0 -1
    outer loop
      vertex 139 3.8147e-07 7.62939e-07
      vertex 141.438 3.46247 7.62939e-07
      vertex 143.8 3.8147e-07 7.62939e-07
    endloop
  endfacet
  facet normal -0 0 -1
    outer loop
      vertex 141.438 3.46247 7.62939e-07
      vertex 139 3.8147e-07 7.62939e-07
      vertex 141.423 3.46346 7.62939e-07
    endloop
  endfacet
  facet normal -0 0 -1
    outer loop
      vertex 141.423 3.46346 7.62939e-07
      vertex 139 3.8147e-07 7.62939e-07
      vertex 141.116 3.5245 7.62939e-07
    endloop
  endfacet
  facet normal -0 0 -1
    outer loop
      vertex 141.116 3.5245 7.62939e-07
      vertex 139 3.8147e-07 7.62939e-07
      vertex 141.101 3.52746 7.62939e-07
    endloop
  endfacet
  facet normal -0 0 -1
    outer loop
      vertex 141.101 3.52746 7.62939e-07
      vertex 139 3.8147e-07 7.62939e-07
      vertex 141.087 3.53234 7.62939e-07
    endloop
  endfacet
  facet normal -0 0 -1
    outer loop
      vertex 141.087 3.53234 7.62939e-07
      vertex 139 3.8147e-07 7.62939e-07
      vertex 140.79 3.63291 7.62939e-07
    endloop
  endfacet
  facet normal -0 0 -1
    outer loop
      vertex 140.79 3.63291 7.62939e-07
      vertex 139 3.8147e-07 7.62939e-07
      vertex 140.51 3.7713 7.62939e-07
    endloop
  endfacet
  facet normal -0 0 -1
    outer loop
      vertex 140.51 3.7713 7.62939e-07
      vertex 139 3.8147e-07 7.62939e-07
      vertex 140.496 3.77801 7.62939e-07
    endloop
  endfacet
  facet normal -0 0 -1
    outer loop
      vertex 140.496 3.77801 7.62939e-07
      vertex 139 3.8147e-07 7.62939e-07
      vertex 140.483 3.78644 7.62939e-07
    endloop
  endfacet
  facet normal -0 0 -1
    outer loop
      vertex 140.483 3.78644 7.62939e-07
      vertex 139 3.8147e-07 7.62939e-07
      vertex 140.223 3.96027 7.62939e-07
    endloop
  endfacet
  facet normal -0 0 -1
    outer loop
      vertex 140.223 3.96027 7.62939e-07
      vertex 139 3.8147e-07 7.62939e-07
      vertex 140.212 3.97028 7.62939e-07
    endloop
  endfacet
  facet normal 0 0 -1
    outer loop
      vertex 139 3.8147e-07 7.62939e-07
      vertex 139.77 4.41182 7.62939e-07
      vertex 139.977 4.17658 7.62939e-07
    endloop
  endfacet
  facet normal 0 0 -1
    outer loop
      vertex 139 3.8147e-07 7.62939e-07
      vertex 139.586 4.68338 7.62939e-07
      vertex 139.76 4.42323 7.62939e-07
    endloop
  endfacet
  facet normal 0 0 -1
    outer loop
      vertex 139 3.8147e-07 7.62939e-07
      vertex 139.571 4.70961 7.62939e-07
      vertex 139.578 4.696 7.62939e-07
    endloop
  endfacet
  facet normal 0 0 -1
    outer loop
      vertex 139 3.8147e-07 7.62939e-07
      vertex 139.428 5.0046 7.62939e-07
      vertex 139.433 4.99023 7.62939e-07
    endloop
  endfacet
  facet normal 0 0 -1
    outer loop
      vertex 139 3.8147e-07 7.62939e-07
      vertex 139.266 5.60776 7.62939e-07
      vertex 139.327 5.30088 7.62939e-07
    endloop
  endfacet
  facet normal 0 0 -1
    outer loop
      vertex 139 8.91 7.62939e-07
      vertex 139.242 5.95 7.62939e-07
      vertex 139 3.8147e-07 7.62939e-07
    endloop
  endfacet
  facet normal -0 0 -1
    outer loop
      vertex 139.243 5.93486 7.62939e-07
      vertex 139 3.8147e-07 7.62939e-07
      vertex 139.242 5.95 7.62939e-07
    endloop
  endfacet
  facet normal -0 0 -1
    outer loop
      vertex 139.263 5.62264 7.62939e-07
      vertex 139 3.8147e-07 7.62939e-07
      vertex 139.243 5.93486 7.62939e-07
    endloop
  endfacet
  facet normal -0 0 -1
    outer loop
      vertex 139.266 5.60776 7.62939e-07
      vertex 139 3.8147e-07 7.62939e-07
      vertex 139.263 5.62264 7.62939e-07
    endloop
  endfacet
  facet normal -0 0 -1
    outer loop
      vertex 139.428 5.0046 7.62939e-07
      vertex 139 3.8147e-07 7.62939e-07
      vertex 139.327 5.30088 7.62939e-07
    endloop
  endfacet
  facet normal -0 0 -1
    outer loop
      vertex 139.571 4.70961 7.62939e-07
      vertex 139 3.8147e-07 7.62939e-07
      vertex 139.433 4.99023 7.62939e-07
    endloop
  endfacet
  facet normal -0 0 -1
    outer loop
      vertex 139.586 4.68338 7.62939e-07
      vertex 139 3.8147e-07 7.62939e-07
      vertex 139.578 4.696 7.62939e-07
    endloop
  endfacet
  facet normal -0 0 -1
    outer loop
      vertex 139.77 4.41182 7.62939e-07
      vertex 139 3.8147e-07 7.62939e-07
      vertex 139.76 4.42323 7.62939e-07
    endloop
  endfacet
  facet normal -0 0 -1
    outer loop
      vertex 140.212 3.97028 7.62939e-07
      vertex 139 3.8147e-07 7.62939e-07
      vertex 139.977 4.17658 7.62939e-07
    endloop
  endfacet
  facet normal 0 0 -1
    outer loop
      vertex 143.748 30.3642 7.62939e-07
      vertex 147.664 31.9353 7.62939e-07
      vertex 143.922 30.104 7.62939e-07
    endloop
  endfacet
  facet normal -0 0 -1
    outer loop
      vertex 147.664 31.9353 7.62939e-07
      vertex 143.748 30.3642 7.62939e-07
      vertex 147.496 32.4307 7.62939e-07
    endloop
  endfacet
  facet normal 0 0 -1
    outer loop
      vertex 143.74 30.3768 7.62939e-07
      vertex 147.496 32.4307 7.62939e-07
      vertex 143.748 30.3642 7.62939e-07
    endloop
  endfacet
  facet normal -0 0 -1
    outer loop
      vertex 147.496 32.4307 7.62939e-07
      vertex 143.74 30.3768 7.62939e-07
      vertex 147.264 32.9 7.62939e-07
    endloop
  endfacet
  facet normal 0 0 -1
    outer loop
      vertex 143.73 30.3882 7.62939e-07
      vertex 147.264 32.9 7.62939e-07
      vertex 143.74 30.3768 7.62939e-07
    endloop
  endfacet
  facet normal -0 0 -1
    outer loop
      vertex 147.264 32.9 7.62939e-07
      vertex 143.73 30.3882 7.62939e-07
      vertex 146.973 33.335 7.62939e-07
    endloop
  endfacet
  facet normal 0 0 -1
    outer loop
      vertex 143.523 30.6234 7.62939e-07
      vertex 146.973 33.335 7.62939e-07
      vertex 143.73 30.3882 7.62939e-07
    endloop
  endfacet
  facet normal -0 0 -1
    outer loop
      vertex 146.973 33.335 7.62939e-07
      vertex 143.523 30.6234 7.62939e-07
      vertex 146.628 33.7284 7.62939e-07
    endloop
  endfacet
  facet normal -0 0 -1
    outer loop
      vertex 146.628 33.7284 7.62939e-07
      vertex 143.523 30.6234 7.62939e-07
      vertex 146.235 34.0734 7.62939e-07
    endloop
  endfacet
  facet normal 0 0 -1
    outer loop
      vertex 143.288 30.8297 7.62939e-07
      vertex 146.235 34.0734 7.62939e-07
      vertex 143.523 30.6234 7.62939e-07
    endloop
  endfacet
  facet normal -0 0 -1
    outer loop
      vertex 146.235 34.0734 7.62939e-07
      vertex 143.288 30.8297 7.62939e-07
      vertex 145.8 34.3641 7.62939e-07
    endloop
  endfacet
  facet normal 0 0 -1
    outer loop
      vertex 143.277 30.8397 7.62939e-07
      vertex 145.8 34.3641 7.62939e-07
      vertex 143.288 30.8297 7.62939e-07
    endloop
  endfacet
  facet normal -0 0 -1
    outer loop
      vertex 145.8 34.3641 7.62939e-07
      vertex 143.277 30.8397 7.62939e-07
      vertex 145.331 34.5955 7.62939e-07
    endloop
  endfacet
  facet normal 0 0 -1
    outer loop
      vertex 143.264 30.8482 7.62939e-07
      vertex 145.331 34.5955 7.62939e-07
      vertex 143.277 30.8397 7.62939e-07
    endloop
  endfacet
  facet normal -0 0 -1
    outer loop
      vertex 145.331 34.5955 7.62939e-07
      vertex 143.264 30.8482 7.62939e-07
      vertex 144.835 34.7637 7.62939e-07
    endloop
  endfacet
  facet normal 0 0 -1
    outer loop
      vertex 143.004 31.022 7.62939e-07
      vertex 144.835 34.7637 7.62939e-07
      vertex 143.264 30.8482 7.62939e-07
    endloop
  endfacet
  facet normal -0 0 -1
    outer loop
      vertex 144.835 34.7637 7.62939e-07
      vertex 143.004 31.022 7.62939e-07
      vertex 144.322 34.8658 7.62939e-07
    endloop
  endfacet
  facet normal -0 0 -1
    outer loop
      vertex 144.322 34.8658 7.62939e-07
      vertex 143.004 31.022 7.62939e-07
      vertex 143.8 34.9 7.62939e-07
    endloop
  endfacet
  facet normal 0 0 -1
    outer loop
      vertex 142.99 31.0287 7.62939e-07
      vertex 143.8 34.9 7.62939e-07
      vertex 143.004 31.022 7.62939e-07
    endloop
  endfacet
  facet normal 0 0 -1
    outer loop
      vertex 142.71 31.1671 7.62939e-07
      vertex 143.8 34.9 7.62939e-07
      vertex 142.99 31.0287 7.62939e-07
    endloop
  endfacet
  facet normal 0 0 -1
    outer loop
      vertex 142.413 31.2677 7.62939e-07
      vertex 143.8 34.9 7.62939e-07
      vertex 142.71 31.1671 7.62939e-07
    endloop
  endfacet
  facet normal 0 0 -1
    outer loop
      vertex 142.399 31.2725 7.62939e-07
      vertex 143.8 34.9 7.62939e-07
      vertex 142.413 31.2677 7.62939e-07
    endloop
  endfacet
  facet normal 0 0 -1
    outer loop
      vertex 142.384 31.2755 7.62939e-07
      vertex 143.8 34.9 7.62939e-07
      vertex 142.399 31.2725 7.62939e-07
    endloop
  endfacet
  facet normal 0 0 -1
    outer loop
      vertex 142.077 31.3365 7.62939e-07
      vertex 143.8 34.9 7.62939e-07
      vertex 142.384 31.2755 7.62939e-07
    endloop
  endfacet
  facet normal 0 0 -1
    outer loop
      vertex 142.062 31.3375 7.62939e-07
      vertex 143.8 34.9 7.62939e-07
      vertex 142.077 31.3365 7.62939e-07
    endloop
  endfacet
  facet normal 0 0 -1
    outer loop
      vertex 141.75 31.358 7.62939e-07
      vertex 143.8 34.9 7.62939e-07
      vertex 142.062 31.3375 7.62939e-07
    endloop
  endfacet
  facet normal 0 0 -1
    outer loop
      vertex 141.438 31.3375 7.62939e-07
      vertex 143.8 34.9 7.62939e-07
      vertex 141.75 31.358 7.62939e-07
    endloop
  endfacet
  facet normal 0 0 -1
    outer loop
      vertex 141.423 31.3365 7.62939e-07
      vertex 143.8 34.9 7.62939e-07
      vertex 141.438 31.3375 7.62939e-07
    endloop
  endfacet
  facet normal 0 0 -1
    outer loop
      vertex 141.116 31.2755 7.62939e-07
      vertex 143.8 34.9 7.62939e-07
      vertex 141.423 31.3365 7.62939e-07
    endloop
  endfacet
  facet normal 0 0 -1
    outer loop
      vertex 141.101 31.2725 7.62939e-07
      vertex 143.8 34.9 7.62939e-07
      vertex 141.116 31.2755 7.62939e-07
    endloop
  endfacet
  facet normal 0 0 -1
    outer loop
      vertex 141.087 31.2677 7.62939e-07
      vertex 143.8 34.9 7.62939e-07
      vertex 141.101 31.2725 7.62939e-07
    endloop
  endfacet
  facet normal 0 0 -1
    outer loop
      vertex 140.79 31.1671 7.62939e-07
      vertex 143.8 34.9 7.62939e-07
      vertex 141.087 31.2677 7.62939e-07
    endloop
  endfacet
  facet normal 0 0 -1
    outer loop
      vertex 140.51 31.0287 7.62939e-07
      vertex 143.8 34.9 7.62939e-07
      vertex 140.79 31.1671 7.62939e-07
    endloop
  endfacet
  facet normal 0 0 -1
    outer loop
      vertex 140.496 31.022 7.62939e-07
      vertex 143.8 34.9 7.62939e-07
      vertex 140.51 31.0287 7.62939e-07
    endloop
  endfacet
  facet normal 0 0 -1
    outer loop
      vertex 140.483 31.0136 7.62939e-07
      vertex 143.8 34.9 7.62939e-07
      vertex 140.496 31.022 7.62939e-07
    endloop
  endfacet
  facet normal 0 0 -1
    outer loop
      vertex 140.223 30.8397 7.62939e-07
      vertex 143.8 34.9 7.62939e-07
      vertex 140.483 31.0136 7.62939e-07
    endloop
  endfacet
  facet normal 0 0 -1
    outer loop
      vertex 140.212 30.8297 7.62939e-07
      vertex 143.8 34.9 7.62939e-07
      vertex 140.223 30.8397 7.62939e-07
    endloop
  endfacet
  facet normal 0 0 -1
    outer loop
      vertex 139.977 30.6234 7.62939e-07
      vertex 143.8 34.9 7.62939e-07
      vertex 140.212 30.8297 7.62939e-07
    endloop
  endfacet
  facet normal 0 0 1
    outer loop
      vertex 139.76 30.3768 7.62939e-07
      vertex 139.977 30.6234 7.62939e-07
      vertex 139.77 30.3882 7.62939e-07
    endloop
  endfacet
  facet normal 0 0 1
    outer loop
      vertex 139.578 30.104 7.62939e-07
      vertex 139.76 30.3768 7.62939e-07
      vertex 139.586 30.1166 7.62939e-07
    endloop
  endfacet
  facet normal 0 0 -1
    outer loop
      vertex 118.45 25.05 7.62939e-07
      vertex 139.571 30.0904 7.62939e-07
      vertex 139.433 29.8098 7.62939e-07
    endloop
  endfacet
  facet normal 0 0 -1
    outer loop
      vertex 118.45 25.05 7.62939e-07
      vertex 139.428 29.7954 7.62939e-07
      vertex 139.327 29.4991 7.62939e-07
    endloop
  endfacet
  facet normal 0 0 -1
    outer loop
      vertex 118.45 25.05 7.62939e-07
      vertex 139.266 29.1922 7.62939e-07
      vertex 139.263 29.1774 7.62939e-07
    endloop
  endfacet
  facet normal -0 0 -1
    outer loop
      vertex 139.433 27.8902 7.62939e-07
      vertex 118.45 25.05 7.62939e-07
      vertex 139.428 27.9046 7.62939e-07
    endloop
  endfacet
  facet normal 0 0 -1
    outer loop
      vertex 118.45 15.45 7.62939e-07
      vertex 139 8.91 7.62939e-07
      vertex 118.45 13.85 7.62939e-07
    endloop
  endfacet
  facet normal 0 0 -1
    outer loop
      vertex 118.45 17.05 7.62939e-07
      vertex 139 8.91 7.62939e-07
      vertex 118.45 15.45 7.62939e-07
    endloop
  endfacet
  facet normal 0 0 -1
    outer loop
      vertex 118.45 18.65 7.62939e-07
      vertex 139 8.91 7.62939e-07
      vertex 118.45 17.05 7.62939e-07
    endloop
  endfacet
  facet normal -0 0 -1
    outer loop
      vertex 139.428 27.9046 7.62939e-07
      vertex 118.45 25.05 7.62939e-07
      vertex 139.327 28.2009 7.62939e-07
    endloop
  endfacet
  facet normal -0 0 -1
    outer loop
      vertex 139.327 28.2009 7.62939e-07
      vertex 118.45 25.05 7.62939e-07
      vertex 139.266 28.5078 7.62939e-07
    endloop
  endfacet
  facet normal -0 0 -1
    outer loop
      vertex 139.266 28.5078 7.62939e-07
      vertex 118.45 25.05 7.62939e-07
      vertex 139.263 28.5226 7.62939e-07
    endloop
  endfacet
  facet normal -0 0 -1
    outer loop
      vertex 139.263 28.5226 7.62939e-07
      vertex 118.45 25.05 7.62939e-07
      vertex 139.243 28.8349 7.62939e-07
    endloop
  endfacet
  facet normal -0 0 -1
    outer loop
      vertex 139.243 28.8349 7.62939e-07
      vertex 118.45 25.05 7.62939e-07
      vertex 139.242 28.85 7.62939e-07
    endloop
  endfacet
  facet normal -0 0 -1
    outer loop
      vertex 139.242 28.85 7.62939e-07
      vertex 118.45 25.05 7.62939e-07
      vertex 139.243 28.8651 7.62939e-07
    endloop
  endfacet
  facet normal -0 0 -1
    outer loop
      vertex 139.243 28.8651 7.62939e-07
      vertex 118.45 25.05 7.62939e-07
      vertex 139.263 29.1774 7.62939e-07
    endloop
  endfacet
  facet normal -0 0 -1
    outer loop
      vertex 139.266 29.1922 7.62939e-07
      vertex 118.45 25.05 7.62939e-07
      vertex 139.327 29.4991 7.62939e-07
    endloop
  endfacet
  facet normal -0 0 -1
    outer loop
      vertex 139.428 29.7954 7.62939e-07
      vertex 118.45 25.05 7.62939e-07
      vertex 139.433 29.8098 7.62939e-07
    endloop
  endfacet
  facet normal -0 0 -1
    outer loop
      vertex 139.571 30.0904 7.62939e-07
      vertex 118.45 25.05 7.62939e-07
      vertex 139.578 30.104 7.62939e-07
    endloop
  endfacet
  facet normal -0 0 -1
    outer loop
      vertex 139.578 30.104 7.62939e-07
      vertex 118.45 25.05 7.62939e-07
      vertex 139.76 30.3768 7.62939e-07
    endloop
  endfacet
  facet normal -0 0 -1
    outer loop
      vertex 139.76 30.3768 7.62939e-07
      vertex 118.45 25.05 7.62939e-07
      vertex 139.977 30.6234 7.62939e-07
    endloop
  endfacet
  facet normal -0 0 -1
    outer loop
      vertex 139.977 30.6234 7.62939e-07
      vertex 118.45 25.05 7.62939e-07
      vertex 143.8 34.9 7.62939e-07
    endloop
  endfacet
  facet normal 0 0 -1
    outer loop
      vertex 81.9 34.9 7.62939e-07
      vertex 118.45 25.05 7.62939e-07
      vertex 96.25 25.05 7.62939e-07
    endloop
  endfacet
  facet normal 0 0 -1
    outer loop
      vertex 86.4375 6.31222 7.62939e-07
      vertex 86.6 8.91 7.62939e-07
      vertex 86.458 6 7.62939e-07
    endloop
  endfacet
  facet normal 0 0 -1
    outer loop
      vertex 86.4365 6.32736 7.62939e-07
      vertex 86.6 8.91 7.62939e-07
      vertex 86.4375 6.31222 7.62939e-07
    endloop
  endfacet
  facet normal 0 0 -1
    outer loop
      vertex 86.3755 6.63424 7.62939e-07
      vertex 86.6 8.91 7.62939e-07
      vertex 86.4365 6.32736 7.62939e-07
    endloop
  endfacet
  facet normal 0 0 -1
    outer loop
      vertex 86.3875 28.5378 7.62939e-07
      vertex 96.25 25.05 7.62939e-07
      vertex 96.25 23.45 7.62939e-07
    endloop
  endfacet
  facet normal 0 0 -1
    outer loop
      vertex 86.3875 29.1622 7.62939e-07
      vertex 96.25 25.05 7.62939e-07
      vertex 86.408 28.85 7.62939e-07
    endloop
  endfacet
  facet normal 0 0 -1
    outer loop
      vertex 86.3865 29.1774 7.62939e-07
      vertex 96.25 25.05 7.62939e-07
      vertex 86.3875 29.1622 7.62939e-07
    endloop
  endfacet
  facet normal 0 0 -1
    outer loop
      vertex 86.3255 29.4842 7.62939e-07
      vertex 96.25 25.05 7.62939e-07
      vertex 86.3865 29.1774 7.62939e-07
    endloop
  endfacet
  facet normal 0 0 -1
    outer loop
      vertex 86.3225 29.4991 7.62939e-07
      vertex 96.25 25.05 7.62939e-07
      vertex 86.3255 29.4842 7.62939e-07
    endloop
  endfacet
  facet normal 0 0 -1
    outer loop
      vertex 86.222 29.7954 7.62939e-07
      vertex 96.25 25.05 7.62939e-07
      vertex 86.3225 29.4991 7.62939e-07
    endloop
  endfacet
  facet normal 0 0 -1
    outer loop
      vertex 86.2171 29.8098 7.62939e-07
      vertex 96.25 25.05 7.62939e-07
      vertex 86.222 29.7954 7.62939e-07
    endloop
  endfacet
  facet normal 0 0 -1
    outer loop
      vertex 86.2104 29.8234 7.62939e-07
      vertex 96.25 25.05 7.62939e-07
      vertex 86.2171 29.8098 7.62939e-07
    endloop
  endfacet
  facet normal 0 0 -1
    outer loop
      vertex 86.072 30.104 7.62939e-07
      vertex 96.25 25.05 7.62939e-07
      vertex 86.2104 29.8234 7.62939e-07
    endloop
  endfacet
  facet normal 0 0 -1
    outer loop
      vertex 85.8982 30.3642 7.62939e-07
      vertex 96.25 25.05 7.62939e-07
      vertex 86.072 30.104 7.62939e-07
    endloop
  endfacet
  facet normal 0 0 -1
    outer loop
      vertex 85.8897 30.3768 7.62939e-07
      vertex 96.25 25.05 7.62939e-07
      vertex 85.8982 30.3642 7.62939e-07
    endloop
  endfacet
  facet normal 0 0 -1
    outer loop
      vertex 85.8797 30.3882 7.62939e-07
      vertex 96.25 25.05 7.62939e-07
      vertex 85.8897 30.3768 7.62939e-07
    endloop
  endfacet
  facet normal 0 0 -1
    outer loop
      vertex 85.6734 30.6234 7.62939e-07
      vertex 96.25 25.05 7.62939e-07
      vertex 85.8797 30.3882 7.62939e-07
    endloop
  endfacet
  facet normal 0 0 -1
    outer loop
      vertex 81.9 34.9 7.62939e-07
      vertex 96.25 25.05 7.62939e-07
      vertex 85.6734 30.6234 7.62939e-07
    endloop
  endfacet
  facet normal 0 0 -1
    outer loop
      vertex 81.9 34.9 7.62939e-07
      vertex 85.6734 30.6234 7.62939e-07
      vertex 85.4382 30.8297 7.62939e-07
    endloop
  endfacet
  facet normal 0 0 -1
    outer loop
      vertex 81.9 34.9 7.62939e-07
      vertex 85.4382 30.8297 7.62939e-07
      vertex 85.4268 30.8397 7.62939e-07
    endloop
  endfacet
  facet normal 0 0 -1
    outer loop
      vertex 81.9 34.9 7.62939e-07
      vertex 85.4268 30.8397 7.62939e-07
      vertex 85.1666 31.0136 7.62939e-07
    endloop
  endfacet
  facet normal 0 0 -1
    outer loop
      vertex 81.9 34.9 7.62939e-07
      vertex 85.1666 31.0136 7.62939e-07
      vertex 85.154 31.022 7.62939e-07
    endloop
  endfacet
  facet normal 0 0 -1
    outer loop
      vertex 81.9 34.9 7.62939e-07
      vertex 85.154 31.022 7.62939e-07
      vertex 85.1404 31.0287 7.62939e-07
    endloop
  endfacet
  facet normal 0 0 -1
    outer loop
      vertex 81.9 34.9 7.62939e-07
      vertex 85.1404 31.0287 7.62939e-07
      vertex 84.8598 31.1671 7.62939e-07
    endloop
  endfacet
  facet normal 0 0 -1
    outer loop
      vertex 81.9 34.9 7.62939e-07
      vertex 84.8598 31.1671 7.62939e-07
      vertex 84.5635 31.2677 7.62939e-07
    endloop
  endfacet
  facet normal 0 0 -1
    outer loop
      vertex 81.9 34.9 7.62939e-07
      vertex 84.5635 31.2677 7.62939e-07
      vertex 84.5491 31.2725 7.62939e-07
    endloop
  endfacet
  facet normal 0 0 -1
    outer loop
      vertex 81.9 34.9 7.62939e-07
      vertex 84.5491 31.2725 7.62939e-07
      vertex 84.5342 31.2755 7.62939e-07
    endloop
  endfacet
  facet normal 0 0 -1
    outer loop
      vertex 81.9 34.9 7.62939e-07
      vertex 84.5342 31.2755 7.62939e-07
      vertex 84.2274 31.3365 7.62939e-07
    endloop
  endfacet
  facet normal 0 0 -1
    outer loop
      vertex 81.9 34.9 7.62939e-07
      vertex 84.2274 31.3365 7.62939e-07
      vertex 84.2122 31.3375 7.62939e-07
    endloop
  endfacet
  facet normal 0 0 -1
    outer loop
      vertex 81.9 34.9 7.62939e-07
      vertex 84.2122 31.3375 7.62939e-07
      vertex 83.9 31.358 7.62939e-07
    endloop
  endfacet
  facet normal 0 0 -1
    outer loop
      vertex 81.9 34.9 7.62939e-07
      vertex 83.5878 31.3375 7.62939e-07
      vertex 83.5726 31.3365 7.62939e-07
    endloop
  endfacet
  facet normal 0 0 -1
    outer loop
      vertex 118.45 25.05 7.62939e-07
      vertex 81.9 34.9 7.62939e-07
      vertex 143.8 34.9 7.62939e-07
    endloop
  endfacet
  facet normal 0 0 -1
    outer loop
      vertex 83.5878 31.3375 7.62939e-07
      vertex 81.9 34.9 7.62939e-07
      vertex 83.9 31.358 7.62939e-07
    endloop
  endfacet
  facet normal 0 0 -1
    outer loop
      vertex 83.2658 31.2755 7.62939e-07
      vertex 81.9 34.9 7.62939e-07
      vertex 83.5726 31.3365 7.62939e-07
    endloop
  endfacet
  facet normal 0 0 -1
    outer loop
      vertex 83.2509 31.2725 7.62939e-07
      vertex 81.9 34.9 7.62939e-07
      vertex 83.2658 31.2755 7.62939e-07
    endloop
  endfacet
  facet normal 0 0 -1
    outer loop
      vertex 83.2365 31.2677 7.62939e-07
      vertex 81.9 34.9 7.62939e-07
      vertex 83.2509 31.2725 7.62939e-07
    endloop
  endfacet
  facet normal 0 0 -1
    outer loop
      vertex 82.9402 31.1671 7.62939e-07
      vertex 81.9 34.9 7.62939e-07
      vertex 83.2365 31.2677 7.62939e-07
    endloop
  endfacet
  facet normal 0 0 -1
    outer loop
      vertex 82.6596 31.0287 7.62939e-07
      vertex 81.9 34.9 7.62939e-07
      vertex 82.9402 31.1671 7.62939e-07
    endloop
  endfacet
  facet normal 0 0 -1
    outer loop
      vertex 81.3779 34.8658 7.62939e-07
      vertex 82.6596 31.0287 7.62939e-07
      vertex 82.646 31.022 7.62939e-07
    endloop
  endfacet
  facet normal 0 0 -1
    outer loop
      vertex 80.8647 34.7637 7.62939e-07
      vertex 82.646 31.022 7.62939e-07
      vertex 82.6334 31.0136 7.62939e-07
    endloop
  endfacet
  facet normal 0 0 -1
    outer loop
      vertex 80.8647 34.7637 7.62939e-07
      vertex 82.6334 31.0136 7.62939e-07
      vertex 82.3732 30.8397 7.62939e-07
    endloop
  endfacet
  facet normal 0 0 -1
    outer loop
      vertex 79.9 34.3641 7.62939e-07
      vertex 82.3732 30.8397 7.62939e-07
      vertex 82.3618 30.8297 7.62939e-07
    endloop
  endfacet
  facet normal 0 0 -1
    outer loop
      vertex 79.465 34.0734 7.62939e-07
      vertex 82.3618 30.8297 7.62939e-07
      vertex 82.1266 30.6234 7.62939e-07
    endloop
  endfacet
  facet normal 0 0 -1
    outer loop
      vertex 78.7266 33.335 7.62939e-07
      vertex 82.1266 30.6234 7.62939e-07
      vertex 81.9203 30.3882 7.62939e-07
    endloop
  endfacet
  facet normal 0 0 -1
    outer loop
      vertex 78.4359 32.9 7.62939e-07
      vertex 81.9203 30.3882 7.62939e-07
      vertex 81.9103 30.3768 7.62939e-07
    endloop
  endfacet
  facet normal 0 0 -1
    outer loop
      vertex 78.2045 32.4307 7.62939e-07
      vertex 81.9103 30.3768 7.62939e-07
      vertex 81.9018 30.3642 7.62939e-07
    endloop
  endfacet
  facet normal 0 0 -1
    outer loop
      vertex 78.0363 31.9353 7.62939e-07
      vertex 81.9018 30.3642 7.62939e-07
      vertex 81.728 30.104 7.62939e-07
    endloop
  endfacet
  facet normal 0 0 -1
    outer loop
      vertex 77.9 30.9 7.62939e-07
      vertex 81.728 30.104 7.62939e-07
      vertex 81.5896 29.8234 7.62939e-07
    endloop
  endfacet
  facet normal 0 0 -1
    outer loop
      vertex 77.9 30.9 7.62939e-07
      vertex 81.5896 29.8234 7.62939e-07
      vertex 81.5829 29.8098 7.62939e-07
    endloop
  endfacet
  facet normal 0 0 -1
    outer loop
      vertex 77.9 30.9 7.62939e-07
      vertex 81.5829 29.8098 7.62939e-07
      vertex 81.578 29.7954 7.62939e-07
    endloop
  endfacet
  facet normal 0 0 -1
    outer loop
      vertex 77.9 30.9 7.62939e-07
      vertex 81.578 29.7954 7.62939e-07
      vertex 81.4775 29.4991 7.62939e-07
    endloop
  endfacet
  facet normal 0 0 -1
    outer loop
      vertex 77.9 30.9 7.62939e-07
      vertex 81.4775 29.4991 7.62939e-07
      vertex 81.4745 29.4842 7.62939e-07
    endloop
  endfacet
  facet normal 0 0 -1
    outer loop
      vertex 77.9 30.9 7.62939e-07
      vertex 81.4745 29.4842 7.62939e-07
      vertex 81.4135 29.1774 7.62939e-07
    endloop
  endfacet
  facet normal 0 0 -1
    outer loop
      vertex 82.6596 31.0287 7.62939e-07
      vertex 81.3779 34.8658 7.62939e-07
      vertex 81.9 34.9 7.62939e-07
    endloop
  endfacet
  facet normal 0 0 -1
    outer loop
      vertex 77.9 30.9 7.62939e-07
      vertex 81.4135 29.1774 7.62939e-07
      vertex 81.4125 29.1622 7.62939e-07
    endloop
  endfacet
  facet normal 0 0 -1
    outer loop
      vertex 77.9 30.9 7.62939e-07
      vertex 81.4125 29.1622 7.62939e-07
      vertex 81.392 28.85 7.62939e-07
    endloop
  endfacet
  facet normal 0 0 -1
    outer loop
      vertex 81.4135 28.5226 7.62939e-07
      vertex 77.9 30.9 7.62939e-07
      vertex 81.4125 28.5378 7.62939e-07
    endloop
  endfacet
  facet normal -0 0 -1
    outer loop
      vertex 81.9518 4.48584 7.62939e-07
      vertex 78.0363 2.96472 7.62939e-07
      vertex 81.778 4.746 7.62939e-07
    endloop
  endfacet
  facet normal 0 0 -1
    outer loop
      vertex 81.4125 28.5378 7.62939e-07
      vertex 77.9 30.9 7.62939e-07
      vertex 81.392 28.85 7.62939e-07
    endloop
  endfacet
  facet normal 0 0 -1
    outer loop
      vertex 77.9342 3.4779 7.62939e-07
      vertex 81.778 4.746 7.62939e-07
      vertex 78.0363 2.96472 7.62939e-07
    endloop
  endfacet
  facet normal 0 0 -1
    outer loop
      vertex 81.728 30.104 7.62939e-07
      vertex 77.9 30.9 7.62939e-07
      vertex 77.9342 31.4221 7.62939e-07
    endloop
  endfacet
  facet normal -0 0 -1
    outer loop
      vertex 81.778 4.746 7.62939e-07
      vertex 77.9342 3.4779 7.62939e-07
      vertex 81.7713 4.75961 7.62939e-07
    endloop
  endfacet
  facet normal 0 0 -1
    outer loop
      vertex 82.646 31.022 7.62939e-07
      vertex 80.8647 34.7637 7.62939e-07
      vertex 81.3779 34.8658 7.62939e-07
    endloop
  endfacet
  facet normal 0 0 -1
    outer loop
      vertex 77.9 4 7.62939e-07
      vertex 81.7713 4.75961 7.62939e-07
      vertex 77.9342 3.4779 7.62939e-07
    endloop
  endfacet
  facet normal 0 0 -1
    outer loop
      vertex 82.3732 30.8397 7.62939e-07
      vertex 80.3693 34.5955 7.62939e-07
      vertex 80.8647 34.7637 7.62939e-07
    endloop
  endfacet
  facet normal -0 0 -1
    outer loop
      vertex 81.7713 4.75961 7.62939e-07
      vertex 77.9 4 7.62939e-07
      vertex 81.6329 5.04023 7.62939e-07
    endloop
  endfacet
  facet normal 0 0 -1
    outer loop
      vertex 82.3732 30.8397 7.62939e-07
      vertex 79.9 34.3641 7.62939e-07
      vertex 80.3693 34.5955 7.62939e-07
    endloop
  endfacet
  facet normal -0 0 -1
    outer loop
      vertex 81.6329 5.04023 7.62939e-07
      vertex 77.9 4 7.62939e-07
      vertex 81.5323 5.33651 7.62939e-07
    endloop
  endfacet
  facet normal 0 0 -1
    outer loop
      vertex 82.3618 30.8297 7.62939e-07
      vertex 79.465 34.0734 7.62939e-07
      vertex 79.9 34.3641 7.62939e-07
    endloop
  endfacet
  facet normal -0 0 -1
    outer loop
      vertex 81.5323 5.33651 7.62939e-07
      vertex 77.9 4 7.62939e-07
      vertex 81.5275 5.35088 7.62939e-07
    endloop
  endfacet
  facet normal 0 0 -1
    outer loop
      vertex 82.1266 30.6234 7.62939e-07
      vertex 79.0716 33.7284 7.62939e-07
      vertex 79.465 34.0734 7.62939e-07
    endloop
  endfacet
  facet normal -0 0 -1
    outer loop
      vertex 81.5275 5.35088 7.62939e-07
      vertex 77.9 4 7.62939e-07
      vertex 81.5245 5.36576 7.62939e-07
    endloop
  endfacet
  facet normal 0 0 -1
    outer loop
      vertex 82.1266 30.6234 7.62939e-07
      vertex 78.7266 33.335 7.62939e-07
      vertex 79.0716 33.7284 7.62939e-07
    endloop
  endfacet
  facet normal -0 0 -1
    outer loop
      vertex 81.5245 5.36576 7.62939e-07
      vertex 77.9 4 7.62939e-07
      vertex 81.4635 5.67264 7.62939e-07
    endloop
  endfacet
  facet normal 0 0 -1
    outer loop
      vertex 81.9203 30.3882 7.62939e-07
      vertex 78.4359 32.9 7.62939e-07
      vertex 78.7266 33.335 7.62939e-07
    endloop
  endfacet
  facet normal -0 0 -1
    outer loop
      vertex 81.4625 5.68778 7.62939e-07
      vertex 77.9 4 7.62939e-07
      vertex 81.442 6 7.62939e-07
    endloop
  endfacet
  facet normal 0 0 -1
    outer loop
      vertex 81.9103 30.3768 7.62939e-07
      vertex 78.2045 32.4307 7.62939e-07
      vertex 78.4359 32.9 7.62939e-07
    endloop
  endfacet
  facet normal 0 0 -1
    outer loop
      vertex 81.9018 30.3642 7.62939e-07
      vertex 78.0363 31.9353 7.62939e-07
      vertex 78.2045 32.4307 7.62939e-07
    endloop
  endfacet
  facet normal 0 0 -1
    outer loop
      vertex 81.728 30.104 7.62939e-07
      vertex 77.9342 31.4221 7.62939e-07
      vertex 78.0363 31.9353 7.62939e-07
    endloop
  endfacet
  facet normal -0.555626 0.831432 0
    outer loop
      vertex 79.9 34.3641 7.62939e-07
      vertex 79.465 34.0734 2
      vertex 79.9 34.3641 2
    endloop
  endfacet
  facet normal -0.555626 0.831432 0
    outer loop
      vertex 79.465 34.0734 2
      vertex 79.9 34.3641 7.62939e-07
      vertex 79.465 34.0734 7.62939e-07
    endloop
  endfacet
  facet normal -0.831432 0.555626 0
    outer loop
      vertex 78.4359 32.9 7.62939e-07
      vertex 78.7266 33.335 2
      vertex 78.7266 33.335 7.62939e-07
    endloop
  endfacet
  facet normal -0.831432 0.555626 0
    outer loop
      vertex 78.7266 33.335 2
      vertex 78.4359 32.9 7.62939e-07
      vertex 78.4359 32.9 2
    endloop
  endfacet
  facet normal 0.659722 0.75151 -0
    outer loop
      vertex 146.628 33.7284 7.62939e-07
      vertex 146.235 34.0734 2
      vertex 146.628 33.7284 2
    endloop
  endfacet
  facet normal 0.659722 0.75151 0
    outer loop
      vertex 146.235 34.0734 2
      vertex 146.628 33.7284 7.62939e-07
      vertex 146.235 34.0734 7.62939e-07
    endloop
  endfacet
  facet normal 1 -0 0
    outer loop
      vertex 147.8 4 2
      vertex 147.8 30.9 7.62939e-07
      vertex 147.8 30.9 2
    endloop
  endfacet
  facet normal 1 0 0
    outer loop
      vertex 147.8 30.9 7.62939e-07
      vertex 147.8 4 2
      vertex 147.8 4 7.62939e-07
    endloop
  endfacet
  facet normal 0.0653771 0.997861 -0
    outer loop
      vertex 144.322 34.8658 7.62939e-07
      vertex 143.8 34.9 2
      vertex 144.322 34.8658 2
    endloop
  endfacet
  facet normal 0.0653771 0.997861 0
    outer loop
      vertex 143.8 34.9 2
      vertex 144.322 34.8658 7.62939e-07
      vertex 143.8 34.9 7.62939e-07
    endloop
  endfacet
  facet normal 0.442465 0.896786 -0
    outer loop
      vertex 145.8 34.3641 7.62939e-07
      vertex 145.331 34.5955 2
      vertex 145.8 34.3641 2
    endloop
  endfacet
  facet normal 0.442465 0.896786 0
    outer loop
      vertex 145.331 34.5955 2
      vertex 145.8 34.3641 7.62939e-07
      vertex 145.331 34.5955 7.62939e-07
    endloop
  endfacet
  facet normal -0.195124 0.980779 0
    outer loop
      vertex 81.3779 34.8658 7.62939e-07
      vertex 80.8647 34.7637 2
      vertex 81.3779 34.8658 2
    endloop
  endfacet
  facet normal -0.195124 0.980779 0
    outer loop
      vertex 80.8647 34.7637 2
      vertex 81.3779 34.8658 7.62939e-07
      vertex 80.8647 34.7637 7.62939e-07
    endloop
  endfacet
  facet normal 0.997886 -0.064984 0
    outer loop
      vertex 147.766 3.4779 2
      vertex 147.8 4 7.62939e-07
      vertex 147.8 4 2
    endloop
  endfacet
  facet normal 0.997886 -0.064984 0
    outer loop
      vertex 147.8 4 7.62939e-07
      vertex 147.766 3.4779 2
      vertex 147.766 3.4779 7.62939e-07
    endloop
  endfacet
  facet normal 0.980815 0.19494 0
    outer loop
      vertex 147.766 31.4221 2
      vertex 147.664 31.9353 7.62939e-07
      vertex 147.664 31.9353 2
    endloop
  endfacet
  facet normal 0.980815 0.19494 0
    outer loop
      vertex 147.664 31.9353 7.62939e-07
      vertex 147.766 31.4221 2
      vertex 147.766 31.4221 7.62939e-07
    endloop
  endfacet
  facet normal -0.195081 -0.980787 0
    outer loop
      vertex 80.8647 0.136298 7.62939e-07
      vertex 81.3779 0.0342211 2
      vertex 80.8647 0.136298 2
    endloop
  endfacet
  facet normal -0.195081 -0.980787 -0
    outer loop
      vertex 81.3779 0.0342211 2
      vertex 80.8647 0.136298 7.62939e-07
      vertex 81.3779 0.0342211 7.62939e-07
    endloop
  endfacet
  facet normal 0.55561 -0.831443 0
    outer loop
      vertex 145.8 0.535899 7.62939e-07
      vertex 146.235 0.826587 2
      vertex 145.8 0.535899 2
    endloop
  endfacet
  facet normal 0.55561 -0.831443 0
    outer loop
      vertex 146.235 0.826587 2
      vertex 145.8 0.535899 7.62939e-07
      vertex 146.235 0.826587 7.62939e-07
    endloop
  endfacet
  facet normal 0.195197 0.980764 -0
    outer loop
      vertex 144.835 34.7637 7.62939e-07
      vertex 144.322 34.8658 2
      vertex 144.835 34.7637 2
    endloop
  endfacet
  facet normal 0.195197 0.980764 0
    outer loop
      vertex 144.322 34.8658 2
      vertex 144.835 34.7637 7.62939e-07
      vertex 144.322 34.8658 7.62939e-07
    endloop
  endfacet
  facet normal -0.321471 -0.946919 0
    outer loop
      vertex 80.3693 0.304482 7.62939e-07
      vertex 80.8647 0.136298 2
      vertex 80.3693 0.304482 2
    endloop
  endfacet
  facet normal -0.321471 -0.946919 -0
    outer loop
      vertex 80.8647 0.136298 2
      vertex 80.3693 0.304482 7.62939e-07
      vertex 80.8647 0.136298 7.62939e-07
    endloop
  endfacet
  facet normal -0.0653646 0.997861 0
    outer loop
      vertex 81.9 34.9 7.62939e-07
      vertex 81.3779 34.8658 2
      vertex 81.9 34.9 2
    endloop
  endfacet
  facet normal -0.0653646 0.997861 0
    outer loop
      vertex 81.3779 34.8658 2
      vertex 81.9 34.9 7.62939e-07
      vertex 81.3779 34.8658 7.62939e-07
    endloop
  endfacet
  facet normal 0.896432 -0.443182 0
    outer loop
      vertex 147.264 2 2
      vertex 147.496 2.46927 7.62939e-07
      vertex 147.496 2.46927 2
    endloop
  endfacet
  facet normal 0.896432 -0.443182 0
    outer loop
      vertex 147.496 2.46927 7.62939e-07
      vertex 147.264 2 2
      vertex 147.264 2 7.62939e-07
    endloop
  endfacet
  facet normal -0.659343 0.751842 0
    outer loop
      vertex 79.465 34.0734 7.62939e-07
      vertex 79.0716 33.7284 2
      vertex 79.465 34.0734 2
    endloop
  endfacet
  facet normal -0.659343 0.751842 0
    outer loop
      vertex 79.0716 33.7284 2
      vertex 79.465 34.0734 7.62939e-07
      vertex 79.0716 33.7284 7.62939e-07
    endloop
  endfacet
  facet normal 0.831167 0.556022 0
    outer loop
      vertex 147.264 32.9 2
      vertex 146.973 33.335 7.62939e-07
      vertex 146.973 33.335 2
    endloop
  endfacet
  facet normal 0.831167 0.556022 0
    outer loop
      vertex 146.973 33.335 7.62939e-07
      vertex 147.264 32.9 2
      vertex 147.264 32.9 7.62939e-07
    endloop
  endfacet
  facet normal 0.442491 -0.896773 0
    outer loop
      vertex 145.331 0.304482 7.62939e-07
      vertex 145.8 0.535899 2
      vertex 145.331 0.304482 2
    endloop
  endfacet
  facet normal 0.442491 -0.896773 0
    outer loop
      vertex 145.8 0.535899 2
      vertex 145.331 0.304482 7.62939e-07
      vertex 145.8 0.535899 7.62939e-07
    endloop
  endfacet
  facet normal 0.947026 0.321156 0
    outer loop
      vertex 147.664 31.9353 2
      vertex 147.496 32.4307 7.62939e-07
      vertex 147.496 32.4307 2
    endloop
  endfacet
  facet normal 0.947026 0.321156 0
    outer loop
      vertex 147.496 32.4307 7.62939e-07
      vertex 147.664 31.9353 2
      vertex 147.664 31.9353 7.62939e-07
    endloop
  endfacet
  facet normal -0.94691 0.321498 0
    outer loop
      vertex 78.0363 31.9353 7.62939e-07
      vertex 78.2045 32.4307 2
      vertex 78.2045 32.4307 7.62939e-07
    endloop
  endfacet
  facet normal -0.94691 0.321498 0
    outer loop
      vertex 78.2045 32.4307 2
      vertex 78.0363 31.9353 7.62939e-07
      vertex 78.0363 31.9353 2
    endloop
  endfacet
  facet normal 0.659704 -0.751526 0
    outer loop
      vertex 146.235 0.826587 7.62939e-07
      vertex 146.628 1.17157 2
      vertex 146.235 0.826587 2
    endloop
  endfacet
  facet normal 0.659704 -0.751526 0
    outer loop
      vertex 146.628 1.17157 2
      vertex 146.235 0.826587 7.62939e-07
      vertex 146.628 1.17157 7.62939e-07
    endloop
  endfacet
  facet normal 0.997886 0.064984 0
    outer loop
      vertex 147.8 30.9 2
      vertex 147.766 31.4221 7.62939e-07
      vertex 147.766 31.4221 2
    endloop
  endfacet
  facet normal 0.997886 0.064984 0
    outer loop
      vertex 147.766 31.4221 7.62939e-07
      vertex 147.8 30.9 2
      vertex 147.8 30.9 7.62939e-07
    endloop
  endfacet
  facet normal -0.980779 0.195124 0
    outer loop
      vertex 77.9342 31.4221 7.62939e-07
      vertex 78.0363 31.9353 2
      vertex 78.0363 31.9353 7.62939e-07
    endloop
  endfacet
  facet normal -0.980779 0.195124 0
    outer loop
      vertex 78.0363 31.9353 2
      vertex 77.9342 31.4221 7.62939e-07
      vertex 77.9342 31.4221 2
    endloop
  endfacet
  facet normal 0 0 1
    outer loop
      vertex 145.5 30.9 2
      vertex 147.8 30.9 2
      vertex 147.766 31.4221 2
    endloop
  endfacet
  facet normal 0 0 1
    outer loop
      vertex 147.8 30.9 2
      vertex 145.5 30.9 2
      vertex 147.8 4 2
    endloop
  endfacet
  facet normal 0 0 1
    outer loop
      vertex 145.485 31.1219 2
      vertex 147.766 31.4221 2
      vertex 147.664 31.9353 2
    endloop
  endfacet
  facet normal 0 0 1
    outer loop
      vertex 145.5 4 2
      vertex 147.8 4 2
      vertex 145.5 30.9 2
    endloop
  endfacet
  facet normal 0 0 1
    outer loop
      vertex 145.442 31.34 2
      vertex 147.664 31.9353 2
      vertex 147.496 32.4307 2
    endloop
  endfacet
  facet normal 0 0 1
    outer loop
      vertex 147.8 4 2
      vertex 145.5 4 2
      vertex 147.766 3.4779 2
    endloop
  endfacet
  facet normal 0 0 1
    outer loop
      vertex 145.371 31.5506 2
      vertex 147.496 32.4307 2
      vertex 147.264 32.9 2
    endloop
  endfacet
  facet normal -0 0 1
    outer loop
      vertex 145.485 3.77811 2
      vertex 147.766 3.4779 2
      vertex 145.5 4 2
    endloop
  endfacet
  facet normal 0 0 1
    outer loop
      vertex 145.272 31.75 2
      vertex 147.264 32.9 2
      vertex 146.973 33.335 2
    endloop
  endfacet
  facet normal 0 0 1
    outer loop
      vertex 147.766 3.4779 2
      vertex 145.485 3.77811 2
      vertex 147.664 2.96472 2
    endloop
  endfacet
  facet normal 0 0 1
    outer loop
      vertex 145.149 31.9349 2
      vertex 146.973 33.335 2
      vertex 146.628 33.7284 2
    endloop
  endfacet
  facet normal -0 0 1
    outer loop
      vertex 145.442 3.56001 2
      vertex 147.664 2.96472 2
      vertex 145.485 3.77811 2
    endloop
  endfacet
  facet normal 0 0 1
    outer loop
      vertex 145.002 32.1021 2
      vertex 146.628 33.7284 2
      vertex 146.235 34.0734 2
    endloop
  endfacet
  facet normal 0 0 1
    outer loop
      vertex 147.664 2.96472 2
      vertex 145.442 3.56001 2
      vertex 147.496 2.46927 2
    endloop
  endfacet
  facet normal 0 0 1
    outer loop
      vertex 144.835 32.2487 2
      vertex 146.235 34.0734 2
      vertex 145.8 34.3641 2
    endloop
  endfacet
  facet normal -0 0 1
    outer loop
      vertex 145.371 3.34944 2
      vertex 147.496 2.46927 2
      vertex 145.442 3.56001 2
    endloop
  endfacet
  facet normal 0 0 1
    outer loop
      vertex 147.496 2.46927 2
      vertex 145.371 3.34944 2
      vertex 147.264 2 2
    endloop
  endfacet
  facet normal 0 0 1
    outer loop
      vertex 147.766 31.4221 2
      vertex 145.485 31.1219 2
      vertex 145.5 30.9 2
    endloop
  endfacet
  facet normal 0 0 1
    outer loop
      vertex 147.664 31.9353 2
      vertex 145.442 31.34 2
      vertex 145.485 31.1219 2
    endloop
  endfacet
  facet normal 0 0 1
    outer loop
      vertex 147.496 32.4307 2
      vertex 145.371 31.5506 2
      vertex 145.442 31.34 2
    endloop
  endfacet
  facet normal 0 0 1
    outer loop
      vertex 144.65 32.3722 2
      vertex 145.8 34.3641 2
      vertex 145.331 34.5955 2
    endloop
  endfacet
  facet normal 0 0 1
    outer loop
      vertex 147.264 32.9 2
      vertex 145.272 31.75 2
      vertex 145.371 31.5506 2
    endloop
  endfacet
  facet normal 0 0 1
    outer loop
      vertex 146.973 33.335 2
      vertex 145.149 31.9349 2
      vertex 145.272 31.75 2
    endloop
  endfacet
  facet normal 0 0 1
    outer loop
      vertex 146.628 33.7284 2
      vertex 145.002 32.1021 2
      vertex 145.149 31.9349 2
    endloop
  endfacet
  facet normal 0 0 1
    outer loop
      vertex 144.451 32.4706 2
      vertex 145.331 34.5955 2
      vertex 144.835 34.7637 2
    endloop
  endfacet
  facet normal 0 0 1
    outer loop
      vertex 146.235 34.0734 2
      vertex 144.835 32.2487 2
      vertex 145.002 32.1021 2
    endloop
  endfacet
  facet normal 0 0 1
    outer loop
      vertex 145.8 34.3641 2
      vertex 144.65 32.3722 2
      vertex 144.835 32.2487 2
    endloop
  endfacet
  facet normal 0 0 1
    outer loop
      vertex 145.331 34.5955 2
      vertex 144.451 32.4706 2
      vertex 144.65 32.3722 2
    endloop
  endfacet
  facet normal 0 0 1
    outer loop
      vertex 144.24 32.5421 2
      vertex 144.835 34.7637 2
      vertex 144.322 34.8658 2
    endloop
  endfacet
  facet normal 0 0 1
    outer loop
      vertex 144.835 34.7637 2
      vertex 144.24 32.5421 2
      vertex 144.451 32.4706 2
    endloop
  endfacet
  facet normal 0 0 1
    outer loop
      vertex 144.322 34.8658 2
      vertex 144.022 32.5855 2
      vertex 144.24 32.5421 2
    endloop
  endfacet
  facet normal 0 0 1
    outer loop
      vertex 143.8 34.9 2
      vertex 144.022 32.5855 2
      vertex 144.322 34.8658 2
    endloop
  endfacet
  facet normal 0 0 1
    outer loop
      vertex 143.8 34.9 2
      vertex 143.8 32.6 2
      vertex 144.022 32.5855 2
    endloop
  endfacet
  facet normal -0 0 1
    outer loop
      vertex 81.9 34.9 2
      vertex 143.8 32.6 2
      vertex 143.8 34.9 2
    endloop
  endfacet
  facet normal 0 0 1
    outer loop
      vertex 81.9 34.9 2
      vertex 81.9 32.6 2
      vertex 143.8 32.6 2
    endloop
  endfacet
  facet normal 0 0 1
    outer loop
      vertex 81.9 34.9 2
      vertex 81.6781 32.5855 2
      vertex 81.9 32.6 2
    endloop
  endfacet
  facet normal -0 0 1
    outer loop
      vertex 81.3779 34.8658 2
      vertex 81.6781 32.5855 2
      vertex 81.9 34.9 2
    endloop
  endfacet
  facet normal 0 0 1
    outer loop
      vertex 81.6781 32.5855 2
      vertex 81.3779 34.8658 2
      vertex 81.46 32.5421 2
    endloop
  endfacet
  facet normal -0 0 1
    outer loop
      vertex 80.8647 34.7637 2
      vertex 81.46 32.5421 2
      vertex 81.3779 34.8658 2
    endloop
  endfacet
  facet normal 0 0 1
    outer loop
      vertex 81.46 32.5421 2
      vertex 80.8647 34.7637 2
      vertex 81.2494 32.4706 2
    endloop
  endfacet
  facet normal -0 0 1
    outer loop
      vertex 80.3693 34.5955 2
      vertex 81.2494 32.4706 2
      vertex 80.8647 34.7637 2
    endloop
  endfacet
  facet normal 0 0 1
    outer loop
      vertex 81.2494 32.4706 2
      vertex 80.3693 34.5955 2
      vertex 81.05 32.3722 2
    endloop
  endfacet
  facet normal -0 0 1
    outer loop
      vertex 79.9 34.3641 2
      vertex 81.05 32.3722 2
      vertex 80.3693 34.5955 2
    endloop
  endfacet
  facet normal 0 0 1
    outer loop
      vertex 81.05 32.3722 2
      vertex 79.9 34.3641 2
      vertex 80.8651 32.2487 2
    endloop
  endfacet
  facet normal -0 0 1
    outer loop
      vertex 79.465 34.0734 2
      vertex 80.8651 32.2487 2
      vertex 79.9 34.3641 2
    endloop
  endfacet
  facet normal 0 0 1
    outer loop
      vertex 80.8651 32.2487 2
      vertex 79.465 34.0734 2
      vertex 80.6979 32.1021 2
    endloop
  endfacet
  facet normal -0 0 1
    outer loop
      vertex 79.0716 33.7284 2
      vertex 80.6979 32.1021 2
      vertex 79.465 34.0734 2
    endloop
  endfacet
  facet normal 0 0 1
    outer loop
      vertex 80.6979 32.1021 2
      vertex 79.0716 33.7284 2
      vertex 80.5513 31.9349 2
    endloop
  endfacet
  facet normal -0 0 1
    outer loop
      vertex 78.7266 33.335 2
      vertex 80.5513 31.9349 2
      vertex 79.0716 33.7284 2
    endloop
  endfacet
  facet normal 0 0 1
    outer loop
      vertex 80.5513 31.9349 2
      vertex 78.7266 33.335 2
      vertex 80.4278 31.75 2
    endloop
  endfacet
  facet normal 0 0 1
    outer loop
      vertex 80.4278 31.75 2
      vertex 78.4359 32.9 2
      vertex 80.3294 31.5506 2
    endloop
  endfacet
  facet normal -0 0 1
    outer loop
      vertex 78.4359 32.9 2
      vertex 80.4278 31.75 2
      vertex 78.7266 33.335 2
    endloop
  endfacet
  facet normal -0 0 1
    outer loop
      vertex 145.272 3.15 2
      vertex 147.264 2 2
      vertex 145.371 3.34944 2
    endloop
  endfacet
  facet normal 0 0 1
    outer loop
      vertex 147.264 2 2
      vertex 145.272 3.15 2
      vertex 146.973 1.56496 2
    endloop
  endfacet
  facet normal -0 0 1
    outer loop
      vertex 145.149 2.96511 2
      vertex 146.973 1.56496 2
      vertex 145.272 3.15 2
    endloop
  endfacet
  facet normal 0 0 1
    outer loop
      vertex 146.973 1.56496 2
      vertex 145.149 2.96511 2
      vertex 146.628 1.17157 2
    endloop
  endfacet
  facet normal -0 0 1
    outer loop
      vertex 145.002 2.79792 2
      vertex 146.628 1.17157 2
      vertex 145.149 2.96511 2
    endloop
  endfacet
  facet normal 0 0 1
    outer loop
      vertex 146.628 1.17157 2
      vertex 145.002 2.79792 2
      vertex 146.235 0.826587 2
    endloop
  endfacet
  facet normal -0 0 1
    outer loop
      vertex 144.835 2.6513 2
      vertex 146.235 0.826587 2
      vertex 145.002 2.79792 2
    endloop
  endfacet
  facet normal 0 0 1
    outer loop
      vertex 146.235 0.826587 2
      vertex 144.835 2.6513 2
      vertex 145.8 0.535899 2
    endloop
  endfacet
  facet normal -0 0 1
    outer loop
      vertex 144.65 2.52776 2
      vertex 145.8 0.535899 2
      vertex 144.835 2.6513 2
    endloop
  endfacet
  facet normal 0 0 1
    outer loop
      vertex 145.8 0.535899 2
      vertex 144.65 2.52776 2
      vertex 145.331 0.304482 2
    endloop
  endfacet
  facet normal -0 0 1
    outer loop
      vertex 144.451 2.4294 2
      vertex 145.331 0.304482 2
      vertex 144.65 2.52776 2
    endloop
  endfacet
  facet normal 0 0 1
    outer loop
      vertex 145.331 0.304482 2
      vertex 144.451 2.4294 2
      vertex 144.835 0.136298 2
    endloop
  endfacet
  facet normal -0 0 1
    outer loop
      vertex 144.24 2.35793 2
      vertex 144.835 0.136298 2
      vertex 144.451 2.4294 2
    endloop
  endfacet
  facet normal 0 0 1
    outer loop
      vertex 144.835 0.136298 2
      vertex 144.24 2.35793 2
      vertex 144.322 0.0342211 2
    endloop
  endfacet
  facet normal -0 0 1
    outer loop
      vertex 144.022 2.31454 2
      vertex 144.322 0.0342211 2
      vertex 144.24 2.35793 2
    endloop
  endfacet
  facet normal -0 0 1
    outer loop
      vertex 143.8 2.3 2
      vertex 144.322 0.0342211 2
      vertex 144.022 2.31454 2
    endloop
  endfacet
  facet normal 0 0 1
    outer loop
      vertex 143.8 2.3 2
      vertex 143.8 3.8147e-07 2
      vertex 144.322 0.0342211 2
    endloop
  endfacet
  facet normal -0 0 1
    outer loop
      vertex 139 2.3 2
      vertex 143.8 3.8147e-07 2
      vertex 143.8 2.3 2
    endloop
  endfacet
  facet normal 0 0 1
    outer loop
      vertex 143.8 3.8147e-07 2
      vertex 139 2.3 2
      vertex 139 3.8147e-07 2
    endloop
  endfacet
  facet normal -0 0 1
    outer loop
      vertex 81.9 2.3 2
      vertex 86.6 3.8147e-07 2
      vertex 86.6 2.3 2
    endloop
  endfacet
  facet normal 0 0 1
    outer loop
      vertex 81.9 2.3 2
      vertex 81.9 3.8147e-07 2
      vertex 86.6 3.8147e-07 2
    endloop
  endfacet
  facet normal 0 0 1
    outer loop
      vertex 81.6781 2.31454 2
      vertex 81.9 3.8147e-07 2
      vertex 81.9 2.3 2
    endloop
  endfacet
  facet normal 0 0 1
    outer loop
      vertex 81.3779 0.0342211 2
      vertex 81.6781 2.31454 2
      vertex 81.46 2.35793 2
    endloop
  endfacet
  facet normal 0 0 1
    outer loop
      vertex 81.6781 2.31454 2
      vertex 81.3779 0.0342211 2
      vertex 81.9 3.8147e-07 2
    endloop
  endfacet
  facet normal 0 0 1
    outer loop
      vertex 80.8647 0.136298 2
      vertex 81.46 2.35793 2
      vertex 81.2494 2.4294 2
    endloop
  endfacet
  facet normal 0 0 1
    outer loop
      vertex 80.3693 0.304482 2
      vertex 81.2494 2.4294 2
      vertex 81.05 2.52776 2
    endloop
  endfacet
  facet normal 0 0 1
    outer loop
      vertex 79.9 0.535899 2
      vertex 81.05 2.52776 2
      vertex 80.8651 2.6513 2
    endloop
  endfacet
  facet normal 0 0 1
    outer loop
      vertex 81.46 2.35793 2
      vertex 80.8647 0.136298 2
      vertex 81.3779 0.0342211 2
    endloop
  endfacet
  facet normal 0 0 1
    outer loop
      vertex 79.465 0.826587 2
      vertex 80.8651 2.6513 2
      vertex 80.6979 2.79792 2
    endloop
  endfacet
  facet normal 0 0 1
    outer loop
      vertex 79.0716 1.17157 2
      vertex 80.6979 2.79792 2
      vertex 80.5513 2.96511 2
    endloop
  endfacet
  facet normal 0 0 1
    outer loop
      vertex 78.7266 1.56496 2
      vertex 80.5513 2.96511 2
      vertex 80.4278 3.15 2
    endloop
  endfacet
  facet normal 0 0 1
    outer loop
      vertex 81.2494 2.4294 2
      vertex 80.3693 0.304482 2
      vertex 80.8647 0.136298 2
    endloop
  endfacet
  facet normal 0 0 1
    outer loop
      vertex 78.4359 2 2
      vertex 80.4278 3.15 2
      vertex 80.3294 3.34944 2
    endloop
  endfacet
  facet normal 0 0 1
    outer loop
      vertex 78.2045 2.46927 2
      vertex 80.3294 3.34944 2
      vertex 80.2579 3.56001 2
    endloop
  endfacet
  facet normal 0 0 1
    outer loop
      vertex 78.0363 2.96472 2
      vertex 80.2579 3.56001 2
      vertex 80.2145 3.77811 2
    endloop
  endfacet
  facet normal 0 0 1
    outer loop
      vertex 77.9342 3.4779 2
      vertex 80.2145 3.77811 2
      vertex 80.2 4 2
    endloop
  endfacet
  facet normal 0 0 1
    outer loop
      vertex 81.05 2.52776 2
      vertex 79.9 0.535899 2
      vertex 80.3693 0.304482 2
    endloop
  endfacet
  facet normal 0 0 1
    outer loop
      vertex 80.2 30.9 2
      vertex 77.9 30.9 2
      vertex 80.2 4 2
    endloop
  endfacet
  facet normal -0 0 1
    outer loop
      vertex 78.2045 32.4307 2
      vertex 80.3294 31.5506 2
      vertex 78.4359 32.9 2
    endloop
  endfacet
  facet normal 0 0 1
    outer loop
      vertex 77.9 4 2
      vertex 80.2 4 2
      vertex 77.9 30.9 2
    endloop
  endfacet
  facet normal 0 0 1
    outer loop
      vertex 80.3294 31.5506 2
      vertex 78.2045 32.4307 2
      vertex 80.2579 31.34 2
    endloop
  endfacet
  facet normal 0 -0 1
    outer loop
      vertex 77.9342 3.4779 2
      vertex 80.2 4 2
      vertex 77.9 4 2
    endloop
  endfacet
  facet normal -0 0 1
    outer loop
      vertex 78.0363 31.9353 2
      vertex 80.2579 31.34 2
      vertex 78.2045 32.4307 2
    endloop
  endfacet
  facet normal 0 0 1
    outer loop
      vertex 80.8651 2.6513 2
      vertex 79.465 0.826587 2
      vertex 79.9 0.535899 2
    endloop
  endfacet
  facet normal 0 0 1
    outer loop
      vertex 80.2579 31.34 2
      vertex 78.0363 31.9353 2
      vertex 80.2145 31.1219 2
    endloop
  endfacet
  facet normal 0 0 1
    outer loop
      vertex 80.6979 2.79792 2
      vertex 79.0716 1.17157 2
      vertex 79.465 0.826587 2
    endloop
  endfacet
  facet normal -0 0 1
    outer loop
      vertex 77.9342 31.4221 2
      vertex 80.2145 31.1219 2
      vertex 78.0363 31.9353 2
    endloop
  endfacet
  facet normal 0 0 1
    outer loop
      vertex 80.5513 2.96511 2
      vertex 78.7266 1.56496 2
      vertex 79.0716 1.17157 2
    endloop
  endfacet
  facet normal 0 0 1
    outer loop
      vertex 80.2145 31.1219 2
      vertex 77.9342 31.4221 2
      vertex 80.2 30.9 2
    endloop
  endfacet
  facet normal 0 0 1
    outer loop
      vertex 80.4278 3.15 2
      vertex 78.4359 2 2
      vertex 78.7266 1.56496 2
    endloop
  endfacet
  facet normal 0 0 1
    outer loop
      vertex 80.2 30.9 2
      vertex 77.9342 31.4221 2
      vertex 77.9 30.9 2
    endloop
  endfacet
  facet normal 0 0 1
    outer loop
      vertex 80.3294 3.34944 2
      vertex 78.2045 2.46927 2
      vertex 78.4359 2 2
    endloop
  endfacet
  facet normal 0 0 1
    outer loop
      vertex 80.2579 3.56001 2
      vertex 78.0363 2.96472 2
      vertex 78.2045 2.46927 2
    endloop
  endfacet
  facet normal 0 0 1
    outer loop
      vertex 80.2145 3.77811 2
      vertex 77.9342 3.4779 2
      vertex 78.0363 2.96472 2
    endloop
  endfacet
  facet normal -0 0 1
    outer loop
      vertex 96.25 17.05 2
      vertex 118.45 15.45 2
      vertex 118.45 17.05 2
    endloop
  endfacet
  facet normal 0 0 1
    outer loop
      vertex 118.45 15.45 2
      vertex 96.25 17.05 2
      vertex 96.25 15.45 2
    endloop
  endfacet
  facet normal -0 0 1
    outer loop
      vertex 96.25 20.25 2
      vertex 118.45 18.65 2
      vertex 118.45 20.25 2
    endloop
  endfacet
  facet normal 0 0 1
    outer loop
      vertex 118.45 18.65 2
      vertex 96.25 20.25 2
      vertex 96.25 18.65 2
    endloop
  endfacet
  facet normal -0 0 1
    outer loop
      vertex 96.25 23.45 2
      vertex 118.45 21.85 2
      vertex 118.45 23.45 2
    endloop
  endfacet
  facet normal 0 0 1
    outer loop
      vertex 118.45 21.85 2
      vertex 96.25 23.45 2
      vertex 96.25 21.85 2
    endloop
  endfacet
  facet normal 0 0 1
    outer loop
      vertex 143.09 28.2951 2
      vertex 144.2 30.9 2
      vertex 143.151 28.4747 2
    endloop
  endfacet
  facet normal 0 0 1
    outer loop
      vertex 144.2 4 2
      vertex 143.188 6.13926 2
      vertex 143.2 5.95 2
    endloop
  endfacet
  facet normal 0 0 1
    outer loop
      vertex 144.2 30.9 2
      vertex 143.09 28.2951 2
      vertex 144.2 4 2
    endloop
  endfacet
  facet normal 0 0 1
    outer loop
      vertex 144.2 4 2
      vertex 143.151 6.32529 2
      vertex 143.188 6.13926 2
    endloop
  endfacet
  facet normal -0 0 1
    outer loop
      vertex 143.09 6.50489 2
      vertex 144.2 4 2
      vertex 143.09 28.2951 2
    endloop
  endfacet
  facet normal 0 0 1
    outer loop
      vertex 144.2 4 2
      vertex 143.09 6.50489 2
      vertex 143.151 6.32529 2
    endloop
  endfacet
  facet normal -0 0 1
    outer loop
      vertex 143.006 28.125 2
      vertex 143.09 6.50489 2
      vertex 143.09 28.2951 2
    endloop
  endfacet
  facet normal 0 0 1
    outer loop
      vertex 143.006 28.125 2
      vertex 143.006 6.675 2
      vertex 143.09 6.50489 2
    endloop
  endfacet
  facet normal -0 0 1
    outer loop
      vertex 142.9 27.9673 2
      vertex 143.006 6.675 2
      vertex 143.006 28.125 2
    endloop
  endfacet
  facet normal 0 0 1
    outer loop
      vertex 142.9 27.9673 2
      vertex 142.9 6.83271 2
      vertex 143.006 6.675 2
    endloop
  endfacet
  facet normal -0 0 1
    outer loop
      vertex 142.775 27.8247 2
      vertex 142.9 6.83271 2
      vertex 142.9 27.9673 2
    endloop
  endfacet
  facet normal 0 0 1
    outer loop
      vertex 142.775 27.8247 2
      vertex 142.775 6.97531 2
      vertex 142.9 6.83271 2
    endloop
  endfacet
  facet normal -0 0 1
    outer loop
      vertex 142.633 27.6996 2
      vertex 142.775 6.97531 2
      vertex 142.775 27.8247 2
    endloop
  endfacet
  facet normal 0 0 1
    outer loop
      vertex 142.633 27.6996 2
      vertex 142.633 7.10036 2
      vertex 142.775 6.97531 2
    endloop
  endfacet
  facet normal -0 0 1
    outer loop
      vertex 142.475 27.5943 2
      vertex 142.633 7.10036 2
      vertex 142.633 27.6996 2
    endloop
  endfacet
  facet normal 0 0 1
    outer loop
      vertex 142.475 27.5943 2
      vertex 142.475 7.20574 2
      vertex 142.633 7.10036 2
    endloop
  endfacet
  facet normal -0 0 1
    outer loop
      vertex 142.305 27.5104 2
      vertex 142.475 7.20574 2
      vertex 142.475 27.5943 2
    endloop
  endfacet
  facet normal 0 0 1
    outer loop
      vertex 142.305 27.5104 2
      vertex 142.305 7.28963 2
      vertex 142.475 7.20574 2
    endloop
  endfacet
  facet normal -0 0 1
    outer loop
      vertex 142.125 27.4494 2
      vertex 142.305 7.28963 2
      vertex 142.305 27.5104 2
    endloop
  endfacet
  facet normal 0 0 1
    outer loop
      vertex 142.125 27.4494 2
      vertex 142.125 7.35059 2
      vertex 142.305 7.28963 2
    endloop
  endfacet
  facet normal 0 0 1
    outer loop
      vertex 139 8.91 2
      vertex 142.125 27.4494 2
      vertex 141.939 27.4124 2
    endloop
  endfacet
  facet normal 0 0 1
    outer loop
      vertex 142.125 27.4494 2
      vertex 139 8.91 2
      vertex 142.125 7.35059 2
    endloop
  endfacet
  facet normal 0 0 1
    outer loop
      vertex 139 8.91 2
      vertex 141.939 27.4124 2
      vertex 141.75 27.4 2
    endloop
  endfacet
  facet normal 0 0 1
    outer loop
      vertex 142.125 7.35059 2
      vertex 139 8.91 2
      vertex 141.939 7.3876 2
    endloop
  endfacet
  facet normal 0 0 1
    outer loop
      vertex 139 8.91 2
      vertex 141.75 27.4 2
      vertex 141.561 27.4124 2
    endloop
  endfacet
  facet normal 0 0 1
    outer loop
      vertex 141.939 7.3876 2
      vertex 139 8.91 2
      vertex 141.75 7.4 2
    endloop
  endfacet
  facet normal 0 0 1
    outer loop
      vertex 139 8.91 2
      vertex 141.561 27.4124 2
      vertex 141.375 27.4494 2
    endloop
  endfacet
  facet normal 0 0 1
    outer loop
      vertex 141.75 7.4 2
      vertex 139 8.91 2
      vertex 141.561 7.3876 2
    endloop
  endfacet
  facet normal 0 0 1
    outer loop
      vertex 139 8.91 2
      vertex 141.375 27.4494 2
      vertex 141.195 27.5104 2
    endloop
  endfacet
  facet normal 0 0 1
    outer loop
      vertex 141.561 7.3876 2
      vertex 139 8.91 2
      vertex 141.375 7.35059 2
    endloop
  endfacet
  facet normal 0 0 1
    outer loop
      vertex 139 8.91 2
      vertex 141.195 27.5104 2
      vertex 141.025 27.5943 2
    endloop
  endfacet
  facet normal 0 0 1
    outer loop
      vertex 141.375 7.35059 2
      vertex 139 8.91 2
      vertex 141.195 7.28963 2
    endloop
  endfacet
  facet normal 0 0 1
    outer loop
      vertex 139 8.91 2
      vertex 141.025 27.5943 2
      vertex 140.867 27.6996 2
    endloop
  endfacet
  facet normal 0 0 1
    outer loop
      vertex 141.195 7.28963 2
      vertex 139 8.91 2
      vertex 141.025 7.20574 2
    endloop
  endfacet
  facet normal 0 0 1
    outer loop
      vertex 139 8.91 2
      vertex 140.867 27.6996 2
      vertex 140.725 27.8247 2
    endloop
  endfacet
  facet normal 0 0 1
    outer loop
      vertex 141.025 7.20574 2
      vertex 139 8.91 2
      vertex 140.867 7.10036 2
    endloop
  endfacet
  facet normal 0 0 1
    outer loop
      vertex 118.45 18.65 2
      vertex 140.725 27.8247 2
      vertex 140.6 27.9673 2
    endloop
  endfacet
  facet normal 0 0 1
    outer loop
      vertex 140.867 7.10036 2
      vertex 139 8.91 2
      vertex 140.725 6.97531 2
    endloop
  endfacet
  facet normal 0 0 1
    outer loop
      vertex 118.45 21.85 2
      vertex 140.6 27.9673 2
      vertex 140.494 28.125 2
    endloop
  endfacet
  facet normal 0 0 1
    outer loop
      vertex 140.725 6.97531 2
      vertex 139 8.91 2
      vertex 140.6 6.83271 2
    endloop
  endfacet
  facet normal 0 0 1
    outer loop
      vertex 118.45 23.45 2
      vertex 140.494 28.125 2
      vertex 140.41 28.2951 2
    endloop
  endfacet
  facet normal 0 0 1
    outer loop
      vertex 140.6 6.83271 2
      vertex 139 8.91 2
      vertex 140.494 6.675 2
    endloop
  endfacet
  facet normal 0 0 1
    outer loop
      vertex 118.45 25.05 2
      vertex 140.41 28.2951 2
      vertex 140.349 28.4747 2
    endloop
  endfacet
  facet normal 0 0 1
    outer loop
      vertex 140.494 6.675 2
      vertex 139 8.91 2
      vertex 140.41 6.50489 2
    endloop
  endfacet
  facet normal 0 0 1
    outer loop
      vertex 118.45 25.05 2
      vertex 140.349 28.4747 2
      vertex 140.312 28.6607 2
    endloop
  endfacet
  facet normal 0 0 1
    outer loop
      vertex 140.41 6.50489 2
      vertex 139 8.91 2
      vertex 140.349 6.32529 2
    endloop
  endfacet
  facet normal 0 0 1
    outer loop
      vertex 118.45 25.05 2
      vertex 140.312 28.6607 2
      vertex 140.3 28.85 2
    endloop
  endfacet
  facet normal 0 0 1
    outer loop
      vertex 140.349 6.32529 2
      vertex 139 8.91 2
      vertex 140.312 6.13926 2
    endloop
  endfacet
  facet normal 0 0 1
    outer loop
      vertex 143.8 31.3 2
      vertex 144.2 30.9 2
      vertex 144.197 30.9522 2
    endloop
  endfacet
  facet normal 0 0 1
    outer loop
      vertex 143.188 28.6607 2
      vertex 144.2 30.9 2
      vertex 143.2 28.85 2
    endloop
  endfacet
  facet normal 0 0 1
    outer loop
      vertex 143.8 31.3 2
      vertex 144.197 30.9522 2
      vertex 144.186 31.0035 2
    endloop
  endfacet
  facet normal 0 0 1
    outer loop
      vertex 143.151 28.4747 2
      vertex 144.2 30.9 2
      vertex 143.188 28.6607 2
    endloop
  endfacet
  facet normal 0 0 1
    outer loop
      vertex 143.8 31.3 2
      vertex 144.186 31.0035 2
      vertex 144.17 31.0531 2
    endloop
  endfacet
  facet normal -0 0 1
    outer loop
      vertex 143.188 5.76074 2
      vertex 144.2 4 2
      vertex 143.2 5.95 2
    endloop
  endfacet
  facet normal 0 0 1
    outer loop
      vertex 143.8 31.3 2
      vertex 144.17 31.0531 2
      vertex 144.146 31.1 2
    endloop
  endfacet
  facet normal -0 0 1
    outer loop
      vertex 143.151 5.57471 2
      vertex 144.2 4 2
      vertex 143.188 5.76074 2
    endloop
  endfacet
  facet normal 0 0 1
    outer loop
      vertex 143.8 31.3 2
      vertex 144.146 31.1 2
      vertex 144.117 31.1435 2
    endloop
  endfacet
  facet normal -0 0 1
    outer loop
      vertex 143.09 5.39511 2
      vertex 144.2 4 2
      vertex 143.151 5.57471 2
    endloop
  endfacet
  facet normal 0 0 1
    outer loop
      vertex 143.8 31.3 2
      vertex 144.117 31.1435 2
      vertex 144.083 31.1828 2
    endloop
  endfacet
  facet normal -0 0 1
    outer loop
      vertex 143.006 5.225 2
      vertex 144.2 4 2
      vertex 143.09 5.39511 2
    endloop
  endfacet
  facet normal 0 0 1
    outer loop
      vertex 143.8 31.3 2
      vertex 144.083 31.1828 2
      vertex 144.044 31.2173 2
    endloop
  endfacet
  facet normal -0 0 1
    outer loop
      vertex 142.9 5.0673 2
      vertex 144.2 4 2
      vertex 143.006 5.225 2
    endloop
  endfacet
  facet normal 0 0 1
    outer loop
      vertex 143.8 31.3 2
      vertex 144.044 31.2173 2
      vertex 144 31.2464 2
    endloop
  endfacet
  facet normal -0 0 1
    outer loop
      vertex 142.775 4.9247 2
      vertex 144.2 4 2
      vertex 142.9 5.0673 2
    endloop
  endfacet
  facet normal 0 0 1
    outer loop
      vertex 143.8 31.3 2
      vertex 144 31.2464 2
      vertex 143.953 31.2696 2
    endloop
  endfacet
  facet normal 0 -0 1
    outer loop
      vertex 143.8 3.6 2
      vertex 144.2 4 2
      vertex 142.775 4.9247 2
    endloop
  endfacet
  facet normal 0 0 1
    outer loop
      vertex 143.8 31.3 2
      vertex 143.953 31.2696 2
      vertex 143.904 31.2864 2
    endloop
  endfacet
  facet normal 0 0 1
    outer loop
      vertex 144.2 4 2
      vertex 143.8 3.6 2
      vertex 144.197 3.94779 2
    endloop
  endfacet
  facet normal 0 0 1
    outer loop
      vertex 143.8 31.3 2
      vertex 143.904 31.2864 2
      vertex 143.852 31.2966 2
    endloop
  endfacet
  facet normal 0 0 1
    outer loop
      vertex 144.186 3.89647 2
      vertex 143.8 3.6 2
      vertex 144.17 3.84693 2
    endloop
  endfacet
  facet normal 0 0 1
    outer loop
      vertex 144.2 30.9 2
      vertex 143.8 31.3 2
      vertex 142.775 29.8753 2
    endloop
  endfacet
  facet normal 0 0 1
    outer loop
      vertex 144.17 3.84693 2
      vertex 143.8 3.6 2
      vertex 144.146 3.8 2
    endloop
  endfacet
  facet normal 0 0 1
    outer loop
      vertex 144.146 3.8 2
      vertex 143.8 3.6 2
      vertex 144.117 3.7565 2
    endloop
  endfacet
  facet normal 0 0 1
    outer loop
      vertex 144.2 30.9 2
      vertex 143.188 29.0393 2
      vertex 143.2 28.85 2
    endloop
  endfacet
  facet normal 0 0 1
    outer loop
      vertex 144.2 30.9 2
      vertex 143.151 29.2253 2
      vertex 143.188 29.0393 2
    endloop
  endfacet
  facet normal 0 0 1
    outer loop
      vertex 144.2 30.9 2
      vertex 143.09 29.4049 2
      vertex 143.151 29.2253 2
    endloop
  endfacet
  facet normal 0 0 1
    outer loop
      vertex 144.2 30.9 2
      vertex 143.006 29.575 2
      vertex 143.09 29.4049 2
    endloop
  endfacet
  facet normal 0 0 1
    outer loop
      vertex 144.2 30.9 2
      vertex 142.9 29.7327 2
      vertex 143.006 29.575 2
    endloop
  endfacet
  facet normal 0 0 1
    outer loop
      vertex 144.2 30.9 2
      vertex 142.775 29.8753 2
      vertex 142.9 29.7327 2
    endloop
  endfacet
  facet normal 0 0 1
    outer loop
      vertex 143.8 31.3 2
      vertex 142.633 30.0004 2
      vertex 142.775 29.8753 2
    endloop
  endfacet
  facet normal 0 0 1
    outer loop
      vertex 143.8 31.3 2
      vertex 142.475 30.1057 2
      vertex 142.633 30.0004 2
    endloop
  endfacet
  facet normal 0 0 1
    outer loop
      vertex 143.8 31.3 2
      vertex 142.305 30.1896 2
      vertex 142.475 30.1057 2
    endloop
  endfacet
  facet normal 0 0 1
    outer loop
      vertex 143.8 31.3 2
      vertex 142.125 30.2506 2
      vertex 142.305 30.1896 2
    endloop
  endfacet
  facet normal 0 0 1
    outer loop
      vertex 143.8 31.3 2
      vertex 141.939 30.2876 2
      vertex 142.125 30.2506 2
    endloop
  endfacet
  facet normal 0 0 1
    outer loop
      vertex 143.8 31.3 2
      vertex 141.75 30.3 2
      vertex 141.939 30.2876 2
    endloop
  endfacet
  facet normal 0 0 1
    outer loop
      vertex 143.8 31.3 2
      vertex 141.561 30.2876 2
      vertex 141.75 30.3 2
    endloop
  endfacet
  facet normal 0 0 1
    outer loop
      vertex 143.8 31.3 2
      vertex 141.375 30.2506 2
      vertex 141.561 30.2876 2
    endloop
  endfacet
  facet normal 0 0 1
    outer loop
      vertex 143.8 31.3 2
      vertex 141.195 30.1896 2
      vertex 141.375 30.2506 2
    endloop
  endfacet
  facet normal 0 0 1
    outer loop
      vertex 140.312 6.13926 2
      vertex 139 8.91 2
      vertex 140.3 5.95 2
    endloop
  endfacet
  facet normal 0 0 1
    outer loop
      vertex 140.41 28.2951 2
      vertex 118.45 25.05 2
      vertex 118.45 23.45 2
    endloop
  endfacet
  facet normal 0 0 1
    outer loop
      vertex 140.312 29.0393 2
      vertex 118.45 25.05 2
      vertex 140.3 28.85 2
    endloop
  endfacet
  facet normal 0 0 1
    outer loop
      vertex 140.349 29.2253 2
      vertex 118.45 25.05 2
      vertex 140.312 29.0393 2
    endloop
  endfacet
  facet normal 0 0 1
    outer loop
      vertex 140.41 29.4049 2
      vertex 118.45 25.05 2
      vertex 140.349 29.2253 2
    endloop
  endfacet
  facet normal 0 0 1
    outer loop
      vertex 140.494 29.575 2
      vertex 118.45 25.05 2
      vertex 140.41 29.4049 2
    endloop
  endfacet
  facet normal 0 0 1
    outer loop
      vertex 140.6 29.7327 2
      vertex 118.45 25.05 2
      vertex 140.494 29.575 2
    endloop
  endfacet
  facet normal 0 0 1
    outer loop
      vertex 140.725 29.8753 2
      vertex 118.45 25.05 2
      vertex 140.6 29.7327 2
    endloop
  endfacet
  facet normal 0 0 1
    outer loop
      vertex 140.867 30.0004 2
      vertex 118.45 25.05 2
      vertex 140.725 29.8753 2
    endloop
  endfacet
  facet normal 0 0 1
    outer loop
      vertex 141.025 30.1057 2
      vertex 118.45 25.05 2
      vertex 140.867 30.0004 2
    endloop
  endfacet
  facet normal 0 0 1
    outer loop
      vertex 141.195 30.1896 2
      vertex 118.45 25.05 2
      vertex 141.025 30.1057 2
    endloop
  endfacet
  facet normal 0 0 1
    outer loop
      vertex 143.8 31.3 2
      vertex 118.45 25.05 2
      vertex 141.195 30.1896 2
    endloop
  endfacet
  facet normal -0 0 1
    outer loop
      vertex 81.9 31.3 2
      vertex 118.45 25.05 2
      vertex 143.8 31.3 2
    endloop
  endfacet
  facet normal 0 0 1
    outer loop
      vertex 85.0504 27.9673 2
      vertex 96.25 23.45 2
      vertex 96.25 25.05 2
    endloop
  endfacet
  facet normal 0 0 1
    outer loop
      vertex 96.25 23.45 2
      vertex 84.9253 27.8247 2
      vertex 96.25 21.85 2
    endloop
  endfacet
  facet normal -0 0 1
    outer loop
      vertex 84.7827 27.6996 2
      vertex 96.25 21.85 2
      vertex 84.9253 27.8247 2
    endloop
  endfacet
  facet normal 0 0 1
    outer loop
      vertex 96.25 21.85 2
      vertex 84.625 27.5943 2
      vertex 96.25 20.25 2
    endloop
  endfacet
  facet normal -0 0 1
    outer loop
      vertex 84.4549 27.5104 2
      vertex 96.25 20.25 2
      vertex 84.625 27.5943 2
    endloop
  endfacet
  facet normal -0 0 1
    outer loop
      vertex 84.2753 27.4494 2
      vertex 96.25 18.65 2
      vertex 84.4549 27.5104 2
    endloop
  endfacet
  facet normal 0 -0 1
    outer loop
      vertex 86.6 8.91 2
      vertex 96.25 18.65 2
      vertex 84.2753 27.4494 2
    endloop
  endfacet
  facet normal 0 0 1
    outer loop
      vertex 86.6 8.91 2
      vertex 85.4 6 2
      vertex 86.6 3.6 2
    endloop
  endfacet
  facet normal 0 0 1
    outer loop
      vertex 86.6 8.91 2
      vertex 85.3876 6.18926 2
      vertex 85.4 6 2
    endloop
  endfacet
  facet normal 0 0 1
    outer loop
      vertex 86.6 8.91 2
      vertex 85.3506 6.37529 2
      vertex 85.3876 6.18926 2
    endloop
  endfacet
  facet normal -0 0 1
    outer loop
      vertex 85.3006 28.4747 2
      vertex 96.25 25.05 2
      vertex 85.3376 28.6607 2
    endloop
  endfacet
  facet normal -0 0 1
    outer loop
      vertex 85.3376 28.6607 2
      vertex 96.25 25.05 2
      vertex 85.35 28.85 2
    endloop
  endfacet
  facet normal 0 0 1
    outer loop
      vertex 118.45 25.05 2
      vertex 84.625 30.1057 2
      vertex 96.25 25.05 2
    endloop
  endfacet
  facet normal 0 0 1
    outer loop
      vertex 96.25 25.05 2
      vertex 85.3376 29.0393 2
      vertex 85.35 28.85 2
    endloop
  endfacet
  facet normal 0 0 1
    outer loop
      vertex 96.25 25.05 2
      vertex 85.3006 29.2253 2
      vertex 85.3376 29.0393 2
    endloop
  endfacet
  facet normal 0 0 1
    outer loop
      vertex 96.25 25.05 2
      vertex 85.2396 29.4049 2
      vertex 85.3006 29.2253 2
    endloop
  endfacet
  facet normal 0 0 1
    outer loop
      vertex 96.25 25.05 2
      vertex 85.1557 29.575 2
      vertex 85.2396 29.4049 2
    endloop
  endfacet
  facet normal 0 0 1
    outer loop
      vertex 96.25 25.05 2
      vertex 85.0504 29.7327 2
      vertex 85.1557 29.575 2
    endloop
  endfacet
  facet normal 0 0 1
    outer loop
      vertex 96.25 25.05 2
      vertex 84.9253 29.8753 2
      vertex 85.0504 29.7327 2
    endloop
  endfacet
  facet normal 0 0 1
    outer loop
      vertex 96.25 25.05 2
      vertex 84.7827 30.0004 2
      vertex 84.9253 29.8753 2
    endloop
  endfacet
  facet normal 0 0 1
    outer loop
      vertex 96.25 25.05 2
      vertex 84.625 30.1057 2
      vertex 84.7827 30.0004 2
    endloop
  endfacet
  facet normal 0 0 1
    outer loop
      vertex 118.45 25.05 2
      vertex 84.4549 30.1896 2
      vertex 84.625 30.1057 2
    endloop
  endfacet
  facet normal 0 0 1
    outer loop
      vertex 118.45 25.05 2
      vertex 81.9 31.3 2
      vertex 84.4549 30.1896 2
    endloop
  endfacet
  facet normal 0 0 1
    outer loop
      vertex 84.4549 30.1896 2
      vertex 81.9 31.3 2
      vertex 84.2753 30.2506 2
    endloop
  endfacet
  facet normal 0 0 1
    outer loop
      vertex 84.2753 30.2506 2
      vertex 81.9 31.3 2
      vertex 84.0893 30.2876 2
    endloop
  endfacet
  facet normal 0 0 1
    outer loop
      vertex 82.4994 29.2253 2
      vertex 81.5 30.9 2
      vertex 82.4624 29.0393 2
    endloop
  endfacet
  facet normal 0 0 1
    outer loop
      vertex 82.5604 29.4049 2
      vertex 81.5 30.9 2
      vertex 82.4994 29.2253 2
    endloop
  endfacet
  facet normal 0 0 1
    outer loop
      vertex 82.6443 29.575 2
      vertex 81.5 30.9 2
      vertex 82.5604 29.4049 2
    endloop
  endfacet
  facet normal 0 0 1
    outer loop
      vertex 82.7496 29.7327 2
      vertex 81.5 30.9 2
      vertex 82.6443 29.575 2
    endloop
  endfacet
  facet normal 0 0 1
    outer loop
      vertex 82.8747 29.8753 2
      vertex 81.5 30.9 2
      vertex 82.7496 29.7327 2
    endloop
  endfacet
  facet normal -0 0 1
    outer loop
      vertex 81.5 30.9 2
      vertex 82.8747 29.8753 2
      vertex 81.9 31.3 2
    endloop
  endfacet
  facet normal 0 0 1
    outer loop
      vertex 83.0173 30.0004 2
      vertex 81.9 31.3 2
      vertex 82.8747 29.8753 2
    endloop
  endfacet
  facet normal 0 0 1
    outer loop
      vertex 83.175 30.1057 2
      vertex 81.9 31.3 2
      vertex 83.0173 30.0004 2
    endloop
  endfacet
  facet normal 0 0 1
    outer loop
      vertex 83.3451 30.1896 2
      vertex 81.9 31.3 2
      vertex 83.175 30.1057 2
    endloop
  endfacet
  facet normal 0 0 1
    outer loop
      vertex 83.5247 30.2506 2
      vertex 81.9 31.3 2
      vertex 83.3451 30.1896 2
    endloop
  endfacet
  facet normal 0 0 1
    outer loop
      vertex 83.7107 30.2876 2
      vertex 81.9 31.3 2
      vertex 83.5247 30.2506 2
    endloop
  endfacet
  facet normal 0 0 1
    outer loop
      vertex 83.9 30.3 2
      vertex 81.9 31.3 2
      vertex 83.7107 30.2876 2
    endloop
  endfacet
  facet normal 0 0 1
    outer loop
      vertex 84.0893 30.2876 2
      vertex 81.9 31.3 2
      vertex 83.9 30.3 2
    endloop
  endfacet
  facet normal 0 0 1
    outer loop
      vertex 144.117 3.7565 2
      vertex 143.8 3.6 2
      vertex 144.083 3.71716 2
    endloop
  endfacet
  facet normal 0 0 1
    outer loop
      vertex 144.083 3.71716 2
      vertex 143.8 3.6 2
      vertex 144.044 3.68266 2
    endloop
  endfacet
  facet normal 0 0 1
    outer loop
      vertex 144.044 3.68266 2
      vertex 143.8 3.6 2
      vertex 144 3.65359 2
    endloop
  endfacet
  facet normal 0 0 1
    outer loop
      vertex 144 3.65359 2
      vertex 143.8 3.6 2
      vertex 143.953 3.63045 2
    endloop
  endfacet
  facet normal 0 0 1
    outer loop
      vertex 143.953 3.63045 2
      vertex 143.8 3.6 2
      vertex 143.904 3.61363 2
    endloop
  endfacet
  facet normal 0 0 1
    outer loop
      vertex 143.904 3.61363 2
      vertex 143.8 3.6 2
      vertex 143.852 3.60342 2
    endloop
  endfacet
  facet normal 0 0 1
    outer loop
      vertex 144.197 3.94779 2
      vertex 143.8 3.6 2
      vertex 144.186 3.89647 2
    endloop
  endfacet
  facet normal -0 0 1
    outer loop
      vertex 142.633 4.79964 2
      vertex 143.8 3.6 2
      vertex 142.775 4.9247 2
    endloop
  endfacet
  facet normal -0 0 1
    outer loop
      vertex 142.475 4.69426 2
      vertex 143.8 3.6 2
      vertex 142.633 4.79964 2
    endloop
  endfacet
  facet normal -0 0 1
    outer loop
      vertex 142.305 4.61037 2
      vertex 143.8 3.6 2
      vertex 142.475 4.69426 2
    endloop
  endfacet
  facet normal -0 0 1
    outer loop
      vertex 142.125 4.54941 2
      vertex 143.8 3.6 2
      vertex 142.305 4.61037 2
    endloop
  endfacet
  facet normal -0 0 1
    outer loop
      vertex 141.939 4.51241 2
      vertex 143.8 3.6 2
      vertex 142.125 4.54941 2
    endloop
  endfacet
  facet normal -0 0 1
    outer loop
      vertex 141.75 4.5 2
      vertex 143.8 3.6 2
      vertex 141.939 4.51241 2
    endloop
  endfacet
  facet normal 0 0 1
    outer loop
      vertex 141.561 4.51241 2
      vertex 143.8 3.6 2
      vertex 141.75 4.5 2
    endloop
  endfacet
  facet normal 0 0 1
    outer loop
      vertex 139 3.6 2
      vertex 141.561 4.51241 2
      vertex 141.375 4.54941 2
    endloop
  endfacet
  facet normal 0 0 1
    outer loop
      vertex 139 3.6 2
      vertex 141.375 4.54941 2
      vertex 141.195 4.61037 2
    endloop
  endfacet
  facet normal 0 0 1
    outer loop
      vertex 139 3.6 2
      vertex 140.3 5.95 2
      vertex 139 8.91 2
    endloop
  endfacet
  facet normal 0 0 1
    outer loop
      vertex 140.3 5.95 2
      vertex 139 3.6 2
      vertex 140.312 5.76074 2
    endloop
  endfacet
  facet normal 0 0 1
    outer loop
      vertex 140.312 5.76074 2
      vertex 139 3.6 2
      vertex 140.349 5.57471 2
    endloop
  endfacet
  facet normal 0 0 1
    outer loop
      vertex 141.561 4.51241 2
      vertex 139 3.6 2
      vertex 143.8 3.6 2
    endloop
  endfacet
  facet normal 0 0 1
    outer loop
      vertex 141.025 4.69426 2
      vertex 139 3.6 2
      vertex 141.195 4.61037 2
    endloop
  endfacet
  facet normal 0 0 1
    outer loop
      vertex 140.867 4.79964 2
      vertex 139 3.6 2
      vertex 141.025 4.69426 2
    endloop
  endfacet
  facet normal 0 0 1
    outer loop
      vertex 140.725 4.9247 2
      vertex 139 3.6 2
      vertex 140.867 4.79964 2
    endloop
  endfacet
  facet normal 0 0 1
    outer loop
      vertex 140.6 5.0673 2
      vertex 139 3.6 2
      vertex 140.725 4.9247 2
    endloop
  endfacet
  facet normal 0 0 1
    outer loop
      vertex 140.494 5.225 2
      vertex 139 3.6 2
      vertex 140.6 5.0673 2
    endloop
  endfacet
  facet normal 0 0 1
    outer loop
      vertex 140.41 5.39511 2
      vertex 139 3.6 2
      vertex 140.494 5.225 2
    endloop
  endfacet
  facet normal 0 0 1
    outer loop
      vertex 140.349 5.57471 2
      vertex 139 3.6 2
      vertex 140.41 5.39511 2
    endloop
  endfacet
  facet normal 0 0 1
    outer loop
      vertex 140.494 28.125 2
      vertex 118.45 23.45 2
      vertex 118.45 21.85 2
    endloop
  endfacet
  facet normal 0 0 1
    outer loop
      vertex 140.6 27.9673 2
      vertex 118.45 21.85 2
      vertex 118.45 20.25 2
    endloop
  endfacet
  facet normal 0 0 1
    outer loop
      vertex 140.6 27.9673 2
      vertex 118.45 20.25 2
      vertex 118.45 18.65 2
    endloop
  endfacet
  facet normal 0 0 1
    outer loop
      vertex 140.725 27.8247 2
      vertex 118.45 18.65 2
      vertex 139 8.91 2
    endloop
  endfacet
  facet normal -0 0 1
    outer loop
      vertex 118.45 17.05 2
      vertex 139 8.91 2
      vertex 118.45 18.65 2
    endloop
  endfacet
  facet normal -0 0 1
    outer loop
      vertex 118.45 15.45 2
      vertex 139 8.91 2
      vertex 118.45 17.05 2
    endloop
  endfacet
  facet normal -0 0 1
    outer loop
      vertex 118.45 13.85 2
      vertex 139 8.91 2
      vertex 118.45 15.45 2
    endloop
  endfacet
  facet normal 0 0 1
    outer loop
      vertex 86.6 8.91 2
      vertex 118.45 13.85 2
      vertex 96.25 13.85 2
    endloop
  endfacet
  facet normal 0 0 1
    outer loop
      vertex 118.45 13.85 2
      vertex 86.6 8.91 2
      vertex 139 8.91 2
    endloop
  endfacet
  facet normal -0 0 1
    outer loop
      vertex 85.3876 5.81074 2
      vertex 86.6 3.6 2
      vertex 85.4 6 2
    endloop
  endfacet
  facet normal -0 0 1
    outer loop
      vertex 85.3506 5.62471 2
      vertex 86.6 3.6 2
      vertex 85.3876 5.81074 2
    endloop
  endfacet
  facet normal -0 0 1
    outer loop
      vertex 85.2896 5.44511 2
      vertex 86.6 3.6 2
      vertex 85.3506 5.62471 2
    endloop
  endfacet
  facet normal -0 0 1
    outer loop
      vertex 85.2057 5.275 2
      vertex 86.6 3.6 2
      vertex 85.2896 5.44511 2
    endloop
  endfacet
  facet normal -0 0 1
    outer loop
      vertex 85.1004 5.1173 2
      vertex 86.6 3.6 2
      vertex 85.2057 5.275 2
    endloop
  endfacet
  facet normal -0 0 1
    outer loop
      vertex 84.9753 4.9747 2
      vertex 86.6 3.6 2
      vertex 85.1004 5.1173 2
    endloop
  endfacet
  facet normal -0 0 1
    outer loop
      vertex 84.8327 4.84964 2
      vertex 86.6 3.6 2
      vertex 84.9753 4.9747 2
    endloop
  endfacet
  facet normal -0 0 1
    outer loop
      vertex 84.675 4.74426 2
      vertex 86.6 3.6 2
      vertex 84.8327 4.84964 2
    endloop
  endfacet
  facet normal -0 0 1
    outer loop
      vertex 84.5049 4.66038 2
      vertex 86.6 3.6 2
      vertex 84.675 4.74426 2
    endloop
  endfacet
  facet normal -0 0 1
    outer loop
      vertex 84.3253 4.59941 2
      vertex 86.6 3.6 2
      vertex 84.5049 4.66038 2
    endloop
  endfacet
  facet normal -0 0 1
    outer loop
      vertex 84.1393 4.56241 2
      vertex 86.6 3.6 2
      vertex 84.3253 4.59941 2
    endloop
  endfacet
  facet normal -0 0 1
    outer loop
      vertex 83.95 4.55 2
      vertex 86.6 3.6 2
      vertex 84.1393 4.56241 2
    endloop
  endfacet
  facet normal 0 0 1
    outer loop
      vertex 81.9 3.6 2
      vertex 83.95 4.55 2
      vertex 83.7607 4.56241 2
    endloop
  endfacet
  facet normal 0 0 1
    outer loop
      vertex 81.9 3.6 2
      vertex 83.7607 4.56241 2
      vertex 83.5747 4.59941 2
    endloop
  endfacet
  facet normal 0 0 1
    outer loop
      vertex 82.5494 6.37529 2
      vertex 81.5 4 2
      vertex 82.5124 6.18926 2
    endloop
  endfacet
  facet normal 0 0 1
    outer loop
      vertex 81.5 30.9 2
      vertex 82.4624 28.6607 2
      vertex 82.45 28.85 2
    endloop
  endfacet
  facet normal 0 0 1
    outer loop
      vertex 82.4624 29.0393 2
      vertex 81.5 30.9 2
      vertex 82.45 28.85 2
    endloop
  endfacet
  facet normal 0 0 1
    outer loop
      vertex 83.95 4.55 2
      vertex 81.9 3.6 2
      vertex 86.6 3.6 2
    endloop
  endfacet
  facet normal 0 0 1
    outer loop
      vertex 83.3951 4.66038 2
      vertex 81.9 3.6 2
      vertex 83.5747 4.59941 2
    endloop
  endfacet
  facet normal 0 0 1
    outer loop
      vertex 83.225 4.74426 2
      vertex 81.9 3.6 2
      vertex 83.3951 4.66038 2
    endloop
  endfacet
  facet normal 0 0 1
    outer loop
      vertex 83.0673 4.84964 2
      vertex 81.9 3.6 2
      vertex 83.225 4.74426 2
    endloop
  endfacet
  facet normal 0 0 1
    outer loop
      vertex 82.9247 4.9747 2
      vertex 81.9 3.6 2
      vertex 83.0673 4.84964 2
    endloop
  endfacet
  facet normal 0 0 1
    outer loop
      vertex 81.5 4 2
      vertex 82.9247 4.9747 2
      vertex 82.7996 5.1173 2
    endloop
  endfacet
  facet normal 0 0 1
    outer loop
      vertex 81.5 4 2
      vertex 82.7996 5.1173 2
      vertex 82.6943 5.275 2
    endloop
  endfacet
  facet normal 0 0 1
    outer loop
      vertex 81.5 4 2
      vertex 82.6943 5.275 2
      vertex 82.6104 5.44511 2
    endloop
  endfacet
  facet normal 0 0 1
    outer loop
      vertex 81.5 4 2
      vertex 82.6104 5.44511 2
      vertex 82.5494 5.62471 2
    endloop
  endfacet
  facet normal 0 0 1
    outer loop
      vertex 81.5 4 2
      vertex 82.5494 5.62471 2
      vertex 82.5124 5.81074 2
    endloop
  endfacet
  facet normal 0 0 1
    outer loop
      vertex 81.5 4 2
      vertex 82.5124 5.81074 2
      vertex 82.5 6 2
    endloop
  endfacet
  facet normal 0 0 1
    outer loop
      vertex 82.4624 28.6607 2
      vertex 81.5 30.9 2
      vertex 81.5 4 2
    endloop
  endfacet
  facet normal 0 0 1
    outer loop
      vertex 81.5 30.9 2
      vertex 81.9 31.3 2
      vertex 81.8478 31.2966 2
    endloop
  endfacet
  facet normal 0 0 1
    outer loop
      vertex 82.5124 6.18926 2
      vertex 81.5 4 2
      vertex 82.5 6 2
    endloop
  endfacet
  facet normal 0 0 1
    outer loop
      vertex 81.5 30.9 2
      vertex 81.8478 31.2966 2
      vertex 81.7965 31.2864 2
    endloop
  endfacet
  facet normal 0 0 1
    outer loop
      vertex 82.9247 4.9747 2
      vertex 81.5 4 2
      vertex 81.9 3.6 2
    endloop
  endfacet
  facet normal 0 0 1
    outer loop
      vertex 81.5 30.9 2
      vertex 81.7965 31.2864 2
      vertex 81.7469 31.2696 2
    endloop
  endfacet
  facet normal 0 0 1
    outer loop
      vertex 81.9 3.6 2
      vertex 81.5 4 2
      vertex 81.8478 3.60342 2
    endloop
  endfacet
  facet normal 0 0 1
    outer loop
      vertex 81.5 30.9 2
      vertex 81.7469 31.2696 2
      vertex 81.7 31.2464 2
    endloop
  endfacet
  facet normal 0 0 1
    outer loop
      vertex 81.8478 3.60342 2
      vertex 81.5 4 2
      vertex 81.7965 3.61363 2
    endloop
  endfacet
  facet normal 0 0 1
    outer loop
      vertex 81.5 30.9 2
      vertex 81.7 31.2464 2
      vertex 81.6565 31.2173 2
    endloop
  endfacet
  facet normal 0 0 1
    outer loop
      vertex 81.7965 3.61363 2
      vertex 81.5 4 2
      vertex 81.7469 3.63045 2
    endloop
  endfacet
  facet normal 0 0 1
    outer loop
      vertex 81.5 30.9 2
      vertex 81.6565 31.2173 2
      vertex 81.6172 31.1828 2
    endloop
  endfacet
  facet normal 0 0 1
    outer loop
      vertex 81.7469 3.63045 2
      vertex 81.5 4 2
      vertex 81.7 3.65359 2
    endloop
  endfacet
  facet normal 0 0 1
    outer loop
      vertex 81.5 30.9 2
      vertex 81.6172 31.1828 2
      vertex 81.5827 31.1435 2
    endloop
  endfacet
  facet normal 0 0 1
    outer loop
      vertex 81.7 3.65359 2
      vertex 81.5 4 2
      vertex 81.6565 3.68266 2
    endloop
  endfacet
  facet normal 0 0 1
    outer loop
      vertex 81.5 30.9 2
      vertex 81.5827 31.1435 2
      vertex 81.5536 31.1 2
    endloop
  endfacet
  facet normal 0 0 1
    outer loop
      vertex 81.6565 3.68266 2
      vertex 81.5 4 2
      vertex 81.6172 3.71716 2
    endloop
  endfacet
  facet normal 0 0 1
    outer loop
      vertex 81.5 30.9 2
      vertex 81.5536 31.1 2
      vertex 81.5304 31.0531 2
    endloop
  endfacet
  facet normal 0 0 1
    outer loop
      vertex 81.6172 3.71716 2
      vertex 81.5 4 2
      vertex 81.5827 3.7565 2
    endloop
  endfacet
  facet normal 0 0 1
    outer loop
      vertex 81.5 30.9 2
      vertex 81.5304 31.0531 2
      vertex 81.5136 31.0035 2
    endloop
  endfacet
  facet normal 0 0 1
    outer loop
      vertex 81.5827 3.7565 2
      vertex 81.5 4 2
      vertex 81.5536 3.8 2
    endloop
  endfacet
  facet normal 0 0 1
    outer loop
      vertex 81.5 30.9 2
      vertex 81.5136 31.0035 2
      vertex 81.5034 30.9522 2
    endloop
  endfacet
  facet normal 0 0 1
    outer loop
      vertex 81.5536 3.8 2
      vertex 81.5 4 2
      vertex 81.5304 3.84693 2
    endloop
  endfacet
  facet normal 0 0 1
    outer loop
      vertex 81.5304 3.84693 2
      vertex 81.5 4 2
      vertex 81.5136 3.89647 2
    endloop
  endfacet
  facet normal 0 0 1
    outer loop
      vertex 81.5136 3.89647 2
      vertex 81.5 4 2
      vertex 81.5034 3.94779 2
    endloop
  endfacet
  facet normal -0 0 1
    outer loop
      vertex 85.2396 28.2951 2
      vertex 96.25 25.05 2
      vertex 85.3006 28.4747 2
    endloop
  endfacet
  facet normal -0 0 1
    outer loop
      vertex 85.1557 28.125 2
      vertex 96.25 25.05 2
      vertex 85.2396 28.2951 2
    endloop
  endfacet
  facet normal 0 0 1
    outer loop
      vertex 86.6 8.91 2
      vertex 85.2896 6.55489 2
      vertex 85.3506 6.37529 2
    endloop
  endfacet
  facet normal -0 0 1
    outer loop
      vertex 85.0504 27.9673 2
      vertex 96.25 25.05 2
      vertex 85.1557 28.125 2
    endloop
  endfacet
  facet normal 0 0 1
    outer loop
      vertex 86.6 8.91 2
      vertex 85.2057 6.725 2
      vertex 85.2896 6.55489 2
    endloop
  endfacet
  facet normal 0 0 1
    outer loop
      vertex 96.25 23.45 2
      vertex 85.0504 27.9673 2
      vertex 84.9253 27.8247 2
    endloop
  endfacet
  facet normal 0 0 1
    outer loop
      vertex 86.6 8.91 2
      vertex 85.1004 6.8827 2
      vertex 85.2057 6.725 2
    endloop
  endfacet
  facet normal -0 0 1
    outer loop
      vertex 84.625 27.5943 2
      vertex 96.25 21.85 2
      vertex 84.7827 27.6996 2
    endloop
  endfacet
  facet normal 0 0 1
    outer loop
      vertex 86.6 8.91 2
      vertex 84.9753 7.02531 2
      vertex 85.1004 6.8827 2
    endloop
  endfacet
  facet normal 0 0 1
    outer loop
      vertex 96.25 20.25 2
      vertex 84.4549 27.5104 2
      vertex 96.25 18.65 2
    endloop
  endfacet
  facet normal 0 0 1
    outer loop
      vertex 86.6 8.91 2
      vertex 84.8327 7.15036 2
      vertex 84.9753 7.02531 2
    endloop
  endfacet
  facet normal 0 0 1
    outer loop
      vertex 96.25 18.65 2
      vertex 86.6 8.91 2
      vertex 96.25 17.05 2
    endloop
  endfacet
  facet normal 0 0 1
    outer loop
      vertex 86.6 8.91 2
      vertex 84.675 7.25574 2
      vertex 84.8327 7.15036 2
    endloop
  endfacet
  facet normal 0 0 1
    outer loop
      vertex 96.25 15.45 2
      vertex 86.6 8.91 2
      vertex 96.25 13.85 2
    endloop
  endfacet
  facet normal 0 0 1
    outer loop
      vertex 86.6 8.91 2
      vertex 84.5049 7.33963 2
      vertex 84.675 7.25574 2
    endloop
  endfacet
  facet normal 0 0 1
    outer loop
      vertex 96.25 17.05 2
      vertex 86.6 8.91 2
      vertex 96.25 15.45 2
    endloop
  endfacet
  facet normal 0 0 1
    outer loop
      vertex 86.6 8.91 2
      vertex 84.3253 7.40059 2
      vertex 84.5049 7.33963 2
    endloop
  endfacet
  facet normal -0 0 1
    outer loop
      vertex 84.0893 27.4124 2
      vertex 86.6 8.91 2
      vertex 84.2753 27.4494 2
    endloop
  endfacet
  facet normal 0 0 1
    outer loop
      vertex 86.6 8.91 2
      vertex 84.1393 7.4376 2
      vertex 84.3253 7.40059 2
    endloop
  endfacet
  facet normal -0 0 1
    outer loop
      vertex 83.9 27.4 2
      vertex 86.6 8.91 2
      vertex 84.0893 27.4124 2
    endloop
  endfacet
  facet normal 0 0 1
    outer loop
      vertex 86.6 8.91 2
      vertex 83.95 7.45 2
      vertex 84.1393 7.4376 2
    endloop
  endfacet
  facet normal 0 0 1
    outer loop
      vertex 83.7107 27.4124 2
      vertex 86.6 8.91 2
      vertex 83.9 27.4 2
    endloop
  endfacet
  facet normal 0 0 1
    outer loop
      vertex 86.6 8.91 2
      vertex 83.7607 7.4376 2
      vertex 83.95 7.45 2
    endloop
  endfacet
  facet normal 0 0 1
    outer loop
      vertex 83.5247 27.4494 2
      vertex 86.6 8.91 2
      vertex 83.7107 27.4124 2
    endloop
  endfacet
  facet normal 0 0 1
    outer loop
      vertex 86.6 8.91 2
      vertex 83.5747 7.40059 2
      vertex 83.7607 7.4376 2
    endloop
  endfacet
  facet normal 0 0 1
    outer loop
      vertex 86.6 8.91 2
      vertex 83.5247 27.4494 2
      vertex 83.5747 7.40059 2
    endloop
  endfacet
  facet normal 0 0 1
    outer loop
      vertex 83.5247 27.4494 2
      vertex 83.3951 7.33963 2
      vertex 83.5747 7.40059 2
    endloop
  endfacet
  facet normal 0 0 1
    outer loop
      vertex 83.3451 27.5104 2
      vertex 83.3951 7.33963 2
      vertex 83.5247 27.4494 2
    endloop
  endfacet
  facet normal 0 0 1
    outer loop
      vertex 83.3451 27.5104 2
      vertex 83.225 7.25574 2
      vertex 83.3951 7.33963 2
    endloop
  endfacet
  facet normal 0 0 1
    outer loop
      vertex 83.175 27.5943 2
      vertex 83.225 7.25574 2
      vertex 83.3451 27.5104 2
    endloop
  endfacet
  facet normal 0 0 1
    outer loop
      vertex 83.175 27.5943 2
      vertex 83.0673 7.15036 2
      vertex 83.225 7.25574 2
    endloop
  endfacet
  facet normal 0 0 1
    outer loop
      vertex 83.0173 27.6996 2
      vertex 83.0673 7.15036 2
      vertex 83.175 27.5943 2
    endloop
  endfacet
  facet normal 0 0 1
    outer loop
      vertex 83.0173 27.6996 2
      vertex 82.9247 7.02531 2
      vertex 83.0673 7.15036 2
    endloop
  endfacet
  facet normal 0 0 1
    outer loop
      vertex 82.8747 27.8247 2
      vertex 82.9247 7.02531 2
      vertex 83.0173 27.6996 2
    endloop
  endfacet
  facet normal 0 0 1
    outer loop
      vertex 82.8747 27.8247 2
      vertex 82.7996 6.8827 2
      vertex 82.9247 7.02531 2
    endloop
  endfacet
  facet normal 0 0 1
    outer loop
      vertex 82.7496 27.9673 2
      vertex 82.7996 6.8827 2
      vertex 82.8747 27.8247 2
    endloop
  endfacet
  facet normal 0 0 1
    outer loop
      vertex 82.7496 27.9673 2
      vertex 82.6943 6.725 2
      vertex 82.7996 6.8827 2
    endloop
  endfacet
  facet normal 0 0 1
    outer loop
      vertex 82.6443 28.125 2
      vertex 82.6943 6.725 2
      vertex 82.7496 27.9673 2
    endloop
  endfacet
  facet normal 0 0 1
    outer loop
      vertex 82.6443 28.125 2
      vertex 82.6104 6.55489 2
      vertex 82.6943 6.725 2
    endloop
  endfacet
  facet normal 0 0 1
    outer loop
      vertex 82.5604 28.2951 2
      vertex 82.6104 6.55489 2
      vertex 82.6443 28.125 2
    endloop
  endfacet
  facet normal 0 0 1
    outer loop
      vertex 81.5 4 2
      vertex 82.6104 6.55489 2
      vertex 82.5604 28.2951 2
    endloop
  endfacet
  facet normal 0 0 1
    outer loop
      vertex 81.5 4 2
      vertex 82.5604 28.2951 2
      vertex 82.4994 28.4747 2
    endloop
  endfacet
  facet normal 0 0 1
    outer loop
      vertex 82.6104 6.55489 2
      vertex 81.5 4 2
      vertex 82.5494 6.37529 2
    endloop
  endfacet
  facet normal 0 0 1
    outer loop
      vertex 81.5 4 2
      vertex 82.4994 28.4747 2
      vertex 82.4624 28.6607 2
    endloop
  endfacet
  facet normal -1 0 0
    outer loop
      vertex 118.45 23.45 7.62939e-07
      vertex 118.45 25.05 2
      vertex 118.45 25.05 7.62939e-07
    endloop
  endfacet
  facet normal -1 -0 0
    outer loop
      vertex 118.45 25.05 2
      vertex 118.45 23.45 7.62939e-07
      vertex 118.45 23.45 2
    endloop
  endfacet
  facet normal 1 -0 0
    outer loop
      vertex 96.25 23.45 2
      vertex 96.25 25.05 7.62939e-07
      vertex 96.25 25.05 2
    endloop
  endfacet
  facet normal 1 0 0
    outer loop
      vertex 96.25 25.05 7.62939e-07
      vertex 96.25 23.45 2
      vertex 96.25 23.45 7.62939e-07
    endloop
  endfacet
  facet normal 0 1 -0
    outer loop
      vertex 118.45 23.45 7.62939e-07
      vertex 96.25 23.45 2
      vertex 118.45 23.45 2
    endloop
  endfacet
  facet normal 0 1 0
    outer loop
      vertex 96.25 23.45 2
      vertex 118.45 23.45 7.62939e-07
      vertex 96.25 23.45 7.62939e-07
    endloop
  endfacet
  facet normal 0 -1 0
    outer loop
      vertex 96.25 25.05 7.62939e-07
      vertex 118.45 25.05 2
      vertex 96.25 25.05 2
    endloop
  endfacet
  facet normal 0 -1 -0
    outer loop
      vertex 118.45 25.05 2
      vertex 96.25 25.05 7.62939e-07
      vertex 118.45 25.05 7.62939e-07
    endloop
  endfacet
  facet normal -1 0 0
    outer loop
      vertex 118.45 20.25 7.62939e-07
      vertex 118.45 21.85 2
      vertex 118.45 21.85 7.62939e-07
    endloop
  endfacet
  facet normal -1 -0 0
    outer loop
      vertex 118.45 21.85 2
      vertex 118.45 20.25 7.62939e-07
      vertex 118.45 20.25 2
    endloop
  endfacet
  facet normal 1 -0 0
    outer loop
      vertex 96.25 20.25 2
      vertex 96.25 21.85 7.62939e-07
      vertex 96.25 21.85 2
    endloop
  endfacet
  facet normal 1 0 0
    outer loop
      vertex 96.25 21.85 7.62939e-07
      vertex 96.25 20.25 2
      vertex 96.25 20.25 7.62939e-07
    endloop
  endfacet
  facet normal 0 1 -0
    outer loop
      vertex 118.45 20.25 7.62939e-07
      vertex 96.25 20.25 2
      vertex 118.45 20.25 2
    endloop
  endfacet
  facet normal 0 1 0
    outer loop
      vertex 96.25 20.25 2
      vertex 118.45 20.25 7.62939e-07
      vertex 96.25 20.25 7.62939e-07
    endloop
  endfacet
  facet normal 0 -1 0
    outer loop
      vertex 96.25 21.85 7.62939e-07
      vertex 118.45 21.85 2
      vertex 96.25 21.85 2
    endloop
  endfacet
  facet normal 0 -1 -0
    outer loop
      vertex 118.45 21.85 2
      vertex 96.25 21.85 7.62939e-07
      vertex 118.45 21.85 7.62939e-07
    endloop
  endfacet
  facet normal -1 0 0
    outer loop
      vertex 118.45 17.05 7.62939e-07
      vertex 118.45 18.65 2
      vertex 118.45 18.65 7.62939e-07
    endloop
  endfacet
  facet normal -1 -0 0
    outer loop
      vertex 118.45 18.65 2
      vertex 118.45 17.05 7.62939e-07
      vertex 118.45 17.05 2
    endloop
  endfacet
  facet normal 1 -0 0
    outer loop
      vertex 96.25 17.05 2
      vertex 96.25 18.65 7.62939e-07
      vertex 96.25 18.65 2
    endloop
  endfacet
  facet normal 1 0 0
    outer loop
      vertex 96.25 18.65 7.62939e-07
      vertex 96.25 17.05 2
      vertex 96.25 17.05 7.62939e-07
    endloop
  endfacet
  facet normal 0 1 -0
    outer loop
      vertex 118.45 17.05 7.62939e-07
      vertex 96.25 17.05 2
      vertex 118.45 17.05 2
    endloop
  endfacet
  facet normal 0 1 0
    outer loop
      vertex 96.25 17.05 2
      vertex 118.45 17.05 7.62939e-07
      vertex 96.25 17.05 7.62939e-07
    endloop
  endfacet
  facet normal 0 -1 0
    outer loop
      vertex 96.25 18.65 7.62939e-07
      vertex 118.45 18.65 2
      vertex 96.25 18.65 2
    endloop
  endfacet
  facet normal 0 -1 -0
    outer loop
      vertex 118.45 18.65 2
      vertex 96.25 18.65 7.62939e-07
      vertex 118.45 18.65 7.62939e-07
    endloop
  endfacet
  facet normal -1 0 0
    outer loop
      vertex 118.45 13.85 7.62939e-07
      vertex 118.45 15.45 2
      vertex 118.45 15.45 7.62939e-07
    endloop
  endfacet
  facet normal -1 -0 0
    outer loop
      vertex 118.45 15.45 2
      vertex 118.45 13.85 7.62939e-07
      vertex 118.45 13.85 2
    endloop
  endfacet
  facet normal 1 -0 0
    outer loop
      vertex 96.25 13.85 2
      vertex 96.25 15.45 7.62939e-07
      vertex 96.25 15.45 2
    endloop
  endfacet
  facet normal 1 0 0
    outer loop
      vertex 96.25 15.45 7.62939e-07
      vertex 96.25 13.85 2
      vertex 96.25 13.85 7.62939e-07
    endloop
  endfacet
  facet normal 0 1 -0
    outer loop
      vertex 118.45 13.85 7.62939e-07
      vertex 96.25 13.85 2
      vertex 118.45 13.85 2
    endloop
  endfacet
  facet normal 0 1 0
    outer loop
      vertex 96.25 13.85 2
      vertex 118.45 13.85 7.62939e-07
      vertex 96.25 13.85 7.62939e-07
    endloop
  endfacet
  facet normal 0 -1 0
    outer loop
      vertex 96.25 15.45 7.62939e-07
      vertex 118.45 15.45 2
      vertex 96.25 15.45 2
    endloop
  endfacet
  facet normal 0 -1 -0
    outer loop
      vertex 118.45 15.45 2
      vertex 96.25 15.45 7.62939e-07
      vertex 118.45 15.45 7.62939e-07
    endloop
  endfacet
  facet normal -0.3216 0.946876 0
    outer loop
      vertex 84.4549 27.5104 1.15
      vertex 84.2753 27.4494 2
      vertex 84.4549 27.5104 2
    endloop
  endfacet
  facet normal -0.3216 0.946876 0
    outer loop
      vertex 84.2753 27.4494 2
      vertex 84.4549 27.5104 1.15
      vertex 84.2753 27.4494 1.15
    endloop
  endfacet
  facet normal -0.980783 0.195102 0
    outer loop
      vertex 85.3006 28.4747 1.15
      vertex 85.3376 28.6607 2
      vertex 85.3376 28.6607 1.15
    endloop
  endfacet
  facet normal -0.980783 0.195102 0
    outer loop
      vertex 85.3376 28.6607 2
      vertex 85.3006 28.4747 1.15
      vertex 85.3006 28.4747 2
    endloop
  endfacet
  facet normal -0.997861 0.0653644 0
    outer loop
      vertex 85.3376 28.6607 1.15
      vertex 85.35 28.85 2
      vertex 85.35 28.85 1.15
    endloop
  endfacet
  facet normal -0.997861 0.0653644 0
    outer loop
      vertex 85.35 28.85 2
      vertex 85.3376 28.6607 1.15
      vertex 85.3376 28.6607 2
    endloop
  endfacet
  facet normal -0.555309 -0.831644 0
    outer loop
      vertex 84.625 30.1057 1.15
      vertex 84.7827 30.0004 2
      vertex 84.625 30.1057 2
    endloop
  endfacet
  facet normal -0.555309 -0.831644 -0
    outer loop
      vertex 84.7827 30.0004 2
      vertex 84.625 30.1057 1.15
      vertex 84.7827 30.0004 1.15
    endloop
  endfacet
  facet normal -0.0653644 0.997861 0
    outer loop
      vertex 84.0893 27.4124 1.15
      vertex 83.9 27.4 2
      vertex 84.0893 27.4124 2
    endloop
  endfacet
  facet normal -0.0653644 0.997861 0
    outer loop
      vertex 83.9 27.4 2
      vertex 84.0893 27.4124 1.15
      vertex 83.9 27.4 1.15
    endloop
  endfacet
  facet normal -0.831644 0.555309 0
    outer loop
      vertex 85.0504 27.9673 1.15
      vertex 85.1557 28.125 2
      vertex 85.1557 28.125 1.15
    endloop
  endfacet
  facet normal -0.831644 0.555309 0
    outer loop
      vertex 85.1557 28.125 2
      vertex 85.0504 27.9673 1.15
      vertex 85.0504 27.9673 2
    endloop
  endfacet
  facet normal 0.751727 0.659474 0
    outer loop
      vertex 82.8747 27.8247 2
      vertex 82.7496 27.9673 1.15
      vertex 82.7496 27.9673 2
    endloop
  endfacet
  facet normal 0.751727 0.659474 0
    outer loop
      vertex 82.7496 27.9673 1.15
      vertex 82.8747 27.8247 2
      vertex 82.8747 27.8247 1.15
    endloop
  endfacet
  facet normal 0.946876 0.3216 0
    outer loop
      vertex 82.5604 28.2951 2
      vertex 82.4994 28.4747 1.15
      vertex 82.4994 28.4747 2
    endloop
  endfacet
  facet normal 0.946876 0.3216 0
    outer loop
      vertex 82.4994 28.4747 1.15
      vertex 82.5604 28.2951 2
      vertex 82.5604 28.2951 1.15
    endloop
  endfacet
  facet normal 0.997861 -0.0653644 0
    outer loop
      vertex 82.45 28.85 2
      vertex 82.4624 29.0393 1.15
      vertex 82.4624 29.0393 2
    endloop
  endfacet
  facet normal 0.997861 -0.0653644 0
    outer loop
      vertex 82.4624 29.0393 1.15
      vertex 82.45 28.85 2
      vertex 82.45 28.85 1.15
    endloop
  endfacet
  facet normal 0.831644 0.555309 0
    outer loop
      vertex 82.7496 27.9673 2
      vertex 82.6443 28.125 1.15
      vertex 82.6443 28.125 2
    endloop
  endfacet
  facet normal 0.831644 0.555309 0
    outer loop
      vertex 82.6443 28.125 1.15
      vertex 82.7496 27.9673 2
      vertex 82.7496 27.9673 1.15
    endloop
  endfacet
  facet normal 0.3216 0.946876 -0
    outer loop
      vertex 83.5247 27.4494 1.15
      vertex 83.3451 27.5104 2
      vertex 83.5247 27.4494 2
    endloop
  endfacet
  facet normal 0.3216 0.946876 0
    outer loop
      vertex 83.3451 27.5104 2
      vertex 83.5247 27.4494 1.15
      vertex 83.3451 27.5104 1.15
    endloop
  endfacet
  facet normal 0.659474 0.751727 -0
    outer loop
      vertex 83.0173 27.6996 1.15
      vertex 82.8747 27.8247 2
      vertex 83.0173 27.6996 2
    endloop
  endfacet
  facet normal 0.659474 0.751727 0
    outer loop
      vertex 82.8747 27.8247 2
      vertex 83.0173 27.6996 1.15
      vertex 82.8747 27.8247 1.15
    endloop
  endfacet
  facet normal -0.3216 -0.946876 0
    outer loop
      vertex 84.2753 30.2506 1.15
      vertex 84.4549 30.1896 2
      vertex 84.2753 30.2506 2
    endloop
  endfacet
  facet normal -0.3216 -0.946876 -0
    outer loop
      vertex 84.4549 30.1896 2
      vertex 84.2753 30.2506 1.15
      vertex 84.4549 30.1896 1.15
    endloop
  endfacet
  facet normal 0.946876 -0.3216 0
    outer loop
      vertex 82.4994 29.2253 2
      vertex 82.5604 29.4049 1.15
      vertex 82.5604 29.4049 2
    endloop
  endfacet
  facet normal 0.946876 -0.3216 0
    outer loop
      vertex 82.5604 29.4049 1.15
      vertex 82.4994 29.2253 2
      vertex 82.4994 29.2253 1.15
    endloop
  endfacet
  facet normal -0.751727 0.659474 0
    outer loop
      vertex 84.9253 27.8247 1.15
      vertex 85.0504 27.9673 2
      vertex 85.0504 27.9673 1.15
    endloop
  endfacet
  facet normal -0.751727 0.659474 0
    outer loop
      vertex 85.0504 27.9673 2
      vertex 84.9253 27.8247 1.15
      vertex 84.9253 27.8247 2
    endloop
  endfacet
  facet normal 0.980783 -0.195102 0
    outer loop
      vertex 82.4624 29.0393 2
      vertex 82.4994 29.2253 1.15
      vertex 82.4994 29.2253 2
    endloop
  endfacet
  facet normal 0.980783 -0.195102 0
    outer loop
      vertex 82.4994 29.2253 1.15
      vertex 82.4624 29.0393 2
      vertex 82.4624 29.0393 1.15
    endloop
  endfacet
  facet normal -0.946876 -0.3216 0
    outer loop
      vertex 85.3006 29.2253 1.15
      vertex 85.2396 29.4049 2
      vertex 85.2396 29.4049 1.15
    endloop
  endfacet
  facet normal -0.946876 -0.3216 0
    outer loop
      vertex 85.2396 29.4049 2
      vertex 85.3006 29.2253 1.15
      vertex 85.3006 29.2253 2
    endloop
  endfacet
  facet normal 0.831644 -0.555309 0
    outer loop
      vertex 82.6443 29.575 2
      vertex 82.7496 29.7327 1.15
      vertex 82.7496 29.7327 2
    endloop
  endfacet
  facet normal 0.831644 -0.555309 0
    outer loop
      vertex 82.7496 29.7327 1.15
      vertex 82.6443 29.575 2
      vertex 82.6443 29.575 1.15
    endloop
  endfacet
  facet normal -0.0653644 -0.997861 0
    outer loop
      vertex 83.9 30.3 1.15
      vertex 84.0893 30.2876 2
      vertex 83.9 30.3 2
    endloop
  endfacet
  facet normal -0.0653644 -0.997861 -0
    outer loop
      vertex 84.0893 30.2876 2
      vertex 83.9 30.3 1.15
      vertex 84.0893 30.2876 1.15
    endloop
  endfacet
  facet normal -0.831644 -0.555309 0
    outer loop
      vertex 85.1557 29.575 1.15
      vertex 85.0504 29.7327 2
      vertex 85.0504 29.7327 1.15
    endloop
  endfacet
  facet normal -0.831644 -0.555309 0
    outer loop
      vertex 85.0504 29.7327 2
      vertex 85.1557 29.575 1.15
      vertex 85.1557 29.575 2
    endloop
  endfacet
  facet normal -0.659474 0.751727 0
    outer loop
      vertex 84.9253 27.8247 1.15
      vertex 84.7827 27.6996 2
      vertex 84.9253 27.8247 2
    endloop
  endfacet
  facet normal -0.659474 0.751727 0
    outer loop
      vertex 84.7827 27.6996 2
      vertex 84.9253 27.8247 1.15
      vertex 84.7827 27.6996 1.15
    endloop
  endfacet
  facet normal -0.659474 -0.751727 0
    outer loop
      vertex 84.7827 30.0004 1.15
      vertex 84.9253 29.8753 2
      vertex 84.7827 30.0004 2
    endloop
  endfacet
  facet normal -0.659474 -0.751727 -0
    outer loop
      vertex 84.9253 29.8753 2
      vertex 84.7827 30.0004 1.15
      vertex 84.9253 29.8753 1.15
    endloop
  endfacet
  facet normal -0.195102 0.980783 0
    outer loop
      vertex 84.2753 27.4494 1.15
      vertex 84.0893 27.4124 2
      vertex 84.2753 27.4494 2
    endloop
  endfacet
  facet normal -0.195102 0.980783 0
    outer loop
      vertex 84.0893 27.4124 2
      vertex 84.2753 27.4494 1.15
      vertex 84.0893 27.4124 1.15
    endloop
  endfacet
  facet normal -0.442356 0.896839 0
    outer loop
      vertex 84.625 27.5943 1.15
      vertex 84.4549 27.5104 2
      vertex 84.625 27.5943 2
    endloop
  endfacet
  facet normal -0.442356 0.896839 0
    outer loop
      vertex 84.4549 27.5104 2
      vertex 84.625 27.5943 1.15
      vertex 84.4549 27.5104 1.15
    endloop
  endfacet
  facet normal -0.195102 -0.980783 0
    outer loop
      vertex 84.0893 30.2876 1.15
      vertex 84.2753 30.2506 2
      vertex 84.0893 30.2876 2
    endloop
  endfacet
  facet normal -0.195102 -0.980783 -0
    outer loop
      vertex 84.2753 30.2506 2
      vertex 84.0893 30.2876 1.15
      vertex 84.2753 30.2506 1.15
    endloop
  endfacet
  facet normal 0.442356 0.896839 -0
    outer loop
      vertex 83.3451 27.5104 1.15
      vertex 83.175 27.5943 2
      vertex 83.3451 27.5104 2
    endloop
  endfacet
  facet normal 0.442356 0.896839 0
    outer loop
      vertex 83.175 27.5943 2
      vertex 83.3451 27.5104 1.15
      vertex 83.175 27.5943 1.15
    endloop
  endfacet
  facet normal 0.980783 0.195102 0
    outer loop
      vertex 82.4994 28.4747 2
      vertex 82.4624 28.6607 1.15
      vertex 82.4624 28.6607 2
    endloop
  endfacet
  facet normal 0.980783 0.195102 0
    outer loop
      vertex 82.4624 28.6607 1.15
      vertex 82.4994 28.4747 2
      vertex 82.4994 28.4747 1.15
    endloop
  endfacet
  facet normal -0.980783 -0.195102 0
    outer loop
      vertex 85.3376 29.0393 1.15
      vertex 85.3006 29.2253 2
      vertex 85.3006 29.2253 1.15
    endloop
  endfacet
  facet normal -0.980783 -0.195102 0
    outer loop
      vertex 85.3006 29.2253 2
      vertex 85.3376 29.0393 1.15
      vertex 85.3376 29.0393 2
    endloop
  endfacet
  facet normal -0.896839 -0.442356 0
    outer loop
      vertex 85.2396 29.4049 1.15
      vertex 85.1557 29.575 2
      vertex 85.1557 29.575 1.15
    endloop
  endfacet
  facet normal -0.896839 -0.442356 0
    outer loop
      vertex 85.1557 29.575 2
      vertex 85.2396 29.4049 1.15
      vertex 85.2396 29.4049 2
    endloop
  endfacet
  facet normal -0.555309 0.831644 0
    outer loop
      vertex 84.7827 27.6996 1.15
      vertex 84.625 27.5943 2
      vertex 84.7827 27.6996 2
    endloop
  endfacet
  facet normal -0.555309 0.831644 0
    outer loop
      vertex 84.625 27.5943 2
      vertex 84.7827 27.6996 1.15
      vertex 84.625 27.5943 1.15
    endloop
  endfacet
  facet normal -0.442356 -0.896839 0
    outer loop
      vertex 84.4549 30.1896 1.15
      vertex 84.625 30.1057 2
      vertex 84.4549 30.1896 2
    endloop
  endfacet
  facet normal -0.442356 -0.896839 -0
    outer loop
      vertex 84.625 30.1057 2
      vertex 84.4549 30.1896 1.15
      vertex 84.625 30.1057 1.15
    endloop
  endfacet
  facet normal 0.442356 -0.896839 0
    outer loop
      vertex 83.175 30.1057 1.15
      vertex 83.3451 30.1896 2
      vertex 83.175 30.1057 2
    endloop
  endfacet
  facet normal 0.442356 -0.896839 0
    outer loop
      vertex 83.3451 30.1896 2
      vertex 83.175 30.1057 1.15
      vertex 83.3451 30.1896 1.15
    endloop
  endfacet
  facet normal 0.896839 -0.442356 0
    outer loop
      vertex 82.5604 29.4049 2
      vertex 82.6443 29.575 1.15
      vertex 82.6443 29.575 2
    endloop
  endfacet
  facet normal 0.896839 -0.442356 0
    outer loop
      vertex 82.6443 29.575 1.15
      vertex 82.5604 29.4049 2
      vertex 82.5604 29.4049 1.15
    endloop
  endfacet
  facet normal 0.997861 0.0653644 0
    outer loop
      vertex 82.4624 28.6607 2
      vertex 82.45 28.85 1.15
      vertex 82.45 28.85 2
    endloop
  endfacet
  facet normal 0.997861 0.0653644 0
    outer loop
      vertex 82.45 28.85 1.15
      vertex 82.4624 28.6607 2
      vertex 82.4624 28.6607 1.15
    endloop
  endfacet
  facet normal 0.195102 -0.980783 0
    outer loop
      vertex 83.5247 30.2506 1.15
      vertex 83.7107 30.2876 2
      vertex 83.5247 30.2506 2
    endloop
  endfacet
  facet normal 0.195102 -0.980783 0
    outer loop
      vertex 83.7107 30.2876 2
      vertex 83.5247 30.2506 1.15
      vertex 83.7107 30.2876 1.15
    endloop
  endfacet
  facet normal 0.659474 -0.751727 0
    outer loop
      vertex 82.8747 29.8753 1.15
      vertex 83.0173 30.0004 2
      vertex 82.8747 29.8753 2
    endloop
  endfacet
  facet normal 0.659474 -0.751727 0
    outer loop
      vertex 83.0173 30.0004 2
      vertex 82.8747 29.8753 1.15
      vertex 83.0173 30.0004 1.15
    endloop
  endfacet
  facet normal 0.3216 -0.946876 0
    outer loop
      vertex 83.3451 30.1896 1.15
      vertex 83.5247 30.2506 2
      vertex 83.3451 30.1896 2
    endloop
  endfacet
  facet normal 0.3216 -0.946876 0
    outer loop
      vertex 83.5247 30.2506 2
      vertex 83.3451 30.1896 1.15
      vertex 83.5247 30.2506 1.15
    endloop
  endfacet
  facet normal -0.997861 -0.0653644 0
    outer loop
      vertex 85.35 28.85 1.15
      vertex 85.3376 29.0393 2
      vertex 85.3376 29.0393 1.15
    endloop
  endfacet
  facet normal -0.997861 -0.0653644 0
    outer loop
      vertex 85.3376 29.0393 2
      vertex 85.35 28.85 1.15
      vertex 85.35 28.85 2
    endloop
  endfacet
  facet normal -0.896839 0.442356 0
    outer loop
      vertex 85.1557 28.125 1.15
      vertex 85.2396 28.2951 2
      vertex 85.2396 28.2951 1.15
    endloop
  endfacet
  facet normal -0.896839 0.442356 0
    outer loop
      vertex 85.2396 28.2951 2
      vertex 85.1557 28.125 1.15
      vertex 85.1557 28.125 2
    endloop
  endfacet
  facet normal -0.751727 -0.659474 0
    outer loop
      vertex 85.0504 29.7327 1.15
      vertex 84.9253 29.8753 2
      vertex 84.9253 29.8753 1.15
    endloop
  endfacet
  facet normal -0.751727 -0.659474 0
    outer loop
      vertex 84.9253 29.8753 2
      vertex 85.0504 29.7327 1.15
      vertex 85.0504 29.7327 2
    endloop
  endfacet
  facet normal -0.946876 0.3216 0
    outer loop
      vertex 85.2396 28.2951 1.15
      vertex 85.3006 28.4747 2
      vertex 85.3006 28.4747 1.15
    endloop
  endfacet
  facet normal -0.946876 0.3216 0
    outer loop
      vertex 85.3006 28.4747 2
      vertex 85.2396 28.2951 1.15
      vertex 85.2396 28.2951 2
    endloop
  endfacet
  facet normal 0.0653644 0.997861 -0
    outer loop
      vertex 83.9 27.4 1.15
      vertex 83.7107 27.4124 2
      vertex 83.9 27.4 2
    endloop
  endfacet
  facet normal 0.0653644 0.997861 0
    outer loop
      vertex 83.7107 27.4124 2
      vertex 83.9 27.4 1.15
      vertex 83.7107 27.4124 1.15
    endloop
  endfacet
  facet normal 0.195102 0.980783 -0
    outer loop
      vertex 83.7107 27.4124 1.15
      vertex 83.5247 27.4494 2
      vertex 83.7107 27.4124 2
    endloop
  endfacet
  facet normal 0.195102 0.980783 0
    outer loop
      vertex 83.5247 27.4494 2
      vertex 83.7107 27.4124 1.15
      vertex 83.5247 27.4494 1.15
    endloop
  endfacet
  facet normal 0.0653644 -0.997861 0
    outer loop
      vertex 83.7107 30.2876 1.15
      vertex 83.9 30.3 2
      vertex 83.7107 30.2876 2
    endloop
  endfacet
  facet normal 0.0653644 -0.997861 0
    outer loop
      vertex 83.9 30.3 2
      vertex 83.7107 30.2876 1.15
      vertex 83.9 30.3 1.15
    endloop
  endfacet
  facet normal 0.555309 0.831644 -0
    outer loop
      vertex 83.175 27.5943 1.15
      vertex 83.0173 27.6996 2
      vertex 83.175 27.5943 2
    endloop
  endfacet
  facet normal 0.555309 0.831644 0
    outer loop
      vertex 83.0173 27.6996 2
      vertex 83.175 27.5943 1.15
      vertex 83.0173 27.6996 1.15
    endloop
  endfacet
  facet normal 0.751727 -0.659474 0
    outer loop
      vertex 82.7496 29.7327 2
      vertex 82.8747 29.8753 1.15
      vertex 82.8747 29.8753 2
    endloop
  endfacet
  facet normal 0.751727 -0.659474 0
    outer loop
      vertex 82.8747 29.8753 1.15
      vertex 82.7496 29.7327 2
      vertex 82.7496 29.7327 1.15
    endloop
  endfacet
  facet normal 0.896839 0.442356 0
    outer loop
      vertex 82.6443 28.125 2
      vertex 82.5604 28.2951 1.15
      vertex 82.5604 28.2951 2
    endloop
  endfacet
  facet normal 0.896839 0.442356 0
    outer loop
      vertex 82.5604 28.2951 1.15
      vertex 82.6443 28.125 2
      vertex 82.6443 28.125 1.15
    endloop
  endfacet
  facet normal 0.555309 -0.831644 0
    outer loop
      vertex 83.0173 30.0004 1.15
      vertex 83.175 30.1057 2
      vertex 83.0173 30.0004 2
    endloop
  endfacet
  facet normal 0.555309 -0.831644 0
    outer loop
      vertex 83.175 30.1057 2
      vertex 83.0173 30.0004 1.15
      vertex 83.175 30.1057 1.15
    endloop
  endfacet
  facet normal -0.980789 0.195072 0
    outer loop
      vertex 85.3506 5.62471 1.15
      vertex 85.3876 5.81074 2
      vertex 85.3876 5.81074 1.15
    endloop
  endfacet
  facet normal -0.980789 0.195072 0
    outer loop
      vertex 85.3876 5.81074 2
      vertex 85.3506 5.62471 1.15
      vertex 85.3506 5.62471 2
    endloop
  endfacet
  facet normal -0.997861 0.0653782 0
    outer loop
      vertex 85.3876 5.81074 1.15
      vertex 85.4 6 2
      vertex 85.4 6 1.15
    endloop
  endfacet
  facet normal -0.997861 0.0653782 0
    outer loop
      vertex 85.4 6 2
      vertex 85.3876 5.81074 1.15
      vertex 85.3876 5.81074 2
    endloop
  endfacet
  facet normal 0.5556 -0.83145 0
    outer loop
      vertex 83.0673 7.15036 1.15
      vertex 83.225 7.25574 2
      vertex 83.0673 7.15036 2
    endloop
  endfacet
  facet normal 0.5556 -0.83145 0
    outer loop
      vertex 83.225 7.25574 2
      vertex 83.0673 7.15036 1.15
      vertex 83.225 7.25574 1.15
    endloop
  endfacet
  facet normal 0.442272 0.896881 -0
    outer loop
      vertex 83.3951 4.66038 1.15
      vertex 83.225 4.74426 2
      vertex 83.3951 4.66038 2
    endloop
  endfacet
  facet normal 0.442272 0.896881 0
    outer loop
      vertex 83.225 4.74426 2
      vertex 83.3951 4.66038 1.15
      vertex 83.225 4.74426 1.15
    endloop
  endfacet
  facet normal -0.5556 0.83145 0
    outer loop
      vertex 84.8327 4.84964 1.15
      vertex 84.675 4.74426 2
      vertex 84.8327 4.84964 2
    endloop
  endfacet
  facet normal -0.5556 0.83145 0
    outer loop
      vertex 84.675 4.74426 2
      vertex 84.8327 4.84964 1.15
      vertex 84.675 4.74426 1.15
    endloop
  endfacet
  facet normal 0.946876 0.3216 0
    outer loop
      vertex 82.6104 5.44511 2
      vertex 82.5494 5.62471 1.15
      vertex 82.5494 5.62471 2
    endloop
  endfacet
  facet normal 0.946876 0.3216 0
    outer loop
      vertex 82.5494 5.62471 1.15
      vertex 82.6104 5.44511 2
      vertex 82.6104 5.44511 1.15
    endloop
  endfacet
  facet normal -0.442272 0.896881 0
    outer loop
      vertex 84.675 4.74426 1.15
      vertex 84.5049 4.66038 2
      vertex 84.675 4.74426 2
    endloop
  endfacet
  facet normal -0.442272 0.896881 0
    outer loop
      vertex 84.5049 4.66038 2
      vertex 84.675 4.74426 1.15
      vertex 84.5049 4.66038 1.15
    endloop
  endfacet
  facet normal -0.751727 0.659474 0
    outer loop
      vertex 84.9753 4.9747 1.15
      vertex 85.1004 5.1173 2
      vertex 85.1004 5.1173 1.15
    endloop
  endfacet
  facet normal -0.751727 0.659474 0
    outer loop
      vertex 85.1004 5.1173 2
      vertex 84.9753 4.9747 1.15
      vertex 84.9753 4.9747 2
    endloop
  endfacet
  facet normal -0.442314 -0.89686 0
    outer loop
      vertex 84.5049 7.33963 1.15
      vertex 84.675 7.25574 2
      vertex 84.5049 7.33963 2
    endloop
  endfacet
  facet normal -0.442314 -0.89686 -0
    outer loop
      vertex 84.675 7.25574 2
      vertex 84.5049 7.33963 1.15
      vertex 84.675 7.25574 1.15
    endloop
  endfacet
  facet normal -0.321458 0.946924 0
    outer loop
      vertex 84.5049 4.66038 1.15
      vertex 84.3253 4.59941 2
      vertex 84.5049 4.66038 2
    endloop
  endfacet
  facet normal -0.321458 0.946924 0
    outer loop
      vertex 84.3253 4.59941 2
      vertex 84.5049 4.66038 1.15
      vertex 84.3253 4.59941 1.15
    endloop
  endfacet
  facet normal -0.997861 -0.0653782 0
    outer loop
      vertex 85.4 6 1.15
      vertex 85.3876 6.18926 2
      vertex 85.3876 6.18926 1.15
    endloop
  endfacet
  facet normal -0.997861 -0.0653782 0
    outer loop
      vertex 85.3876 6.18926 2
      vertex 85.4 6 1.15
      vertex 85.4 6 2
    endloop
  endfacet
  facet normal 0.946876 -0.3216 0
    outer loop
      vertex 82.5494 6.37529 2
      vertex 82.6104 6.55489 1.15
      vertex 82.6104 6.55489 2
    endloop
  endfacet
  facet normal 0.946876 -0.3216 0
    outer loop
      vertex 82.6104 6.55489 1.15
      vertex 82.5494 6.37529 2
      vertex 82.5494 6.37529 1.15
    endloop
  endfacet
  facet normal -0.946876 -0.3216 0
    outer loop
      vertex 85.3506 6.37529 1.15
      vertex 85.2896 6.55489 2
      vertex 85.2896 6.55489 1.15
    endloop
  endfacet
  facet normal -0.946876 -0.3216 0
    outer loop
      vertex 85.2896 6.55489 2
      vertex 85.3506 6.37529 1.15
      vertex 85.3506 6.37529 2
    endloop
  endfacet
  facet normal -0.75175 -0.659448 0
    outer loop
      vertex 85.1004 6.8827 1.15
      vertex 84.9753 7.02531 2
      vertex 84.9753 7.02531 1.15
    endloop
  endfacet
  facet normal -0.75175 -0.659448 0
    outer loop
      vertex 84.9753 7.02531 2
      vertex 85.1004 6.8827 1.15
      vertex 85.1004 6.8827 2
    endloop
  endfacet
  facet normal 0.0653644 -0.997861 0
    outer loop
      vertex 83.7607 7.4376 1.15
      vertex 83.95 7.45 2
      vertex 83.7607 7.4376 2
    endloop
  endfacet
  facet normal 0.0653644 -0.997861 0
    outer loop
      vertex 83.95 7.45 2
      vertex 83.7607 7.4376 1.15
      vertex 83.95 7.45 1.15
    endloop
  endfacet
  facet normal -0.195153 -0.980773 0
    outer loop
      vertex 84.1393 7.4376 1.15
      vertex 84.3253 7.40059 2
      vertex 84.1393 7.4376 2
    endloop
  endfacet
  facet normal -0.195153 -0.980773 -0
    outer loop
      vertex 84.3253 7.40059 2
      vertex 84.1393 7.4376 1.15
      vertex 84.3253 7.40059 1.15
    endloop
  endfacet
  facet normal -0.0653644 -0.997861 0
    outer loop
      vertex 83.95 7.45 1.15
      vertex 84.1393 7.4376 2
      vertex 83.95 7.45 2
    endloop
  endfacet
  facet normal -0.0653644 -0.997861 -0
    outer loop
      vertex 84.1393 7.4376 2
      vertex 83.95 7.45 1.15
      vertex 84.1393 7.4376 1.15
    endloop
  endfacet
  facet normal -0.321411 -0.94694 0
    outer loop
      vertex 84.3253 7.40059 1.15
      vertex 84.5049 7.33963 2
      vertex 84.3253 7.40059 2
    endloop
  endfacet
  facet normal -0.321411 -0.94694 -0
    outer loop
      vertex 84.5049 7.33963 2
      vertex 84.3253 7.40059 1.15
      vertex 84.5049 7.33963 1.15
    endloop
  endfacet
  facet normal 0.659325 -0.751858 0
    outer loop
      vertex 82.9247 7.02531 1.15
      vertex 83.0673 7.15036 2
      vertex 82.9247 7.02531 2
    endloop
  endfacet
  facet normal 0.659325 -0.751858 0
    outer loop
      vertex 83.0673 7.15036 2
      vertex 82.9247 7.02531 1.15
      vertex 83.0673 7.15036 1.15
    endloop
  endfacet
  facet normal 0.659355 0.751832 -0
    outer loop
      vertex 83.0673 4.84964 1.15
      vertex 82.9247 4.9747 2
      vertex 83.0673 4.84964 2
    endloop
  endfacet
  facet normal 0.659355 0.751832 0
    outer loop
      vertex 82.9247 4.9747 2
      vertex 83.0673 4.84964 1.15
      vertex 82.9247 4.9747 1.15
    endloop
  endfacet
  facet normal -0.831644 0.555309 0
    outer loop
      vertex 85.1004 5.1173 1.15
      vertex 85.2057 5.275 2
      vertex 85.2057 5.275 1.15
    endloop
  endfacet
  facet normal -0.831644 0.555309 0
    outer loop
      vertex 85.2057 5.275 2
      vertex 85.1004 5.1173 1.15
      vertex 85.1004 5.1173 2
    endloop
  endfacet
  facet normal -0.659355 0.751832 0
    outer loop
      vertex 84.9753 4.9747 1.15
      vertex 84.8327 4.84964 2
      vertex 84.9753 4.9747 2
    endloop
  endfacet
  facet normal -0.659355 0.751832 0
    outer loop
      vertex 84.8327 4.84964 2
      vertex 84.9753 4.9747 1.15
      vertex 84.8327 4.84964 1.15
    endloop
  endfacet
  facet normal -0.831644 -0.555309 0
    outer loop
      vertex 85.2057 6.725 1.15
      vertex 85.1004 6.8827 2
      vertex 85.1004 6.8827 1.15
    endloop
  endfacet
  facet normal -0.831644 -0.555309 0
    outer loop
      vertex 85.1004 6.8827 2
      vertex 85.2057 6.725 1.15
      vertex 85.2057 6.725 2
    endloop
  endfacet
  facet normal 0.75175 -0.659448 0
    outer loop
      vertex 82.7996 6.8827 2
      vertex 82.9247 7.02531 1.15
      vertex 82.9247 7.02531 2
    endloop
  endfacet
  facet normal 0.75175 -0.659448 0
    outer loop
      vertex 82.9247 7.02531 1.15
      vertex 82.7996 6.8827 2
      vertex 82.7996 6.8827 1.15
    endloop
  endfacet
  facet normal -0.89685 -0.442335 0
    outer loop
      vertex 85.2896 6.55489 1.15
      vertex 85.2057 6.725 2
      vertex 85.2057 6.725 1.15
    endloop
  endfacet
  facet normal -0.89685 -0.442335 0
    outer loop
      vertex 85.2057 6.725 2
      vertex 85.2896 6.55489 1.15
      vertex 85.2896 6.55489 2
    endloop
  endfacet
  facet normal -0.5556 -0.83145 0
    outer loop
      vertex 84.675 7.25574 1.15
      vertex 84.8327 7.15036 2
      vertex 84.675 7.25574 2
    endloop
  endfacet
  facet normal -0.5556 -0.83145 -0
    outer loop
      vertex 84.8327 7.15036 2
      vertex 84.675 7.25574 1.15
      vertex 84.8327 7.15036 1.15
    endloop
  endfacet
  facet normal -0.980789 -0.195072 0
    outer loop
      vertex 85.3876 6.18926 1.15
      vertex 85.3506 6.37529 2
      vertex 85.3506 6.37529 1.15
    endloop
  endfacet
  facet normal -0.980789 -0.195072 0
    outer loop
      vertex 85.3506 6.37529 2
      vertex 85.3876 6.18926 1.15
      vertex 85.3876 6.18926 2
    endloop
  endfacet
  facet normal 0.321458 0.946924 -0
    outer loop
      vertex 83.5747 4.59941 1.15
      vertex 83.3951 4.66038 2
      vertex 83.5747 4.59941 2
    endloop
  endfacet
  facet normal 0.321458 0.946924 0
    outer loop
      vertex 83.3951 4.66038 2
      vertex 83.5747 4.59941 1.15
      vertex 83.3951 4.66038 1.15
    endloop
  endfacet
  facet normal 0.89685 0.442335 0
    outer loop
      vertex 82.6943 5.275 2
      vertex 82.6104 5.44511 1.15
      vertex 82.6104 5.44511 2
    endloop
  endfacet
  facet normal 0.89685 0.442335 0
    outer loop
      vertex 82.6104 5.44511 1.15
      vertex 82.6943 5.275 2
      vertex 82.6943 5.275 1.15
    endloop
  endfacet
  facet normal 0.195102 0.980783 -0
    outer loop
      vertex 83.7607 4.56241 1.15
      vertex 83.5747 4.59941 2
      vertex 83.7607 4.56241 2
    endloop
  endfacet
  facet normal 0.195102 0.980783 0
    outer loop
      vertex 83.5747 4.59941 2
      vertex 83.7607 4.56241 1.15
      vertex 83.5747 4.59941 1.15
    endloop
  endfacet
  facet normal 0.980789 -0.195072 0
    outer loop
      vertex 82.5124 6.18926 2
      vertex 82.5494 6.37529 1.15
      vertex 82.5494 6.37529 2
    endloop
  endfacet
  facet normal 0.980789 -0.195072 0
    outer loop
      vertex 82.5494 6.37529 1.15
      vertex 82.5124 6.18926 2
      vertex 82.5124 6.18926 1.15
    endloop
  endfacet
  facet normal 0.442314 -0.89686 0
    outer loop
      vertex 83.225 7.25574 1.15
      vertex 83.3951 7.33963 2
      vertex 83.225 7.25574 2
    endloop
  endfacet
  facet normal 0.442314 -0.89686 0
    outer loop
      vertex 83.3951 7.33963 2
      vertex 83.225 7.25574 1.15
      vertex 83.3951 7.33963 1.15
    endloop
  endfacet
  facet normal -0.89685 0.442335 0
    outer loop
      vertex 85.2057 5.275 1.15
      vertex 85.2896 5.44511 2
      vertex 85.2896 5.44511 1.15
    endloop
  endfacet
  facet normal -0.89685 0.442335 0
    outer loop
      vertex 85.2896 5.44511 2
      vertex 85.2057 5.275 1.15
      vertex 85.2057 5.275 2
    endloop
  endfacet
  facet normal 0.89685 -0.442335 0
    outer loop
      vertex 82.6104 6.55489 2
      vertex 82.6943 6.725 1.15
      vertex 82.6943 6.725 2
    endloop
  endfacet
  facet normal 0.89685 -0.442335 0
    outer loop
      vertex 82.6943 6.725 1.15
      vertex 82.6104 6.55489 2
      vertex 82.6104 6.55489 1.15
    endloop
  endfacet
  facet normal -0.195102 0.980783 0
    outer loop
      vertex 84.3253 4.59941 1.15
      vertex 84.1393 4.56241 2
      vertex 84.3253 4.59941 2
    endloop
  endfacet
  facet normal -0.195102 0.980783 0
    outer loop
      vertex 84.1393 4.56241 2
      vertex 84.3253 4.59941 1.15
      vertex 84.1393 4.56241 1.15
    endloop
  endfacet
  facet normal 0.997861 0.0653782 0
    outer loop
      vertex 82.5124 5.81074 2
      vertex 82.5 6 1.15
      vertex 82.5 6 2
    endloop
  endfacet
  facet normal 0.997861 0.0653782 0
    outer loop
      vertex 82.5 6 1.15
      vertex 82.5124 5.81074 2
      vertex 82.5124 5.81074 1.15
    endloop
  endfacet
  facet normal -0.0654169 0.997858 0
    outer loop
      vertex 84.1393 4.56241 1.15
      vertex 83.95 4.55 2
      vertex 84.1393 4.56241 2
    endloop
  endfacet
  facet normal -0.0654169 0.997858 0
    outer loop
      vertex 83.95 4.55 2
      vertex 84.1393 4.56241 1.15
      vertex 83.95 4.55 1.15
    endloop
  endfacet
  facet normal 0.997861 -0.0653782 0
    outer loop
      vertex 82.5 6 2
      vertex 82.5124 6.18926 1.15
      vertex 82.5124 6.18926 2
    endloop
  endfacet
  facet normal 0.997861 -0.0653782 0
    outer loop
      vertex 82.5124 6.18926 1.15
      vertex 82.5 6 2
      vertex 82.5 6 1.15
    endloop
  endfacet
  facet normal -0.659325 -0.751858 0
    outer loop
      vertex 84.8327 7.15036 1.15
      vertex 84.9753 7.02531 2
      vertex 84.8327 7.15036 2
    endloop
  endfacet
  facet normal -0.659325 -0.751858 -0
    outer loop
      vertex 84.9753 7.02531 2
      vertex 84.8327 7.15036 1.15
      vertex 84.9753 7.02531 1.15
    endloop
  endfacet
  facet normal -0.946876 0.3216 0
    outer loop
      vertex 85.2896 5.44511 1.15
      vertex 85.3506 5.62471 2
      vertex 85.3506 5.62471 1.15
    endloop
  endfacet
  facet normal -0.946876 0.3216 0
    outer loop
      vertex 85.3506 5.62471 2
      vertex 85.2896 5.44511 1.15
      vertex 85.2896 5.44511 2
    endloop
  endfacet
  facet normal 0.321411 -0.94694 0
    outer loop
      vertex 83.3951 7.33963 1.15
      vertex 83.5747 7.40059 2
      vertex 83.3951 7.33963 2
    endloop
  endfacet
  facet normal 0.321411 -0.94694 0
    outer loop
      vertex 83.5747 7.40059 2
      vertex 83.3951 7.33963 1.15
      vertex 83.5747 7.40059 1.15
    endloop
  endfacet
  facet normal 0.195153 -0.980773 0
    outer loop
      vertex 83.5747 7.40059 1.15
      vertex 83.7607 7.4376 2
      vertex 83.5747 7.40059 2
    endloop
  endfacet
  facet normal 0.195153 -0.980773 0
    outer loop
      vertex 83.7607 7.4376 2
      vertex 83.5747 7.40059 1.15
      vertex 83.7607 7.4376 1.15
    endloop
  endfacet
  facet normal 0.831644 -0.555309 0
    outer loop
      vertex 82.6943 6.725 2
      vertex 82.7996 6.8827 1.15
      vertex 82.7996 6.8827 2
    endloop
  endfacet
  facet normal 0.831644 -0.555309 0
    outer loop
      vertex 82.7996 6.8827 1.15
      vertex 82.6943 6.725 2
      vertex 82.6943 6.725 1.15
    endloop
  endfacet
  facet normal 0.0654169 0.997858 -0
    outer loop
      vertex 83.95 4.55 1.15
      vertex 83.7607 4.56241 2
      vertex 83.95 4.55 2
    endloop
  endfacet
  facet normal 0.0654169 0.997858 0
    outer loop
      vertex 83.7607 4.56241 2
      vertex 83.95 4.55 1.15
      vertex 83.7607 4.56241 1.15
    endloop
  endfacet
  facet normal 0.980789 0.195072 0
    outer loop
      vertex 82.5494 5.62471 2
      vertex 82.5124 5.81074 1.15
      vertex 82.5124 5.81074 2
    endloop
  endfacet
  facet normal 0.980789 0.195072 0
    outer loop
      vertex 82.5124 5.81074 1.15
      vertex 82.5494 5.62471 2
      vertex 82.5494 5.62471 1.15
    endloop
  endfacet
  facet normal 0.5556 0.83145 -0
    outer loop
      vertex 83.225 4.74426 1.15
      vertex 83.0673 4.84964 2
      vertex 83.225 4.74426 2
    endloop
  endfacet
  facet normal 0.5556 0.83145 0
    outer loop
      vertex 83.0673 4.84964 2
      vertex 83.225 4.74426 1.15
      vertex 83.0673 4.84964 1.15
    endloop
  endfacet
  facet normal 0.831644 0.555309 0
    outer loop
      vertex 82.7996 5.1173 2
      vertex 82.6943 5.275 1.15
      vertex 82.6943 5.275 2
    endloop
  endfacet
  facet normal 0.831644 0.555309 0
    outer loop
      vertex 82.6943 5.275 1.15
      vertex 82.7996 5.1173 2
      vertex 82.7996 5.1173 1.15
    endloop
  endfacet
  facet normal 0.751727 0.659474 0
    outer loop
      vertex 82.9247 4.9747 2
      vertex 82.7996 5.1173 1.15
      vertex 82.7996 5.1173 2
    endloop
  endfacet
  facet normal 0.751727 0.659474 0
    outer loop
      vertex 82.7996 5.1173 1.15
      vertex 82.9247 4.9747 2
      vertex 82.9247 4.9747 1.15
    endloop
  endfacet
  facet normal -0.0654677 -0.997855 0
    outer loop
      vertex 141.75 30.3 1.15
      vertex 141.939 30.2876 2
      vertex 141.75 30.3 2
    endloop
  endfacet
  facet normal -0.0654677 -0.997855 -0
    outer loop
      vertex 141.939 30.2876 2
      vertex 141.75 30.3 1.15
      vertex 141.939 30.2876 1.15
    endloop
  endfacet
  facet normal -0.980783 0.195102 0
    outer loop
      vertex 143.151 28.4747 1.15
      vertex 143.188 28.6607 2
      vertex 143.188 28.6607 1.15
    endloop
  endfacet
  facet normal -0.980783 0.195102 0
    outer loop
      vertex 143.188 28.6607 2
      vertex 143.151 28.4747 1.15
      vertex 143.151 28.4747 2
    endloop
  endfacet
  facet normal -0.997997 0.0632645 0
    outer loop
      vertex 143.188 28.6607 1.15
      vertex 143.2 28.85 2
      vertex 143.2 28.85 1.15
    endloop
  endfacet
  facet normal -0.997997 0.0632645 0
    outer loop
      vertex 143.2 28.85 2
      vertex 143.188 28.6607 1.15
      vertex 143.188 28.6607 2
    endloop
  endfacet
  facet normal -0.320959 -0.947093 0
    outer loop
      vertex 142.125 30.2506 1.15
      vertex 142.305 30.1896 2
      vertex 142.125 30.2506 2
    endloop
  endfacet
  facet normal -0.320959 -0.947093 -0
    outer loop
      vertex 142.305 30.1896 2
      vertex 142.125 30.2506 1.15
      vertex 142.305 30.1896 1.15
    endloop
  endfacet
  facet normal -0.442566 0.896736 0
    outer loop
      vertex 142.475 27.5943 1.15
      vertex 142.305 27.5104 2
      vertex 142.475 27.5943 2
    endloop
  endfacet
  facet normal -0.442566 0.896736 0
    outer loop
      vertex 142.305 27.5104 2
      vertex 142.475 27.5943 1.15
      vertex 142.305 27.5104 1.15
    endloop
  endfacet
  facet normal -0.829939 0.557854 0
    outer loop
      vertex 142.9 27.9673 1.15
      vertex 143.006 28.125 2
      vertex 143.006 28.125 1.15
    endloop
  endfacet
  facet normal -0.829939 0.557854 0
    outer loop
      vertex 143.006 28.125 2
      vertex 142.9 27.9673 1.15
      vertex 142.9 27.9673 2
    endloop
  endfacet
  facet normal 0.751988 0.659176 0
    outer loop
      vertex 140.725 27.8247 2
      vertex 140.6 27.9673 1.15
      vertex 140.6 27.9673 2
    endloop
  endfacet
  facet normal 0.751988 0.659176 0
    outer loop
      vertex 140.6 27.9673 1.15
      vertex 140.725 27.8247 2
      vertex 140.725 27.8247 1.15
    endloop
  endfacet
  facet normal -0.751988 -0.659176 0
    outer loop
      vertex 142.9 29.7327 1.15
      vertex 142.775 29.8753 2
      vertex 142.775 29.8753 1.15
    endloop
  endfacet
  facet normal -0.751988 -0.659176 0
    outer loop
      vertex 142.775 29.8753 2
      vertex 142.9 29.7327 1.15
      vertex 142.9 29.7327 2
    endloop
  endfacet
  facet normal -0.89663 0.44278 0
    outer loop
      vertex 143.006 28.125 1.15
      vertex 143.09 28.2951 2
      vertex 143.09 28.2951 1.15
    endloop
  endfacet
  facet normal -0.89663 0.44278 0
    outer loop
      vertex 143.09 28.2951 2
      vertex 143.006 28.125 1.15
      vertex 143.006 28.125 2
    endloop
  endfacet
  facet normal 0.320959 0.947093 -0
    outer loop
      vertex 141.375 27.4494 1.15
      vertex 141.195 27.5104 2
      vertex 141.375 27.4494 2
    endloop
  endfacet
  facet normal 0.320959 0.947093 0
    outer loop
      vertex 141.195 27.5104 2
      vertex 141.375 27.4494 1.15
      vertex 141.195 27.5104 1.15
    endloop
  endfacet
  facet normal 0.442566 0.896736 -0
    outer loop
      vertex 141.195 27.5104 1.15
      vertex 141.025 27.5943 2
      vertex 141.195 27.5104 2
    endloop
  endfacet
  facet normal 0.442566 0.896736 0
    outer loop
      vertex 141.025 27.5943 2
      vertex 141.195 27.5104 1.15
      vertex 141.025 27.5943 1.15
    endloop
  endfacet
  facet normal -0.829939 -0.557854 0
    outer loop
      vertex 143.006 29.575 1.15
      vertex 142.9 29.7327 2
      vertex 142.9 29.7327 1.15
    endloop
  endfacet
  facet normal -0.829939 -0.557854 0
    outer loop
      vertex 142.9 29.7327 2
      vertex 143.006 29.575 1.15
      vertex 143.006 29.575 2
    endloop
  endfacet
  facet normal 0.946876 -0.3216 0
    outer loop
      vertex 140.349 29.2253 2
      vertex 140.41 29.4049 1.15
      vertex 140.41 29.4049 2
    endloop
  endfacet
  facet normal 0.946876 -0.3216 0
    outer loop
      vertex 140.41 29.4049 1.15
      vertex 140.349 29.2253 2
      vertex 140.349 29.2253 1.15
    endloop
  endfacet
  facet normal -0.320959 0.947093 0
    outer loop
      vertex 142.305 27.5104 1.15
      vertex 142.125 27.4494 2
      vertex 142.305 27.5104 2
    endloop
  endfacet
  facet normal -0.320959 0.947093 0
    outer loop
      vertex 142.125 27.4494 2
      vertex 142.305 27.5104 1.15
      vertex 142.125 27.4494 1.15
    endloop
  endfacet
  facet normal 0.195102 -0.980783 0
    outer loop
      vertex 141.375 30.2506 1.15
      vertex 141.561 30.2876 2
      vertex 141.375 30.2506 2
    endloop
  endfacet
  facet normal 0.195102 -0.980783 0
    outer loop
      vertex 141.561 30.2876 2
      vertex 141.375 30.2506 1.15
      vertex 141.561 30.2876 1.15
    endloop
  endfacet
  facet normal -0.195102 0.980783 0
    outer loop
      vertex 142.125 27.4494 1.15
      vertex 141.939 27.4124 2
      vertex 142.125 27.4494 2
    endloop
  endfacet
  facet normal -0.195102 0.980783 0
    outer loop
      vertex 141.939 27.4124 2
      vertex 142.125 27.4494 1.15
      vertex 141.939 27.4124 1.15
    endloop
  endfacet
  facet normal 0.751988 -0.659176 0
    outer loop
      vertex 140.6 29.7327 2
      vertex 140.725 29.8753 1.15
      vertex 140.725 29.8753 2
    endloop
  endfacet
  facet normal 0.751988 -0.659176 0
    outer loop
      vertex 140.725 29.8753 1.15
      vertex 140.6 29.7327 2
      vertex 140.6 29.7327 1.15
    endloop
  endfacet
  facet normal -0.195102 -0.980783 0
    outer loop
      vertex 141.939 30.2876 1.15
      vertex 142.125 30.2506 2
      vertex 141.939 30.2876 2
    endloop
  endfacet
  facet normal -0.195102 -0.980783 -0
    outer loop
      vertex 142.125 30.2506 2
      vertex 141.939 30.2876 1.15
      vertex 142.125 30.2506 1.15
    endloop
  endfacet
  facet normal 0.0654677 -0.997855 0
    outer loop
      vertex 141.561 30.2876 1.15
      vertex 141.75 30.3 2
      vertex 141.561 30.2876 2
    endloop
  endfacet
  facet normal 0.0654677 -0.997855 0
    outer loop
      vertex 141.75 30.3 2
      vertex 141.561 30.2876 1.15
      vertex 141.75 30.3 1.15
    endloop
  endfacet
  facet normal -0.751988 0.659176 0
    outer loop
      vertex 142.775 27.8247 1.15
      vertex 142.9 27.9673 2
      vertex 142.9 27.9673 1.15
    endloop
  endfacet
  facet normal -0.751988 0.659176 0
    outer loop
      vertex 142.9 27.9673 2
      vertex 142.775 27.8247 1.15
      vertex 142.775 27.8247 2
    endloop
  endfacet
  facet normal -0.997997 -0.0632645 0
    outer loop
      vertex 143.2 28.85 1.15
      vertex 143.188 29.0393 2
      vertex 143.188 29.0393 1.15
    endloop
  endfacet
  facet normal -0.997997 -0.0632645 0
    outer loop
      vertex 143.188 29.0393 2
      vertex 143.2 28.85 1.15
      vertex 143.2 28.85 2
    endloop
  endfacet
  facet normal -0.0654677 0.997855 0
    outer loop
      vertex 141.939 27.4124 1.15
      vertex 141.75 27.4 2
      vertex 141.939 27.4124 2
    endloop
  endfacet
  facet normal -0.0654677 0.997855 0
    outer loop
      vertex 141.75 27.4 2
      vertex 141.939 27.4124 1.15
      vertex 141.75 27.4 1.15
    endloop
  endfacet
  facet normal 0.320959 -0.947093 0
    outer loop
      vertex 141.195 30.1896 1.15
      vertex 141.375 30.2506 2
      vertex 141.195 30.1896 2
    endloop
  endfacet
  facet normal 0.320959 -0.947093 0
    outer loop
      vertex 141.375 30.2506 2
      vertex 141.195 30.1896 1.15
      vertex 141.375 30.2506 1.15
    endloop
  endfacet
  facet normal 0.661045 0.750347 -0
    outer loop
      vertex 140.867 27.6996 1.15
      vertex 140.725 27.8247 2
      vertex 140.867 27.6996 2
    endloop
  endfacet
  facet normal 0.661045 0.750347 0
    outer loop
      vertex 140.725 27.8247 2
      vertex 140.867 27.6996 1.15
      vertex 140.725 27.8247 1.15
    endloop
  endfacet
  facet normal -0.442566 -0.896736 0
    outer loop
      vertex 142.305 30.1896 1.15
      vertex 142.475 30.1057 2
      vertex 142.305 30.1896 2
    endloop
  endfacet
  facet normal -0.442566 -0.896736 -0
    outer loop
      vertex 142.475 30.1057 2
      vertex 142.305 30.1896 1.15
      vertex 142.475 30.1057 1.15
    endloop
  endfacet
  facet normal 0.661045 -0.750347 0
    outer loop
      vertex 140.725 29.8753 1.15
      vertex 140.867 30.0004 2
      vertex 140.725 29.8753 2
    endloop
  endfacet
  facet normal 0.661045 -0.750347 0
    outer loop
      vertex 140.867 30.0004 2
      vertex 140.725 29.8753 1.15
      vertex 140.867 30.0004 1.15
    endloop
  endfacet
  facet normal 0.980783 0.195102 0
    outer loop
      vertex 140.349 28.4747 2
      vertex 140.312 28.6607 1.15
      vertex 140.312 28.6607 2
    endloop
  endfacet
  facet normal 0.980783 0.195102 0
    outer loop
      vertex 140.312 28.6607 1.15
      vertex 140.349 28.4747 2
      vertex 140.349 28.4747 1.15
    endloop
  endfacet
  facet normal 0.946876 0.3216 0
    outer loop
      vertex 140.41 28.2951 2
      vertex 140.349 28.4747 1.15
      vertex 140.349 28.4747 2
    endloop
  endfacet
  facet normal 0.946876 0.3216 0
    outer loop
      vertex 140.349 28.4747 1.15
      vertex 140.41 28.2951 2
      vertex 140.41 28.2951 1.15
    endloop
  endfacet
  facet normal -0.554579 0.832131 0
    outer loop
      vertex 142.633 27.6996 1.15
      vertex 142.475 27.5943 2
      vertex 142.633 27.6996 2
    endloop
  endfacet
  facet normal -0.554579 0.832131 0
    outer loop
      vertex 142.475 27.5943 2
      vertex 142.633 27.6996 1.15
      vertex 142.475 27.5943 1.15
    endloop
  endfacet
  facet normal 0.829939 0.557854 0
    outer loop
      vertex 140.6 27.9673 2
      vertex 140.494 28.125 1.15
      vertex 140.494 28.125 2
    endloop
  endfacet
  facet normal 0.829939 0.557854 0
    outer loop
      vertex 140.494 28.125 1.15
      vertex 140.6 27.9673 2
      vertex 140.6 27.9673 1.15
    endloop
  endfacet
  facet normal -0.554579 -0.832131 0
    outer loop
      vertex 142.475 30.1057 1.15
      vertex 142.633 30.0004 2
      vertex 142.475 30.1057 2
    endloop
  endfacet
  facet normal -0.554579 -0.832131 -0
    outer loop
      vertex 142.633 30.0004 2
      vertex 142.475 30.1057 1.15
      vertex 142.633 30.0004 1.15
    endloop
  endfacet
  facet normal -0.89663 -0.44278 0
    outer loop
      vertex 143.09 29.4049 1.15
      vertex 143.006 29.575 2
      vertex 143.006 29.575 1.15
    endloop
  endfacet
  facet normal -0.89663 -0.44278 0
    outer loop
      vertex 143.006 29.575 2
      vertex 143.09 29.4049 1.15
      vertex 143.09 29.4049 2
    endloop
  endfacet
  facet normal 0.89663 0.44278 0
    outer loop
      vertex 140.494 28.125 2
      vertex 140.41 28.2951 1.15
      vertex 140.41 28.2951 2
    endloop
  endfacet
  facet normal 0.89663 0.44278 0
    outer loop
      vertex 140.41 28.2951 1.15
      vertex 140.494 28.125 2
      vertex 140.494 28.125 1.15
    endloop
  endfacet
  facet normal 0.997997 -0.0632645 0
    outer loop
      vertex 140.3 28.85 2
      vertex 140.312 29.0393 1.15
      vertex 140.312 29.0393 2
    endloop
  endfacet
  facet normal 0.997997 -0.0632645 0
    outer loop
      vertex 140.312 29.0393 1.15
      vertex 140.3 28.85 2
      vertex 140.3 28.85 1.15
    endloop
  endfacet
  facet normal 0.442566 -0.896736 0
    outer loop
      vertex 141.025 30.1057 1.15
      vertex 141.195 30.1896 2
      vertex 141.025 30.1057 2
    endloop
  endfacet
  facet normal 0.442566 -0.896736 0
    outer loop
      vertex 141.195 30.1896 2
      vertex 141.025 30.1057 1.15
      vertex 141.195 30.1896 1.15
    endloop
  endfacet
  facet normal 0.980783 -0.195102 0
    outer loop
      vertex 140.312 29.0393 2
      vertex 140.349 29.2253 1.15
      vertex 140.349 29.2253 2
    endloop
  endfacet
  facet normal 0.980783 -0.195102 0
    outer loop
      vertex 140.349 29.2253 1.15
      vertex 140.312 29.0393 2
      vertex 140.312 29.0393 1.15
    endloop
  endfacet
  facet normal -0.946876 0.3216 0
    outer loop
      vertex 143.09 28.2951 1.15
      vertex 143.151 28.4747 2
      vertex 143.151 28.4747 1.15
    endloop
  endfacet
  facet normal -0.946876 0.3216 0
    outer loop
      vertex 143.151 28.4747 2
      vertex 143.09 28.2951 1.15
      vertex 143.09 28.2951 2
    endloop
  endfacet
  facet normal 0.0654677 0.997855 -0
    outer loop
      vertex 141.75 27.4 1.15
      vertex 141.561 27.4124 2
      vertex 141.75 27.4 2
    endloop
  endfacet
  facet normal 0.0654677 0.997855 0
    outer loop
      vertex 141.561 27.4124 2
      vertex 141.75 27.4 1.15
      vertex 141.561 27.4124 1.15
    endloop
  endfacet
  facet normal 0.195102 0.980783 -0
    outer loop
      vertex 141.561 27.4124 1.15
      vertex 141.375 27.4494 2
      vertex 141.561 27.4124 2
    endloop
  endfacet
  facet normal 0.195102 0.980783 0
    outer loop
      vertex 141.375 27.4494 2
      vertex 141.561 27.4124 1.15
      vertex 141.375 27.4494 1.15
    endloop
  endfacet
  facet normal -0.980783 -0.195102 0
    outer loop
      vertex 143.188 29.0393 1.15
      vertex 143.151 29.2253 2
      vertex 143.151 29.2253 1.15
    endloop
  endfacet
  facet normal -0.980783 -0.195102 0
    outer loop
      vertex 143.151 29.2253 2
      vertex 143.188 29.0393 1.15
      vertex 143.188 29.0393 2
    endloop
  endfacet
  facet normal 0.997997 0.0632645 0
    outer loop
      vertex 140.312 28.6607 2
      vertex 140.3 28.85 1.15
      vertex 140.3 28.85 2
    endloop
  endfacet
  facet normal 0.997997 0.0632645 0
    outer loop
      vertex 140.3 28.85 1.15
      vertex 140.312 28.6607 2
      vertex 140.312 28.6607 1.15
    endloop
  endfacet
  facet normal 0.829939 -0.557854 0
    outer loop
      vertex 140.494 29.575 2
      vertex 140.6 29.7327 1.15
      vertex 140.6 29.7327 2
    endloop
  endfacet
  facet normal 0.829939 -0.557854 0
    outer loop
      vertex 140.6 29.7327 1.15
      vertex 140.494 29.575 2
      vertex 140.494 29.575 1.15
    endloop
  endfacet
  facet normal 0.554579 0.832131 -0
    outer loop
      vertex 141.025 27.5943 1.15
      vertex 140.867 27.6996 2
      vertex 141.025 27.5943 2
    endloop
  endfacet
  facet normal 0.554579 0.832131 0
    outer loop
      vertex 140.867 27.6996 2
      vertex 141.025 27.5943 1.15
      vertex 140.867 27.6996 1.15
    endloop
  endfacet
  facet normal -0.661045 0.750347 0
    outer loop
      vertex 142.775 27.8247 1.15
      vertex 142.633 27.6996 2
      vertex 142.775 27.8247 2
    endloop
  endfacet
  facet normal -0.661045 0.750347 0
    outer loop
      vertex 142.633 27.6996 2
      vertex 142.775 27.8247 1.15
      vertex 142.633 27.6996 1.15
    endloop
  endfacet
  facet normal -0.661045 -0.750347 0
    outer loop
      vertex 142.633 30.0004 1.15
      vertex 142.775 29.8753 2
      vertex 142.633 30.0004 2
    endloop
  endfacet
  facet normal -0.661045 -0.750347 -0
    outer loop
      vertex 142.775 29.8753 2
      vertex 142.633 30.0004 1.15
      vertex 142.775 29.8753 1.15
    endloop
  endfacet
  facet normal 0.89663 -0.44278 0
    outer loop
      vertex 140.41 29.4049 2
      vertex 140.494 29.575 1.15
      vertex 140.494 29.575 2
    endloop
  endfacet
  facet normal 0.89663 -0.44278 0
    outer loop
      vertex 140.494 29.575 1.15
      vertex 140.41 29.4049 2
      vertex 140.41 29.4049 1.15
    endloop
  endfacet
  facet normal -0.946876 -0.3216 0
    outer loop
      vertex 143.151 29.2253 1.15
      vertex 143.09 29.4049 2
      vertex 143.09 29.4049 1.15
    endloop
  endfacet
  facet normal -0.946876 -0.3216 0
    outer loop
      vertex 143.09 29.4049 2
      vertex 143.151 29.2253 1.15
      vertex 143.151 29.2253 2
    endloop
  endfacet
  facet normal 0.554579 -0.832131 0
    outer loop
      vertex 140.867 30.0004 1.15
      vertex 141.025 30.1057 2
      vertex 140.867 30.0004 2
    endloop
  endfacet
  facet normal 0.554579 -0.832131 0
    outer loop
      vertex 141.025 30.1057 2
      vertex 140.867 30.0004 1.15
      vertex 141.025 30.1057 1.15
    endloop
  endfacet
  facet normal 0.89664 0.442759 0
    outer loop
      vertex 140.494 5.225 2
      vertex 140.41 5.39511 1.15
      vertex 140.41 5.39511 2
    endloop
  endfacet
  facet normal 0.89664 0.442759 0
    outer loop
      vertex 140.41 5.39511 1.15
      vertex 140.494 5.225 2
      vertex 140.494 5.225 1.15
    endloop
  endfacet
  facet normal -0.195153 -0.980773 0
    outer loop
      vertex 141.939 7.3876 1.15
      vertex 142.125 7.35059 2
      vertex 141.939 7.3876 2
    endloop
  endfacet
  facet normal -0.195153 -0.980773 -0
    outer loop
      vertex 142.125 7.35059 2
      vertex 141.939 7.3876 1.15
      vertex 142.125 7.35059 1.15
    endloop
  endfacet
  facet normal -0.980789 0.195072 0
    outer loop
      vertex 143.151 5.57471 1.15
      vertex 143.188 5.76074 2
      vertex 143.188 5.76074 1.15
    endloop
  endfacet
  facet normal -0.980789 0.195072 0
    outer loop
      vertex 143.188 5.76074 2
      vertex 143.151 5.57471 1.15
      vertex 143.151 5.57471 2
    endloop
  endfacet
  facet normal -0.997996 0.0632778 0
    outer loop
      vertex 143.188 5.76074 1.15
      vertex 143.2 5.95 2
      vertex 143.2 5.95 1.15
    endloop
  endfacet
  facet normal -0.997996 0.0632778 0
    outer loop
      vertex 143.2 5.95 2
      vertex 143.188 5.76074 1.15
      vertex 143.188 5.76074 2
    endloop
  endfacet
  facet normal 0.829939 0.557854 0
    outer loop
      vertex 140.6 5.0673 2
      vertex 140.494 5.225 1.15
      vertex 140.494 5.225 2
    endloop
  endfacet
  facet normal 0.829939 0.557854 0
    outer loop
      vertex 140.494 5.225 1.15
      vertex 140.6 5.0673 2
      vertex 140.6 5.0673 1.15
    endloop
  endfacet
  facet normal -0.980789 -0.195072 0
    outer loop
      vertex 143.188 6.13926 1.15
      vertex 143.151 6.32529 2
      vertex 143.151 6.32529 1.15
    endloop
  endfacet
  facet normal -0.980789 -0.195072 0
    outer loop
      vertex 143.151 6.32529 2
      vertex 143.188 6.13926 1.15
      vertex 143.188 6.13926 2
    endloop
  endfacet
  facet normal 0.751988 0.659176 0
    outer loop
      vertex 140.725 4.9247 2
      vertex 140.6 5.0673 1.15
      vertex 140.6 5.0673 2
    endloop
  endfacet
  facet normal 0.751988 0.659176 0
    outer loop
      vertex 140.6 5.0673 1.15
      vertex 140.725 4.9247 2
      vertex 140.725 4.9247 1.15
    endloop
  endfacet
  facet normal -0.0654677 -0.997855 0
    outer loop
      vertex 141.75 7.4 1.15
      vertex 141.939 7.3876 2
      vertex 141.75 7.4 2
    endloop
  endfacet
  facet normal -0.0654677 -0.997855 -0
    outer loop
      vertex 141.939 7.3876 2
      vertex 141.75 7.4 1.15
      vertex 141.939 7.3876 1.15
    endloop
  endfacet
  facet normal 0.55487 0.831937 -0
    outer loop
      vertex 141.025 4.69426 1.15
      vertex 140.867 4.79964 2
      vertex 141.025 4.69426 2
    endloop
  endfacet
  facet normal 0.55487 0.831937 0
    outer loop
      vertex 140.867 4.79964 2
      vertex 141.025 4.69426 1.15
      vertex 140.867 4.79964 1.15
    endloop
  endfacet
  facet normal -0.660926 0.750451 0
    outer loop
      vertex 142.775 4.9247 1.15
      vertex 142.633 4.79964 2
      vertex 142.775 4.9247 2
    endloop
  endfacet
  facet normal -0.660926 0.750451 0
    outer loop
      vertex 142.633 4.79964 2
      vertex 142.775 4.9247 1.15
      vertex 142.633 4.79964 1.15
    endloop
  endfacet
  facet normal -0.442523 0.896757 0
    outer loop
      vertex 142.475 4.69426 1.15
      vertex 142.305 4.61037 2
      vertex 142.475 4.69426 2
    endloop
  endfacet
  facet normal -0.442523 0.896757 0
    outer loop
      vertex 142.305 4.61037 2
      vertex 142.475 4.69426 1.15
      vertex 142.305 4.61037 1.15
    endloop
  endfacet
  facet normal 0.946876 0.3216 0
    outer loop
      vertex 140.41 5.39511 2
      vertex 140.349 5.57471 1.15
      vertex 140.349 5.57471 2
    endloop
  endfacet
  facet normal 0.946876 0.3216 0
    outer loop
      vertex 140.349 5.57471 1.15
      vertex 140.41 5.39511 2
      vertex 140.41 5.39511 1.15
    endloop
  endfacet
  facet normal -0.829956 -0.55783 0
    outer loop
      vertex 143.006 6.675 1.15
      vertex 142.9 6.83271 2
      vertex 142.9 6.83271 1.15
    endloop
  endfacet
  facet normal -0.829956 -0.55783 0
    outer loop
      vertex 142.9 6.83271 2
      vertex 143.006 6.675 1.15
      vertex 143.006 6.675 2
    endloop
  endfacet
  facet normal -0.32077 0.947157 0
    outer loop
      vertex 142.305 4.61037 1.15
      vertex 142.125 4.54941 2
      vertex 142.305 4.61037 2
    endloop
  endfacet
  facet normal -0.32077 0.947157 0
    outer loop
      vertex 142.125 4.54941 2
      vertex 142.305 4.61037 1.15
      vertex 142.125 4.54941 1.15
    endloop
  endfacet
  facet normal -0.55487 0.831937 0
    outer loop
      vertex 142.633 4.79964 1.15
      vertex 142.475 4.69426 2
      vertex 142.633 4.79964 2
    endloop
  endfacet
  facet normal -0.55487 0.831937 0
    outer loop
      vertex 142.475 4.69426 2
      vertex 142.633 4.79964 1.15
      vertex 142.475 4.69426 1.15
    endloop
  endfacet
  facet normal -0.0655203 0.997851 0
    outer loop
      vertex 141.939 4.51241 1.15
      vertex 141.75 4.5 2
      vertex 141.939 4.51241 2
    endloop
  endfacet
  facet normal -0.0655203 0.997851 0
    outer loop
      vertex 141.75 4.5 2
      vertex 141.939 4.51241 1.15
      vertex 141.75 4.5 1.15
    endloop
  endfacet
  facet normal -0.946876 -0.3216 0
    outer loop
      vertex 143.151 6.32529 1.15
      vertex 143.09 6.50489 2
      vertex 143.09 6.50489 1.15
    endloop
  endfacet
  facet normal -0.946876 -0.3216 0
    outer loop
      vertex 143.09 6.50489 2
      vertex 143.151 6.32529 1.15
      vertex 143.151 6.32529 2
    endloop
  endfacet
  facet normal -0.442523 -0.896757 0
    outer loop
      vertex 142.305 7.28963 1.15
      vertex 142.475 7.20574 2
      vertex 142.305 7.28963 2
    endloop
  endfacet
  facet normal -0.442523 -0.896757 -0
    outer loop
      vertex 142.475 7.20574 2
      vertex 142.305 7.28963 1.15
      vertex 142.475 7.20574 1.15
    endloop
  endfacet
  facet normal 0.32077 -0.947157 0
    outer loop
      vertex 141.195 7.28963 1.15
      vertex 141.375 7.35059 2
      vertex 141.195 7.28963 2
    endloop
  endfacet
  facet normal 0.32077 -0.947157 0
    outer loop
      vertex 141.375 7.35059 2
      vertex 141.195 7.28963 1.15
      vertex 141.375 7.35059 1.15
    endloop
  endfacet
  facet normal 0.980789 -0.195072 0
    outer loop
      vertex 140.312 6.13926 2
      vertex 140.349 6.32529 1.15
      vertex 140.349 6.32529 2
    endloop
  endfacet
  facet normal 0.980789 -0.195072 0
    outer loop
      vertex 140.349 6.32529 1.15
      vertex 140.312 6.13926 2
      vertex 140.312 6.13926 1.15
    endloop
  endfacet
  facet normal -0.997996 -0.0632778 0
    outer loop
      vertex 143.2 5.95 1.15
      vertex 143.188 6.13926 2
      vertex 143.188 6.13926 1.15
    endloop
  endfacet
  facet normal -0.997996 -0.0632778 0
    outer loop
      vertex 143.188 6.13926 2
      vertex 143.2 5.95 1.15
      vertex 143.2 5.95 2
    endloop
  endfacet
  facet normal 0.946876 -0.3216 0
    outer loop
      vertex 140.349 6.32529 2
      vertex 140.41 6.50489 1.15
      vertex 140.41 6.50489 2
    endloop
  endfacet
  facet normal 0.946876 -0.3216 0
    outer loop
      vertex 140.41 6.50489 1.15
      vertex 140.349 6.32529 2
      vertex 140.349 6.32529 1.15
    endloop
  endfacet
  facet normal 0.660926 0.750451 -0
    outer loop
      vertex 140.867 4.79964 1.15
      vertex 140.725 4.9247 2
      vertex 140.867 4.79964 2
    endloop
  endfacet
  facet normal 0.660926 0.750451 0
    outer loop
      vertex 140.725 4.9247 2
      vertex 140.867 4.79964 1.15
      vertex 140.725 4.9247 1.15
    endloop
  endfacet
  facet normal 0.751988 -0.659176 0
    outer loop
      vertex 140.6 6.83271 2
      vertex 140.725 6.97531 1.15
      vertex 140.725 6.97531 2
    endloop
  endfacet
  facet normal 0.751988 -0.659176 0
    outer loop
      vertex 140.725 6.97531 1.15
      vertex 140.6 6.83271 2
      vertex 140.6 6.83271 1.15
    endloop
  endfacet
  facet normal -0.829939 0.557854 0
    outer loop
      vertex 142.9 5.0673 1.15
      vertex 143.006 5.225 2
      vertex 143.006 5.225 1.15
    endloop
  endfacet
  facet normal -0.829939 0.557854 0
    outer loop
      vertex 143.006 5.225 2
      vertex 142.9 5.0673 1.15
      vertex 142.9 5.0673 2
    endloop
  endfacet
  facet normal 0.997996 0.0632778 0
    outer loop
      vertex 140.312 5.76074 2
      vertex 140.3 5.95 1.15
      vertex 140.3 5.95 2
    endloop
  endfacet
  facet normal 0.997996 0.0632778 0
    outer loop
      vertex 140.3 5.95 1.15
      vertex 140.312 5.76074 2
      vertex 140.312 5.76074 1.15
    endloop
  endfacet
  facet normal 0.997996 -0.0632778 0
    outer loop
      vertex 140.3 5.95 2
      vertex 140.312 6.13926 1.15
      vertex 140.312 6.13926 2
    endloop
  endfacet
  facet normal 0.997996 -0.0632778 0
    outer loop
      vertex 140.312 6.13926 1.15
      vertex 140.3 5.95 2
      vertex 140.3 5.95 1.15
    endloop
  endfacet
  facet normal 0.442523 0.896757 -0
    outer loop
      vertex 141.195 4.61037 1.15
      vertex 141.025 4.69426 2
      vertex 141.195 4.61037 2
    endloop
  endfacet
  facet normal 0.442523 0.896757 0
    outer loop
      vertex 141.025 4.69426 2
      vertex 141.195 4.61037 1.15
      vertex 141.025 4.69426 1.15
    endloop
  endfacet
  facet normal 0.32077 0.947157 -0
    outer loop
      vertex 141.375 4.54941 1.15
      vertex 141.195 4.61037 2
      vertex 141.375 4.54941 2
    endloop
  endfacet
  facet normal 0.32077 0.947157 0
    outer loop
      vertex 141.195 4.61037 2
      vertex 141.375 4.54941 1.15
      vertex 141.195 4.61037 1.15
    endloop
  endfacet
  facet normal -0.89664 0.442759 0
    outer loop
      vertex 143.006 5.225 1.15
      vertex 143.09 5.39511 2
      vertex 143.09 5.39511 1.15
    endloop
  endfacet
  facet normal -0.89664 0.442759 0
    outer loop
      vertex 143.09 5.39511 2
      vertex 143.006 5.225 1.15
      vertex 143.006 5.225 2
    endloop
  endfacet
  facet normal 0.829956 -0.55783 0
    outer loop
      vertex 140.494 6.675 2
      vertex 140.6 6.83271 1.15
      vertex 140.6 6.83271 2
    endloop
  endfacet
  facet normal 0.829956 -0.55783 0
    outer loop
      vertex 140.6 6.83271 1.15
      vertex 140.494 6.675 2
      vertex 140.494 6.675 1.15
    endloop
  endfacet
  facet normal 0.89664 -0.442759 0
    outer loop
      vertex 140.41 6.50489 2
      vertex 140.494 6.675 1.15
      vertex 140.494 6.675 2
    endloop
  endfacet
  facet normal 0.89664 -0.442759 0
    outer loop
      vertex 140.494 6.675 1.15
      vertex 140.41 6.50489 2
      vertex 140.41 6.50489 1.15
    endloop
  endfacet
  facet normal -0.89664 -0.442759 0
    outer loop
      vertex 143.09 6.50489 1.15
      vertex 143.006 6.675 2
      vertex 143.006 6.675 1.15
    endloop
  endfacet
  facet normal -0.89664 -0.442759 0
    outer loop
      vertex 143.006 6.675 2
      vertex 143.09 6.50489 1.15
      vertex 143.09 6.50489 2
    endloop
  endfacet
  facet normal -0.55487 -0.831937 0
    outer loop
      vertex 142.475 7.20574 1.15
      vertex 142.633 7.10036 2
      vertex 142.475 7.20574 2
    endloop
  endfacet
  facet normal -0.55487 -0.831937 -0
    outer loop
      vertex 142.633 7.10036 2
      vertex 142.475 7.20574 1.15
      vertex 142.633 7.10036 1.15
    endloop
  endfacet
  facet normal 0.660896 -0.750478 0
    outer loop
      vertex 140.725 6.97531 1.15
      vertex 140.867 7.10036 2
      vertex 140.725 6.97531 2
    endloop
  endfacet
  facet normal 0.660896 -0.750478 0
    outer loop
      vertex 140.867 7.10036 2
      vertex 140.725 6.97531 1.15
      vertex 140.867 7.10036 1.15
    endloop
  endfacet
  facet normal 0.0654677 -0.997855 0
    outer loop
      vertex 141.561 7.3876 1.15
      vertex 141.75 7.4 2
      vertex 141.561 7.3876 2
    endloop
  endfacet
  facet normal 0.0654677 -0.997855 0
    outer loop
      vertex 141.75 7.4 2
      vertex 141.561 7.3876 1.15
      vertex 141.75 7.4 1.15
    endloop
  endfacet
  facet normal 0.0655203 0.997851 -0
    outer loop
      vertex 141.75 4.5 1.15
      vertex 141.561 4.51241 2
      vertex 141.75 4.5 2
    endloop
  endfacet
  facet normal 0.0655203 0.997851 0
    outer loop
      vertex 141.561 4.51241 2
      vertex 141.75 4.5 1.15
      vertex 141.561 4.51241 1.15
    endloop
  endfacet
  facet normal 0.980789 0.195072 0
    outer loop
      vertex 140.349 5.57471 2
      vertex 140.312 5.76074 1.15
      vertex 140.312 5.76074 2
    endloop
  endfacet
  facet normal 0.980789 0.195072 0
    outer loop
      vertex 140.312 5.76074 1.15
      vertex 140.349 5.57471 2
      vertex 140.349 5.57471 1.15
    endloop
  endfacet
  facet normal -0.751988 0.659176 0
    outer loop
      vertex 142.775 4.9247 1.15
      vertex 142.9 5.0673 2
      vertex 142.9 5.0673 1.15
    endloop
  endfacet
  facet normal -0.751988 0.659176 0
    outer loop
      vertex 142.9 5.0673 2
      vertex 142.775 4.9247 1.15
      vertex 142.775 4.9247 2
    endloop
  endfacet
  facet normal -0.946876 0.3216 0
    outer loop
      vertex 143.09 5.39511 1.15
      vertex 143.151 5.57471 2
      vertex 143.151 5.57471 1.15
    endloop
  endfacet
  facet normal -0.946876 0.3216 0
    outer loop
      vertex 143.151 5.57471 2
      vertex 143.09 5.39511 1.15
      vertex 143.09 5.39511 2
    endloop
  endfacet
  facet normal -0.32077 -0.947157 0
    outer loop
      vertex 142.125 7.35059 1.15
      vertex 142.305 7.28963 2
      vertex 142.125 7.35059 2
    endloop
  endfacet
  facet normal -0.32077 -0.947157 -0
    outer loop
      vertex 142.305 7.28963 2
      vertex 142.125 7.35059 1.15
      vertex 142.305 7.28963 1.15
    endloop
  endfacet
  facet normal 0.195102 0.980783 -0
    outer loop
      vertex 141.561 4.51241 1.15
      vertex 141.375 4.54941 2
      vertex 141.561 4.51241 2
    endloop
  endfacet
  facet normal 0.195102 0.980783 0
    outer loop
      vertex 141.375 4.54941 2
      vertex 141.561 4.51241 1.15
      vertex 141.375 4.54941 1.15
    endloop
  endfacet
  facet normal -0.751988 -0.659176 0
    outer loop
      vertex 142.9 6.83271 1.15
      vertex 142.775 6.97531 2
      vertex 142.775 6.97531 1.15
    endloop
  endfacet
  facet normal -0.751988 -0.659176 0
    outer loop
      vertex 142.775 6.97531 2
      vertex 142.9 6.83271 1.15
      vertex 142.9 6.83271 2
    endloop
  endfacet
  facet normal 0.195153 -0.980773 0
    outer loop
      vertex 141.375 7.35059 1.15
      vertex 141.561 7.3876 2
      vertex 141.375 7.35059 2
    endloop
  endfacet
  facet normal 0.195153 -0.980773 0
    outer loop
      vertex 141.561 7.3876 2
      vertex 141.375 7.35059 1.15
      vertex 141.561 7.3876 1.15
    endloop
  endfacet
  facet normal 0.442523 -0.896757 0
    outer loop
      vertex 141.025 7.20574 1.15
      vertex 141.195 7.28963 2
      vertex 141.025 7.20574 2
    endloop
  endfacet
  facet normal 0.442523 -0.896757 0
    outer loop
      vertex 141.195 7.28963 2
      vertex 141.025 7.20574 1.15
      vertex 141.195 7.28963 1.15
    endloop
  endfacet
  facet normal 0.55487 -0.831937 0
    outer loop
      vertex 140.867 7.10036 1.15
      vertex 141.025 7.20574 2
      vertex 140.867 7.10036 2
    endloop
  endfacet
  facet normal 0.55487 -0.831937 0
    outer loop
      vertex 141.025 7.20574 2
      vertex 140.867 7.10036 1.15
      vertex 141.025 7.20574 1.15
    endloop
  endfacet
  facet normal -0.195102 0.980783 0
    outer loop
      vertex 142.125 4.54941 1.15
      vertex 141.939 4.51241 2
      vertex 142.125 4.54941 2
    endloop
  endfacet
  facet normal -0.195102 0.980783 0
    outer loop
      vertex 141.939 4.51241 2
      vertex 142.125 4.54941 1.15
      vertex 141.939 4.51241 1.15
    endloop
  endfacet
  facet normal -0.660896 -0.750478 0
    outer loop
      vertex 142.633 7.10036 1.15
      vertex 142.775 6.97531 2
      vertex 142.633 7.10036 2
    endloop
  endfacet
  facet normal -0.660896 -0.750478 -0
    outer loop
      vertex 142.775 6.97531 2
      vertex 142.633 7.10036 1.15
      vertex 142.775 6.97531 1.15
    endloop
  endfacet
  facet normal -0.735074 -0.0483602 -0.67626
    outer loop
      vertex 86.3875 29.1622 7.62939e-07
      vertex 85.3376 29.0393 1.15
      vertex 86.3865 29.1774 7.62939e-07
    endloop
  endfacet
  facet normal -0.735093 -0.0481519 -0.676254
    outer loop
      vertex 85.3376 29.0393 1.15
      vertex 86.3875 29.1622 7.62939e-07
      vertex 85.35 28.85 1.15
    endloop
  endfacet
  facet normal 0.697629 -0.236624 -0.676257
    outer loop
      vertex 81.578 29.7954 7.62939e-07
      vertex 82.4994 29.2253 1.15
      vertex 81.4775 29.4991 7.62939e-07
    endloop
  endfacet
  facet normal -0.236624 0.697629 -0.676257
    outer loop
      vertex 84.8454 26.528 7.62939e-07
      vertex 84.5491 26.4275 7.62939e-07
      vertex 84.2753 27.4494 1.15
    endloop
  endfacet
  facet normal -0.735073 0.0482671 -0.676268
    outer loop
      vertex 86.408 28.85 7.62939e-07
      vertex 86.3875 28.5378 7.62939e-07
      vertex 85.35 28.85 1.15
    endloop
  endfacet
  facet normal -0.735093 0.0481519 -0.676254
    outer loop
      vertex 86.3875 28.5378 7.62939e-07
      vertex 85.3376 28.6607 1.15
      vertex 85.35 28.85 1.15
    endloop
  endfacet
  facet normal -0.735074 0.0483602 -0.67626
    outer loop
      vertex 85.3376 28.6607 1.15
      vertex 86.3875 28.5378 7.62939e-07
      vertex 86.3865 28.5226 7.62939e-07
    endloop
  endfacet
  facet normal 0.66065 -0.325851 -0.676286
    outer loop
      vertex 81.728 30.104 7.62939e-07
      vertex 82.6443 29.575 1.15
      vertex 81.5896 29.8234 7.62939e-07
    endloop
  endfacet
  facet normal -0.485781 0.55379 -0.676264
    outer loop
      vertex 85.662 27.0666 7.62939e-07
      vertex 84.9253 27.8247 1.15
      vertex 85.6734 27.0766 7.62939e-07
    endloop
  endfacet
  facet normal -0.485807 0.553766 -0.676265
    outer loop
      vertex 84.9253 27.8247 1.15
      vertex 85.662 27.0666 7.62939e-07
      vertex 84.7827 27.6996 1.15
    endloop
  endfacet
  facet normal -0.553809 -0.48576 -0.676263
    outer loop
      vertex 85.6734 30.6234 7.62939e-07
      vertex 85.8797 30.3882 7.62939e-07
      vertex 84.9253 29.8753 1.15
    endloop
  endfacet
  facet normal 0.722524 0.143657 -0.676256
    outer loop
      vertex 82.4624 28.6607 1.15
      vertex 81.4745 28.2158 7.62939e-07
      vertex 81.4135 28.5226 7.62939e-07
    endloop
  endfacet
  facet normal -0.722128 -0.145395 -0.676307
    outer loop
      vertex 86.3255 29.4842 7.62939e-07
      vertex 85.3006 29.2253 1.15
      vertex 86.3225 29.4991 7.62939e-07
    endloop
  endfacet
  facet normal -0.722503 -0.143724 -0.676264
    outer loop
      vertex 85.3006 29.2253 1.15
      vertex 86.3255 29.4842 7.62939e-07
      vertex 85.3376 29.0393 1.15
    endloop
  endfacet
  facet normal 0.325851 0.66065 -0.676286
    outer loop
      vertex 83.175 27.5943 1.15
      vertex 82.9266 26.5396 7.62939e-07
      vertex 82.646 26.678 7.62939e-07
    endloop
  endfacet
  facet normal 0.48576 -0.553809 -0.676263
    outer loop
      vertex 82.3618 30.8297 7.62939e-07
      vertex 82.8747 29.8753 1.15
      vertex 82.1266 30.6234 7.62939e-07
    endloop
  endfacet
  facet normal 0.722128 -0.145395 -0.676307
    outer loop
      vertex 82.4994 29.2253 1.15
      vertex 81.4745 29.4842 7.62939e-07
      vertex 81.4775 29.4991 7.62939e-07
    endloop
  endfacet
  facet normal 0.722503 -0.143724 -0.676264
    outer loop
      vertex 81.4745 29.4842 7.62939e-07
      vertex 82.4994 29.2253 1.15
      vertex 82.4624 29.0393 1.15
    endloop
  endfacet
  facet normal 0.0481519 0.735093 -0.676254
    outer loop
      vertex 83.5878 26.3625 7.62939e-07
      vertex 83.7107 27.4124 1.15
      vertex 83.9 27.4 1.15
    endloop
  endfacet
  facet normal 0.0483602 0.735074 -0.67626
    outer loop
      vertex 83.7107 27.4124 1.15
      vertex 83.5878 26.3625 7.62939e-07
      vertex 83.5726 26.3635 7.62939e-07
    endloop
  endfacet
  facet normal 0.735093 0.0481519 -0.676254
    outer loop
      vertex 82.4624 28.6607 1.15
      vertex 81.4125 28.5378 7.62939e-07
      vertex 82.45 28.85 1.15
    endloop
  endfacet
  facet normal 0.735074 0.0483602 -0.67626
    outer loop
      vertex 81.4125 28.5378 7.62939e-07
      vertex 82.4624 28.6607 1.15
      vertex 81.4135 28.5226 7.62939e-07
    endloop
  endfacet
  facet normal -0.612557 0.409156 -0.676287
    outer loop
      vertex 86.072 27.596 7.62939e-07
      vertex 85.8982 27.3358 7.62939e-07
      vertex 85.1557 28.125 1.15
    endloop
  endfacet
  facet normal 0.660647 -0.325857 -0.676285
    outer loop
      vertex 82.5604 29.4049 1.15
      vertex 81.5896 29.8234 7.62939e-07
      vertex 82.6443 29.575 1.15
    endloop
  endfacet
  facet normal 0.660795 -0.325539 -0.676294
    outer loop
      vertex 81.5896 29.8234 7.62939e-07
      vertex 82.5604 29.4049 1.15
      vertex 81.5829 29.8098 7.62939e-07
    endloop
  endfacet
  facet normal 0.0482671 -0.735073 -0.676268
    outer loop
      vertex 83.9 31.358 7.62939e-07
      vertex 83.9 30.3 1.15
      vertex 83.5878 31.3375 7.62939e-07
    endloop
  endfacet
  facet normal -0.0482671 0.735073 -0.676268
    outer loop
      vertex 83.9 27.4 1.15
      vertex 84.2122 26.3625 7.62939e-07
      vertex 83.9 26.342 7.62939e-07
    endloop
  endfacet
  facet normal -0.612557 -0.409156 -0.676287
    outer loop
      vertex 85.8982 30.3642 7.62939e-07
      vertex 86.072 30.104 7.62939e-07
      vertex 85.1557 29.575 1.15
    endloop
  endfacet
  facet normal 0.553772 -0.485813 -0.676256
    outer loop
      vertex 82.7496 29.7327 1.15
      vertex 81.9203 30.3882 7.62939e-07
      vertex 82.8747 29.8753 1.15
    endloop
  endfacet
  facet normal 0.553795 -0.485785 -0.676257
    outer loop
      vertex 81.9203 30.3882 7.62939e-07
      vertex 82.7496 29.7327 1.15
      vertex 81.9103 30.3768 7.62939e-07
    endloop
  endfacet
  facet normal -0.48576 -0.553809 -0.676263
    outer loop
      vertex 85.4382 30.8297 7.62939e-07
      vertex 85.6734 30.6234 7.62939e-07
      vertex 84.9253 29.8753 1.15
    endloop
  endfacet
  facet normal 0.409333 -0.61247 -0.676259
    outer loop
      vertex 82.6334 31.0136 7.62939e-07
      vertex 83.0173 30.0004 1.15
      vertex 82.3732 30.8397 7.62939e-07
    endloop
  endfacet
  facet normal -0.612631 -0.409068 -0.676274
    outer loop
      vertex 85.0504 29.7327 1.15
      vertex 85.8982 30.3642 7.62939e-07
      vertex 85.1557 29.575 1.15
    endloop
  endfacet
  facet normal -0.610619 -0.411925 -0.67636
    outer loop
      vertex 85.8982 30.3642 7.62939e-07
      vertex 85.0504 29.7327 1.15
      vertex 85.8897 30.3768 7.62939e-07
    endloop
  endfacet
  facet normal 0.553809 -0.48576 -0.676263
    outer loop
      vertex 82.1266 30.6234 7.62939e-07
      vertex 82.8747 29.8753 1.15
      vertex 81.9203 30.3882 7.62939e-07
    endloop
  endfacet
  facet normal 0.485807 0.553766 -0.676265
    outer loop
      vertex 82.138 27.0666 7.62939e-07
      vertex 82.8747 27.8247 1.15
      vertex 83.0173 27.6996 1.15
    endloop
  endfacet
  facet normal 0.485781 0.55379 -0.676264
    outer loop
      vertex 82.8747 27.8247 1.15
      vertex 82.138 27.0666 7.62939e-07
      vertex 82.1266 27.0766 7.62939e-07
    endloop
  endfacet
  facet normal 0.697357 -0.237295 -0.676302
    outer loop
      vertex 82.5604 29.4049 1.15
      vertex 81.578 29.7954 7.62939e-07
      vertex 81.5829 29.8098 7.62939e-07
    endloop
  endfacet
  facet normal 0.697501 -0.236902 -0.676292
    outer loop
      vertex 81.578 29.7954 7.62939e-07
      vertex 82.5604 29.4049 1.15
      vertex 82.4994 29.2253 1.15
    endloop
  endfacet
  facet normal -0.697357 -0.237295 -0.676302
    outer loop
      vertex 86.222 29.7954 7.62939e-07
      vertex 85.2396 29.4049 1.15
      vertex 86.2171 29.8098 7.62939e-07
    endloop
  endfacet
  facet normal -0.697501 -0.236902 -0.676292
    outer loop
      vertex 85.2396 29.4049 1.15
      vertex 86.222 29.7954 7.62939e-07
      vertex 85.3006 29.2253 1.15
    endloop
  endfacet
  facet normal -0.660795 -0.325539 -0.676294
    outer loop
      vertex 85.2396 29.4049 1.15
      vertex 86.2104 29.8234 7.62939e-07
      vertex 86.2171 29.8098 7.62939e-07
    endloop
  endfacet
  facet normal -0.660647 -0.325857 -0.676285
    outer loop
      vertex 86.2104 29.8234 7.62939e-07
      vertex 85.2396 29.4049 1.15
      vertex 85.1557 29.575 1.15
    endloop
  endfacet
  facet normal -0.722524 -0.143657 -0.676256
    outer loop
      vertex 86.3255 29.4842 7.62939e-07
      vertex 86.3865 29.1774 7.62939e-07
      vertex 85.3376 29.0393 1.15
    endloop
  endfacet
  facet normal 0.66065 0.325851 -0.676286
    outer loop
      vertex 82.6443 28.125 1.15
      vertex 81.728 27.596 7.62939e-07
      vertex 81.5896 27.8766 7.62939e-07
    endloop
  endfacet
  facet normal -0.697629 -0.236624 -0.676257
    outer loop
      vertex 86.222 29.7954 7.62939e-07
      vertex 86.3225 29.4991 7.62939e-07
      vertex 85.3006 29.2253 1.15
    endloop
  endfacet
  facet normal -0.735073 -0.0482671 -0.676268
    outer loop
      vertex 86.3875 29.1622 7.62939e-07
      vertex 86.408 28.85 7.62939e-07
      vertex 85.35 28.85 1.15
    endloop
  endfacet
  facet normal 0.325853 -0.660652 -0.676283
    outer loop
      vertex 82.9402 31.1671 7.62939e-07
      vertex 83.3451 30.1896 1.15
      vertex 82.6596 31.0287 7.62939e-07
    endloop
  endfacet
  facet normal 0.55379 0.485781 -0.676264
    outer loop
      vertex 82.1166 27.088 7.62939e-07
      vertex 82.8747 27.8247 1.15
      vertex 82.1266 27.0766 7.62939e-07
    endloop
  endfacet
  facet normal 0.553766 0.485807 -0.676265
    outer loop
      vertex 82.8747 27.8247 1.15
      vertex 82.1166 27.088 7.62939e-07
      vertex 82.7496 27.9673 1.15
    endloop
  endfacet
  facet normal -0.66065 -0.325851 -0.676286
    outer loop
      vertex 86.072 30.104 7.62939e-07
      vertex 86.2104 29.8234 7.62939e-07
      vertex 85.1557 29.575 1.15
    endloop
  endfacet
  facet normal 0.0482671 0.735073 -0.676268
    outer loop
      vertex 83.9 27.4 1.15
      vertex 83.9 26.342 7.62939e-07
      vertex 83.5878 26.3625 7.62939e-07
    endloop
  endfacet
  facet normal -0.237295 0.697357 -0.676302
    outer loop
      vertex 84.8454 26.528 7.62939e-07
      vertex 84.4549 27.5104 1.15
      vertex 84.8598 26.5329 7.62939e-07
    endloop
  endfacet
  facet normal -0.236902 0.697501 -0.676292
    outer loop
      vertex 84.4549 27.5104 1.15
      vertex 84.8454 26.528 7.62939e-07
      vertex 84.2753 27.4494 1.15
    endloop
  endfacet
  facet normal -0.553795 -0.485785 -0.676257
    outer loop
      vertex 85.0504 29.7327 1.15
      vertex 85.8797 30.3882 7.62939e-07
      vertex 85.8897 30.3768 7.62939e-07
    endloop
  endfacet
  facet normal -0.553772 -0.485813 -0.676256
    outer loop
      vertex 85.8797 30.3882 7.62939e-07
      vertex 85.0504 29.7327 1.15
      vertex 84.9253 29.8753 1.15
    endloop
  endfacet
  facet normal 0.735074 -0.0483602 -0.67626
    outer loop
      vertex 82.4624 29.0393 1.15
      vertex 81.4125 29.1622 7.62939e-07
      vertex 81.4135 29.1774 7.62939e-07
    endloop
  endfacet
  facet normal 0.735093 -0.0481519 -0.676254
    outer loop
      vertex 81.4125 29.1622 7.62939e-07
      vertex 82.4624 29.0393 1.15
      vertex 82.45 28.85 1.15
    endloop
  endfacet
  facet normal 0.735073 0.0482671 -0.676268
    outer loop
      vertex 82.45 28.85 1.15
      vertex 81.4125 28.5378 7.62939e-07
      vertex 81.392 28.85 7.62939e-07
    endloop
  endfacet
  facet normal -0.236827 -0.697532 -0.676286
    outer loop
      vertex 84.5635 31.2677 7.62939e-07
      vertex 84.8598 31.1671 7.62939e-07
      vertex 84.4549 30.1896 1.15
    endloop
  endfacet
  facet normal 0.697629 0.236624 -0.676257
    outer loop
      vertex 82.4994 28.4747 1.15
      vertex 81.578 27.9046 7.62939e-07
      vertex 81.4775 28.2009 7.62939e-07
    endloop
  endfacet
  facet normal 0.325539 0.660795 -0.676294
    outer loop
      vertex 82.9266 26.5396 7.62939e-07
      vertex 83.3451 27.5104 1.15
      vertex 82.9402 26.5329 7.62939e-07
    endloop
  endfacet
  facet normal 0.325857 0.660647 -0.676285
    outer loop
      vertex 83.3451 27.5104 1.15
      vertex 82.9266 26.5396 7.62939e-07
      vertex 83.175 27.5943 1.15
    endloop
  endfacet
  facet normal 0.735073 -0.0482671 -0.676268
    outer loop
      vertex 81.4125 29.1622 7.62939e-07
      vertex 82.45 28.85 1.15
      vertex 81.392 28.85 7.62939e-07
    endloop
  endfacet
  facet normal 0.145395 -0.722128 -0.676307
    outer loop
      vertex 83.2658 31.2755 7.62939e-07
      vertex 83.5247 30.2506 1.15
      vertex 83.2509 31.2725 7.62939e-07
    endloop
  endfacet
  facet normal 0.143724 -0.722503 -0.676264
    outer loop
      vertex 83.5247 30.2506 1.15
      vertex 83.2658 31.2755 7.62939e-07
      vertex 83.7107 30.2876 1.15
    endloop
  endfacet
  facet normal 0.660647 0.325857 -0.676285
    outer loop
      vertex 81.5896 27.8766 7.62939e-07
      vertex 82.5604 28.2951 1.15
      vertex 82.6443 28.125 1.15
    endloop
  endfacet
  facet normal 0.660795 0.325539 -0.676294
    outer loop
      vertex 82.5604 28.2951 1.15
      vertex 81.5896 27.8766 7.62939e-07
      vertex 81.5829 27.8902 7.62939e-07
    endloop
  endfacet
  facet normal -0.0481519 -0.735093 -0.676254
    outer loop
      vertex 84.2122 31.3375 7.62939e-07
      vertex 84.0893 30.2876 1.15
      vertex 83.9 30.3 1.15
    endloop
  endfacet
  facet normal -0.0483602 -0.735074 -0.67626
    outer loop
      vertex 84.0893 30.2876 1.15
      vertex 84.2122 31.3375 7.62939e-07
      vertex 84.2274 31.3365 7.62939e-07
    endloop
  endfacet
  facet normal -0.0483602 0.735074 -0.67626
    outer loop
      vertex 84.2122 26.3625 7.62939e-07
      vertex 84.0893 27.4124 1.15
      vertex 84.2274 26.3635 7.62939e-07
    endloop
  endfacet
  facet normal -0.0481519 0.735093 -0.676254
    outer loop
      vertex 84.0893 27.4124 1.15
      vertex 84.2122 26.3625 7.62939e-07
      vertex 83.9 27.4 1.15
    endloop
  endfacet
  facet normal -0.0482671 -0.735073 -0.676268
    outer loop
      vertex 83.9 31.358 7.62939e-07
      vertex 84.2122 31.3375 7.62939e-07
      vertex 83.9 30.3 1.15
    endloop
  endfacet
  facet normal -0.409057 -0.612615 -0.676295
    outer loop
      vertex 84.625 30.1057 1.15
      vertex 85.1666 31.0136 7.62939e-07
      vertex 84.7827 30.0004 1.15
    endloop
  endfacet
  facet normal -0.408602 -0.612904 -0.676309
    outer loop
      vertex 85.1666 31.0136 7.62939e-07
      vertex 84.625 30.1057 1.15
      vertex 85.154 31.022 7.62939e-07
    endloop
  endfacet
  facet normal 0.612631 -0.409068 -0.676274
    outer loop
      vertex 81.9018 30.3642 7.62939e-07
      vertex 82.7496 29.7327 1.15
      vertex 82.6443 29.575 1.15
    endloop
  endfacet
  facet normal 0.610619 -0.411925 -0.67636
    outer loop
      vertex 82.7496 29.7327 1.15
      vertex 81.9018 30.3642 7.62939e-07
      vertex 81.9103 30.3768 7.62939e-07
    endloop
  endfacet
  facet normal 0.143657 0.722524 -0.676256
    outer loop
      vertex 83.7107 27.4124 1.15
      vertex 83.5726 26.3635 7.62939e-07
      vertex 83.2658 26.4245 7.62939e-07
    endloop
  endfacet
  facet normal -0.143724 -0.722503 -0.676264
    outer loop
      vertex 84.5342 31.2755 7.62939e-07
      vertex 84.2753 30.2506 1.15
      vertex 84.0893 30.2876 1.15
    endloop
  endfacet
  facet normal -0.145395 -0.722128 -0.676307
    outer loop
      vertex 84.2753 30.2506 1.15
      vertex 84.5342 31.2755 7.62939e-07
      vertex 84.5491 31.2725 7.62939e-07
    endloop
  endfacet
  facet normal 0.722503 0.143724 -0.676264
    outer loop
      vertex 82.4994 28.4747 1.15
      vertex 81.4745 28.2158 7.62939e-07
      vertex 82.4624 28.6607 1.15
    endloop
  endfacet
  facet normal 0.722128 0.145395 -0.676307
    outer loop
      vertex 81.4745 28.2158 7.62939e-07
      vertex 82.4994 28.4747 1.15
      vertex 81.4775 28.2009 7.62939e-07
    endloop
  endfacet
  facet normal 0.610619 0.411925 -0.67636
    outer loop
      vertex 81.9018 27.3358 7.62939e-07
      vertex 82.7496 27.9673 1.15
      vertex 81.9103 27.3232 7.62939e-07
    endloop
  endfacet
  facet normal 0.612631 0.409068 -0.676274
    outer loop
      vertex 82.7496 27.9673 1.15
      vertex 81.9018 27.3358 7.62939e-07
      vertex 82.6443 28.125 1.15
    endloop
  endfacet
  facet normal 0.697501 0.236902 -0.676292
    outer loop
      vertex 82.5604 28.2951 1.15
      vertex 81.578 27.9046 7.62939e-07
      vertex 82.4994 28.4747 1.15
    endloop
  endfacet
  facet normal 0.697357 0.237295 -0.676302
    outer loop
      vertex 81.578 27.9046 7.62939e-07
      vertex 82.5604 28.2951 1.15
      vertex 81.5829 27.8902 7.62939e-07
    endloop
  endfacet
  facet normal 0.612557 -0.409156 -0.676287
    outer loop
      vertex 81.9018 30.3642 7.62939e-07
      vertex 82.6443 29.575 1.15
      vertex 81.728 30.104 7.62939e-07
    endloop
  endfacet
  facet normal 0.485813 -0.553772 -0.676256
    outer loop
      vertex 82.3618 30.8297 7.62939e-07
      vertex 83.0173 30.0004 1.15
      vertex 82.8747 29.8753 1.15
    endloop
  endfacet
  facet normal 0.485785 -0.553795 -0.676257
    outer loop
      vertex 83.0173 30.0004 1.15
      vertex 82.3618 30.8297 7.62939e-07
      vertex 82.3732 30.8397 7.62939e-07
    endloop
  endfacet
  facet normal 0.409156 0.612557 -0.676287
    outer loop
      vertex 83.175 27.5943 1.15
      vertex 82.646 26.678 7.62939e-07
      vertex 82.3858 26.8518 7.62939e-07
    endloop
  endfacet
  facet normal -0.325853 -0.660652 -0.676283
    outer loop
      vertex 84.8598 31.1671 7.62939e-07
      vertex 85.1404 31.0287 7.62939e-07
      vertex 84.4549 30.1896 1.15
    endloop
  endfacet
  facet normal 0.409057 -0.612615 -0.676295
    outer loop
      vertex 82.6334 31.0136 7.62939e-07
      vertex 83.175 30.1057 1.15
      vertex 83.0173 30.0004 1.15
    endloop
  endfacet
  facet normal 0.408602 -0.612904 -0.676309
    outer loop
      vertex 83.175 30.1057 1.15
      vertex 82.6334 31.0136 7.62939e-07
      vertex 82.646 31.022 7.62939e-07
    endloop
  endfacet
  facet normal 0.722524 -0.143657 -0.676256
    outer loop
      vertex 81.4745 29.4842 7.62939e-07
      vertex 82.4624 29.0393 1.15
      vertex 81.4135 29.1774 7.62939e-07
    endloop
  endfacet
  facet normal 0.409068 0.612631 -0.676274
    outer loop
      vertex 82.3858 26.8518 7.62939e-07
      vertex 83.0173 27.6996 1.15
      vertex 83.175 27.5943 1.15
    endloop
  endfacet
  facet normal 0.411925 0.610619 -0.67636
    outer loop
      vertex 83.0173 27.6996 1.15
      vertex 82.3858 26.8518 7.62939e-07
      vertex 82.3732 26.8603 7.62939e-07
    endloop
  endfacet
  facet normal 0.612557 0.409156 -0.676287
    outer loop
      vertex 82.6443 28.125 1.15
      vertex 81.9018 27.3358 7.62939e-07
      vertex 81.728 27.596 7.62939e-07
    endloop
  endfacet
  facet normal 0.143724 0.722503 -0.676264
    outer loop
      vertex 83.2658 26.4245 7.62939e-07
      vertex 83.5247 27.4494 1.15
      vertex 83.7107 27.4124 1.15
    endloop
  endfacet
  facet normal 0.145395 0.722128 -0.676307
    outer loop
      vertex 83.5247 27.4494 1.15
      vertex 83.2658 26.4245 7.62939e-07
      vertex 83.2509 26.4275 7.62939e-07
    endloop
  endfacet
  facet normal -0.145395 0.722128 -0.676307
    outer loop
      vertex 84.5342 26.4245 7.62939e-07
      vertex 84.2753 27.4494 1.15
      vertex 84.5491 26.4275 7.62939e-07
    endloop
  endfacet
  facet normal -0.143724 0.722503 -0.676264
    outer loop
      vertex 84.2753 27.4494 1.15
      vertex 84.5342 26.4245 7.62939e-07
      vertex 84.0893 27.4124 1.15
    endloop
  endfacet
  facet normal 0.236902 0.697501 -0.676292
    outer loop
      vertex 82.9546 26.528 7.62939e-07
      vertex 83.3451 27.5104 1.15
      vertex 83.5247 27.4494 1.15
    endloop
  endfacet
  facet normal 0.237295 0.697357 -0.676302
    outer loop
      vertex 83.3451 27.5104 1.15
      vertex 82.9546 26.528 7.62939e-07
      vertex 82.9402 26.5329 7.62939e-07
    endloop
  endfacet
  facet normal -0.325547 -0.660811 -0.676275
    outer loop
      vertex 84.625 30.1057 1.15
      vertex 85.1404 31.0287 7.62939e-07
      vertex 85.154 31.022 7.62939e-07
    endloop
  endfacet
  facet normal -0.325858 -0.660649 -0.676284
    outer loop
      vertex 85.1404 31.0287 7.62939e-07
      vertex 84.625 30.1057 1.15
      vertex 84.4549 30.1896 1.15
    endloop
  endfacet
  facet normal -0.143657 0.722524 -0.676256
    outer loop
      vertex 84.5342 26.4245 7.62939e-07
      vertex 84.2274 26.3635 7.62939e-07
      vertex 84.0893 27.4124 1.15
    endloop
  endfacet
  facet normal 0.232811 -0.698432 -0.676751
    outer loop
      vertex 83.2509 31.2725 7.62939e-07
      vertex 83.3451 30.1896 1.15
      vertex 83.2365 31.2677 7.62939e-07
    endloop
  endfacet
  facet normal 0.236915 -0.69754 -0.676247
    outer loop
      vertex 83.3451 30.1896 1.15
      vertex 83.2509 31.2725 7.62939e-07
      vertex 83.5247 30.2506 1.15
    endloop
  endfacet
  facet normal -0.143657 -0.722524 -0.676256
    outer loop
      vertex 84.2274 31.3365 7.62939e-07
      vertex 84.5342 31.2755 7.62939e-07
      vertex 84.0893 30.2876 1.15
    endloop
  endfacet
  facet normal -0.236915 -0.69754 -0.676247
    outer loop
      vertex 84.5491 31.2725 7.62939e-07
      vertex 84.4549 30.1896 1.15
      vertex 84.2753 30.2506 1.15
    endloop
  endfacet
  facet normal -0.232811 -0.698432 -0.676751
    outer loop
      vertex 84.4549 30.1896 1.15
      vertex 84.5491 31.2725 7.62939e-07
      vertex 84.5635 31.2677 7.62939e-07
    endloop
  endfacet
  facet normal -0.409333 -0.61247 -0.676259
    outer loop
      vertex 85.1666 31.0136 7.62939e-07
      vertex 85.4268 30.8397 7.62939e-07
      vertex 84.7827 30.0004 1.15
    endloop
  endfacet
  facet normal -0.485813 -0.553772 -0.676256
    outer loop
      vertex 84.7827 30.0004 1.15
      vertex 85.4382 30.8297 7.62939e-07
      vertex 84.9253 29.8753 1.15
    endloop
  endfacet
  facet normal -0.485785 -0.553795 -0.676257
    outer loop
      vertex 85.4382 30.8297 7.62939e-07
      vertex 84.7827 30.0004 1.15
      vertex 85.4268 30.8397 7.62939e-07
    endloop
  endfacet
  facet normal 0.0483602 -0.735074 -0.67626
    outer loop
      vertex 83.5878 31.3375 7.62939e-07
      vertex 83.7107 30.2876 1.15
      vertex 83.5726 31.3365 7.62939e-07
    endloop
  endfacet
  facet normal 0.0481519 -0.735093 -0.676254
    outer loop
      vertex 83.7107 30.2876 1.15
      vertex 83.5878 31.3375 7.62939e-07
      vertex 83.9 30.3 1.15
    endloop
  endfacet
  facet normal 0.143657 -0.722524 -0.676256
    outer loop
      vertex 83.5726 31.3365 7.62939e-07
      vertex 83.7107 30.2876 1.15
      vertex 83.2658 31.2755 7.62939e-07
    endloop
  endfacet
  facet normal 0.236624 0.697629 -0.676257
    outer loop
      vertex 83.5247 27.4494 1.15
      vertex 83.2509 26.4275 7.62939e-07
      vertex 82.9546 26.528 7.62939e-07
    endloop
  endfacet
  facet normal -0.411925 0.610619 -0.67636
    outer loop
      vertex 85.4142 26.8518 7.62939e-07
      vertex 84.7827 27.6996 1.15
      vertex 85.4268 26.8603 7.62939e-07
    endloop
  endfacet
  facet normal -0.409068 0.612631 -0.676274
    outer loop
      vertex 84.7827 27.6996 1.15
      vertex 85.4142 26.8518 7.62939e-07
      vertex 84.625 27.5943 1.15
    endloop
  endfacet
  facet normal -0.409156 0.612557 -0.676287
    outer loop
      vertex 85.4142 26.8518 7.62939e-07
      vertex 85.154 26.678 7.62939e-07
      vertex 84.625 27.5943 1.15
    endloop
  endfacet
  facet normal 0.553813 0.485764 -0.676258
    outer loop
      vertex 82.7496 27.9673 1.15
      vertex 82.1166 27.088 7.62939e-07
      vertex 81.9103 27.3232 7.62939e-07
    endloop
  endfacet
  facet normal -0.55379 0.485781 -0.676264
    outer loop
      vertex 84.9253 27.8247 1.15
      vertex 85.6834 27.088 7.62939e-07
      vertex 85.6734 27.0766 7.62939e-07
    endloop
  endfacet
  facet normal -0.553766 0.485807 -0.676265
    outer loop
      vertex 85.6834 27.088 7.62939e-07
      vertex 84.9253 27.8247 1.15
      vertex 85.0504 27.9673 1.15
    endloop
  endfacet
  facet normal 0.485764 0.553813 -0.676258
    outer loop
      vertex 83.0173 27.6996 1.15
      vertex 82.3732 26.8603 7.62939e-07
      vertex 82.138 27.0666 7.62939e-07
    endloop
  endfacet
  facet normal -0.66065 0.325851 -0.676286
    outer loop
      vertex 86.2104 27.8766 7.62939e-07
      vertex 86.072 27.596 7.62939e-07
      vertex 85.1557 28.125 1.15
    endloop
  endfacet
  facet normal -0.660795 0.325539 -0.676294
    outer loop
      vertex 86.2104 27.8766 7.62939e-07
      vertex 85.2396 28.2951 1.15
      vertex 86.2171 27.8902 7.62939e-07
    endloop
  endfacet
  facet normal -0.660647 0.325857 -0.676285
    outer loop
      vertex 85.2396 28.2951 1.15
      vertex 86.2104 27.8766 7.62939e-07
      vertex 85.1557 28.125 1.15
    endloop
  endfacet
  facet normal 0.325858 -0.660649 -0.676284
    outer loop
      vertex 83.175 30.1057 1.15
      vertex 82.6596 31.0287 7.62939e-07
      vertex 83.3451 30.1896 1.15
    endloop
  endfacet
  facet normal 0.325547 -0.660811 -0.676275
    outer loop
      vertex 82.6596 31.0287 7.62939e-07
      vertex 83.175 30.1057 1.15
      vertex 82.646 31.022 7.62939e-07
    endloop
  endfacet
  facet normal 0.236827 -0.697532 -0.676286
    outer loop
      vertex 83.2365 31.2677 7.62939e-07
      vertex 83.3451 30.1896 1.15
      vertex 82.9402 31.1671 7.62939e-07
    endloop
  endfacet
  facet normal -0.325851 0.66065 -0.676286
    outer loop
      vertex 85.154 26.678 7.62939e-07
      vertex 84.8734 26.5396 7.62939e-07
      vertex 84.625 27.5943 1.15
    endloop
  endfacet
  facet normal -0.325539 0.660795 -0.676294
    outer loop
      vertex 84.4549 27.5104 1.15
      vertex 84.8734 26.5396 7.62939e-07
      vertex 84.8598 26.5329 7.62939e-07
    endloop
  endfacet
  facet normal -0.325857 0.660647 -0.676285
    outer loop
      vertex 84.8734 26.5396 7.62939e-07
      vertex 84.4549 27.5104 1.15
      vertex 84.625 27.5943 1.15
    endloop
  endfacet
  facet normal -0.722524 0.143657 -0.676256
    outer loop
      vertex 86.3865 28.5226 7.62939e-07
      vertex 86.3255 28.2158 7.62939e-07
      vertex 85.3376 28.6607 1.15
    endloop
  endfacet
  facet normal -0.610619 0.411925 -0.67636
    outer loop
      vertex 85.0504 27.9673 1.15
      vertex 85.8982 27.3358 7.62939e-07
      vertex 85.8897 27.3232 7.62939e-07
    endloop
  endfacet
  facet normal -0.612631 0.409068 -0.676274
    outer loop
      vertex 85.8982 27.3358 7.62939e-07
      vertex 85.0504 27.9673 1.15
      vertex 85.1557 28.125 1.15
    endloop
  endfacet
  facet normal -0.485764 0.553813 -0.676258
    outer loop
      vertex 85.662 27.0666 7.62939e-07
      vertex 85.4268 26.8603 7.62939e-07
      vertex 84.7827 27.6996 1.15
    endloop
  endfacet
  facet normal -0.553813 0.485764 -0.676258
    outer loop
      vertex 85.8897 27.3232 7.62939e-07
      vertex 85.6834 27.088 7.62939e-07
      vertex 85.0504 27.9673 1.15
    endloop
  endfacet
  facet normal -0.697629 0.236624 -0.676257
    outer loop
      vertex 86.3225 28.2009 7.62939e-07
      vertex 86.222 27.9046 7.62939e-07
      vertex 85.3006 28.4747 1.15
    endloop
  endfacet
  facet normal -0.722503 0.143724 -0.676264
    outer loop
      vertex 86.3255 28.2158 7.62939e-07
      vertex 85.3006 28.4747 1.15
      vertex 85.3376 28.6607 1.15
    endloop
  endfacet
  facet normal -0.722128 0.145395 -0.676307
    outer loop
      vertex 85.3006 28.4747 1.15
      vertex 86.3255 28.2158 7.62939e-07
      vertex 86.3225 28.2009 7.62939e-07
    endloop
  endfacet
  facet normal -0.697501 0.236902 -0.676292
    outer loop
      vertex 86.222 27.9046 7.62939e-07
      vertex 85.2396 28.2951 1.15
      vertex 85.3006 28.4747 1.15
    endloop
  endfacet
  facet normal -0.697357 0.237295 -0.676302
    outer loop
      vertex 85.2396 28.2951 1.15
      vertex 86.222 27.9046 7.62939e-07
      vertex 86.2171 27.8902 7.62939e-07
    endloop
  endfacet
  facet normal -0.409213 -0.612537 -0.676271
    outer loop
      vertex 85.204 8.17199 7.62939e-07
      vertex 85.4642 7.99816 7.62939e-07
      vertex 84.675 7.25574 1.15
    endloop
  endfacet
  facet normal -0.0481937 -0.735076 -0.67627
    outer loop
      vertex 83.9651 8.50701 7.62939e-07
      vertex 83.95 7.45 1.15
      vertex 83.95 8.508 7.62939e-07
    endloop
  endfacet
  facet normal -0.0481509 -0.735077 -0.676271
    outer loop
      vertex 83.95 7.45 1.15
      vertex 83.9651 8.50701 7.62939e-07
      vertex 84.1393 7.4376 1.15
    endloop
  endfacet
  facet normal -0.735073 0.048264 -0.676268
    outer loop
      vertex 86.458 6 7.62939e-07
      vertex 86.4375 5.68778 7.62939e-07
      vertex 85.4 6 1.15
    endloop
  endfacet
  facet normal -0.735091 0.0481619 -0.676256
    outer loop
      vertex 86.4375 5.68778 7.62939e-07
      vertex 85.3876 5.81074 1.15
      vertex 85.4 6 1.15
    endloop
  endfacet
  facet normal -0.735056 0.0485506 -0.676266
    outer loop
      vertex 85.3876 5.81074 1.15
      vertex 86.4375 5.68778 7.62939e-07
      vertex 86.4365 5.67264 7.62939e-07
    endloop
  endfacet
  facet normal 0.485757 0.553806 -0.676268
    outer loop
      vertex 82.9247 4.9747 1.15
      vertex 82.4118 4.02028 7.62939e-07
      vertex 82.1766 4.22658 7.62939e-07
    endloop
  endfacet
  facet normal 0.660912 0.325357 -0.676268
    outer loop
      vertex 81.7713 4.75961 7.62939e-07
      vertex 82.6943 5.275 1.15
      vertex 81.778 4.746 7.62939e-07
    endloop
  endfacet
  facet normal 0.660658 0.325843 -0.676282
    outer loop
      vertex 82.6943 5.275 1.15
      vertex 81.7713 4.75961 7.62939e-07
      vertex 82.6104 5.44511 1.15
    endloop
  endfacet
  facet normal -0.40962 -0.612243 -0.676291
    outer loop
      vertex 84.8327 7.15036 1.15
      vertex 85.4642 7.99816 7.62939e-07
      vertex 85.4768 7.98973 7.62939e-07
    endloop
  endfacet
  facet normal -0.40928 -0.612482 -0.676281
    outer loop
      vertex 85.4642 7.99816 7.62939e-07
      vertex 84.8327 7.15036 1.15
      vertex 84.675 7.25574 1.15
    endloop
  endfacet
  facet normal 0.486056 0.55355 -0.676263
    outer loop
      vertex 82.4118 4.02028 7.62939e-07
      vertex 83.0673 4.84964 1.15
      vertex 82.4232 4.01027 7.62939e-07
    endloop
  endfacet
  facet normal 0.485714 0.553836 -0.676275
    outer loop
      vertex 83.0673 4.84964 1.15
      vertex 82.4118 4.02028 7.62939e-07
      vertex 82.9247 4.9747 1.15
    endloop
  endfacet
  facet normal 0.735091 0.0481619 -0.676256
    outer loop
      vertex 82.5124 5.81074 1.15
      vertex 81.4625 5.68778 7.62939e-07
      vertex 82.5 6 1.15
    endloop
  endfacet
  facet normal 0.735056 0.0485506 -0.676266
    outer loop
      vertex 81.4625 5.68778 7.62939e-07
      vertex 82.5124 5.81074 1.15
      vertex 81.4635 5.67264 7.62939e-07
    endloop
  endfacet
  facet normal -0.0481814 -0.735079 -0.676268
    outer loop
      vertex 84.2774 8.48654 7.62939e-07
      vertex 84.1393 7.4376 1.15
      vertex 83.9651 8.50701 7.62939e-07
    endloop
  endfacet
  facet normal -0.409211 0.612534 -0.676275
    outer loop
      vertex 85.4768 4.01027 7.62939e-07
      vertex 85.2166 3.83644 7.62939e-07
      vertex 84.8327 4.84964 1.15
    endloop
  endfacet
  facet normal 0.143722 0.722497 -0.676271
    outer loop
      vertex 83.6226 3.51346 7.62939e-07
      vertex 83.5747 4.59941 1.15
      vertex 83.7607 4.56241 1.15
    endloop
  endfacet
  facet normal 0.144486 0.722432 -0.676178
    outer loop
      vertex 83.5747 4.59941 1.15
      vertex 83.6226 3.51346 7.62939e-07
      vertex 83.6078 3.51642 7.62939e-07
    endloop
  endfacet
  facet normal -0.72253 -0.143621 -0.676257
    outer loop
      vertex 86.3755 6.63424 7.62939e-07
      vertex 86.4365 6.32736 7.62939e-07
      vertex 85.3876 6.18926 1.15
    endloop
  endfacet
  facet normal 0.722505 0.143701 -0.676267
    outer loop
      vertex 82.5494 5.62471 1.15
      vertex 81.5245 5.36576 7.62939e-07
      vertex 82.5124 5.81074 1.15
    endloop
  endfacet
  facet normal 0.722083 0.145581 -0.676315
    outer loop
      vertex 81.5245 5.36576 7.62939e-07
      vertex 82.5494 5.62471 1.15
      vertex 81.5275 5.35088 7.62939e-07
    endloop
  endfacet
  facet normal 0.735056 -0.0485506 -0.676266
    outer loop
      vertex 82.5124 6.18926 1.15
      vertex 81.4625 6.31222 7.62939e-07
      vertex 81.4635 6.32736 7.62939e-07
    endloop
  endfacet
  facet normal 0.735091 -0.0481619 -0.676256
    outer loop
      vertex 81.4625 6.31222 7.62939e-07
      vertex 82.5124 6.18926 1.15
      vertex 82.5 6 1.15
    endloop
  endfacet
  facet normal 0.325837 0.660669 -0.676275
    outer loop
      vertex 83.3951 4.66038 1.15
      vertex 82.9902 3.68291 7.62939e-07
      vertex 82.7096 3.8213 7.62939e-07
    endloop
  endfacet
  facet normal -0.735056 -0.0485506 -0.676266
    outer loop
      vertex 86.4375 6.31222 7.62939e-07
      vertex 85.3876 6.18926 1.15
      vertex 86.4365 6.32736 7.62939e-07
    endloop
  endfacet
  facet normal -0.735091 -0.0481619 -0.676256
    outer loop
      vertex 85.3876 6.18926 1.15
      vertex 86.4375 6.31222 7.62939e-07
      vertex 85.4 6 1.15
    endloop
  endfacet
  facet normal 0.61253 0.409201 -0.676286
    outer loop
      vertex 82.6943 5.275 1.15
      vertex 81.9518 4.48584 7.62939e-07
      vertex 81.778 4.746 7.62939e-07
    endloop
  endfacet
  facet normal 0.735073 -0.048264 -0.676268
    outer loop
      vertex 81.4625 6.31222 7.62939e-07
      vertex 82.5 6 1.15
      vertex 81.442 6 7.62939e-07
    endloop
  endfacet
  facet normal 0.48569 -0.553853 -0.676278
    outer loop
      vertex 82.4118 7.97973 7.62939e-07
      vertex 83.0673 7.15036 1.15
      vertex 82.9247 7.02531 1.15
    endloop
  endfacet
  facet normal 0.485774 -0.553783 -0.676275
    outer loop
      vertex 83.0673 7.15036 1.15
      vertex 82.4118 7.97973 7.62939e-07
      vertex 82.4232 7.98973 7.62939e-07
    endloop
  endfacet
  facet normal -0.722083 -0.145581 -0.676315
    outer loop
      vertex 86.3755 6.63424 7.62939e-07
      vertex 85.3506 6.37529 1.15
      vertex 86.3725 6.64912 7.62939e-07
    endloop
  endfacet
  facet normal -0.722505 -0.143701 -0.676267
    outer loop
      vertex 85.3506 6.37529 1.15
      vertex 86.3755 6.63424 7.62939e-07
      vertex 85.3876 6.18926 1.15
    endloop
  endfacet
  facet normal 0.325832 -0.660675 -0.676271
    outer loop
      vertex 82.9766 8.31038 7.62939e-07
      vertex 83.3951 7.33963 1.15
      vertex 83.225 7.25574 1.15
    endloop
  endfacet
  facet normal 0.32594 -0.660625 -0.676268
    outer loop
      vertex 83.3951 7.33963 1.15
      vertex 82.9766 8.31038 7.62939e-07
      vertex 82.9902 8.31709 7.62939e-07
    endloop
  endfacet
  facet normal 0.236768 -0.697569 -0.676268
    outer loop
      vertex 83.3009 8.42254 7.62939e-07
      vertex 83.5747 7.40059 1.15
      vertex 83.0046 8.32197 7.62939e-07
    endloop
  endfacet
  facet normal -0.485753 -0.553801 -0.676276
    outer loop
      vertex 85.4768 7.98973 7.62939e-07
      vertex 85.712 7.78343 7.62939e-07
      vertex 84.8327 7.15036 1.15
    endloop
  endfacet
  facet normal -0.325837 0.660669 -0.676275
    outer loop
      vertex 85.1904 3.8213 7.62939e-07
      vertex 84.9098 3.68291 7.62939e-07
      vertex 84.5049 4.66038 1.15
    endloop
  endfacet
  facet normal 0.697528 0.236841 -0.676284
    outer loop
      vertex 82.6104 5.44511 1.15
      vertex 81.6329 5.04023 7.62939e-07
      vertex 81.5323 5.33651 7.62939e-07
    endloop
  endfacet
  facet normal -0.697194 -0.237735 -0.676315
    outer loop
      vertex 86.272 6.9454 7.62939e-07
      vertex 85.2896 6.55489 1.15
      vertex 86.2671 6.95977 7.62939e-07
    endloop
  endfacet
  facet normal -0.6975 -0.236901 -0.676293
    outer loop
      vertex 85.2896 6.55489 1.15
      vertex 86.272 6.9454 7.62939e-07
      vertex 85.3506 6.37529 1.15
    endloop
  endfacet
  facet normal 0.72253 0.143621 -0.676257
    outer loop
      vertex 82.5124 5.81074 1.15
      vertex 81.5245 5.36576 7.62939e-07
      vertex 81.4635 5.67264 7.62939e-07
    endloop
  endfacet
  facet normal 0.325801 0.660691 -0.67627
    outer loop
      vertex 82.7096 3.8213 7.62939e-07
      vertex 83.225 4.74426 1.15
      vertex 83.3951 4.66038 1.15
    endloop
  endfacet
  facet normal 0.325938 0.66062 -0.676274
    outer loop
      vertex 83.225 4.74426 1.15
      vertex 82.7096 3.8213 7.62939e-07
      vertex 82.696 3.82801 7.62939e-07
    endloop
  endfacet
  facet normal -0.697622 -0.236638 -0.676259
    outer loop
      vertex 86.272 6.9454 7.62939e-07
      vertex 86.3725 6.64912 7.62939e-07
      vertex 85.3506 6.37529 1.15
    endloop
  endfacet
  facet normal -0.735073 -0.048264 -0.676268
    outer loop
      vertex 86.4375 6.31222 7.62939e-07
      vertex 86.458 6 7.62939e-07
      vertex 85.4 6 1.15
    endloop
  endfacet
  facet normal 0.325839 -0.660672 -0.67627
    outer loop
      vertex 82.9766 8.31038 7.62939e-07
      vertex 83.225 7.25574 1.15
      vertex 82.696 8.17199 7.62939e-07
    endloop
  endfacet
  facet normal 0.40928 -0.612482 -0.676281
    outer loop
      vertex 83.0673 7.15036 1.15
      vertex 82.4358 7.99816 7.62939e-07
      vertex 83.225 7.25574 1.15
    endloop
  endfacet
  facet normal 0.40962 -0.612243 -0.676291
    outer loop
      vertex 82.4358 7.99816 7.62939e-07
      vertex 83.0673 7.15036 1.15
      vertex 82.4232 7.98973 7.62939e-07
    endloop
  endfacet
  facet normal -0.660659 0.325833 -0.676286
    outer loop
      vertex 86.2604 5.02662 7.62939e-07
      vertex 86.122 4.746 7.62939e-07
      vertex 85.2057 5.275 1.15
    endloop
  endfacet
  facet normal 0.610781 0.411708 -0.676346
    outer loop
      vertex 81.9518 4.48584 7.62939e-07
      vertex 82.7996 5.1173 1.15
      vertex 81.9603 4.47323 7.62939e-07
    endloop
  endfacet
  facet normal 0.612637 0.409072 -0.676267
    outer loop
      vertex 82.7996 5.1173 1.15
      vertex 81.9518 4.48584 7.62939e-07
      vertex 82.6943 5.275 1.15
    endloop
  endfacet
  facet normal 0.660663 -0.325835 -0.676281
    outer loop
      vertex 81.7713 7.24039 7.62939e-07
      vertex 82.6104 6.55489 1.15
      vertex 81.6329 6.95977 7.62939e-07
    endloop
  endfacet
  facet normal 0.0481937 0.735076 -0.67627
    outer loop
      vertex 83.9349 3.49299 7.62939e-07
      vertex 83.95 4.55 1.15
      vertex 83.95 3.492 7.62939e-07
    endloop
  endfacet
  facet normal 0.0481896 0.735076 -0.67627
    outer loop
      vertex 83.95 4.55 1.15
      vertex 83.9349 3.49299 7.62939e-07
      vertex 83.7607 4.56241 1.15
    endloop
  endfacet
  facet normal -0.236769 -0.697568 -0.676268
    outer loop
      vertex 84.8954 8.32197 7.62939e-07
      vertex 84.5049 7.33963 1.15
      vertex 84.3253 7.40059 1.15
    endloop
  endfacet
  facet normal -0.236439 -0.697689 -0.676259
    outer loop
      vertex 84.5049 7.33963 1.15
      vertex 84.8954 8.32197 7.62939e-07
      vertex 84.9098 8.31709 7.62939e-07
    endloop
  endfacet
  facet normal -0.143761 -0.722493 -0.676266
    outer loop
      vertex 84.2774 8.48654 7.62939e-07
      vertex 84.3253 7.40059 1.15
      vertex 84.1393 7.4376 1.15
    endloop
  endfacet
  facet normal -0.144486 -0.722432 -0.676178
    outer loop
      vertex 84.3253 7.40059 1.15
      vertex 84.2774 8.48654 7.62939e-07
      vertex 84.2922 8.48358 7.62939e-07
    endloop
  endfacet
  facet normal 0.409213 -0.612537 -0.676271
    outer loop
      vertex 82.696 8.17199 7.62939e-07
      vertex 83.225 7.25574 1.15
      vertex 82.4358 7.99816 7.62939e-07
    endloop
  endfacet
  facet normal 0.722083 -0.145581 -0.676315
    outer loop
      vertex 82.5494 6.37529 1.15
      vertex 81.5245 6.63424 7.62939e-07
      vertex 81.5275 6.64912 7.62939e-07
    endloop
  endfacet
  facet normal 0.722505 -0.143701 -0.676267
    outer loop
      vertex 81.5245 6.63424 7.62939e-07
      vertex 82.5494 6.37529 1.15
      vertex 82.5124 6.18926 1.15
    endloop
  endfacet
  facet normal 0.409211 0.612534 -0.676275
    outer loop
      vertex 83.0673 4.84964 1.15
      vertex 82.6834 3.83644 7.62939e-07
      vertex 82.4232 4.01027 7.62939e-07
    endloop
  endfacet
  facet normal -0.325839 -0.660672 -0.67627
    outer loop
      vertex 84.9234 8.31038 7.62939e-07
      vertex 85.204 8.17199 7.62939e-07
      vertex 84.675 7.25574 1.15
    endloop
  endfacet
  facet normal 0.409639 0.612271 -0.676255
    outer loop
      vertex 82.6834 3.83644 7.62939e-07
      vertex 83.225 4.74426 1.15
      vertex 82.696 3.82801 7.62939e-07
    endloop
  endfacet
  facet normal 0.409287 0.612494 -0.676265
    outer loop
      vertex 83.225 4.74426 1.15
      vertex 82.6834 3.83644 7.62939e-07
      vertex 83.0673 4.84964 1.15
    endloop
  endfacet
  facet normal -0.553782 -0.485787 -0.676267
    outer loop
      vertex 84.9753 7.02531 1.15
      vertex 85.7334 7.76202 7.62939e-07
      vertex 85.1004 6.8827 1.15
    endloop
  endfacet
  facet normal -0.553789 -0.48578 -0.676266
    outer loop
      vertex 85.7334 7.76202 7.62939e-07
      vertex 84.9753 7.02531 1.15
      vertex 85.7234 7.77342 7.62939e-07
    endloop
  endfacet
  facet normal -0.486047 -0.55354 -0.676279
    outer loop
      vertex 84.9753 7.02531 1.15
      vertex 85.712 7.78343 7.62939e-07
      vertex 85.7234 7.77342 7.62939e-07
    endloop
  endfacet
  facet normal -0.485697 -0.553861 -0.676267
    outer loop
      vertex 85.712 7.78343 7.62939e-07
      vertex 84.9753 7.02531 1.15
      vertex 84.8327 7.15036 1.15
    endloop
  endfacet
  facet normal 0.553776 0.485816 -0.676251
    outer loop
      vertex 81.9703 4.46182 7.62939e-07
      vertex 82.7996 5.1173 1.15
      vertex 82.9247 4.9747 1.15
    endloop
  endfacet
  facet normal 0.554004 0.485542 -0.67626
    outer loop
      vertex 82.7996 5.1173 1.15
      vertex 81.9703 4.46182 7.62939e-07
      vertex 81.9603 4.47323 7.62939e-07
    endloop
  endfacet
  facet normal -0.553867 -0.485708 -0.676253
    outer loop
      vertex 85.7334 7.76202 7.62939e-07
      vertex 85.9397 7.52677 7.62939e-07
      vertex 85.1004 6.8827 1.15
    endloop
  endfacet
  facet normal 0.72253 -0.143621 -0.676257
    outer loop
      vertex 81.5245 6.63424 7.62939e-07
      vertex 82.5124 6.18926 1.15
      vertex 81.4635 6.32736 7.62939e-07
    endloop
  endfacet
  facet normal -0.0481812 0.735075 -0.676271
    outer loop
      vertex 84.1393 4.56241 1.15
      vertex 84.2774 3.51346 7.62939e-07
      vertex 83.9651 3.49299 7.62939e-07
    endloop
  endfacet
  facet normal 0.55385 -0.485714 -0.676263
    outer loop
      vertex 82.1766 7.77342 7.62939e-07
      vertex 82.9247 7.02531 1.15
      vertex 81.9703 7.53818 7.62939e-07
    endloop
  endfacet
  facet normal 0.485772 -0.553795 -0.676266
    outer loop
      vertex 82.4118 7.97973 7.62939e-07
      vertex 82.9247 7.02531 1.15
      vertex 82.1766 7.77342 7.62939e-07
    endloop
  endfacet
  facet normal 0.553849 0.485712 -0.676266
    outer loop
      vertex 82.9247 4.9747 1.15
      vertex 82.1766 4.22658 7.62939e-07
      vertex 81.9703 4.46182 7.62939e-07
    endloop
  endfacet
  facet normal -0.61253 -0.409201 -0.676286
    outer loop
      vertex 85.9482 7.51416 7.62939e-07
      vertex 86.122 7.254 7.62939e-07
      vertex 85.2057 6.725 1.15
    endloop
  endfacet
  facet normal 0.660658 -0.325843 -0.676282
    outer loop
      vertex 81.7713 7.24039 7.62939e-07
      vertex 82.6943 6.725 1.15
      vertex 82.6104 6.55489 1.15
    endloop
  endfacet
  facet normal 0.660912 -0.325357 -0.676268
    outer loop
      vertex 82.6943 6.725 1.15
      vertex 81.7713 7.24039 7.62939e-07
      vertex 81.778 7.254 7.62939e-07
    endloop
  endfacet
  facet normal -0.486045 0.553538 -0.676281
    outer loop
      vertex 85.712 4.21657 7.62939e-07
      vertex 84.9753 4.9747 1.15
      vertex 85.7234 4.22658 7.62939e-07
    endloop
  endfacet
  facet normal -0.485717 0.55384 -0.67627
    outer loop
      vertex 84.9753 4.9747 1.15
      vertex 85.712 4.21657 7.62939e-07
      vertex 84.8327 4.84964 1.15
    endloop
  endfacet
  facet normal 0.236768 0.697569 -0.676268
    outer loop
      vertex 83.5747 4.59941 1.15
      vertex 83.3009 3.57746 7.62939e-07
      vertex 83.0046 3.67803 7.62939e-07
    endloop
  endfacet
  facet normal -0.236768 -0.697569 -0.676268
    outer loop
      vertex 84.5991 8.42254 7.62939e-07
      vertex 84.8954 8.32197 7.62939e-07
      vertex 84.3253 7.40059 1.15
    endloop
  endfacet
  facet normal -0.236768 0.697569 -0.676268
    outer loop
      vertex 84.8954 3.67803 7.62939e-07
      vertex 84.5991 3.57746 7.62939e-07
      vertex 84.3253 4.59941 1.15
    endloop
  endfacet
  facet normal 0.0481812 0.735075 -0.676271
    outer loop
      vertex 83.7607 4.56241 1.15
      vertex 83.9349 3.49299 7.62939e-07
      vertex 83.6226 3.51346 7.62939e-07
    endloop
  endfacet
  facet normal 0.0481509 -0.735077 -0.676271
    outer loop
      vertex 83.9349 8.50701 7.62939e-07
      vertex 83.95 7.45 1.15
      vertex 83.7607 7.4376 1.15
    endloop
  endfacet
  facet normal 0.0481937 -0.735076 -0.67627
    outer loop
      vertex 83.95 7.45 1.15
      vertex 83.9349 8.50701 7.62939e-07
      vertex 83.95 8.508 7.62939e-07
    endloop
  endfacet
  facet normal 0.236439 -0.697689 -0.676259
    outer loop
      vertex 83.0046 8.32197 7.62939e-07
      vertex 83.3951 7.33963 1.15
      vertex 82.9902 8.31709 7.62939e-07
    endloop
  endfacet
  facet normal 0.236769 -0.697568 -0.676268
    outer loop
      vertex 83.3951 7.33963 1.15
      vertex 83.0046 8.32197 7.62939e-07
      vertex 83.5747 7.40059 1.15
    endloop
  endfacet
  facet normal -0.485753 0.553801 -0.676276
    outer loop
      vertex 85.712 4.21657 7.62939e-07
      vertex 85.4768 4.01027 7.62939e-07
      vertex 84.8327 4.84964 1.15
    endloop
  endfacet
  facet normal -0.409639 0.612271 -0.676255
    outer loop
      vertex 84.675 4.74426 1.15
      vertex 85.2166 3.83644 7.62939e-07
      vertex 85.204 3.82801 7.62939e-07
    endloop
  endfacet
  facet normal -0.409287 0.612494 -0.676265
    outer loop
      vertex 85.2166 3.83644 7.62939e-07
      vertex 84.675 4.74426 1.15
      vertex 84.8327 4.84964 1.15
    endloop
  endfacet
  facet normal -0.61253 0.409201 -0.676286
    outer loop
      vertex 86.122 4.746 7.62939e-07
      vertex 85.9482 4.48584 7.62939e-07
      vertex 85.2057 5.275 1.15
    endloop
  endfacet
  facet normal 0.697528 -0.236841 -0.676284
    outer loop
      vertex 81.6329 6.95977 7.62939e-07
      vertex 82.6104 6.55489 1.15
      vertex 81.5323 6.66349 7.62939e-07
    endloop
  endfacet
  facet normal -0.325832 -0.660675 -0.676271
    outer loop
      vertex 84.5049 7.33963 1.15
      vertex 84.9234 8.31038 7.62939e-07
      vertex 84.675 7.25574 1.15
    endloop
  endfacet
  facet normal -0.32594 -0.660625 -0.676268
    outer loop
      vertex 84.9234 8.31038 7.62939e-07
      vertex 84.5049 7.33963 1.15
      vertex 84.9098 8.31709 7.62939e-07
    endloop
  endfacet
  facet normal -0.660887 -0.325345 -0.676298
    outer loop
      vertex 85.2896 6.55489 1.15
      vertex 86.2604 6.97338 7.62939e-07
      vertex 86.2671 6.95977 7.62939e-07
    endloop
  endfacet
  facet normal -0.660656 -0.325842 -0.676284
    outer loop
      vertex 86.2604 6.97338 7.62939e-07
      vertex 85.2896 6.55489 1.15
      vertex 85.2057 6.725 1.15
    endloop
  endfacet
  facet normal 0.698331 -0.233263 -0.676699
    outer loop
      vertex 82.6104 6.55489 1.15
      vertex 81.5275 6.64912 7.62939e-07
      vertex 81.5323 6.66349 7.62939e-07
    endloop
  endfacet
  facet normal 0.697537 -0.236914 -0.67625
    outer loop
      vertex 81.5275 6.64912 7.62939e-07
      vertex 82.6104 6.55489 1.15
      vertex 82.5494 6.37529 1.15
    endloop
  endfacet
  facet normal -0.0481896 0.735076 -0.67627
    outer loop
      vertex 83.9651 3.49299 7.62939e-07
      vertex 83.95 4.55 1.15
      vertex 84.1393 4.56241 1.15
    endloop
  endfacet
  facet normal -0.0481937 0.735076 -0.67627
    outer loop
      vertex 83.95 4.55 1.15
      vertex 83.9651 3.49299 7.62939e-07
      vertex 83.95 3.492 7.62939e-07
    endloop
  endfacet
  facet normal -0.1437 -0.722504 -0.676268
    outer loop
      vertex 84.5991 8.42254 7.62939e-07
      vertex 84.3253 7.40059 1.15
      vertex 84.2922 8.48358 7.62939e-07
    endloop
  endfacet
  facet normal 0.236803 0.697553 -0.676272
    outer loop
      vertex 83.0046 3.67803 7.62939e-07
      vertex 83.3951 4.66038 1.15
      vertex 83.5747 4.59941 1.15
    endloop
  endfacet
  facet normal 0.236438 0.697686 -0.676262
    outer loop
      vertex 83.3951 4.66038 1.15
      vertex 83.0046 3.67803 7.62939e-07
      vertex 82.9902 3.68291 7.62939e-07
    endloop
  endfacet
  facet normal 0.1437 0.722504 -0.676268
    outer loop
      vertex 83.5747 4.59941 1.15
      vertex 83.6078 3.51642 7.62939e-07
      vertex 83.3009 3.57746 7.62939e-07
    endloop
  endfacet
  facet normal 0.1437 -0.722504 -0.676268
    outer loop
      vertex 83.6078 8.48358 7.62939e-07
      vertex 83.5747 7.40059 1.15
      vertex 83.3009 8.42254 7.62939e-07
    endloop
  endfacet
  facet normal -0.1437 0.722504 -0.676268
    outer loop
      vertex 84.3253 4.59941 1.15
      vertex 84.5991 3.57746 7.62939e-07
      vertex 84.2922 3.51642 7.62939e-07
    endloop
  endfacet
  facet normal 0.0481814 -0.735079 -0.676268
    outer loop
      vertex 83.9349 8.50701 7.62939e-07
      vertex 83.7607 7.4376 1.15
      vertex 83.6226 8.48654 7.62939e-07
    endloop
  endfacet
  facet normal 0.144486 -0.722432 -0.676178
    outer loop
      vertex 83.6226 8.48654 7.62939e-07
      vertex 83.5747 7.40059 1.15
      vertex 83.6078 8.48358 7.62939e-07
    endloop
  endfacet
  facet normal 0.143761 -0.722493 -0.676266
    outer loop
      vertex 83.5747 7.40059 1.15
      vertex 83.6226 8.48654 7.62939e-07
      vertex 83.7607 7.4376 1.15
    endloop
  endfacet
  facet normal -0.236438 0.697686 -0.676262
    outer loop
      vertex 84.8954 3.67803 7.62939e-07
      vertex 84.5049 4.66038 1.15
      vertex 84.9098 3.68291 7.62939e-07
    endloop
  endfacet
  facet normal -0.236803 0.697553 -0.676272
    outer loop
      vertex 84.5049 4.66038 1.15
      vertex 84.8954 3.67803 7.62939e-07
      vertex 84.3253 4.59941 1.15
    endloop
  endfacet
  facet normal 0.735073 0.048264 -0.676268
    outer loop
      vertex 82.5 6 1.15
      vertex 81.4625 5.68778 7.62939e-07
      vertex 81.442 6 7.62939e-07
    endloop
  endfacet
  facet normal 0.61253 -0.409201 -0.676286
    outer loop
      vertex 81.9518 7.51416 7.62939e-07
      vertex 82.6943 6.725 1.15
      vertex 81.778 7.254 7.62939e-07
    endloop
  endfacet
  facet normal 0.612637 -0.409072 -0.676267
    outer loop
      vertex 81.9518 7.51416 7.62939e-07
      vertex 82.7996 6.8827 1.15
      vertex 82.6943 6.725 1.15
    endloop
  endfacet
  facet normal 0.610781 -0.411708 -0.676346
    outer loop
      vertex 82.7996 6.8827 1.15
      vertex 81.9518 7.51416 7.62939e-07
      vertex 81.9603 7.52677 7.62939e-07
    endloop
  endfacet
  facet normal -0.144486 0.722432 -0.676178
    outer loop
      vertex 84.2774 3.51346 7.62939e-07
      vertex 84.3253 4.59941 1.15
      vertex 84.2922 3.51642 7.62939e-07
    endloop
  endfacet
  facet normal -0.143722 0.722497 -0.676271
    outer loop
      vertex 84.3253 4.59941 1.15
      vertex 84.2774 3.51346 7.62939e-07
      vertex 84.1393 4.56241 1.15
    endloop
  endfacet
  facet normal -0.325938 0.66062 -0.676274
    outer loop
      vertex 85.1904 3.8213 7.62939e-07
      vertex 84.675 4.74426 1.15
      vertex 85.204 3.82801 7.62939e-07
    endloop
  endfacet
  facet normal -0.325801 0.660691 -0.67627
    outer loop
      vertex 84.675 4.74426 1.15
      vertex 85.1904 3.8213 7.62939e-07
      vertex 84.5049 4.66038 1.15
    endloop
  endfacet
  facet normal -0.553857 0.48572 -0.676253
    outer loop
      vertex 85.9397 4.47323 7.62939e-07
      vertex 85.7334 4.23799 7.62939e-07
      vertex 85.1004 5.1173 1.15
    endloop
  endfacet
  facet normal -0.72253 0.143621 -0.676257
    outer loop
      vertex 86.4365 5.67264 7.62939e-07
      vertex 86.3755 5.36576 7.62939e-07
      vertex 85.3876 5.81074 1.15
    endloop
  endfacet
  facet normal 0.553792 -0.485796 -0.676252
    outer loop
      vertex 82.7996 6.8827 1.15
      vertex 81.9703 7.53818 7.62939e-07
      vertex 82.9247 7.02531 1.15
    endloop
  endfacet
  facet normal 0.554004 -0.485542 -0.67626
    outer loop
      vertex 81.9703 7.53818 7.62939e-07
      vertex 82.7996 6.8827 1.15
      vertex 81.9603 7.52677 7.62939e-07
    endloop
  endfacet
  facet normal -0.612637 -0.409072 -0.676267
    outer loop
      vertex 85.1004 6.8827 1.15
      vertex 85.9482 7.51416 7.62939e-07
      vertex 85.2057 6.725 1.15
    endloop
  endfacet
  facet normal -0.610781 -0.411708 -0.676346
    outer loop
      vertex 85.9482 7.51416 7.62939e-07
      vertex 85.1004 6.8827 1.15
      vertex 85.9397 7.52677 7.62939e-07
    endloop
  endfacet
  facet normal -0.660659 -0.325833 -0.676286
    outer loop
      vertex 86.122 7.254 7.62939e-07
      vertex 86.2604 6.97338 7.62939e-07
      vertex 85.2057 6.725 1.15
    endloop
  endfacet
  facet normal 0.660663 0.325835 -0.676281
    outer loop
      vertex 82.6104 5.44511 1.15
      vertex 81.7713 4.75961 7.62939e-07
      vertex 81.6329 5.04023 7.62939e-07
    endloop
  endfacet
  facet normal 0.697537 0.236914 -0.67625
    outer loop
      vertex 82.6104 5.44511 1.15
      vertex 81.5275 5.35088 7.62939e-07
      vertex 82.5494 5.62471 1.15
    endloop
  endfacet
  facet normal 0.698331 0.233263 -0.676699
    outer loop
      vertex 81.5275 5.35088 7.62939e-07
      vertex 82.6104 5.44511 1.15
      vertex 81.5323 5.33651 7.62939e-07
    endloop
  endfacet
  facet normal -0.660887 0.325345 -0.676298
    outer loop
      vertex 86.2604 5.02662 7.62939e-07
      vertex 85.2896 5.44511 1.15
      vertex 86.2671 5.04023 7.62939e-07
    endloop
  endfacet
  facet normal -0.660656 0.325842 -0.676284
    outer loop
      vertex 85.2896 5.44511 1.15
      vertex 86.2604 5.02662 7.62939e-07
      vertex 85.2057 5.275 1.15
    endloop
  endfacet
  facet normal -0.610781 0.411708 -0.676346
    outer loop
      vertex 85.1004 5.1173 1.15
      vertex 85.9482 4.48584 7.62939e-07
      vertex 85.9397 4.47323 7.62939e-07
    endloop
  endfacet
  facet normal -0.612637 0.409072 -0.676267
    outer loop
      vertex 85.9482 4.48584 7.62939e-07
      vertex 85.1004 5.1173 1.15
      vertex 85.2057 5.275 1.15
    endloop
  endfacet
  facet normal -0.554005 0.485544 -0.676258
    outer loop
      vertex 84.9753 4.9747 1.15
      vertex 85.7334 4.23799 7.62939e-07
      vertex 85.7234 4.22658 7.62939e-07
    endloop
  endfacet
  facet normal -0.553764 0.485806 -0.676267
    outer loop
      vertex 85.7334 4.23799 7.62939e-07
      vertex 84.9753 4.9747 1.15
      vertex 85.1004 5.1173 1.15
    endloop
  endfacet
  facet normal -0.697622 0.236638 -0.676259
    outer loop
      vertex 86.3725 5.35088 7.62939e-07
      vertex 86.272 5.0546 7.62939e-07
      vertex 85.3506 5.62471 1.15
    endloop
  endfacet
  facet normal -0.722505 0.143701 -0.676267
    outer loop
      vertex 86.3755 5.36576 7.62939e-07
      vertex 85.3506 5.62471 1.15
      vertex 85.3876 5.81074 1.15
    endloop
  endfacet
  facet normal -0.722083 0.145581 -0.676315
    outer loop
      vertex 85.3506 5.62471 1.15
      vertex 86.3755 5.36576 7.62939e-07
      vertex 86.3725 5.35088 7.62939e-07
    endloop
  endfacet
  facet normal -0.6975 0.236901 -0.676293
    outer loop
      vertex 86.272 5.0546 7.62939e-07
      vertex 85.2896 5.44511 1.15
      vertex 85.3506 5.62471 1.15
    endloop
  endfacet
  facet normal -0.697194 0.237735 -0.676315
    outer loop
      vertex 85.2896 5.44511 1.15
      vertex 86.272 5.0546 7.62939e-07
      vertex 86.2671 5.04023 7.62939e-07
    endloop
  endfacet
  facet normal -0.735058 0.0486794 -0.676254
    outer loop
      vertex 144.257 28.8349 7.62939e-07
      vertex 143.2 28.85 1.15
      vertex 144.258 28.85 7.62939e-07
    endloop
  endfacet
  facet normal -0.735145 0.0466019 -0.676306
    outer loop
      vertex 143.2 28.85 1.15
      vertex 144.257 28.8349 7.62939e-07
      vertex 143.188 28.6607 1.15
    endloop
  endfacet
  facet normal -0.409378 -0.612418 -0.676279
    outer loop
      vertex 143.004 31.022 7.62939e-07
      vertex 143.264 30.8482 7.62939e-07
      vertex 142.475 30.1057 1.15
    endloop
  endfacet
  facet normal -0.612416 0.409532 -0.676188
    outer loop
      vertex 143.922 27.596 7.62939e-07
      vertex 143.748 27.3358 7.62939e-07
      vertex 143.006 28.125 1.15
    endloop
  endfacet
  facet normal 0.661131 0.325147 -0.676155
    outer loop
      vertex 140.41 28.2951 1.15
      vertex 139.571 27.6096 7.62939e-07
      vertex 139.433 27.8902 7.62939e-07
    endloop
  endfacet
  facet normal 0.144466 -0.72233 -0.67629
    outer loop
      vertex 141.116 31.2755 7.62939e-07
      vertex 141.375 30.2506 1.15
      vertex 141.101 31.2725 7.62939e-07
    endloop
  endfacet
  facet normal 0.143722 -0.722497 -0.676271
    outer loop
      vertex 141.375 30.2506 1.15
      vertex 141.116 31.2755 7.62939e-07
      vertex 141.561 30.2876 1.15
    endloop
  endfacet
  facet normal -0.661123 0.325142 -0.676165
    outer loop
      vertex 144.06 27.8766 7.62939e-07
      vertex 143.922 27.596 7.62939e-07
      vertex 143.006 28.125 1.15
    endloop
  endfacet
  facet normal 0.486899 0.552675 -0.676372
    outer loop
      vertex 139.988 27.0666 7.62939e-07
      vertex 140.725 27.8247 1.15
      vertex 140.867 27.6996 1.15
    endloop
  endfacet
  facet normal 0.495318 0.544849 -0.676609
    outer loop
      vertex 140.725 27.8247 1.15
      vertex 139.988 27.0666 7.62939e-07
      vertex 139.977 27.0766 7.62939e-07
    endloop
  endfacet
  facet normal -0.144466 0.72233 -0.67629
    outer loop
      vertex 142.384 26.4245 7.62939e-07
      vertex 142.125 27.4494 1.15
      vertex 142.399 26.4275 7.62939e-07
    endloop
  endfacet
  facet normal -0.143722 0.722497 -0.676271
    outer loop
      vertex 142.125 27.4494 1.15
      vertex 142.384 26.4245 7.62939e-07
      vertex 141.939 27.4124 1.15
    endloop
  endfacet
  facet normal -0.236328 -0.697707 -0.67628
    outer loop
      vertex 142.413 31.2677 7.62939e-07
      vertex 142.71 31.1671 7.62939e-07
      vertex 142.305 30.1896 1.15
    endloop
  endfacet
  facet normal -0.552983 -0.486682 -0.676277
    outer loop
      vertex 143.523 30.6234 7.62939e-07
      vertex 143.73 30.3882 7.62939e-07
      vertex 142.775 29.8753 1.15
    endloop
  endfacet
  facet normal 0.408472 -0.612902 -0.676388
    outer loop
      vertex 140.483 31.0136 7.62939e-07
      vertex 141.025 30.1057 1.15
      vertex 140.867 30.0004 1.15
    endloop
  endfacet
  facet normal 0.399624 -0.618466 -0.67661
    outer loop
      vertex 141.025 30.1057 1.15
      vertex 140.483 31.0136 7.62939e-07
      vertex 140.496 31.022 7.62939e-07
    endloop
  endfacet
  facet normal 0.697273 0.23768 -0.676253
    outer loop
      vertex 140.349 28.4747 1.15
      vertex 139.428 27.9046 7.62939e-07
      vertex 139.327 28.2009 7.62939e-07
    endloop
  endfacet
  facet normal 0.408588 0.613076 -0.676161
    outer loop
      vertex 140.236 26.8518 7.62939e-07
      vertex 140.867 27.6996 1.15
      vertex 141.025 27.5943 1.15
    endloop
  endfacet
  facet normal 0.403279 0.61678 -0.675979
    outer loop
      vertex 140.867 27.6996 1.15
      vertex 140.236 26.8518 7.62939e-07
      vertex 140.223 26.8603 7.62939e-07
    endloop
  endfacet
  facet normal -0.611288 -0.410885 -0.676388
    outer loop
      vertex 142.9 29.7327 1.15
      vertex 143.748 30.3642 7.62939e-07
      vertex 143.006 29.575 1.15
    endloop
  endfacet
  facet normal -0.622257 -0.395084 -0.6758
    outer loop
      vertex 143.748 30.3642 7.62939e-07
      vertex 142.9 29.7327 1.15
      vertex 143.74 30.3768 7.62939e-07
    endloop
  endfacet
  facet normal 0.697273 -0.23768 -0.676253
    outer loop
      vertex 139.428 29.7954 7.62939e-07
      vertex 140.349 29.2253 1.15
      vertex 139.327 29.4991 7.62939e-07
    endloop
  endfacet
  facet normal 0.048298 -0.735072 -0.676267
    outer loop
      vertex 141.75 31.358 7.62939e-07
      vertex 141.75 30.3 1.15
      vertex 141.438 31.3375 7.62939e-07
    endloop
  endfacet
  facet normal 0.69589 -0.241628 -0.676279
    outer loop
      vertex 140.41 29.4049 1.15
      vertex 139.428 29.7954 7.62939e-07
      vertex 139.433 29.8098 7.62939e-07
    endloop
  endfacet
  facet normal 0.697615 -0.236941 -0.67616
    outer loop
      vertex 139.428 29.7954 7.62939e-07
      vertex 140.41 29.4049 1.15
      vertex 140.349 29.2253 1.15
    endloop
  endfacet
  facet normal -0.228823 0.70048 -0.675994
    outer loop
      vertex 142.695 26.528 7.62939e-07
      vertex 142.305 27.5104 1.15
      vertex 142.71 26.5329 7.62939e-07
    endloop
  endfacet
  facet normal -0.23645 0.69772 -0.676223
    outer loop
      vertex 142.305 27.5104 1.15
      vertex 142.695 26.528 7.62939e-07
      vertex 142.125 27.4494 1.15
    endloop
  endfacet
  facet normal -0.655481 -0.33738 -0.675662
    outer loop
      vertex 143.09 29.4049 1.15
      vertex 144.06 29.8234 7.62939e-07
      vertex 144.067 29.8098 7.62939e-07
    endloop
  endfacet
  facet normal -0.660706 -0.326275 -0.676027
    outer loop
      vertex 144.06 29.8234 7.62939e-07
      vertex 143.09 29.4049 1.15
      vertex 143.006 29.575 1.15
    endloop
  endfacet
  facet normal 0.735164 -0.0470807 -0.676252
    outer loop
      vertex 139.263 29.1774 7.62939e-07
      vertex 140.312 29.0393 1.15
      vertex 139.243 28.8651 7.62939e-07
    endloop
  endfacet
  facet normal 0.553833 -0.485478 -0.676446
    outer loop
      vertex 140.6 29.7327 1.15
      vertex 139.77 30.3882 7.62939e-07
      vertex 140.725 29.8753 1.15
    endloop
  endfacet
  facet normal 0.553669 -0.485675 -0.67644
    outer loop
      vertex 139.77 30.3882 7.62939e-07
      vertex 140.6 29.7327 1.15
      vertex 139.76 30.3768 7.62939e-07
    endloop
  endfacet
  facet normal -0.049001 0.735015 -0.676278
    outer loop
      vertex 142.062 26.3625 7.62939e-07
      vertex 141.939 27.4124 1.15
      vertex 142.077 26.3635 7.62939e-07
    endloop
  endfacet
  facet normal -0.0482277 0.735084 -0.676258
    outer loop
      vertex 141.939 27.4124 1.15
      vertex 142.062 26.3625 7.62939e-07
      vertex 141.75 27.4 1.15
    endloop
  endfacet
  facet normal -0.0482277 -0.735084 -0.676258
    outer loop
      vertex 142.062 31.3375 7.62939e-07
      vertex 141.939 30.2876 1.15
      vertex 141.75 30.3 1.15
    endloop
  endfacet
  facet normal -0.049001 -0.735015 -0.676278
    outer loop
      vertex 141.939 30.2876 1.15
      vertex 142.062 31.3375 7.62939e-07
      vertex 142.077 31.3365 7.62939e-07
    endloop
  endfacet
  facet normal 0.486017 0.553631 -0.676225
    outer loop
      vertex 140.867 27.6996 1.15
      vertex 140.223 26.8603 7.62939e-07
      vertex 139.988 27.0666 7.62939e-07
    endloop
  endfacet
  facet normal -0.236835 0.697543 -0.676272
    outer loop
      vertex 142.695 26.528 7.62939e-07
      vertex 142.399 26.4275 7.62939e-07
      vertex 142.125 27.4494 1.15
    endloop
  endfacet
  facet normal 0.735058 0.0486794 -0.676254
    outer loop
      vertex 140.3 28.85 1.15
      vertex 139.243 28.8349 7.62939e-07
      vertex 139.242 28.85 7.62939e-07
    endloop
  endfacet
  facet normal 0.735145 0.0466019 -0.676306
    outer loop
      vertex 139.243 28.8349 7.62939e-07
      vertex 140.3 28.85 1.15
      vertex 140.312 28.6607 1.15
    endloop
  endfacet
  facet normal -0.612416 -0.409532 -0.676188
    outer loop
      vertex 143.748 30.3642 7.62939e-07
      vertex 143.922 30.104 7.62939e-07
      vertex 143.006 29.575 1.15
    endloop
  endfacet
  facet normal 0.697615 0.236941 -0.67616
    outer loop
      vertex 140.41 28.2951 1.15
      vertex 139.428 27.9046 7.62939e-07
      vertex 140.349 28.4747 1.15
    endloop
  endfacet
  facet normal 0.69589 0.241628 -0.676279
    outer loop
      vertex 139.428 27.9046 7.62939e-07
      vertex 140.41 28.2951 1.15
      vertex 139.433 27.8902 7.62939e-07
    endloop
  endfacet
  facet normal -0.143568 0.722545 -0.676252
    outer loop
      vertex 142.384 26.4245 7.62939e-07
      vertex 142.077 26.3635 7.62939e-07
      vertex 141.939 27.4124 1.15
    endloop
  endfacet
  facet normal 0.048298 0.735072 -0.676267
    outer loop
      vertex 141.75 27.4 1.15
      vertex 141.75 26.342 7.62939e-07
      vertex 141.438 26.3625 7.62939e-07
    endloop
  endfacet
  facet normal 0.735145 -0.0466019 -0.676306
    outer loop
      vertex 140.3 28.85 1.15
      vertex 139.243 28.8651 7.62939e-07
      vertex 140.312 29.0393 1.15
    endloop
  endfacet
  facet normal 0.735058 -0.0486794 -0.676254
    outer loop
      vertex 139.243 28.8651 7.62939e-07
      vertex 140.3 28.85 1.15
      vertex 139.242 28.85 7.62939e-07
    endloop
  endfacet
  facet normal -0.735164 0.0470807 -0.676252
    outer loop
      vertex 144.257 28.8349 7.62939e-07
      vertex 144.237 28.5226 7.62939e-07
      vertex 143.188 28.6607 1.15
    endloop
  endfacet
  facet normal -0.735058 -0.0486794 -0.676254
    outer loop
      vertex 143.2 28.85 1.15
      vertex 144.257 28.8651 7.62939e-07
      vertex 144.258 28.85 7.62939e-07
    endloop
  endfacet
  facet normal -0.735145 -0.0466019 -0.676306
    outer loop
      vertex 144.257 28.8651 7.62939e-07
      vertex 143.2 28.85 1.15
      vertex 143.188 29.0393 1.15
    endloop
  endfacet
  facet normal -0.661123 -0.325142 -0.676165
    outer loop
      vertex 143.922 30.104 7.62939e-07
      vertex 144.06 29.8234 7.62939e-07
      vertex 143.006 29.575 1.15
    endloop
  endfacet
  facet normal 0.409556 -0.612333 -0.676249
    outer loop
      vertex 140.483 31.0136 7.62939e-07
      vertex 140.867 30.0004 1.15
      vertex 140.223 30.8397 7.62939e-07
    endloop
  endfacet
  facet normal 0.612202 0.40939 -0.676468
    outer loop
      vertex 140.6 27.9673 1.15
      vertex 139.76 27.3232 7.62939e-07
      vertex 139.586 27.5834 7.62939e-07
    endloop
  endfacet
  facet normal 0.143722 0.722497 -0.676271
    outer loop
      vertex 141.116 26.4245 7.62939e-07
      vertex 141.375 27.4494 1.15
      vertex 141.561 27.4124 1.15
    endloop
  endfacet
  facet normal 0.144466 0.72233 -0.67629
    outer loop
      vertex 141.375 27.4494 1.15
      vertex 141.116 26.4245 7.62939e-07
      vertex 141.101 26.4275 7.62939e-07
    endloop
  endfacet
  facet normal -0.487064 -0.552862 -0.676101
    outer loop
      vertex 142.633 30.0004 1.15
      vertex 143.288 30.8297 7.62939e-07
      vertex 142.775 29.8753 1.15
    endloop
  endfacet
  facet normal -0.495849 -0.545434 -0.675748
    outer loop
      vertex 143.288 30.8297 7.62939e-07
      vertex 142.633 30.0004 1.15
      vertex 143.277 30.8397 7.62939e-07
    endloop
  endfacet
  facet normal 0.487064 -0.552862 -0.676101
    outer loop
      vertex 140.212 30.8297 7.62939e-07
      vertex 140.867 30.0004 1.15
      vertex 140.725 29.8753 1.15
    endloop
  endfacet
  facet normal 0.495849 -0.545434 -0.675748
    outer loop
      vertex 140.867 30.0004 1.15
      vertex 140.212 30.8297 7.62939e-07
      vertex 140.223 30.8397 7.62939e-07
    endloop
  endfacet
  facet normal -0.495318 0.544849 -0.676609
    outer loop
      vertex 143.512 27.0666 7.62939e-07
      vertex 142.775 27.8247 1.15
      vertex 143.523 27.0766 7.62939e-07
    endloop
  endfacet
  facet normal -0.486899 0.552675 -0.676372
    outer loop
      vertex 142.775 27.8247 1.15
      vertex 143.512 27.0666 7.62939e-07
      vertex 142.633 27.6996 1.15
    endloop
  endfacet
  facet normal -0.048298 -0.735072 -0.676267
    outer loop
      vertex 141.75 31.358 7.62939e-07
      vertex 142.062 31.3375 7.62939e-07
      vertex 141.75 30.3 1.15
    endloop
  endfacet
  facet normal 0.337667 0.655174 -0.675816
    outer loop
      vertex 140.777 26.5396 7.62939e-07
      vertex 141.195 27.5104 1.15
      vertex 140.79 26.5329 7.62939e-07
    endloop
  endfacet
  facet normal 0.326044 0.660638 -0.676204
    outer loop
      vertex 141.195 27.5104 1.15
      vertex 140.777 26.5396 7.62939e-07
      vertex 141.025 27.5943 1.15
    endloop
  endfacet
  facet normal -0.735164 -0.0470807 -0.676252
    outer loop
      vertex 144.237 29.1774 7.62939e-07
      vertex 144.257 28.8651 7.62939e-07
      vertex 143.188 29.0393 1.15
    endloop
  endfacet
  facet normal -0.486002 -0.553613 -0.67625
    outer loop
      vertex 143.288 30.8297 7.62939e-07
      vertex 143.523 30.6234 7.62939e-07
      vertex 142.775 29.8753 1.15
    endloop
  endfacet
  facet normal -0.722251 0.146402 -0.675959
    outer loop
      vertex 143.151 28.4747 1.15
      vertex 144.237 28.5226 7.62939e-07
      vertex 144.234 28.5078 7.62939e-07
    endloop
  endfacet
  facet normal -0.722481 0.143719 -0.676288
    outer loop
      vertex 144.237 28.5226 7.62939e-07
      vertex 143.151 28.4747 1.15
      vertex 143.188 28.6607 1.15
    endloop
  endfacet
  facet normal -0.403279 -0.61678 -0.675979
    outer loop
      vertex 142.633 30.0004 1.15
      vertex 143.264 30.8482 7.62939e-07
      vertex 143.277 30.8397 7.62939e-07
    endloop
  endfacet
  facet normal -0.408588 -0.613076 -0.676161
    outer loop
      vertex 143.264 30.8482 7.62939e-07
      vertex 142.633 30.0004 1.15
      vertex 142.475 30.1057 1.15
    endloop
  endfacet
  facet normal 0.735164 0.0470807 -0.676252
    outer loop
      vertex 140.312 28.6607 1.15
      vertex 139.263 28.5226 7.62939e-07
      vertex 139.243 28.8349 7.62939e-07
    endloop
  endfacet
  facet normal -0.622257 0.395084 -0.6758
    outer loop
      vertex 142.9 27.9673 1.15
      vertex 143.748 27.3358 7.62939e-07
      vertex 143.74 27.3232 7.62939e-07
    endloop
  endfacet
  facet normal -0.611288 0.410885 -0.676388
    outer loop
      vertex 143.748 27.3358 7.62939e-07
      vertex 142.9 27.9673 1.15
      vertex 143.006 28.125 1.15
    endloop
  endfacet
  facet normal -0.697273 0.23768 -0.676253
    outer loop
      vertex 144.173 28.2009 7.62939e-07
      vertex 144.072 27.9046 7.62939e-07
      vertex 143.151 28.4747 1.15
    endloop
  endfacet
  facet normal -0.552899 0.486607 -0.676399
    outer loop
      vertex 143.74 27.3232 7.62939e-07
      vertex 143.533 27.088 7.62939e-07
      vertex 142.9 27.9673 1.15
    endloop
  endfacet
  facet normal -0.722509 0.143607 -0.676282
    outer loop
      vertex 144.234 28.5078 7.62939e-07
      vertex 144.173 28.2009 7.62939e-07
      vertex 143.151 28.4747 1.15
    endloop
  endfacet
  facet normal -0.409378 0.612418 -0.676279
    outer loop
      vertex 143.264 26.8518 7.62939e-07
      vertex 143.004 26.678 7.62939e-07
      vertex 142.475 27.5943 1.15
    endloop
  endfacet
  facet normal 0.722509 -0.143607 -0.676282
    outer loop
      vertex 139.327 29.4991 7.62939e-07
      vertex 140.349 29.2253 1.15
      vertex 139.266 29.1922 7.62939e-07
    endloop
  endfacet
  facet normal 0.326416 -0.660379 -0.676278
    outer loop
      vertex 140.79 31.1671 7.62939e-07
      vertex 141.195 30.1896 1.15
      vertex 140.51 31.0287 7.62939e-07
    endloop
  endfacet
  facet normal -0.697273 -0.23768 -0.676253
    outer loop
      vertex 144.072 29.7954 7.62939e-07
      vertex 144.173 29.4991 7.62939e-07
      vertex 143.151 29.2253 1.15
    endloop
  endfacet
  facet normal 0.552899 0.486607 -0.676399
    outer loop
      vertex 140.6 27.9673 1.15
      vertex 139.967 27.088 7.62939e-07
      vertex 139.76 27.3232 7.62939e-07
    endloop
  endfacet
  facet normal -0.143568 -0.722545 -0.676252
    outer loop
      vertex 142.077 31.3365 7.62939e-07
      vertex 142.384 31.2755 7.62939e-07
      vertex 141.939 30.2876 1.15
    endloop
  endfacet
  facet normal -0.326416 -0.660379 -0.676278
    outer loop
      vertex 142.71 31.1671 7.62939e-07
      vertex 142.99 31.0287 7.62939e-07
      vertex 142.305 30.1896 1.15
    endloop
  endfacet
  facet normal -0.318118 -0.664724 -0.675975
    outer loop
      vertex 142.475 30.1057 1.15
      vertex 142.99 31.0287 7.62939e-07
      vertex 143.004 31.022 7.62939e-07
    endloop
  endfacet
  facet normal -0.326035 -0.66062 -0.676227
    outer loop
      vertex 142.99 31.0287 7.62939e-07
      vertex 142.475 30.1057 1.15
      vertex 142.305 30.1896 1.15
    endloop
  endfacet
  facet normal -0.553669 -0.485675 -0.67644
    outer loop
      vertex 142.9 29.7327 1.15
      vertex 143.73 30.3882 7.62939e-07
      vertex 143.74 30.3768 7.62939e-07
    endloop
  endfacet
  facet normal -0.553833 -0.485478 -0.676446
    outer loop
      vertex 143.73 30.3882 7.62939e-07
      vertex 142.9 29.7327 1.15
      vertex 142.775 29.8753 1.15
    endloop
  endfacet
  facet normal 0.552983 -0.486682 -0.676277
    outer loop
      vertex 139.977 30.6234 7.62939e-07
      vertex 140.725 29.8753 1.15
      vertex 139.77 30.3882 7.62939e-07
    endloop
  endfacet
  facet normal 0.049001 -0.735015 -0.676278
    outer loop
      vertex 141.438 31.3375 7.62939e-07
      vertex 141.561 30.2876 1.15
      vertex 141.423 31.3365 7.62939e-07
    endloop
  endfacet
  facet normal 0.0482277 -0.735084 -0.676258
    outer loop
      vertex 141.561 30.2876 1.15
      vertex 141.438 31.3375 7.62939e-07
      vertex 141.75 30.3 1.15
    endloop
  endfacet
  facet normal -0.143722 -0.722497 -0.676271
    outer loop
      vertex 142.384 31.2755 7.62939e-07
      vertex 142.125 30.2506 1.15
      vertex 141.939 30.2876 1.15
    endloop
  endfacet
  facet normal -0.144466 -0.72233 -0.67629
    outer loop
      vertex 142.125 30.2506 1.15
      vertex 142.384 31.2755 7.62939e-07
      vertex 142.399 31.2725 7.62939e-07
    endloop
  endfacet
  facet normal -0.337667 0.655174 -0.675816
    outer loop
      vertex 142.305 27.5104 1.15
      vertex 142.723 26.5396 7.62939e-07
      vertex 142.71 26.5329 7.62939e-07
    endloop
  endfacet
  facet normal -0.326044 0.660638 -0.676204
    outer loop
      vertex 142.723 26.5396 7.62939e-07
      vertex 142.305 27.5104 1.15
      vertex 142.475 27.5943 1.15
    endloop
  endfacet
  facet normal 0.661131 -0.325147 -0.676155
    outer loop
      vertex 139.571 30.0904 7.62939e-07
      vertex 140.41 29.4049 1.15
      vertex 139.433 29.8098 7.62939e-07
    endloop
  endfacet
  facet normal -0.722251 -0.146402 -0.675959
    outer loop
      vertex 144.237 29.1774 7.62939e-07
      vertex 143.151 29.2253 1.15
      vertex 144.234 29.1922 7.62939e-07
    endloop
  endfacet
  facet normal -0.722481 -0.143719 -0.676288
    outer loop
      vertex 143.151 29.2253 1.15
      vertex 144.237 29.1774 7.62939e-07
      vertex 143.188 29.0393 1.15
    endloop
  endfacet
  facet normal 0.325484 0.660845 -0.676273
    outer loop
      vertex 141.025 27.5943 1.15
      vertex 140.777 26.5396 7.62939e-07
      vertex 140.496 26.678 7.62939e-07
    endloop
  endfacet
  facet normal 0.143568 -0.722545 -0.676252
    outer loop
      vertex 141.423 31.3365 7.62939e-07
      vertex 141.561 30.2876 1.15
      vertex 141.116 31.2755 7.62939e-07
    endloop
  endfacet
  facet normal -0.048298 0.735072 -0.676267
    outer loop
      vertex 141.75 27.4 1.15
      vertex 142.062 26.3625 7.62939e-07
      vertex 141.75 26.342 7.62939e-07
    endloop
  endfacet
  facet normal 0.722509 0.143607 -0.676282
    outer loop
      vertex 140.349 28.4747 1.15
      vertex 139.327 28.2009 7.62939e-07
      vertex 139.266 28.5078 7.62939e-07
    endloop
  endfacet
  facet normal 0.722481 0.143719 -0.676288
    outer loop
      vertex 140.349 28.4747 1.15
      vertex 139.263 28.5226 7.62939e-07
      vertex 140.312 28.6607 1.15
    endloop
  endfacet
  facet normal 0.722251 0.146402 -0.675959
    outer loop
      vertex 139.263 28.5226 7.62939e-07
      vertex 140.349 28.4747 1.15
      vertex 139.266 28.5078 7.62939e-07
    endloop
  endfacet
  facet normal -0.655481 0.33738 -0.675662
    outer loop
      vertex 144.06 27.8766 7.62939e-07
      vertex 143.09 28.2951 1.15
      vertex 144.067 27.8902 7.62939e-07
    endloop
  endfacet
  facet normal -0.660706 0.326275 -0.676027
    outer loop
      vertex 143.09 28.2951 1.15
      vertex 144.06 27.8766 7.62939e-07
      vertex 143.006 28.125 1.15
    endloop
  endfacet
  facet normal -0.553808 0.485797 -0.676238
    outer loop
      vertex 142.775 27.8247 1.15
      vertex 143.533 27.088 7.62939e-07
      vertex 143.523 27.0766 7.62939e-07
    endloop
  endfacet
  facet normal -0.553982 0.485608 -0.676231
    outer loop
      vertex 143.533 27.088 7.62939e-07
      vertex 142.775 27.8247 1.15
      vertex 142.9 27.9673 1.15
    endloop
  endfacet
  facet normal 0.612202 -0.40939 -0.676468
    outer loop
      vertex 139.76 30.3768 7.62939e-07
      vertex 140.6 29.7327 1.15
      vertex 139.586 30.1166 7.62939e-07
    endloop
  endfacet
  facet normal -0.325484 0.660845 -0.676273
    outer loop
      vertex 143.004 26.678 7.62939e-07
      vertex 142.723 26.5396 7.62939e-07
      vertex 142.475 27.5943 1.15
    endloop
  endfacet
  facet normal 0.239006 -0.697101 -0.675963
    outer loop
      vertex 141.101 31.2725 7.62939e-07
      vertex 141.195 30.1896 1.15
      vertex 141.087 31.2677 7.62939e-07
    endloop
  endfacet
  facet normal 0.236431 -0.697666 -0.676285
    outer loop
      vertex 141.195 30.1896 1.15
      vertex 141.101 31.2725 7.62939e-07
      vertex 141.375 30.2506 1.15
    endloop
  endfacet
  facet normal -0.403279 0.61678 -0.675979
    outer loop
      vertex 143.264 26.8518 7.62939e-07
      vertex 142.633 27.6996 1.15
      vertex 143.277 26.8603 7.62939e-07
    endloop
  endfacet
  facet normal -0.408588 0.613076 -0.676161
    outer loop
      vertex 142.633 27.6996 1.15
      vertex 143.264 26.8518 7.62939e-07
      vertex 142.475 27.5943 1.15
    endloop
  endfacet
  facet normal -0.486017 0.553631 -0.676225
    outer loop
      vertex 143.512 27.0666 7.62939e-07
      vertex 143.277 26.8603 7.62939e-07
      vertex 142.633 27.6996 1.15
    endloop
  endfacet
  facet normal 0.143568 0.722545 -0.676252
    outer loop
      vertex 141.561 27.4124 1.15
      vertex 141.423 26.3635 7.62939e-07
      vertex 141.116 26.4245 7.62939e-07
    endloop
  endfacet
  facet normal 0.486002 -0.553613 -0.67625
    outer loop
      vertex 140.212 30.8297 7.62939e-07
      vertex 140.725 29.8753 1.15
      vertex 139.977 30.6234 7.62939e-07
    endloop
  endfacet
  facet normal -0.236431 -0.697666 -0.676285
    outer loop
      vertex 142.399 31.2725 7.62939e-07
      vertex 142.305 30.1896 1.15
      vertex 142.125 30.2506 1.15
    endloop
  endfacet
  facet normal -0.239006 -0.697101 -0.675963
    outer loop
      vertex 142.305 30.1896 1.15
      vertex 142.399 31.2725 7.62939e-07
      vertex 142.413 31.2677 7.62939e-07
    endloop
  endfacet
  facet normal 0.660487 -0.326167 -0.676293
    outer loop
      vertex 139.571 30.0904 7.62939e-07
      vertex 140.494 29.575 1.15
      vertex 140.41 29.4049 1.15
    endloop
  endfacet
  facet normal 0.654756 -0.337007 -0.676551
    outer loop
      vertex 140.494 29.575 1.15
      vertex 139.571 30.0904 7.62939e-07
      vertex 139.578 30.104 7.62939e-07
    endloop
  endfacet
  facet normal -0.69589 -0.241628 -0.676279
    outer loop
      vertex 144.072 29.7954 7.62939e-07
      vertex 143.09 29.4049 1.15
      vertex 144.067 29.8098 7.62939e-07
    endloop
  endfacet
  facet normal -0.697615 -0.236941 -0.67616
    outer loop
      vertex 143.09 29.4049 1.15
      vertex 144.072 29.7954 7.62939e-07
      vertex 143.151 29.2253 1.15
    endloop
  endfacet
  facet normal -0.722509 -0.143607 -0.676282
    outer loop
      vertex 144.173 29.4991 7.62939e-07
      vertex 144.234 29.1922 7.62939e-07
      vertex 143.151 29.2253 1.15
    endloop
  endfacet
  facet normal -0.697615 0.236941 -0.67616
    outer loop
      vertex 144.072 27.9046 7.62939e-07
      vertex 143.09 28.2951 1.15
      vertex 143.151 28.4747 1.15
    endloop
  endfacet
  facet normal -0.69589 0.241628 -0.676279
    outer loop
      vertex 143.09 28.2951 1.15
      vertex 144.072 27.9046 7.62939e-07
      vertex 144.067 27.8902 7.62939e-07
    endloop
  endfacet
  facet normal 0.409378 0.612418 -0.676279
    outer loop
      vertex 141.025 27.5943 1.15
      vertex 140.496 26.678 7.62939e-07
      vertex 140.236 26.8518 7.62939e-07
    endloop
  endfacet
  facet normal 0.553808 0.485797 -0.676238
    outer loop
      vertex 139.967 27.088 7.62939e-07
      vertex 140.725 27.8247 1.15
      vertex 139.977 27.0766 7.62939e-07
    endloop
  endfacet
  facet normal 0.553982 0.485608 -0.676231
    outer loop
      vertex 140.725 27.8247 1.15
      vertex 139.967 27.088 7.62939e-07
      vertex 140.6 27.9673 1.15
    endloop
  endfacet
  facet normal 0.611382 -0.410948 -0.676265
    outer loop
      vertex 140.494 29.575 1.15
      vertex 139.586 30.1166 7.62939e-07
      vertex 140.6 29.7327 1.15
    endloop
  endfacet
  facet normal 0.621593 -0.394662 -0.676657
    outer loop
      vertex 139.586 30.1166 7.62939e-07
      vertex 140.494 29.575 1.15
      vertex 139.578 30.104 7.62939e-07
    endloop
  endfacet
  facet normal 0.326035 -0.66062 -0.676227
    outer loop
      vertex 141.025 30.1057 1.15
      vertex 140.51 31.0287 7.62939e-07
      vertex 141.195 30.1896 1.15
    endloop
  endfacet
  facet normal 0.318118 -0.664724 -0.675975
    outer loop
      vertex 140.51 31.0287 7.62939e-07
      vertex 141.025 30.1057 1.15
      vertex 140.496 31.022 7.62939e-07
    endloop
  endfacet
  facet normal 0.722251 -0.146402 -0.675959
    outer loop
      vertex 140.349 29.2253 1.15
      vertex 139.263 29.1774 7.62939e-07
      vertex 139.266 29.1922 7.62939e-07
    endloop
  endfacet
  facet normal 0.722481 -0.143719 -0.676288
    outer loop
      vertex 139.263 29.1774 7.62939e-07
      vertex 140.349 29.2253 1.15
      vertex 140.312 29.0393 1.15
    endloop
  endfacet
  facet normal 0.0482277 0.735084 -0.676258
    outer loop
      vertex 141.438 26.3625 7.62939e-07
      vertex 141.561 27.4124 1.15
      vertex 141.75 27.4 1.15
    endloop
  endfacet
  facet normal 0.049001 0.735015 -0.676278
    outer loop
      vertex 141.561 27.4124 1.15
      vertex 141.438 26.3625 7.62939e-07
      vertex 141.423 26.3635 7.62939e-07
    endloop
  endfacet
  facet normal 0.236328 -0.697707 -0.67628
    outer loop
      vertex 141.087 31.2677 7.62939e-07
      vertex 141.195 30.1896 1.15
      vertex 140.79 31.1671 7.62939e-07
    endloop
  endfacet
  facet normal 0.654756 0.337007 -0.676551
    outer loop
      vertex 139.571 27.6096 7.62939e-07
      vertex 140.494 28.125 1.15
      vertex 139.578 27.596 7.62939e-07
    endloop
  endfacet
  facet normal 0.660487 0.326167 -0.676293
    outer loop
      vertex 140.494 28.125 1.15
      vertex 139.571 27.6096 7.62939e-07
      vertex 140.41 28.2951 1.15
    endloop
  endfacet
  facet normal 0.611382 0.410948 -0.676265
    outer loop
      vertex 139.586 27.5834 7.62939e-07
      vertex 140.494 28.125 1.15
      vertex 140.6 27.9673 1.15
    endloop
  endfacet
  facet normal 0.621593 0.394662 -0.676657
    outer loop
      vertex 140.494 28.125 1.15
      vertex 139.586 27.5834 7.62939e-07
      vertex 139.578 27.596 7.62939e-07
    endloop
  endfacet
  facet normal 0.23645 0.69772 -0.676223
    outer loop
      vertex 140.805 26.528 7.62939e-07
      vertex 141.195 27.5104 1.15
      vertex 141.375 27.4494 1.15
    endloop
  endfacet
  facet normal 0.228823 0.70048 -0.675994
    outer loop
      vertex 141.195 27.5104 1.15
      vertex 140.805 26.528 7.62939e-07
      vertex 140.79 26.5329 7.62939e-07
    endloop
  endfacet
  facet normal 0.236835 0.697543 -0.676272
    outer loop
      vertex 141.375 27.4494 1.15
      vertex 141.101 26.4275 7.62939e-07
      vertex 140.805 26.528 7.62939e-07
    endloop
  endfacet
  facet normal -0.735063 0.0485511 -0.676258
    outer loop
      vertex 144.257 5.93486 7.62939e-07
      vertex 143.2 5.95 1.15
      vertex 144.258 5.95 7.62939e-07
    endloop
  endfacet
  facet normal -0.735144 0.0466117 -0.676307
    outer loop
      vertex 143.2 5.95 1.15
      vertex 144.257 5.93486 7.62939e-07
      vertex 143.188 5.76074 1.15
    endloop
  endfacet
  facet normal 0.722505 0.143616 -0.676284
    outer loop
      vertex 140.349 5.57471 1.15
      vertex 139.327 5.30088 7.62939e-07
      vertex 139.266 5.60776 7.62939e-07
    endloop
  endfacet
  facet normal -0.611308 -0.410872 -0.676378
    outer loop
      vertex 142.9 6.83271 1.15
      vertex 143.748 7.46416 7.62939e-07
      vertex 143.006 6.675 1.15
    endloop
  endfacet
  facet normal -0.622413 -0.39487 -0.675781
    outer loop
      vertex 143.748 7.46416 7.62939e-07
      vertex 142.9 6.83271 1.15
      vertex 143.74 7.47677 7.62939e-07
    endloop
  endfacet
  facet normal -0.236269 0.697742 -0.676264
    outer loop
      vertex 142.71 3.63291 7.62939e-07
      vertex 142.413 3.53234 7.62939e-07
      vertex 142.305 4.61037 1.15
    endloop
  endfacet
  facet normal 0.722505 -0.143616 -0.676284
    outer loop
      vertex 139.327 6.59912 7.62939e-07
      vertex 140.349 6.32529 1.15
      vertex 139.266 6.29224 7.62939e-07
    endloop
  endfacet
  facet normal 0.72232 -0.145629 -0.676052
    outer loop
      vertex 140.349 6.32529 1.15
      vertex 139.263 6.27736 7.62939e-07
      vertex 139.266 6.29224 7.62939e-07
    endloop
  endfacet
  facet normal 0.722485 -0.143697 -0.676289
    outer loop
      vertex 139.263 6.27736 7.62939e-07
      vertex 140.349 6.32529 1.15
      vertex 140.312 6.13926 1.15
    endloop
  endfacet
  facet normal 0.0482272 -0.735076 -0.676267
    outer loop
      vertex 141.735 8.45701 7.62939e-07
      vertex 141.75 7.4 1.15
      vertex 141.561 7.3876 1.15
    endloop
  endfacet
  facet normal 0.0485142 -0.735064 -0.67626
    outer loop
      vertex 141.75 7.4 1.15
      vertex 141.735 8.45701 7.62939e-07
      vertex 141.75 8.458 7.62939e-07
    endloop
  endfacet
  facet normal 0.400652 0.617849 -0.676565
    outer loop
      vertex 140.483 3.78644 7.62939e-07
      vertex 141.025 4.69426 1.15
      vertex 140.496 3.77801 7.62939e-07
    endloop
  endfacet
  facet normal 0.408702 0.612782 -0.676359
    outer loop
      vertex 141.025 4.69426 1.15
      vertex 140.483 3.78644 7.62939e-07
      vertex 140.867 4.79964 1.15
    endloop
  endfacet
  facet normal -0.485999 0.55361 -0.676256
    outer loop
      vertex 143.523 4.17658 7.62939e-07
      vertex 143.288 3.97028 7.62939e-07
      vertex 142.775 4.9247 1.15
    endloop
  endfacet
  facet normal 0.143656 -0.722517 -0.676263
    outer loop
      vertex 141.423 8.43654 7.62939e-07
      vertex 141.561 7.3876 1.15
      vertex 141.116 8.3755 7.62939e-07
    endloop
  endfacet
  facet normal 0.697266 -0.237694 -0.676256
    outer loop
      vertex 139.428 6.8954 7.62939e-07
      vertex 140.349 6.32529 1.15
      vertex 139.327 6.59912 7.62939e-07
    endloop
  endfacet
  facet normal 0.61217 -0.409447 -0.676462
    outer loop
      vertex 139.76 7.47677 7.62939e-07
      vertex 140.6 6.83271 1.15
      vertex 139.586 7.21662 7.62939e-07
    endloop
  endfacet
  facet normal -0.143759 -0.722485 -0.676275
    outer loop
      vertex 142.384 8.3755 7.62939e-07
      vertex 142.125 7.35059 1.15
      vertex 141.939 7.3876 1.15
    endloop
  endfacet
  facet normal -0.142621 -0.722739 -0.676245
    outer loop
      vertex 142.125 7.35059 1.15
      vertex 142.384 8.3755 7.62939e-07
      vertex 142.399 8.37254 7.62939e-07
    endloop
  endfacet
  facet normal -0.697614 0.23694 -0.676161
    outer loop
      vertex 144.072 5.0046 7.62939e-07
      vertex 143.09 5.39511 1.15
      vertex 143.151 5.57471 1.15
    endloop
  endfacet
  facet normal -0.695724 0.242075 -0.67629
    outer loop
      vertex 143.09 5.39511 1.15
      vertex 144.072 5.0046 7.62939e-07
      vertex 144.067 4.99023 7.62939e-07
    endloop
  endfacet
  facet normal -0.142621 0.722739 -0.676245
    outer loop
      vertex 142.384 3.5245 7.62939e-07
      vertex 142.125 4.54941 1.15
      vertex 142.399 3.52746 7.62939e-07
    endloop
  endfacet
  facet normal -0.143722 0.722494 -0.676274
    outer loop
      vertex 142.125 4.54941 1.15
      vertex 142.384 3.5245 7.62939e-07
      vertex 141.939 4.51241 1.15
    endloop
  endfacet
  facet normal -0.143656 0.722514 -0.676266
    outer loop
      vertex 142.384 3.5245 7.62939e-07
      vertex 142.077 3.46346 7.62939e-07
      vertex 141.939 4.51241 1.15
    endloop
  endfacet
  facet normal -0.553022 0.486633 -0.67628
    outer loop
      vertex 143.73 4.41182 7.62939e-07
      vertex 143.523 4.17658 7.62939e-07
      vertex 142.775 4.9247 1.15
    endloop
  endfacet
  facet normal 0.660497 -0.326152 -0.676291
    outer loop
      vertex 139.571 7.19039 7.62939e-07
      vertex 140.494 6.675 1.15
      vertex 140.41 6.50489 1.15
    endloop
  endfacet
  facet normal 0.654861 -0.336813 -0.676546
    outer loop
      vertex 140.494 6.675 1.15
      vertex 139.571 7.19039 7.62939e-07
      vertex 139.578 7.204 7.62939e-07
    endloop
  endfacet
  facet normal 0.0482276 -0.735076 -0.676267
    outer loop
      vertex 141.735 8.45701 7.62939e-07
      vertex 141.561 7.3876 1.15
      vertex 141.423 8.43654 7.62939e-07
    endloop
  endfacet
  facet normal -0.697266 0.237694 -0.676256
    outer loop
      vertex 144.173 5.30088 7.62939e-07
      vertex 144.072 5.0046 7.62939e-07
      vertex 143.151 5.57471 1.15
    endloop
  endfacet
  facet normal -0.486006 -0.553618 -0.676243
    outer loop
      vertex 143.277 7.93973 7.62939e-07
      vertex 143.512 7.73343 7.62939e-07
      vertex 142.633 7.10036 1.15
    endloop
  endfacet
  facet normal -0.326402 0.660398 -0.676266
    outer loop
      vertex 142.99 3.7713 7.62939e-07
      vertex 142.71 3.63291 7.62939e-07
      vertex 142.305 4.61037 1.15
    endloop
  endfacet
  facet normal -0.661133 -0.325124 -0.676164
    outer loop
      vertex 143.922 7.204 7.62939e-07
      vertex 144.06 6.92338 7.62939e-07
      vertex 143.006 6.675 1.15
    endloop
  endfacet
  facet normal 0.326402 0.660398 -0.676266
    outer loop
      vertex 141.195 4.61037 1.15
      vertex 140.79 3.63291 7.62939e-07
      vertex 140.51 3.7713 7.62939e-07
    endloop
  endfacet
  facet normal -0.612388 0.409577 -0.676186
    outer loop
      vertex 143.922 4.696 7.62939e-07
      vertex 143.748 4.43584 7.62939e-07
      vertex 143.006 5.225 1.15
    endloop
  endfacet
  facet normal 0.722485 0.143697 -0.676289
    outer loop
      vertex 140.349 5.57471 1.15
      vertex 139.263 5.62264 7.62939e-07
      vertex 140.312 5.76074 1.15
    endloop
  endfacet
  facet normal 0.72232 0.145629 -0.676052
    outer loop
      vertex 139.263 5.62264 7.62939e-07
      vertex 140.349 5.57471 1.15
      vertex 139.266 5.60776 7.62939e-07
    endloop
  endfacet
  facet normal 0.236979 -0.697483 -0.676283
    outer loop
      vertex 141.101 8.37254 7.62939e-07
      vertex 141.375 7.35059 1.15
      vertex 140.805 8.27197 7.62939e-07
    endloop
  endfacet
  facet normal -0.0482276 -0.735076 -0.676267
    outer loop
      vertex 142.077 8.43654 7.62939e-07
      vertex 141.939 7.3876 1.15
      vertex 141.765 8.45701 7.62939e-07
    endloop
  endfacet
  facet normal 0.61139 -0.410928 -0.676269
    outer loop
      vertex 140.494 6.675 1.15
      vertex 139.586 7.21662 7.62939e-07
      vertex 140.6 6.83271 1.15
    endloop
  endfacet
  facet normal 0.621867 -0.39421 -0.676668
    outer loop
      vertex 139.586 7.21662 7.62939e-07
      vertex 140.494 6.675 1.15
      vertex 139.578 7.204 7.62939e-07
    endloop
  endfacet
  facet normal 0.227993 -0.700797 -0.675946
    outer loop
      vertex 140.805 8.27197 7.62939e-07
      vertex 141.195 7.28963 1.15
      vertex 140.79 8.26709 7.62939e-07
    endloop
  endfacet
  facet normal 0.236318 -0.697788 -0.6762
    outer loop
      vertex 141.195 7.28963 1.15
      vertex 140.805 8.27197 7.62939e-07
      vertex 141.375 7.35059 1.15
    endloop
  endfacet
  facet normal -0.735163 0.0470926 -0.676252
    outer loop
      vertex 144.257 5.93486 7.62939e-07
      vertex 144.237 5.62264 7.62939e-07
      vertex 143.188 5.76074 1.15
    endloop
  endfacet
  facet normal 0.661143 0.325129 -0.676152
    outer loop
      vertex 140.41 5.39511 1.15
      vertex 139.571 4.70961 7.62939e-07
      vertex 139.433 4.99023 7.62939e-07
    endloop
  endfacet
  facet normal -0.735163 -0.0470926 -0.676252
    outer loop
      vertex 144.237 6.27736 7.62939e-07
      vertex 144.257 5.96514 7.62939e-07
      vertex 143.188 6.13926 1.15
    endloop
  endfacet
  facet normal -0.326019 -0.660666 -0.676189
    outer loop
      vertex 142.305 7.28963 1.15
      vertex 142.723 8.26038 7.62939e-07
      vertex 142.475 7.20574 1.15
    endloop
  endfacet
  facet normal -0.338078 -0.654994 -0.675785
    outer loop
      vertex 142.723 8.26038 7.62939e-07
      vertex 142.305 7.28963 1.15
      vertex 142.71 8.26709 7.62939e-07
    endloop
  endfacet
  facet normal -0.72232 -0.145629 -0.676052
    outer loop
      vertex 144.237 6.27736 7.62939e-07
      vertex 143.151 6.32529 1.15
      vertex 144.234 6.29224 7.62939e-07
    endloop
  endfacet
  facet normal -0.722485 -0.143697 -0.676289
    outer loop
      vertex 143.151 6.32529 1.15
      vertex 144.237 6.27736 7.62939e-07
      vertex 143.188 6.13926 1.15
    endloop
  endfacet
  facet normal 0.496119 0.545185 -0.675751
    outer loop
      vertex 140.212 3.97028 7.62939e-07
      vertex 140.867 4.79964 1.15
      vertex 140.223 3.96027 7.62939e-07
    endloop
  endfacet
  facet normal 0.486965 0.552926 -0.67612
    outer loop
      vertex 140.867 4.79964 1.15
      vertex 140.212 3.97028 7.62939e-07
      vertex 140.725 4.9247 1.15
    endloop
  endfacet
  facet normal 0.486006 -0.553618 -0.676243
    outer loop
      vertex 140.223 7.93973 7.62939e-07
      vertex 140.867 7.10036 1.15
      vertex 139.988 7.73343 7.62939e-07
    endloop
  endfacet
  facet normal -0.409435 0.612398 -0.676262
    outer loop
      vertex 143.264 3.95184 7.62939e-07
      vertex 143.004 3.77801 7.62939e-07
      vertex 142.475 4.69426 1.15
    endloop
  endfacet
  facet normal 0.143722 0.722494 -0.676274
    outer loop
      vertex 141.116 3.5245 7.62939e-07
      vertex 141.375 4.54941 1.15
      vertex 141.561 4.51241 1.15
    endloop
  endfacet
  facet normal 0.142621 0.722739 -0.676245
    outer loop
      vertex 141.375 4.54941 1.15
      vertex 141.116 3.5245 7.62939e-07
      vertex 141.101 3.52746 7.62939e-07
    endloop
  endfacet
  facet normal -0.661133 0.325124 -0.676164
    outer loop
      vertex 144.06 4.97662 7.62939e-07
      vertex 143.922 4.696 7.62939e-07
      vertex 143.006 5.225 1.15
    endloop
  endfacet
  facet normal -0.0482275 0.735074 -0.676269
    outer loop
      vertex 141.75 4.5 1.15
      vertex 142.062 3.46247 7.62939e-07
      vertex 141.75 3.442 7.62939e-07
    endloop
  endfacet
  facet normal -0.400988 -0.618368 -0.675892
    outer loop
      vertex 142.633 7.10036 1.15
      vertex 143.264 7.94816 7.62939e-07
      vertex 143.277 7.93973 7.62939e-07
    endloop
  endfacet
  facet normal -0.408799 -0.612928 -0.676168
    outer loop
      vertex 143.264 7.94816 7.62939e-07
      vertex 142.633 7.10036 1.15
      vertex 142.475 7.20574 1.15
    endloop
  endfacet
  facet normal 0.612169 0.409446 -0.676464
    outer loop
      vertex 140.6 5.0673 1.15
      vertex 139.76 4.42323 7.62939e-07
      vertex 139.586 4.68338 7.62939e-07
    endloop
  endfacet
  facet normal -0.495582 -0.544595 -0.67662
    outer loop
      vertex 142.775 6.97531 1.15
      vertex 143.512 7.73343 7.62939e-07
      vertex 143.523 7.72342 7.62939e-07
    endloop
  endfacet
  facet normal -0.486788 -0.552771 -0.676374
    outer loop
      vertex 143.512 7.73343 7.62939e-07
      vertex 142.775 6.97531 1.15
      vertex 142.633 7.10036 1.15
    endloop
  endfacet
  facet normal 0.697266 0.237694 -0.676256
    outer loop
      vertex 140.349 5.57471 1.15
      vertex 139.428 5.0046 7.62939e-07
      vertex 139.327 5.30088 7.62939e-07
    endloop
  endfacet
  facet normal -0.325471 -0.660867 -0.676256
    outer loop
      vertex 142.723 8.26038 7.62939e-07
      vertex 143.004 8.12199 7.62939e-07
      vertex 142.475 7.20574 1.15
    endloop
  endfacet
  facet normal 0.142621 -0.722739 -0.676245
    outer loop
      vertex 141.116 8.3755 7.62939e-07
      vertex 141.375 7.35059 1.15
      vertex 141.101 8.37254 7.62939e-07
    endloop
  endfacet
  facet normal 0.143759 -0.722485 -0.676275
    outer loop
      vertex 141.375 7.35059 1.15
      vertex 141.116 8.3755 7.62939e-07
      vertex 141.561 7.3876 1.15
    endloop
  endfacet
  facet normal 0.236269 0.697742 -0.676264
    outer loop
      vertex 141.195 4.61037 1.15
      vertex 141.087 3.53234 7.62939e-07
      vertex 140.79 3.63291 7.62939e-07
    endloop
  endfacet
  facet normal -0.552955 -0.486553 -0.676393
    outer loop
      vertex 143.533 7.71202 7.62939e-07
      vertex 143.74 7.47677 7.62939e-07
      vertex 142.9 6.83271 1.15
    endloop
  endfacet
  facet normal -0.612388 -0.409577 -0.676186
    outer loop
      vertex 143.748 7.46416 7.62939e-07
      vertex 143.922 7.204 7.62939e-07
      vertex 143.006 6.675 1.15
    endloop
  endfacet
  facet normal -0.735063 -0.0485511 -0.676258
    outer loop
      vertex 143.2 5.95 1.15
      vertex 144.257 5.96514 7.62939e-07
      vertex 144.258 5.95 7.62939e-07
    endloop
  endfacet
  facet normal -0.735144 -0.0466117 -0.676307
    outer loop
      vertex 144.257 5.96514 7.62939e-07
      vertex 143.2 5.95 1.15
      vertex 143.188 6.13926 1.15
    endloop
  endfacet
  facet normal -0.143656 -0.722517 -0.676263
    outer loop
      vertex 142.077 8.43654 7.62939e-07
      vertex 142.384 8.3755 7.62939e-07
      vertex 141.939 7.3876 1.15
    endloop
  endfacet
  facet normal -0.655577 -0.337182 -0.675668
    outer loop
      vertex 143.09 6.50489 1.15
      vertex 144.06 6.92338 7.62939e-07
      vertex 144.067 6.90977 7.62939e-07
    endloop
  endfacet
  facet normal -0.660714 -0.32626 -0.676026
    outer loop
      vertex 144.06 6.92338 7.62939e-07
      vertex 143.09 6.50489 1.15
      vertex 143.006 6.675 1.15
    endloop
  endfacet
  facet normal -0.697266 -0.237694 -0.676256
    outer loop
      vertex 144.072 6.8954 7.62939e-07
      vertex 144.173 6.59912 7.62939e-07
      vertex 143.151 6.32529 1.15
    endloop
  endfacet
  facet normal -0.695724 -0.242075 -0.67629
    outer loop
      vertex 144.072 6.8954 7.62939e-07
      vertex 143.09 6.50489 1.15
      vertex 144.067 6.90977 7.62939e-07
    endloop
  endfacet
  facet normal -0.697614 -0.23694 -0.676161
    outer loop
      vertex 143.09 6.50489 1.15
      vertex 144.072 6.8954 7.62939e-07
      vertex 143.151 6.32529 1.15
    endloop
  endfacet
  facet normal 0.486788 -0.552771 -0.676374
    outer loop
      vertex 140.725 6.97531 1.15
      vertex 139.988 7.73343 7.62939e-07
      vertex 140.867 7.10036 1.15
    endloop
  endfacet
  facet normal 0.495582 -0.544595 -0.67662
    outer loop
      vertex 139.988 7.73343 7.62939e-07
      vertex 140.725 6.97531 1.15
      vertex 139.977 7.72342 7.62939e-07
    endloop
  endfacet
  facet normal -0.236318 -0.697788 -0.6762
    outer loop
      vertex 142.695 8.27197 7.62939e-07
      vertex 142.305 7.28963 1.15
      vertex 142.125 7.35059 1.15
    endloop
  endfacet
  facet normal -0.227993 -0.700797 -0.675946
    outer loop
      vertex 142.305 7.28963 1.15
      vertex 142.695 8.27197 7.62939e-07
      vertex 142.71 8.26709 7.62939e-07
    endloop
  endfacet
  facet normal -0.722505 -0.143616 -0.676284
    outer loop
      vertex 144.173 6.59912 7.62939e-07
      vertex 144.234 6.29224 7.62939e-07
      vertex 143.151 6.32529 1.15
    endloop
  endfacet
  facet normal 0.0482275 0.735074 -0.676269
    outer loop
      vertex 141.75 4.5 1.15
      vertex 141.75 3.442 7.62939e-07
      vertex 141.438 3.46247 7.62939e-07
    endloop
  endfacet
  facet normal -0.553878 0.485432 -0.676443
    outer loop
      vertex 143.73 4.41182 7.62939e-07
      vertex 142.9 5.0673 1.15
      vertex 143.74 4.42323 7.62939e-07
    endloop
  endfacet
  facet normal -0.553837 0.485481 -0.676442
    outer loop
      vertex 142.9 5.0673 1.15
      vertex 143.73 4.41182 7.62939e-07
      vertex 142.775 4.9247 1.15
    endloop
  endfacet
  facet normal -0.236979 -0.697483 -0.676283
    outer loop
      vertex 142.399 8.37254 7.62939e-07
      vertex 142.695 8.27197 7.62939e-07
      vertex 142.125 7.35059 1.15
    endloop
  endfacet
  facet normal 0.735163 -0.0470926 -0.676252
    outer loop
      vertex 139.263 6.27736 7.62939e-07
      vertex 140.312 6.13926 1.15
      vertex 139.243 5.96514 7.62939e-07
    endloop
  endfacet
  facet normal -0.048513 0.735046 -0.67628
    outer loop
      vertex 142.062 3.46247 7.62939e-07
      vertex 141.939 4.51241 1.15
      vertex 142.077 3.46346 7.62939e-07
    endloop
  endfacet
  facet normal -0.0482656 0.735068 -0.676273
    outer loop
      vertex 141.939 4.51241 1.15
      vertex 142.062 3.46247 7.62939e-07
      vertex 141.75 4.5 1.15
    endloop
  endfacet
  facet normal 0.735163 0.0470926 -0.676252
    outer loop
      vertex 140.312 5.76074 1.15
      vertex 139.263 5.62264 7.62939e-07
      vertex 139.243 5.93486 7.62939e-07
    endloop
  endfacet
  facet normal -0.318504 0.664539 -0.675976
    outer loop
      vertex 142.99 3.7713 7.62939e-07
      vertex 142.475 4.69426 1.15
      vertex 143.004 3.77801 7.62939e-07
    endloop
  endfacet
  facet normal -0.326009 0.660646 -0.676213
    outer loop
      vertex 142.475 4.69426 1.15
      vertex 142.99 3.7713 7.62939e-07
      vertex 142.305 4.61037 1.15
    endloop
  endfacet
  facet normal 0.326009 0.660646 -0.676213
    outer loop
      vertex 140.51 3.7713 7.62939e-07
      vertex 141.025 4.69426 1.15
      vertex 141.195 4.61037 1.15
    endloop
  endfacet
  facet normal 0.318504 0.664539 -0.675976
    outer loop
      vertex 141.025 4.69426 1.15
      vertex 140.51 3.7713 7.62939e-07
      vertex 140.496 3.77801 7.62939e-07
    endloop
  endfacet
  facet normal 0.552955 -0.486553 -0.676393
    outer loop
      vertex 139.967 7.71202 7.62939e-07
      vertex 140.6 6.83271 1.15
      vertex 139.76 7.47677 7.62939e-07
    endloop
  endfacet
  facet normal 0.143656 0.722514 -0.676266
    outer loop
      vertex 141.561 4.51241 1.15
      vertex 141.423 3.46346 7.62939e-07
      vertex 141.116 3.5245 7.62939e-07
    endloop
  endfacet
  facet normal 0.697614 0.23694 -0.676161
    outer loop
      vertex 140.41 5.39511 1.15
      vertex 139.428 5.0046 7.62939e-07
      vertex 140.349 5.57471 1.15
    endloop
  endfacet
  facet normal 0.695724 0.242075 -0.67629
    outer loop
      vertex 139.428 5.0046 7.62939e-07
      vertex 140.41 5.39511 1.15
      vertex 139.433 4.99023 7.62939e-07
    endloop
  endfacet
  facet normal -0.55398 -0.485607 -0.676234
    outer loop
      vertex 142.775 6.97531 1.15
      vertex 143.533 7.71202 7.62939e-07
      vertex 142.9 6.83271 1.15
    endloop
  endfacet
  facet normal -0.553807 -0.485795 -0.67624
    outer loop
      vertex 143.533 7.71202 7.62939e-07
      vertex 142.775 6.97531 1.15
      vertex 143.523 7.72342 7.62939e-07
    endloop
  endfacet
  facet normal 0.409434 0.612397 -0.676264
    outer loop
      vertex 140.867 4.79964 1.15
      vertex 140.483 3.78644 7.62939e-07
      vertex 140.223 3.96027 7.62939e-07
    endloop
  endfacet
  facet normal -0.622412 0.394869 -0.675782
    outer loop
      vertex 142.9 5.0673 1.15
      vertex 143.748 4.43584 7.62939e-07
      vertex 143.74 4.42323 7.62939e-07
    endloop
  endfacet
  facet normal -0.611294 0.410889 -0.67638
    outer loop
      vertex 143.748 4.43584 7.62939e-07
      vertex 142.9 5.0673 1.15
      vertex 143.006 5.225 1.15
    endloop
  endfacet
  facet normal -0.409435 -0.612398 -0.676262
    outer loop
      vertex 143.004 8.12199 7.62939e-07
      vertex 143.264 7.94816 7.62939e-07
      vertex 142.475 7.20574 1.15
    endloop
  endfacet
  facet normal 0.735144 -0.0466117 -0.676307
    outer loop
      vertex 140.3 5.95 1.15
      vertex 139.243 5.96514 7.62939e-07
      vertex 140.312 6.13926 1.15
    endloop
  endfacet
  facet normal 0.735063 -0.0485511 -0.676258
    outer loop
      vertex 139.243 5.96514 7.62939e-07
      vertex 140.3 5.95 1.15
      vertex 139.242 5.95 7.62939e-07
    endloop
  endfacet
  facet normal 0.695724 -0.242075 -0.67629
    outer loop
      vertex 140.41 6.50489 1.15
      vertex 139.428 6.8954 7.62939e-07
      vertex 139.433 6.90977 7.62939e-07
    endloop
  endfacet
  facet normal 0.697614 -0.23694 -0.676161
    outer loop
      vertex 139.428 6.8954 7.62939e-07
      vertex 140.41 6.50489 1.15
      vertex 140.349 6.32529 1.15
    endloop
  endfacet
  facet normal 0.611379 0.410946 -0.676269
    outer loop
      vertex 139.586 4.68338 7.62939e-07
      vertex 140.494 5.225 1.15
      vertex 140.6 5.0673 1.15
    endloop
  endfacet
  facet normal 0.621867 0.39421 -0.676668
    outer loop
      vertex 140.494 5.225 1.15
      vertex 139.586 4.68338 7.62939e-07
      vertex 139.578 4.696 7.62939e-07
    endloop
  endfacet
  facet normal -0.655577 0.337182 -0.675668
    outer loop
      vertex 144.06 4.97662 7.62939e-07
      vertex 143.09 5.39511 1.15
      vertex 144.067 4.99023 7.62939e-07
    endloop
  endfacet
  facet normal -0.660714 0.32626 -0.676026
    outer loop
      vertex 143.09 5.39511 1.15
      vertex 144.06 4.97662 7.62939e-07
      vertex 143.006 5.225 1.15
    endloop
  endfacet
  facet normal -0.722505 0.143616 -0.676284
    outer loop
      vertex 144.234 5.60776 7.62939e-07
      vertex 144.173 5.30088 7.62939e-07
      vertex 143.151 5.57471 1.15
    endloop
  endfacet
  facet normal -0.72232 0.145629 -0.676052
    outer loop
      vertex 143.151 5.57471 1.15
      vertex 144.237 5.62264 7.62939e-07
      vertex 144.234 5.60776 7.62939e-07
    endloop
  endfacet
  facet normal -0.722485 0.143697 -0.676289
    outer loop
      vertex 144.237 5.62264 7.62939e-07
      vertex 143.151 5.57471 1.15
      vertex 143.188 5.76074 1.15
    endloop
  endfacet
  facet normal 0.236286 0.697695 -0.676306
    outer loop
      vertex 141.101 3.52746 7.62939e-07
      vertex 141.195 4.61037 1.15
      vertex 141.375 4.54941 1.15
    endloop
  endfacet
  facet normal 0.242702 0.696277 -0.675495
    outer loop
      vertex 141.195 4.61037 1.15
      vertex 141.101 3.52746 7.62939e-07
      vertex 141.087 3.53234 7.62939e-07
    endloop
  endfacet
  facet normal 0.553837 0.485481 -0.676442
    outer loop
      vertex 139.77 4.41182 7.62939e-07
      vertex 140.6 5.0673 1.15
      vertex 140.725 4.9247 1.15
    endloop
  endfacet
  facet normal 0.553878 0.485432 -0.676443
    outer loop
      vertex 140.6 5.0673 1.15
      vertex 139.77 4.41182 7.62939e-07
      vertex 139.76 4.42323 7.62939e-07
    endloop
  endfacet
  facet normal -0.0485142 -0.735064 -0.67626
    outer loop
      vertex 141.765 8.45701 7.62939e-07
      vertex 141.75 7.4 1.15
      vertex 141.75 8.458 7.62939e-07
    endloop
  endfacet
  facet normal -0.0482272 -0.735076 -0.676267
    outer loop
      vertex 141.75 7.4 1.15
      vertex 141.765 8.45701 7.62939e-07
      vertex 141.939 7.3876 1.15
    endloop
  endfacet
  facet normal 0.735063 0.0485511 -0.676258
    outer loop
      vertex 140.3 5.95 1.15
      vertex 139.243 5.93486 7.62939e-07
      vertex 139.242 5.95 7.62939e-07
    endloop
  endfacet
  facet normal 0.735144 0.0466117 -0.676307
    outer loop
      vertex 139.243 5.93486 7.62939e-07
      vertex 140.3 5.95 1.15
      vertex 140.312 5.76074 1.15
    endloop
  endfacet
  facet normal 0.55398 -0.485607 -0.676234
    outer loop
      vertex 139.967 7.71202 7.62939e-07
      vertex 140.725 6.97531 1.15
      vertex 140.6 6.83271 1.15
    endloop
  endfacet
  facet normal 0.553807 -0.485795 -0.67624
    outer loop
      vertex 140.725 6.97531 1.15
      vertex 139.967 7.71202 7.62939e-07
      vertex 139.977 7.72342 7.62939e-07
    endloop
  endfacet
  facet normal -0.496119 0.545185 -0.675751
    outer loop
      vertex 142.633 4.79964 1.15
      vertex 143.288 3.97028 7.62939e-07
      vertex 143.277 3.96027 7.62939e-07
    endloop
  endfacet
  facet normal -0.486965 0.552926 -0.67612
    outer loop
      vertex 143.288 3.97028 7.62939e-07
      vertex 142.633 4.79964 1.15
      vertex 142.775 4.9247 1.15
    endloop
  endfacet
  facet normal -0.400988 0.618368 -0.675892
    outer loop
      vertex 143.264 3.95184 7.62939e-07
      vertex 142.633 4.79964 1.15
      vertex 143.277 3.96027 7.62939e-07
    endloop
  endfacet
  facet normal -0.408799 0.612928 -0.676168
    outer loop
      vertex 142.633 4.79964 1.15
      vertex 143.264 3.95184 7.62939e-07
      vertex 142.475 4.69426 1.15
    endloop
  endfacet
  facet normal -0.242702 0.696277 -0.675495
    outer loop
      vertex 142.399 3.52746 7.62939e-07
      vertex 142.305 4.61037 1.15
      vertex 142.413 3.53234 7.62939e-07
    endloop
  endfacet
  facet normal -0.236286 0.697695 -0.676306
    outer loop
      vertex 142.305 4.61037 1.15
      vertex 142.399 3.52746 7.62939e-07
      vertex 142.125 4.54941 1.15
    endloop
  endfacet
  facet normal 0.0482656 0.735068 -0.676273
    outer loop
      vertex 141.438 3.46247 7.62939e-07
      vertex 141.561 4.51241 1.15
      vertex 141.75 4.5 1.15
    endloop
  endfacet
  facet normal 0.048513 0.735046 -0.67628
    outer loop
      vertex 141.561 4.51241 1.15
      vertex 141.438 3.46247 7.62939e-07
      vertex 141.423 3.46346 7.62939e-07
    endloop
  endfacet
  facet normal 0.485999 0.55361 -0.676256
    outer loop
      vertex 140.725 4.9247 1.15
      vertex 140.212 3.97028 7.62939e-07
      vertex 139.977 4.17658 7.62939e-07
    endloop
  endfacet
  facet normal 0.553022 0.486633 -0.67628
    outer loop
      vertex 140.725 4.9247 1.15
      vertex 139.977 4.17658 7.62939e-07
      vertex 139.77 4.41182 7.62939e-07
    endloop
  endfacet
  facet normal 0.661143 -0.325129 -0.676152
    outer loop
      vertex 139.571 7.19039 7.62939e-07
      vertex 140.41 6.50489 1.15
      vertex 139.433 6.90977 7.62939e-07
    endloop
  endfacet
  facet normal 0.409435 -0.612398 -0.676262
    outer loop
      vertex 140.496 8.12199 7.62939e-07
      vertex 141.025 7.20574 1.15
      vertex 140.236 7.94816 7.62939e-07
    endloop
  endfacet
  facet normal 0.326019 -0.660666 -0.676189
    outer loop
      vertex 140.777 8.26038 7.62939e-07
      vertex 141.195 7.28963 1.15
      vertex 141.025 7.20574 1.15
    endloop
  endfacet
  facet normal 0.338078 -0.654994 -0.675785
    outer loop
      vertex 141.195 7.28963 1.15
      vertex 140.777 8.26038 7.62939e-07
      vertex 140.79 8.26709 7.62939e-07
    endloop
  endfacet
  facet normal 0.325471 -0.660867 -0.676256
    outer loop
      vertex 140.777 8.26038 7.62939e-07
      vertex 141.025 7.20574 1.15
      vertex 140.496 8.12199 7.62939e-07
    endloop
  endfacet
  facet normal 0.408799 -0.612928 -0.676168
    outer loop
      vertex 140.867 7.10036 1.15
      vertex 140.236 7.94816 7.62939e-07
      vertex 141.025 7.20574 1.15
    endloop
  endfacet
  facet normal 0.400988 -0.618368 -0.675892
    outer loop
      vertex 140.236 7.94816 7.62939e-07
      vertex 140.867 7.10036 1.15
      vertex 140.223 7.93973 7.62939e-07
    endloop
  endfacet
  facet normal 0.654861 0.336813 -0.676546
    outer loop
      vertex 139.571 4.70961 7.62939e-07
      vertex 140.494 5.225 1.15
      vertex 139.578 4.696 7.62939e-07
    endloop
  endfacet
  facet normal 0.660497 0.326152 -0.676291
    outer loop
      vertex 140.494 5.225 1.15
      vertex 139.571 4.70961 7.62939e-07
      vertex 140.41 5.39511 1.15
    endloop
  endfacet
  facet normal -1 0 0
    outer loop
      vertex 139 8.91 7.62939e-07
      vertex 139 3.6 2
      vertex 139 8.91 2
    endloop
  endfacet
  facet normal -1 0 0
    outer loop
      vertex 139 3.6 2
      vertex 139 2.3 2
      vertex 139 3.6 3.8
    endloop
  endfacet
  facet normal -1 0 0
    outer loop
      vertex 139 3.8147e-07 7.62939e-07
      vertex 139 3.6 2
      vertex 139 8.91 7.62939e-07
    endloop
  endfacet
  facet normal -1 -0 0
    outer loop
      vertex 139 3.6 2
      vertex 139 3.8147e-07 7.62939e-07
      vertex 139 2.3 2
    endloop
  endfacet
  facet normal -1 -0 0
    outer loop
      vertex 139 2.3 2
      vertex 139 3.8147e-07 7.62939e-07
      vertex 139 3.8147e-07 2
    endloop
  endfacet
  facet normal -1 -0 0
    outer loop
      vertex 139 3.6 3.8
      vertex 139 2.3 2
      vertex 139 2.3 3.8
    endloop
  endfacet
  facet normal 1 0 0
    outer loop
      vertex 86.6 3.6 3.8
      vertex 86.6 2.3 3.8
      vertex 86.6 3.6 2
    endloop
  endfacet
  facet normal 1 -0 0
    outer loop
      vertex 86.6 3.6 2
      vertex 86.6 8.91 7.62939e-07
      vertex 86.6 8.91 2
    endloop
  endfacet
  facet normal 1 0 0
    outer loop
      vertex 86.6 2.3 2
      vertex 86.6 3.6 2
      vertex 86.6 2.3 3.8
    endloop
  endfacet
  facet normal 1 0 0
    outer loop
      vertex 86.6 3.8147e-07 7.62939e-07
      vertex 86.6 3.6 2
      vertex 86.6 2.3 2
    endloop
  endfacet
  facet normal 1 0 0
    outer loop
      vertex 86.6 3.8147e-07 7.62939e-07
      vertex 86.6 2.3 2
      vertex 86.6 3.8147e-07 2
    endloop
  endfacet
  facet normal 1 0 0
    outer loop
      vertex 86.6 3.6 2
      vertex 86.6 3.8147e-07 7.62939e-07
      vertex 86.6 8.91 7.62939e-07
    endloop
  endfacet
  facet normal 0 -1 0
    outer loop
      vertex 86.6 8.91 7.62939e-07
      vertex 139 8.91 2
      vertex 86.6 8.91 2
    endloop
  endfacet
  facet normal 0 -1 -0
    outer loop
      vertex 139 8.91 2
      vertex 86.6 8.91 7.62939e-07
      vertex 139 8.91 7.62939e-07
    endloop
  endfacet
endsolid OpenSCAD_Model
